0.000000000000000000e+00
0.000000000000000000e+00
0.000000000000000000e+00
0.000000000000000000e+00
0.000000000000000000e+00
0.000000000000000000e+00
0.000000000000000000e+00
0.000000000000000000e+00
0.000000000000000000e+00
0.000000000000000000e+00
0.000000000000000000e+00
0.000000000000000000e+00
0.000000000000000000e+00
0.000000000000000000e+00
0.000000000000000000e+00
0.000000000000000000e+00
0.000000000000000000e+00
0.000000000000000000e+00
0.000000000000000000e+00
0.000000000000000000e+00
0.000000000000000000e+00
0.000000000000000000e+00
0.000000000000000000e+00
0.000000000000000000e+00
0.000000000000000000e+00
0.000000000000000000e+00
0.000000000000000000e+00
0.000000000000000000e+00
0.000000000000000000e+00
0.000000000000000000e+00
0.000000000000000000e+00
0.000000000000000000e+00
0.000000000000000000e+00
0.000000000000000000e+00
0.000000000000000000e+00
0.000000000000000000e+00
0.000000000000000000e+00
0.000000000000000000e+00
0.000000000000000000e+00
0.000000000000000000e+00
0.000000000000000000e+00
0.000000000000000000e+00
0.000000000000000000e+00
0.000000000000000000e+00
0.000000000000000000e+00
0.000000000000000000e+00
0.000000000000000000e+00
0.000000000000000000e+00
0.000000000000000000e+00
0.000000000000000000e+00
0.000000000000000000e+00
0.000000000000000000e+00
0.000000000000000000e+00
0.000000000000000000e+00
0.000000000000000000e+00
0.000000000000000000e+00
0.000000000000000000e+00
0.000000000000000000e+00
0.000000000000000000e+00
0.000000000000000000e+00
0.000000000000000000e+00
0.000000000000000000e+00
0.000000000000000000e+00
0.000000000000000000e+00
0.000000000000000000e+00
0.000000000000000000e+00
0.000000000000000000e+00
0.000000000000000000e+00
0.000000000000000000e+00
0.000000000000000000e+00
0.000000000000000000e+00
0.000000000000000000e+00
0.000000000000000000e+00
0.000000000000000000e+00
0.000000000000000000e+00
0.000000000000000000e+00
0.000000000000000000e+00
0.000000000000000000e+00
0.000000000000000000e+00
0.000000000000000000e+00
0.000000000000000000e+00
0.000000000000000000e+00
0.000000000000000000e+00
0.000000000000000000e+00
0.000000000000000000e+00
0.000000000000000000e+00
0.000000000000000000e+00
0.000000000000000000e+00
0.000000000000000000e+00
0.000000000000000000e+00
0.000000000000000000e+00
0.000000000000000000e+00
0.000000000000000000e+00
0.000000000000000000e+00
0.000000000000000000e+00
0.000000000000000000e+00
0.000000000000000000e+00
0.000000000000000000e+00
0.000000000000000000e+00
0.000000000000000000e+00
0.000000000000000000e+00
0.000000000000000000e+00
0.000000000000000000e+00
0.000000000000000000e+00
0.000000000000000000e+00
0.000000000000000000e+00
0.000000000000000000e+00
0.000000000000000000e+00
0.000000000000000000e+00
0.000000000000000000e+00
0.000000000000000000e+00
0.000000000000000000e+00
0.000000000000000000e+00
0.000000000000000000e+00
0.000000000000000000e+00
0.000000000000000000e+00
0.000000000000000000e+00
0.000000000000000000e+00
0.000000000000000000e+00
0.000000000000000000e+00
0.000000000000000000e+00
0.000000000000000000e+00
0.000000000000000000e+00
0.000000000000000000e+00
0.000000000000000000e+00
0.000000000000000000e+00
0.000000000000000000e+00
0.000000000000000000e+00
0.000000000000000000e+00
0.000000000000000000e+00
0.000000000000000000e+00
0.000000000000000000e+00
0.000000000000000000e+00
0.000000000000000000e+00
0.000000000000000000e+00
0.000000000000000000e+00
0.000000000000000000e+00
0.000000000000000000e+00
0.000000000000000000e+00
0.000000000000000000e+00
0.000000000000000000e+00
0.000000000000000000e+00
0.000000000000000000e+00
0.000000000000000000e+00
0.000000000000000000e+00
0.000000000000000000e+00
0.000000000000000000e+00
0.000000000000000000e+00
0.000000000000000000e+00
0.000000000000000000e+00
0.000000000000000000e+00
0.000000000000000000e+00
0.000000000000000000e+00
0.000000000000000000e+00
0.000000000000000000e+00
0.000000000000000000e+00
0.000000000000000000e+00
0.000000000000000000e+00
0.000000000000000000e+00
0.000000000000000000e+00
0.000000000000000000e+00
0.000000000000000000e+00
0.000000000000000000e+00
0.000000000000000000e+00
0.000000000000000000e+00
0.000000000000000000e+00
0.000000000000000000e+00
0.000000000000000000e+00
0.000000000000000000e+00
0.000000000000000000e+00
0.000000000000000000e+00
0.000000000000000000e+00
0.000000000000000000e+00
0.000000000000000000e+00
0.000000000000000000e+00
0.000000000000000000e+00
0.000000000000000000e+00
0.000000000000000000e+00
0.000000000000000000e+00
0.000000000000000000e+00
0.000000000000000000e+00
0.000000000000000000e+00
0.000000000000000000e+00
0.000000000000000000e+00
0.000000000000000000e+00
0.000000000000000000e+00
0.000000000000000000e+00
0.000000000000000000e+00
0.000000000000000000e+00
0.000000000000000000e+00
0.000000000000000000e+00
0.000000000000000000e+00
0.000000000000000000e+00
0.000000000000000000e+00
0.000000000000000000e+00
0.000000000000000000e+00
0.000000000000000000e+00
0.000000000000000000e+00
0.000000000000000000e+00
0.000000000000000000e+00
0.000000000000000000e+00
0.000000000000000000e+00
0.000000000000000000e+00
0.000000000000000000e+00
0.000000000000000000e+00
0.000000000000000000e+00
0.000000000000000000e+00
0.000000000000000000e+00
0.000000000000000000e+00
0.000000000000000000e+00
0.000000000000000000e+00
0.000000000000000000e+00
0.000000000000000000e+00
0.000000000000000000e+00
0.000000000000000000e+00
0.000000000000000000e+00
0.000000000000000000e+00
0.000000000000000000e+00
0.000000000000000000e+00
0.000000000000000000e+00
0.000000000000000000e+00
0.000000000000000000e+00
0.000000000000000000e+00
0.000000000000000000e+00
0.000000000000000000e+00
0.000000000000000000e+00
0.000000000000000000e+00
0.000000000000000000e+00
0.000000000000000000e+00
0.000000000000000000e+00
0.000000000000000000e+00
0.000000000000000000e+00
0.000000000000000000e+00
0.000000000000000000e+00
0.000000000000000000e+00
0.000000000000000000e+00
0.000000000000000000e+00
0.000000000000000000e+00
0.000000000000000000e+00
0.000000000000000000e+00
0.000000000000000000e+00
0.000000000000000000e+00
0.000000000000000000e+00
0.000000000000000000e+00
0.000000000000000000e+00
0.000000000000000000e+00
0.000000000000000000e+00
0.000000000000000000e+00
0.000000000000000000e+00
0.000000000000000000e+00
0.000000000000000000e+00
0.000000000000000000e+00
0.000000000000000000e+00
0.000000000000000000e+00
0.000000000000000000e+00
0.000000000000000000e+00
0.000000000000000000e+00
0.000000000000000000e+00
0.000000000000000000e+00
0.000000000000000000e+00
0.000000000000000000e+00
0.000000000000000000e+00
0.000000000000000000e+00
0.000000000000000000e+00
0.000000000000000000e+00
0.000000000000000000e+00
0.000000000000000000e+00
0.000000000000000000e+00
0.000000000000000000e+00
0.000000000000000000e+00
0.000000000000000000e+00
0.000000000000000000e+00
0.000000000000000000e+00
0.000000000000000000e+00
0.000000000000000000e+00
0.000000000000000000e+00
0.000000000000000000e+00
0.000000000000000000e+00
0.000000000000000000e+00
0.000000000000000000e+00
0.000000000000000000e+00
0.000000000000000000e+00
0.000000000000000000e+00
0.000000000000000000e+00
0.000000000000000000e+00
0.000000000000000000e+00
0.000000000000000000e+00
0.000000000000000000e+00
0.000000000000000000e+00
0.000000000000000000e+00
0.000000000000000000e+00
0.000000000000000000e+00
0.000000000000000000e+00
0.000000000000000000e+00
0.000000000000000000e+00
0.000000000000000000e+00
0.000000000000000000e+00
0.000000000000000000e+00
0.000000000000000000e+00
0.000000000000000000e+00
0.000000000000000000e+00
0.000000000000000000e+00
0.000000000000000000e+00
0.000000000000000000e+00
0.000000000000000000e+00
0.000000000000000000e+00
0.000000000000000000e+00
0.000000000000000000e+00
0.000000000000000000e+00
0.000000000000000000e+00
0.000000000000000000e+00
0.000000000000000000e+00
0.000000000000000000e+00
0.000000000000000000e+00
0.000000000000000000e+00
0.000000000000000000e+00
0.000000000000000000e+00
0.000000000000000000e+00
0.000000000000000000e+00
0.000000000000000000e+00
0.000000000000000000e+00
0.000000000000000000e+00
0.000000000000000000e+00
0.000000000000000000e+00
0.000000000000000000e+00
0.000000000000000000e+00
0.000000000000000000e+00
0.000000000000000000e+00
0.000000000000000000e+00
0.000000000000000000e+00
0.000000000000000000e+00
0.000000000000000000e+00
0.000000000000000000e+00
0.000000000000000000e+00
0.000000000000000000e+00
0.000000000000000000e+00
0.000000000000000000e+00
0.000000000000000000e+00
0.000000000000000000e+00
0.000000000000000000e+00
0.000000000000000000e+00
0.000000000000000000e+00
0.000000000000000000e+00
0.000000000000000000e+00
0.000000000000000000e+00
0.000000000000000000e+00
0.000000000000000000e+00
0.000000000000000000e+00
0.000000000000000000e+00
0.000000000000000000e+00
0.000000000000000000e+00
0.000000000000000000e+00
0.000000000000000000e+00
0.000000000000000000e+00
0.000000000000000000e+00
0.000000000000000000e+00
0.000000000000000000e+00
0.000000000000000000e+00
0.000000000000000000e+00
0.000000000000000000e+00
0.000000000000000000e+00
0.000000000000000000e+00
0.000000000000000000e+00
0.000000000000000000e+00
0.000000000000000000e+00
0.000000000000000000e+00
0.000000000000000000e+00
0.000000000000000000e+00
0.000000000000000000e+00
0.000000000000000000e+00
0.000000000000000000e+00
0.000000000000000000e+00
0.000000000000000000e+00
0.000000000000000000e+00
0.000000000000000000e+00
0.000000000000000000e+00
0.000000000000000000e+00
0.000000000000000000e+00
0.000000000000000000e+00
0.000000000000000000e+00
0.000000000000000000e+00
0.000000000000000000e+00
0.000000000000000000e+00
0.000000000000000000e+00
0.000000000000000000e+00
0.000000000000000000e+00
0.000000000000000000e+00
0.000000000000000000e+00
0.000000000000000000e+00
0.000000000000000000e+00
0.000000000000000000e+00
0.000000000000000000e+00
0.000000000000000000e+00
0.000000000000000000e+00
0.000000000000000000e+00
0.000000000000000000e+00
0.000000000000000000e+00
0.000000000000000000e+00
0.000000000000000000e+00
0.000000000000000000e+00
0.000000000000000000e+00
0.000000000000000000e+00
0.000000000000000000e+00
0.000000000000000000e+00
0.000000000000000000e+00
0.000000000000000000e+00
0.000000000000000000e+00
0.000000000000000000e+00
0.000000000000000000e+00
0.000000000000000000e+00
0.000000000000000000e+00
0.000000000000000000e+00
0.000000000000000000e+00
0.000000000000000000e+00
0.000000000000000000e+00
0.000000000000000000e+00
0.000000000000000000e+00
0.000000000000000000e+00
0.000000000000000000e+00
0.000000000000000000e+00
0.000000000000000000e+00
0.000000000000000000e+00
0.000000000000000000e+00
0.000000000000000000e+00
0.000000000000000000e+00
0.000000000000000000e+00
0.000000000000000000e+00
0.000000000000000000e+00
0.000000000000000000e+00
0.000000000000000000e+00
0.000000000000000000e+00
0.000000000000000000e+00
0.000000000000000000e+00
0.000000000000000000e+00
0.000000000000000000e+00
0.000000000000000000e+00
0.000000000000000000e+00
0.000000000000000000e+00
0.000000000000000000e+00
0.000000000000000000e+00
0.000000000000000000e+00
0.000000000000000000e+00
0.000000000000000000e+00
0.000000000000000000e+00
0.000000000000000000e+00
0.000000000000000000e+00
0.000000000000000000e+00
0.000000000000000000e+00
0.000000000000000000e+00
0.000000000000000000e+00
0.000000000000000000e+00
0.000000000000000000e+00
0.000000000000000000e+00
0.000000000000000000e+00
0.000000000000000000e+00
0.000000000000000000e+00
0.000000000000000000e+00
0.000000000000000000e+00
0.000000000000000000e+00
0.000000000000000000e+00
0.000000000000000000e+00
0.000000000000000000e+00
0.000000000000000000e+00
0.000000000000000000e+00
0.000000000000000000e+00
0.000000000000000000e+00
0.000000000000000000e+00
0.000000000000000000e+00
0.000000000000000000e+00
0.000000000000000000e+00
0.000000000000000000e+00
0.000000000000000000e+00
0.000000000000000000e+00
0.000000000000000000e+00
0.000000000000000000e+00
0.000000000000000000e+00
0.000000000000000000e+00
0.000000000000000000e+00
0.000000000000000000e+00
0.000000000000000000e+00
0.000000000000000000e+00
0.000000000000000000e+00
0.000000000000000000e+00
0.000000000000000000e+00
0.000000000000000000e+00
0.000000000000000000e+00
0.000000000000000000e+00
0.000000000000000000e+00
0.000000000000000000e+00
0.000000000000000000e+00
0.000000000000000000e+00
0.000000000000000000e+00
0.000000000000000000e+00
0.000000000000000000e+00
0.000000000000000000e+00
0.000000000000000000e+00
0.000000000000000000e+00
0.000000000000000000e+00
0.000000000000000000e+00
0.000000000000000000e+00
0.000000000000000000e+00
0.000000000000000000e+00
0.000000000000000000e+00
0.000000000000000000e+00
0.000000000000000000e+00
0.000000000000000000e+00
0.000000000000000000e+00
0.000000000000000000e+00
0.000000000000000000e+00
0.000000000000000000e+00
0.000000000000000000e+00
0.000000000000000000e+00
0.000000000000000000e+00
0.000000000000000000e+00
0.000000000000000000e+00
0.000000000000000000e+00
0.000000000000000000e+00
0.000000000000000000e+00
0.000000000000000000e+00
0.000000000000000000e+00
0.000000000000000000e+00
0.000000000000000000e+00
0.000000000000000000e+00
0.000000000000000000e+00
0.000000000000000000e+00
0.000000000000000000e+00
0.000000000000000000e+00
0.000000000000000000e+00
0.000000000000000000e+00
0.000000000000000000e+00
0.000000000000000000e+00
0.000000000000000000e+00
0.000000000000000000e+00
0.000000000000000000e+00
0.000000000000000000e+00
0.000000000000000000e+00
0.000000000000000000e+00
0.000000000000000000e+00
0.000000000000000000e+00
0.000000000000000000e+00
0.000000000000000000e+00
0.000000000000000000e+00
0.000000000000000000e+00
0.000000000000000000e+00
0.000000000000000000e+00
0.000000000000000000e+00
0.000000000000000000e+00
0.000000000000000000e+00
0.000000000000000000e+00
0.000000000000000000e+00
0.000000000000000000e+00
0.000000000000000000e+00
0.000000000000000000e+00
0.000000000000000000e+00
0.000000000000000000e+00
0.000000000000000000e+00
0.000000000000000000e+00
0.000000000000000000e+00
0.000000000000000000e+00
0.000000000000000000e+00
0.000000000000000000e+00
0.000000000000000000e+00
0.000000000000000000e+00
0.000000000000000000e+00
0.000000000000000000e+00
0.000000000000000000e+00
0.000000000000000000e+00
0.000000000000000000e+00
0.000000000000000000e+00
0.000000000000000000e+00
0.000000000000000000e+00
0.000000000000000000e+00
0.000000000000000000e+00
0.000000000000000000e+00
0.000000000000000000e+00
0.000000000000000000e+00
0.000000000000000000e+00
0.000000000000000000e+00
0.000000000000000000e+00
0.000000000000000000e+00
0.000000000000000000e+00
0.000000000000000000e+00
0.000000000000000000e+00
0.000000000000000000e+00
0.000000000000000000e+00
0.000000000000000000e+00
0.000000000000000000e+00
0.000000000000000000e+00
0.000000000000000000e+00
0.000000000000000000e+00
0.000000000000000000e+00
0.000000000000000000e+00
0.000000000000000000e+00
0.000000000000000000e+00
0.000000000000000000e+00
0.000000000000000000e+00
0.000000000000000000e+00
0.000000000000000000e+00
0.000000000000000000e+00
0.000000000000000000e+00
0.000000000000000000e+00
0.000000000000000000e+00
0.000000000000000000e+00
0.000000000000000000e+00
0.000000000000000000e+00
0.000000000000000000e+00
0.000000000000000000e+00
0.000000000000000000e+00
0.000000000000000000e+00
0.000000000000000000e+00
0.000000000000000000e+00
0.000000000000000000e+00
0.000000000000000000e+00
0.000000000000000000e+00
0.000000000000000000e+00
0.000000000000000000e+00
0.000000000000000000e+00
0.000000000000000000e+00
0.000000000000000000e+00
0.000000000000000000e+00
0.000000000000000000e+00
0.000000000000000000e+00
0.000000000000000000e+00
0.000000000000000000e+00
0.000000000000000000e+00
0.000000000000000000e+00
0.000000000000000000e+00
0.000000000000000000e+00
0.000000000000000000e+00
0.000000000000000000e+00
0.000000000000000000e+00
0.000000000000000000e+00
0.000000000000000000e+00
0.000000000000000000e+00
0.000000000000000000e+00
0.000000000000000000e+00
0.000000000000000000e+00
0.000000000000000000e+00
0.000000000000000000e+00
0.000000000000000000e+00
0.000000000000000000e+00
0.000000000000000000e+00
0.000000000000000000e+00
0.000000000000000000e+00
0.000000000000000000e+00
0.000000000000000000e+00
0.000000000000000000e+00
0.000000000000000000e+00
0.000000000000000000e+00
0.000000000000000000e+00
0.000000000000000000e+00
0.000000000000000000e+00
0.000000000000000000e+00
0.000000000000000000e+00
0.000000000000000000e+00
0.000000000000000000e+00
0.000000000000000000e+00
0.000000000000000000e+00
0.000000000000000000e+00
0.000000000000000000e+00
0.000000000000000000e+00
0.000000000000000000e+00
0.000000000000000000e+00
0.000000000000000000e+00
0.000000000000000000e+00
0.000000000000000000e+00
0.000000000000000000e+00
0.000000000000000000e+00
0.000000000000000000e+00
0.000000000000000000e+00
0.000000000000000000e+00
0.000000000000000000e+00
0.000000000000000000e+00
0.000000000000000000e+00
0.000000000000000000e+00
0.000000000000000000e+00
0.000000000000000000e+00
0.000000000000000000e+00
0.000000000000000000e+00
0.000000000000000000e+00
0.000000000000000000e+00
0.000000000000000000e+00
0.000000000000000000e+00
0.000000000000000000e+00
0.000000000000000000e+00
0.000000000000000000e+00
0.000000000000000000e+00
0.000000000000000000e+00
0.000000000000000000e+00
0.000000000000000000e+00
0.000000000000000000e+00
0.000000000000000000e+00
0.000000000000000000e+00
0.000000000000000000e+00
0.000000000000000000e+00
0.000000000000000000e+00
0.000000000000000000e+00
0.000000000000000000e+00
0.000000000000000000e+00
0.000000000000000000e+00
0.000000000000000000e+00
0.000000000000000000e+00
0.000000000000000000e+00
0.000000000000000000e+00
0.000000000000000000e+00
0.000000000000000000e+00
0.000000000000000000e+00
0.000000000000000000e+00
0.000000000000000000e+00
0.000000000000000000e+00
0.000000000000000000e+00
0.000000000000000000e+00
0.000000000000000000e+00
0.000000000000000000e+00
0.000000000000000000e+00
0.000000000000000000e+00
0.000000000000000000e+00
0.000000000000000000e+00
0.000000000000000000e+00
0.000000000000000000e+00
0.000000000000000000e+00
0.000000000000000000e+00
0.000000000000000000e+00
0.000000000000000000e+00
0.000000000000000000e+00
0.000000000000000000e+00
0.000000000000000000e+00
0.000000000000000000e+00
0.000000000000000000e+00
0.000000000000000000e+00
0.000000000000000000e+00
0.000000000000000000e+00
0.000000000000000000e+00
0.000000000000000000e+00
0.000000000000000000e+00
0.000000000000000000e+00
0.000000000000000000e+00
0.000000000000000000e+00
0.000000000000000000e+00
0.000000000000000000e+00
0.000000000000000000e+00
0.000000000000000000e+00
0.000000000000000000e+00
0.000000000000000000e+00
0.000000000000000000e+00
0.000000000000000000e+00
0.000000000000000000e+00
0.000000000000000000e+00
0.000000000000000000e+00
0.000000000000000000e+00
0.000000000000000000e+00
0.000000000000000000e+00
0.000000000000000000e+00
0.000000000000000000e+00
0.000000000000000000e+00
0.000000000000000000e+00
0.000000000000000000e+00
0.000000000000000000e+00
0.000000000000000000e+00
0.000000000000000000e+00
0.000000000000000000e+00
0.000000000000000000e+00
0.000000000000000000e+00
0.000000000000000000e+00
0.000000000000000000e+00
0.000000000000000000e+00
0.000000000000000000e+00
0.000000000000000000e+00
0.000000000000000000e+00
0.000000000000000000e+00
0.000000000000000000e+00
0.000000000000000000e+00
0.000000000000000000e+00
0.000000000000000000e+00
0.000000000000000000e+00
0.000000000000000000e+00
0.000000000000000000e+00
0.000000000000000000e+00
0.000000000000000000e+00
0.000000000000000000e+00
0.000000000000000000e+00
0.000000000000000000e+00
0.000000000000000000e+00
0.000000000000000000e+00
0.000000000000000000e+00
0.000000000000000000e+00
0.000000000000000000e+00
0.000000000000000000e+00
0.000000000000000000e+00
0.000000000000000000e+00
0.000000000000000000e+00
0.000000000000000000e+00
0.000000000000000000e+00
0.000000000000000000e+00
0.000000000000000000e+00
0.000000000000000000e+00
0.000000000000000000e+00
0.000000000000000000e+00
0.000000000000000000e+00
0.000000000000000000e+00
0.000000000000000000e+00
0.000000000000000000e+00
0.000000000000000000e+00
0.000000000000000000e+00
0.000000000000000000e+00
0.000000000000000000e+00
0.000000000000000000e+00
0.000000000000000000e+00
0.000000000000000000e+00
0.000000000000000000e+00
0.000000000000000000e+00
0.000000000000000000e+00
0.000000000000000000e+00
0.000000000000000000e+00
0.000000000000000000e+00
0.000000000000000000e+00
0.000000000000000000e+00
0.000000000000000000e+00
0.000000000000000000e+00
0.000000000000000000e+00
0.000000000000000000e+00
0.000000000000000000e+00
0.000000000000000000e+00
0.000000000000000000e+00
0.000000000000000000e+00
0.000000000000000000e+00
0.000000000000000000e+00
0.000000000000000000e+00
0.000000000000000000e+00
0.000000000000000000e+00
0.000000000000000000e+00
0.000000000000000000e+00
0.000000000000000000e+00
0.000000000000000000e+00
0.000000000000000000e+00
0.000000000000000000e+00
0.000000000000000000e+00
0.000000000000000000e+00
0.000000000000000000e+00
0.000000000000000000e+00
0.000000000000000000e+00
0.000000000000000000e+00
0.000000000000000000e+00
0.000000000000000000e+00
0.000000000000000000e+00
0.000000000000000000e+00
0.000000000000000000e+00
0.000000000000000000e+00
0.000000000000000000e+00
0.000000000000000000e+00
0.000000000000000000e+00
0.000000000000000000e+00
0.000000000000000000e+00
0.000000000000000000e+00
0.000000000000000000e+00
0.000000000000000000e+00
0.000000000000000000e+00
0.000000000000000000e+00
0.000000000000000000e+00
0.000000000000000000e+00
0.000000000000000000e+00
0.000000000000000000e+00
0.000000000000000000e+00
0.000000000000000000e+00
0.000000000000000000e+00
0.000000000000000000e+00
0.000000000000000000e+00
0.000000000000000000e+00
0.000000000000000000e+00
0.000000000000000000e+00
0.000000000000000000e+00
0.000000000000000000e+00
0.000000000000000000e+00
0.000000000000000000e+00
0.000000000000000000e+00
0.000000000000000000e+00
0.000000000000000000e+00
0.000000000000000000e+00
0.000000000000000000e+00
0.000000000000000000e+00
0.000000000000000000e+00
0.000000000000000000e+00
0.000000000000000000e+00
0.000000000000000000e+00
0.000000000000000000e+00
0.000000000000000000e+00
0.000000000000000000e+00
0.000000000000000000e+00
0.000000000000000000e+00
0.000000000000000000e+00
0.000000000000000000e+00
0.000000000000000000e+00
0.000000000000000000e+00
0.000000000000000000e+00
0.000000000000000000e+00
0.000000000000000000e+00
0.000000000000000000e+00
0.000000000000000000e+00
0.000000000000000000e+00
0.000000000000000000e+00
0.000000000000000000e+00
0.000000000000000000e+00
0.000000000000000000e+00
0.000000000000000000e+00
0.000000000000000000e+00
0.000000000000000000e+00
0.000000000000000000e+00
0.000000000000000000e+00
0.000000000000000000e+00
0.000000000000000000e+00
0.000000000000000000e+00
0.000000000000000000e+00
0.000000000000000000e+00
0.000000000000000000e+00
0.000000000000000000e+00
0.000000000000000000e+00
0.000000000000000000e+00
0.000000000000000000e+00
0.000000000000000000e+00
0.000000000000000000e+00
0.000000000000000000e+00
0.000000000000000000e+00
0.000000000000000000e+00
0.000000000000000000e+00
0.000000000000000000e+00
0.000000000000000000e+00
0.000000000000000000e+00
0.000000000000000000e+00
0.000000000000000000e+00
0.000000000000000000e+00
0.000000000000000000e+00
0.000000000000000000e+00
0.000000000000000000e+00
0.000000000000000000e+00
0.000000000000000000e+00
0.000000000000000000e+00
0.000000000000000000e+00
0.000000000000000000e+00
0.000000000000000000e+00
0.000000000000000000e+00
0.000000000000000000e+00
0.000000000000000000e+00
0.000000000000000000e+00
0.000000000000000000e+00
0.000000000000000000e+00
0.000000000000000000e+00
0.000000000000000000e+00
0.000000000000000000e+00
0.000000000000000000e+00
0.000000000000000000e+00
0.000000000000000000e+00
0.000000000000000000e+00
0.000000000000000000e+00
0.000000000000000000e+00
0.000000000000000000e+00
0.000000000000000000e+00
0.000000000000000000e+00
0.000000000000000000e+00
0.000000000000000000e+00
0.000000000000000000e+00
0.000000000000000000e+00
0.000000000000000000e+00
0.000000000000000000e+00
0.000000000000000000e+00
0.000000000000000000e+00
0.000000000000000000e+00
0.000000000000000000e+00
0.000000000000000000e+00
0.000000000000000000e+00
0.000000000000000000e+00
0.000000000000000000e+00
0.000000000000000000e+00
0.000000000000000000e+00
0.000000000000000000e+00
0.000000000000000000e+00
0.000000000000000000e+00
0.000000000000000000e+00
0.000000000000000000e+00
0.000000000000000000e+00
0.000000000000000000e+00
0.000000000000000000e+00
0.000000000000000000e+00
0.000000000000000000e+00
0.000000000000000000e+00
0.000000000000000000e+00
0.000000000000000000e+00
0.000000000000000000e+00
0.000000000000000000e+00
0.000000000000000000e+00
0.000000000000000000e+00
0.000000000000000000e+00
0.000000000000000000e+00
0.000000000000000000e+00
0.000000000000000000e+00
0.000000000000000000e+00
0.000000000000000000e+00
0.000000000000000000e+00
0.000000000000000000e+00
0.000000000000000000e+00
0.000000000000000000e+00
0.000000000000000000e+00
0.000000000000000000e+00
0.000000000000000000e+00
0.000000000000000000e+00
0.000000000000000000e+00
0.000000000000000000e+00
0.000000000000000000e+00
0.000000000000000000e+00
0.000000000000000000e+00
0.000000000000000000e+00
0.000000000000000000e+00
0.000000000000000000e+00
0.000000000000000000e+00
0.000000000000000000e+00
0.000000000000000000e+00
0.000000000000000000e+00
0.000000000000000000e+00
0.000000000000000000e+00
0.000000000000000000e+00
0.000000000000000000e+00
0.000000000000000000e+00
0.000000000000000000e+00
0.000000000000000000e+00
0.000000000000000000e+00
0.000000000000000000e+00
0.000000000000000000e+00
0.000000000000000000e+00
0.000000000000000000e+00
0.000000000000000000e+00
0.000000000000000000e+00
0.000000000000000000e+00
0.000000000000000000e+00
0.000000000000000000e+00
0.000000000000000000e+00
0.000000000000000000e+00
0.000000000000000000e+00
0.000000000000000000e+00
0.000000000000000000e+00
0.000000000000000000e+00
0.000000000000000000e+00
0.000000000000000000e+00
0.000000000000000000e+00
0.000000000000000000e+00
0.000000000000000000e+00
0.000000000000000000e+00
0.000000000000000000e+00
0.000000000000000000e+00
0.000000000000000000e+00
0.000000000000000000e+00
0.000000000000000000e+00
0.000000000000000000e+00
0.000000000000000000e+00
0.000000000000000000e+00
0.000000000000000000e+00
0.000000000000000000e+00
0.000000000000000000e+00
0.000000000000000000e+00
0.000000000000000000e+00
0.000000000000000000e+00
0.000000000000000000e+00
0.000000000000000000e+00
0.000000000000000000e+00
0.000000000000000000e+00
0.000000000000000000e+00
0.000000000000000000e+00
0.000000000000000000e+00
0.000000000000000000e+00
0.000000000000000000e+00
0.000000000000000000e+00
0.000000000000000000e+00
0.000000000000000000e+00
0.000000000000000000e+00
0.000000000000000000e+00
0.000000000000000000e+00
0.000000000000000000e+00
0.000000000000000000e+00
0.000000000000000000e+00
0.000000000000000000e+00
0.000000000000000000e+00
0.000000000000000000e+00
0.000000000000000000e+00
0.000000000000000000e+00
0.000000000000000000e+00
0.000000000000000000e+00
0.000000000000000000e+00
0.000000000000000000e+00
0.000000000000000000e+00
0.000000000000000000e+00
0.000000000000000000e+00
0.000000000000000000e+00
0.000000000000000000e+00
0.000000000000000000e+00
0.000000000000000000e+00
0.000000000000000000e+00
0.000000000000000000e+00
0.000000000000000000e+00
0.000000000000000000e+00
0.000000000000000000e+00
0.000000000000000000e+00
0.000000000000000000e+00
0.000000000000000000e+00
0.000000000000000000e+00
0.000000000000000000e+00
0.000000000000000000e+00
0.000000000000000000e+00
0.000000000000000000e+00
0.000000000000000000e+00
0.000000000000000000e+00
0.000000000000000000e+00
0.000000000000000000e+00
0.000000000000000000e+00
0.000000000000000000e+00
0.000000000000000000e+00
0.000000000000000000e+00
0.000000000000000000e+00
0.000000000000000000e+00
0.000000000000000000e+00
0.000000000000000000e+00
0.000000000000000000e+00
0.000000000000000000e+00
0.000000000000000000e+00
0.000000000000000000e+00
0.000000000000000000e+00
0.000000000000000000e+00
0.000000000000000000e+00
0.000000000000000000e+00
0.000000000000000000e+00
0.000000000000000000e+00
0.000000000000000000e+00
0.000000000000000000e+00
0.000000000000000000e+00
0.000000000000000000e+00
0.000000000000000000e+00
0.000000000000000000e+00
0.000000000000000000e+00
0.000000000000000000e+00
0.000000000000000000e+00
0.000000000000000000e+00
0.000000000000000000e+00
0.000000000000000000e+00
0.000000000000000000e+00
0.000000000000000000e+00
0.000000000000000000e+00
0.000000000000000000e+00
0.000000000000000000e+00
0.000000000000000000e+00
0.000000000000000000e+00
0.000000000000000000e+00
0.000000000000000000e+00
0.000000000000000000e+00
0.000000000000000000e+00
0.000000000000000000e+00
0.000000000000000000e+00
0.000000000000000000e+00
0.000000000000000000e+00
0.000000000000000000e+00
0.000000000000000000e+00
0.000000000000000000e+00
0.000000000000000000e+00
0.000000000000000000e+00
0.000000000000000000e+00
0.000000000000000000e+00
0.000000000000000000e+00
0.000000000000000000e+00
0.000000000000000000e+00
0.000000000000000000e+00
0.000000000000000000e+00
0.000000000000000000e+00
0.000000000000000000e+00
0.000000000000000000e+00
0.000000000000000000e+00
0.000000000000000000e+00
0.000000000000000000e+00
0.000000000000000000e+00
0.000000000000000000e+00
0.000000000000000000e+00
0.000000000000000000e+00
0.000000000000000000e+00
0.000000000000000000e+00
0.000000000000000000e+00
0.000000000000000000e+00
0.000000000000000000e+00
0.000000000000000000e+00
0.000000000000000000e+00
0.000000000000000000e+00
0.000000000000000000e+00
0.000000000000000000e+00
0.000000000000000000e+00
0.000000000000000000e+00
0.000000000000000000e+00
0.000000000000000000e+00
0.000000000000000000e+00
0.000000000000000000e+00
0.000000000000000000e+00
0.000000000000000000e+00
0.000000000000000000e+00
0.000000000000000000e+00
0.000000000000000000e+00
0.000000000000000000e+00
0.000000000000000000e+00
0.000000000000000000e+00
0.000000000000000000e+00
0.000000000000000000e+00
0.000000000000000000e+00
0.000000000000000000e+00
0.000000000000000000e+00
0.000000000000000000e+00
0.000000000000000000e+00
0.000000000000000000e+00
0.000000000000000000e+00
0.000000000000000000e+00
0.000000000000000000e+00
0.000000000000000000e+00
0.000000000000000000e+00
0.000000000000000000e+00
0.000000000000000000e+00
0.000000000000000000e+00
0.000000000000000000e+00
0.000000000000000000e+00
0.000000000000000000e+00
0.000000000000000000e+00
0.000000000000000000e+00
0.000000000000000000e+00
0.000000000000000000e+00
0.000000000000000000e+00
0.000000000000000000e+00
0.000000000000000000e+00
0.000000000000000000e+00
0.000000000000000000e+00
0.000000000000000000e+00
0.000000000000000000e+00
0.000000000000000000e+00
0.000000000000000000e+00
0.000000000000000000e+00
0.000000000000000000e+00
0.000000000000000000e+00
0.000000000000000000e+00
0.000000000000000000e+00
0.000000000000000000e+00
0.000000000000000000e+00
0.000000000000000000e+00
0.000000000000000000e+00
0.000000000000000000e+00
0.000000000000000000e+00
0.000000000000000000e+00
0.000000000000000000e+00
0.000000000000000000e+00
0.000000000000000000e+00
0.000000000000000000e+00
0.000000000000000000e+00
0.000000000000000000e+00
0.000000000000000000e+00
0.000000000000000000e+00
0.000000000000000000e+00
0.000000000000000000e+00
0.000000000000000000e+00
0.000000000000000000e+00
0.000000000000000000e+00
0.000000000000000000e+00
0.000000000000000000e+00
0.000000000000000000e+00
0.000000000000000000e+00
0.000000000000000000e+00
0.000000000000000000e+00
0.000000000000000000e+00
0.000000000000000000e+00
0.000000000000000000e+00
0.000000000000000000e+00
0.000000000000000000e+00
0.000000000000000000e+00
0.000000000000000000e+00
0.000000000000000000e+00
0.000000000000000000e+00
0.000000000000000000e+00
0.000000000000000000e+00
0.000000000000000000e+00
0.000000000000000000e+00
0.000000000000000000e+00
0.000000000000000000e+00
0.000000000000000000e+00
0.000000000000000000e+00
0.000000000000000000e+00
0.000000000000000000e+00
0.000000000000000000e+00
0.000000000000000000e+00
0.000000000000000000e+00
0.000000000000000000e+00
0.000000000000000000e+00
0.000000000000000000e+00
0.000000000000000000e+00
0.000000000000000000e+00
0.000000000000000000e+00
0.000000000000000000e+00
0.000000000000000000e+00
0.000000000000000000e+00
0.000000000000000000e+00
0.000000000000000000e+00
0.000000000000000000e+00
0.000000000000000000e+00
0.000000000000000000e+00
0.000000000000000000e+00
0.000000000000000000e+00
0.000000000000000000e+00
0.000000000000000000e+00
0.000000000000000000e+00
0.000000000000000000e+00
0.000000000000000000e+00
0.000000000000000000e+00
0.000000000000000000e+00
0.000000000000000000e+00
0.000000000000000000e+00
0.000000000000000000e+00
0.000000000000000000e+00
0.000000000000000000e+00
0.000000000000000000e+00
0.000000000000000000e+00
0.000000000000000000e+00
0.000000000000000000e+00
0.000000000000000000e+00
0.000000000000000000e+00
0.000000000000000000e+00
0.000000000000000000e+00
0.000000000000000000e+00
0.000000000000000000e+00
0.000000000000000000e+00
0.000000000000000000e+00
0.000000000000000000e+00
0.000000000000000000e+00
0.000000000000000000e+00
0.000000000000000000e+00
0.000000000000000000e+00
0.000000000000000000e+00
0.000000000000000000e+00
0.000000000000000000e+00
0.000000000000000000e+00
0.000000000000000000e+00
0.000000000000000000e+00
0.000000000000000000e+00
0.000000000000000000e+00
0.000000000000000000e+00
0.000000000000000000e+00
0.000000000000000000e+00
0.000000000000000000e+00
0.000000000000000000e+00
0.000000000000000000e+00
0.000000000000000000e+00
0.000000000000000000e+00
0.000000000000000000e+00
0.000000000000000000e+00
0.000000000000000000e+00
0.000000000000000000e+00
0.000000000000000000e+00
0.000000000000000000e+00
0.000000000000000000e+00
0.000000000000000000e+00
0.000000000000000000e+00
0.000000000000000000e+00
0.000000000000000000e+00
0.000000000000000000e+00
0.000000000000000000e+00
0.000000000000000000e+00
0.000000000000000000e+00
0.000000000000000000e+00
0.000000000000000000e+00
0.000000000000000000e+00
0.000000000000000000e+00
0.000000000000000000e+00
0.000000000000000000e+00
0.000000000000000000e+00
0.000000000000000000e+00
0.000000000000000000e+00
0.000000000000000000e+00
0.000000000000000000e+00
0.000000000000000000e+00
0.000000000000000000e+00
0.000000000000000000e+00
0.000000000000000000e+00
0.000000000000000000e+00
0.000000000000000000e+00
0.000000000000000000e+00
0.000000000000000000e+00
0.000000000000000000e+00
0.000000000000000000e+00
0.000000000000000000e+00
0.000000000000000000e+00
0.000000000000000000e+00
0.000000000000000000e+00
0.000000000000000000e+00
0.000000000000000000e+00
0.000000000000000000e+00
0.000000000000000000e+00
0.000000000000000000e+00
0.000000000000000000e+00
0.000000000000000000e+00
0.000000000000000000e+00
0.000000000000000000e+00
0.000000000000000000e+00
0.000000000000000000e+00
0.000000000000000000e+00
0.000000000000000000e+00
0.000000000000000000e+00
0.000000000000000000e+00
0.000000000000000000e+00
0.000000000000000000e+00
0.000000000000000000e+00
0.000000000000000000e+00
0.000000000000000000e+00
0.000000000000000000e+00
0.000000000000000000e+00
0.000000000000000000e+00
0.000000000000000000e+00
0.000000000000000000e+00
0.000000000000000000e+00
0.000000000000000000e+00
0.000000000000000000e+00
0.000000000000000000e+00
0.000000000000000000e+00
0.000000000000000000e+00
0.000000000000000000e+00
0.000000000000000000e+00
0.000000000000000000e+00
0.000000000000000000e+00
0.000000000000000000e+00
0.000000000000000000e+00
0.000000000000000000e+00
0.000000000000000000e+00
0.000000000000000000e+00
0.000000000000000000e+00
0.000000000000000000e+00
0.000000000000000000e+00
0.000000000000000000e+00
0.000000000000000000e+00
0.000000000000000000e+00
0.000000000000000000e+00
0.000000000000000000e+00
0.000000000000000000e+00
0.000000000000000000e+00
0.000000000000000000e+00
0.000000000000000000e+00
0.000000000000000000e+00
0.000000000000000000e+00
0.000000000000000000e+00
0.000000000000000000e+00
0.000000000000000000e+00
0.000000000000000000e+00
0.000000000000000000e+00
0.000000000000000000e+00
0.000000000000000000e+00
0.000000000000000000e+00
0.000000000000000000e+00
0.000000000000000000e+00
0.000000000000000000e+00
0.000000000000000000e+00
0.000000000000000000e+00
0.000000000000000000e+00
0.000000000000000000e+00
0.000000000000000000e+00
0.000000000000000000e+00
0.000000000000000000e+00
0.000000000000000000e+00
0.000000000000000000e+00
0.000000000000000000e+00
0.000000000000000000e+00
0.000000000000000000e+00
0.000000000000000000e+00
0.000000000000000000e+00
0.000000000000000000e+00
0.000000000000000000e+00
0.000000000000000000e+00
0.000000000000000000e+00
0.000000000000000000e+00
0.000000000000000000e+00
0.000000000000000000e+00
0.000000000000000000e+00
0.000000000000000000e+00
0.000000000000000000e+00
0.000000000000000000e+00
0.000000000000000000e+00
0.000000000000000000e+00
0.000000000000000000e+00
0.000000000000000000e+00
0.000000000000000000e+00
0.000000000000000000e+00
0.000000000000000000e+00
0.000000000000000000e+00
0.000000000000000000e+00
0.000000000000000000e+00
0.000000000000000000e+00
0.000000000000000000e+00
0.000000000000000000e+00
0.000000000000000000e+00
0.000000000000000000e+00
0.000000000000000000e+00
0.000000000000000000e+00
0.000000000000000000e+00
0.000000000000000000e+00
0.000000000000000000e+00
0.000000000000000000e+00
0.000000000000000000e+00
0.000000000000000000e+00
0.000000000000000000e+00
0.000000000000000000e+00
0.000000000000000000e+00
0.000000000000000000e+00
0.000000000000000000e+00
0.000000000000000000e+00
0.000000000000000000e+00
0.000000000000000000e+00
0.000000000000000000e+00
0.000000000000000000e+00
0.000000000000000000e+00
0.000000000000000000e+00
0.000000000000000000e+00
0.000000000000000000e+00
0.000000000000000000e+00
0.000000000000000000e+00
0.000000000000000000e+00
0.000000000000000000e+00
0.000000000000000000e+00
0.000000000000000000e+00
0.000000000000000000e+00
0.000000000000000000e+00
0.000000000000000000e+00
0.000000000000000000e+00
0.000000000000000000e+00
0.000000000000000000e+00
0.000000000000000000e+00
0.000000000000000000e+00
0.000000000000000000e+00
0.000000000000000000e+00
0.000000000000000000e+00
0.000000000000000000e+00
0.000000000000000000e+00
0.000000000000000000e+00
0.000000000000000000e+00
0.000000000000000000e+00
0.000000000000000000e+00
0.000000000000000000e+00
0.000000000000000000e+00
0.000000000000000000e+00
0.000000000000000000e+00
0.000000000000000000e+00
0.000000000000000000e+00
0.000000000000000000e+00
0.000000000000000000e+00
0.000000000000000000e+00
0.000000000000000000e+00
0.000000000000000000e+00
0.000000000000000000e+00
0.000000000000000000e+00
0.000000000000000000e+00
0.000000000000000000e+00
0.000000000000000000e+00
0.000000000000000000e+00
0.000000000000000000e+00
0.000000000000000000e+00
0.000000000000000000e+00
0.000000000000000000e+00
0.000000000000000000e+00
0.000000000000000000e+00
0.000000000000000000e+00
0.000000000000000000e+00
0.000000000000000000e+00
0.000000000000000000e+00
0.000000000000000000e+00
0.000000000000000000e+00
0.000000000000000000e+00
0.000000000000000000e+00
0.000000000000000000e+00
0.000000000000000000e+00
0.000000000000000000e+00
0.000000000000000000e+00
0.000000000000000000e+00
0.000000000000000000e+00
0.000000000000000000e+00
0.000000000000000000e+00
0.000000000000000000e+00
0.000000000000000000e+00
0.000000000000000000e+00
0.000000000000000000e+00
0.000000000000000000e+00
0.000000000000000000e+00
0.000000000000000000e+00
0.000000000000000000e+00
0.000000000000000000e+00
0.000000000000000000e+00
0.000000000000000000e+00
0.000000000000000000e+00
0.000000000000000000e+00
0.000000000000000000e+00
0.000000000000000000e+00
0.000000000000000000e+00
0.000000000000000000e+00
0.000000000000000000e+00
0.000000000000000000e+00
0.000000000000000000e+00
0.000000000000000000e+00
0.000000000000000000e+00
0.000000000000000000e+00
0.000000000000000000e+00
0.000000000000000000e+00
0.000000000000000000e+00
0.000000000000000000e+00
0.000000000000000000e+00
0.000000000000000000e+00
0.000000000000000000e+00
0.000000000000000000e+00
0.000000000000000000e+00
0.000000000000000000e+00
0.000000000000000000e+00
0.000000000000000000e+00
0.000000000000000000e+00
0.000000000000000000e+00
0.000000000000000000e+00
0.000000000000000000e+00
0.000000000000000000e+00
0.000000000000000000e+00
0.000000000000000000e+00
0.000000000000000000e+00
0.000000000000000000e+00
0.000000000000000000e+00
0.000000000000000000e+00
0.000000000000000000e+00
0.000000000000000000e+00
0.000000000000000000e+00
0.000000000000000000e+00
0.000000000000000000e+00
0.000000000000000000e+00
0.000000000000000000e+00
0.000000000000000000e+00
0.000000000000000000e+00
0.000000000000000000e+00
0.000000000000000000e+00
0.000000000000000000e+00
0.000000000000000000e+00
0.000000000000000000e+00
0.000000000000000000e+00
0.000000000000000000e+00
0.000000000000000000e+00
0.000000000000000000e+00
0.000000000000000000e+00
0.000000000000000000e+00
0.000000000000000000e+00
0.000000000000000000e+00
0.000000000000000000e+00
0.000000000000000000e+00
0.000000000000000000e+00
0.000000000000000000e+00
0.000000000000000000e+00
0.000000000000000000e+00
0.000000000000000000e+00
0.000000000000000000e+00
0.000000000000000000e+00
0.000000000000000000e+00
0.000000000000000000e+00
0.000000000000000000e+00
0.000000000000000000e+00
0.000000000000000000e+00
0.000000000000000000e+00
0.000000000000000000e+00
0.000000000000000000e+00
0.000000000000000000e+00
0.000000000000000000e+00
0.000000000000000000e+00
0.000000000000000000e+00
0.000000000000000000e+00
0.000000000000000000e+00
0.000000000000000000e+00
0.000000000000000000e+00
0.000000000000000000e+00
0.000000000000000000e+00
0.000000000000000000e+00
0.000000000000000000e+00
0.000000000000000000e+00
0.000000000000000000e+00
0.000000000000000000e+00
0.000000000000000000e+00
0.000000000000000000e+00
0.000000000000000000e+00
0.000000000000000000e+00
0.000000000000000000e+00
0.000000000000000000e+00
0.000000000000000000e+00
0.000000000000000000e+00
0.000000000000000000e+00
0.000000000000000000e+00
0.000000000000000000e+00
0.000000000000000000e+00
0.000000000000000000e+00
0.000000000000000000e+00
0.000000000000000000e+00
0.000000000000000000e+00
0.000000000000000000e+00
0.000000000000000000e+00
0.000000000000000000e+00
0.000000000000000000e+00
0.000000000000000000e+00
0.000000000000000000e+00
0.000000000000000000e+00
0.000000000000000000e+00
0.000000000000000000e+00
0.000000000000000000e+00
0.000000000000000000e+00
0.000000000000000000e+00
0.000000000000000000e+00
0.000000000000000000e+00
0.000000000000000000e+00
0.000000000000000000e+00
0.000000000000000000e+00
0.000000000000000000e+00
0.000000000000000000e+00
0.000000000000000000e+00
0.000000000000000000e+00
0.000000000000000000e+00
0.000000000000000000e+00
0.000000000000000000e+00
0.000000000000000000e+00
0.000000000000000000e+00
0.000000000000000000e+00
0.000000000000000000e+00
0.000000000000000000e+00
0.000000000000000000e+00
0.000000000000000000e+00
0.000000000000000000e+00
0.000000000000000000e+00
0.000000000000000000e+00
0.000000000000000000e+00
0.000000000000000000e+00
0.000000000000000000e+00
0.000000000000000000e+00
0.000000000000000000e+00
0.000000000000000000e+00
0.000000000000000000e+00
0.000000000000000000e+00
0.000000000000000000e+00
0.000000000000000000e+00
0.000000000000000000e+00
0.000000000000000000e+00
0.000000000000000000e+00
0.000000000000000000e+00
0.000000000000000000e+00
0.000000000000000000e+00
0.000000000000000000e+00
0.000000000000000000e+00
0.000000000000000000e+00
0.000000000000000000e+00
0.000000000000000000e+00
0.000000000000000000e+00
0.000000000000000000e+00
0.000000000000000000e+00
0.000000000000000000e+00
0.000000000000000000e+00
0.000000000000000000e+00
0.000000000000000000e+00
0.000000000000000000e+00
0.000000000000000000e+00
0.000000000000000000e+00
0.000000000000000000e+00
0.000000000000000000e+00
0.000000000000000000e+00
0.000000000000000000e+00
0.000000000000000000e+00
0.000000000000000000e+00
0.000000000000000000e+00
0.000000000000000000e+00
0.000000000000000000e+00
0.000000000000000000e+00
0.000000000000000000e+00
0.000000000000000000e+00
0.000000000000000000e+00
0.000000000000000000e+00
0.000000000000000000e+00
0.000000000000000000e+00
0.000000000000000000e+00
0.000000000000000000e+00
0.000000000000000000e+00
0.000000000000000000e+00
0.000000000000000000e+00
0.000000000000000000e+00
0.000000000000000000e+00
0.000000000000000000e+00
0.000000000000000000e+00
0.000000000000000000e+00
0.000000000000000000e+00
0.000000000000000000e+00
0.000000000000000000e+00
0.000000000000000000e+00
0.000000000000000000e+00
0.000000000000000000e+00
0.000000000000000000e+00
0.000000000000000000e+00
0.000000000000000000e+00
0.000000000000000000e+00
0.000000000000000000e+00
0.000000000000000000e+00
0.000000000000000000e+00
0.000000000000000000e+00
0.000000000000000000e+00
0.000000000000000000e+00
0.000000000000000000e+00
0.000000000000000000e+00
0.000000000000000000e+00
0.000000000000000000e+00
0.000000000000000000e+00
0.000000000000000000e+00
0.000000000000000000e+00
0.000000000000000000e+00
0.000000000000000000e+00
0.000000000000000000e+00
0.000000000000000000e+00
0.000000000000000000e+00
0.000000000000000000e+00
0.000000000000000000e+00
0.000000000000000000e+00
0.000000000000000000e+00
0.000000000000000000e+00
0.000000000000000000e+00
0.000000000000000000e+00
0.000000000000000000e+00
0.000000000000000000e+00
0.000000000000000000e+00
0.000000000000000000e+00
0.000000000000000000e+00
0.000000000000000000e+00
0.000000000000000000e+00
0.000000000000000000e+00
0.000000000000000000e+00
0.000000000000000000e+00
0.000000000000000000e+00
0.000000000000000000e+00
0.000000000000000000e+00
0.000000000000000000e+00
0.000000000000000000e+00
0.000000000000000000e+00
0.000000000000000000e+00
0.000000000000000000e+00
0.000000000000000000e+00
0.000000000000000000e+00
0.000000000000000000e+00
0.000000000000000000e+00
0.000000000000000000e+00
0.000000000000000000e+00
0.000000000000000000e+00
0.000000000000000000e+00
0.000000000000000000e+00
0.000000000000000000e+00
0.000000000000000000e+00
0.000000000000000000e+00
0.000000000000000000e+00
0.000000000000000000e+00
0.000000000000000000e+00
0.000000000000000000e+00
0.000000000000000000e+00
0.000000000000000000e+00
0.000000000000000000e+00
0.000000000000000000e+00
0.000000000000000000e+00
0.000000000000000000e+00
0.000000000000000000e+00
0.000000000000000000e+00
0.000000000000000000e+00
0.000000000000000000e+00
0.000000000000000000e+00
0.000000000000000000e+00
0.000000000000000000e+00
0.000000000000000000e+00
0.000000000000000000e+00
0.000000000000000000e+00
0.000000000000000000e+00
0.000000000000000000e+00
0.000000000000000000e+00
0.000000000000000000e+00
0.000000000000000000e+00
0.000000000000000000e+00
0.000000000000000000e+00
0.000000000000000000e+00
0.000000000000000000e+00
0.000000000000000000e+00
0.000000000000000000e+00
0.000000000000000000e+00
0.000000000000000000e+00
0.000000000000000000e+00
0.000000000000000000e+00
0.000000000000000000e+00
0.000000000000000000e+00
0.000000000000000000e+00
0.000000000000000000e+00
0.000000000000000000e+00
0.000000000000000000e+00
0.000000000000000000e+00
0.000000000000000000e+00
0.000000000000000000e+00
0.000000000000000000e+00
0.000000000000000000e+00
0.000000000000000000e+00
0.000000000000000000e+00
0.000000000000000000e+00
0.000000000000000000e+00
0.000000000000000000e+00
0.000000000000000000e+00
0.000000000000000000e+00
0.000000000000000000e+00
0.000000000000000000e+00
0.000000000000000000e+00
0.000000000000000000e+00
0.000000000000000000e+00
0.000000000000000000e+00
0.000000000000000000e+00
0.000000000000000000e+00
0.000000000000000000e+00
0.000000000000000000e+00
0.000000000000000000e+00
0.000000000000000000e+00
0.000000000000000000e+00
0.000000000000000000e+00
0.000000000000000000e+00
0.000000000000000000e+00
0.000000000000000000e+00
0.000000000000000000e+00
0.000000000000000000e+00
0.000000000000000000e+00
0.000000000000000000e+00
0.000000000000000000e+00
0.000000000000000000e+00
0.000000000000000000e+00
0.000000000000000000e+00
0.000000000000000000e+00
0.000000000000000000e+00
0.000000000000000000e+00
0.000000000000000000e+00
0.000000000000000000e+00
0.000000000000000000e+00
0.000000000000000000e+00
0.000000000000000000e+00
0.000000000000000000e+00
0.000000000000000000e+00
0.000000000000000000e+00
0.000000000000000000e+00
0.000000000000000000e+00
0.000000000000000000e+00
0.000000000000000000e+00
0.000000000000000000e+00
0.000000000000000000e+00
0.000000000000000000e+00
0.000000000000000000e+00
0.000000000000000000e+00
0.000000000000000000e+00
0.000000000000000000e+00
0.000000000000000000e+00
0.000000000000000000e+00
0.000000000000000000e+00
0.000000000000000000e+00
0.000000000000000000e+00
0.000000000000000000e+00
0.000000000000000000e+00
0.000000000000000000e+00
0.000000000000000000e+00
0.000000000000000000e+00
0.000000000000000000e+00
0.000000000000000000e+00
0.000000000000000000e+00
0.000000000000000000e+00
0.000000000000000000e+00
0.000000000000000000e+00
0.000000000000000000e+00
0.000000000000000000e+00
0.000000000000000000e+00
0.000000000000000000e+00
0.000000000000000000e+00
0.000000000000000000e+00
0.000000000000000000e+00
0.000000000000000000e+00
0.000000000000000000e+00
0.000000000000000000e+00
0.000000000000000000e+00
0.000000000000000000e+00
0.000000000000000000e+00
0.000000000000000000e+00
0.000000000000000000e+00
0.000000000000000000e+00
0.000000000000000000e+00
0.000000000000000000e+00
0.000000000000000000e+00
0.000000000000000000e+00
0.000000000000000000e+00
0.000000000000000000e+00
0.000000000000000000e+00
0.000000000000000000e+00
0.000000000000000000e+00
0.000000000000000000e+00
0.000000000000000000e+00
0.000000000000000000e+00
0.000000000000000000e+00
0.000000000000000000e+00
0.000000000000000000e+00
0.000000000000000000e+00
0.000000000000000000e+00
0.000000000000000000e+00
0.000000000000000000e+00
0.000000000000000000e+00
0.000000000000000000e+00
3.270826334847174621e+01
3.270826334847174621e+01
3.250604516791251086e+01
3.209769910021333317e+01
3.168702855565344478e+01
3.128643101120440306e+01
3.090298162702197615e+01
3.056415609281942380e+01
3.020098724182484773e+01
2.982846935541675748e+01
2.947376353969453078e+01
2.908886386177539052e+01
2.868836794398168522e+01
2.832321206971192495e+01
2.814582152539668769e+01
2.808807747709852265e+01
2.786477306875936222e+01
2.784525429072647285e+01
2.773046470577931188e+01
2.757823180533864971e+01
2.749943213719557633e+01
2.744931101359882319e+01
2.740308483947451634e+01
2.729034252078379197e+01
2.709263989514120752e+01
2.681255196188077861e+01
2.650411733522330593e+01
2.621228752568092446e+01
2.594595032772030052e+01
2.570023966415153183e+01
2.546583060033892920e+01
2.525466749102897523e+01
2.505516962709084083e+01
2.485661853556649348e+01
2.465739191307009293e+01
2.446250494466083580e+01
2.427332820871411201e+01
2.408708870770074739e+01
2.390360312349064031e+01
2.372433007962607832e+01
2.354923849811547498e+01
2.337422314940365453e+01
2.319902550679845632e+01
2.302558037278019398e+01
2.285817437314390688e+01
2.270622585992163422e+01
2.256185419941452253e+01
2.240777613252863176e+01
2.225882321966390975e+01
2.212770435069641550e+01
2.199309371124233081e+01
2.184593826340610789e+01
2.169778333120145319e+01
2.155342269798364185e+01
2.141586141922446629e+01
2.128310216100481611e+01
2.115536928803683026e+01
2.102967443101071865e+01
2.090032426855788827e+01
2.076406114280605664e+01
2.061977425330358571e+01
2.046649510666380323e+01
2.030597686319864437e+01
2.014362430469002163e+01
2.002571030205809777e+01
1.993936030844340479e+01
1.981102512386890879e+01
1.966259878360972380e+01
1.952281200048355814e+01
1.940779839380383365e+01
1.929626137968778465e+01
1.914979493567620139e+01
1.898629386182271617e+01
1.882124134861980735e+01
1.865775167273541868e+01
1.849768919025578384e+01
1.834226766906591166e+01
1.819261567941198976e+01
1.805180967200238840e+01
1.790831981335920275e+01
1.774893258493401405e+01
1.757115008213397189e+01
1.738220533967206194e+01
1.718669395815400591e+01
1.698386278176993258e+01
1.676933575369335472e+01
1.655045204560941485e+01
1.635758759628959425e+01
1.618320703321752418e+01
1.595697338243570762e+01
1.570117725435637190e+01
1.547142439845801398e+01
1.526889863694206362e+01
1.511685458238504864e+01
1.508342982947718980e+01
1.527088331272685906e+01
1.574711963378514845e+01
1.640599949921750422e+01
1.700994966789923524e+01
1.737316485636749519e+01
1.745107441384787350e+01
1.732140982271722507e+01
1.708416013689855362e+01
1.681077272941769252e+01
1.654120510689603307e+01
1.629761306663004561e+01
1.607694043817626905e+01
1.587118576571788253e+01
1.567562009169324533e+01
1.548375307559121516e+01
1.528642378956574532e+01
1.507664889976575395e+01
1.485030387786310691e+01
1.460299698678918823e+01
1.433560782970181435e+01
1.405104776004934486e+01
1.374737513389530186e+01
1.342269480393690451e+01
1.308270725020284253e+01
1.273006021830792633e+01
1.236536536870873704e+01
1.198540503503807031e+01
1.157916449309757390e+01
1.116922043057120995e+01
1.086172680800131296e+01
1.084393485227414011e+01
1.129294599107173624e+01
1.204405988307982156e+01
1.246562938784217245e+01
1.218600953519004015e+01
1.137858641341052568e+01
1.026789580426944148e+01
8.914666871389613334e+00
7.424706947744543761e+00
6.184432389852218215e+00
5.980786604459875200e+00
7.530145049847128291e+00
1.066045262520778003e+01
1.450051382253300680e+01
1.846257853816439365e+01
2.243090525275601266e+01
2.603196542744361253e+01
2.838824410516589225e+01
2.906771505494870667e+01
2.839570791150133289e+01
2.712493333292113107e+01
2.594027878099426232e+01
2.482263828519607074e+01
2.373642740794853268e+01
2.282098455152174665e+01
2.206990565914966140e+01
2.144128472619250303e+01
2.091896178435656850e+01
2.048884293211473562e+01
2.012222079853071222e+01
1.977823428430992081e+01
1.944671418672235674e+01
1.913348067130022301e+01
1.884228334581866093e+01
1.856778688541046662e+01
1.830420375371519270e+01
1.805107531039130819e+01
1.780658090607990829e+01
1.757125764272127455e+01
1.735669632833717912e+01
1.720752624493914595e+01
1.718300807214084358e+01
1.727823606234026599e+01
1.739805978158664246e+01
1.738397212532025904e+01
1.723006979043245224e+01
1.701637704403027840e+01
1.680718520164955976e+01
1.661845933482175397e+01
1.644964496264536891e+01
1.629558308802477384e+01
1.615321316295058907e+01
1.601997938664466048e+01
1.589346153336923706e+01
1.577118379610178245e+01
1.565406628122240740e+01
1.554164882391975055e+01
1.543313263420720816e+01
1.532733802698984071e+01
1.522376117299809017e+01
1.512289536173562787e+01
1.502358496910641961e+01
1.492698698100785570e+01
1.483199713519479346e+01
1.473893338947473808e+01
1.464707242367100726e+01
1.455653706172826567e+01
1.446767520437497900e+01
1.438119459884334006e+01
1.429693141857408634e+01
1.421512636175503808e+01
1.413816438706648704e+01
1.406580012692344361e+01
1.400138887584811442e+01
1.394443177297195469e+01
1.389264766874721602e+01
1.384199062490880294e+01
1.378726900332640604e+01
1.372351346566876629e+01
1.365073317044681289e+01
1.357343156099626036e+01
1.349397107198174517e+01
1.341633575914167054e+01
1.333988607790793068e+01
1.326686524428899716e+01
1.319656604347349038e+01
1.312954830311547560e+01
1.306539434420339596e+01
1.300455626684998123e+01
1.294613620310459545e+01
1.288872967456019047e+01
1.283246796862587047e+01
1.277727061732470837e+01
1.272309680380458374e+01
1.267125502149745664e+01
1.262247518307106020e+01
1.257819998150297813e+01
1.254129637063519098e+01
1.251228028468709041e+01
1.249322067370973244e+01
1.248280919398748701e+01
1.247691628636669492e+01
1.247218345623968538e+01
1.246431214710841573e+01
1.245165075080159234e+01
1.243180639092339845e+01
1.240366634142607083e+01
1.236791929375487520e+01
1.232611306348989011e+01
1.228050704148857442e+01
1.223254920226846387e+01
1.218250125921702853e+01
1.213038565649546285e+01
1.207590041984290252e+01
1.201959560592887932e+01
1.196275712885568865e+01
1.190408092907568083e+01
1.184465224905454939e+01
1.178546402625037359e+01
1.172620234157647978e+01
1.166704306667072366e+01
1.160785025239394841e+01
1.154916978869298561e+01
1.149070353672373201e+01
1.143269797916733133e+01
1.137483005598715202e+01
1.131735545097642515e+01
1.126115233546833849e+01
1.120553448947424968e+01
1.115084699910301502e+01
1.109684803778790751e+01
1.104304804965536491e+01
1.099008085823813197e+01
1.093769040820429161e+01
1.088541724411474476e+01
1.083415618005052039e+01
1.078247523133938479e+01
1.073139144408012413e+01
1.068077100770901922e+01
1.062965031031460228e+01
1.057859909709629065e+01
1.052775891835096900e+01
1.047720209942525393e+01
1.042587000069739744e+01
1.037482097954692328e+01
1.032423967291441613e+01
1.027355477388316096e+01
1.022302927465750777e+01
1.017314176382499369e+01
1.012411758228551584e+01
1.007482635737954624e+01
1.002622302982748259e+01
9.978579134977053400e+00
9.930785593239946252e+00
9.883653014421561522e+00
9.836653209696377687e+00
9.790657658856844137e+00
9.746013567152626678e+00
9.702114649270109581e+00
9.659482024590493765e+00
9.618051032775008835e+00
9.577229804739150865e+00
9.538279027944662758e+00
9.500577838556468535e+00
9.466004184801050769e+00
9.433630974182701578e+00
9.403579830599259282e+00
9.374744259503618338e+00
9.348034851352787555e+00
9.322075740565788138e+00
9.297104063351168790e+00
9.272737116726109008e+00
9.248518875247643933e+00
9.223700189961824947e+00
9.197502456691797335e+00
9.170303009850897524e+00
9.140743450314763763e+00
9.110109257217841261e+00
9.078801826215983084e+00
9.046769565741499264e+00
9.013521045029138534e+00
8.980983861171774052e+00
8.949516007113222926e+00
8.919961922206653071e+00
8.892511775018311582e+00
8.869085833447922340e+00
8.850003958965366735e+00
8.837243417142524038e+00
8.831240492964253619e+00
8.832302288163553783e+00
8.840273466099612065e+00
8.853545266516404055e+00
8.868788487550970601e+00
8.881867287038344827e+00
8.888878476162602738e+00
8.884592107985399778e+00
8.868395308505409247e+00
8.840492220603396234e+00
8.801095938117663664e+00
8.753803916451087019e+00
8.701749238393430730e+00
8.647319811291648506e+00
8.590603048585506940e+00
8.534186902672056263e+00
8.478237079215229954e+00
8.423834796329373376e+00
8.370320469064711943e+00
8.319053158062642339e+00
8.269131111806609979e+00
8.219974774720119726e+00
8.173309114021803268e+00
8.127520904962885595e+00
8.082231668860060836e+00
8.038310614997698167e+00
7.995379938376538043e+00
7.952427570488336706e+00
7.910364290630708339e+00
7.868541577642417906e+00
7.827245285178102030e+00
7.786443709173167527e+00
7.746181663632737191e+00
7.706887204362359078e+00
7.667583195718425060e+00
7.629312936002666135e+00
7.591692568681267517e+00
7.554278775007425395e+00
7.518385558467016061e+00
7.482659873322477395e+00
7.447268825978754059e+00
7.412837136924390613e+00
7.378140233769362233e+00
7.343734460660096275e+00
7.309365114658344709e+00
7.274769582554489133e+00
7.240398281700440641e+00
7.205378822577007014e+00
7.170816442420997916e+00
7.136073909843483776e+00
7.101439424682509660e+00
7.066452110894224425e+00
7.031579050498583783e+00
6.996794763456541943e+00
6.961739490400989716e+00
6.926937031058713501e+00
6.891911925111974924e+00
6.857244439412423453e+00
6.822980199118461542e+00
6.788664367084613183e+00
6.754383932473571939e+00
6.721153556388164141e+00
6.688494087884141237e+00
6.655672742756254756e+00
6.622342367112564965e+00
6.589158052996188175e+00
6.556554824108209445e+00
6.523137756411511390e+00
6.489845790342477549e+00
6.455515727970866813e+00
6.421602719494993394e+00
6.387676559543335131e+00
6.353460627438977326e+00
6.319553082542603839e+00
6.284662264154642131e+00
6.250045269763734979e+00
6.215638308008444746e+00
6.181279470725611347e+00
6.146166673420927040e+00
6.111668227974511147e+00
6.077422159993905559e+00
6.042726588083771944e+00
6.008363931654899126e+00
5.973950611334600147e+00
5.939738033038951315e+00
5.905721476481835097e+00
5.870958348314433195e+00
5.836254372326122208e+00
5.802534814328561552e+00
5.767572450724760103e+00
5.733152891253442185e+00
5.699446327195167861e+00
5.666018100962071813e+00
5.633039158262489465e+00
5.600165753133990343e+00
5.567975653959185145e+00
5.536891122365679152e+00
5.506584531784772807e+00
5.476508601097052953e+00
5.447319480288523863e+00
5.419282082727759686e+00
5.391621563375875503e+00
5.364925632418293233e+00
5.339239083788271500e+00
5.313413680044821064e+00
5.287772049247588591e+00
5.261627579609758243e+00
5.234987226396362381e+00
5.208940637830589360e+00
5.182449793067358534e+00
5.157166757310132077e+00
5.131465213444488249e+00
5.106486094136025500e+00
5.081584185909203022e+00
5.056156866621543955e+00
5.030550128664214249e+00
5.004788693108730868e+00
4.978685552149636706e+00
4.952214047835597377e+00
4.925113782784107386e+00
4.896831572146041367e+00
4.867723016881962295e+00
4.837706077558527440e+00
4.806243052988523168e+00
4.773412961478639360e+00
4.739696014140567293e+00
4.705160177736828153e+00
4.669936513783635057e+00
4.633652098709973188e+00
4.596754788500061473e+00
4.559786171848294600e+00
4.522355271911062680e+00
4.484688399011279358e+00
4.447128898059556690e+00
4.408982393894531171e+00
4.371550727834105921e+00
4.333412087276080626e+00
4.294744083786466327e+00
4.256374067904507008e+00
4.218064880403837869e+00
4.179523189535250260e+00
4.140324514309716264e+00
4.101135286115011880e+00
4.062130659462106941e+00
4.022857302387205181e+00
3.983267953126368610e+00
3.943354110948152247e+00
3.903780957940587992e+00
3.864041623715537277e+00
3.823954042468062475e+00
3.783650145260765818e+00
3.743088619602750189e+00
3.701915538011644635e+00
3.660559042957452824e+00
3.618988244712853852e+00
3.576568617951766171e+00
3.533801287116425716e+00
3.490522591441422851e+00
3.446593683863759416e+00
3.402504647456507936e+00
3.357330239767418512e+00
3.311553112697068091e+00
3.265157813206692961e+00
3.217812777372834443e+00
3.169559325084346124e+00
3.120579054035995892e+00
3.070438588621025922e+00
3.020005258496600398e+00
2.968424768801372515e+00
2.916065540801170641e+00
2.863481628918031596e+00
2.810739401988828767e+00
2.757358879895644321e+00
2.704384412897762768e+00
2.651837001531013538e+00
2.599851494351625547e+00
2.548888917436077151e+00
2.499181426101316106e+00
2.450885291017467438e+00
2.404227263754036059e+00
2.358520937593003186e+00
2.315560817482774869e+00
2.274781136854374886e+00
2.236654535894995632e+00
2.202137786955514542e+00
2.172370819756200611e+00
2.148747693187360142e+00
2.132862891948198225e+00
2.125887780163593366e+00
2.129159988100265188e+00
2.144356233512593413e+00
2.173362006162691706e+00
2.219507931705926307e+00
2.285863898941421724e+00
2.372048472862980706e+00
2.480120635826613462e+00
2.613571451490823261e+00
2.777544441100557204e+00
2.989248696204051647e+00
3.254058721663332321e+00
3.576420405173693418e+00
3.958233611288545450e+00
4.395343803833104523e+00
4.876257173930709676e+00
5.358336539299751955e+00
5.798582430279483724e+00
6.168377215930985535e+00
6.446785452909025160e+00
6.616347924297032890e+00
6.663725487801700709e+00
6.634122534577479691e+00
6.544671261820661279e+00
6.411768941667396859e+00
6.250182611112291120e+00
6.076192159959074246e+00
5.900885855042844241e+00
5.727178684616792026e+00
5.557033599226330445e+00
5.392221292201852201e+00
5.232731773024601019e+00
5.079812730895398865e+00
4.934448115501519183e+00
4.797349375973377406e+00
4.671579264891339456e+00
4.555183794229753502e+00
4.446993582050856375e+00
4.346551627007721130e+00
4.253794401847994067e+00
4.169389487416085949e+00
4.090150685498947780e+00
4.015624947097919062e+00
3.945391212614865584e+00
3.879577506635488948e+00
3.816668492873048546e+00
3.755549134765677532e+00
3.695703965419463000e+00
3.637397678282294766e+00
3.580344932221777743e+00
3.524576916685214112e+00
3.470132160117881615e+00
3.417128044004941856e+00
3.366384741735713337e+00
3.316954896117775942e+00
3.268869539073864239e+00
3.222551528061365023e+00
3.177817656844578842e+00
3.134272176898854401e+00
3.091881320694084945e+00
3.050734904915239021e+00
3.010752206108841644e+00
2.971184356094008550e+00
2.932127109742161064e+00
2.894042749224388533e+00
2.856563838514594167e+00
2.819475143906646775e+00
2.782891690218099789e+00
2.747382537184854367e+00
2.712244101815353581e+00
2.677490507188107216e+00
2.643234909334869709e+00
2.610258443763722180e+00
2.577051896958532762e+00
2.544293587794634437e+00
2.512440430244974543e+00
2.481069583954203406e+00
2.449937774755235331e+00
2.419240044850417881e+00
2.389431613535328847e+00
2.360012572101686690e+00
2.330973822120955941e+00
2.302324953562431720e+00
2.274113416415239008e+00
2.246021967754029180e+00
2.218134496842045777e+00
2.190587757280978654e+00
2.163320629703890052e+00
2.135901493677117902e+00
2.108306748005084330e+00
2.080656422647503501e+00
2.052515241164714066e+00
2.024192853994708940e+00
1.995929871500395691e+00
1.967173078641746287e+00
1.938185386866629223e+00
1.908998024818126193e+00
1.879590771203004662e+00
1.850299834874269855e+00
1.821075177783530341e+00
1.791834501822138881e+00
1.762923480214755534e+00
1.733933932315433246e+00
1.704592393445233611e+00
1.675660137688553153e+00
1.646814306142053264e+00
1.618013894969264177e+00
1.589081622600728938e+00
1.560481409471056180e+00
1.532187323390466815e+00
1.504306473352380547e+00
1.476234055700529790e+00
1.448225948646450600e+00
1.420795835518759764e+00
1.393529260221298971e+00
1.366465868678306439e+00
1.339764794903880896e+00
1.313072363930110731e+00
1.286440567176474925e+00
1.259914248942499704e+00
1.234011155973819607e+00
1.208108438799891271e+00
1.182089792266100670e+00
1.155910957102552095e+00
1.129934419046933369e+00
1.104223223351371352e+00
1.077991166508023513e+00
1.052085175138539386e+00
1.026569651443681508e+00
1.000440495550504849e+00
9.744239428101949541e-01
9.485439838378543209e-01
9.225814393987716855e-01
8.970187241608091888e-01
8.718953390902167699e-01
8.464640715468695342e-01
8.212344313986968958e-01
7.962524767213884358e-01
7.714787007957175646e-01
7.470460245455473602e-01
7.230522311484214315e-01
6.983956168780814933e-01
6.741214791945385754e-01
6.505713383285626206e-01
6.265169800064844807e-01
6.025139027778201317e-01
5.787960539390696324e-01
5.553532968206281728e-01
5.319598532041419636e-01
5.084934928672774079e-01
4.852590140961174914e-01
4.621263443323752607e-01
4.390258882452620082e-01
4.159432010215560749e-01
3.928554147607907776e-01
3.695145824834070170e-01
3.463747866948660437e-01
3.234327071268848219e-01
2.999312176675593133e-01
2.767072978636676561e-01
2.539887463106670906e-01
2.304426159780300631e-01
2.067942573421781005e-01
1.834187725036900696e-01
1.598451099385676255e-01
1.361151082089505360e-01
1.118011324412209184e-01
8.761891822161341215e-02
6.356395476028929570e-02
3.903897413050253645e-02
1.452297631337467337e-02
-9.897572526028835388e-03
-3.432883386497097983e-02
-5.879452639527463220e-02
-8.344044847596211734e-02
-1.080091445342553635e-01
-1.325135218705001117e-01
-1.568703550379873801e-01
-1.812555833940179828e-01
-2.057153682598328592e-01
-2.300424585820764478e-01
-2.543087730711558470e-01
-2.784925503966129701e-01
-3.028616015350569790e-01
-3.274232784053440204e-01
-3.516773074398977239e-01
-3.759582375723692360e-01
-4.004697975856321146e-01
-4.251786575082191488e-01
-4.500124051260854796e-01
-4.750531553103745641e-01
-5.002500095321855689e-01
-5.257390452166464945e-01
-5.516383934104377440e-01
-5.777015515816982250e-01
-6.035707341070982723e-01
-6.299106627693408234e-01
-6.569356334595749525e-01
-6.839664807164641536e-01
-7.110874866375640480e-01
-7.390141890684163162e-01
-7.671079733910822762e-01
-7.954155232736488390e-01
-8.243126625288980103e-01
-8.534980162783940560e-01
-8.836570955804244898e-01
-9.142693119732018259e-01
-9.454684442365394181e-01
-9.771086916149486212e-01
-1.008987669671424614e+00
-1.041996209840298393e+00
-1.075356618687826504e+00
-1.109249288786093190e+00
-1.143949514403323819e+00
-1.178985291752856046e+00
-1.214376700706104817e+00
-1.249697878950333685e+00
-1.284873432347294564e+00
-1.319936206893961295e+00
-1.354931798906066076e+00
-1.387508327847119194e+00
-1.418933277167034213e+00
-1.446931595070463539e+00
-1.471505307279148411e+00
-1.492750629855739586e+00
-1.505934238837544292e+00
-1.515903654885320417e+00
-1.512105973773629541e+00
-1.499629198044928113e+00
-1.471180405056367047e+00
-1.422147008241512189e+00
-1.360804942188845956e+00
-1.269387651966482844e+00
-1.170126841855009037e+00
-1.048322536954601203e+00
-9.183370735308368227e-01
-7.771944368723714414e-01
-6.262018499985908537e-01
-4.705910891724185419e-01
-3.008613273150600453e-01
-1.297336536920809524e-01
4.320441948763819456e-02
2.000312062262540880e-01
3.354939658934456559e-01
4.220580700218349302e-01
4.847057825586490454e-01
4.799195088161917755e-01
4.614210862274149005e-01
4.010188544492809815e-01
3.312128584513951424e-01
2.455367149418244688e-01
1.556146936603604591e-01
6.283167743854786713e-02
-2.746466726507820408e-02
-1.169847003791197881e-01
-2.004393962649173855e-01
-2.819873479332335453e-01
-3.577821342680084782e-01
-4.303491534190330703e-01
-4.990943090597101950e-01
-5.638048855328307019e-01
-6.264616967064075004e-01
-6.845797910098196937e-01
-7.417327432223583816e-01
-7.950112519172400916e-01
-8.473713566633398475e-01
-8.970087622079904177e-01
-9.452167622349376686e-01
-9.916086976402194164e-01
-1.035991595436898116e+00
-1.079166254623307397e+00
-1.120830915377298176e+00
-1.162128141141365312e+00
-1.200604250383873195e+00
-1.238699043652472298e+00
-1.274979906804722951e+00
-1.310671277748370445e+00
-1.345101776390281723e+00
-1.378708010415828689e+00
-1.411426909503632698e+00
-1.443456704426457238e+00
-1.475099441286898294e+00
-1.505512364993171204e+00
-1.535607874275987328e+00
-1.565372453991010993e+00
-1.594973260227370515e+00
-1.623131971232729232e+00
-1.651208249859287491e+00
-1.679012913637548676e+00
-1.706580722086868285e+00
-1.733745698664981072e+00
-1.760473318199334392e+00
-1.786769510017995444e+00
-1.812912820677004211e+00
-1.838967209064224173e+00
-1.864292892688478087e+00
-1.889384381753272502e+00
-1.914353450979192850e+00
-1.939305348564427156e+00
-1.963698359957302353e+00
-1.988058698194660190e+00
-2.012173199957825176e+00
-2.036213594251544023e+00
-2.059977805447704036e+00
-2.083519565992929756e+00
-2.106576171783241858e+00
-2.129573746998161710e+00
-2.152487355351798026e+00
-2.175317546577376415e+00
-2.198066579522833131e+00
-2.220537276912470492e+00
-2.242819713354621047e+00
-2.264907410160458490e+00
-2.286904212306821282e+00
-2.308543048094045869e+00
-2.330070461414100791e+00
-2.351260237531699993e+00
-2.372385242273718831e+00
-2.393040334474781705e+00
-2.413649532789188257e+00
-2.433931062449176341e+00
-2.454176896222115989e+00
-2.473766526868678817e+00
-2.493305897190522202e+00
-2.512394274968988483e+00
-2.531459600562375734e+00
-2.550398690066927099e+00
-2.569095229723980633e+00
-2.586845773217760325e+00
-2.604613692733628305e+00
-2.622433953486898339e+00
-2.640034692896597868e+00
-2.657097701654265620e+00
-2.673935434794882493e+00
-2.690307481424720315e+00
-2.706483590220641222e+00
-2.722307780196238536e+00
-2.737862861326493924e+00
-2.752987557294185983e+00
-2.768011840935566070e+00
-2.782889972717572213e+00
-2.797684189275365885e+00
-2.812364973093274045e+00
-2.827410159501001718e+00
-2.842921748370164092e+00
-2.858509113261372914e+00
-2.874190059175069312e+00
-2.889959684881480584e+00
-2.905836971369547328e+00
-2.922119679214277177e+00
-2.938895322895064943e+00
-2.955826050568811425e+00
-2.972949175121517129e+00
-2.990760420034406675e+00
-3.009459254487484081e+00
-3.028109233357626273e+00
-3.046692424509811925e+00
-3.065410300369320495e+00
-3.084327210223362759e+00
-3.103222256000131907e+00
-3.122081636856794962e+00
-3.140875950840497310e+00
-3.159550405955759089e+00
-3.178301469099662491e+00
-3.197216090225158958e+00
-3.216085941016022964e+00
-3.234841474118054006e+00
-3.253577744553410867e+00
-3.272252734890167769e+00
-3.290903677409062755e+00
-3.309453545729968749e+00
-3.327973016559916619e+00
-3.346306548641409417e+00
-3.364626957078561631e+00
-3.382804434088061640e+00
-3.400984814772795684e+00
-3.419288860165623500e+00
-3.437592905558458423e+00
-3.455637997774660963e+00
-3.473671464699539246e+00
-3.491933585196078660e+00
-3.510225019310881489e+00
-3.527951662125528909e+00
-3.545546618345719381e+00
-3.563119186876429811e+00
-3.580683504351104496e+00
-3.598215233949274339e+00
-3.615729080551656427e+00
-3.633056969304717221e+00
-3.650236268305971699e+00
-3.667364851786156343e+00
-3.684434187220497314e+00
-3.701456994273695678e+00
-3.718397701810107314e+00
-3.735268147597146093e+00
-3.751935903166599751e+00
-3.768600056674931142e+00
-3.785243514903656070e+00
-3.801883803639457327e+00
-3.818434645994909893e+00
-3.834985488350365124e+00
-3.851493078839123285e+00
-3.867996667988302217e+00
-3.884562849385886363e+00
-3.901145515466501568e+00
-3.917716949650450697e+00
-3.934282671007703680e+00
-3.950786873707682112e+00
-3.967236361372452613e+00
-3.983706015207960860e+00
-4.000207110375906261e+00
-4.016780876520504862e+00
-4.033575800598115713e+00
-4.050349733375072425e+00
-4.066932509827610787e+00
-4.083515286280148260e+00
-4.100250820414305331e+00
-4.116995139786427060e+00
-4.133593806867726705e+00
-4.150153129318512768e+00
-4.166610068531733546e+00
-4.183005329344567258e+00
-4.199437692087410134e+00
-4.215914352957561562e+00
-4.232320401882073035e+00
-4.248547146873607794e+00
-4.264696322066871659e+00
-4.280179195575507300e+00
-4.295662069084151824e+00
-4.311129298693776590e+00
-4.326595186292834683e+00
-4.341378848528323786e+00
-4.355913591560669040e+00
-4.370411365426662975e+00
-4.384877559522992740e+00
-4.399006538716491832e+00
-4.412483516565445463e+00
-4.425930580459323416e+00
-4.439189849502562346e+00
-4.452449118545801277e+00
-4.465793379159831211e+00
-4.479144151468390511e+00
-4.492486103011581910e+00
-4.505824541658789428e+00
-4.519344689330917930e+00
-4.533049169186781135e+00
-4.546947325455130695e+00
-4.561362438138243824e+00
-4.575772253612763407e+00
-4.590065697971658309e+00
-4.604359142330554988e+00
-4.619355842394053724e+00
-4.634518150416508497e+00
-4.650135513109270313e+00
-4.666096014491741606e+00
-4.682289804121166021e+00
-4.698966677361430477e+00
-4.715755546880651572e+00
-4.733905569180195450e+00
-4.752055591479742880e+00
-4.770359121767482335e+00
-4.788696072688082950e+00
-4.807366501918832746e+00
-4.826297675825474975e+00
-4.845309240423121722e+00
-4.864512023231052140e+00
-4.883712607218308577e+00
-4.902829285623591993e+00
-4.921945964028883402e+00
-4.941059924475877274e+00
-4.960172978259509868e+00
-4.979273605185382756e+00
-4.998360158914593399e+00
-5.017389911375712330e+00
-5.036165661595245702e+00
-5.054941411814779073e+00
-5.073525750984759775e+00
-5.092086747535063296e+00
-5.110588538129825054e+00
-5.129049957200764176e+00
-5.147359499279462902e+00
-5.165301758561884782e+00
-5.183244017844313767e+00
-5.201218192683428221e+00
-5.219192846666357966e+00
-5.237017219102480858e+00
-5.254768424574636221e+00
-5.272426490346305172e+00
-5.289915012868594779e+00
-5.307394289323887016e+00
-5.324586866398116847e+00
-5.341779443472344013e+00
-5.359034111021273361e+00
-5.376315065774837976e+00
-5.393571547851181869e+00
-5.410786092081685261e+00
-5.427999962607143125e+00
-5.445191334084645618e+00
-5.462382705562141005e+00
-5.479522260783377341e+00
-5.496637904884595471e+00
-5.513769150924384910e+00
-5.530931505157174577e+00
-5.548093859389971350e+00
-5.565066895839225758e+00
-5.582035746243735552e+00
-5.599145370697295121e+00
-5.616342273655218875e+00
-5.633561666989140626e+00
-5.650848256815106829e+00
-5.668134846641092572e+00
-5.685520205333273402e+00
-5.702919187311000115e+00
-5.720158094107374858e+00
-5.737237782924159646e+00
-5.754261961789490343e+00
-5.770872880612978761e+00
-5.787483799436462739e+00
-5.804098315342264058e+00
-5.820714161697338795e+00
-5.837196816330448179e+00
-5.853416343148295731e+00
-5.869635869966143282e+00
-5.885517147329623278e+00
-5.901375538722609448e+00
-5.916961454417962507e+00
-5.932307338800231200e+00
-5.947639921821253672e+00
-5.962875998728311089e+00
-5.978112075635374723e+00
-5.993852448902613261e+00
-6.009803781451117821e+00
-6.025724087913566507e+00
-6.041565946988737501e+00
-6.057407806063911160e+00
-6.073880163346460748e+00
-6.090458427592818857e+00
-6.107072774950619731e+00
-6.123736269437320523e+00
-6.140399763924023979e+00
-6.157190275892996389e+00
-6.173982731461719276e+00
-6.191160483704100770e+00
-6.208665296058978100e+00
-6.226164378452255121e+00
-6.243606354732747832e+00
-6.261048331013239654e+00
-6.278470856647772713e+00
-6.295882243177515214e+00
-6.313353703971182895e+00
-6.331108645233364030e+00
-6.348863586495543387e+00
-6.366802632335290646e+00
-6.384817537272165389e+00
-6.402767193492931774e+00
-6.420505433091284964e+00
-6.438243672689644370e+00
-6.455972869321305652e+00
-6.473699175529462835e+00
-6.491329547867734640e+00
-6.508705757832343508e+00
-6.526081967796947936e+00
-6.543473886936928885e+00
-6.560870120571559383e+00
-6.578159963953853939e+00
-6.595188447308710344e+00
-6.612216930663580960e+00
-6.628560697036354199e+00
-6.644720600893170293e+00
-6.660891803505156972e+00
-6.677091834960918959e+00
-6.693291866416684499e+00
-6.708333389352029386e+00
-6.723026995056756050e+00
-6.737593667975811940e+00
-6.751781013651232399e+00
-6.765968359326654635e+00
-6.779049178810419463e+00
-6.791713648689519545e+00
-6.804014125890824438e+00
-6.814827731502427710e+00
-6.825641337114026541e+00
-6.834604395908363550e+00
-6.842617904527216410e+00
-6.850279989547623849e+00
-6.855346966858824054e+00
-6.860413944170018041e+00
-6.862513468229319180e+00
-6.862390667071649908e+00
-6.862166965662559015e+00
-6.856571356564709063e+00
-6.850975747466858223e+00
-6.842210813730604357e+00
-6.829713352953746153e+00
-6.817215892176890613e+00
-6.799719749672750169e+00
-6.781631310421271763e+00
-6.761788038985636184e+00
-6.738266879298399736e+00
-6.714745719611166841e+00
-6.689190044915852340e+00
-6.662941779172297352e+00
-6.636541195261432158e+00
-6.609359130360985546e+00
-6.582177065460536269e+00
-6.554854793050778561e+00
-6.527428568233608175e+00
-6.500002343416430683e+00
-6.473498078928487054e+00
-6.447013201901112822e+00
-6.421055348060860091e+00
-6.395962565798503086e+00
-6.370869783536137199e+00
-6.347511303929528559e+00
-6.324665710031146304e+00
-6.302408401216776923e+00
-6.283264133293924303e+00
-6.264119865371070794e+00
-6.247266694035378265e+00
-6.232364496524922970e+00
-6.217462299014468563e+00
-6.207324136527414105e+00
-6.197627383218787145e+00
-6.189259958727946653e+00
-6.184239584264525469e+00
-6.179219209801107837e+00
-6.177260882828878863e+00
-6.176971279572510021e+00
-6.176702808705098136e+00
-6.181468663683499898e+00
-6.186234518661896331e+00
-6.193046900427209067e+00
-6.203577530387231143e+00
-6.214108160347254994e+00
-6.227988160672577322e+00
-6.243305493485242330e+00
-6.258788893627211358e+00
-6.278439784697744663e+00
-6.298090675768277080e+00
-6.319431218121081884e+00
-6.343639085564411140e+00
-6.367846953007735955e+00
-6.394658503317267595e+00
-6.422601411254853510e+00
-6.450593132480168634e+00
-6.481366506352139290e+00
-6.512139880224106392e+00
-6.543378055537430349e+00
-6.575554741839314765e+00
-6.607731428141188523e+00
-6.639980630666683759e+00
-6.672270801398523687e+00
-6.704560972130358287e+00
-6.736526172664880185e+00
-6.768470840172192027e+00
-6.800103597346225826e+00
-6.830726183436496513e+00
-6.861348769526760982e+00
-6.891574352191591757e+00
-6.921440801586482117e+00
-6.951307250981375141e+00
-6.979798231340414105e+00
-7.007962179663270952e+00
-7.036059517864353907e+00
-7.063435331198005152e+00
-7.090811144531665278e+00
-7.117665572552096087e+00
-7.143572046590885627e+00
-7.169478520629660956e+00
-7.195052945391116950e+00
-7.220422885185616479e+00
-7.245792824980125779e+00
-7.270130156350862016e+00
-7.294322133912266359e+00
-7.318432684821094547e+00
-7.341988575133218120e+00
-7.365544465445325706e+00
-7.388874969733882025e+00
-7.411826740225057719e+00
-7.434778510716238742e+00
-7.457349621369957937e+00
-7.479679196120291529e+00
-7.502008770870626897e+00
-7.524011672015030960e+00
-7.545954263563800168e+00
-7.567853888025853237e+00
-7.589183785398210702e+00
-7.610513682770577937e+00
-7.631623493932629287e+00
-7.652193705659977141e+00
-7.672763917387330324e+00
-7.693418014828432128e+00
-7.714155038397676911e+00
-7.734892061966911925e+00
-7.754607624202114025e+00
-7.773905201954389277e+00
-7.793202779706669858e+00
-7.812371399165681574e+00
-7.831527253157813284e+00
-7.850632483029711395e+00
-7.869300530221923218e+00
-7.887968577414136817e+00
-7.906490486673698470e+00
-7.924656621268180601e+00
-7.942822755862659179e+00
-7.960710422592856439e+00
-7.978286659681951498e+00
-7.995862896771062545e+00
-8.012901143262748604e+00
-8.029645172820977450e+00
-8.046389202379215178e+00
-8.063183493187322526e+00
-8.079989242289965290e+00
-8.096794991392599172e+00
-8.113444996922085650e+00
-8.130091124815269410e+00
-8.146708062545126694e+00
-8.163130548330697067e+00
-8.179553034116258559e+00
-8.196040915361354706e+00
-8.212697980596390224e+00
-8.229355045831423965e+00
-8.245953556508110793e+00
-8.262471358380020447e+00
-8.278989160251930102e+00
-8.295436989891360469e+00
-8.311828840892220072e+00
-8.328220691893102767e+00
-8.344590009790600504e+00
-8.360948919590258654e+00
-8.377307829389918581e+00
-8.393970608118740628e+00
-8.410706569115706799e+00
-8.427442530112676522e+00
-8.444188164955875209e+00
-8.460934627955840170e+00
-8.477673520111006056e+00
-8.494165303446941095e+00
-8.510657086782867253e+00
-8.527140425072190055e+00
-8.543568058495994322e+00
-8.559995691919798588e+00
-8.576343937464679712e+00
-8.592421664635269352e+00
-8.608499391805857215e+00
-8.624604635235685990e+00
-8.640769597937993041e+00
-8.656934560640287657e+00
-8.672858704853949163e+00
-8.688417461125704122e+00
-8.703976217397460857e+00
-8.719576528892611478e+00
-8.735223259191151612e+00
-8.750869989489702405e+00
-8.766426343253714393e+00
-8.781905931904562479e+00
-8.797385520555430105e+00
-8.812723876828773228e+00
-8.827968985018241455e+00
-8.843214093207693693e+00
-8.858496816618016467e+00
-8.873799164828009012e+00
-8.889101513037983793e+00
-8.904156315028073365e+00
-8.919107627546447148e+00
-8.934058940064804943e+00
-8.948955974029820126e+00
-8.963834568268644887e+00
-8.978713162507451884e+00
-8.993471310921405504e+00
-9.008195652758750782e+00
-9.022919994596110271e+00
-9.037476015189414014e+00
-9.051992145123422873e+00
-9.066508275057428179e+00
-9.081023416658602798e+00
-9.095538354592493491e+00
-9.110053292526394841e+00
-9.124231666928169560e+00
-9.138347357648633817e+00
-9.152463048369087417e+00
-9.166167968644897357e+00
-9.179800382197832676e+00
-9.193432795750773323e+00
-9.206689319425857221e+00
-9.219879531627308111e+00
-9.233069743828748344e+00
-9.245853948243432541e+00
-9.258562652448905084e+00
-9.271271356654372298e+00
-9.283044229643889977e+00
-9.294624647673266793e+00
-9.306205065702627621e+00
-9.317089295182169550e+00
-9.327808846314594504e+00
-9.338528397447014129e+00
-9.348694448809604651e+00
-9.358705313503673295e+00
-9.368716178197727729e+00
-9.377725224896673595e+00
-9.386393814692327808e+00
-9.395062404487989127e+00
-9.403026129077284523e+00
-9.410694482811292616e+00
-9.418362836545300709e+00
-9.424314637225482016e+00
-9.429366404601992713e+00
-9.434418171978490975e+00
-9.437145671677679815e+00
-9.438325779808788951e+00
-9.439505887939903417e+00
-9.438190388386999530e+00
-9.434728242754404803e+00
-9.431266097121813630e+00
-9.425866239222306930e+00
-9.418261751465351495e+00
-9.410657263708371190e+00
-9.402707323648179738e+00
-9.394219103790666381e+00
-9.385730883933142366e+00
-9.377500552230845443e+00
-9.369852554676565859e+00
-9.362204557122284498e+00
-9.355267431782726462e+00
-9.350912856514264959e+00
-9.346558281245796351e+00
-9.342651859917905810e+00
-9.342106888029036327e+00
-9.341561916140193489e+00
-9.341076215377917435e+00
-9.345354842112444160e+00
-9.349633468846977991e+00
-9.353912095581506492e+00
-9.363947637220723763e+00
-9.374624407480412813e+00
-9.385301177740114298e+00
-9.400591956013215622e+00
-9.417183400033584562e+00
-9.433774844053957054e+00
-9.452805716745826814e+00
-9.473131630105875445e+00
-9.493457543465932957e+00
-9.514933077481305901e+00
-9.537473479406013865e+00
-9.560013881330709395e+00
-9.582842228040302501e+00
-9.606144736460137779e+00
-9.629447244879965950e+00
-9.652550272078485705e+00
-9.674982737977101621e+00
-9.697415203875715761e+00
-9.719806079567106849e+00
-9.741672457092384718e+00
-9.763538834617651929e+00
-9.785405212142931575e+00
-9.806517037783841317e+00
-9.827554589416850561e+00
-9.848592141049849147e+00
-9.868799067417988624e+00
-9.888714170428459127e+00
-9.908629273438924301e+00
-9.928029042661819403e+00
-9.947027717673449843e+00
-9.966026392685089164e+00
-9.984617765388442479e+00
-1.000253698002960157e+01
-1.002045619467077486e+01
-1.003828018713478976e+01
-1.005568460290073141e+01
-1.007308901866666950e+01
-1.009049343443260760e+01
-1.010752241751692360e+01
-1.012454578389924542e+01
-1.014156915028156369e+01
-1.015810381567328591e+01
-1.017449917218524824e+01
-1.019089452869722834e+01
-1.020676636141006810e+01
-1.022223298218030152e+01
-1.023769960295054027e+01
-1.025313682371821145e+01
-1.026851743078409918e+01
-1.028389803784997980e+01
-1.029924989045050232e+01
-1.031437487890998383e+01
-1.032949986736947778e+01
-1.034462485582896463e+01
-1.035933961032477058e+01
-1.037399615029017674e+01
-1.038865269025557581e+01
-1.040316801677345815e+01
-1.041760094327681330e+01
-1.043203386978018976e+01
-1.044629392126402045e+01
-1.046027168119804251e+01
-1.047424944113204148e+01
-1.048819933185056108e+01
-1.050194602149021428e+01
-1.051569271112986925e+01
-1.052943940076951179e+01
-1.054284369904311980e+01
-1.055618941470811301e+01
-1.056953513037312220e+01
-1.058298321916014295e+01
-1.059650554414792722e+01
-1.061002786913573459e+01
-1.062321993783825036e+01
-1.063563353723993821e+01
-1.064804713664163316e+01
-1.066046195239212402e+01
-1.067301837615899096e+01
-1.068557479992584902e+01
-1.069813122369271063e+01
-1.071037860251764862e+01
-1.072250071812866601e+01
-1.073462283373968518e+01
-1.074673145677181729e+01
-1.075882042459560317e+01
-1.077090939241940148e+01
-1.078291219434647452e+01
-1.079409308821326441e+01
-1.080527398208004186e+01
-1.081645487594682820e+01
-1.082735797414838430e+01
-1.083818046770307042e+01
-1.084900296125775299e+01
-1.085959422836374344e+01
-1.086990019498998628e+01
-1.088020616161623444e+01
-1.089050965058293841e+01
-1.090079360196127389e+01
-1.091107755333962537e+01
-1.092136150471797329e+01
-1.093140124833066729e+01
-1.094136794021961734e+01
-1.095133463210856206e+01
-1.096165532825792432e+01
-1.097246642752415902e+01
-1.098327752679038483e+01
-1.099412716466021678e+01
-1.100557001506742694e+01
-1.101701286547463354e+01
-1.102845571588184903e+01
-1.104074723685464399e+01
-1.105341114301561234e+01
-1.106607504917659490e+01
-1.107883229636044220e+01
-1.109178671472716005e+01
-1.110474113309388144e+01
-1.111769555146059929e+01
-1.113143884984453180e+01
-1.114523269086135571e+01
-1.115902653187818849e+01
-1.117319849994448333e+01
-1.118767923979923751e+01
-1.120215997965400589e+01
-1.121669187110799193e+01
-1.123150613577075418e+01
-1.124632040043354131e+01
-1.126113466509631955e+01
-1.127590821905826779e+01
-1.129066808804082811e+01
-1.130542795702338488e+01
-1.132017803029203762e+01
-1.133490871234513087e+01
-1.134963939439822589e+01
-1.136437007645131736e+01
-1.137895089620430156e+01
-1.139351778618805255e+01
-1.140808467617180888e+01
-1.142245173553116011e+01
-1.143660779271967876e+01
-1.145076384990817431e+01
-1.146492272681711277e+01
-1.147913523556890780e+01
-1.149334774432069750e+01
-1.150756025307249075e+01
-1.152163855689914662e+01
-1.153562944927036149e+01
-1.154962034164157814e+01
-1.156351742997950005e+01
-1.157689625131049205e+01
-1.159027507264146983e+01
-1.160365389397246005e+01
-1.161736303460581787e+01
-1.163121851954206321e+01
-1.164507400447833163e+01
-1.165879226413705361e+01
-1.167203712752058209e+01
-1.168528199090410880e+01
-1.169852685428764971e+01
-1.171163533100404663e+01
-1.172469797713151607e+01
-1.173776062325898017e+01
-1.175066711177194456e+01
-1.176313875228229655e+01
-1.177561039279264143e+01
-1.178808203330299520e+01
-1.180046774984427849e+01
-1.181282807996768902e+01
-1.182518841009109778e+01
-1.183737054395713351e+01
-1.184907474794850479e+01
-1.186077895193986009e+01
-1.187248315593123671e+01
-1.188384212086755376e+01
-1.189509395363790745e+01
-1.190634578640825936e+01
-1.191737223977329485e+01
-1.192771040950946748e+01
-1.193804857924562413e+01
-1.194838674898178077e+01
-1.195790688378743027e+01
-1.196711215200954470e+01
-1.197631742023164669e+01
-1.198535062138043195e+01
-1.199364711430788688e+01
-1.200194360723535425e+01
-1.201024010016281984e+01
-1.201783342184487857e+01
-1.202504555141511844e+01
-1.203225768098536719e+01
-1.203935961236022578e+01
-1.204546341052070701e+01
-1.205156720868120601e+01
-1.205767100684168192e+01
-1.206336389383248608e+01
-1.206870984450163142e+01
-1.207405579517079097e+01
-1.207940174583993986e+01
-1.208434775680957607e+01
-1.208928426426150615e+01
-1.209422077171343624e+01
-1.209880189948444773e+01
-1.210285690165123462e+01
-1.210691190381803040e+01
-1.211096690598481729e+01
-1.211524555188485053e+01
-1.211957286702529757e+01
-1.212390018216575349e+01
-1.212850674600631784e+01
-1.213404219139346374e+01
-1.213957763678061674e+01
-1.214511308216775376e+01
-1.215203233410635697e+01
-1.215975481473298636e+01
-1.216747729535959976e+01
-1.217523957829582137e+01
-1.218449132814712677e+01
-1.219374307799843571e+01
-1.220299482784972867e+01
-1.221286402840477869e+01
-1.222361806216092006e+01
-1.223437209591706321e+01
-1.224512612967317970e+01
-1.225715636508316919e+01
-1.226953065241457175e+01
-1.228190493974599207e+01
-1.229450300455114764e+01
-1.230831221977666523e+01
-1.232212143500220058e+01
-1.233593065022772350e+01
-1.235041967166669785e+01
-1.236554666462132523e+01
-1.238067365757594729e+01
-1.239580065053058000e+01
-1.241179933122677070e+01
-1.242793126179907404e+01
-1.244406319237139158e+01
-1.246028790678957066e+01
-1.247686056156617340e+01
-1.249343321634277260e+01
-1.251000587111936468e+01
-1.252661243917326495e+01
-1.254324729538804384e+01
-1.255988215160281740e+01
-1.257651700781760162e+01
-1.259327334735943005e+01
-1.261004760586937579e+01
-1.262682186437931797e+01
-1.264341010696725398e+01
-1.265920135753759901e+01
-1.267499260810793871e+01
-1.269078385867828196e+01
-1.270630141149886860e+01
-1.272154363674249034e+01
-1.273678586198611562e+01
-1.275202808722973202e+01
-1.276699190707428855e+01
-1.278188581734786311e+01
-1.279677972762142524e+01
-1.281157224205073319e+01
-1.282535849580771625e+01
-1.283914474956468510e+01
-1.285293100332166460e+01
-1.286702677318236887e+01
-1.288163787001535709e+01
-1.289624896684831334e+01
-1.291086006368128203e+01
-1.292476234348703912e+01
-1.293828358469299822e+01
-1.295180482589895377e+01
-1.296532606710492708e+01
-1.297862045949014842e+01
-1.299189429894456005e+01
-1.300516813839897701e+01
-1.301838475538796125e+01
-1.303133135925134312e+01
-1.304427796311471255e+01
-1.305722456697808198e+01
-1.306985021197939645e+01
-1.308204016096347999e+01
-1.309423010994757597e+01
-1.310642005893166662e+01
-1.311872423529021958e+01
-1.313108599347878425e+01
-1.314344775166735779e+01
-1.315580950985592779e+01
-1.316782835171683175e+01
-1.317980775471865940e+01
-1.319178715772049237e+01
-1.320376399005251145e+01
-1.321572200099837779e+01
-1.322768001194426013e+01
-1.323963802289012648e+01
-1.325145907033023995e+01
-1.326300796601943333e+01
-1.327455686170862492e+01
-1.328610575739782007e+01
-1.329741279223696360e+01
-1.330851434746162631e+01
-1.331961590268629259e+01
-1.333071745791094820e+01
-1.334223828652962851e+01
-1.335390811554217905e+01
-1.336557794455475623e+01
-1.337724777356732631e+01
-1.338820324395499028e+01
-1.339910177152595416e+01
-1.341000029909691804e+01
-1.342089262146035189e+01
-1.343173247520866020e+01
-1.344257232895698273e+01
-1.345341218270529815e+01
-1.346428114941310206e+01
-1.347522628070325013e+01
-1.348617141199339109e+01
-1.349711654328352495e+01
-1.350783967134787389e+01
-1.351827850739411652e+01
-1.352871734344035382e+01
-1.353915617948659467e+01
-1.354924065693450963e+01
-1.355908049786452452e+01
-1.356892033879453940e+01
-1.357876017972454719e+01
-1.358885476036977558e+01
-1.359904079820429423e+01
-1.360922683603880579e+01
-1.361941287387331379e+01
-1.362857391656003259e+01
-1.363758338065074227e+01
-1.364659284474144663e+01
-1.365560230883218473e+01
-1.366425302692360155e+01
-1.367290288441493651e+01
-1.368155274190628390e+01
-1.369006187646192885e+01
-1.369748927535484029e+01
-1.370491667424774285e+01
-1.371234407314066850e+01
-1.371945057849091398e+01
-1.372544331919232974e+01
-1.373143605989374549e+01
-1.373742880059518079e+01
-1.374302287847156556e+01
-1.374778235996476106e+01
-1.375254184145795655e+01
-1.375730132295116448e+01
-1.376148498702776202e+01
-1.376485311876861140e+01
-1.376822125050948920e+01
-1.377158938225035634e+01
-1.377368750808046549e+01
-1.377449224398554151e+01
-1.377529697989062463e+01
-1.377610171579568110e+01
-1.377554587904577232e+01
-1.377395519659376077e+01
-1.377236451414177054e+01
-1.377077383168978564e+01
-1.376748806313643669e+01
-1.376321310180580504e+01
-1.375893814047514674e+01
-1.375466317914450265e+01
-1.374921856011396848e+01
-1.374323833223925284e+01
-1.373725810436452832e+01
-1.373127787648982512e+01
-1.372365172115470244e+01
-1.371542060907548688e+01
-1.370718949699627132e+01
-1.369895838491705398e+01
-1.369047512511895270e+01
-1.368191545887710703e+01
-1.367335579263526668e+01
-1.366479612639341745e+01
-1.365599497552534913e+01
-1.364713137130707565e+01
-1.363826776708881461e+01
-1.362940416287055001e+01
-1.362129144264284974e+01
-1.361335207855151808e+01
-1.360541271446019351e+01
-1.359747335036885119e+01
-1.359080935613797969e+01
-1.358442310762176852e+01
-1.357803685910556801e+01
-1.357165061058934974e+01
-1.356814091301752079e+01
-1.356525965003844014e+01
-1.356237838705937548e+01
-1.355949712408029484e+01
-1.355951020980391419e+01
-1.356019774652243015e+01
-1.356088528324093012e+01
-1.356157281995945141e+01
-1.356522265586076337e+01
-1.356965007606409301e+01
-1.357407749626740845e+01
-1.357850491647073454e+01
-1.358608811929525118e+01
-1.359464675412295875e+01
-1.360320538895066811e+01
-1.361176402377837924e+01
-1.362253416768323611e+01
-1.363413725788919884e+01
-1.364574034809517578e+01
-1.365734343830115627e+01
-1.367071272442542451e+01
-1.368491462817862470e+01
-1.369911653193183199e+01
-1.371331843568502329e+01
-1.372918420396698203e+01
-1.374605470325612799e+01
-1.376292520254525975e+01
-1.377979570183439506e+01
-1.379797849511765051e+01
-1.381720064998447661e+01
-1.383642280485129916e+01
-1.385564495971811461e+01
-1.387580204172297904e+01
-1.389695910396567413e+01
-1.391811616620834968e+01
-1.393927322845105010e+01
-1.396075443608018496e+01
-1.398272398258171911e+01
-1.400469352908325149e+01
-1.402666307558479808e+01
-1.404872790134813876e+01
-1.407100952469290256e+01
-1.409329114803766103e+01
-1.411557277138243727e+01
-1.413771272863117368e+01
-1.415929380241787250e+01
-1.418087487620457132e+01
-1.420245594999126837e+01
-1.422402114249140759e+01
-1.424542512218263290e+01
-1.426682910187382447e+01
-1.428823308156503380e+01
-1.430963706125625023e+01
-1.433000210297714538e+01
-1.435033241415044358e+01
-1.437066272532372402e+01
-1.439099303649703643e+01
-1.441038415946978546e+01
-1.442959120845794807e+01
-1.444879825744611779e+01
-1.446800530643429461e+01
-1.448668258478094373e+01
-1.450512745552945759e+01
-1.452357232627798034e+01
-1.454201719702648887e+01
-1.455970875142455867e+01
-1.457677006340672321e+01
-1.459383137538888775e+01
-1.461089268737106117e+01
-1.462769543604281708e+01
-1.464408395275374986e+01
-1.466047246946470928e+01
-1.467686098617565449e+01
-1.469304466136045484e+01
-1.470847845768348705e+01
-1.472391225400650860e+01
-1.473934605032956213e+01
-1.475477055378274827e+01
-1.476994026430589102e+01
-1.478510997482904976e+01
-1.480027968535221028e+01
-1.481544939587536724e+01
-1.483002312119560528e+01
-1.484448851287887905e+01
-1.485895390456213683e+01
-1.487341929624541059e+01
-1.488792406488868814e+01
-1.490245026779576065e+01
-1.491697647070284738e+01
-1.493150267360991101e+01
-1.494591942042946364e+01
-1.496019640076438684e+01
-1.497447338109932069e+01
-1.498875036143425632e+01
-1.500301589903627786e+01
-1.501724113768852398e+01
-1.503146637634075233e+01
-1.504569161499298069e+01
-1.505991685364522681e+01
-1.507349161656820158e+01
-1.508706205032832237e+01
-1.510063248408848047e+01
-1.511420291784861547e+01
-1.512817285491690278e+01
-1.514227181603728312e+01
-1.515637077715769365e+01
-1.517046973827807932e+01
-1.518417238326512475e+01
-1.519749211960136925e+01
-1.521081185593760665e+01
-1.522413159227384583e+01
-1.523751075933671650e+01
-1.525106676776758796e+01
-1.526462277619845764e+01
-1.527817878462934509e+01
-1.529173479306022188e+01
-1.530468720119927717e+01
-1.531763020185656465e+01
-1.533057320251384503e+01
-1.534351620317111120e+01
-1.535633247027221771e+01
-1.536909645251165735e+01
-1.538186043475111475e+01
-1.539462441699054551e+01
-1.540721477304093234e+01
-1.541956669318530082e+01
-1.543191861332965686e+01
-1.544427053347402712e+01
-1.545655436145642625e+01
-1.546836111311996653e+01
-1.548016786478351037e+01
-1.549197461644704177e+01
-1.550378136811058916e+01
-1.551499255339393812e+01
-1.552607170789822355e+01
-1.553715086240246457e+01
-1.554823001690672157e+01
-1.555910911692636489e+01
-1.556978995403685317e+01
-1.558047079114732014e+01
-1.559115162825780310e+01
-1.560164886890031077e+01
-1.561128659852562706e+01
-1.562092432815093801e+01
-1.563056205777625962e+01
-1.564019978740157413e+01
-1.564984035989603761e+01
-1.565948147470997931e+01
-1.566912258952394943e+01
-1.567876370433790711e+01
-1.568771419259450361e+01
-1.569595610981038902e+01
-1.570419802702624779e+01
-1.571243994424210300e+01
-1.572066607285827011e+01
-1.572879304664843403e+01
-1.573692002043858729e+01
-1.574504699422876364e+01
-1.575317396801894532e+01
-1.576114003246563122e+01
-1.576905832842077260e+01
-1.577697662437591752e+01
-1.578489492033106778e+01
-1.579284765936032287e+01
-1.580085320720036179e+01
-1.580885875504037941e+01
-1.581686430288039524e+01
-1.582487187832688491e+01
-1.583312081481611777e+01
-1.584136975130535241e+01
-1.584961868779458882e+01
-1.585786762428379859e+01
-1.586610119161386123e+01
-1.587432500669211599e+01
-1.588254882177035476e+01
-1.589077263684858465e+01
-1.589913537983658287e+01
-1.590803648023072192e+01
-1.591693758062483610e+01
-1.592583868101902311e+01
-1.593473978141313907e+01
-1.594414650320476312e+01
-1.595368901447235999e+01
-1.596323152573995152e+01
-1.597277403700754839e+01
-1.598273019810977580e+01
-1.599341765052577991e+01
-1.600410510294178579e+01
-1.601479255535778279e+01
-1.602548000777377624e+01
-1.603657170497700335e+01
-1.604769661925260849e+01
-1.605882153352822428e+01
-1.606994644780382586e+01
-1.608141299272854852e+01
-1.609325467934948151e+01
-1.610509636597038963e+01
-1.611693805259130841e+01
-1.612879299059580163e+01
-1.614133483690409321e+01
-1.615387668321238834e+01
-1.616641852952068348e+01
-1.617896037582898927e+01
-1.619114366102732205e+01
-1.620303470542331681e+01
-1.621492574981931512e+01
-1.622681679421529566e+01
-1.623873031331003958e+01
-1.625093058773738974e+01
-1.626313086216475057e+01
-1.627533113659211494e+01
-1.628753141101946866e+01
-1.629947654554642966e+01
-1.631123999855216766e+01
-1.632300345155789856e+01
-1.633476690456361524e+01
-1.634654872108053425e+01
-1.635852786301899542e+01
-1.637050700495748146e+01
-1.638248614689595328e+01
-1.639446528883440379e+01
-1.640623230039001257e+01
-1.641784304768659197e+01
-1.642945379498315717e+01
-1.644106454227972947e+01
-1.645264953571592059e+01
-1.646380132353235481e+01
-1.647495311134878193e+01
-1.648610489916518773e+01
-1.649725668698162551e+01
-1.650821661470984836e+01
-1.651900363869522792e+01
-1.652979066268063590e+01
-1.654057768666602257e+01
-1.655136471065141990e+01
-1.656139730793582387e+01
-1.657141873688092204e+01
-1.658144016582604863e+01
-1.659146159477114679e+01
-1.660164930810735484e+01
-1.661205355187953359e+01
-1.662245779565170167e+01
-1.663286203942388397e+01
-1.664326628319606627e+01
-1.665320428675690323e+01
-1.666307436740870784e+01
-1.667294444806052311e+01
-1.668281452871233128e+01
-1.669262398985691576e+01
-1.670229254050783041e+01
-1.671196109115879480e+01
-1.672162964180973077e+01
-1.673129819246065253e+01
-1.674109958962349509e+01
-1.675095310895408574e+01
-1.676080662828466572e+01
-1.677066014761526702e+01
-1.678040185734469247e+01
-1.678936133829610711e+01
-1.679832081924749687e+01
-1.680728030019890440e+01
-1.681623978115030127e+01
-1.682538609225607118e+01
-1.683470394986351693e+01
-1.684402180747097333e+01
-1.685333966507843328e+01
-1.686265752268589679e+01
-1.687140377806861835e+01
-1.688009140490190418e+01
-1.688877903173516515e+01
-1.689746665856847585e+01
-1.690626144799759700e+01
-1.691532910405033618e+01
-1.692439676010306826e+01
-1.693346441615578613e+01
-1.694253207220850754e+01
-1.695057558011594523e+01
-1.695805869097605978e+01
-1.696554180183617788e+01
-1.697302491269631020e+01
-1.698050802355643185e+01
