1.000000000000000000e+00
1.000000000000000000e+00
1.000000000000000000e+00
1.000000000000000000e+00
1.000000000000000000e+00
1.000000000000000000e+00
1.000000000000000000e+00
1.000000000000000000e+00
1.000000000000000000e+00
1.000000000000000000e+00
1.000000000000000000e+00
1.000000000000000000e+00
1.000000000000000000e+00
1.000000000000000000e+00
1.000000000000000000e+00
1.000000000000000000e+00
1.000000000000000000e+00
1.000000000000000000e+00
1.000000000000000000e+00
1.000000000000000000e+00
1.000000000000000000e+00
1.000000000000000000e+00
1.000000000000000000e+00
1.000000000000000000e+00
1.000000000000000000e+00
1.000000000000000000e+00
1.000000000000000000e+00
1.000000000000000000e+00
1.000000000000000000e+00
1.000000000000000000e+00
1.000000000000000000e+00
1.000000000000000000e+00
1.000000000000000000e+00
1.000000000000000000e+00
1.000000000000000000e+00
1.000000000000000000e+00
1.000000000000000000e+00
1.000000000000000000e+00
1.000000000000000000e+00
1.000000000000000000e+00
1.000000000000000000e+00
1.000000000000000000e+00
1.000000000000000000e+00
1.000000000000000000e+00
1.000000000000000000e+00
1.000000000000000000e+00
1.000000000000000000e+00
1.000000000000000000e+00
1.000000000000000000e+00
1.000000000000000000e+00
1.000000000000000000e+00
1.000000000000000000e+00
1.000000000000000000e+00
1.000000000000000000e+00
1.000000000000000000e+00
1.000000000000000000e+00
1.000000000000000000e+00
1.000000000000000000e+00
1.000000000000000000e+00
1.000000000000000000e+00
1.000000000000000000e+00
1.000000000000000000e+00
1.000000000000000000e+00
1.000000000000000000e+00
1.000000000000000000e+00
1.000000000000000000e+00
1.000000000000000000e+00
1.000000000000000000e+00
1.000000000000000000e+00
1.000000000000000000e+00
1.000000000000000000e+00
1.000000000000000000e+00
1.000000000000000000e+00
1.000000000000000000e+00
1.000000000000000000e+00
1.000000000000000000e+00
1.000000000000000000e+00
1.000000000000000000e+00
1.000000000000000000e+00
1.000000000000000000e+00
1.000000000000000000e+00
1.000000000000000000e+00
1.000000000000000000e+00
1.000000000000000000e+00
1.000000000000000000e+00
1.000000000000000000e+00
1.000000000000000000e+00
1.000000000000000000e+00
1.000000000000000000e+00
1.000000000000000000e+00
1.000000000000000000e+00
1.000000000000000000e+00
1.000000000000000000e+00
1.000000000000000000e+00
1.000000000000000000e+00
1.000000000000000000e+00
1.000000000000000000e+00
1.000000000000000000e+00
1.000000000000000000e+00
1.000000000000000000e+00
1.000000000000000000e+00
1.000000000000000000e+00
1.000000000000000000e+00
1.000000000000000000e+00
1.000000000000000000e+00
1.000000000000000000e+00
1.000000000000000000e+00
1.000000000000000000e+00
1.000000000000000000e+00
1.000000000000000000e+00
1.000000000000000000e+00
1.000000000000000000e+00
1.000000000000000000e+00
1.000000000000000000e+00
1.000000000000000000e+00
1.000000000000000000e+00
1.000000000000000000e+00
1.000000000000000000e+00
1.000000000000000000e+00
1.000000000000000000e+00
1.000000000000000000e+00
1.000000000000000000e+00
1.000000000000000000e+00
1.000000000000000000e+00
1.000000000000000000e+00
1.000000000000000000e+00
1.000000000000000000e+00
1.000000000000000000e+00
1.000000000000000000e+00
1.000000000000000000e+00
1.000000000000000000e+00
1.000000000000000000e+00
1.000000000000000000e+00
1.000000000000000000e+00
1.000000000000000000e+00
1.000000000000000000e+00
1.000000000000000000e+00
1.000000000000000000e+00
1.000000000000000000e+00
1.000000000000000000e+00
1.000000000000000000e+00
1.000000000000000000e+00
1.000000000000000000e+00
1.000000000000000000e+00
1.000000000000000000e+00
1.000000000000000000e+00
1.000000000000000000e+00
1.000000000000000000e+00
1.000000000000000000e+00
1.000000000000000000e+00
1.000000000000000000e+00
1.000000000000000000e+00
1.000000000000000000e+00
1.000000000000000000e+00
1.000000000000000000e+00
1.000000000000000000e+00
1.000000000000000000e+00
1.000000000000000000e+00
1.000000000000000000e+00
1.000000000000000000e+00
1.000000000000000000e+00
1.000000000000000000e+00
1.000000000000000000e+00
1.000000000000000000e+00
1.000000000000000000e+00
1.000000000000000000e+00
1.000000000000000000e+00
1.000000000000000000e+00
1.000000000000000000e+00
1.000000000000000000e+00
1.000000000000000000e+00
1.000000000000000000e+00
1.000000000000000000e+00
1.000000000000000000e+00
1.000000000000000000e+00
1.000000000000000000e+00
1.000000000000000000e+00
1.000000000000000000e+00
1.000000000000000000e+00
1.000000000000000000e+00
1.000000000000000000e+00
1.000000000000000000e+00
1.000000000000000000e+00
1.000000000000000000e+00
1.000000000000000000e+00
1.000000000000000000e+00
1.000000000000000000e+00
1.000000000000000000e+00
1.000000000000000000e+00
1.000000000000000000e+00
1.000000000000000000e+00
1.000000000000000000e+00
1.000000000000000000e+00
1.000000000000000000e+00
1.000000000000000000e+00
1.000000000000000000e+00
1.000000000000000000e+00
1.000000000000000000e+00
1.000000000000000000e+00
1.000000000000000000e+00
1.000000000000000000e+00
1.000000000000000000e+00
1.000000000000000000e+00
1.000000000000000000e+00
1.000000000000000000e+00
1.000000000000000000e+00
1.000000000000000000e+00
1.000000000000000000e+00
1.000000000000000000e+00
1.000000000000000000e+00
1.000000000000000000e+00
1.000000000000000000e+00
1.000000000000000000e+00
1.000000000000000000e+00
1.000000000000000000e+00
1.000000000000000000e+00
1.000000000000000000e+00
1.000000000000000000e+00
1.000000000000000000e+00
1.000000000000000000e+00
1.000000000000000000e+00
1.000000000000000000e+00
1.000000000000000000e+00
1.000000000000000000e+00
1.000000000000000000e+00
1.000000000000000000e+00
1.000000000000000000e+00
1.000000000000000000e+00
1.000000000000000000e+00
1.000000000000000000e+00
1.000000000000000000e+00
1.000000000000000000e+00
1.000000000000000000e+00
1.000000000000000000e+00
1.000000000000000000e+00
1.000000000000000000e+00
1.000000000000000000e+00
1.000000000000000000e+00
1.000000000000000000e+00
1.000000000000000000e+00
1.000000000000000000e+00
1.000000000000000000e+00
1.000000000000000000e+00
1.000000000000000000e+00
1.000000000000000000e+00
1.000000000000000000e+00
1.000000000000000000e+00
1.000000000000000000e+00
1.000000000000000000e+00
1.000000000000000000e+00
1.000000000000000000e+00
1.000000000000000000e+00
1.000000000000000000e+00
1.000000000000000000e+00
1.000000000000000000e+00
1.000000000000000000e+00
1.000000000000000000e+00
1.000000000000000000e+00
1.000000000000000000e+00
1.000000000000000000e+00
1.000000000000000000e+00
1.000000000000000000e+00
1.000000000000000000e+00
1.000000000000000000e+00
1.000000000000000000e+00
1.000000000000000000e+00
1.000000000000000000e+00
1.000000000000000000e+00
1.000000000000000000e+00
1.000000000000000000e+00
1.000000000000000000e+00
1.000000000000000000e+00
1.000000000000000000e+00
1.000000000000000000e+00
1.000000000000000000e+00
1.000000000000000000e+00
1.000000000000000000e+00
1.000000000000000000e+00
1.000000000000000000e+00
1.000000000000000000e+00
1.000000000000000000e+00
1.000000000000000000e+00
1.000000000000000000e+00
1.000000000000000000e+00
1.000000000000000000e+00
1.000000000000000000e+00
1.000000000000000000e+00
1.000000000000000000e+00
1.000000000000000000e+00
1.000000000000000000e+00
1.000000000000000000e+00
1.000000000000000000e+00
1.000000000000000000e+00
1.000000000000000000e+00
1.000000000000000000e+00
1.000000000000000000e+00
1.000000000000000000e+00
1.000000000000000000e+00
1.000000000000000000e+00
1.000000000000000000e+00
1.000000000000000000e+00
1.000000000000000000e+00
1.000000000000000000e+00
1.000000000000000000e+00
1.000000000000000000e+00
1.000000000000000000e+00
1.000000000000000000e+00
1.000000000000000000e+00
1.000000000000000000e+00
1.000000000000000000e+00
1.000000000000000000e+00
1.000000000000000000e+00
1.000000000000000000e+00
1.000000000000000000e+00
1.000000000000000000e+00
1.000000000000000000e+00
1.000000000000000000e+00
1.000000000000000000e+00
1.000000000000000000e+00
1.000000000000000000e+00
1.000000000000000000e+00
1.000000000000000000e+00
1.000000000000000000e+00
1.000000000000000000e+00
1.000000000000000000e+00
1.000000000000000000e+00
1.000000000000000000e+00
1.000000000000000000e+00
1.000000000000000000e+00
1.000000000000000000e+00
1.000000000000000000e+00
1.000000000000000000e+00
1.000000000000000000e+00
1.000000000000000000e+00
1.000000000000000000e+00
1.000000000000000000e+00
1.000000000000000000e+00
1.000000000000000000e+00
1.000000000000000000e+00
1.000000000000000000e+00
1.000000000000000000e+00
1.000000000000000000e+00
1.000000000000000000e+00
1.000000000000000000e+00
1.000000000000000000e+00
1.000000000000000000e+00
1.000000000000000000e+00
1.000000000000000000e+00
1.000000000000000000e+00
1.000000000000000000e+00
1.000000000000000000e+00
1.000000000000000000e+00
1.000000000000000000e+00
1.000000000000000000e+00
1.000000000000000000e+00
1.000000000000000000e+00
1.000000000000000000e+00
1.000000000000000000e+00
1.000000000000000000e+00
1.000000000000000000e+00
1.000000000000000000e+00
1.000000000000000000e+00
1.000000000000000000e+00
1.000000000000000000e+00
1.000000000000000000e+00
1.000000000000000000e+00
1.000000000000000000e+00
1.000000000000000000e+00
1.000000000000000000e+00
1.000000000000000000e+00
1.000000000000000000e+00
1.000000000000000000e+00
1.000000000000000000e+00
1.000000000000000000e+00
1.000000000000000000e+00
1.000000000000000000e+00
1.000000000000000000e+00
1.000000000000000000e+00
1.000000000000000000e+00
1.000000000000000000e+00
1.000000000000000000e+00
1.000000000000000000e+00
1.000000000000000000e+00
1.000000000000000000e+00
1.000000000000000000e+00
1.000000000000000000e+00
1.000000000000000000e+00
1.000000000000000000e+00
1.000000000000000000e+00
1.000000000000000000e+00
1.000000000000000000e+00
1.000000000000000000e+00
1.000000000000000000e+00
1.000000000000000000e+00
1.000000000000000000e+00
1.000000000000000000e+00
1.000000000000000000e+00
1.000000000000000000e+00
1.000000000000000000e+00
1.000000000000000000e+00
1.000000000000000000e+00
1.000000000000000000e+00
1.000000000000000000e+00
1.000000000000000000e+00
1.000000000000000000e+00
1.000000000000000000e+00
1.000000000000000000e+00
1.000000000000000000e+00
1.000000000000000000e+00
1.000000000000000000e+00
1.000000000000000000e+00
1.000000000000000000e+00
1.000000000000000000e+00
1.000000000000000000e+00
1.000000000000000000e+00
1.000000000000000000e+00
1.000000000000000000e+00
1.000000000000000000e+00
1.000000000000000000e+00
1.000000000000000000e+00
1.000000000000000000e+00
1.000000000000000000e+00
1.000000000000000000e+00
1.000000000000000000e+00
1.000000000000000000e+00
1.000000000000000000e+00
1.000000000000000000e+00
1.000000000000000000e+00
1.000000000000000000e+00
1.000000000000000000e+00
1.000000000000000000e+00
1.000000000000000000e+00
1.000000000000000000e+00
1.000000000000000000e+00
1.000000000000000000e+00
1.000000000000000000e+00
1.000000000000000000e+00
1.000000000000000000e+00
1.000000000000000000e+00
1.000000000000000000e+00
1.000000000000000000e+00
1.000000000000000000e+00
1.000000000000000000e+00
1.000000000000000000e+00
1.000000000000000000e+00
1.000000000000000000e+00
1.000000000000000000e+00
1.000000000000000000e+00
1.000000000000000000e+00
1.000000000000000000e+00
1.000000000000000000e+00
1.000000000000000000e+00
1.000000000000000000e+00
1.000000000000000000e+00
1.000000000000000000e+00
1.000000000000000000e+00
1.000000000000000000e+00
1.000000000000000000e+00
1.000000000000000000e+00
1.000000000000000000e+00
1.000000000000000000e+00
1.000000000000000000e+00
1.000000000000000000e+00
1.000000000000000000e+00
1.000000000000000000e+00
1.000000000000000000e+00
1.000000000000000000e+00
1.000000000000000000e+00
1.000000000000000000e+00
1.000000000000000000e+00
1.000000000000000000e+00
1.000000000000000000e+00
1.000000000000000000e+00
1.000000000000000000e+00
1.000000000000000000e+00
1.000000000000000000e+00
1.000000000000000000e+00
1.000000000000000000e+00
1.000000000000000000e+00
1.000000000000000000e+00
1.000000000000000000e+00
1.000000000000000000e+00
1.000000000000000000e+00
1.000000000000000000e+00
1.000000000000000000e+00
1.000000000000000000e+00
1.000000000000000000e+00
1.000000000000000000e+00
1.000000000000000000e+00
1.000000000000000000e+00
1.000000000000000000e+00
1.000000000000000000e+00
1.000000000000000000e+00
1.000000000000000000e+00
1.000000000000000000e+00
1.000000000000000000e+00
1.000000000000000000e+00
1.000000000000000000e+00
1.000000000000000000e+00
1.000000000000000000e+00
1.000000000000000000e+00
1.000000000000000000e+00
1.000000000000000000e+00
1.000000000000000000e+00
1.000000000000000000e+00
1.000000000000000000e+00
1.000000000000000000e+00
1.000000000000000000e+00
1.000000000000000000e+00
1.000000000000000000e+00
1.000000000000000000e+00
1.000000000000000000e+00
1.000000000000000000e+00
1.000000000000000000e+00
1.000000000000000000e+00
1.000000000000000000e+00
1.000000000000000000e+00
1.000000000000000000e+00
1.000000000000000000e+00
1.000000000000000000e+00
1.000000000000000000e+00
1.000000000000000000e+00
1.000000000000000000e+00
1.000000000000000000e+00
1.000000000000000000e+00
1.000000000000000000e+00
1.000000000000000000e+00
1.000000000000000000e+00
1.000000000000000000e+00
1.000000000000000000e+00
1.000000000000000000e+00
1.000000000000000000e+00
1.000000000000000000e+00
1.000000000000000000e+00
1.000000000000000000e+00
1.000000000000000000e+00
1.000000000000000000e+00
1.000000000000000000e+00
1.000000000000000000e+00
1.000000000000000000e+00
1.000000000000000000e+00
1.000000000000000000e+00
1.000000000000000000e+00
1.000000000000000000e+00
1.000000000000000000e+00
1.000000000000000000e+00
1.000000000000000000e+00
1.000000000000000000e+00
1.000000000000000000e+00
1.000000000000000000e+00
1.000000000000000000e+00
1.000000000000000000e+00
1.000000000000000000e+00
1.000000000000000000e+00
1.000000000000000000e+00
1.000000000000000000e+00
1.000000000000000000e+00
1.000000000000000000e+00
1.000000000000000000e+00
1.000000000000000000e+00
1.000000000000000000e+00
1.000000000000000000e+00
1.000000000000000000e+00
1.000000000000000000e+00
1.000000000000000000e+00
1.000000000000000000e+00
1.000000000000000000e+00
1.000000000000000000e+00
1.000000000000000000e+00
1.000000000000000000e+00
1.000000000000000000e+00
1.000000000000000000e+00
1.000000000000000000e+00
1.000000000000000000e+00
1.000000000000000000e+00
1.000000000000000000e+00
1.000000000000000000e+00
1.000000000000000000e+00
1.000000000000000000e+00
1.000000000000000000e+00
1.000000000000000000e+00
1.000000000000000000e+00
1.000000000000000000e+00
1.000000000000000000e+00
1.000000000000000000e+00
1.000000000000000000e+00
1.000000000000000000e+00
1.000000000000000000e+00
1.000000000000000000e+00
1.000000000000000000e+00
1.000000000000000000e+00
1.000000000000000000e+00
1.000000000000000000e+00
1.000000000000000000e+00
1.000000000000000000e+00
1.000000000000000000e+00
1.000000000000000000e+00
1.000000000000000000e+00
1.000000000000000000e+00
1.000000000000000000e+00
1.000000000000000000e+00
1.000000000000000000e+00
1.000000000000000000e+00
1.000000000000000000e+00
1.000000000000000000e+00
1.000000000000000000e+00
1.000000000000000000e+00
1.000000000000000000e+00
1.000000000000000000e+00
1.000000000000000000e+00
1.000000000000000000e+00
1.000000000000000000e+00
1.000000000000000000e+00
1.000000000000000000e+00
1.000000000000000000e+00
1.000000000000000000e+00
1.000000000000000000e+00
1.000000000000000000e+00
1.000000000000000000e+00
1.000000000000000000e+00
1.000000000000000000e+00
1.000000000000000000e+00
1.000000000000000000e+00
1.000000000000000000e+00
1.000000000000000000e+00
1.000000000000000000e+00
1.000000000000000000e+00
1.000000000000000000e+00
1.000000000000000000e+00
1.000000000000000000e+00
1.000000000000000000e+00
1.000000000000000000e+00
1.000000000000000000e+00
1.000000000000000000e+00
1.000000000000000000e+00
1.000000000000000000e+00
1.000000000000000000e+00
1.000000000000000000e+00
1.000000000000000000e+00
1.000000000000000000e+00
1.000000000000000000e+00
1.000000000000000000e+00
1.000000000000000000e+00
1.000000000000000000e+00
1.000000000000000000e+00
1.000000000000000000e+00
1.000000000000000000e+00
1.000000000000000000e+00
1.000000000000000000e+00
1.000000000000000000e+00
1.000000000000000000e+00
1.000000000000000000e+00
1.000000000000000000e+00
1.000000000000000000e+00
1.000000000000000000e+00
1.000000000000000000e+00
1.000000000000000000e+00
1.000000000000000000e+00
1.000000000000000000e+00
1.000000000000000000e+00
1.000000000000000000e+00
1.000000000000000000e+00
1.000000000000000000e+00
1.000000000000000000e+00
1.000000000000000000e+00
1.000000000000000000e+00
1.000000000000000000e+00
1.000000000000000000e+00
1.000000000000000000e+00
1.000000000000000000e+00
1.000000000000000000e+00
1.000000000000000000e+00
1.000000000000000000e+00
1.000000000000000000e+00
1.000000000000000000e+00
1.000000000000000000e+00
1.000000000000000000e+00
1.000000000000000000e+00
1.000000000000000000e+00
1.000000000000000000e+00
1.000000000000000000e+00
1.000000000000000000e+00
1.000000000000000000e+00
1.000000000000000000e+00
1.000000000000000000e+00
1.000000000000000000e+00
1.000000000000000000e+00
1.000000000000000000e+00
1.000000000000000000e+00
1.000000000000000000e+00
1.000000000000000000e+00
1.000000000000000000e+00
1.000000000000000000e+00
1.000000000000000000e+00
1.000000000000000000e+00
1.000000000000000000e+00
1.000000000000000000e+00
1.000000000000000000e+00
1.000000000000000000e+00
1.000000000000000000e+00
1.000000000000000000e+00
1.000000000000000000e+00
1.000000000000000000e+00
1.000000000000000000e+00
1.000000000000000000e+00
1.000000000000000000e+00
1.000000000000000000e+00
1.000000000000000000e+00
1.000000000000000000e+00
1.000000000000000000e+00
1.000000000000000000e+00
1.000000000000000000e+00
1.000000000000000000e+00
1.000000000000000000e+00
1.000000000000000000e+00
1.000000000000000000e+00
1.000000000000000000e+00
1.000000000000000000e+00
1.000000000000000000e+00
1.000000000000000000e+00
1.000000000000000000e+00
1.000000000000000000e+00
1.000000000000000000e+00
1.000000000000000000e+00
1.000000000000000000e+00
1.000000000000000000e+00
1.000000000000000000e+00
1.000000000000000000e+00
1.000000000000000000e+00
1.000000000000000000e+00
1.000000000000000000e+00
1.000000000000000000e+00
1.000000000000000000e+00
1.000000000000000000e+00
1.000000000000000000e+00
1.000000000000000000e+00
1.000000000000000000e+00
1.000000000000000000e+00
1.000000000000000000e+00
1.000000000000000000e+00
1.000000000000000000e+00
1.000000000000000000e+00
1.000000000000000000e+00
1.000000000000000000e+00
1.000000000000000000e+00
1.000000000000000000e+00
1.000000000000000000e+00
1.000000000000000000e+00
1.000000000000000000e+00
1.000000000000000000e+00
1.000000000000000000e+00
1.000000000000000000e+00
1.000000000000000000e+00
1.000000000000000000e+00
1.000000000000000000e+00
1.000000000000000000e+00
1.000000000000000000e+00
1.000000000000000000e+00
1.000000000000000000e+00
1.000000000000000000e+00
1.000000000000000000e+00
1.000000000000000000e+00
1.000000000000000000e+00
1.000000000000000000e+00
1.000000000000000000e+00
1.000000000000000000e+00
1.000000000000000000e+00
1.000000000000000000e+00
1.000000000000000000e+00
1.000000000000000000e+00
1.000000000000000000e+00
1.000000000000000000e+00
1.000000000000000000e+00
1.000000000000000000e+00
1.000000000000000000e+00
1.000000000000000000e+00
1.000000000000000000e+00
1.000000000000000000e+00
1.000000000000000000e+00
1.000000000000000000e+00
1.000000000000000000e+00
1.000000000000000000e+00
1.000000000000000000e+00
1.000000000000000000e+00
1.000000000000000000e+00
1.000000000000000000e+00
1.000000000000000000e+00
1.000000000000000000e+00
1.000000000000000000e+00
1.000000000000000000e+00
1.000000000000000000e+00
1.000000000000000000e+00
1.000000000000000000e+00
1.000000000000000000e+00
1.000000000000000000e+00
1.000000000000000000e+00
1.000000000000000000e+00
1.000000000000000000e+00
1.000000000000000000e+00
1.000000000000000000e+00
1.000000000000000000e+00
1.000000000000000000e+00
1.000000000000000000e+00
1.000000000000000000e+00
1.000000000000000000e+00
1.000000000000000000e+00
1.000000000000000000e+00
1.000000000000000000e+00
1.000000000000000000e+00
1.000000000000000000e+00
1.000000000000000000e+00
1.000000000000000000e+00
1.000000000000000000e+00
1.000000000000000000e+00
1.000000000000000000e+00
1.000000000000000000e+00
1.000000000000000000e+00
1.000000000000000000e+00
1.000000000000000000e+00
1.000000000000000000e+00
1.000000000000000000e+00
1.000000000000000000e+00
1.000000000000000000e+00
1.000000000000000000e+00
1.000000000000000000e+00
1.000000000000000000e+00
1.000000000000000000e+00
1.000000000000000000e+00
1.000000000000000000e+00
1.000000000000000000e+00
1.000000000000000000e+00
1.000000000000000000e+00
1.000000000000000000e+00
1.000000000000000000e+00
1.000000000000000000e+00
1.000000000000000000e+00
1.000000000000000000e+00
1.000000000000000000e+00
1.000000000000000000e+00
1.000000000000000000e+00
1.000000000000000000e+00
1.000000000000000000e+00
1.000000000000000000e+00
1.000000000000000000e+00
1.000000000000000000e+00
1.000000000000000000e+00
1.000000000000000000e+00
1.000000000000000000e+00
1.000000000000000000e+00
1.000000000000000000e+00
1.000000000000000000e+00
1.000000000000000000e+00
1.000000000000000000e+00
1.000000000000000000e+00
1.000000000000000000e+00
1.000000000000000000e+00
1.000000000000000000e+00
1.000000000000000000e+00
1.000000000000000000e+00
1.000000000000000000e+00
1.000000000000000000e+00
1.000000000000000000e+00
1.000000000000000000e+00
1.000000000000000000e+00
1.000000000000000000e+00
1.000000000000000000e+00
1.000000000000000000e+00
1.000000000000000000e+00
1.000000000000000000e+00
1.000000000000000000e+00
1.000000000000000000e+00
1.000000000000000000e+00
1.000000000000000000e+00
1.000000000000000000e+00
1.000000000000000000e+00
1.000000000000000000e+00
1.000000000000000000e+00
1.000000000000000000e+00
1.000000000000000000e+00
1.000000000000000000e+00
1.000000000000000000e+00
1.000000000000000000e+00
1.000000000000000000e+00
1.000000000000000000e+00
1.000000000000000000e+00
1.000000000000000000e+00
1.000000000000000000e+00
1.000000000000000000e+00
1.000000000000000000e+00
1.000000000000000000e+00
1.000000000000000000e+00
1.000000000000000000e+00
1.000000000000000000e+00
1.000000000000000000e+00
1.000000000000000000e+00
1.000000000000000000e+00
1.000000000000000000e+00
1.000000000000000000e+00
1.000000000000000000e+00
1.000000000000000000e+00
1.000000000000000000e+00
1.000000000000000000e+00
1.000000000000000000e+00
1.000000000000000000e+00
1.000000000000000000e+00
1.000000000000000000e+00
1.000000000000000000e+00
1.000000000000000000e+00
1.000000000000000000e+00
1.000000000000000000e+00
1.000000000000000000e+00
1.000000000000000000e+00
1.000000000000000000e+00
1.000000000000000000e+00
1.000000000000000000e+00
1.000000000000000000e+00
1.000000000000000000e+00
1.000000000000000000e+00
1.000000000000000000e+00
1.000000000000000000e+00
1.000000000000000000e+00
1.000000000000000000e+00
1.000000000000000000e+00
1.000000000000000000e+00
1.000000000000000000e+00
1.000000000000000000e+00
1.000000000000000000e+00
1.000000000000000000e+00
1.000000000000000000e+00
1.000000000000000000e+00
1.000000000000000000e+00
1.000000000000000000e+00
1.000000000000000000e+00
1.000000000000000000e+00
1.000000000000000000e+00
1.000000000000000000e+00
1.000000000000000000e+00
1.000000000000000000e+00
1.000000000000000000e+00
1.000000000000000000e+00
1.000000000000000000e+00
1.000000000000000000e+00
1.000000000000000000e+00
1.000000000000000000e+00
1.000000000000000000e+00
1.000000000000000000e+00
1.000000000000000000e+00
1.000000000000000000e+00
1.000000000000000000e+00
1.000000000000000000e+00
1.000000000000000000e+00
1.000000000000000000e+00
1.000000000000000000e+00
1.000000000000000000e+00
1.000000000000000000e+00
1.000000000000000000e+00
1.000000000000000000e+00
1.000000000000000000e+00
1.000000000000000000e+00
1.000000000000000000e+00
1.000000000000000000e+00
1.000000000000000000e+00
1.000000000000000000e+00
1.000000000000000000e+00
1.000000000000000000e+00
1.000000000000000000e+00
1.000000000000000000e+00
1.000000000000000000e+00
1.000000000000000000e+00
1.000000000000000000e+00
1.000000000000000000e+00
1.000000000000000000e+00
1.000000000000000000e+00
1.000000000000000000e+00
1.000000000000000000e+00
1.000000000000000000e+00
1.000000000000000000e+00
1.000000000000000000e+00
1.000000000000000000e+00
1.000000000000000000e+00
1.000000000000000000e+00
1.000000000000000000e+00
1.000000000000000000e+00
1.000000000000000000e+00
1.000000000000000000e+00
1.000000000000000000e+00
1.000000000000000000e+00
1.000000000000000000e+00
1.000000000000000000e+00
1.000000000000000000e+00
1.000000000000000000e+00
1.000000000000000000e+00
1.000000000000000000e+00
1.000000000000000000e+00
1.000000000000000000e+00
1.000000000000000000e+00
1.000000000000000000e+00
1.000000000000000000e+00
1.000000000000000000e+00
1.000000000000000000e+00
1.000000000000000000e+00
1.000000000000000000e+00
1.000000000000000000e+00
1.000000000000000000e+00
1.000000000000000000e+00
1.000000000000000000e+00
1.000000000000000000e+00
1.000000000000000000e+00
1.000000000000000000e+00
1.000000000000000000e+00
1.000000000000000000e+00
1.000000000000000000e+00
1.000000000000000000e+00
1.000000000000000000e+00
1.000000000000000000e+00
1.000000000000000000e+00
1.000000000000000000e+00
1.000000000000000000e+00
1.000000000000000000e+00
1.000000000000000000e+00
1.000000000000000000e+00
1.000000000000000000e+00
1.000000000000000000e+00
1.000000000000000000e+00
1.000000000000000000e+00
1.000000000000000000e+00
1.000000000000000000e+00
1.000000000000000000e+00
1.000000000000000000e+00
1.000000000000000000e+00
1.000000000000000000e+00
1.000000000000000000e+00
1.000000000000000000e+00
1.000000000000000000e+00
1.000000000000000000e+00
1.000000000000000000e+00
1.000000000000000000e+00
1.000000000000000000e+00
1.000000000000000000e+00
1.000000000000000000e+00
1.000000000000000000e+00
1.000000000000000000e+00
1.000000000000000000e+00
1.000000000000000000e+00
1.000000000000000000e+00
1.000000000000000000e+00
1.000000000000000000e+00
1.000000000000000000e+00
1.000000000000000000e+00
1.000000000000000000e+00
1.000000000000000000e+00
1.000000000000000000e+00
1.000000000000000000e+00
1.000000000000000000e+00
1.000000000000000000e+00
1.000000000000000000e+00
1.000000000000000000e+00
1.000000000000000000e+00
1.000000000000000000e+00
1.000000000000000000e+00
1.000000000000000000e+00
1.000000000000000000e+00
1.000000000000000000e+00
1.000000000000000000e+00
1.000000000000000000e+00
1.000000000000000000e+00
1.000000000000000000e+00
1.000000000000000000e+00
1.000000000000000000e+00
1.000000000000000000e+00
1.000000000000000000e+00
1.000000000000000000e+00
1.000000000000000000e+00
1.000000000000000000e+00
1.000000000000000000e+00
1.000000000000000000e+00
1.000000000000000000e+00
1.000000000000000000e+00
1.000000000000000000e+00
1.000000000000000000e+00
1.000000000000000000e+00
1.000000000000000000e+00
1.000000000000000000e+00
1.000000000000000000e+00
1.000000000000000000e+00
1.000000000000000000e+00
1.000000000000000000e+00
1.000000000000000000e+00
1.000000000000000000e+00
1.000000000000000000e+00
1.000000000000000000e+00
1.000000000000000000e+00
1.000000000000000000e+00
1.000000000000000000e+00
1.000000000000000000e+00
1.000000000000000000e+00
1.000000000000000000e+00
1.000000000000000000e+00
1.000000000000000000e+00
1.000000000000000000e+00
1.000000000000000000e+00
1.000000000000000000e+00
1.000000000000000000e+00
1.000000000000000000e+00
1.000000000000000000e+00
1.000000000000000000e+00
1.000000000000000000e+00
1.000000000000000000e+00
1.000000000000000000e+00
1.000000000000000000e+00
1.000000000000000000e+00
1.000000000000000000e+00
1.000000000000000000e+00
1.000000000000000000e+00
1.000000000000000000e+00
1.000000000000000000e+00
1.000000000000000000e+00
1.000000000000000000e+00
1.000000000000000000e+00
1.000000000000000000e+00
1.000000000000000000e+00
1.000000000000000000e+00
1.000000000000000000e+00
1.000000000000000000e+00
1.000000000000000000e+00
1.000000000000000000e+00
1.000000000000000000e+00
1.000000000000000000e+00
1.000000000000000000e+00
1.000000000000000000e+00
1.000000000000000000e+00
1.000000000000000000e+00
1.000000000000000000e+00
1.000000000000000000e+00
1.000000000000000000e+00
1.000000000000000000e+00
1.000000000000000000e+00
1.000000000000000000e+00
1.000000000000000000e+00
1.000000000000000000e+00
1.000000000000000000e+00
1.000000000000000000e+00
1.000000000000000000e+00
1.000000000000000000e+00
1.000000000000000000e+00
1.000000000000000000e+00
1.000000000000000000e+00
1.000000000000000000e+00
1.000000000000000000e+00
1.000000000000000000e+00
1.000000000000000000e+00
1.000000000000000000e+00
1.000000000000000000e+00
1.000000000000000000e+00
1.000000000000000000e+00
1.000000000000000000e+00
1.000000000000000000e+00
1.000000000000000000e+00
1.000000000000000000e+00
1.000000000000000000e+00
1.000000000000000000e+00
1.000000000000000000e+00
1.000000000000000000e+00
1.000000000000000000e+00
1.000000000000000000e+00
1.000000000000000000e+00
1.000000000000000000e+00
1.000000000000000000e+00
1.000000000000000000e+00
1.000000000000000000e+00
1.000000000000000000e+00
1.000000000000000000e+00
1.000000000000000000e+00
1.000000000000000000e+00
1.000000000000000000e+00
1.000000000000000000e+00
1.000000000000000000e+00
1.000000000000000000e+00
1.000000000000000000e+00
1.000000000000000000e+00
1.000000000000000000e+00
1.000000000000000000e+00
1.000000000000000000e+00
1.000000000000000000e+00
1.000000000000000000e+00
1.000000000000000000e+00
1.000000000000000000e+00
1.000000000000000000e+00
1.000000000000000000e+00
1.000000000000000000e+00
1.000000000000000000e+00
1.000000000000000000e+00
1.000000000000000000e+00
1.000000000000000000e+00
1.000000000000000000e+00
1.000000000000000000e+00
1.000000000000000000e+00
1.000000000000000000e+00
1.000000000000000000e+00
1.000000000000000000e+00
1.000000000000000000e+00
1.000000000000000000e+00
1.000000000000000000e+00
1.000000000000000000e+00
1.000000000000000000e+00
1.000000000000000000e+00
1.000000000000000000e+00
1.000000000000000000e+00
1.000000000000000000e+00
1.000000000000000000e+00
1.000000000000000000e+00
1.000000000000000000e+00
1.000000000000000000e+00
1.000000000000000000e+00
1.000000000000000000e+00
1.000000000000000000e+00
1.000000000000000000e+00
1.000000000000000000e+00
1.000000000000000000e+00
1.000000000000000000e+00
1.000000000000000000e+00
1.000000000000000000e+00
1.000000000000000000e+00
1.000000000000000000e+00
1.000000000000000000e+00
1.000000000000000000e+00
1.000000000000000000e+00
1.000000000000000000e+00
1.000000000000000000e+00
1.000000000000000000e+00
1.000000000000000000e+00
1.000000000000000000e+00
1.000000000000000000e+00
1.000000000000000000e+00
1.000000000000000000e+00
1.000000000000000000e+00
1.000000000000000000e+00
1.000000000000000000e+00
1.000000000000000000e+00
1.000000000000000000e+00
1.000000000000000000e+00
1.000000000000000000e+00
1.000000000000000000e+00
1.000000000000000000e+00
1.000000000000000000e+00
1.000000000000000000e+00
1.000000000000000000e+00
1.000000000000000000e+00
1.000000000000000000e+00
1.000000000000000000e+00
1.000000000000000000e+00
1.000000000000000000e+00
1.000000000000000000e+00
1.000000000000000000e+00
1.000000000000000000e+00
1.000000000000000000e+00
1.000000000000000000e+00
1.000000000000000000e+00
1.000000000000000000e+00
1.000000000000000000e+00
1.000000000000000000e+00
1.000000000000000000e+00
1.000000000000000000e+00
1.000000000000000000e+00
1.000000000000000000e+00
1.000000000000000000e+00
1.000000000000000000e+00
1.000000000000000000e+00
1.000000000000000000e+00
1.000000000000000000e+00
1.000000000000000000e+00
1.000000000000000000e+00
1.000000000000000000e+00
1.000000000000000000e+00
1.000000000000000000e+00
1.000000000000000000e+00
1.000000000000000000e+00
1.000000000000000000e+00
1.000000000000000000e+00
1.000000000000000000e+00
1.000000000000000000e+00
1.000000000000000000e+00
1.000000000000000000e+00
1.000000000000000000e+00
1.000000000000000000e+00
1.000000000000000000e+00
1.000000000000000000e+00
1.000000000000000000e+00
1.000000000000000000e+00
1.000000000000000000e+00
1.000000000000000000e+00
1.000000000000000000e+00
1.000000000000000000e+00
1.000000000000000000e+00
1.000000000000000000e+00
1.000000000000000000e+00
1.000000000000000000e+00
1.000000000000000000e+00
1.000000000000000000e+00
1.000000000000000000e+00
1.000000000000000000e+00
1.000000000000000000e+00
1.000000000000000000e+00
1.000000000000000000e+00
1.000000000000000000e+00
1.000000000000000000e+00
1.000000000000000000e+00
1.000000000000000000e+00
1.000000000000000000e+00
1.000000000000000000e+00
1.000000000000000000e+00
1.000000000000000000e+00
1.000000000000000000e+00
1.000000000000000000e+00
1.000000000000000000e+00
1.000000000000000000e+00
1.000000000000000000e+00
1.000000000000000000e+00
1.000000000000000000e+00
1.000000000000000000e+00
1.000000000000000000e+00
1.000000000000000000e+00
1.000000000000000000e+00
1.000000000000000000e+00
1.000000000000000000e+00
1.000000000000000000e+00
1.000000000000000000e+00
1.000000000000000000e+00
1.000000000000000000e+00
1.000000000000000000e+00
1.000000000000000000e+00
1.000000000000000000e+00
1.000000000000000000e+00
1.000000000000000000e+00
1.000000000000000000e+00
1.000000000000000000e+00
1.000000000000000000e+00
1.000000000000000000e+00
1.000000000000000000e+00
1.000000000000000000e+00
1.000000000000000000e+00
1.000000000000000000e+00
1.000000000000000000e+00
1.000000000000000000e+00
1.000000000000000000e+00
1.000000000000000000e+00
1.000000000000000000e+00
1.000000000000000000e+00
1.000000000000000000e+00
1.000000000000000000e+00
1.000000000000000000e+00
1.000000000000000000e+00
1.000000000000000000e+00
1.000000000000000000e+00
1.000000000000000000e+00
1.000000000000000000e+00
1.000000000000000000e+00
1.000000000000000000e+00
1.000000000000000000e+00
1.000000000000000000e+00
1.000000000000000000e+00
1.000000000000000000e+00
1.000000000000000000e+00
1.000000000000000000e+00
1.000000000000000000e+00
1.000000000000000000e+00
1.000000000000000000e+00
1.000000000000000000e+00
1.000000000000000000e+00
1.000000000000000000e+00
1.000000000000000000e+00
1.000000000000000000e+00
1.000000000000000000e+00
1.000000000000000000e+00
1.000000000000000000e+00
1.000000000000000000e+00
1.000000000000000000e+00
1.000000000000000000e+00
1.000000000000000000e+00
1.000000000000000000e+00
1.000000000000000000e+00
1.000000000000000000e+00
1.000000000000000000e+00
1.000000000000000000e+00
1.000000000000000000e+00
1.000000000000000000e+00
1.000000000000000000e+00
1.000000000000000000e+00
1.000000000000000000e+00
1.000000000000000000e+00
1.000000000000000000e+00
1.000000000000000000e+00
1.000000000000000000e+00
1.000000000000000000e+00
1.000000000000000000e+00
1.000000000000000000e+00
1.000000000000000000e+00
1.000000000000000000e+00
1.000000000000000000e+00
1.000000000000000000e+00
1.000000000000000000e+00
1.000000000000000000e+00
1.000000000000000000e+00
1.000000000000000000e+00
1.000000000000000000e+00
1.000000000000000000e+00
1.000000000000000000e+00
1.000000000000000000e+00
1.000000000000000000e+00
1.000000000000000000e+00
1.000000000000000000e+00
1.000000000000000000e+00
1.000000000000000000e+00
1.000000000000000000e+00
1.000000000000000000e+00
1.000000000000000000e+00
1.000000000000000000e+00
1.000000000000000000e+00
1.000000000000000000e+00
1.000000000000000000e+00
1.000000000000000000e+00
1.000000000000000000e+00
1.000000000000000000e+00
1.000000000000000000e+00
1.000000000000000000e+00
1.000000000000000000e+00
1.000000000000000000e+00
1.000000000000000000e+00
1.000000000000000000e+00
1.000000000000000000e+00
1.000000000000000000e+00
1.000000000000000000e+00
1.000000000000000000e+00
1.000000000000000000e+00
1.000000000000000000e+00
1.000000000000000000e+00
1.000000000000000000e+00
1.000000000000000000e+00
1.000000000000000000e+00
1.000000000000000000e+00
1.000000000000000000e+00
1.000000000000000000e+00
1.000000000000000000e+00
1.000000000000000000e+00
1.000000000000000000e+00
1.000000000000000000e+00
1.000000000000000000e+00
1.000000000000000000e+00
1.000000000000000000e+00
1.000000000000000000e+00
1.000000000000000000e+00
1.000000000000000000e+00
1.000000000000000000e+00
1.000000000000000000e+00
1.000000000000000000e+00
1.000000000000000000e+00
1.000000000000000000e+00
1.000000000000000000e+00
1.000000000000000000e+00
1.000000000000000000e+00
1.000000000000000000e+00
1.000000000000000000e+00
1.000000000000000000e+00
1.000000000000000000e+00
1.000000000000000000e+00
1.000000000000000000e+00
1.000000000000000000e+00
1.000000000000000000e+00
1.000000000000000000e+00
1.000000000000000000e+00
1.000000000000000000e+00
1.000000000000000000e+00
1.000000000000000000e+00
1.000000000000000000e+00
1.000000000000000000e+00
1.000000000000000000e+00
1.000000000000000000e+00
1.000000000000000000e+00
1.000000000000000000e+00
1.000000000000000000e+00
1.000000000000000000e+00
1.000000000000000000e+00
1.000000000000000000e+00
1.000000000000000000e+00
1.000000000000000000e+00
1.000000000000000000e+00
1.000000000000000000e+00
1.000000000000000000e+00
1.000000000000000000e+00
1.000000000000000000e+00
1.000000000000000000e+00
1.000000000000000000e+00
1.000000000000000000e+00
1.000000000000000000e+00
1.000000000000000000e+00
1.000000000000000000e+00
1.000000000000000000e+00
1.000000000000000000e+00
1.000000000000000000e+00
1.000000000000000000e+00
1.000000000000000000e+00
1.000000000000000000e+00
1.000000000000000000e+00
1.000000000000000000e+00
1.000000000000000000e+00
1.000000000000000000e+00
1.000000000000000000e+00
1.000000000000000000e+00
1.000000000000000000e+00
1.000000000000000000e+00
1.000000000000000000e+00
1.000000000000000000e+00
1.000000000000000000e+00
1.000000000000000000e+00
1.000000000000000000e+00
1.000000000000000000e+00
1.000000000000000000e+00
1.000000000000000000e+00
1.000000000000000000e+00
1.000000000000000000e+00
1.000000000000000000e+00
1.000000000000000000e+00
1.000000000000000000e+00
1.000000000000000000e+00
1.000000000000000000e+00
1.000000000000000000e+00
1.000000000000000000e+00
1.000000000000000000e+00
1.000000000000000000e+00
1.000000000000000000e+00
1.000000000000000000e+00
1.000000000000000000e+00
1.000000000000000000e+00
1.000000000000000000e+00
1.000000000000000000e+00
1.000000000000000000e+00
1.000000000000000000e+00
1.000000000000000000e+00
1.000000000000000000e+00
1.000000000000000000e+00
1.000000000000000000e+00
1.000000000000000000e+00
1.000000000000000000e+00
1.000000000000000000e+00
1.000000000000000000e+00
1.000000000000000000e+00
1.000000000000000000e+00
1.000000000000000000e+00
1.000000000000000000e+00
1.000000000000000000e+00
1.000000000000000000e+00
1.000000000000000000e+00
1.000000000000000000e+00
1.000000000000000000e+00
1.000000000000000000e+00
1.000000000000000000e+00
1.000000000000000000e+00
1.000000000000000000e+00
1.000000000000000000e+00
1.000000000000000000e+00
1.000000000000000000e+00
1.000000000000000000e+00
1.000000000000000000e+00
1.000000000000000000e+00
1.000000000000000000e+00
1.000000000000000000e+00
1.000000000000000000e+00
1.000000000000000000e+00
1.000000000000000000e+00
1.000000000000000000e+00
1.000000000000000000e+00
1.000000000000000000e+00
1.000000000000000000e+00
1.000000000000000000e+00
1.000000000000000000e+00
1.000000000000000000e+00
1.000000000000000000e+00
1.000000000000000000e+00
1.000000000000000000e+00
1.000000000000000000e+00
1.000000000000000000e+00
1.000000000000000000e+00
1.000000000000000000e+00
1.000000000000000000e+00
1.000000000000000000e+00
1.000000000000000000e+00
1.000000000000000000e+00
1.000000000000000000e+00
1.000000000000000000e+00
1.000000000000000000e+00
1.000000000000000000e+00
1.000000000000000000e+00
1.000000000000000000e+00
1.000000000000000000e+00
1.000000000000000000e+00
1.000000000000000000e+00
1.000000000000000000e+00
1.000000000000000000e+00
1.000000000000000000e+00
1.000000000000000000e+00
1.000000000000000000e+00
1.000000000000000000e+00
1.000000000000000000e+00
1.000000000000000000e+00
1.000000000000000000e+00
1.000000000000000000e+00
1.000000000000000000e+00
1.000000000000000000e+00
1.000000000000000000e+00
1.000000000000000000e+00
1.000000000000000000e+00
1.000000000000000000e+00
1.000000000000000000e+00
1.000000000000000000e+00
1.000000000000000000e+00
1.000000000000000000e+00
1.000000000000000000e+00
1.000000000000000000e+00
1.000000000000000000e+00
1.000000000000000000e+00
1.000000000000000000e+00
1.000000000000000000e+00
1.000000000000000000e+00
1.000000000000000000e+00
1.000000000000000000e+00
1.000000000000000000e+00
1.000000000000000000e+00
1.000000000000000000e+00
1.000000000000000000e+00
1.000000000000000000e+00
1.000000000000000000e+00
1.000000000000000000e+00
1.000000000000000000e+00
1.000000000000000000e+00
1.000000000000000000e+00
1.000000000000000000e+00
1.000000000000000000e+00
1.000000000000000000e+00
1.000000000000000000e+00
1.000000000000000000e+00
1.000000000000000000e+00
1.000000000000000000e+00
1.000000000000000000e+00
1.000000000000000000e+00
1.000000000000000000e+00
1.000000000000000000e+00
1.000000000000000000e+00
1.000000000000000000e+00
1.000000000000000000e+00
1.000000000000000000e+00
1.000000000000000000e+00
1.000000000000000000e+00
1.000000000000000000e+00
1.000000000000000000e+00
1.000000000000000000e+00
1.000000000000000000e+00
1.000000000000000000e+00
1.000000000000000000e+00
1.000000000000000000e+00
1.000000000000000000e+00
1.000000000000000000e+00
1.000000000000000000e+00
1.000000000000000000e+00
1.000000000000000000e+00
1.000000000000000000e+00
1.000000000000000000e+00
1.000000000000000000e+00
1.000000000000000000e+00
1.000000000000000000e+00
1.000000000000000000e+00
1.000000000000000000e+00
1.000000000000000000e+00
1.000000000000000000e+00
1.000000000000000000e+00
1.000000000000000000e+00
1.000000000000000000e+00
1.000000000000000000e+00
1.000000000000000000e+00
1.000000000000000000e+00
1.000000000000000000e+00
1.000000000000000000e+00
1.000000000000000000e+00
1.000000000000000000e+00
1.000000000000000000e+00
1.000000000000000000e+00
1.000000000000000000e+00
1.000000000000000000e+00
1.000000000000000000e+00
1.000000000000000000e+00
1.000000000000000000e+00
1.000000000000000000e+00
1.000000000000000000e+00
1.000000000000000000e+00
1.000000000000000000e+00
1.000000000000000000e+00
1.000000000000000000e+00
1.000000000000000000e+00
1.000000000000000000e+00
1.000000000000000000e+00
1.000000000000000000e+00
1.000000000000000000e+00
1.000000000000000000e+00
1.000000000000000000e+00
1.000000000000000000e+00
1.000000000000000000e+00
1.000000000000000000e+00
1.000000000000000000e+00
1.000000000000000000e+00
1.000000000000000000e+00
1.000000000000000000e+00
1.000000000000000000e+00
1.000000000000000000e+00
1.000000000000000000e+00
1.000000000000000000e+00
1.000000000000000000e+00
1.000000000000000000e+00
1.000000000000000000e+00
1.000000000000000000e+00
1.000000000000000000e+00
1.000000000000000000e+00
1.000000000000000000e+00
1.000000000000000000e+00
1.000000000000000000e+00
1.000000000000000000e+00
1.000000000000000000e+00
1.000000000000000000e+00
1.000000000000000000e+00
1.000000000000000000e+00
1.000000000000000000e+00
1.000000000000000000e+00
1.000000000000000000e+00
1.000000000000000000e+00
1.000000000000000000e+00
1.000000000000000000e+00
1.000000000000000000e+00
1.000000000000000000e+00
1.000000000000000000e+00
1.000000000000000000e+00
1.000000000000000000e+00
1.000000000000000000e+00
1.000000000000000000e+00
1.000000000000000000e+00
1.000000000000000000e+00
1.000000000000000000e+00
1.000000000000000000e+00
1.000000000000000000e+00
1.000000000000000000e+00
1.000000000000000000e+00
1.000000000000000000e+00
1.000000000000000000e+00
1.000000000000000000e+00
1.000000000000000000e+00
1.000000000000000000e+00
1.000000000000000000e+00
1.000000000000000000e+00
1.000000000000000000e+00
1.000000000000000000e+00
1.000000000000000000e+00
1.000000000000000000e+00
1.000000000000000000e+00
1.000000000000000000e+00
1.000000000000000000e+00
1.000000000000000000e+00
1.000000000000000000e+00
1.000000000000000000e+00
1.000000000000000000e+00
1.000000000000000000e+00
1.000000000000000000e+00
1.000000000000000000e+00
1.000000000000000000e+00
1.000000000000000000e+00
1.000000000000000000e+00
1.000000000000000000e+00
1.000000000000000000e+00
1.000000000000000000e+00
1.000000000000000000e+00
1.000000000000000000e+00
1.000000000000000000e+00
1.000000000000000000e+00
1.000000000000000000e+00
1.000000000000000000e+00
1.000000000000000000e+00
1.000000000000000000e+00
1.000000000000000000e+00
1.000000000000000000e+00
1.000000000000000000e+00
1.000000000000000000e+00
1.000000000000000000e+00
1.000000000000000000e+00
1.000000000000000000e+00
1.000000000000000000e+00
1.000000000000000000e+00
1.000000000000000000e+00
1.000000000000000000e+00
1.000000000000000000e+00
1.000000000000000000e+00
1.000000000000000000e+00
1.000000000000000000e+00
1.000000000000000000e+00
1.000000000000000000e+00
1.000000000000000000e+00
1.000000000000000000e+00
1.000000000000000000e+00
1.000000000000000000e+00
1.000000000000000000e+00
1.000000000000000000e+00
1.000000000000000000e+00
1.000000000000000000e+00
1.000000000000000000e+00
1.000000000000000000e+00
1.000000000000000000e+00
1.000000000000000000e+00
1.000000000000000000e+00
1.000000000000000000e+00
1.000000000000000000e+00
1.000000000000000000e+00
1.000000000000000000e+00
1.000000000000000000e+00
1.000000000000000000e+00
1.000000000000000000e+00
1.000000000000000000e+00
1.000000000000000000e+00
1.000000000000000000e+00
1.000000000000000000e+00
1.000000000000000000e+00
1.000000000000000000e+00
1.000000000000000000e+00
1.000000000000000000e+00
1.000000000000000000e+00
1.000000000000000000e+00
1.000000000000000000e+00
1.000000000000000000e+00
1.000000000000000000e+00
1.000000000000000000e+00
1.000000000000000000e+00
1.000000000000000000e+00
1.000000000000000000e+00
1.000000000000000000e+00
1.000000000000000000e+00
1.000000000000000000e+00
1.000000000000000000e+00
1.000000000000000000e+00
1.000000000000000000e+00
1.000000000000000000e+00
1.000000000000000000e+00
1.000000000000000000e+00
1.000000000000000000e+00
1.000000000000000000e+00
1.000000000000000000e+00
1.000000000000000000e+00
1.000000000000000000e+00
1.000000000000000000e+00
1.000000000000000000e+00
1.000000000000000000e+00
1.000000000000000000e+00
1.000000000000000000e+00
1.000000000000000000e+00
1.000000000000000000e+00
1.000000000000000000e+00
1.000000000000000000e+00
1.000000000000000000e+00
1.000000000000000000e+00
1.000000000000000000e+00
1.000000000000000000e+00
1.000000000000000000e+00
1.000000000000000000e+00
1.000000000000000000e+00
1.000000000000000000e+00
1.000000000000000000e+00
1.000000000000000000e+00
1.000000000000000000e+00
1.000000000000000000e+00
1.000000000000000000e+00
1.000000000000000000e+00
1.000000000000000000e+00
1.000000000000000000e+00
1.000000000000000000e+00
1.000000000000000000e+00
1.000000000000000000e+00
1.000000000000000000e+00
1.000000000000000000e+00
1.000000000000000000e+00
1.000000000000000000e+00
1.000000000000000000e+00
1.000000000000000000e+00
1.000000000000000000e+00
1.000000000000000000e+00
1.000000000000000000e+00
1.000000000000000000e+00
1.000000000000000000e+00
1.000000000000000000e+00
1.000000000000000000e+00
1.000000000000000000e+00
1.000000000000000000e+00
1.000000000000000000e+00
1.000000000000000000e+00
1.000000000000000000e+00
1.000000000000000000e+00
1.000000000000000000e+00
1.000000000000000000e+00
1.000000000000000000e+00
1.000000000000000000e+00
1.000000000000000000e+00
1.000000000000000000e+00
1.000000000000000000e+00
1.000000000000000000e+00
1.000000000000000000e+00
1.000000000000000000e+00
1.000000000000000000e+00
1.000000000000000000e+00
1.000000000000000000e+00
1.000000000000000000e+00
1.000000000000000000e+00
1.000000000000000000e+00
1.000000000000000000e+00
1.000000000000000000e+00
1.000000000000000000e+00
1.000000000000000000e+00
1.000000000000000000e+00
1.000000000000000000e+00
1.000000000000000000e+00
1.000000000000000000e+00
1.000000000000000000e+00
1.000000000000000000e+00
1.000000000000000000e+00
1.000000000000000000e+00
1.000000000000000000e+00
1.000000000000000000e+00
1.000000000000000000e+00
1.000000000000000000e+00
1.000000000000000000e+00
1.000000000000000000e+00
1.000000000000000000e+00
1.000000000000000000e+00
1.000000000000000000e+00
1.000000000000000000e+00
1.000000000000000000e+00
1.000000000000000000e+00
1.000000000000000000e+00
1.000000000000000000e+00
1.000000000000000000e+00
1.000000000000000000e+00
1.000000000000000000e+00
1.000000000000000000e+00
1.000000000000000000e+00
1.000000000000000000e+00
1.000000000000000000e+00
1.000000000000000000e+00
1.000000000000000000e+00
1.000000000000000000e+00
1.000000000000000000e+00
1.000000000000000000e+00
1.000000000000000000e+00
1.000000000000000000e+00
1.000000000000000000e+00
1.000000000000000000e+00
1.000000000000000000e+00
1.000000000000000000e+00
1.000000000000000000e+00
1.000000000000000000e+00
1.000000000000000000e+00
1.000000000000000000e+00
1.000000000000000000e+00
1.000000000000000000e+00
1.000000000000000000e+00
1.000000000000000000e+00
1.000000000000000000e+00
1.000000000000000000e+00
1.000000000000000000e+00
1.000000000000000000e+00
1.000000000000000000e+00
1.000000000000000000e+00
1.000000000000000000e+00
1.000000000000000000e+00
1.000000000000000000e+00
1.000000000000000000e+00
1.000000000000000000e+00
1.000000000000000000e+00
1.000000000000000000e+00
1.000000000000000000e+00
1.000000000000000000e+00
1.000000000000000000e+00
1.000000000000000000e+00
1.000000000000000000e+00
1.000000000000000000e+00
1.000000000000000000e+00
1.000000000000000000e+00
1.000000000000000000e+00
1.000000000000000000e+00
1.000000000000000000e+00
1.000000000000000000e+00
1.000000000000000000e+00
1.000000000000000000e+00
1.000000000000000000e+00
1.000000000000000000e+00
1.000000000000000000e+00
1.000000000000000000e+00
1.000000000000000000e+00
1.000000000000000000e+00
1.000000000000000000e+00
1.000000000000000000e+00
8.696940643639625712e-01
8.696940643639625712e-01
8.672252730729896886e-01
8.728457361557045990e-01
8.703204220942616365e-01
8.697975876436534470e-01
8.725371971120311487e-01
8.690954680180549285e-01
8.766118399368789671e-01
8.745316148973579784e-01
8.713314108028321625e-01
8.807994842487948395e-01
9.053705765854433984e-01
9.499248852424070355e-01
9.538081819389991889e-01
8.737593569786370473e-01
9.593679420146313808e-01
9.858806232816702542e-01
9.823929397779110895e-01
9.741987750764984355e-01
9.428059880644703572e-01
9.276998485888516832e-01
8.655390076441535907e-01
8.324748827930937844e-01
8.278340961900106931e-01
8.437535005301499691e-01
8.557373038932775122e-01
8.587994112705301664e-01
8.596489122255838167e-01
8.605102648829003886e-01
8.586070809865745668e-01
8.577610226550647088e-01
8.605703586834970720e-01
8.625708299784758948e-01
8.643272458023226745e-01
8.648087424825855463e-01
8.658453535853196659e-01
8.676405143759142735e-01
8.691871252378996493e-01
8.715594180047381290e-01
8.736903410875785925e-01
8.769064555225331015e-01
8.796704431916209099e-01
8.811124248940099823e-01
8.822043090380875530e-01
8.748789436500329364e-01
8.707250475383574440e-01
8.727052523166469733e-01
8.779303281741879239e-01
8.837753909396772745e-01
8.828001522592782147e-01
8.815482678881603196e-01
8.842607621968491260e-01
8.882342064189677755e-01
8.885368824750980998e-01
8.847161967914540792e-01
8.814593752660413450e-01
8.777098620321844846e-01
8.747488738214294068e-01
8.735573763778143874e-01
8.740695066551649184e-01
8.776918650822278511e-01
8.818593536383880771e-01
8.860777765040575016e-01
8.997751428372594562e-01
9.001356872757573235e-01
9.007953839683559005e-01
9.041499090062701249e-01
9.028630854835404396e-01
8.992888603981681328e-01
8.972685945240789218e-01
9.022386572151200879e-01
9.056262598871342995e-01
9.084940443657638642e-01
9.106764838770800008e-01
9.112676116690934247e-01
9.091060119364240411e-01
9.082468982651031864e-01
9.083499962747207945e-01
9.102101634296861921e-01
9.132654427652268092e-01
9.140301065403964031e-01
9.128534253943128007e-01
9.099554368564416462e-01
9.087377674005500117e-01
9.092284069449558803e-01
9.112732619269061640e-01
9.142990880739546578e-01
9.267424303743210245e-01
9.480240571619170664e-01
9.848436510430246260e-01
1.043507094569337879e+00
1.119919707980868706e+00
1.200675354512871440e+00
1.259064030742042206e+00
1.258209729236804630e+00
1.180270483786850289e+00
1.132193783436425294e+00
1.171284261528673820e+00
1.175016979742023349e+00
1.112676488930025798e+00
1.061442357011984416e+00
1.036748376847032027e+00
1.025187104639403879e+00
1.008730331142964731e+00
9.899423583600313048e-01
9.765781722727331360e-01
9.728394944570439851e-01
9.767120812153393672e-01
9.825047409998712844e-01
9.875798783345854925e-01
9.893864096969456901e-01
9.852904279396209608e-01
9.829231704874389353e-01
9.927923329297607680e-01
1.013678196396169851e+00
1.042212071219280833e+00
1.065755996233012981e+00
1.084560515486008514e+00
1.101693313849039013e+00
1.119311495308889626e+00
1.165884754838920845e+00
1.245853524043152749e+00
1.343673841786445999e+00
1.445700850037190399e+00
1.517600663723772447e+00
1.561622423814736260e+00
1.538922768057501944e+00
1.400696311124784765e+00
1.396466141490635859e+00
1.511434547281378160e+00
1.664790725137416549e+00
1.833534765248096665e+00
2.014698235552959460e+00
2.203382654165842780e+00
2.615846989339027484e+00
3.197953533873494791e+00
3.559034005632250253e+00
3.672995256218840154e+00
3.778000774591527389e+00
3.847555741968059717e+00
3.589521882733003544e+00
2.780034971347838280e+00
2.140660491115207176e+00
1.999495471583421224e+00
1.803933274519432306e+00
1.439050017965709527e+00
1.182610832220869490e+00
1.050854276159495226e+00
9.572136514656279793e-01
8.973462286934633658e-01
8.602067761512008914e-01
8.354451175745866154e-01
8.139594629716131458e-01
8.037790639185230512e-01
8.016763531378398033e-01
8.002826780204477242e-01
8.006738333393390583e-01
8.012464313351868039e-01
8.056985524538471388e-01
8.121841383352292887e-01
8.192261947830906665e-01
8.281383523996384000e-01
8.401502973224606041e-01
8.490311660333197397e-01
8.348004653401924768e-01
8.023001164074267111e-01
7.847361406228673397e-01
7.733180344321659572e-01
7.835232260001430138e-01
8.070558459020956699e-01
8.181942342087703546e-01
8.236401280326315355e-01
8.287754086856362612e-01
8.344059530606438013e-01
8.407983219275059206e-01
8.457697653131256432e-01
8.510811002431036831e-01
8.545249996840080797e-01
8.560418024612516108e-01
8.566778143170824533e-01
8.557626454459708043e-01
8.557147050269215960e-01
8.555530853332189434e-01
8.562772489098915418e-01
8.577322366261630471e-01
8.597198779441230787e-01
8.624944280671187347e-01
8.639022698228129293e-01
8.678394532805221440e-01
8.707621421572095954e-01
8.740115077096018981e-01
8.762008811482034920e-01
8.787343435975006889e-01
8.800253653398300013e-01
8.803853463961496262e-01
8.804132599335643405e-01
8.806534885415967517e-01
8.812210590077187433e-01
8.817996837432676704e-01
8.812928630646101880e-01
8.804870531926750621e-01
8.819430819144274958e-01
8.861772923922640599e-01
8.916536253947894286e-01
8.970517855561658260e-01
9.018383278287489535e-01
9.057965801026129915e-01
9.094232379931097565e-01
9.108916924083491073e-01
9.116526991256094226e-01
9.118649634013811234e-01
9.113467463384538059e-01
9.100939101341868342e-01
9.072982177293942296e-01
9.031526147022522766e-01
8.989776318317119763e-01
8.949342541091334091e-01
8.915240235707997396e-01
8.903636558849579163e-01
8.905114709715109544e-01
8.908997545176275956e-01
8.873453922235514657e-01
8.808359009905941672e-01
8.746882326751653780e-01
8.726089374243143348e-01
8.756518215920291448e-01
8.808904584930985493e-01
8.896843101880516080e-01
9.003806292259050048e-01
9.105616410980882369e-01
9.188164374228324771e-01
9.244398955416751607e-01
9.266216112467497990e-01
9.285520307324000022e-01
9.323469066013342355e-01
9.370910011562451070e-01
9.400110636423022470e-01
9.425917418205792542e-01
9.436096960220732299e-01
9.443846535431820177e-01
9.453634933598915602e-01
9.464103939135489751e-01
9.478424295997172067e-01
9.501922419526172003e-01
9.518039571235621388e-01
9.538149943934000063e-01
9.557669207827180768e-01
9.572967288177153256e-01
9.586029069838493122e-01
9.598452410704466642e-01
9.607192232639313323e-01
9.610512731999227842e-01
9.608975815577494028e-01
9.612194970060220500e-01
9.613302493606975530e-01
9.622922829063723649e-01
9.627650387034127899e-01
9.642797335475831177e-01
9.657474832994096259e-01
9.673631680356847840e-01
9.693181248730932120e-01
9.712952648566416380e-01
9.731304874695985152e-01
9.748594023056165181e-01
9.769981635371156603e-01
9.784491182549985844e-01
9.808269957330906230e-01
9.823530469684287336e-01
9.840128238379646231e-01
9.856496093848152729e-01
9.873951648180621099e-01
9.886787730955092224e-01
9.901733821996029361e-01
9.917494023390910352e-01
9.925666304138355267e-01
9.931337286216179727e-01
9.931739661077881864e-01
9.926598503869122903e-01
9.916209274190822542e-01
9.905060909057562535e-01
9.881891504222473088e-01
9.856433293347965918e-01
9.822703401207356633e-01
9.788050886072724444e-01
9.749316699977611522e-01
9.705574774590125520e-01
9.652595672906678637e-01
9.598584452139476975e-01
9.541517526890053169e-01
9.480130939114009836e-01
9.415442032512059134e-01
9.343350355877507729e-01
9.290624066366669487e-01
9.244485981463393953e-01
9.225410071687428770e-01
9.215229391718006147e-01
9.221194791833002835e-01
9.231976440605597078e-01
9.253066235817144491e-01
9.272104421772201510e-01
9.284430009617259394e-01
9.287386127579875250e-01
9.281983146363353976e-01
9.277930963141278742e-01
9.284839661438668568e-01
9.293934303434064903e-01
9.310930736706832800e-01
9.344433799103872840e-01
9.392566031353026812e-01
9.456894467182790365e-01
9.536555568228515245e-01
9.623721787272889738e-01
9.719426236907113825e-01
9.810073059632550274e-01
9.886729128552922408e-01
9.936608638416816186e-01
9.952039385622143408e-01
9.934389555712918041e-01
9.894385490083278389e-01
9.850915009155425395e-01
9.822265947138409947e-01
9.812053447603690248e-01
9.821095059493042401e-01
9.830379497849915937e-01
9.846667314439437879e-01
9.865518361910329270e-01
9.890063713538198575e-01
9.917241057674834881e-01
9.940967485446056129e-01
9.971000112804803139e-01
9.992748323754325757e-01
1.001560853556822783e+00
1.003709842182765710e+00
1.004837429009244332e+00
1.007007750770261056e+00
1.008319610968530844e+00
1.009666018440427360e+00
1.010640171942625010e+00
1.012531942286698516e+00
1.013812650755463007e+00
1.014858249797215839e+00
1.015593565515235719e+00
1.016558078010551203e+00
1.017608247574102842e+00
1.018501794263017235e+00
1.019018619850945884e+00
1.019797878131464941e+00
1.020573671625364387e+00
1.021794531996739641e+00
1.022975783777946956e+00
1.024486030967788119e+00
1.025993107661127279e+00
1.027958533653155149e+00
1.030169148162749071e+00
1.031978220488919629e+00
1.033665180902197500e+00
1.035777607649885246e+00
1.037880304422759803e+00
1.040396993337523446e+00
1.042543668064590756e+00
1.044802398672466603e+00
1.047283309244931404e+00
1.049338369340599098e+00
1.051124392223664383e+00
1.053092355824521986e+00
1.054771708524357532e+00
1.056585804785538762e+00
1.057329395670748129e+00
1.057863165085609625e+00
1.057947323674415907e+00
1.058142991392210908e+00
1.057776410569586822e+00
1.057183533485255955e+00
1.056210265792042469e+00
1.054918844803869993e+00
1.053647307205247463e+00
1.052186157021723911e+00
1.050796988103854579e+00
1.049730479176634423e+00
1.048891301671771359e+00
1.048092552642127639e+00
1.047439113500340024e+00
1.046913396441710553e+00
1.046772378741882559e+00
1.047256747098195273e+00
1.047769808203089070e+00
1.048697622694485299e+00
1.049313095286256381e+00
1.050064728124371571e+00
1.050703344455383936e+00
1.051631265762897005e+00
1.052400254657969159e+00
1.053110745370784640e+00
1.054033917083855076e+00
1.055350493138227375e+00
1.057034244981152948e+00
1.057627071012257503e+00
1.059642350996846227e+00
1.060492961948898971e+00
1.061775431426365657e+00
1.062751665135136303e+00
1.063736339715381840e+00
1.064407180512735085e+00
1.064930869336218722e+00
1.065208375090729742e+00
1.065704145562858418e+00
1.065164258300611566e+00
1.065204876947639434e+00
1.064453904705700449e+00
1.063978657019754914e+00
1.063278396109422763e+00
1.062506577242921191e+00
1.061128246050172308e+00
1.059747876205173078e+00
1.058257423290664079e+00
1.056271303685323959e+00
1.054854215424899877e+00
1.053165710467918625e+00
1.051113649573041542e+00
1.049907417455514080e+00
1.048464921123603677e+00
1.047145975624734549e+00
1.046118093895862522e+00
1.045910680613992616e+00
1.045718211378610318e+00
1.046171433930507710e+00
1.047558511889648214e+00
1.049404761284421284e+00
1.052233573249869103e+00
1.054870239804825749e+00
1.057895329285207575e+00
1.060664807340595317e+00
1.063602703505833746e+00
1.066679113589640959e+00
1.069734387896005723e+00
1.073053281342156051e+00
1.076453828045666583e+00
1.079232646195118939e+00
1.082327887649827236e+00
1.084989397635687691e+00
1.087483614827213563e+00
1.089676598206922975e+00
1.091390327155165929e+00
1.093251617136357767e+00
1.094548680695175191e+00
1.095589778827352090e+00
1.096731175567896344e+00
1.097830120820875388e+00
1.099068207558495658e+00
1.100423109751330397e+00
1.101492054077367833e+00
1.102631742507199419e+00
1.103491492713264854e+00
1.104431414643030074e+00
1.105608703015967365e+00
1.106726367012562662e+00
1.107802022521371832e+00
1.109322265573712052e+00
1.111154782545211051e+00
1.112460975539688368e+00
1.114137518967495577e+00
1.115530649314970590e+00
1.116821886715444245e+00
1.118184323500009514e+00
1.119655766006587339e+00
1.120915481099909794e+00
1.121914571222780710e+00
1.122912777176327204e+00
1.123695225122911090e+00
1.124223670605431380e+00
1.124687667661175672e+00
1.124720763674730284e+00
1.124523597224161175e+00
1.124270388521217079e+00
1.123689547543986755e+00
1.122865345209786758e+00
1.122387612911782906e+00
1.121549637805929089e+00
1.120258360060218061e+00
1.118649637385774609e+00
1.116838826443865340e+00
1.114695362807404555e+00
1.112274590021351761e+00
1.109639174718672905e+00
1.106662211271348450e+00
1.103812296958902817e+00
1.100114166331791710e+00
1.096605910039704312e+00
1.093375456594076978e+00
1.090372966118741127e+00
1.087499966104728877e+00
1.084752659841670130e+00
1.083435524168828934e+00
1.083094642041001476e+00
1.084046370176259710e+00
1.086488154515889759e+00
1.091329451236958015e+00
1.099879822573040622e+00
1.111826040175472041e+00
1.128389132606256950e+00
1.150660746433660897e+00
1.179226406771346047e+00
1.215105675206982205e+00
1.259580261544069879e+00
1.313436126043805219e+00
1.374158157335352293e+00
1.440016091264286979e+00
1.508943242881100710e+00
1.578965406051136444e+00
1.648403152514686054e+00
1.708790409985224690e+00
1.757273147884302222e+00
1.790039515788514057e+00
1.804833046510870842e+00
1.799286336914464046e+00
1.755381201346508213e+00
1.653161282567565005e+00
1.519513885848574386e+00
1.365714580209655082e+00
1.203770705924732232e+00
1.050256981840789861e+00
9.281054080552963992e-01
8.496830381802012999e-01
8.064673601608753906e-01
7.912346979141759995e-01
7.980028580804910954e-01
8.161789568959763042e-01
8.392708793940492074e-01
8.614827507093648640e-01
8.804732622092170669e-01
8.956647817312320958e-01
9.089156645905369647e-01
9.203207881191486361e-01
9.299990095069912144e-01
9.383472215560854091e-01
9.449842025488548458e-01
9.511643141097114729e-01
9.572155714251440184e-01
9.631613590403074188e-01
9.688996961135420971e-01
9.739039953035291131e-01
9.788405699449779229e-01
9.836545805778539320e-01
9.882583191339694428e-01
9.926203005757675557e-01
9.964468600110021335e-01
1.000270886117093250e+00
1.004237487583838462e+00
1.007770969224620394e+00
1.011328477562270844e+00
1.014681075218745621e+00
1.017747004652871157e+00
1.020449684812756441e+00
1.023585734842814343e+00
1.026301159256040707e+00
1.028776994166266556e+00
1.031667413123162902e+00
1.033849188916259321e+00
1.036160571874638059e+00
1.038647904380784359e+00
1.041232611618161163e+00
1.042960668061554186e+00
1.044689653688954944e+00
1.046508860415517050e+00
1.048433110305192262e+00
1.050380137722118468e+00
1.052393714174818085e+00
1.054362664342971545e+00
1.055853039991075049e+00
1.058274968633525104e+00
1.060648832370731265e+00
1.062767730393747723e+00
1.065174898644163148e+00
1.067911372938838976e+00
1.070737799778654908e+00
1.073518808865981500e+00
1.076424036765168513e+00
1.079303136872940660e+00
1.082157543746566253e+00
1.084975740112382514e+00
1.088317426197073390e+00
1.091280152305575291e+00
1.093810727810219596e+00
1.096975043791938553e+00
1.099813490774357527e+00
1.102585593730891933e+00
1.105497496661419499e+00
1.108132689295211692e+00
1.111064798832765099e+00
1.114227152115659480e+00
1.116817385277236285e+00
1.119555064240656428e+00
1.122246037476160030e+00
1.124669050100698398e+00
1.127059241798483491e+00
1.129285241095485226e+00
1.131325168704938156e+00
1.133316927724921097e+00
1.134921423135117236e+00
1.136316851591552490e+00
1.137805123704961563e+00
1.138813509448303840e+00
1.139700632473276576e+00
1.140628049158628921e+00
1.141437542517617754e+00
1.142310253102393203e+00
1.143261886489185475e+00
1.143739080617184989e+00
1.144320952480029963e+00
1.144959228395848516e+00
1.145435585313903992e+00
1.146201309729962592e+00
1.147060798051891428e+00
1.147730580720362825e+00
1.148083447645198207e+00
1.148490308008682792e+00
1.149263503310284706e+00
1.149982368697996860e+00
1.150628570017966146e+00
1.151161239626367738e+00
1.151436331856787287e+00
1.151723983848735644e+00
1.152077207640645362e+00
1.152214311786248446e+00
1.152429246390789919e+00
1.152758086177510188e+00
1.152907005860093204e+00
1.152956397805281252e+00
1.152901050063134480e+00
1.152860236894691193e+00
1.152971019339626979e+00
1.153243298730328936e+00
1.153023174386157201e+00
1.152978906178968588e+00
1.153137301841522966e+00
1.153260972796673611e+00
1.153179054847790708e+00
1.152853625072075561e+00
1.152460570079695046e+00
1.151996227258614836e+00
1.151439455798564548e+00
1.151100212832168790e+00
1.150746190013244075e+00
1.150328730110746989e+00
1.149870840898096880e+00
1.149436491639074909e+00
1.149053951722203371e+00
1.148324771202795302e+00
1.147727599059703563e+00
1.147783225803282958e+00
1.147651593635619971e+00
1.147445158023104206e+00
1.147222002971268751e+00
1.147273543442927535e+00
1.147518578738865314e+00
1.148052420331080459e+00
1.148604786523713672e+00
1.149177071439644315e+00
1.150060183392477509e+00
1.151052305504061346e+00
1.152183210764348154e+00
1.153067483478563249e+00
1.154088755879360217e+00
1.155688609428223712e+00
1.156896648899380819e+00
1.157968943388112182e+00
1.159562301295387510e+00
1.161192623443553229e+00
1.162858425919354177e+00
1.163812679862451516e+00
1.164948733478996967e+00
1.166550518748737053e+00
1.167729522926648666e+00
1.168817278940289528e+00
1.170191525888406581e+00
1.171304492469999570e+00
1.172202313067173929e+00
1.173061964620317532e+00
1.173930389755434955e+00
1.174805830467934742e+00
1.175608286492189070e+00
1.176369661439983449e+00
1.176954722026014588e+00
1.177603502656044299e+00
1.178316204571374204e+00
1.178763096110026387e+00
1.179263979153436948e+00
1.180033011056237813e+00
1.180740892189889424e+00
1.181418509718152876e+00
1.182378304907280908e+00
1.183347970997149723e+00
1.184309526070556728e+00
1.185418595460948188e+00
1.186597145450889235e+00
1.187688937798628608e+00
1.189025118293617123e+00
1.190708280415938125e+00
1.192188739612797033e+00
1.193638183405058673e+00
1.195262384905837916e+00
1.196770199228744724e+00
1.198122867532288804e+00
1.199566079212078140e+00
1.201048924494485970e+00
1.202510926279764414e+00
1.203821994386263139e+00
1.204929667337931498e+00
1.206128899678867494e+00
1.207358942849668493e+00
1.208384838002872996e+00
1.209511472483348227e+00
1.210776816627465946e+00
1.212205076534856873e+00
1.213763243857548746e+00
1.216226210567885380e+00
1.219367560346097390e+00
1.223855497502817080e+00
1.230108725660420621e+00
1.237637018131279909e+00
1.247555418593897292e+00
1.258923649110978982e+00
1.273814367947838200e+00
1.291133567390890802e+00
1.311356623984535785e+00
1.332429666508944122e+00
1.355365813352329640e+00
1.378602260510476185e+00
1.404305268286437425e+00
1.433415914333172170e+00
1.467151622245635778e+00
1.510020835347893886e+00
1.555167894077315260e+00
1.608536129596293218e+00
1.650736069499262104e+00
1.685632075246723538e+00
1.705636483436071327e+00
1.690268564415555730e+00
1.666781741309479870e+00
1.578623548927728715e+00
1.489973458520603922e+00
1.360411060887328771e+00
1.242207795227379341e+00
1.130206200083186951e+00
1.041883524224587187e+00
9.780983644431684443e-01
9.361130460974504963e-01
9.144190699968490765e-01
9.064589043906674526e-01
9.116661118766762328e-01
9.231711703014963133e-01
9.355203180060420731e-01
9.475084572521145221e-01
9.578752893293150938e-01
9.694224274331763036e-01
9.797493110570220098e-01
9.906714472765295598e-01
1.000443828516860423e+00
1.010150352598432111e+00
1.019419731322379619e+00
1.028309420193546320e+00
1.037108252509254092e+00
1.045126588947339341e+00
1.053124590069909328e+00
1.060303629286370564e+00
1.067506811581520498e+00
1.074477774834725619e+00
1.080988456977711731e+00
1.086861439292482912e+00
1.092490618250463230e+00
1.097987869619910573e+00
1.103027387247694557e+00
1.107982250177541594e+00
1.111841118724540500e+00
1.115675061808615753e+00
1.119340344210767002e+00
1.122951715076668133e+00
1.126418922586991611e+00
1.129564629190618952e+00
1.132361213794315313e+00
1.134991290755834381e+00
1.137533064908555325e+00
1.139939285982795480e+00
1.142321720921898764e+00
1.144903358125189063e+00
1.147433127701918965e+00
1.149207545435080524e+00
1.151085041986951607e+00
1.153269742789846175e+00
1.155411556276898954e+00
1.157475455616473914e+00
1.159354134202325914e+00
1.161049373980244770e+00
1.162679768766926136e+00
1.164276165037401611e+00
1.165966695315850066e+00
1.167693836634037696e+00
1.169323084601228357e+00
1.170948028434206423e+00
1.172376203223090219e+00
1.173832547178448760e+00
1.175448905115282994e+00
1.177013022804946019e+00
1.178353773935268078e+00
1.179674187812194797e+00
1.180942310398749306e+00
1.182273130902071312e+00
1.183687414307346364e+00
1.184960149566761878e+00
1.186096999970282617e+00
1.187439244673289762e+00
1.188921754915711393e+00
1.190167886749541104e+00
1.191309377435586292e+00
1.192466688312369127e+00
1.193636844153478593e+00
1.195131207622594616e+00
1.196697274671343791e+00
1.197598722429370710e+00
1.198443334662514959e+00
1.199695408101000949e+00
1.200955297132782817e+00
1.201899975540237087e+00
1.202836720210441523e+00
1.203599495638560279e+00
1.204476051123034352e+00
1.205905827406487996e+00
1.207293553047743329e+00
1.208458799613028045e+00
1.209671745018378486e+00
1.210989737044525061e+00
1.212486429606343341e+00
1.214389594811304152e+00
1.216325866845269887e+00
1.218309632117469343e+00
1.220437372182635372e+00
1.222809216210781535e+00
1.225322163860307567e+00
1.228047975015343685e+00
1.230684136893400282e+00
1.233175968641258224e+00
1.235140182472746151e+00
1.236359972505798321e+00
1.237467969793644373e+00
1.238410157130517941e+00
1.238965757630815068e+00
1.239035804873148683e+00
1.239057431936321008e+00
1.239017174554655210e+00
1.239046662902880014e+00
1.239141928672633730e+00
1.239285392071437286e+00
1.239468278400047252e+00
1.239916029121107321e+00
1.240683373815813173e+00
1.241354539312953476e+00
1.241873515918999304e+00
1.242617353218096410e+00
1.243675180087807197e+00
1.244656277896087460e+00
1.245497509434547734e+00
1.246264731966772343e+00
1.246875102646037847e+00
1.247561263364168394e+00
1.248388707728252056e+00
1.249234574220092986e+00
1.250106159439517750e+00
1.250889629676961157e+00
1.251368486468209973e+00
1.251817169787962092e+00
1.252093389986531191e+00
1.252388981598458129e+00
1.252734103361136331e+00
1.253095258282410196e+00
1.253547447409292692e+00
1.254007874911595266e+00
1.254406328496887824e+00
1.254812551644267193e+00
1.254936330709883086e+00
1.255055492476405687e+00
1.254991475914452925e+00
1.254912378744430734e+00
1.254791680130447507e+00
1.254668636157189487e+00
1.254275158410464996e+00
1.253788215678815376e+00
1.253371787001378523e+00
1.252998507597430589e+00
1.252552819222177538e+00
1.252051531440540266e+00
1.251313500642685206e+00
1.250297437928877153e+00
1.249437497011258058e+00
1.248845033324588849e+00
1.248195280639572857e+00
1.247359151270188482e+00
1.246566008733633879e+00
1.245975183860716484e+00
1.245390272509542040e+00
1.244757255472205948e+00
1.244134006330084974e+00
1.243798782865982000e+00
1.243500297808077137e+00
1.243092036893081342e+00
1.242662288110058411e+00
1.242165592110229699e+00
1.241641197480069181e+00
1.241311388887840650e+00
1.241154076168338616e+00
1.240944336695550376e+00
1.240648165373775313e+00
1.240468402996804054e+00
1.240621445727075889e+00
1.240803620682908504e+00
1.241176628203877863e+00
1.241558995293302825e+00
1.242044683446190012e+00
1.242545236250586882e+00
1.242928041028113828e+00
1.243286999102686030e+00
1.243898906129484283e+00
1.244667502635648848e+00
1.245407518549508374e+00
1.246112130891814385e+00
1.246935104200928235e+00
1.248041809182307560e+00
1.249121670461886380e+00
1.249866469834368221e+00
1.250626463997634108e+00
1.251812035468682582e+00
1.253049739593577794e+00
1.254241532234722678e+00
1.255429406309047202e+00
1.256890736311852885e+00
1.258593124844643585e+00
1.260322162299648330e+00
1.262082642308733682e+00
1.263876140485584942e+00
1.265716244469312857e+00
1.267586325815829751e+00
1.269533730422006235e+00
1.271511067500294079e+00
1.273387855322858364e+00
1.275245126486125979e+00
1.277072770142019920e+00
1.278866861864075277e+00
1.280609906243509455e+00
1.282173696163227961e+00
1.283720010367769060e+00
1.284215529928871780e+00
1.284744388200457443e+00
1.285040390122748510e+00
1.285309652248202372e+00
1.285520912266390203e+00
1.285693831559499900e+00
1.285821755067755312e+00
1.285816124846065334e+00
1.285868862143071389e+00
1.286383443167359086e+00
1.286917126099281550e+00
1.287282195191712830e+00
1.287622061104324978e+00
1.288105157288113700e+00
1.288702104010405414e+00
1.289389349013693176e+00
1.290272293079724353e+00
1.291158566391576556e+00
1.291707482377940863e+00
1.292265482313989189e+00
1.292876312292444929e+00
1.293511319773749779e+00
1.294195087321759141e+00
1.294932091278949482e+00
1.295599641626836274e+00
1.295925670816698627e+00
1.296258950390990039e+00
1.296558108006280907e+00
1.296860183017928492e+00
1.297191871136808228e+00
1.297545298311126860e+00
1.297878944921959654e+00
1.298156221268619070e+00
1.298441827285954586e+00
1.298768288132730042e+00
1.299103284905153144e+00
1.299289096686474743e+00
1.299407148623418440e+00
1.299697314833582418e+00
1.300293012738757303e+00
1.300884129734048988e+00
1.301084540584386273e+00
1.301292266087479943e+00
1.301779941279750830e+00
1.302390406933547462e+00
1.302964666667401517e+00
1.303472205557715924e+00
1.303986868923666442e+00
1.304472599697948487e+00
1.304964489792051818e+00
1.305303117425664183e+00
1.305574578236334604e+00
1.305983931659933983e+00
1.306661802570791675e+00
1.307346073258383035e+00
1.307510260754443987e+00
1.307670104056643412e+00
1.307980214720906309e+00
1.308386623863606602e+00
1.308799445946341011e+00
1.309215891437550683e+00
1.309639837942993656e+00
1.310210161422144637e+00
1.310807363963897521e+00
1.311246227463613412e+00
1.311526837050611460e+00
1.311865087287988008e+00
1.312590257110559433e+00
1.313323297281379531e+00
1.313743191987052805e+00
1.314053465394782849e+00
1.314514667837849649e+00
1.315265056422942447e+00
1.316024863138059775e+00
1.316596629877158309e+00
1.317166419204957917e+00
1.317625985340080463e+00
1.317991781522730887e+00
1.318359382088616361e+00
1.318652655500673010e+00
1.318960126290033230e+00
1.319281913998082700e+00
1.319618760543564084e+00
1.319725512816336987e+00
1.319225654363228140e+00
1.318738300925665463e+00
1.318679018974763251e+00
1.318701424572168213e+00
1.318504446274463504e+00
1.318005436019844101e+00
1.317519771413198315e+00
1.317457296079267426e+00
1.317413233691688168e+00
1.317379755877604586e+00
1.317356329036408757e+00
1.317315742642353849e+00
1.317004030757600086e+00
1.316703007624189459e+00
1.316486529693466467e+00
1.316322204154694475e+00
1.316216190479274406e+00
1.316349726362591843e+00
1.316493565582740111e+00
1.316419859586131169e+00
1.316261972240190481e+00
1.316152045072741750e+00
1.316175114486666686e+00
1.316206339392119506e+00
1.316265949677538627e+00
1.316340613241077095e+00
1.316353697668122047e+00
1.316190364157820980e+00
1.316037226507672075e+00
1.316046494475477946e+00
1.316108578944172880e+00
1.316092432456530181e+00
1.315867941612862690e+00
1.315654599908071765e+00
1.315488920450285537e+00
1.315345352993501526e+00
1.315231394284300581e+00
1.315177511648712549e+00
1.315142077030869938e+00
1.314726940819579637e+00
1.314213405935337420e+00
1.313837468156115129e+00
1.313832002306255298e+00
1.313851479380400145e+00
1.313894001973987757e+00
1.313970626801928665e+00
1.314062299687776436e+00
1.314109435945362447e+00
1.314203309570271871e+00
1.314400383928457039e+00
1.314684813108339068e+00
1.315136668679120158e+00
1.316449944903804514e+00
1.317846534505244804e+00
1.319188537077828016e+00
1.320544587060305641e+00
1.322034777361926094e+00
1.324117841519069083e+00
1.326403088971962907e+00
1.328839660738020401e+00
1.331469012310363853e+00
1.334367337704047030e+00
1.336938359666437259e+00
1.339765044127872784e+00
1.342166687106451928e+00
1.343366257229235750e+00
1.344964929043549695e+00
1.345329925199680643e+00
1.345537598023256232e+00
1.345673796631116748e+00
1.343800534801434354e+00
1.342328572760903338e+00
1.339987983152043372e+00
1.337137889850248840e+00
1.334731284744647306e+00
1.330604893928791999e+00
1.326921665162001052e+00
1.322798794997258609e+00
1.317675605092805347e+00
1.313104334985440991e+00
1.307737257758601279e+00
1.302659533021233162e+00
1.298103912246383995e+00
1.293283523514899613e+00
1.289242541834458189e+00
1.285001630072521772e+00
1.280746421401474322e+00
1.277334788011030176e+00
1.274403878760084208e+00
1.272256018129742872e+00
1.270718632451409702e+00
1.269425644592600877e+00
1.268877471402651613e+00
1.269445188785600864e+00
1.270979030430203105e+00
1.273276786479690115e+00
1.275825254519474150e+00
1.279027120468472445e+00
1.282601430455284630e+00
1.286268768009592112e+00
1.290502560301603596e+00
1.294724207440665520e+00
1.299317270205573971e+00
1.304538997362857611e+00
1.310568476386291481e+00
1.317240714341294749e+00
1.324363199307184713e+00
1.331701712162043583e+00
1.339513676330345238e+00
1.346325335738738804e+00
1.352818038312654680e+00
1.359555264491935311e+00
1.364039517813110391e+00
1.368734643166669152e+00
1.372747899323882415e+00
1.375140982801999812e+00
1.377696666431057704e+00
1.379325631836756383e+00
1.380460625517374584e+00
1.381707419253124236e+00
1.382047090400523315e+00
1.382404241270909218e+00
1.382683693086210086e+00
1.382515041630599129e+00
1.382402363027312786e+00
1.382181967626766150e+00
1.381859239516519677e+00
1.381579103120171403e+00
1.381030266392882400e+00
1.380441020682267483e+00
1.379876360744793029e+00
1.379252258523243846e+00
1.378652852473554846e+00
1.378095655301685873e+00
1.377593641324541318e+00
1.377114407683062591e+00
1.376567268892636253e+00
1.375982063437991787e+00
1.375413489142010448e+00
1.374750883971139981e+00
1.374089088829063554e+00
1.373423525168998571e+00
1.372635875150499007e+00
1.371862620734163096e+00
1.371306781435193578e+00
1.371105901605907063e+00
1.370918611414207566e+00
1.370690872834505303e+00
1.370442812353336981e+00
1.370208817893686204e+00
1.370210725692804443e+00
1.370264492009759083e+00
1.370327339186090621e+00
1.370380767221080376e+00
1.370445885033862554e+00
1.370632951237594765e+00
1.371101473533304027e+00
1.371580801111943249e+00
1.372253770622371860e+00
1.373116859336578122e+00
1.373988825433967831e+00
1.374334581180727710e+00
1.374470869515720173e+00
1.374616747443121234e+00
1.375269686463736596e+00
1.375980787508739311e+00
1.376706714605117288e+00
1.377493932001017551e+00
1.378291836417310234e+00
1.379108542818256788e+00
1.379955656868430358e+00
1.380813334348480304e+00
1.381515227185196037e+00
1.382043238493187332e+00
1.382583946909612171e+00
1.383179492077847739e+00
1.383809713724634349e+00
1.384451318587096802e+00
1.384967409638365066e+00
1.385467949864554127e+00
1.385984567670203393e+00
1.386631012229412097e+00
1.387296418665530995e+00
1.387923214748987721e+00
1.388200230755353148e+00
1.388490913215718381e+00
1.388936461334966621e+00
1.389760819680015080e+00
1.390598562532226135e+00
1.391371418189510045e+00
1.392049124112634706e+00
1.392739255278953259e+00
1.393219830164951434e+00
1.393533977799532586e+00
1.393858907408785930e+00
1.394200301418738075e+00
1.394554091360931114e+00
1.394917454243439714e+00
1.395524465071894094e+00
1.396197055221970906e+00
1.396878798535227117e+00
1.397923358975406316e+00
1.399006880950377285e+00
1.400098524781049791e+00
1.401181898465505338e+00
1.402274281848359783e+00
1.403347893567515214e+00
1.404247528054330951e+00
1.405156405947493914e+00
1.406101286669356076e+00
1.407146540622964848e+00
1.408200852858107810e+00
1.409336897925185461e+00
1.410638535847450026e+00
1.411947352360473529e+00
1.412990144051469610e+00
1.413625145697297691e+00
1.414266653487464609e+00
1.415031247217508614e+00
1.415932575725694420e+00
1.416840397565867216e+00
1.417866775098698406e+00
1.418995505690403114e+00
1.420131582529979175e+00
1.421194469020133910e+00
1.422210782792648454e+00
1.423233492871804895e+00
1.424109022834487925e+00
1.424910727267570731e+00
1.425718696789999740e+00
1.426472208191926994e+00
1.427206471935174692e+00
1.427946841035472314e+00
1.428832749845017958e+00
1.429772679094926113e+00
1.430719324971457818e+00
1.431388035366788936e+00
1.431983825655108733e+00
1.432586613498807449e+00
1.433150185383230246e+00
1.433709237984676754e+00
1.434274655697563849e+00
1.434994745236278124e+00
1.435751912288716792e+00
1.436515598673873795e+00
1.437147583400090634e+00
1.437762121461732212e+00
1.438385096250470729e+00
1.438725686111704594e+00
1.439025499507669670e+00
1.439336035289809912e+00
1.439423904581107028e+00
1.439484221394022434e+00
1.439558390989049474e+00
1.439294965790855585e+00
1.438983906092743847e+00
1.438690906084587162e+00
1.438337452144600626e+00
1.437990947391052599e+00
1.437668024886981977e+00
1.437340706431394999e+00
1.437038362754877951e+00
1.436768480028391970e+00
1.437131639243787173e+00
1.437705761044264730e+00
1.438323655844851112e+00
1.439084639364999196e+00
1.439928809687571309e+00
1.440823146506643226e+00
1.442061727444878816e+00
1.443484030373126004e+00
1.444968422784630446e+00
1.445503617563639764e+00
1.445599637196530285e+00
1.445792663295347724e+00
1.444282132269314012e+00
1.441754015329154814e+00
1.439428958428235816e+00
1.434963921186272362e+00
1.428841610256808226e+00
1.423129137647414000e+00
1.415985347465444244e+00
1.407221540816197214e+00
1.398968750447435294e+00
1.390470325995911915e+00
1.381315128641980028e+00
1.372709942589408039e+00
1.364167776386840281e+00
1.355038520311357519e+00
1.346437457266252302e+00
1.337937728223627332e+00
1.328385762251689695e+00
1.319372059118568252e+00
1.310707882302016847e+00
1.301103276082471227e+00
1.292067725302615377e+00
1.283615065895555629e+00
1.275907072703071909e+00
1.268814243679712073e+00
1.262346948254101653e+00
1.258220742259873681e+00
1.254721582004132419e+00
1.251652271137927874e+00
1.251240797228037049e+00
1.251750483208290632e+00
1.252536519590145225e+00
1.254789308000071379e+00
1.257915990419397501e+00
1.261275670444711672e+00
1.265327762254545574e+00
1.269986450450968363e+00
1.274806862022229481e+00
1.279834371009120675e+00
1.285057522258534979e+00
1.290379123510984494e+00
1.295549355439079342e+00
1.299965636210603792e+00
1.304453850546962723e+00
1.308968768884307465e+00
1.312977425196249381e+00
1.317026885176268758e+00
1.321116773612724948e+00
1.324649267254505824e+00
1.328151525386766618e+00
1.331681610834077878e+00
1.335033597334393196e+00
1.338334626287561280e+00
1.341655904124535725e+00
1.344578970469574752e+00
1.347193010198778573e+00
1.349822551553304883e+00
1.352271224330646060e+00
1.354412000636421309e+00
1.356569029818695205e+00
1.358803188785247640e+00
1.361319581095045361e+00
1.363847871836729508e+00
1.366387994961645980e+00
1.368584270563700356e+00
1.370785748173928953e+00
1.372997688598846855e+00
1.375038157980754017e+00
1.377036984794225205e+00
1.379045952319853940e+00
1.380923351924659981e+00
1.382701275163879417e+00
1.384489365177839604e+00
1.386365433965470295e+00
1.388401217631245244e+00
1.390446620526222921e+00
1.392465889646545163e+00
1.394212712079563543e+00
1.395968609757675560e+00
1.397733548478649945e+00
1.399106634783072733e+00
1.400432077721575297e+00
1.401766752675281058e+00
1.403082925081848842e+00
1.404391739252928373e+00
1.405709255262698409e+00
1.407024862291461842e+00
1.408330732850172407e+00
1.409643637439599972e+00
1.410915789685651678e+00
1.411847820486811234e+00
1.412788902266500113e+00
1.413739016949858263e+00
1.414728655319889006e+00
1.415735191233960633e+00
1.416753590938877094e+00
1.417889661243107557e+00
1.419115897081043354e+00
1.420355947260143026e+00
1.421491953977459088e+00
1.422363573263304648e+00
1.423248284927473462e+00
1.424145763288035882e+00
1.425021363641243211e+00
1.425910288231679202e+00
1.426812512155771540e+00
1.427567147260392133e+00
1.428268408718544658e+00
1.428981240777045469e+00
1.429649679026772757e+00
1.430251473230069958e+00
1.430869503298518586e+00
1.431503798250146176e+00
1.432156164944549115e+00
1.432827259654168239e+00
1.433517056076687446e+00
1.433912071605570215e+00
1.434241276575831003e+00
1.434596426743653730e+00
1.435051241393820565e+00
1.435626880223521473e+00
1.436233827267323848e+00
1.436881265903715565e+00
1.437639752843865137e+00
1.438442155466755468e+00
1.439288400323470274e+00
1.439406534225981860e+00
1.439335650319415683e+00
1.439306410089812749e+00
1.439243299011973898e+00
1.439111509478331774e+00
1.439013325750228889e+00
1.438928510527381688e+00
1.438564757056967736e+00
1.438232860158127790e+00
1.437932841889814739e+00
1.437572543079457921e+00
1.437202215802249494e+00
1.436862060062860103e+00
1.436410766016372298e+00
1.435689256758254428e+00
1.434995145520857163e+00
1.434328472080159678e+00
1.434410672042822465e+00
1.434559232966804876e+00
1.434727701617362072e+00
1.434682641328388408e+00
1.434463338624813789e+00
1.434259391957520613e+00
1.434149094715089889e+00
1.434488795364038838e+00
1.434848123388448693e+00
1.435227064046403100e+00
1.435502248517192436e+00
1.435752275243697529e+00
1.436018129703029889e+00
1.436330791984645527e+00
1.436718460624450078e+00
1.437118712839031032e+00
1.437531538117446495e+00
1.438403816572898730e+00
1.439330914935714967e+00
1.440271301606968812e+00
1.440749977893344802e+00
1.440738127900542231e+00
1.440736500684280719e+00
1.440768823911689367e+00
1.441262222634690060e+00
1.441764974210322459e+00
1.442277068857882538e+00
1.442729584464514714e+00
1.443145362260979114e+00
1.443568990449531686e+00
1.444013007849933583e+00
1.444534435719739163e+00
1.445064140575400335e+00
1.445602113318232407e+00
1.446128847624436053e+00
1.446658356496162812e+00
1.447199838758622459e+00
1.447746432996012800e+00
1.448280402610574669e+00
1.448824760077418228e+00
1.449379493692146470e+00
1.450191691184744114e+00
1.451094070946186587e+00
1.452003125731689881e+00
1.452839011334159602e+00
1.453459417961434408e+00
1.454086743591723296e+00
1.454720979273888881e+00
1.455435445628655122e+00
1.456179784751306272e+00
1.456932487992417480e+00
1.457797748982265107e+00
1.458951135695696344e+00
1.460113315182629767e+00
1.461284266464025094e+00
1.462691185450016196e+00
1.464179904710115165e+00
1.465680225683991145e+00
1.467285867806567445e+00
1.469189541239668495e+00
1.471104996064979131e+00
1.473032186322765336e+00
1.474966211489174173e+00
1.476914085839713398e+00
1.478878272479681621e+00
1.481024332048337389e+00
1.483899758790123924e+00
1.486798073602659587e+00
1.489719142896672954e+00
1.492931447043719606e+00
1.496312684432748563e+00
1.499717259189452534e+00
1.503157381542878257e+00
1.506734561174423170e+00
1.510338228324400012e+00
1.513968193849742905e+00
1.517407981382918658e+00
1.520696725043990671e+00
1.524018504187991008e+00
1.527373103275107891e+00
1.530729777341262254e+00
1.534148790232872983e+00
1.537630806068688072e+00
1.540743548743869873e+00
1.543290612226785541e+00
1.545915830373609134e+00
1.548618805721102998e+00
1.550645247036531282e+00
1.552583755323327042e+00
1.554598018475387811e+00
1.556396722497758178e+00
1.557305663875862445e+00
1.558294641137272452e+00
1.559363502001270607e+00
1.559827429115916209e+00
1.559969469579570056e+00
1.560186083479591979e+00
1.560429119182265678e+00
1.558949076252255095e+00
1.557549852549940717e+00
1.556231666071504316e+00
1.554735564132462944e+00
1.552937633210392576e+00
1.551204516358589247e+00
1.549536431055704933e+00
1.547564804403917638e+00
1.545545686507102445e+00
1.543577089915159295e+00
1.541738104405594445e+00
1.540377639340129390e+00
1.539069278410446273e+00
1.537813154606080923e+00
1.536939737663362449e+00
1.536427019419122741e+00
1.535964472737124442e+00
1.535552142956153610e+00
1.535471874909980938e+00
1.535470184730565180e+00
1.535502945786750173e+00
1.535515281001974097e+00
1.535352570126665706e+00
1.535218180330304660e+00
1.535112119050908719e+00
1.535116438799674521e+00
1.535212801433566421e+00
1.535331372957103424e+00
1.535472148225276667e+00
1.535732394706061932e+00
1.536025648811830235e+00
1.536337309596127909e+00
1.536604116746603355e+00
1.536616651111297083e+00
1.536644768241489878e+00
1.536688467281816850e+00
1.536722546787806953e+00
1.536744037212056213e+00
1.536777345011549389e+00
1.536822469417929105e+00
1.536730164141761890e+00
1.536611985161922211e+00
1.536505387823630331e+00
1.536389604269339237e+00
1.536085240812127273e+00
1.535803393207797463e+00
1.535544073854637981e+00
1.535457839507966327e+00
1.535644757640472591e+00
1.535854152731704447e+00
1.536086015589665177e+00
1.536167794620672877e+00
1.536167216402548164e+00
1.536174479786257097e+00
1.536189584660568208e+00
1.536233537566954688e+00
1.536288056890679155e+00
1.536351274099192699e+00
1.536404498028703047e+00
1.536378389468943340e+00
1.536361255676890858e+00
1.536353096952812081e+00
1.536197632104248978e+00
1.535838271936247335e+00
1.535486878452243742e+00
1.535143457122948085e+00
1.535061259259044242e+00
1.535113983200097509e+00
1.535173822694124057e+00
1.535240776909089222e+00
1.534939086506821315e+00
1.534607915370241216e+00
1.534290848419205266e+00
1.534028805320382993e+00
1.534081740992330634e+00
1.534151163982887978e+00
1.534237072053943107e+00
1.534276066306327735e+00
1.534200924790799503e+00
1.534135303772952597e+00
1.534079204474517066e+00
1.533815282039763916e+00
1.533374871052341382e+00
1.532942224092713523e+00
1.532517347736501945e+00
1.532480560033886663e+00
1.532588101177791762e+00
1.532705025570667789e+00
1.532831331065250158e+00
1.532522983086887836e+00
1.532188027050150447e+00
1.531861840507122041e+00
1.531536020978070178e+00
1.531147564762369573e+00
1.530767312586759354e+00
1.530395270566529575e+00
1.530000487811659093e+00
1.529532969446106172e+00
1.529073728765547147e+00
1.528622773230519982e+00
1.528184208109728104e+00
1.527760152614644706e+00
1.527345742477785429e+00
1.526940985552370567e+00
1.526345096101798582e+00
1.525620166936748623e+00
1.524904808978213566e+00
1.524199035702462623e+00
1.523986451162254063e+00
1.523956562038626839e+00
1.523935668695374668e+00
1.523923771502501356e+00
1.523561415660460217e+00
1.523155460025751973e+00
1.522759107568389725e+00
1.522372365788990267e+00
1.521995629680995332e+00
1.521630206311610056e+00
1.521276104923547035e+00
1.520892084150721857e+00
1.520203813918935332e+00
1.519529579443121170e+00
1.518869399414933374e+00
1.518230087345876722e+00
1.517628493572884318e+00
1.517041077361982238e+00
1.516467855188553315e+00
1.515992599775253247e+00
1.515708851911974353e+00
1.515442270080268994e+00
1.515192863340670382e+00
1.514823991631349287e+00
1.514283309274634837e+00
1.513766253381134019e+00
1.513272848168955687e+00
1.512753343011341345e+00
1.512211885310861925e+00
1.511700897059402138e+00
1.511220409164824030e+00
1.510614679940621263e+00
1.509925683435139554e+00
1.509273227035438314e+00
1.508657358149550376e+00
1.507994107914004012e+00
1.507326176491726066e+00
1.506704382668430098e+00
1.506128783586789588e+00
1.505395188610517909e+00
1.504617597284351849e+00
1.503890213494433414e+00
1.503213110124940632e+00
1.502242384127016495e+00
1.501203744316446986e+00
1.500224992079834285e+00
1.499306244701620106e+00
1.498543182317674693e+00
1.497872920584381484e+00
1.497267063401027887e+00
1.496725688978258750e+00
1.496002182161167093e+00
1.495280795911957616e+00
1.494625570668213221e+00
1.494036593476722352e+00
1.493580317177434003e+00
1.493213621797666590e+00
1.492922052584801706e+00
1.492705653561877011e+00
1.492869807408059968e+00
1.493200590660239691e+00
1.493633887106706082e+00
1.494169607563604840e+00
1.495550833964899962e+00
1.497208595177095036e+00
1.498981338878284664e+00
1.500868657635506143e+00
1.502504673525972834e+00
1.504170186673420062e+00
1.505950068542363240e+00
1.507843914125128082e+00
1.508658970279658451e+00
1.509279049787802363e+00
1.510017531542507285e+00
1.510874241926624562e+00
1.510863898108570691e+00
1.510667303696129116e+00
1.510589021407572563e+00
1.510629069636054034e+00
1.509853120825066286e+00
1.508844633359706533e+00
1.507955893533486247e+00
1.507187113180433080e+00
1.506248944906319220e+00
1.505293339781283990e+00
1.504456766482404007e+00
1.503739423672129982e+00
1.502641114252750043e+00
1.501342920451537388e+00
1.500143222330891701e+00
1.499042256371990067e+00
1.498157873556225983e+00
1.497451502089049757e+00
1.496826040836056082e+00
1.496281591261180433e+00
1.495406539368874910e+00
1.494166823591986049e+00
1.493001043050363519e+00
1.491909371063375289e+00
1.491292444373661263e+00
1.491339599158801432e+00
1.491441654543153250e+00
1.491598599257795588e+00
1.491861013185621809e+00
1.492289661235892462e+00
1.492767383796983705e+00
1.493294133770332044e+00
1.493888301676374875e+00
1.494602829360594187e+00
1.495364021689175482e+00
1.496171807438808399e+00
1.497087825911162184e+00
1.498667929883227945e+00
1.500278180779680559e+00
1.501918481636314251e+00
1.503588734106476421e+00
1.504872682591581246e+00
1.506164310004384443e+00
1.507477338168062841e+00
1.508811711211255568e+00
1.510224978102692406e+00
1.511672476375192309e+00
1.513143002563243966e+00
1.514636489595005964e+00
1.516473502257267070e+00
1.518469005657437698e+00
1.520481374760642268e+00
1.522510542690456825e+00
1.524195495512515430e+00
1.525594235176610969e+00
1.527008426353367643e+00
1.528438026153130957e+00
1.529957759256437955e+00
1.531612466155486185e+00
1.533282258970938949e+00
1.534967088469776586e+00
1.536612381246960757e+00
1.538073732957451867e+00
1.539551163027149450e+00
1.541044625212128816e+00
1.542545934523446016e+00
1.543838035750934923e+00
1.545142163257277268e+00
1.546458286617208522e+00
1.547786375229561973e+00
1.548852706427988224e+00
1.549881676952665099e+00
1.550923051798954733e+00
1.551976805996994946e+00
1.552778624874779467e+00
1.553446486128300386e+00
1.554123719470769771e+00
1.554810312655500626e+00
1.555522536631313901e+00
1.556265609119954929e+00
1.557019004207293111e+00
1.557782706916282844e+00
1.558430186449050181e+00
1.558642786969297367e+00
1.558866322077385513e+00
1.559100787070095251e+00
1.559346177017140622e+00
1.559719890126048059e+00
1.560103945495116440e+00
1.560497550218723051e+00
1.560900697072824750e+00
1.561343606278632112e+00
1.561806186819158393e+00
1.562278720673932808e+00
1.562761198814171415e+00
1.563175523943007628e+00
1.563523593178359761e+00
1.563880606818691898e+00
1.564246558739764481e+00
1.564646729092036281e+00
1.565131043042096604e+00
1.565624236447285211e+00
1.566126300918836201e+00
1.566637227927945686e+00
1.566800806184095674e+00
1.566967029834476444e+00
1.567141442865998879e+00
1.567324042544701257e+00
1.567576629535092581e+00
1.567863963655462545e+00
1.568160725195041127e+00
1.568466908802690352e+00
1.568827765110464290e+00
1.569261910973895224e+00
1.569707892509100144e+00
1.570165699630854839e+00
1.570537617956170306e+00
1.570235606076585855e+00
1.569943287716594416e+00
1.569660668291873673e+00
1.569387753042254863e+00
1.569070634010010235e+00
1.568752162753232371e+00
1.568444385988302159e+00
1.568147310012171447e+00
1.567747526592767615e+00
1.567247270276116433e+00
1.566759352395421523e+00
1.566283784481432573e+00
1.565750476945501291e+00
1.564901179637522732e+00
1.564063959997459285e+00
1.563238837430523276e+00
1.562425831102235874e+00
1.561294753356243792e+00
1.560116904559436968e+00
1.558955667193845818e+00
1.557811078407395078e+00
1.556360495489075291e+00
1.554599633583489515e+00
1.552861002547573976e+00
1.551144677135056327e+00
1.549446190528311229e+00
1.547740437216797105e+00
1.546055092177813783e+00
1.544390222224103937e+00
1.542745893643357569e+00
1.540947885865263434e+00
1.539119482226107616e+00
1.537312584734138010e+00
1.535527269309991283e+00
1.533678393100250004e+00
1.531721381343618793e+00
1.529787320368418246e+00
1.527876297331334010e+00
1.525991336612612992e+00
1.524476599139673816e+00
1.522979783376208873e+00
1.521500942215050500e+00
1.520040128118461897e+00
1.518507488113962633e+00
1.516937373490538254e+00
1.515387239949441689e+00
1.513857148870333846e+00
1.512378300680594645e+00
1.511039429327177164e+00
1.509719354597706342e+00
1.508418125841127777e+00
1.507135791871071717e+00
1.506268716865115875e+00
1.505526885823321726e+00
1.504803872001423182e+00
1.504099702535475869e+00
1.503588876098085558e+00
1.503402811678503426e+00
1.503231857398407145e+00
1.503076018413508796e+00
1.502935299425713023e+00
1.503336587876823227e+00
1.503797492628340393e+00
1.504274751859382864e+00
1.504768350008762745e+00
1.505371893044424869e+00
1.506092965382792581e+00
1.506828180797607830e+00
1.507577518596981525e+00
1.508355907542460184e+00
1.509969969468267781e+00
1.511689427957280563e+00
1.513513923795768878e+00
1.515443077609172740e+00
1.516520704282643406e+00
1.516914777395472980e+00
1.517401741762382406e+00
1.517981507985585621e+00
1.518675275852574558e+00
1.519690245982956878e+00
1.520717157509720474e+00
1.521755986257980364e+00
1.522806707838657125e+00
1.523850660858219630e+00
1.524892892638888275e+00
1.525946573357847669e+00
1.527011679314834502e+00
1.528079633631261869e+00
1.529066920666134921e+00
1.530065307754964854e+00
1.531074773183297877e+00
1.532095295053277795e+00
1.533046716336649018e+00
1.533951572703341260e+00
1.534869263586522425e+00
1.535799765979054099e+00
1.536727931798716806e+00
1.537412303894681864e+00
1.538105365031217753e+00
1.538807103467990434e+00
1.539517507339216662e+00
1.540303573406419879e+00
1.541161088805800494e+00
1.542030398605929609e+00
1.542911482871143658e+00
1.543804321441576421e+00
1.544133913449406759e+00
1.544463140730997663e+00
1.544800483679644287e+00
1.545145936979805734e+00
1.545751216816971141e+00
1.546696434238781004e+00
1.547655382184385919e+00
1.548628035146970117e+00
1.549614367319675390e+00
1.550170623398681391e+00
1.550672860088391003e+00
1.551185506157532812e+00
1.551708551289102678e+00
1.552298268648367063e+00
1.553029591176653845e+00
1.553771885197717584e+00
1.554525134994718005e+00
1.555289324649521632e+00
1.555868026280102789e+00
1.556382260485475122e+00
1.556909352751435494e+00
1.557449290023207089e+00
1.557979848431876091e+00
1.558368507595584873e+00
1.558771162995597814e+00
1.559187803788462112e+00
1.559618418765887693e+00
1.560026493035011175e+00
1.560414787038143292e+00
1.560816740140485992e+00
1.561232341792071043e+00
1.561661581096123186e+00
1.561748033960944859e+00
1.561815501159113495e+00
1.561900729920287167e+00
1.562003717337056674e+00
1.562219639265786553e+00
1.562698000839396029e+00
1.563197739682885778e+00
1.563718835300783594e+00
1.564261266349620039e+00
1.564118908179261691e+00
1.563698347409579803e+00
1.563404699215925397e+00
1.563238035118403424e+00
1.563198395733144563e+00
