Frequency (Hz),Trace M (dB),Trace th (deg),Trace Rs (Ohm),Trace Xs (Ohm),Trace Gp (S),Trace Bp (S),Trace Ls (H),Trace Cs (F),Trace Vrms (V),Trace Vreal (V),Trace Vimag (V),Trace Irms (A),Trace Ireal (A),Trace Iimag (A)
10000,32.316264102808915,-89.11668363484098,650.8136617003516,-42211.288335410485,3.6517094888210173e-07,2.3684715183614146e-05,-0.6718135192857841,3.770435572287008e-10,0.7104609173841274,0.012869968107250789,-0.7103443383678189,1.682900307500043e-05,3.048566466534811e-07,-1.682624161609969e-05
10023.052380778994,32.31192538622497,-89.169511953237,611.6079988164051,-42192.1820903139,3.4349303523985587e-07,2.3696094095631814e-05,-0.6699650051100398,3.763467282648843e-10,0.7104825144314177,0.0122197967187685,-0.710377420728546,1.6837367620060798e-05,2.895908138724204e-07,-1.6834877057275844e-05
10046.157902783953,32.27958700152075,-89.15825882358037,617.6404138293719,-42038.62657442175,3.4941772376212204e-07,2.3782513059092447e-05,-0.6659914451732283,3.7685268397502527e-10,0.7104600223305766,0.01236335644010028,-0.7103524412202005,1.689828618574298e-05,2.9406233816764003e-07,-1.689572736985725e-05
10069.31668851804,32.25344178180818,-89.13419124125886,633.4266917239469,-41914.46805727196,3.6047011735876673e-07,2.3852662694895885e-05,-0.6624972661738756,3.7709968775962834e-10,0.7104874664549676,0.012666674556941277,-0.7103745458173929,1.694889038608622e-05,3.021672988730087e-07,-1.6946196630602917e-05
10092.528860766844,32.23588646247623,-89.21815464509659,570.8943168961481,-41834.11004102203,3.2614729399349656e-07,2.3899487843364724e-05,-0.6597063525635593,3.7695507720471586e-10,0.7104998077857878,0.011630304438055955,-0.710404612092517,1.6982099582896133e-05,2.779831690060252e-07,-1.6979824251185593e-05
10115.794542598982,32.20026169376109,-89.13112958801793,631.87401721707,-41664.37090478403,3.6391584299468413e-07,2.3995803352440905e-05,-0.6555185114116446,3.776202738858028e-10,0.7104983595984593,0.012713740689305784,-0.7103845999103491,1.7050875895711712e-05,3.051103661747051e-07,-1.7048145836876673e-05
10139.113857366794,32.194247989908824,-89.16696976144476,605.4109445511351,-41637.201392825955,3.4913661630865645e-07,2.4011907511238393e-05,-0.6535843774321737,3.7699761308978154e-10,0.7104856473578285,0.012273623818886309,-0.7103796261576095,1.7061855052654594e-05,2.9474316806737634e-07,-1.7059309021841204e-05
10162.486928706954,32.169384330476504,-89.12501038712568,634.1157758823803,-41519.73083399753,3.6775468176734264e-07,2.4079317974190707e-05,-0.6502414659357876,3.7719471777251847e-10,0.71047325137714,0.012798110504355744,-0.7103579726376857,1.7109642063700047e-05,3.082045515390842e-07,-1.7106865917003752e-05
10185.91388054117,32.15424487774621,-89.17325197352463,598.14966557182,-41450.44399726877,3.480655677836318e-07,2.4120171179901254e-05,-0.6476633449770155,3.769562468672868e-10,0.7105002760706569,0.012204958825168926,-0.7103954400730311,1.7139107745906052e-05,2.944152330183116e-07,-1.7136578829986563e-05
10209.394837076798,32.11702560248162,-89.14602610802189,615.2581159074948,-41276.53464775759,3.6103924418397727e-07,2.422145841957615e-05,-0.6434626760674365,3.776738387006815e-10,0.7104945506088067,0.012546925095524665,-0.7103837562300095,1.7211060545820807e-05,3.0393742963674304e-07,-1.720837665646517e-05
10232.929922807542,32.099771749955,-89.19431278197216,579.3581630484709,-41197.86047691283,3.412808554348942e-07,2.426830579492831e-05,-0.6407591168094258,3.775247852389417e-10,0.7105268406410268,0.011953292654366836,-0.7104262875668651,1.7244921821370704e-05,2.901137375001206e-07,-1.7242481336643552e-05
10256.519262514073,32.07709573677069,-89.13627196480046,619.4943877849203,-41091.31999072475,3.6680774164762884e-07,2.4330509822714985e-05,-0.6376321759173106,3.776330873311561e-10,0.7105548671974229,0.01267797396803288,-0.7104417557224612,1.7290060495072102e-05,3.0849544065023444e-07,-1.7287308133030748e-05
10280.162981264735,32.06338737261822,-89.1714746800366,593.3411040341782,-41029.00736600935,3.523965099835076e-07,2.43679039014234e-05,-0.6352009539493518,3.773367648452575e-10,0.7104919142485135,0.012244922842639637,-0.7103863892819843,1.7314942334977303e-05,2.9841315385102616e-07,-1.7312370653760796e-05
10303.861204416158,32.03887881237837,-89.14187161063543,612.8405353985984,-40915.26525897752,3.6599851093957047e-07,2.443527360627908e-05,-0.6319831551196975,3.7751547650832265e-10,0.710495126013384,0.012616558247119315,-0.7103830984382803,1.7363023017147294e-05,3.083224405367498e-07,-1.736028529623428e-05
10327.614057613975,32.01622845910074,-89.2581775395736,528.463251583122,-40814.37763703612,3.171871847657236e-07,2.4497062949741075e-05,-0.6289748933215229,3.775782359855493e-10,0.7105373453336049,0.011179730282048831,-0.710449387883857,1.740746944477046e-05,2.738924485301588e-07,-1.740531457334958e-05
10351.421666793436,31.988613057640748,-89.14219040866924,609.1604474979384,-40684.687172703794,3.6793608651096457e-07,2.457376318625502e-05,-0.6255342773307246,3.779106670203293e-10,0.7105145727993512,0.012622070487430193,-0.7104024503736279,1.7461905697635627e-05,3.102053258275084e-07,-1.7459150129629672e-05
10375.284158180128,31.963028752748144,-89.19071757184625,573.0632852485736,-40569.179483765816,3.481156033920314e-07,2.4644336426097907e-05,-0.6223237217973397,3.781150009863373e-10,0.7105517736962795,0.01202558970679602,-0.7104500040784945,1.7512755209849966e-05,2.9639108167117205e-07,-1.751024692478187e-05
10399.20165829059,31.94594140468542,-89.0690047424018,657.9429993009682,-40487.896084564854,4.012575158080244e-07,2.4692218961895754e-05,-0.6196484123482922,3.780027174614421e-10,0.7104929632389422,0.01353822866519075,-0.7103639681013261,1.7545894959001715e-05,3.343317251271593e-07,-1.7542709374834185e-05
10423.174293933042,31.92252135195332,-89.14080111990084,605.6300046588588,-40383.48153720284,3.7128055295907393e-07,2.4757031917516814e-05,-0.6166289198144932,3.781084421128468e-10,0.710530412311213,0.012653336608026776,-0.7104177361889457,1.7592532507412375e-05,3.132930438260272e-07,-1.7589742678420607e-05
10447.202192207998,31.90425882847141,-89.18167275072462,575.6497643231044,-40301.79770517116,3.5434058593203205e-07,2.4807727715752327e-05,-0.6139663234479773,3.7800340585125675e-10,0.7105083179996048,0.01215079044896783,-0.7104044117529766,1.7627824733044278e-05,3.0146304972952115e-07,-1.7625246802486916e-05
10471.285480508996,31.894068834541915,-89.16732205134583,585.0698178619106,-40255.264682686415,3.609695700892961e-07,2.4836224913194477e-05,-0.6118469763476178,3.7756996974061507e-10,0.7105899151289442,0.012334757223321053,-0.7104828507762885,1.7650164350859547e-05,3.063799352965242e-07,-1.7647505006306157e-05
10495.424286523219,31.85308677327159,-89.16266506519385,585.6369084554487,-40070.14748265371,3.6466476222874257e-07,2.4950904892197648e-05,-0.6076326090479768,3.7844187952890905e-10,0.7105374541740103,0.012396218893875372,-0.7104293121354291,1.773037466393596e-05,3.0932866960556553e-07,-1.7727676144878725e-05
10519.61873823223,31.842574369651988,-89.17406162438668,576.9873704886086,-40023.14482455836,3.601253023200874e-07,2.4980351160094036e-05,-0.6055239733889537,3.780149023782212e-10,0.7105720608733773,0.012260145485382078,-0.7104662852848936,1.7752112482423592e-05,3.0629332856103415e-07,-1.774946990716902e-05
10543.868963912586,31.804734042746965,-89.10704470205849,621.1355096300363,-39851.44816744182,3.9101430954881204e-07,2.5087096532274977e-05,-0.601539623351431,3.7877039228220047e-10,0.710518723875358,0.013094812397706445,-0.7103980453701545,1.782694459956888e-05,3.285493925936449e-07,-1.7823916770808945e-05
10568.175092136586,31.797148312499818,-89.11973493073411,611.7905306120789,-39817.84417471645,3.8578447927792416e-07,2.5108440736315686e-05,-0.5996500501192726,3.7821816999383495e-10,0.7106066385061512,0.012943730683149584,-0.7104887434189328,1.784425799835519e-05,3.2503393193300156e-07,-1.7841297499199867e-05
10592.537251772887,31.76312340726216,-89.1179861660719,610.6661876021373,-39665.85332901771,3.880318272339101e-07,2.52046271081231e-05,-0.5959872011037453,3.787942081928025e-10,0.7105141629752632,0.01296840009711445,-0.7103958026250999,1.7910293456327445e-05,3.269010858640289e-07,-1.7907309886519152e-05
10616.955571987246,31.756230037005167,-89.17621993293437,569.923578061716,-39636.75121083314,3.62685959717956e-07,2.5223896161471243e-05,-0.5941802092449541,3.7820048453534736e-10,0.7105600669231963,0.012251841568380219,-0.7104544327992334,1.7924872411302345e-05,3.090698550900182e-07,-1.7922207642646667e-05
10641.430182243159,31.728392369299797,-89.15012122935863,586.1355371876188,-39512.25822588414,3.7535204992457734e-07,2.5303033481635722e-05,-0.5909516955593337,3.785195195881411e-10,0.7105667329740529,0.012580269475925082,-0.7104553601946656,1.7981397796149583e-05,3.183526885399904e-07,-1.797857942856088e-05
10665.961212302578,31.702265593729557,-89.15612793527858,580.2889539528122,-39396.616156059084,3.737939337950655e-07,2.5377384888813618e-05,-0.5878669608416116,3.787574731452219e-10,0.710522380254872,0.01250971079881387,-0.7104122465011277,1.8033081063195973e-05,3.174968659414043e-07,-1.803028586495274e-05
10690.548792226577,31.684122639305112,-89.10832724227517,611.8951007734781,-39315.06940630168,3.957798633630233e-07,2.5429379607819682e-05,-0.5853008817062461,3.78670161556238e-10,0.7105180975950406,0.013107024354888166,-0.7103971937744659,1.8070147409128996e-05,3.3334247641199876e-07,-1.806707254042754e-05
10715.193052376066,31.66353004275189,-89.18449237960611,558.357559687392,-39226.330260994175,3.628014835336856e-07,2.548791641728414e-05,-0.5826366664488641,3.7865391471837157e-10,0.7106030164295115,0.012168838810890198,-0.7104988151437799,1.8113549287737542e-05,3.101884687784152e-07,-1.8110893156140428e-05
10739.894123412445,31.641521513835688,-89.19934049141123,546.842180385019,-39129.87878051082,3.570756133687222e-07,2.555092852705155e-05,-0.5798673207521526,3.787142346229461e-10,0.7106018558739075,0.011989431218410947,-0.7105007045109109,1.8158233852884317e-05,3.063697259265371e-07,-1.8155649100130506e-05
10764.65213629835,31.612658168031974,-89.1238274057136,596.456067766954,-39001.1644440209,3.9203220969954145e-07,2.563426462419469e-05,-0.576630626704142,3.7909020033095594e-10,0.7105450210292134,0.01292953999223482,-0.7104273741241919,1.8216352100704848e-05,3.314766074323256e-07,-1.8213335968887717e-05
10789.467222298286,31.597633434788047,-89.11869617312418,598.9359152517633,-38935.26009966289,3.9499485592058627e-07,2.5677584298534214e-05,-0.5743322610613586,3.788585138977637e-10,0.710554867682475,0.012998102151221916,-0.7104359713075669,1.824741372544754e-05,3.337979350877731e-07,-1.8244360405511137e-05
10814.33951297938,31.569872573904526,-89.06371100021654,634.304339391874,-38812.510378338375,4.209574854200349e-07,2.575800882486228e-05,-0.5712048223660962,3.791825981255118e-10,0.7105719304113686,0.013684979761721332,-0.7104401379549582,1.8305284137648707e-05,3.525433981205194e-07,-1.8301888987547025e-05
10839.269140212033,31.54463890259092,-89.147776834391,575.7449590994438,-38705.03032898006,3.8423704497907096e-07,2.58307193912642e-05,-0.5683129387871629,3.793610332791446e-10,0.7105848339313026,0.01264759971811857,-0.710472268589385,1.8356869481549058e-05,3.2673134324567483e-07,-1.835396152856293e-05
10864.256236170655,31.514299942275787,-89.11583762019514,595.2807510657108,-38572.51570788447,4.000022982112705e-07,2.5919022080458573e-05,-0.5650645942941621,3.7978881211886074e-10,0.7105730608229495,0.013048222022151128,-0.710453248756986,1.8419472760462282e-05,3.382359722885154e-07,-1.8416366992446203e-05
10889.300933334333,31.501056015687922,-89.14024943260299,577.9924160359525,-38515.869246145594,3.8953361500039446e-07,2.5957478620965806e-05,-0.5629370531252427,3.794726043925472e-10,0.7106525703886672,0.012751749872757819,-0.7105381542712553,1.8448746184102124e-05,3.310391133560546e-07,-1.8445775908615262e-05
10914.403364487567,31.475603624380444,-89.1440634703069,573.7874364862505,-38406.063585589734,3.889148408965389e-07,2.6031744787444315e-05,-0.560041136489116,3.796822854287741e-10,0.7105834781375882,0.012708029717897867,-0.7104698342525185,1.8499711745795266e-05,3.308476679675767e-07,-1.849675307988177e-05
10939.563662720937,31.45021122444303,-89.09283359081655,606.3819186598881,-38295.312873785806,4.133768228024515e-07,2.610631068778695e-05,-0.5571418137894688,3.799045627469846e-10,0.7105818485607062,0.013348071210273421,-0.7104564677015165,1.8552915059230907e-05,3.485110573403726e-07,-1.8549641431519598e-05
10964.78196143185,31.427864050419032,-89.13931601067509,573.8844580457504,-38200.64564314342,3.931742375440972e-07,2.6171661410000737e-05,-0.5544863185418244,3.799701046752713e-10,0.7106137155606107,0.012777102946340402,-0.7104988377071106,1.859995864037851e-05,3.3443428003398796e-07,-1.8596951770011382e-05
10990.058394325208,31.398934468740237,-89.02777324688537,646.1171864327661,-38073.66399523256,4.4559149637166036e-07,2.625731255602944e-05,-0.5513721227896391,3.8036054303173905e-10,0.710565605444748,0.01416415699827994,-0.710424419834784,1.8660147466949514e-05,3.719646100341406e-07,-1.8656439794805024e-05
11015.39309541415,31.399263780550392,-89.0505580736301,631.0061489113285,-38075.71467840021,4.3512917521735546e-07,2.6256248615656227e-05,-0.5501336312134751,3.794652997022459e-10,0.710618241060325,0.013887527957669064,-0.7104825269455225,1.8660648733147338e-05,3.646828437771921e-07,-1.865708491606789e-05
11040.78619902073,31.37050295219091,-89.1087601463594,590.4344518089185,-37954.62414443272,4.0976722084575554e-07,2.6340876292467193e-05,-0.5471228168803095,3.798004164232305e-10,0.710559654932483,0.013169584004867025,-0.7104376012535569,1.8718945431974444e-05,3.4693881454940415e-07,-1.8715730056404317e-05
11066.237839776664,31.353979704488463,-89.14803573003546,563.3812288338573,-37885.377045288,3.924308283605518e-07,2.6389572700901328e-05,-0.5448685555975271,3.7961950436278353e-10,0.7106239683686102,0.01268861328575363,-0.7105106779724258,1.8755052594142497e-05,3.348826103732029e-07,-1.8752062591787625e-05
11091.74815262401,31.31673054617417,-89.08121278652257,605.0126090258087,-37725.489823071846,4.249941656896467e-07,2.6500461037342997e-05,-0.5413211788877882,3.803515972142985e-10,0.7105985358265686,0.013521667385810012,-0.7104698752445248,1.883352587687283e-05,3.5837489070097625e-07,-1.8830115888983625e-05
11117.317272815913,31.298160898911863,-89.10381969233981,588.9050197878763,-37647.58072808689,4.153984342478409e-07,2.6555633866560625e-05,-0.5389608321224548,3.8026211414139133e-10,0.7106272106032757,0.013246777698586336,-0.7105037335091186,1.8873379698607337e-05,3.5181802998539915e-07,-1.887010029972233e-05
11142.945335917299,31.27632227866018,-89.10560718587827,586.2924197798197,-37555.4813501904,4.155868361233536e-07,2.6620783668457817e-05,-0.5364057990854575,3.803179285227581e-10,0.7106085960459739,0.01322917994563966,-0.7104854436034534,1.8919177166793934e-05,3.522124564149819e-07,-1.8915898367618785e-05
11168.632477805611,31.261602147496156,-89.11772023886486,577.401399119834,-37493.831119774724,4.1063428812994566e-07,2.6664730419085384e-05,-0.5342935735438694,3.8006713118301903e-10,0.7106173241526754,0.013084060799030812,-0.7104968604708369,1.8950580012053438e-05,3.4892273608760677e-07,-1.8947367514182027e-05
11194.378834671514,31.2393499560904,-89.04939315379153,620.5424857369841,-37398.42941490342,4.435527130801183e-07,2.673173104693203e-05,-0.5317083683839682,3.801603052629632e-10,0.710610758968371,0.013936150574594386,-0.7104740913423702,1.899838374297491e-05,3.7258700797099667e-07,-1.8994729894547713e-05
11220.184543019635,31.21059781171679,-89.10031538460503,585.4263747072565,-37279.401073986104,4.2114082582294587e-07,2.6817851796195675e-05,-0.5287970918554452,3.8049697219587757e-10,0.7105501930368339,0.013308518170903985,-0.7104255486458638,1.9057691836148754e-05,3.5694823614484114e-07,-1.9054348744533988e-05
11246.049739669263,31.186404696570932,-89.19482777710776,522.5343039476821,-37180.91429755885,3.7791045547199194e-07,2.6890208261738162e-05,-0.5261871000142533,3.806274159299607e-10,0.710613347085733,0.012142655466378782,-0.7105095952727263,1.911033982530483e-05,3.2654927366020573e-07,-1.910754965479624e-05
11271.974561755105,31.17324042605999,-89.14209275237059,555.9199996449147,-37124.63017848472,4.032651144832576e-07,2.693025659921891e-05,-0.5241821981582259,3.803277337193868e-10,0.7106046958119396,0.012801418986081666,-0.7104893787959973,1.9138823647688822e-05,3.447825519008847e-07,-1.9135717797073555e-05
11297.959146727977,31.155026832009042,-89.07290998838013,599.500674309211,-37046.95365123426,4.366877015884941e-07,2.6985706161972857e-05,-0.5218823792435012,3.802486051580698e-10,0.7106328531554574,0.013664826372148402,-0.7105014598887781,1.917935088583237e-05,3.688015528998869e-07,-1.9175804698016133e-05
11324.003632355572,31.13795180433211,-89.17126819647756,534.9015509323752,-36978.74740693247,3.9109170343841036e-07,2.7036902938844313e-05,-0.5197234679741677,3.800738022574676e-10,0.7106847218078836,0.012451010604910127,-0.7105756442111321,1.9216634210190157e-05,3.3667040953560314e-07,-1.9213684795051516e-05
11350.108156723149,31.106051378040547,-89.1931803222517,518.9048939259501,-36847.26095486911,3.8211248338342924e-07,2.7133678163674345e-05,-0.516684390966853,3.805527998852232e-10,0.7106753052111525,0.012184103353427239,-0.7105708529502444,1.928505653442967e-05,3.306307680444376e-07,-1.9282222092678293e-05
11376.27285823431,31.080841939240017,-89.13631669540139,553.8908068297903,-36741.71028540971,4.102104618582634e-07,2.721083968138863e-05,-0.5140193877593833,3.807682809427334e-10,0.7106723260319598,0.012894272700838006,-0.7105553410672476,1.934009683609523e-05,3.5090219997396023e-07,-1.93369132302856e-05
11402.497875611685,31.08290736906554,-89.08938475390852,584.1085292823071,-36748.92962874431,4.324087311475312e-07,2.7204803962236153e-05,-0.5129379428572891,3.798179081425127e-10,0.7106186494908744,0.013480307571550665,-0.7104907784848516,1.9334591348349423e-05,3.66773709545516e-07,-1.9331112219778112e-05
11428.783347897719,31.022333669452276,-89.1493696393238,541.956356050417,-36501.7895902969,4.0666825469354777e-07,2.7389879092950867e-05,-0.5083165957524837,3.8151004242726936e-10,0.7106665628291019,0.012742363552349055,-0.7105523173520931,1.9467123976236393e-05,3.4904860309785923e-07,-1.9463994476438624e-05
11455.129414455356,31.015250132084798,-89.12838818411497,554.8765663646637,-36472.23723264906,4.170336196777958e-07,2.7411770532192256e-05,-0.5067369063392078,3.809410088292864e-10,0.7106502485138205,0.013007317970319357,-0.7105311994500831,1.9482342684184466e-05,3.565931717182593e-07,-1.9479078976529663e-05
11481.53621496883,30.99478060078861,-89.10929954020975,565.7225119077933,-36388.10423079136,4.271492438647643e-07,2.747486776765943e-05,-0.5044052075995893,3.8094361749484916e-10,0.7106576874375875,0.013249240625628557,-0.710534169718096,1.9527491760523386e-05,3.6406337639579177e-07,-1.952409773370529e-05
11508.003889444357,30.987259376312522,-89.14187779237915,544.5812217144196,-36358.30920338376,4.1186784105758553e-07,2.749786022543881e-05,-0.502833044529104,3.803789304352448e-10,0.7106652893931414,0.012850443947026767,-0.7105490972752001,1.9543872444790263e-05,3.533976417704045e-07,-1.954067706721093e-05
11534.532578210923,30.949917073653722,-89.15070800719513,536.7284281172438,-36206.65402586215,4.093383058702713e-07,2.761316457964843e-05,-0.49958400324946917,3.8109367383294453e-10,0.7106892539588712,0.012746454284774266,-0.710574938761411,1.9626440342195227e-05,3.52006904847781e-07,-1.9623283406318316e-05
11561.122421920987,30.943413999194146,-89.20920508018398,499.4121557812923,-36181.810319968456,3.8141326271970187e-07,2.763293236956788e-05,-0.49809298373293254,3.804782532207489e-10,0.7106603376888423,0.012025585109437055,-0.7105585836979208,1.9639404005593282e-05,3.3233221532519067e-07,-1.9636591990301435e-05
11587.773561551261,30.904035922199824,-89.18491575922448,512.4775487129065,-36021.82248442701,3.9487131563962994e-07,2.775533186163297e-05,-0.49475001190891843,3.8128915248182336e-10,0.7106918482029657,0.012332468328870376,-0.7105848389369595,1.972738775853443e-05,3.4232471549890475e-07,-1.9724417394811252e-05
11614.486138403427,30.896792079353773,-89.17579841922255,517.7866569540078,-35992.34031315896,3.996141064200697e-07,2.777794042979296e-05,-0.493208120103055,3.8072381634299637e-10,0.7107228717352501,0.012451208724417198,-0.7106137965230493,1.9744363387054537e-05,3.459030227389878e-07,-1.97413332036851e-05
11641.260294104915,30.85619613458372,-89.1971094295388,502.1148506401246,-35829.51365066137,3.910533011797552e-07,2.7904471606234895e-05,-0.48984766786539347,3.8157438993826867e-10,0.7106765026696292,0.012191237008483754,-0.710571928228901,1.983290161892858e-05,3.4022175109776884e-07,-1.9829983252291967e-05
11668.096170609622,30.845340266090066,-89.23666810142696,476.80568691598995,-35786.97186789992,3.7223262609503094e-07,2.7938170378249848e-05,-0.4881407718778932,3.81149346719635e-10,0.7107483660330832,0.011706965324795359,-0.7106519448939697,1.9858672830528795e-05,3.2709859822967897e-07,-1.985597877459126e-05
11694.993910198713,30.79873167216592,-89.09264205889248,563.770777048458,-35596.74115881925,4.4480858176929e-07,2.8085414489481318e-05,-0.4844292657945081,3.8230492342476504e-10,0.7107313485638231,0.013498148588157,-0.7106031591655378,1.9963588355029e-05,3.791467514603149e-07,-1.9959987669082028e-05
11721.953655481304,30.799143514038462,-89.20758436167299,492.4086063923886,-35601.43784939059,3.8842527820381626e-07,2.8083380797137843e-05,-0.4833788787639389,3.8137532723410217e-10,0.7107016884022915,0.012077233111962002,-0.7105990644084942,1.996071522250506e-05,3.392002787634081e-07,-1.9957832932581437e-05
11748.975549395296,30.76596159194009,-89.13688826702175,534.3272390072893,-35467.45883343267,4.246670938544728e-07,2.8188461245546808e-05,-0.48045222058017206,3.8193552763288306e-10,0.7106919376124682,0.012959022317291369,-0.7105737779625311,2.003548467254527e-05,3.653345131246473e-07,-2.0032153572627092e-05
11776.059735208071,30.777124983651632,-89.05744853942488,584.2091536613902,-35509.67846969564,4.6318804561331433e-07,2.8153715955413858e-05,-0.47991781488326946,3.8060403812017846e-10,0.710595194305468,0.013947504877093066,-0.7104583008718592,2.000850151843749e-05,3.927252460305352e-07,-2.0004646957505787e-05
11803.206356517298,30.73741443840882,-89.11697894224216,544.900468704148,-35353.65888067798,4.358582694236185e-07,2.827889763826137e-05,-0.47671025967767827,3.81404457565594e-10,0.7107064541118308,0.013216605076850055,-0.7105835526287211,2.0100280114836167e-05,3.737935158388898e-07,-2.0096804201225502e-05
11830.415557251647,30.71175807845634,-89.18138726072985,503.7238960525226,-35253.897275868665,4.052188388744271e-07,2.8359868237095298e-05,-0.47427176057811005,3.816040690353832e-10,0.7107111875698596,0.01242310495935144,-0.7106026024439603,2.0157630250414564e-05,3.5235178608762595e-07,-2.0154550491917926e-05
11857.687481671603,30.683049158116468,-89.0636347448222,574.2920109285473,-35137.547869117574,4.6502240365402696e-07,2.8451983760293787e-05,-0.47161931364291576,3.8198708651879897e-10,0.7106378291728018,0.013887283252495376,-0.7105021235825388,2.0221652779662944e-05,3.951715043254521e-07,-2.021779119051879e-05
11885.022274370183,30.66407650490358,-89.19125995669042,495.000753491359,-35066.36116100809,4.0247408915291966e-07,2.8511677343195033e-05,-0.4695813424814,3.818822126181756e-10,0.7107200511794884,0.01231128734360859,-0.7106134134341385,2.026573533374053e-05,3.5104861683463606e-07,-2.0262694625489422e-05
11912.420080273749,30.63414996042196,-89.16112500592827,511.71820866549865,-34948.23286669891,4.1887778598528526e-07,2.860761676915489e-05,-0.46692309166232426,3.82291736729628e-10,0.7107187780086355,0.012690267922699913,-0.7106054731805392,2.0334044722143857e-05,3.6307535900371614e-07,-2.0330803010354283e-05
11939.881044642732,30.628542109319113,-89.24393524872312,460.93599021049897,-34928.42894633979,3.777521023379396e-07,2.862498860159665e-05,-0.4655852181825784,3.8162874556849595e-10,0.7107314802659086,0.011668684605003843,-0.7106356864389507,2.0346346294343825e-05,3.3404331222821565e-07,-2.0343603972622805e-05
11967.405313072437,30.61050844814249,-89.15854279661164,511.93519975026555,-34855.744751524966,4.212816907675138e-07,2.8683487849725098e-05,-0.4635477722388901,3.815449985706927e-10,0.7106857527091338,0.012732248165645886,-0.7105716916401866,2.0387038346554407e-05,3.652427681311721e-07,-2.0383766341483796e-05
11994.993031493788,30.57753290171849,-89.10837801650631,540.4395851406814,-34725.93573969761,4.4805781955171997e-07,2.8789947067574343e-05,-0.4607592778047751,3.8209044239876594e-10,0.7107150223971554,0.013360218842472855,-0.7105894367449254,2.046381842118716e-05,3.846845554742029e-07,-2.0460202398023794e-05
12022.644346174131,30.553864567039184,-89.22960325217191,465.75841431408946,-34637.19602638501,3.881474474297643e-07,2.8865477918557528e-05,-0.45852483062067667,3.8218831442044386e-10,0.7107143883512698,0.011862032594106123,-0.7106153910465604,2.0516857096514338e-05,3.4243239140275355e-07,-2.051399924871084e-05
12050.359403717974,30.526375173894312,-89.12339856729353,528.3049129566301,-34527.98367814556,4.4303756514850116e-07,2.8955236726160416e-05,-0.4560278323049558,3.8251539073253267e-10,0.710732997743918,0.013184884330371283,-0.7106106901160796,2.0581742151501795e-05,3.8181411366361505e-07,-2.0578200309393264e-05
12078.138351067804,30.511595570554142,-89.14754437583336,512.910723549846,-34471.53194968663,4.3154339275628627e-07,2.900302366095647e-05,-0.45423512682795136,3.8226060896088233e-10,0.7107274621567706,0.012890642627424984,-0.7106105521285593,2.0615417528764196e-05,3.7390700954768266e-07,-2.0612026427149008e-05
12105.981335504823,30.485930204101766,-89.20084655170643,479.47501123755995,-34374.01549767113,4.057148924793347e-07,2.9086083059312838e-05,-0.45190838551244494,3.824633839058136e-10,0.7107370565813349,0.012235062888273057,-0.7106317378459954,2.067445769879664e-05,3.559027741460821e-07,-2.0671394107671762e-05
12133.888504649774,30.464778362907925,-89.11379558701732,530.4188227238902,-34290.43675869294,4.509921594202408e-07,2.915567370299809e-05,-0.44977275906521386,3.825138061605604e-10,0.7106828738988098,0.013319066865616933,-0.7105580551305438,2.072280559715025e-05,3.8837073964853163e-07,-2.0719166006040555e-05
12161.86000646368,30.444777629727554,-89.16245730402527,500.186796038367,-34215.0331098117,4.271746668955153e-07,2.9220674130673635e-05,-0.44775154824881014,3.8247510017030506e-10,0.7107449273134393,0.012722055543085455,-0.710631058288719,2.0770553121229245e-05,3.71784757532787e-07,-2.0767225453966456e-05
12189.895989248667,30.41232157783063,-89.15197557757008,504.60697570408064,-34090.691307039444,4.3409670742581735e-07,2.9327095269753487e-05,-0.4450983043432556,3.8298725648370907e-10,0.7107058980012526,0.012856730138698234,-0.7105895988148908,2.0845109926361682e-05,3.770898113951766e-07,-2.0841698853890108e-05
12217.996601648718,30.409207323018936,-89.10896116124881,530.0036422489629,-34077.66572294932,4.562828424314603e-07,2.9337636461359406e-05,-0.4439049318534561,3.822524636439177e-10,0.7106789283268646,0.013395078014503169,-0.7105526799983279,2.0852048156706632e-05,3.9302531802771606e-07,-2.0848343901351052e-05
12246.16199265049,30.370653795603936,-89.15716499372185,499.18728524470873,-33932.218479359195,4.334560057793549e-07,2.946413966069933e-05,-0.44099370107183455,3.8300802796751303e-10,0.7107751640115577,0.01280440983674065,-0.7106598207753057,2.0944530358915352e-05,3.7730968122184994e-07,-2.094113152052637e-05
12274.392311584072,30.362313630503635,-89.12933403430169,515.1810057670506,-33899.82655493934,4.4819251561793585e-07,2.9491864747707875e-05,-0.43955943636285805,3.8249226364011435e-10,0.7107719952617472,0.013154961917067127,-0.7106502488744556,2.0964296978204853e-05,3.880070264513031e-07,-2.0960706055326322e-05
12302.687708123818,30.324339668063608,-89.12265667368321,516.9287537098792,-33755.90844024793,4.535542648779485e-07,2.9617497823494333e-05,-0.4366866667090416,3.832395587055424e-10,0.7107225023438221,0.013242287681480653,-0.7105991254953985,2.105217414879161e-05,3.922472490734017e-07,-2.104851962696294e-05
12331.048332289089,30.313578766622875,-89.04311221414697,563.0903342372205,-33713.14850796714,4.952885714392905e-07,2.9653744964120125e-05,-0.43513041938082114,3.8284309453318975e-10,0.710699558044629,0.014233788331847151,-0.7105570076176543,2.107772611905133e-05,4.2214166126776033e-07,-2.1073498398879116e-05
12359.474334445107,30.27898878498228,-89.14255361653387,502.65455229364517,-33585.5802958965,4.4551941978475834e-07,2.9768014988196082e-05,-0.4324869307592339,3.8341338948177913e-10,0.7107420874451728,0.013006769355721447,-0.7106230638086894,2.1159632782751516e-05,3.872269113066165e-07,-2.115608930828315e-05
12387.965865303691,30.25660869775522,-89.13361098372418,506.62410275181367,-33501.36011302808,4.512961845491351e-07,2.984270964230596e-05,-0.4304102158711724,3.8349322196944607e-10,0.7107183362094823,0.013122708425708,-0.7105971769912603,2.1212067453835956e-05,3.9165976466532833e-07,-2.120845134126556e-05
12416.523075924113,30.232844944588887,-89.08389063919832,534.2597992909145,-33411.10172380623,4.784756822310373e-07,2.992252030305554e-05,-0.4282633681727477,3.8364481673211463e-10,0.710760454384307,0.013745639799412991,-0.7106275261366474,2.1270343533114686e-05,4.113544567828214e-07,-2.126636549877761e-05
12445.14611771385,30.21787046967522,-89.22432548372231,451.6419439919633,-33358.83255308358,4.057821899108276e-07,2.997157439943118e-05,-0.4266099446627773,3.833621996387341e-10,0.7108040758562026,0.01201004379214229,-0.7107026052449091,2.130574947083827e-05,3.5999087914761174e-07,-2.1302707975303417e-05
12473.835142429432,30.194974636928894,-89.08184536972881,533.1883832597514,-33269.80882504566,4.815801067837196e-07,3.004956332447702e-05,-0.4244929061325643,3.835039366395031e-10,0.7107973527495411,0.01378271525383685,-0.7106637133243734,2.1361771737432444e-05,4.142154103917084e-07,-2.1357755438153177e-05
12502.590302177201,30.171824748032616,-89.17567818671579,477.4876331038726,-33186.2363358237,4.3346718655359303e-07,3.012673732151462e-05,-0.42245274201638405,3.835854540732527e-10,0.7107410130392625,0.012623364588898393,-0.7106289033542985,2.1414402118764138e-05,3.8033798590360074e-07,-2.14110242893844e-05
12531.411749414161,30.14051692222734,-89.14257875341832,494.91456420764723,-33069.39156739124,4.5246038746022375e-07,3.0232672068583468e-05,-0.4199971430383977,3.8405544529281676e-10,0.7107593659320749,0.013039753437978968,-0.7106397407198967,2.1490438211980753e-05,3.9426848099407426e-07,-2.1486821237862457e-05
12560.299636948748,30.127304693750755,-89.1402881481171,495.50333257378685,-33020.50444532362,4.543404355993062e-07,3.0277395503012256e-05,-0.41841171451048575,3.8373943171450807e-10,0.7107952469815916,0.013074364843284544,-0.7106749919024634,2.1523328016549005e-05,3.959000068233961e-07,-2.1519686616969138e-05
12589.254117941675,30.10221516312937,-89.05321998773363,544.127721962321,-32925.68907576475,5.017790382867897e-07,3.0363129707460752e-05,-0.4162507263751666,3.8395935982667767e-10,0.7107383646097584,0.014158730341352923,-0.710597321472066,2.1583063195724566e-05,4.29959584208503e-07,-2.157878012461751e-05
12618.275345906706,30.082633578915047,-89.07105722425058,532.7146489432974,-32854.151412627616,4.934009314827204e-07,3.0429553499645232e-05,-0.41439106811894744,3.8391040014624175e-10,0.710740559704774,0.013943116941127579,-0.7106037803863848,2.163023529920417e-05,4.24336132394336e-07,-2.1626072642661745e-05
12647.363474711517,30.056796226190762,-89.16553684405562,477.18165489312497,-32761.856008822277,4.444824535787007e-07,3.051682727797847e-05,-0.41227654594531316,3.8410648044299763e-10,0.7107442160649485,0.012776971847174065,-0.7106293616648518,2.1691832628382307e-05,3.8995172741740014e-07,-2.1688327285155845e-05
12676.518658578456,30.026631214689363,-89.04926558308145,541.8009409756419,-32648.505730004606,5.081518974312522e-07,3.062084038673313e-05,-0.4099052122625125,3.845535479183144e-10,0.7107582854250223,0.014224909907729582,-0.7106159245601202,2.176688521718664e-05,4.356361192486355e-07,-2.1762525433179492e-05
12705.74105208542,30.00743125920323,-89.10382488316377,509.631338776663,-32579.953427045868,4.800085294793683e-07,3.068621245420695e-05,-0.4081037550160853,3.844763871444158e-10,0.7107842567590741,0.013554327439366912,-0.710655007626215,2.1813816738446344e-05,4.159794086090243e-07,-2.180985011021706e-05
12735.030810166616,29.97397506311068,-89.1474805765019,483.00909874045914,-32459.48388885622,4.583275235501938e-07,3.0800817014196575e-05,-0.40565958482008696,3.850157727954498e-10,0.7107818548122048,0.013018424545751937,-0.7106626244235902,2.1894956155982282e-05,4.0102013398261527e-07,-2.189128337774026e-05
12764.388088113441,29.96541064974871,-89.16723782233348,471.3696006021262,-32428.93064238195,4.4813056585774073e-07,3.083014903881882e-05,-0.4043456353168703,3.844921733188606e-10,0.7108154409627693,0.012779601827312848,-0.710700550786498,2.191673083291666e-05,3.9403630993398173e-07,-2.1913188398518674e-05
12793.813041575246,29.94328395528217,-89.06696371820576,526.7903034331376,-32346.215881820353,5.033564483922953e-07,3.090731974201967e-05,-0.4023866951299002,3.845888162399101e-10,0.710781814113321,0.014028368758366423,-0.7106433649477092,2.1971142972858572e-05,4.3363418920691644e-07,-2.1966863338304434e-05
12823.305826560218,29.91614644894998,-88.96524976007666,582.4107308429572,-32245.50963488133,5.599499652719934e-07,3.1001956255332395e-05,-0.400211327743506,3.849026368850332e-10,0.7107434919409973,0.015294743195607386,-0.7105789063623145,2.2037900461927623e-05,4.742414555426166e-07,-2.20327971853706e-05
12852.866599436155,29.87927573464383,-89.13287412377478,486.10835566066316,-32117.402391922104,4.711430444454691e-07,3.112863740440097e-05,-0.3977045362137432,3.855491222269545e-10,0.7107478351358659,0.013221563896081751,-0.7106248485653045,2.2127012489413038e-05,4.116139297170693e-07,-2.212318366961463e-05
12882.495516931342,29.882758559405378,-89.06664600183181,523.4171881009694,-32128.156156536297,5.0694532611502e-07,3.111708780397886e-05,-0.39692269700545424,3.84533631716531e-10,0.7107768915889962,0.014049222538541864,-0.7106380294939035,2.2120108148309784e-05,4.3722625992731207e-07,-2.211578661704238e-05
12912.192736135341,29.8442288201751,-89.05493558182104,527.7036983515474,-31989.83276425661,5.155229874597094e-07,3.125142803903509e-05,-0.3943048339780563,3.853081204407827e-10,0.7107568714010759,0.014199762539019833,-0.7106150132017203,2.2215054252536857e-05,4.438205353620287e-07,-2.2210620405012258e-05
12941.958414499863,29.80853906166978,-89.09322636584132,504.32053785397056,-31863.548684918747,4.966032860397294e-07,3.137596388430122e-05,-0.39184496775792305,3.8594550709075383e-10,0.7107759833708474,0.013730933700543558,-0.7106433423289816,2.2303938670329317e-05,4.308726100885904e-07,-2.2299776433939577e-05
12971.79270983956,29.79558824293475,-89.00030195141466,555.165214641168,-31815.002380782957,5.483099232713386e-07,3.1422144353118074e-05,-0.39034811969676114,3.856454143231612e-10,0.7107947191625618,0.014889577676202493,-0.7106387501860628,2.2337957494459062e-05,4.679308164153512e-07,-2.2333055898719025e-05
13001.695780332906,29.76243929784859,-89.04342598065016,529.2684368800277,-31698.571634090593,5.265935686605851e-07,3.153837031476466e-05,-0.38802510455208333,3.861716952646898e-10,0.7107921306688001,0.01436039032194608,-0.7106470517848462,2.2420211971473213e-05,4.529636459370779e-07,-2.2415635810327803e-05
13031.667784522993,29.753693517104555,-89.02344393738643,539.7897558182153,-31667.080988427562,5.381240513071107e-07,3.156936146135728e-05,-0.38674807829166213,3.856666619033292e-10,0.7107761514849263,0.01461364980569766,-0.7106259063382642,2.244187005743512e-05,4.6140775730751845e-07,-2.2437126254409216e-05
13061.708881318418,29.72349581391927,-88.88467459720442,614.3623950490128,-31556.64345061105,6.167063806646014e-07,3.167704196282564e-05,-0.38451291773441243,3.861262513391604e-10,0.7107176737433964,0.016339145768893244,-0.710529833354496,2.2517559802460153e-05,5.176706666577191e-07,-2.251160848403e-05
13091.81922999407,29.69371941252073,-88.9347439856577,584.8536121061722,-31453.267538068332,5.909700979141335e-07,3.178221047443457e-05,-0.38237183978270467,3.8650432906446014e-10,0.7107260517185098,0.015724184957222255,-0.7105520885894382,2.259220855572239e-05,4.998326219551834e-07,-2.2586678701732253e-05
13121.998990192029,29.665996803059965,-88.78608917789724,664.3426176926168,-31351.835664556864,6.755713219738716e-07,3.188174369992347e-05,-0.3802621555411338,3.8686296639797325e-10,0.7106858132238733,0.01757246144104196,-0.7104685311233575,2.2662847067142057e-05,5.603629604269788e-07,-2.265591822330869e-05
13152.248321922383,29.666010202570096,-88.77783420095996,668.8574153402693,-31351.633733751478,6.801670230970772e-07,3.188175371438061e-05,-0.3793851332943689,3.859756922568753e-10,0.710623467326723,0.01767907279456049,-0.7104035210361634,2.2660934817817553e-05,5.637645457222032e-07,-2.2653920992939886e-05
13182.567385564074,29.63823079426038,-88.71597443432753,700.5053151786336,-31252.710051504208,7.168329099328011e-07,3.198115789284618e-05,-0.3773182525250427,3.863068853408021e-10,0.7106335988643735,0.0184521307220745,-0.7103939968121541,2.2732449672739527e-05,5.902649884056849e-07,-2.272478504556419e-05
13212.956341865753,29.60048142819215,-88.70759802851163,702.1052903470734,-31121.004075265115,7.2455950049348e-07,3.211629292307844e-05,-0.37486399745888055,3.87049518215493e-10,0.710600725272777,0.01856095544174193,-0.7103582769921712,2.2827523020817414e-05,5.962569732420199e-07,-2.2819734549021583e-05
13243.415351946644,29.6052015947355,-88.70903524178175,701.694700518771,-31137.442636898686,7.233722056023535e-07,3.209937390209437e-05,-0.37419938733359537,3.8595546180408585e-10,0.7106562330739167,0.018550425749307427,-0.7104140787676778,2.281726600206475e-05,5.956044273933413e-07,-2.2809491076634074e-05
13273.944577297396,29.604509418910027,-88.64790721874084,734.8322456929264,-31133.196709507043,7.577028111569749e-07,3.210217135320746e-05,-0.37328784384447283,3.8512030419731673e-10,0.7105813455722674,0.019312163904438434,-0.7103188643142052,2.281741077851025e-05,6.201310793975448e-07,-2.280898226751121e-05
13304.544179780914,29.5929531614048,-88.66454097700468,724.8644940431152,-31093.54481596073,7.49342549416934e-07,3.214354728956531e-05,-0.3719549718381271,3.84724545342377e-10,0.710650291480523,0.01911366881465008,-0.7103932041100873,2.28488802358167e-05,6.14544080046963e-07,-2.2840614343847544e-05
13335.21432163324,29.57140706989335,-88.78659362323965,657.0892043473958,-31022.42597468758,6.824612862627793e-07,3.222029002090247e-05,-0.3702507002504051,3.8471965509283743e-10,0.7106709313251729,0.017606724916939282,-0.7104527963688283,2.2903011053298512e-05,5.674173483262084e-07,-2.289598115085554e-05
13365.955165464418,29.562970814802885,-88.81476632729142,641.2410013180041,-30994.025119411137,6.67235993079557e-07,3.2250478505860916e-05,-0.3690609644430343,3.841865450459663e-10,0.7107425392921368,0.017265023019510103,-0.7105328114447429,2.292654300798758e-05,5.569207848244423e-07,-2.2919777781133365e-05
13396.76687425935,29.531516966382444,-88.84439153797297,623.0342245329316,-30886.231892730917,6.528379124379924e-07,3.236371672365553e-05,-0.3669315533627542,3.846406712167758e-10,0.7106769274621669,0.016901983214956406,-0.7104759096482213,2.3004675334274632e-05,5.471186995670838e-07,-2.2998168369763006e-05
13427.649611378642,29.50849753217344,-88.8387103755271,624.4880705574253,-30806.811929517065,6.577369034646114e-07,3.2447020270620085e-05,-0.3651462870560863,3.847453452726701e-10,0.7107312407323277,0.01697965021411287,-0.7105283865064931,2.3065697102380906e-05,5.510486190807602e-07,-2.3059113778248115e-05
13458.603540559483,29.491782312560822,-88.90671062425275,586.8519501430211,-30751.290279278797,6.203599161522837e-07,3.2507121863663785e-05,-0.36364990168939293,3.8455351802855175e-10,0.7107144833172468,0.016141919259867334,-0.7105311500838715,2.310733648338418e-05,5.248194156455328e-07,-2.310137580182832e-05
13489.628825916534,29.464979349159336,-88.9707303055343,550.8613878627972,-30661.19364507635,5.8576586105915e-07,3.260399238779619e-05,-0.3617505413000237,3.8479646498248044e-10,0.7107955661190319,0.015355696286044189,-0.7106296781067096,2.3178359458190383e-05,5.007344800869621e-07,-2.317295000973194e-05
13520.72563194277,29.439915987527602,-89.00796610386597,529.4633677884636,-30576.560968398095,5.661459982858391e-07,3.269498644619686e-05,-0.3599223113716879,3.8497408385468403e-10,0.710744163721221,0.014898751102927649,-0.71058799137007,2.3241099614991064e-05,4.871842446221145e-07,-2.3235992830643792e-05
13551.894123510363,29.412768534119465,-88.90440619843638,582.9255004244185,-30481.27883294861,6.271737624688279e-07,3.279502838116192e-05,-0.3579755090921199,3.852892996947307e-10,0.710704607286095,0.01618816317899864,-0.7105202194100971,2.3311683552151958e-05,5.309847909393144e-07,-2.3305635481305017e-05
13583.13446587154,29.395215862395744,-88.82275444796976,625.1087685552653,-30419.357961341328,6.752617412415454e-07,3.285992719618873e-05,-0.3564266552314243,3.8518564019178783e-10,0.710729308696309,0.017207292084442948,-0.7105209774095723,2.3359287015058406e-05,5.655459394093969e-07,-2.3352439864868375e-05
13614.446824659497,29.35872536835426,-88.97301918748275,543.1598440722352,-30299.91741033665,5.91432559082436e-07,3.299278819956105e-05,-0.3542106185612039,3.8581462551073906e-10,0.7107430477283906,0.015350114610191928,-0.7105772680544287,2.34530038619086e-05,5.065210252624893e-07,-2.3447533486438756e-05
13645.831365889246,29.338809614118553,-89.01415501312722,520.2609641786212,-30233.77524574755,5.6899427887561e-07,3.306580029658951e-05,-0.35262452317257814,3.857693785180588e-10,0.7107577244624969,0.014846273814003365,-0.7106026534125426,2.3505092872828527e-05,4.909732709236344e-07,-2.3499964600133614e-05
13677.288255958494,29.312026208928646,-88.97922249694761,537.0763467616765,-30142.662833313167,5.909285041995406e-07,3.31650402555986e-05,-0.3507532851612003,3.8604551916183006e-10,0.7107790553442344,0.0152860086685383,-0.7106146659442286,2.3576596940496785e-05,5.070381048756809e-07,-2.3571144131222106e-05
13708.817661648536,29.28790588400463,-89.00250034528132,523.427197054389,-30062.305388727014,5.79002022168005e-07,3.325416735901171e-05,-0.3490136510269016,3.86187177035519e-10,0.7107276378553183,0.015002264575414356,-0.7105692839329671,2.3638076229606265e-05,4.989600161328703e-07,-2.3632809539683966e-05
13740.41975012515,29.266054673716827,-89.05030021425841,497.14797443841024,-29990.39535095477,5.525886588978666e-07,3.3334848372904306e-05,-0.34737800971045113,3.8622282907251317e-10,0.7108148619681603,0.014417286562085513,-0.7106686357529799,2.369799804525062e-05,4.806607839066604e-07,-2.369312298038223e-05
13772.094688939465,29.248886113819857,-88.98301728075239,531.3265551401805,-29931.257919834,5.928908541230249e-07,3.339936410365372e-05,-0.3458956504797932,3.860958755685974e-10,0.7107934218069104,0.015257436297046283,-0.7106296497625314,2.374362440970858e-05,5.096654327092703e-07,-2.373815370360573e-05
13803.842646028852,29.21256978083362,-89.06933594591355,484.2927491760245,-29812.573155640028,5.4474650603781e-07,3.3534045451150664e-05,-0.34373170614009174,3.867414040295454e-10,0.7107827675387819,0.01419270088523014,-0.710641055577056,2.383840088139315e-05,4.7599816532321797e-07,-2.38336481120414e-05
13835.66378971781,29.207424129938126,-89.00670063272129,516.5678477827681,-29793.829831326635,5.817604219329688e-07,3.355390988438102e-05,-0.34272553622026963,3.8609466326444987e-10,0.7108291841886727,0.014976641177364967,-0.7106713933410986,2.38545167066652e-05,5.025968898321939e-07,-2.3849221447982325e-05
13867.558288718881,29.164493889603577,-88.98999654039656,522.741114656035,-29651.143236333453,5.943863308251299e-07,3.371503357758916e-05,-0.34029970641819834,3.8706035344992075e-10,0.7107728877502282,0.015188745621875175,-0.7106105825043928,2.3967287632505815e-05,5.121650549287274e-07,-2.3961814693711662e-05
13899.526312133534,29.15788681509314,-88.93681037789321,549.8428099428907,-29627.88177177046,6.261635669311119e-07,3.3740370511986786e-05,-0.33925068606138187,3.864733295270561e-10,0.7107670579597012,0.01585438147800888,-0.7105902119144614,2.3985504468242897e-05,5.35021050178679e-07,-2.3979536631719254e-05
13931.568029453028,29.121338427942526,-89.05598980952685,486.2628348812682,-29510.578766549486,5.582101435774508e-07,3.3876955483039394e-05,-0.33713035562612687,3.871171435935158e-10,0.7107997966645976,0.01438307666611056,-0.71065426055435,2.4082831527922863e-05,4.873175454305689e-07,-2.4077900573186008e-05
13963.683610559377,29.086339261672695,-89.05663554353589,484.03879280833496,-29395.716184854995,5.600081398378573e-07,3.4009340954621875e-05,-0.3350457993052942,3.877359645919867e-10,0.7108505968158519,0.014382255531737054,-0.7107050877257548,2.4178665826816643e-05,4.891938642176303e-07,-2.4173716522870097e-05
13995.873225726178,29.083738445331306,-89.09209005075382,465.7233456103386,-29388.10032063054,5.391081867207225e-07,3.401883462436011e-05,-0.3341886110765471,3.8694444647750134e-10,0.7108328515503812,0.01394829677075258,-0.7106959883525735,2.418456893694227e-05,4.745609942892266e-07,-2.4179912459072557e-05
14028.137045619582,29.049738186940566,-89.01852236935521,501.531517301807,-29275.072174640976,5.850255543356314e-07,3.414873190686963e-05,-0.33213764812919444,3.8754501702287514e-10,0.7107918703440299,0.014866149212424724,-0.7106363912401039,2.4276028684907462e-05,5.077309966140475e-07,-2.4270718529650648e-05
14060.475241299137,29.00933317922892,-89.00199096883355,507.68252172767194,-29143.147037577335,5.975682891542614e-07,3.4302974340246896e-05,-0.3298804506024506,3.884039913250641e-10,0.7107952037961062,0.015077460112414797,-0.7106352734955581,2.438591336403664e-05,5.17276473008581e-07,-2.4380426486195284e-05
14092.887984218749,29.00467066442488,-89.00383878552225,506.4798988650649,-29128.052900570416,5.967714224406918e-07,3.432078864601141e-05,-0.3289512842902934,3.877114947057642e-10,0.7107465954333863,0.015059728923273277,-0.7105870301975031,2.4396894493856543e-05,5.16936162632119e-07,-2.4391417300930482e-05
14125.37544622754,28.982303545823505,-89.00005341111748,507.1378517366265,-29055.460267272516,6.005348584647236e-07,3.440645705991524e-05,-0.3273767938381843,3.87786219833927e-10,0.7108091797837087,0.015114237166541733,-0.7106484713975415,2.4459972742111535e-05,5.201027781097502e-07,-2.4454442533925032e-05
14157.937799570816,28.946245951859986,-89.00319513202483,503.5191487496672,-28939.075569549583,6.010564020279148e-07,3.4544896024391565e-05,-0.3253155219783027,3.884503148117597e-10,0.7108000265056056,0.015081321591170191,-0.7106400153519595,2.455805016599888e-05,5.210577355016443e-07,-2.4552521801069467e-05
14190.575216890918,28.90929052417952,-89.00920737350482,498.4285543684933,-28820.365782032848,5.998933703298794e-07,3.4687311173471764e-05,-0.3232359228445718,3.891532332967097e-10,0.7108253333775225,0.015013546381878174,-0.7106667629742545,2.4660125674871495e-05,5.208536094843907e-07,-2.4654624511801903e-05
14223.287871228198,28.893787361565238,-88.91682750960494,543.9254233317498,-28768.195838896765,6.569901840852107e-07,3.4748186919125624e-05,-0.32190873256935265,3.889622960272838e-10,0.7107633036358781,0.01616422168024004,-0.710579476014372,2.4701968188419044e-05,5.617736420736726e-07,-2.4695579417311466e-05
14256.075936021878,28.873404311317085,-88.94678087828187,527.6961028621556,-28703.76485402347,6.402644694954761e-07,3.4826864699406196e-05,-0.3204490550111391,3.889387983398637e-10,0.7107834969773407,0.015799476785521297,-0.7106078778824796,2.4758360260967653e-05,5.503351440406356e-07,-2.4752243010303045e-05
14288.93958511103,28.85890647503864,-89.02029414816036,490.09732538820634,-28659.389420385854,5.965151530722977e-07,3.488237780836387e-05,-0.31921777435484455,3.886451013078166e-10,0.7107599581930713,0.01489352985295091,-0.7106038987643789,2.4796437885035426e-05,5.195938285922677e-07,-2.4790993405664666e-05
14321.878992735432,28.82273626835646,-88.95617951130382,520.0482131900402,-28542.523855293104,6.381381561216206e-07,3.5023817181000825e-05,-0.31718490026290896,3.893388654038434e-10,0.7107866540575735,0.015695601479533892,-0.710613337674263,2.4898407587271562e-05,5.498070071151943e-07,-2.4892336423823883e-05
14354.894333536562,28.812787700306416,-88.87680842570353,558.9405727715354,-28508.79059918617,6.874500383792155e-07,3.5063422027812436e-05,-0.31608138938591507,3.889030396567219e-10,0.7107431894541781,0.01668530127032019,-0.7105473116387229,2.492569056971475e-05,5.851517998306226e-07,-2.49188211548685e-05
14387.985782558451,28.769931346734733,-88.83262576261173,578.1437326538052,-28371.888797973403,7.179249171679261e-07,3.5231525941974775e-05,-0.31384006179133817,3.898808306383524e-10,0.7106879290498241,0.017238228681820993,-0.7104788356939573,2.5043629284874203e-05,6.074505996078976e-07,-2.503626113314935e-05
14421.153515248689,28.749862704837952,-88.91894697192704,534.2318233877184,-28310.91130237822,6.662963572278772e-07,3.530949719722332e-05,-0.31244528896009055,3.8982194361842343e-10,0.7107653318451267,0.016175931993782686,-0.7105812382669877,2.5101044205549905e-05,5.712613796002945e-07,-2.50945428459087e-05
14454.397707459273,28.740301687768874,-88.9008197846299,542.6048159159379,-28280.305080693965,6.781966137344146e-07,3.534728513002025e-05,-0.3113896847750734,3.893462906133265e-10,0.7107393175048994,0.016406519761246675,-0.7105499303755184,2.512713783424472e-05,5.800282512417266e-07,-2.5120442332269828e-05
14487.718535447617,28.68044745554906,-88.82524832866359,576.0281834976828,-28090.497490545702,7.29696541342751e-07,3.558426384449794e-05,-0.3085883756363783,3.9107558254149166e-10,0.7107460592639449,0.01735025464903289,-0.7105342563331065,2.529649886872021e-05,6.175211123306089e-07,-2.5288960490518167e-05
14521.116175877421,28.660865380956505,-88.83400143762606,570.4952276087321,-28029.585404346337,7.258364856701263e-07,3.5661815875232415e-05,-0.30721103087990465,3.910240392559681e-10,0.7107089743030449,0.0172472108701499,-0.7104996691569159,2.5350227035813072e-05,6.151895179339793e-07,-2.5342761345683945e-05
14554.590805819662,28.650274309184045,-88.84162432855685,566.1010136670171,-27996.771934103697,7.219389696837365e-07,3.570380585198197e-05,-0.3061456487081301,3.90581952548249e-10,0.7106748917967711,0.01715827929660752,-0.710467729937069,2.5378789124248412e-05,6.127363679651219e-07,-2.5371391202621158e-05
14588.142602753482,28.63337678419391,-88.72021335896977,624.2032825702795,-27940.802390200028,7.991560743878046e-07,3.577209953375021e-05,-0.3048309120254166,3.904642327290609e-10,0.7107132362405769,0.018671176858790633,-0.7104679382788937,2.5429850988053557e-05,6.680686683171856e-07,-2.5421074043576943e-05
14621.771744567182,28.60271706226328,-88.6561021880266,653.2087383945902,-27843.813603744762,8.4208435361227e-07,3.589486545791764e-05,-0.30307411762270775,3.909231718471249e-10,0.7106125765132753,0.019469834574576617,-0.7103458027189814,2.5514162260257012e-05,6.990539359062832e-07,-2.5504583890693396e-05
14655.478409559113,28.577963112337777,-88.65454087363871,652.1680955208058,-27767.183710404777,8.453885741218619e-07,3.5993879500611065e-05,-0.30154488442828137,3.911004341244103e-10,0.7106580804736532,0.01949690257728233,-0.7103905813933553,2.558619544371107e-05,7.019572050132118e-07,-2.5576564534082977e-05
14689.262776438669,28.572570480670443,-88.61841748146631,669.2573657142351,-27749.4754808097,8.686224703444116e-07,3.601576789099493e-05,-0.30065948565248285,3.904499334286049e-10,0.7106600690848742,0.019951313793349672,-0.7103799538765417,2.560220969270701e-05,7.18765189720166e-07,-2.5592118274019195e-05
14723.125024327186,28.56049595719492,-88.56856050074515,692.4511087972979,-27710.756355287747,9.012001490196234e-07,3.606455017482274e-05,-0.2995494396381206,3.9009622873887856e-10,0.7106682728405662,0.02057618654052474,-0.710370336211784,2.563772989539216e-05,7.422966987039309e-07,-2.5626981675573463e-05
14757.065332758946,28.544515874572962,-88.5257477162046,711.8709822943731,-27660.259835824676,9.298249982442355e-07,3.612902013562532e-05,-0.2983158901048707,3.899095533469983e-10,0.7106088492304008,0.02111172862459744,-0.7102951721073681,2.568189878833585e-05,7.629925779434395e-07,-2.5670562278616527e-05
14791.08388168207,28.530241901478494,-88.61124382959824,669.567756684465,-27618.882468408876,8.772576330014962e-07,3.618584559740201e-05,-0.297184554065383,3.8959558771788756e-10,0.7106488206360712,0.02005946162217276,-0.7103656553289069,2.5722779237251072e-05,7.260760701233896e-07,-2.5712529732189887e-05
14825.180851459538,28.502654953988504,-88.64956462384103,649.1161827108536,-27535.364628739186,8.556565704384848e-07,3.6296762107524304e-05,-0.2956044472179324,3.8987851190502573e-10,0.7106110474338284,0.019589844005140168,-0.7103409735801934,2.579983951200435e-05,7.112397607987944e-07,-2.579003406061806e-05
14859.356422870067,28.49326820246198,-88.71966459731229,614.8117739381946,-27508.617056725234,8.120593647281499e-07,3.633409612269378e-05,-0.29463808913429473,3.8936003657413684e-10,0.7106991601350998,0.0187296197071409,-0.7104523189928809,2.5828852411959005e-05,6.806882718925688e-07,-2.5819881494601567e-05
14893.610777109154,28.455913274893025,-88.71744321055786,613.3242252410373,-27394.51398575058,8.168555877825419e-07,3.6485370873868577e-05,-0.2927411209868165,3.900825578919597e-10,0.7106313717122906,0.018761943178070718,-0.7103836540559437,2.5933936879087718e-05,6.847024624549105e-07,-2.5924896616696742e-05
14927.944095789959,28.440532327541757,-88.78187195237898,581.547148883907,-27349.486668804275,7.771238815360288e-07,3.654723315017392e-05,-0.2915877743401847,3.8982613524308996e-10,0.7107153027869967,0.01797181524043636,-0.7104880403445056,2.598033838769872e-05,6.569632587855973e-07,-2.5972030764188185e-05
14962.356560944336,28.397352156868557,-88.83224554015835,554.8494961797579,-27219.876717228846,7.485528589979051e-07,3.6722600774699064e-05,-0.28953847692729645,3.9078148395550996e-10,0.7107193786772446,0.017353856917528023,-0.7105074798180907,2.6104672808007562e-05,6.374059444279961e-07,-2.609688977780949e-05
14996.848355023732,28.38009304608726,-88.78028327802986,578.4050839760099,-27166.27823164478,7.833845166405493e-07,3.679366300712254e-05,-0.28830373980061347,3.9065194172922696e-10,0.710733598691545,0.01800519261113247,-0.7105054970568982,2.6156204812530303e-05,6.626217003007158e-07,-2.614781028455966e-05
15031.419660900225,28.365074319590683,-88.82326413408785,557.1103187202455,-27122.128898151866,7.570253982395257e-07,3.685471214640603e-05,-0.28717319978397104,3.9038790691341574e-10,0.7107053849576138,0.017478132774171373,-0.7104904356023932,2.6198151877324674e-05,6.442821268015245e-07,-2.6190228374881623e-05
15066.070661867418,28.325609577878215,-88.78303301596618,573.6177970855281,-27002.323585531554,7.863654061948432e-07,3.7017144974278243e-05,-0.28524712050378387,3.912181492931182e-10,0.7107632664825502,0.017985119834303766,-0.7105356827390799,2.6316145253414253e-05,6.659024857909135e-07,-2.63077189219859e-05
15100.801541641486,28.294632135898418,-88.8649409487461,533.2051754176596,-26911.73596478763,7.359367267357892e-07,3.714392843465952e-05,-0.28363632183158294,3.916322235736513e-10,0.7107798497448716,0.016976403298153277,-0.7105770869753687,2.6406118024596916e-05,6.306888262027948e-07,-2.6398585203253695e-05
15135.61248436208,28.26663765536892,-88.91105410260968,509.97215489523387,-26829.371388654454,7.0822064982129e-07,3.725912220260943e-05,-0.2821178912293349,3.919310169276042e-10,0.7107231094401792,0.016409873266648965,-0.7105336405489112,2.6485481553385243e-05,6.115228137714053e-07,-2.6478420892548468e-05
15170.503674593368,28.235246109266484,-88.82814147906805,546.8560945508765,-26733.75374466714,7.648415707978414e-07,3.739025021598549e-05,-0.2804659058875505,3.924281819428391e-10,0.7107317386860094,0.017444970813152046,-0.7105176122862586,2.6579773945127022e-05,6.524028060856989e-07,-2.65717660977336e-05
15205.475297324954,28.20393537815874,-88.85528740677258,532.3444442970657,-26641.64935391496,7.497166315038223e-07,3.752023304704037e-05,-0.2788568001910812,3.9287918810049145e-10,0.7107382553402811,0.01711519948682458,-0.7105321509619905,2.6672163441215522e-05,6.4228904890315e-07,-2.6664428878424773e-05
15240.527537972916,28.176185531762385,-88.85229434869018,532.0923883991272,-26559.571634409334,7.539987767267405e-07,3.7636104103991205e-05,-0.2773583198801637,3.931869231774898e-10,0.7107074764800149,0.017158296043609314,-0.7105003237166544,2.6753401483547047e-05,6.458955308895574e-07,-2.6745603562137727e-05
15275.660582380724,28.133910841409666,-88.9036838079198,505.90678399131895,-26436.52092152145,7.23607211981624e-07,3.781261252832748e-05,-0.2754383655044988,3.9410852637858034e-10,0.71075822403156,0.016528948512902826,-0.71056600459743,2.6880317473994786e-05,6.251118432622081e-07,-2.687304788605421e-05
15310.874616820303,28.13394400047292,-88.93656865261613,490.74573302165527,-26437.466398233366,7.018870812942313e-07,3.781207839101375e-05,-0.2748147029747249,3.931880399293209e-10,0.7107613903788418,0.01612794296419182,-0.710578386604186,2.6879765652051967e-05,6.099308898814399e-07,-2.6872844766023585e-05
15346.16982799294,28.08468697035559,-88.8625853687859,521.9942449460513,-26291.32547262579,7.548655236437663e-07,3.8020371608184124e-05,-0.27266702091185674,3.944642505064952e-10,0.7107155921883272,0.01705113539655038,-0.7105110215621522,2.7026764385753385e-05,6.484127039526565e-07,-2.7018985068436236e-05
15381.54640303035,28.06672442581169,-88.83906495547255,531.7170861658949,-26238.311749901233,7.720235117285038e-07,3.809656320253359e-05,-0.2714913639996708,3.943521780485576e-10,0.7107412442033557,0.017350215387442056,-0.7105294407959065,2.7082124522754754e-05,6.611135873309191e-07,-2.7074053953751384e-05
15417.00452949559,28.022358206149505,-88.90991388710307,496.8421971010441,-26111.263871545074,7.284596049203757e-07,3.8283787236310475e-05,-0.26955539304555065,3.953595538947195e-10,0.7107581676632672,0.016478791967373122,-0.7105671131676029,2.721520431191397e-05,6.309792987395647e-07,-2.720788876160337e-05
15452.54439538414,27.9914679871855,-88.8871632565999,505.4664204492405,-26021.29278832113,7.462266024274544e-07,3.841557049613913e-05,-0.2680087671606941,3.9581410124262795e-10,0.7107290793397695,0.016767067900419527,-0.7105312728185713,2.730797623278529e-05,6.442323875976701e-07,-2.730037601501372e-05
15488.166189124811,27.966630120517646,-88.82133330502079,533.8657960270681,-25947.913903277185,7.925805272665201e-07,3.852243660480352e-05,-0.26663832956087613,3.960205142582728e-10,0.7107074862164792,0.01758971812164074,-0.7104897837270767,2.73837389200502e-05,6.777362811872367e-07,-2.7375350788156753e-05
15523.870099580825,27.94113115765073,-88.77982710386398,551.0856241868328,-25873.470129150894,8.228349795548208e-07,3.863210239996099e-05,-0.26526186057857154,3.962465115149229e-10,0.7106990494340573,0.018111038201378177,-0.7104682464134064,2.7461784443111583e-05,6.998200258228357e-07,-2.745286609320387e-05
15559.656316050743,27.911363814893065,-88.82819341774626,527.516115566518,-25789.437692340685,7.928121856953793e-07,3.875934755616243e-05,-0.26379223325533235,3.966233319845861e-10,0.7107265607566917,0.017518829835633562,-0.7105106155197299,2.755281703104492e-05,6.791544592695562e-07,-2.7544445457599856e-05
15595.525028269538,27.8845453805856,-88.7468987995066,562.4000405662543,-25710.621605558703,8.503788252754716e-07,3.887582969592883e-05,-0.2623811965979058,3.969241787966957e-10,0.7107017997042706,0.018533158871209248,-0.7104601115651348,2.7635486508826313e-05,7.206578935980711e-07,-2.7626088517557385e-05
15631.476426409537,27.850970074811386,-88.79741233831523,537.7442594027473,-25616.38783104737,8.191221384541017e-07,3.902031497824289e-05,-0.2608182769339801,3.9746806617184536e-10,0.7106834627939167,0.017913222608255983,-0.7104576699174551,2.7736955176097085e-05,6.991273591640103e-07,-2.7728142804315027e-05
15667.510701081494,27.803598634564967,-88.78341028982372,541.1482271793468,-25481.762158844536,8.330316518033159e-07,3.922606294523889e-05,-0.2588508464201763,3.9864899526594486e-10,0.7106814392204673,0.018093703453084812,-0.7104510721702281,2.788327110413658e-05,7.098984310236173e-07,-2.78742327550806e-05
15703.628043335524,27.78092286415998,-88.76682783416322,547.1389951833404,-25417.306137331794,8.465204080604225e-07,3.9325050037716504e-05,-0.2576022496631349,3.9874074122440587e-10,0.7106571477073729,0.018305620419922633,-0.7104213438858805,2.795285097744173e-05,7.200297376850024e-07,-2.7943575915474998e-05
15739.828644662197,27.750795044252158,-88.76334503816501,546.8524682217555,-25332.42804746337,8.517540487189838e-07,3.9456707991961596e-05,-0.2561515271413614,3.991565992566205e-10,0.7106585689035111,0.018355782462490092,-0.7104214712451872,2.804652715417092e-05,7.244209438923703e-07,-2.8037169966059286e-05
15776.112696993485,27.69968490217233,-88.72059863779346,562.5382656503178,-25188.11704312469,8.862252084137987e-07,3.968146815806169e-05,-0.2541065350879805,4.005202042298329e-10,0.7107200250182907,0.018894389397739336,-0.7104688283178132,2.820919087237057e-05,7.499372723091725e-07,-2.819922062329802e-05
15812.480392703836,27.690020730928712,-88.72948229515409,558.037870128282,-25161.376240950438,8.810109795834496e-07,3.972391465943273e-05,-0.25325295616429727,4.000237159230221e-10,0.7106094080540571,0.01878828102155757,-0.7103609866196148,2.82348718917355e-05,7.4652080551859e-07,-2.8225001283076027e-05
15848.931924611134,27.644371872419047,-88.70656837364852,565.2238433182156,-25033.74633679027,9.014620278085608e-07,3.9925725008212545e-05,-0.25138883128280937,4.011384428968933e-10,0.7106477165315214,0.01908038700050398,-0.7103915229247718,2.8380096836816617e-05,7.619854650362773e-07,-2.8369865608038432e-05
15885.46748597779,27.601230854786674,-88.60888680108087,604.9610066538169,-24911.632819524355,9.742422399566559e-07,4.0118230253077134e-05,-0.24958720964412004,4.0217765505162284e-10,0.7106557176740483,0.020298714036225268,-0.7103657587970384,2.8518392939952332e-05,8.145810814770815e-07,-2.850675698039366e-05
15922.087270511702,27.570090636721517,-88.60881100713881,602.9094664043697,-24825.79948501459,9.776638318598824e-07,4.025693343024369e-05,-0.24815519706175562,4.026399730476356e-10,0.7105749159150481,0.020304366222058372,-0.710284762500223,2.861373724497207e-05,8.176249780158624e-07,-2.8602053222096247e-05
15958.79147236733,27.533078630826978,-88.5934095766067,607.0810892532066,-24723.754416963362,9.925584561459456e-07,4.042255960306712e-05,-0.24656677381010325,4.033719648343242e-10,0.7106132352417147,0.020503436372272026,-0.7103173792028636,2.873319745707353e-05,8.290435030141865e-07,-2.872123470495805e-05
15995.58028614669,27.50249345337387,-88.5527775052571,622.483044654407,-24638.96609360066,1.024720570381169e-06,4.0560229882332115e-05,-0.24515604787819886,4.038291378109556e-10,0.7105893896396229,0.021013510252478166,-0.7102786164986814,2.883059694190295e-05,8.52576823207271e-07,-2.8817988007267154e-05
16032.453906900419,27.47048668683401,-88.5006165270706,642.6069898738523,-24550.26608849553,1.065456168198202e-06,4.070486758948814e-05,-0.24371167538636623,4.0435603381160963e-10,0.7105437701020136,0.021665803411039797,-0.7102133779318279,2.893222547288141e-05,8.82197460192115e-07,-2.8918772423027893e-05
16069.412530128773,27.43833131892093,-88.457453864132,658.730249742793,-24461.727905815114,1.100065440274799e-06,4.085056286560377e-05,-0.24227425274446138,4.0488622411920146e-10,0.710593429385725,0.022209459392568572,-0.7102462684165649,2.9038391696736338e-05,9.075892831878216e-07,-2.902420496802847e-05
16106.456351782705,27.408288590072143,-88.36677393344696,695.0819543233105,-24377.810289417,1.1686748443659442e-06,4.098758926017983e-05,-0.24088781073732285,4.0534557713456117e-10,0.7104566194538873,0.02333611919876859,-0.7100732593659519,2.9131463435001494e-05,9.56870953889237e-07,-2.9115744191801663e-05
16143.585568264862,27.36376353075565,-88.29678189857938,721.2591360850577,-24255.807845085477,1.224830539280473e-06,4.119081855217703e-05,-0.23913099731830229,4.06447435938946e-10,0.7103978996205672,0.02420863577156089,-0.7099852940303717,2.927452689752641e-05,9.976048063001076e-07,-2.9257523984856343e-05
16180.80037643066,27.33135121439925,-88.30690041681058,714.4116699245935,-24169.197667582925,1.221925664572123e-06,4.1338858483727584e-05,-0.2377291104192873,4.069657849081767e-10,0.7104242630111522,0.024091276623360525,-0.7100156645212805,2.93806748260734e-05,9.963313494049792e-07,-2.93637766146941e-05
16218.100973589299,27.270259703702333,-88.24390837667346,735.9546108537115,-24004.378729845084,1.276033427024725e-06,4.161994395104368e-05,-0.235564912126656,4.088176725440485e-10,0.7104337029736901,0.024879344938752747,-0.7099979327549679,2.9581821042402974e-05,1.035953568291866e-06,-2.9563675962050095e-05
16255.487557504843,27.238291375933734,-88.18594065004744,757.5223166138376,-23917.81050141089,1.3228699890543687e-06,4.176794930298417e-05,-0.23417555184171246,4.0935369130804695e-10,0.7103733927187752,0.025602647401402123,-0.7099118688462834,2.9685431921445968e-05,1.06989599305557e-06,-2.966614553538843e-05
16292.960326397224,27.19615563487058,-88.1841012917947,754.7605977019483,-23806.458087409494,1.33040337422465e-06,4.196322948529768e-05,-0.2325492363706671,4.103225126783227e-10,0.7103391723148442,0.025631383096124904,-0.7098765892220404,2.9822814298322002e-05,1.0761056240131962e-06,-2.980339325241618e-05
16330.519478943344,27.154984771126315,-87.99581464765005,829.0882121203061,-23692.359176162663,1.4752058449255551e-06,4.2156077273571386e-05,-0.23090239604789947,4.113503050608446e-10,0.7102585168267698,0.027968072082119398,-0.7097076494367045,2.995974917470526e-05,1.1797344271546968e-06,-2.9936512777754166e-05
16368.165214278086,27.11509280902954,-87.9695832985916,836.2188478892605,-23587.154756910342,1.5011473782681158e-06,4.2342737925023775e-05,-0.22934838596088572,4.122347277931298e-10,0.7102001128715746,0.02829787405027252,-0.7096361255228149,3.009041576458295e-05,1.1989505211195014e-06,-3.006652022654716e-05
16405.8977319954,27.05490173984126,-87.84767752433373,880.438980940636,-23426.650781488872,1.6020123570788176e-06,4.2626218113173e-05,-0.22726383724129706,4.1410447911455165e-10,0.7101328864553812,0.029812075630075537,-0.7095068403983699,3.029135264515869e-05,1.271660717619081e-06,-3.0264648091339618e-05
16443.717232149313,27.00536183087438,-87.79652371456014,896.3933114999372,-23296.929003192916,1.6491447256838236e-06,4.2860658482555835e-05,-0.22548559777407795,4.1545257534775944e-10,0.7101114167483414,0.03045183471723266,-0.7094581805566068,3.0458064267103472e-05,1.306138610073053e-06,-3.043004569221482e-05
16481.623915255084,26.943339700340083,-87.65267594741759,948.249549884758,-23132.850823367764,1.769029999958815e-06,4.3156052218620024e-05,-0.22338257293558803,4.1743703249016903e-10,0.709995107687376,0.032234892136511456,-0.7092629728591195,3.066601438467675e-05,1.3922851794945405e-06,-3.0634392114422005e-05
16519.61798229015,26.902047556853915,-87.41784137378208,1038.117999532815,-23019.308401241964,1.9551487555933153e-06,4.335361894848287e-05,-0.22177490560266305,4.185312208053099e-10,0.7098557272814385,0.03514199632993907,-0.7089853268215123,3.0805787529478974e-05,1.5250660531370493e-06,-3.076801454180902e-05
16557.699634695284,26.84541642846078,-87.33700444498665,1063.8449089669045,-22872.71036543752,2.029105153765236e-06,4.36258462976135e-05,-0.21985571648737104,4.202449478137623e-10,0.70979982503328,0.03614668764465576,-0.7088788391464331,3.099878471042429e-05,1.5786188567165414e-06,-3.095856288700193e-05
16595.869074375605,26.784843255461,-87.03984653661281,1174.2971118385058,-22709.09093608951,2.2710084676027095e-06,4.39177932803361e-05,-0.2177809465358164,4.2229932013145746e-10,0.7096695185131607,0.039822691855020506,-0.7085513239844532,3.120844824566315e-05,1.7512439034499005e-06,-3.115927448919286e-05
16634.126503701696,26.745430448280633,-86.7232068374792,1293.8117969714176,-22598.044170776702,2.525271857466026e-06,4.4107037137718475e-05,-0.21621757133972327,4.233984642849054e-10,0.7094486885622225,0.0437315075116067,-0.708099567118509,3.134260784930208e-05,1.932006518149878e-06,-3.128300525219658e-05
16672.472125510627,26.691311070322623,-86.49671154506896,1374.6410472064726,-22454.03292598655,2.7162887869181205e-06,4.4369137660987164e-05,-0.21434555749239154,4.251339388479947e-10,0.7093631883623308,0.04653205723795072,-0.7078353626746658,3.1532439153134704e-05,2.0684316406568393e-06,-3.146452461891125e-05
16710.90614310708,26.63787289281316,-86.15951500635775,1497.494437852058,-22307.48867032124,2.9957885093686854e-06,4.4626889117048394e-05,-0.21245688650537511,4.2694256070189884e-10,0.7091056412915255,0.050685903698214886,-0.7072918419420381,3.171607885162634e-05,2.267022041216038e-06,-3.163495327619783e-05
16749.42876026437,26.57951043937225,-85.79936423776462,1626.693353408295,-22147.983918046393,3.2983810915728934e-06,4.4908581705754845e-05,-0.21045261725219871,4.290282917474934e-10,0.7089185988338906,0.05512358681236971,-0.7067722192825252,3.192195655344856e-05,2.4821647311682773e-06,-3.182530704404282e-05
16788.04018122561,26.531875169065078,-85.30538414011858,1807.3323970973206,-22008.334956928466,3.70633538126858e-06,4.513296539401419e-05,-0.2086446815593459,4.3075759588760317e-10,0.7086230638142134,0.06119679332444622,-0.7059756363049986,3.2089589802689216e-05,2.771261754382147e-06,-3.196970256342017e-05
16826.740610704674,26.489379948065427,-84.72835185850916,2018.4553387575013,-21875.976222095902,4.1821786736145076e-06,4.532636390997162e-05,-0.2069129031734401,4.323671488949859e-10,0.7082853848192868,0.06827834571716224,-0.7049867047361481,3.224003617189035e-05,3.107922855474121e-06,-3.208988544524925e-05
16865.530253887413,26.45522679903925,-84.17560326323508,2220.025326903883,-21763.564909373803,4.638763499513427e-06,4.547517061964824e-05,-0.20537622490877663,4.3360082175980526e-10,0.7078802238113752,0.07504069277037655,-0.7038915439837196,3.235768408698869e-05,3.4301608501774363e-06,-3.21753588327352e-05
16904.40931643264,26.442400411658614,-83.51727100046892,2465.152271921753,-21694.50335423436,5.170977868239731e-06,4.550704554236125e-05,-0.20425365844600527,4.339807032465201e-10,0.7075984274244344,0.08309760532514505,-0.7027021577331032,3.240759497271589e-05,3.8058218223887854e-06,-3.2183348678654146e-05
16943.37800447329,26.42879342257762,-82.80143495475986,2730.3342271469483,-21617.17483711659,5.751014482829381e-06,4.55331381521085e-05,-0.20305751486512946,4.3453143176804847e-10,0.7071113045895508,0.0918143681032153,-0.7011251806119531,3.245245547141949e-05,4.2137661683059215e-06,-3.21777258488431e-05
16982.436524617442,26.448703966815785,-82.10488985927581,2997.890219786005,-21618.18245261817,6.293683669494245e-06,4.538458445483107e-05,-0.20259993864891904,4.335118304397155e-10,0.7066860780607773,0.10027799602749875,-0.6995352288753097,3.237923366002895e-05,4.5945785054146644e-06,-3.205159310811763e-05
17021.58508394951,26.47408632113668,-81.35657757846775,3287.2842157339314,-21625.295143393876,6.870557151373345e-06,4.519774271018791e-05,-0.20220047668402572,4.3237252416198395e-10,0.7063407223832423,0.10935938038824136,-0.6978235751377138,3.2291410279174044e-05,4.999525736075192e-06,-3.190203630228436e-05
17060.823890031235,26.538397381647272,-80.67752301960086,3566.8314089033934,-21727.890229308163,7.3569688929002125e-06,4.481608301596633e-05,-0.20269250507726555,4.293412072350504e-10,0.7060664939784189,0.11758363665765541,-0.6962068531042603,3.2066323282209644e-05,5.340113060056213e-06,-3.161854331472273e-05
17100.15315090288,26.60146831729829,-79.99286142342534,3851.0644273988405,-21824.570742213135,7.841031388065692e-06,4.443632337159814e-05,-0.20312615237007847,4.2645618858701755e-10,0.7057746125883712,0.12584976494109326,-0.694463563074793,3.184619941566754e-05,5.678635415958822e-06,-3.1335818435698815e-05
17139.573075084252,26.69371433627147,-79.44382836925045,4100.129344151638,-22001.91599012424,8.18560044095422e-06,4.3925173601532594e-05,-0.2043057707435733,4.220458455055143e-10,0.7055068728175524,0.1324556457358069,-0.692961362202477,3.1522677126040196e-05,5.918236540171553e-06,-3.096213250806791e-05
17179.083871575876,26.80747796149418,-78.79351978422267,4402.80672537103,-22222.60724086417,8.578640139214938e-06,4.329959554570737e-05,-0.20588046587427458,4.1689349721112905e-10,0.7052690501301001,0.14027214730280665,-0.6911788175012841,3.1131107520831604e-05,6.19171832232828e-06,-3.050915403105308e-05
17218.68574986007,26.94229783146315,-78.49802258022824,4584.653406984795,-22530.311287292392,8.672642388213156e-06,4.261987010667333e-05,-0.20825110945536876,4.1025410897245635e-10,0.7051810256162687,0.1438243782485771,-0.6903584772497712,3.067032602668306e-05,6.255330774979202e-06,-3.002565129149791e-05
17258.378919902043,27.086063621988906,-78.37304506853575,4708.153476637502,-22881.678599015933,8.62713266537168e-06,4.1927961324890616e-05,-0.21101241734088028,4.030252448769093e-10,0.7052683730661665,0.14535528760894767,-0.6901270306338664,3.0189618799493995e-05,6.22205800088139e-06,-2.9541480624579893e-05
17298.163592151013,27.232931867637262,-78.44230040048899,4757.9639138552375,-23266.185305434567,8.436800332499206e-06,4.125549572775737e-05,-0.21406482708558278,3.954530676974173e-10,0.7054340629399514,0.14456236891477883,-0.6904628437864812,2.9705030744135442e-05,6.087357895877638e-06,-2.9074609633794364e-05
17338.039977541375,27.36434575869877,-78.73599450203287,4708.074901841909,-23638.890362526625,8.103913736184853e-06,4.068914201898138e-05,-0.21699374642559707,3.883229383898033e-10,0.7057586021707521,0.1410935421405679,-0.6915112558044458,2.928040958939118e-05,5.853668225349277e-06,-2.8689317768640773e-05
17378.008287493754,27.478497122044917,-79.3449811919785,4515.562641753321,-24001.206833800577,7.570753626830491e-06,4.024021768741325e-05,-0.21981291783128995,3.8158127261635176e-10,0.7061000796658709,0.1338079468247469,-0.6933056727524266,2.891179819419833e-05,5.478866901144881e-06,-2.8387921591789506e-05
17418.068733916145,27.553457218201167,-79.93955496954169,4303.830985841404,-24258.55895577256,7.090323593635139e-06,3.9964634642379385e-05,-0.2216588778628227,3.766648836697872e-10,0.7064476986988485,0.1266760952619796,-0.6949974948775549,2.8673495467136e-05,5.1415645489097275e-06,-2.8208751413227482e-05
17458.22152920504,27.605779686934998,-80.66335359161322,4022.4298932197207,-24465.385466564956,6.54335560561269e-06,3.979826159455665e-05,-0.22303457572346047,3.7262163655422227e-10,0.7068269192567196,0.1179573821544316,-0.6969148798678491,2.8507837795863277e-05,4.7574729055584506e-06,-2.810806409819303e-05
17498.466886246566,27.626011384960144,-81.3907420034835,3721.756143811177,-24582.10044083932,6.020981565072952e-06,3.976842325663517e-05,-0.22358317572473016,3.699995047886131e-10,0.7071708204669728,0.10916122670348076,-0.6986947802184604,2.844324748053182e-05,4.3905937526597245e-06,-2.8102331108608857e-05
17538.805018417614,27.62811632636948,-82.1210700936856,3410.637088695444,-24645.70662626239,5.509529117218281e-06,3.9812573059114265e-05,-0.22364613959977947,3.681958228423334e-10,0.7075552062782634,0.10030871155867482,-0.7004088322664945,2.8437731572901893e-05,4.031561337430679e-06,-2.815050781415773e-05
17579.23613958693,27.620235998461155,-82.67725007007493,3169.6750681317617,-24665.474376365866,5.1253374315201365e-06,3.9883860764914726e-05,-0.2233107365720474,3.670545899691255e-10,0.7078426426750569,0.09355074569607888,-0.7016334262055336,2.84633290174543e-05,3.761804522701046e-06,-2.8213647858595705e-05
17619.76046411629,27.566713309633624,-83.25113851589214,2906.268950596717,-24559.123313074477,4.751935096801311e-06,4.015573300403196e-05,-0.2218364932508319,3.6779622881661284e-10,0.7080701995711786,0.08655394034498423,-0.7027601460893507,2.8631147499130244e-05,3.4998487920392264e-06,-2.8416433019466282e-05
17660.37820686164,27.532650715444372,-83.77421767778732,2672.774632472439,-24500.61953241722,4.40017890788232e-06,4.033527854792057e-05,-0.22079904867965958,3.6782654293308537e-10,0.7083814191172401,0.08017754427475943,-0.7038293801374194,2.874194963725667e-05,3.253132955485744e-06,-2.8557254681158193e-05
17701.08958317421,27.480709550227395,-84.09283537490703,2522.4491205365193,-24379.41988772263,4.199050959219295e-06,4.058374285185887e-05,-0.21920148850792526,3.688049694818173e-10,0.7084991163338303,0.07628279135074614,-0.7043805318075997,2.8906713700928503e-05,3.1123324772711405e-06,-2.873867574434095e-05
17741.894808901663,27.428625294121687,-84.39257976236685,2381.5581568225543,-24256.661893470435,4.008969325794901e-06,4.083218089741846e-05,-0.217596129660157,3.698188952436881e-10,0.7086349460229645,0.072618460415181,-0.7049042813970551,2.9073904313660224e-05,2.9793932424098577e-06,-2.8920842448776508e-05
17782.79410038923,27.3693433612141,-84.73272269349575,2223.368914494369,-24116.93423192008,3.790458677252393e-06,4.111519326917272e-05,-0.21584511823978267,3.7110604834023083e-10,0.7088044933985285,0.06845662179554332,-0.7054909643604845,2.926587934543667e-05,2.8265103459750727e-06,-2.9129066808357466e-05
17823.787674480893,27.302929207621027,-85.09335593953551,2056.843554346822,-23959.39536551925,3.556809953388717e-06,4.143193862904988e-05,-0.21394196764221138,3.7268702876273833e-10,0.7089231244062361,0.06403329328997864,-0.706025306676991,2.9479751431719274e-05,2.662750733549556e-06,-2.935924901980526e-05
17864.87574852051,27.246055781723307,-85.1630888224981,2015.0269780859792,-23812.333956287872,3.528402719659418e-06,4.169646600593523e-05,-0.21213977130582967,3.7412623800232525e-10,0.7089785642647607,0.06318673675176079,-0.7061572352426796,2.96672094079429e-05,2.6440491229280784e-06,-2.95491508894973e-05
17906.058540352948,27.200043030797318,-85.2931820628749,1951.1547568822623,-23697.823348652895,3.450965736522407e-06,4.1913833906767176e-05,-0.21063405539286803,3.750694346656634e-10,0.7090234604670729,0.06159495740746615,-0.70634292571999,2.9818102157403367e-05,2.5903864043466716e-06,-2.9705371812948568e-05
17947.336268325267,27.149831746233268,-85.3622188221658,1912.0191086380253,-23569.732420817418,3.419277157015386e-06,4.2149917487421485e-05,-0.20901371468404759,3.7624044507417835e-10,0.7090250997454693,0.06075183792988951,-0.7064175863164883,2.998317034658379e-05,2.569066604516305e-06,-2.9872904124202932e-05
17988.709151287872,27.103110217103122,-85.49345686046863,1848.6045940189124,-23454.503913862856,3.339658093459232e-06,4.237251388286984e-05,-0.2075135132968798,3.772192784607143e-10,0.7090800887570923,0.05914608201440352,-0.706609024322582,3.0138328384365526e-05,2.5139107283681706e-06,-3.00332996963978e-05
18030.17740859569,27.04658734479841,-85.48038944724594,1842.3566476284739,-23307.36791721611,3.3704049837215233e-06,4.263847018259714e-05,-0.20573745506896354,3.787275512904055e-10,0.709070310881388,0.05931432717008924,-0.7065851090744751,3.0327621408639314e-05,2.536931007993572e-06,-3.022132692928023e-05
18071.741260109276,26.98664049411303,-85.56448187072289,1796.28701666779,-23157.155685540816,3.3296606551232397e-06,4.292491648341562e-05,-0.2039413768853463,3.8030752281513563e-10,0.7090575329096274,0.058284093472595194,-0.7066580144765678,3.05273025065982e-05,2.509325506295035e-06,-3.0423995198409003e-05
18113.400926196024,26.935733980268303,-85.49413454798412,1814.3598701175267,-23023.494365894087,3.401670516330432e-06,4.316582573130246e-05,-0.2022978981424215,3.816356111486211e-10,0.7089955061622155,0.059154448646971024,-0.7065234454450107,3.069889186503088e-05,2.5613364352317873e-06,-3.0591853775252217e-05
18155.15662773135,26.870724712899086,-85.52590601193734,1788.7091897994462,-22859.844885635826,3.4020625442876673e-06,4.347862832994526e-05,-0.20039801288773335,3.83483650105886e-10,0.7090435796910691,0.058774608616074066,-0.7066033847096636,3.092210083500069e-05,2.563219562549033e-06,-3.081568148725769e-05
18197.008586099837,26.834799387289703,-85.33848802580381,1855.8124182938811,-22759.89155446129,3.5589003009066464e-06,4.364675228126853e-05,-0.19906289695851453,3.842819123113824e-10,0.7089018607643315,0.06108140158403854,-0.7062654674948089,3.104357652303746e-05,2.6748204076711442e-06,-3.0928126020313426e-05
18238.95702319638,26.78248953789629,-85.19663537028514,1900.9054903097167,-22621.34845816453,3.6886516485485947e-06,4.3896066747119274e-05,-0.19739612423792846,3.857461871114991e-10,0.7087884301445859,0.06282772197213049,-0.7059983824759226,3.122230170074838e-05,2.767576341764557e-06,-3.1099399426436846e-05
18281.002161427426,26.744303280196164,-85.11080542711336,1926.4999851641755,-22521.556445432914,3.7705611238615588e-06,4.407936975653094e-05,-0.19607333354934103,3.8656428855476863e-10,0.7087543297213258,0.06389018426284185,-0.7058687868531841,3.135515310027326e-05,2.8264892716122736e-06,-3.1227497247442614e-05
18323.144223712112,26.71276819519077,-84.94808384206146,1983.2680522145406,-22434.70731236724,3.909847658330378e-06,4.422815551969458e-05,-0.19486800529367687,3.871682394361068e-10,0.7086798188540762,0.06589570919290387,-0.7056095529122395,3.1465451226666584e-05,2.92577574313974e-06,-3.132913112741221e-05
18365.383433483465,26.673061415553043,-84.78671748050795,2037.2140120176257,-22327.865077586415,4.052674887495237e-06,4.44173157839705e-05,-0.19349392342704572,3.8812617518687256e-10,0.7085875802191103,0.06788191185829603,-0.7053285793750573,3.1603905561064485e-05,3.027619438391383e-06,-3.145854998643385e-05
18407.720014689563,26.645787152679276,-84.59019404079002,2107.091994483022,-22250.05974069131,4.218360206593731e-06,4.454421869107515e-05,-0.19237618721900784,3.885876110040733e-10,0.7084128401258811,0.0702914902428098,-0.7049169159941207,3.16964880903828e-05,3.1450494078291654e-06,-3.154007009323365e-05
18450.154191794736,26.626950504955957,-84.4378205898248,2161.4875538096717,-22195.405154485074,4.3463756602244195e-06,4.4631100726091944e-05,-0.19146227221421439,3.886485525595187e-10,0.7083443647284705,0.07216700368123781,-0.7046585432833782,3.176335133105312e-05,3.236089685438882e-06,-3.1598072905285065e-05
18492.68618978078,26.6155071944932,-84.3016377847801,2211.198007849069,-22159.756505504873,4.458562042861858e-06,4.468195470681205e-05,-0.1907151156608522,3.8837847100766017e-10,0.7082983886562649,0.07384495174485872,-0.7044384504517487,3.1804929235728494e-05,3.3158814170348217e-06,-3.163160530415521e-05
18535.316234148115,26.59928955512674,-84.0225279565966,2314.4566412206523,-22104.184102136558,4.685593365081367e-06,4.474969049966054e-05,-0.18979930627711833,3.8845940672186356e-10,0.7080612275485498,0.07725787737961713,-0.7038337320279239,3.185834066912081e-05,3.476122800078387e-06,-3.166812972798571e-05
18578.04455091699,26.60199673016006,-83.82201709790938,2392.1412840305893,-22099.124607367517,4.841473457699766e-06,4.4726591167180175e-05,-0.18931943615630295,3.8765470635839664e-10,0.7079949230013463,0.07972116600408667,-0.7034922506230122,3.185077819212058e-05,3.586439807858001e-06,-3.1648215130529485e-05
18620.871366628675,26.597815334203116,-83.53554200060259,2500.889119363694,-22071.74356700494,5.068517327601658e-06,4.4732496876234376e-05,-0.18864998432034058,3.8724292319894894e-10,0.7078158476261289,0.08322464110263234,-0.7029060629017461,3.186456879855068e-05,3.7466204112884874e-06,-3.1643539312334925e-05
18663.796908346696,26.601106777776838,-83.38341450985072,2560.1136243113856,-22070.457948826774,5.185992942670135e-06,4.4707874711967176e-05,-0.18820513832781277,3.863747944563909e-10,0.7077835436735739,0.08509490693458722,-0.7026495581076785,3.185526999711714e-05,3.829873214784719e-06,-3.1624204302209814e-05
18706.821403658007,26.62011000761794,-83.27809977008575,2605.9448072445393,-22110.412406140575,5.257511299629996e-06,4.460790679127186e-05,-0.1881122052915694,3.8478956717764436e-10,0.7076983811912383,0.0863840575014061,-0.7024064303167312,3.178704573158027e-05,3.880034290391635e-06,-3.154935197824134e-05
18749.945080674195,26.64851090622622,-83.22319396333315,2635.3005041998986,-22176.64708020925,5.283826590496936e-06,4.446459041150302e-05,-0.18824177824700267,3.827579734359613e-10,0.7077702084477844,0.08707413609085127,-0.7023935953511052,3.169172816057127e-05,3.898906478219519e-06,-3.145098030392127e-05
18793.168168032684,26.66403896772669,-83.22214130633456,2640.2444620950337,-22214.768526249478,5.275563325966825e-06,4.438809353241832e-05,-0.18813167577614337,3.8122233694339536e-10,0.7077219891090166,0.08708930136938163,-0.7023431265808872,3.1635117518911904e-05,3.892884954625784e-06,-3.139468278491463e-05
18836.490894898,26.68960392686689,-83.22954941557856,2644.870007649332,-22278.265560325908,5.254884850333859e-06,4.426293914108794e-05,-0.18823548967924694,3.792614971805705e-10,0.7077303750266418,0.08700773431858651,-0.7023616859596609,3.154580818559701e-05,3.87821322120616e-06,-3.130650852927137e-05
18879.913490962936,26.707133171549454,-83.44609255251461,2566.0577967781187,-22335.145727612322,5.076845125100833e-06,4.418921344952468e-05,-0.18828205165923273,3.774255887939792e-10,0.707896667014396,0.08438067748598996,-0.7028496229187976,3.148675964122413e-05,3.7531948293676416e-06,-3.126227057136171e-05
18923.43618644976,26.708964159409877,-83.60096581784677,2506.4799634988503,-22349.173205602878,4.955790083434986e-06,4.4188588202671436e-05,-0.1879669926033643,3.763211873644449e-10,0.7080218582886234,0.08250338227873517,-0.7031985094744189,3.148221880364425e-05,3.668516024657853e-06,-3.12677484155377e-05
18967.059212111464,26.71044092616338,-83.84520557715662,2412.032267244987,-22367.486700058478,4.765709744154658e-06,4.419383221621367e-05,-0.18768835131718006,3.7514826639363924e-10,0.7081309252309439,0.07952558795203495,-0.7036512546207218,3.147604135484906e-05,3.534869903232346e-06,-3.127692238918961e-05
19010.782799232995,26.6835641986591,-84.05007155410071,2325.470481483651,-22312.932031738404,4.620677844392819e-06,4.433548888426144e-05,-0.1867999579621693,3.752005696906374e-10,0.7082211585914622,0.07702724082595801,-0.704019895775235,3.156898432854104e-05,3.433492107665392e-06,-3.138171288317878e-05
19054.607179632472,26.666956156729423,-84.25238769595866,2242.8860694954506,-22283.436833098665,4.471623073838852e-06,4.4426300409333685e-05,-0.18612396926526764,3.748331197555214e-10,0.7083662937051981,0.0745644212894063,-0.7044309427725438,3.1628684667968326e-05,3.3293150582820703e-06,-3.1452970528528315e-05
19098.53258566239,26.639491197806954,-84.36390299624578,2193.019053962879,-22221.972789095442,4.398129381798158e-06,4.456646706677187e-05,-0.18518369402334206,3.750053988392483e-10,0.7083311830803565,0.07319796562365807,-0.7045389433896293,3.172074574112942e-05,3.277978030303069e-06,-3.155092027827763e-05
19142.55925021086,26.60567887255778,-84.63069466869551,2082.1430446343243,-22153.439560731513,4.205413315438541e-06,4.474446169851179e-05,-0.18418798481917348,3.753003478473504e-10,0.7085185445715978,0.06994344575938607,-0.7050577581993968,3.1841570955115674e-05,3.1433322501662767e-06,-3.1686039564052976e-05
19186.68740670289,26.55489815045634,-84.73898259760279,2029.0048846852594,-22034.998483236297,4.143718281013524e-06,4.500079163252241e-05,-0.18278188700798376,3.7644983115761434e-10,0.7085386291701548,0.06862112034979816,-0.7052078635893537,3.201925871785789e-05,3.1010269807911843e-06,-3.186873954999669e-05
19230.917289101588,26.531294756091334,-84.76891587814802,2012.2762156543774,-21979.077714925985,4.13088884017802e-06,4.511961436689143e-05,-0.18189870042828363,3.765396087575726e-10,0.7085271111887443,0.06825999583466927,-0.7052313381140392,3.210174047017631e-05,3.0927040563111744e-06,-3.195241654139217e-05
19275.249131909357,26.494465345419158,-84.86088135502509,1969.0967945543623,-21894.458729769896,4.074740884126571e-06,4.530719178901812e-05,-0.18078164952979792,3.7712551696718604e-10,0.7085542079136345,0.06713894867597016,-0.7053661652807026,3.22317339509443e-05,3.054113160716341e-06,-3.20867116776711e-05
19319.68317016924,26.45344551341227,-84.86947786848323,1956.9246013429934,-21795.770557849635,4.086417228338104e-06,4.551356360453374e-05,-0.1795528732135093,3.7796179614030765e-10,0.7085560458343054,0.06704175018000237,-0.7053772563821068,3.237819318649202e-05,3.0635413410843517e-06,-3.223293515138305e-05
19364.219639466068,26.418627167329035,-84.96896966795317,1911.8482927236446,-21717.05536172534,4.022524691500061e-06,4.569263772219263e-05,-0.17849295115278088,3.784593099489616e-10,0.7086012673498439,0.06582947241243987,-0.7055368428733575,3.250264003927933e-05,3.01951428029389e-06,-3.236207878109911e-05
19408.85877592778,26.37460993172177,-85.00861271057121,1887.6711746647193,-21613.599791599852,4.010255084373536e-06,4.5916921134992256e-05,-0.17723408081620406,3.7939624309872565e-10,0.7086310374815844,0.06535254135920213,-0.7056110774499791,3.266156855651008e-05,3.0121690937100844e-06,-3.252237534256232e-05
19453.600816226623,26.33782550704648,-84.8966986786689,1921.879927260667,-21520.23796655496,4.11701199606779e-06,4.610021500813743e-05,-0.1760626364880582,3.8016581527350087e-10,0.7085392110592775,0.06673053496221969,-0.7053898562583385,3.279335445101204e-05,3.0884925654998695e-06,-3.26475927109881e-05
19498.445997580457,26.306531499727384,-84.81382406271659,1946.1308044354134,-21441.69260361438,4.198467545436252e-06,4.625704002543221e-05,-0.17501658165710338,3.8068088136576066e-10,0.708476770277033,0.06775333092614803,-0.7052296223008416,3.290629502687911e-05,3.146907831060998e-06,-3.27554762367885e-05
19543.39455775394,26.263981059451474,-84.79838376659161,1942.725341767048,-21340.28828931829,4.230838704065418e-06,4.6474566275147795e-05,-0.17378825148385235,3.81610090325428e-10,0.7084548991401216,0.06794983450993355,-0.7051887436039465,3.3060825790889275e-05,3.1709536400684138e-06,-3.290840705637491e-05
19588.4467350599,26.22915366938026,-84.83885291975585,1920.3086954414018,-21260.357418416985,4.214064564213866e-06,4.6655269036772596e-05,-0.17273911611303483,3.821638207682753e-10,0.7084121624594382,0.06745623494180314,-0.7051931992638143,3.318524336385919e-05,3.1599564371984823e-06,-3.303445250694445e-05
19633.602768360466,26.1897623734436,-84.79517023697223,1928.0375832656214,-21165.799111023207,4.268323689928438e-06,4.685722028759869e-05,-0.1715753136473735,3.8298826031962025e-10,0.7083792166040495,0.06799929100056872,-0.7051079427576935,3.3329641185008834e-05,3.1994049468997364e-06,-3.317572590776561e-05
19678.862897068448,26.1625835007871,-84.72873579820956,1946.6173245066004,-21098.942708752682,4.33588803936661e-06,4.699570489918955e-05,-0.17063999295462,3.833181988251224e-10,0.7083737276185713,0.068824896978707,-0.7050223198850517,3.343143794028053e-05,3.2481657384797693e-06,-3.327326948302788e-05
19724.227361148536,26.10772906969073,-84.69411669163891,1947.4722864780438,-20969.70267535962,4.39093513351649e-06,4.728005880029728e-05,-0.16920469303272562,3.847936166419513e-10,0.7083198900185941,0.06925423929724916,-0.7049261783586367,3.363304203514043e-05,3.288388162211443e-06,-3.347189895766524e-05
19769.69640111861,26.082780289613602,-84.49712886159628,2013.6716189457284,-20901.80071426509,4.566768607905478e-06,4.74028071173678e-05,-0.16826889172707632,3.8515578823139376e-10,0.7081975636786491,0.07167369031698896,-0.7045613325443844,3.372550210790945e-05,3.4132159129597077e-06,-3.355233895814304e-05
19815.27025805098,26.029175648215634,-84.41356007982925,2031.9478022259912,-20774.030541247157,4.663755731613074e-06,4.768085277550403e-05,-0.16685564241739956,3.8663339757265755e-10,0.7081250990700129,0.07270247744306958,-0.7043830674473623,3.392465193239319e-05,3.4830092099799267e-06,-3.3745379766380225e-05
19860.949173573717,26.00019480808944,-84.33632436024168,2053.2347324666994,-20703.56287591036,4.743488813488457e-06,4.783043913505807e-05,-0.165907195195852,3.870571032564366e-10,0.7080849958479256,0.0736564435032057,-0.7042436294886989,3.40336705723104e-05,3.5402517330765145e-06,-3.384903765679307e-05
19906.733389871864,25.939865564249693,-84.14769900669334,2106.9649507948316,-20556.031485857828,4.9344628081624725e-06,4.814174664467846e-05,-0.16434610125393206,3.889384305675695e-10,0.7078622434828226,0.07595930078750851,-0.7037749216705633,3.425577231861267e-05,3.6759193433673385e-06,-3.405797342951703e-05
19952.6231496888,25.914265433942575,-83.87787661488687,2197.027742594277,-20483.25028607991,5.176901654062655e-06,4.826510390868957e-05,-0.16338756609398217,3.894226967511155e-10,0.7077143540684718,0.07926487452805732,-0.7032614639098361,3.435333409063875e-05,3.8476154972143764e-06,-3.413718526956547e-05
19998.618696327438,25.888550309250178,-83.81652189970328,2212.5534704529978,-20421.746582429514,5.243724408222823e-06,4.839928726825386e-05,-0.16252232039208542,3.8969716736527844e-10,0.7076777842904843,0.08002250515300334,-0.7031388518972101,3.445103524592122e-05,3.895640370083184e-06,-3.423007180276846e-05
20044.720273651616,25.848996074578796,-83.4989722657158,2314.946358963719,-20314.783666650063,5.537494593076926e-06,4.85942165692165e-05,-0.16129924460157372,3.90848032221358e-10,0.7074929249372194,0.08390507355054438,-0.7024999483762968,3.460205852237903e-05,4.103628690814233e-06,-3.4357862063202794e-05
20090.928126087278,25.820108623175454,-83.22854449895429,2402.5747104961592,-20234.332667541257,5.786539818545278e-06,4.873387336131546e-05,-0.16029095540008692,3.914995307041891e-10,0.707364620238697,0.0872127619847105,-0.7019676916443051,3.471426470823833e-05,4.280008949913554e-06,-3.444940779784612e-05
20137.242498623884,25.781946106234336,-82.95558552051682,2487.857297606558,-20132.93734746902,6.04546434545252e-06,4.892280398093865e-05,-0.15912091727693575,3.9256627732086104e-10,0.7071328401942168,0.09053505152732308,-0.7013132382367274,3.485753650951487e-05,4.462851510527659e-06,-3.457066397839566e-05
20183.663636815607,25.75884145747431,-82.7158742357037,2564.987586275104,-20066.97146244635,6.26734077758443e-06,4.903203009721083e-05,-0.15823478624102844,3.9295090975722217e-10,0.7069507772178483,0.09345308574670992,-0.7007466890206031,3.49447350816705e-05,4.619406936414026e-06,-3.463806561406024e-05
20230.191786782718,25.73312569067888,-82.41603134504219,2661.7131790618587,-19991.27889293955,6.54408145324999e-06,4.9150508950082974e-05,-0.15727536783011398,3.9353154782353903e-10,0.7068110302924445,0.09710856308838135,-0.7001083912637934,3.504617009749771e-05,4.814983176636171e-06,-3.471382974423095e-05
20276.82719521282,25.704488634997098,-82.03726366871298,2784.085397639283,-19903.715067321362,6.892853002275001e-06,4.927772053060692e-05,-0.15622634687169967,3.943537597748815e-10,0.7065586234599327,0.10170711512061197,-0.6992000794618358,3.5156038304510334e-05,5.060612263865804e-06,-3.47899013045885e-05
20323.57010936222,25.694310680934414,-81.62073264850481,2924.374297096062,-19853.53252879699,7.261652380307501e-06,4.929924732562894e-05,-0.15547405415440252,3.944412622124386e-10,0.7062138162281965,0.10674414804889862,-0.6981000222668007,3.519094455252125e-05,5.319107767329645e-06,-3.478663063675696e-05
20370.420777057177,25.66485996825535,-81.13789735261841,3080.2549878719624,-19755.57852608031,7.705051429930339e-06,4.941725576967183e-05,-0.15435115506337663,3.9548533083598117e-10,0.7060071787787364,0.1125990829812192,-0.6969702884620687,3.5309940734125287e-05,5.631482322405319e-06,-3.485797357133482e-05
20417.379446695293,25.671834274106978,-80.55136932250691,3283.2121801173566,-19728.343625870413,8.208296718407907e-06,4.9322459030980855e-05,-0.15378385924942842,3.9512045006141037e-10,0.7056302906105958,0.11967273527630426,-0.6954081847797604,3.5281551023859865e-05,5.983642952972182e-06,-3.4770445203657856e-05
20464.446367246735,25.670141143501937,-79.98741063227783,3474.9123092308787,-19681.91729501876,8.699179424467655e-06,4.9272187246876904e-05,-0.1530691019348373,3.951415773025936e-10,0.7052540917683414,0.12645305183671837,-0.693824876778837,3.528630703188729e-05,6.326884543188555e-06,-3.4714463785658275e-05
20511.621788255656,25.70881852576957,-79.34618305611063,3708.797455738523,-19715.348697683807,9.215544905564092e-06,4.8988299690305056e-05,-0.1529764556117814,3.935642746567187e-10,0.70489831057385,0.13415104060178318,-0.6920152646837544,3.513692611538742e-05,6.68700028248026e-06,-3.449474748509261e-05
20558.905959841413,25.767394432258758,-78.68168859127718,3960.6113589143447,-19788.008602936578,9.725216857824577e-06,4.858913369899733e-05,-0.15318710972529784,3.912172907071812e-10,0.7046223416866656,0.1421207153509579,-0.6901408165527758,3.491549918339524e-05,7.0423763585210546e-06,-3.4197909562583174e-05
20606.299132700005,25.863417461555194,-78.07871132268475,4211.143179201389,-19946.572682756763,1.0132695766148108e-05,4.7994699769401816e-05,-0.1540594756855083,3.872147102906654e-10,0.7043583245656636,0.14932854600080078,-0.688347030744112,3.4550109803550224e-05,7.324847994539734e-06,-3.376472551782799e-05
20653.80155810529,25.97542564916287,-77.4930478114732,4467.882327035629,-20141.74863778872,1.0496561075651662e-05,4.731975447689248e-05,-0.1552091439050604,3.8258061400360867e-10,0.7041138829533364,0.1563112782292767,-0.6865443499628807,3.4127840956488034e-05,7.576283570405957e-06,-3.3276259639751266e-05
20701.413487910424,26.096628735403943,-77.13810204012371,4653.483139647128,-20380.444986907285,1.0648277802419783e-05,4.6635312398269196e-05,-0.15668729886357835,3.7723021356044396e-10,0.7040200182764732,0.16054877952294952,-0.6854693833627415,3.3676646837770216e-05,7.679816493664164e-06,-3.2789281188515594e-05
20749.135174549097,26.245473865191876,-77.01519861029246,4775.0831111078705,-20708.217544320425,1.0572958429512e-05,4.585200260411653e-05,-0.15884108696942487,3.704054882566602e-10,0.7040678633903729,0.162038624606772,-0.6851678921217998,3.312954761576849e-05,7.624643317269597e-06,-3.224021928445723e-05
20796.96687103696,26.394482499605004,-77.10974426928273,4820.485239205237,-21063.80483042964,1.032398571929409e-05,4.5112143170716755e-05,-0.16119699953720534,3.6331498394964775e-10,0.7042848401461383,0.1609662260444201,-0.6856435007587313,3.259266078927058e-05,7.449141746265944e-06,-3.172998305339122e-05
20844.908830972887,26.523193878961585,-77.41677606717558,4776.571133736534,-21398.579452076367,9.93639220655897e-06,4.4514081785005506e-05,-0.16338232623412546,3.56808496975449e-10,0.7046032343911877,0.15736975889871604,-0.6868045405344106,3.213616113353116e-05,7.17745772751641e-06,-3.132438272288846e-05
20892.961308540394,26.640329570416796,-77.88761903983972,4662.595040333625,-21726.156019613805,9.442931196561834e-06,4.4000946829879764e-05,-0.16550191587699073,3.5062044586676125e-10,0.7049887443276465,0.15181245374292782,-0.6884490602195802,3.172596504927813e-05,6.831877303355699e-06,-3.0981644740392836e-05
20941.124558508924,26.732869023364554,-78.49542107717303,4479.7903057729045,-22009.869198266984,8.87961324222134e-06,4.362684693983053e-05,-0.16727752465838278,3.453048434276388e-10,0.7053420118445105,0.1445822636428245,-0.690364630259096,3.140226663981943e-05,6.436892625221247e-06,-3.0735464262797277e-05
20989.398836235243,26.782177368292327,-79.18011447142459,4241.829080588837,-22194.593847033855,8.307650451303715e-06,4.346825958490004e-05,-0.16829349655189974,3.416433169033418e-10,0.7057791365187667,0.13641567897734788,-0.6924701813611364,3.123376737522974e-05,6.036981490454143e-06,-3.0644788772870993e-05
21037.784397664753,26.83349185936607,-79.741521377866,4048.890085496604,-22371.748657843083,7.833195977210415e-06,4.328156306774258e-05,-0.16924664295449451,3.381584157391217e-10,0.7061577140547804,0.1297027352178285,-0.6941440179070096,3.105962503287996e-05,5.704842192366325e-06,-3.0531214891374704e-05
21086.281499332898,26.857710684892563,-80.41758251078672,3796.7601849807497,-22489.763353973423,7.298586761630292e-06,4.323251432545792e-05,-0.1697481372837156,3.356102729402285e-10,0.706516195173666,0.12157414038360471,-0.6959776306984738,3.097618230093039e-05,5.330242620518785e-06,-3.0514134160203176e-05
21134.890398366464,26.860294638711885,-81.08723743656059,3536.437424975264,-22550.352767763085,6.787464680401731e-06,4.328076664409295e-05,-0.16981399211480633,3.3393873022476453e-10,0.7068720726205969,0.11349794608807376,-0.6977007548259692,3.096738685740121e-05,4.972236052557035e-06,-3.056560022989238e-05
21183.611352485023,26.871796839902995,-81.59161802582288,3343.3178427047337,-22618.007470468212,6.395609412535483e-06,4.326718196613283e-05,-0.1699317284440336,3.3217411642555493e-10,0.7071459591957284,0.10740248284102734,-0.6989421394410481,3.0928161061181766e-05,4.697419598432134e-06,-3.0569353865312e-05
21232.444620002192,26.846864579029805,-82.05512248265643,3152.594662024233,-22589.545845153967,6.060043189632666e-06,4.342252592914145e-05,-0.1693275526111731,3.318276962897001e-10,0.7074687296572507,0.10180048099262097,-0.7001061815985594,3.1017294135156327e-05,4.4632014528448125e-06,-3.069450061913578e-05
21281.390459827122,26.820373150061307,-82.49831540489308,2970.0141665827978,-22554.37296687854,5.7389279856757514e-06,4.35815841134236e-05,-0.1686750662647302,3.315807990942791e-10,0.7076382095488127,0.09641439563870752,-0.7010392998449317,3.110571848636046e-05,4.238096541850661e-06,-3.081564959975143e-05
21330.449131465764,26.825012771731295,-83.0199698893515,2767.0570174246163,-22600.991291726128,5.337054897201072e-06,4.359242707885107e-05,-0.16863496219349952,3.3013581657970764e-10,0.7079425013074773,0.090075824394288,-0.7021886719516179,3.109084809734913e-05,3.955877445292639e-06,-3.0838156057881656e-05
21379.620895022326,26.79971749071987,-83.37188843490176,2621.5203668930835,-22560.186423687814,5.082097017891015e-06,4.373532916044868e-05,-0.16794335147638428,3.299722723721841e-10,0.7080886031856121,0.08578824062203629,-0.7028725686298526,3.117634730871203e-05,3.7771600511622327e-06,-3.0946691155297035e-05
21428.906011200583,26.767296038558786,-83.72799494596754,2473.0181233341305,-22501.10986930027,4.826194463816016e-06,4.391182209959915e-05,-0.1671183241403526,3.3007770527156404e-10,0.7082208252845636,0.08144265821468054,-0.7035224451214582,3.128601055944263e-05,3.597770319546559e-06,-3.107845725664879e-05
21478.304741305343,26.753802019648823,-84.11804313409125,2317.0033516092735,-22490.44368248903,4.532580589261674e-06,4.399637506278548e-05,-0.16665492586639205,3.294747283119124e-10,0.7084366761335126,0.0766842429145845,-0.7042741305626072,3.1333086306186495e-05,3.3916284722594197e-06,-3.1148983190099336e-05
21527.817347243727,26.735416914131452,-84.48206956459596,2170.243714564339,-22465.150491437216,4.26045106924437e-06,4.41018092989583e-05,-0.16608463785918037,3.2908705517718127e-10,0.7086300183420641,0.07223727524391585,-0.7049384930338312,3.139682636382532e-05,3.2005717075540005e-06,-3.123326826422431e-05
21577.444091526668,26.711662180414283,-84.84606080125668,2022.7190998680676,-22425.664684255986,3.989569630365876e-06,4.4231920670997695e-05,-0.1654114069989538,3.2890828064742475e-10,0.7088520872659813,0.06778816734106603,-0.7056033205632454,3.14806357140681e-05,3.0105217154952745e-06,-3.133635562669008e-05
21627.1852372702,26.681220418522408,-85.22471947114677,1868.7047990289038,-22369.549244760477,3.7085659222011875e-06,4.4393821895909234e-05,-0.16461801653716163,3.2897500232289407e-10,0.7090446670618209,0.06315013186264783,-0.7062268762476678,3.158630658925162e-05,2.813192904236804e-06,-3.1460780499436945e-05
21677.041048196952,26.639704066356977,-85.59458880492033,1716.8478194798656,-22284.914065513447,3.4366858213311596e-06,4.460864109769256e-05,-0.16361800589013423,3.294649111529195e-10,0.7092428022493975,0.05861572773027017,-0.7068164889171933,3.173156691643589e-05,2.622471290409539e-06,-3.162301350762173e-05
21727.011788637443,26.59491632279486,-85.9877028014083,1556.6550465576115,-22192.753901196407,3.1451293627705723e-06,4.483914537761448e-05,-0.16256660228096922,3.3007218978831855e-10,0.7095338432783296,0.05379642871510761,-0.7074914974858832,3.189251083675977e-05,2.4180709659292792e-06,-3.1800710373772617e-05
21777.09772353159,26.563765333016434,-86.28804153965052,1435.6856909046426,-22129.45367493192,2.9194018875724665e-06,4.499924268858281e-05,-0.16173008841682138,3.302550287707818e-10,0.7096543911503583,0.05010518628782194,-0.7078833415090713,3.2000491455197486e-05,2.259396412760032e-06,-3.192062939893533e-05
21827.299118430015,26.534373986415357,-86.55749391232561,1327.5600084113735,-22068.816249926123,2.715984878078261e-06,4.514942513492307e-05,-0.1609159784408142,3.304008021196389e-10,0.7097832146700395,0.046793676346661095,-0.7082390582856182,3.2103677257042156e-05,2.116490009984321e-06,-3.203383466683254e-05
21877.61623949553,26.47511060765382,-86.92022399911326,1180.4056630971863,-21938.97002684082,2.445363367283569e-06,4.544942073456631e-05,-0.1596012786719017,3.3159188748209647e-10,0.7099618079147129,0.042329294930315356,-0.7086988073139605,3.2313460774883066e-05,1.926590974487342e-06,-3.2255976104699275e-05
21928.049353504484,26.422672206684762,-87.14566943320087,1087.9492933638458,-21820.642589134808,2.279267580548338e-06,4.57145232259591e-05,-0.15837537910992133,3.3262324475344353e-10,0.7100774508349628,0.03955650247379127,-0.7089748015947533,3.2500604887811474e-05,1.8105211708000438e-06,-3.245013607311563e-05
21978.598727848253,26.36522044106765,-87.36768517709227,997.2220452275634,-21690.57002505201,2.115109928160037e-06,4.60057418776465e-05,-0.15706922359858275,3.3384829784112226e-10,0.710186051019655,0.03682430800153727,-0.7092307081642052,3.2706572350954535e-05,1.695889256339083e-06,-3.266257544313457e-05
22029.264630534562,26.298411863615947,-87.58816594117704,907.1973338928648,-21538.74292711704,1.9520515726852225e-06,4.634574577520395e-05,-0.15561106838240799,3.3542835999982064e-10,0.7102468710407722,0.03410746195349081,-0.7094274443960414,3.2945523508678184e-05,1.5821093135735504e-06,-3.290751357031963e-05
22080.047330188994,26.249790989024554,-87.76239631211793,837.3128882033193,-21429.22023845788,1.8205914287614064e-06,4.6594117015076205e-05,-0.1544637235850646,3.363672954681672e-10,0.7103935430407031,0.031966339389985415,-0.7096739667903337,3.312482949468439e-05,1.4905534435605227e-06,-3.309127648616479e-05
22130.947096056378,26.209861921222696,-87.83325546303378,807.2950061945398,-21337.3307416113,1.7706423598581999e-06,4.6799226264874516e-05,-0.15344764257826252,3.3703891074097253e-10,0.710386505934522,0.03109808543342761,-0.7097055001169386,3.3268731868777456e-05,1.4563816419288768e-06,-3.323683908962555e-05
22181.96419800219,26.149435725599353,-88.0277103063497,730.1124337367088,-21201.670786280192,1.6223137793412467e-06,4.7110227236648905e-05,-0.15212136658968342,3.3841534320305465e-10,0.7104909818591273,0.02870325231629288,-0.7099109511830437,3.349063190976337e-05,1.352994031567635e-06,-3.346329082540752e-05
22233.09890651403,26.098860827217653,-88.07372557328952,709.1492812088145,-21085.23621074161,1.5932713736851136e-06,4.737296384859653e-05,-0.15093800388827205,3.3950147152230753e-10,0.7105535629965555,0.028145378045323678,-0.7099959180036077,3.3679454181377167e-05,1.3340598368086897e-06,-3.365302242455049e-05
22284.35149270303,26.04855032371234,-88.25558496233224,638.7675848007456,-20974.009553900956,1.4506990158868122e-06,4.763387457824112e-05,-0.1497964748066838,3.4051689932731364e-10,0.7106056921340929,0.025903404108472743,-0.7101334123592314,3.38639839409863e-05,1.2344292628895399e-06,-3.38414774020033e-05
22335.722228305316,26.005029441986167,-88.33415967064606,607.1271070713282,-20875.96150345965,1.3919366795034344e-06,4.786150412017969e-05,-0.14875330339044104,3.41329358342918e-10,0.7106947067452654,0.02494248284517722,-0.7102568822230847,3.402868105165624e-05,1.1942677851956537e-06,-3.400771763251089e-05
22387.2113856834,25.968659862377788,-88.4049064976452,579.0611279245692,-20794.509411190666,1.3381056760329854e-06,4.805235532415187e-05,-0.14783212187286468,3.418782346969506e-10,0.7107134348380648,0.024075969177793446,-0.7103055217070117,3.4164069508785196e-05,1.1573343687655468e-06,-3.4144461081703726e-05
22438.81923782766,25.924657259077787,-88.47039711804602,552.6399555539316,-20695.838554377617,1.2893376449404792e-06,4.828446346233384e-05,-0.146792260878336,3.4271814918680506e-10,0.7107465744996413,0.023275034971943706,-0.7103653749374536,3.4329620369851196e-05,1.1242025545382927e-06,-3.4311208130208296e-05
22490.546058357806,25.873601726905996,-88.65660996880779,482.7323635354316,-20584.832316068227,1.1386047124523075e-06,4.855275687020625e-05,-0.14566910947022438,3.4377381843273485e-10,0.7108216459886468,0.020978343520256706,-0.7105120136276059,3.452120309181342e-05,1.0188176756848182e-06,-3.4506165730923225e-05
22542.39212152429,25.82787994466866,-88.57888128937451,508.0628811653533,-20479.562267332236,1.2106230050840346e-06,4.879913517400665e-05,-0.14459084686456028,3.4474617942689563e-10,0.7107337511020374,0.02194944750727975,-0.7103947400633664,3.469322145335672e-05,1.0714237813641691e-06,-3.467667322411967e-05
22594.35770220978,25.784223778979655,-88.65452238994976,478.75290993080176,-20383.452369261406,1.1516391661513024e-06,4.9032353857053204e-05,-0.1435812978002413,3.4557505735747354e-10,0.7108386764883726,0.021024643001631607,-0.7105276830485883,3.486305758280555e-05,1.0311528675463146e-06,-3.4847804920622566e-05
22646.443075930594,25.744087110943717,-88.7395969015309,446.5444864683234,-20295.877792612235,1.083524840525477e-06,4.924724952375989e-05,-0.14263561232343885,3.4626794730287887e-10,0.7109166196158658,0.019981787091952107,-0.7106357493334131,3.5018506830598895e-05,9.842678149023846e-07,-3.5004671652698715e-05
22698.648518838214,25.70629042573584,-88.73840697804934,445.11267815061336,-20211.713048796297,1.089063339762603e-06,4.9452277582166075e-05,-0.1417174259252127,3.4691015086630175e-10,0.7109373503537741,0.02000714233091959,-0.7106557748894997,3.516533569045088e-05,9.89620078229559e-07,-3.5151408027600594e-05
22750.974307720706,25.67018367401581,-88.76586513813953,433.71257351663826,-20132.36763529428,1.0695739016907714e-06,4.964821477818801e-05,-0.14083642229831977,3.474763726690915e-10,0.7108868617174982,0.0196752081423035,-0.7106145342920522,3.5301787112173196e-05,9.770471880000961e-07,-3.528826365954577e-05
22803.420720004186,25.628710968058318,-88.75203027587277,436.57489234849373,-20040.504563347517,1.0865141786556773e-06,4.987527394981217e-05,-0.13987135537583756,3.4826632247610796e-10,0.7108819410698126,0.01985671702890866,-0.7106045629800152,3.546317185320829e-05,9.905754074677792e-07,-3.54493345248159e-05
22855.9880337543,25.594380107038994,-88.885686553324,388.40239219683735,-19968.35993217637,9.737171625338386e-07,5.006028583819698e-05,-0.1390472896621476,3.487207060791317e-10,0.7109299917029838,0.01821032102181461,-0.7106967266781852,3.5595412983895095e-05,9.117689574300696e-07,-3.558373368355707e-05
22908.676527677722,25.559560328988727,-88.89190116327092,384.7646061641338,-19892.30442361249,9.719915069599618e-07,5.025189594846826e-05,-0.1381991043734747,3.492488902212285e-10,0.7108866769849225,0.01814223633455392,-0.7106551391325097,3.572940220656555e-05,9.118348675109472e-07,-3.571776503664419e-05
22961.48648112362,25.518805676429643,-88.9260288328409,371.2621996614863,-19804.317329896214,9.462554243581775e-07,5.047630142851028e-05,-0.13727138267832337,3.4999372266993783e-10,0.7109089876374896,0.017729624458724814,-0.7106878703905906,3.5889671920737394e-05,8.950659172506984e-07,-3.587850899329489e-05
23014.418174085087,25.481236227868685,-88.9454490615532,363.05557127359856,-19723.279599248974,9.329700744848565e-07,5.068433345409208e-05,-0.13639525528995045,3.506234835483771e-10,0.7109964392217593,0.017501043998431942,-0.7107810141281109,3.6041789883229675e-05,8.871618980526365e-07,-3.603086956699103e-05
23067.47188720069,25.444756015921357,-88.93264722562179,365.9901079414386,-19644.173183923212,9.480933833030914e-07,5.088801640266652e-05,-0.13553575703757115,3.5122577332982663e-10,0.7109627644573003,0.017669197455760604,-0.7107431687368061,3.618506207795785e-05,8.992890187328393e-07,-3.617388556467842e-05
23120.647901755943,25.42458909174295,-88.96034329942344,355.71493326241773,-19601.40060541969,9.25518035124534e-07,5.0999966764492256e-05,-0.13492960107056884,3.5118263000962006e-10,0.7110060762520922,0.01733688812721206,-0.7107946769478937,3.626655050335525e-05,8.843090795382018e-07,-3.625576758067967e-05
23173.946499684786,25.373837351756126,-89.01416206975223,335.4463408317274,-19493.83594653821,8.824698280213647e-07,5.128308155803615e-05,-0.13388053479610101,3.523082594105157e-10,0.7109786858505831,0.01667880358709477,-0.7107830254337292,3.646586240431871e-05,8.55450337372665e-07,-3.645582704604291e-05
23227.367963571076,25.349561945029485,-89.07466809609348,314.03982486129723,-19443.39334164397,8.304764515457117e-07,5.141793820420009e-05,-0.1332269831715758,3.5240987510959485e-10,0.7110197431802708,0.015939355976127546,-0.7108410596773407,3.6563218939288596e-05,8.196596056526786e-07,-3.65540303842574e-05
23280.91257665008,25.321955146371486,-88.98608741460836,343.03192418811483,-19382.568220691577,9.128005424996898e-07,5.157659546923742e-05,-0.132504751778198,3.5270272122495073e-10,0.7109836008738359,0.017047720351714386,-0.7107791893002606,3.6675131882877486e-05,8.793837036931691e-07,-3.666458758704556e-05
23334.58062281002,25.28077798636588,-89.00759276519979,334.25087404975625,-19295.757322814843,8.974672216790296e-07,5.1809317668744796e-05,-0.13160790023479746,3.5347467443180246e-10,0.710973229892641,0.016790986940673904,-0.7107749266691477,3.683983332717955e-05,8.700428290199929e-07,-3.6829558034953935e-05
23388.37238659355,25.244979995403384,-89.08306748842328,307.6440805826238,-19221.919126150842,8.324225549965926e-07,5.201061889643945e-05,-0.130802750788813,3.540164037059336e-10,0.711039651315436,0.015866483365319272,-0.7108626030734736,3.69856115548071e-05,8.253148602962694e-07,-3.697640217036339e-05
23442.288153199228,25.21390125828891,-89.11587535139145,295.6375715140104,-19157.29945376596,8.053555120423347e-07,5.2186995827101306e-05,-0.1300631953857464,3.543935782957615e-10,0.7110137690071343,0.015469218793101501,-0.7108454705403009,3.7109347825422564e-05,8.073720169756752e-07,-3.710056396410166e-05
23496.32820848307,25.18142726050497,-89.1025651116245,299.018371160111,-19088.949842688602,8.204030107896566e-07,5.2373477465599936e-05,-0.12930108478822996,3.54844513608725e-10,0.711063806716943,0.015645822286466222,-0.7108916552244585,3.72447039650913e-05,8.195101675057278e-07,-3.723568686801202e-05
23550.492838960086,25.156295580003682,-89.13816944814437,286.3758663686729,-19037.258505996502,7.900040842722159e-07,5.2516687819363026e-05,-0.12865436892833038,3.5498967729147505e-10,0.7110499809348628,0.01521415916185987,-0.7108871955159035,3.734546016956784e-05,7.990715002139246e-07,-3.733691042406058e-05
23604.78233180577,25.117415095770724,-89.16967919022429,274.74171638858985,-18957.056871765883,7.64348768783081e-07,5.273972686110389e-05,-0.1278177135974002,3.5567162460390785e-10,0.711067298874172,0.0148339834501834,-0.7109125519100157,3.750467214685084e-05,7.82406513155358e-07,-3.749651014282451e-05
23659.196974857587,25.082479219517808,-89.14027947195382,283.374982529913,-18884.011084884383,7.944658401964456e-07,5.294292953771239e-05,-0.12703236347182006,3.5622622200226355e-10,0.710957615912994,0.015206861191178297,-0.7107949655121374,3.76436491066228e-05,8.051700043450838e-07,-3.763503712402376e-05
23713.737056616555,25.06515744055449,-89.10157414654165,295.5598725986957,-18847.348704608765,8.318368422957112e-07,5.3044815909008835e-05,-0.12649413727382794,3.5609827173630803e-10,0.7109767417894167,0.015697910365758495,-0.7108034207681077,3.77174947023273e-05,8.327780871817521e-07,-3.770829997862006e-05
23768.40286624876,25.03033609641416,-89.17532634431205,270.285061442734,-18777.27481539573,7.66420202270812e-07,5.3244832271869146e-05,-0.1257339890055829,3.566051157906538e-10,0.7110235513969535,0.014794400090179741,-0.7108696198087999,3.786147240099652e-05,7.877907413940562e-07,-3.785327565903901e-05
23823.194693586902,24.99954174696338,-89.21764513413211,255.5631893926482,-18715.013781361045,7.2951969345097e-07,5.3423073757827916e-05,-0.12502886332614227,3.5696857074150714e-10,0.7110801276379011,0.014280995440823549,-0.7109367068106365,3.799084239250807e-05,7.629900287084547e-07,-3.798317985514746e-05
23878.11282913178,24.97208823069789,-89.18536083209337,265.3020513082283,-18658.15458037608,7.619306362874138e-07,5.358503457200354e-05,-0.12436232091242341,3.572328964071149e-10,0.7110313095912082,0.014691112036406995,-0.7108795217518382,3.810369735794326e-05,7.872869722273218e-07,-3.809556314807662e-05
23933.157564053876,24.954284939463133,-89.20825721407229,257.3494392703672,-18622.333479555844,7.419456543899448e-07,5.368870994601691e-05,-0.12383808602123218,3.570968605986693e-10,0.7110544352405197,0.014418061630224431,-0.7109082425841197,3.817844385250269e-05,7.741448883941631e-07,-3.8170594371721195e-05
23988.329190194898,24.917426360694556,-89.10974044850315,288.1777790362702,-18545.20029452522,8.377078369053359e-07,5.3909290562433064e-05,-0.123041512149558,3.577573816906209e-10,0.7109473162008275,0.01564863322298959,-0.7107750746132082,3.833048900454623e-05,8.436908755705086e-07,-3.832120265641618e-05
24043.628000069333,24.883560117470406,-89.15737369575682,271.76344712167213,-18477.676132015586,7.957971999560627e-07,5.4107655327795354e-05,-0.1223115535331412,3.5823893151693053e-10,0.7110341627213193,0.015070169590566902,-0.7108744407736989,3.8475742021485604e-05,8.154825573605365e-07,-3.8467099088734955e-05
24099.054286865958,24.846752654195313,-89.21818629192181,251.1528093240131,-18404.771783954806,7.41303929820034e-07,5.432361950323642e-05,-0.12154876996526269,3.588307848446076e-10,0.71106107065622,0.014326830298550195,-0.7109167237703488,3.8630190136190044e-05,7.783412723905125e-07,-3.862234812672435e-05
24154.608344449403,24.830670295883316,-89.15391681610794,271.3032814538491,-18371.010536470483,8.0370051642455e-07,5.4421717924977584e-05,-0.12104676237254954,3.586634200399106e-10,0.711030069342885,0.015134265970872456,-0.7108689847667226,3.869887478796626e-05,8.237050570250014e-07,-3.86901075190251e-05
24210.290467361778,24.804058348682375,-89.16206247250372,267.91274545934965,-18317.80375226034,7.982771151560235e-07,5.45800219779662e-05,-0.12041858885128827,3.5887791223542185e-10,0.7109242807939209,0.015041647997551007,-0.7107651383177649,3.880558427392646e-05,8.210437521361053e-07,-3.8796897530574357e-05
24266.100950824155,24.766092134612272,-89.18357705659713,259.9584628575578,-18242.400960982493,7.810013475383508e-07,5.480621625566755e-05,-0.11964708680180851,3.595324833640454e-10,0.7109964711335002,0.014786962528099783,-0.7108426884363956,3.897014674386568e-05,8.104823624474669e-07,-3.896171782119708e-05
24322.04009073816,24.740289437406872,-89.22576367238636,245.8421177059169,-18191.93688759141,7.427097106660913e-07,5.495937111313625e-05,-0.1190416868516925,3.597006237926904e-10,0.7110546695236578,0.014275469498306577,-0.7109113545456994,3.9081843492840184e-05,7.846255550130649e-07,-3.907396644234208e-05
24378.108183687527,24.711383613037654,-89.22349010847464,245.78572738520077,-18134.50516130409,7.472492193422866e-07,5.5133367462406514e-05,-0.11839294973997681,3.6000988218969707e-10,0.7110369182152209,0.014314080212960377,-0.710892823267091,3.920461143683688e-05,7.892388404155495e-07,-3.919666643945809e-05
24434.305526939715,24.69016963570995,-89.20874372458377,249.869496844732,-18092.18820869789,7.632173217978776e-07,5.5261933146989744e-05,-0.1178450184143135,3.600219954475552e-10,0.7109350186941182,0.014505747940957898,-0.710787017384448,3.9290535674541784e-05,8.016746847088917e-07,-3.928235623396765e-05
24490.632418447454,24.66124480294458,-89.16197694850906,263.78989386141194,-18034.074103263676,8.109191238967029e-07,5.5438725714753665e-05,-0.11719632178456854,3.6035145648723126e-10,0.7110387692451635,0.015098920750136123,-0.7108784382451462,3.9422438757991585e-05,8.371361792492843e-07,-3.941354945504133e-05
24547.08915685031,24.63614861869501,-89.19519386397118,252.64911958881956,-17985.41977607705,7.808919409780856e-07,5.558962319403218e-05,-0.11661131968254447,3.604952552562335e-10,0.7109705701873469,0.014696213111990302,-0.7108186639310254,3.952561784159314e-05,8.170196173240658e-07,-3.951717278228003e-05
24603.676041476276,24.60863913413274,-89.21400897650855,246.00707648554467,-17931.86258405468,7.649183235189303e-07,5.575616141340111e-05,-0.11599667319167266,3.607403560012283e-10,0.7110188479594458,0.014474628970954083,-0.7108714984226971,3.964653791916824e-05,8.071078959577086e-07,-3.963832168268894e-05
24660.393372343387,24.577793699135956,-89.22572739808383,241.52729981962196,-17871.809603398437,7.560488477045445e-07,5.594382526172171e-05,-0.11534231418903661,3.611200505979704e-10,0.7110655083841468,0.014341061005957553,-0.7109208754726708,3.978247577500174e-05,8.023492988062478e-07,-3.977438389706753e-05
24717.241450161306,24.540175271066392,-89.22668832711332,240.23899297317817,-17798.57337215091,7.582178367307463e-07,5.617404415540661e-05,-0.11460546428182078,3.617719896596291e-10,0.7109963405046941,0.014338651067260934,-0.7108517421351925,3.994228897164386e-05,8.055154601577374e-07,-3.993416573734513e-05
24774.220576332864,24.531179682189407,-89.16852219329203,258.03936971843575,-17779.823860803423,8.160928986807059e-07,5.623168281812298e-05,-0.11422142811844445,3.613205622845914e-10,0.7109102158853713,0.015069399850950198,-0.7107504824045618,3.997899371960696e-05,8.47448001923953e-07,-3.997001089212271e-05
24831.331052955706,24.49519572388816,-89.24282629410693,234.07721569916325,-17711.729404357982,7.460387025713801e-07,5.64499008827275e-05,-0.11352227874526709,3.618754849790943e-10,0.7110519427544421,0.014161428570659823,-0.7109109080860305,4.014141527170363e-05,7.994630925180366e-07,-4.013345336223962e-05
24888.573182823904,24.474599623726824,-89.19257895033502,249.03708580475944,-17670.866287721004,7.973740457615666e-07,5.657908378753799e-05,-0.11299987740348351,3.618780912848881e-10,0.7109716502139276,0.0147941914049299,-0.7108177117296598,4.022921137387277e-05,8.371060265980738e-07,-4.022050100712281e-05
24945.947269429547,24.43801964962303,-89.20583670024205,243.9755241560172,-17600.75368309833,7.874088464067419e-07,5.68048340153791e-05,-0.11229266704338862,3.6248402074210094e-10,0.7110227981180061,0.014641774645154981,-0.710872026372398,4.0392496527142924e-05,8.317846250092762e-07,-4.0383931334540124e-05
25003.45361696432,24.42124349261224,-89.20121385771263,244.9455888557525,-17568.455985665194,7.934471764010609e-07,5.690913586429747e-05,-0.11182881594860608,3.623151854668786e-10,0.710939528071559,0.014708441327649384,-0.710787362245786,4.046196493991175e-05,8.371069743926178e-07,-4.045330466985449e-05
25061.092530321137,24.3853243937215,-89.15922863526963,256.80029236851277,-17498.83193767271,8.38462941434722e-07,5.713436679845431e-05,-0.11112945686008578,3.6292014149226715e-10,0.7109518775384063,0.015240610664913803,-0.7107885029753545,4.062322973236548e-05,8.708364769300259e-07,-4.061389463864542e-05
25118.864315095794,24.366259209865806,-89.14942544988271,259.2519133604292,-17462.254486625352,8.50013119930983e-07,5.7253754561762074e-05,-0.11064210882355942,3.628438935101217e-10,0.7109000972947244,0.015372188370529342,-0.7107338771708785,4.070524952406803e-05,8.801922601143766e-07,-4.069573196788424e-05
25176.76927758856,24.3446099237687,-89.09768070902346,274.35929868881107,-17419.920488123003,9.038984298502578e-07,5.739130713841873e-05,-0.11012002466974612,3.6288913313634714e-10,0.7109884591385266,0.016027156801810973,-0.7108077934807879,4.080867531390572e-05,9.199123132359132e-07,-4.0798305629176994e-05
25234.807724805756,24.321554049387796,-89.10628090279658,271.0643113567094,-17376.356230580983,8.975305647385754e-07,5.7535463605198e-05,-0.10959199757658962,3.6296221804831084e-10,0.7108878311986869,0.01592934306974947,-0.7107093390238649,4.0905288381563186e-05,9.16592384059029e-07,-4.089501774031078e-05
25292.979964461447,24.298777771089988,-89.11633836350404,267.3518863542271,-17333.46740694649,8.896292420410785e-07,5.767813977850294e-05,-0.1090700669756582,3.6302345306952556e-10,0.7108822291058295,0.01581562212406013,-0.7107062753031677,4.100628592831793e-05,9.123029053197673e-07,-4.0996136269701196e-05
25351.286304979072,24.277163687335648,-89.19977652103755,241.55968217924504,-17294.48175803639,8.074667098856382e-07,5.781063362211481e-05,-0.10857446154373253,3.6300497662961785e-10,0.7110094449267722,0.014794457001451359,-0.7108555090994997,4.110695342633259e-05,8.553403323484341e-07,-4.1098053638956366e-05
25409.72705549305,24.24539137027295,-89.18933241197689,243.86350131186626,-17234.458643588343,8.20851448011801e-07,5.801167561847275e-05,-0.10794878979414138,3.6343143209941993e-10,0.7108828447897123,0.014932587671201444,-0.710725992800148,4.124266318415167e-05,8.663307720885508e-07,-4.1233563240577594e-05
25468.302525850417,24.218946882913947,-89.14200391867178,257.3444948657516,-17183.821218800447,8.713206331539037e-07,5.818122510131576e-05,-0.10738407419982411,3.6366406256877114e-10,0.7109220917203565,0.015531762887622647,-0.7107524075496682,4.13659789604226e-05,9.037369696487011e-07,-4.1356105653746164e-05
25527.01302661247,24.201422982722967,-89.1990604710923,239.7876956391156,-17152.266201636554,8.148900366595836e-07,5.8289941844566026e-05,-0.10694035954667155,3.6349515233067386e-10,0.7108695228308216,0.014834136503255338,-0.7107147296095128,4.143960844705392e-05,8.647449195699263e-07,-4.143058489171038e-05
25585.85886905645,24.178194447499166,-89.20391024095643,237.73445272359402,-17109.00571041272,8.120050630745948e-07,5.843746710612344e-05,-0.10642530485825612,3.6357612815551873e-10,0.7110279657116972,0.014788561952152593,-0.7108741565562092,4.155369352752745e-05,8.642689186739711e-07,-4.154470465674165e-05
25644.840365177177,24.14970002198098,-89.18988509199689,241.16911082091704,-17055.668570020265,8.288908786180257e-07,5.8619812704454314e-05,-0.10584951678396026,3.638743004641543e-10,0.7109614754046345,0.014972489215983513,-0.7108038013940359,4.1679596267073854e-05,8.777512245373653e-07,-4.1670352743576576e-05
25703.95782768863,24.131087385137256,-89.16894244415117,246.89672289404098,-17020.660041879546,8.52061922589537e-07,5.87397683899223e-05,-0.10538930224332031,3.637841174160801e-10,0.7109195045652793,0.0152427415584082,-0.7107560768654221,4.176263509648249e-05,8.954277516454572e-07,-4.175303461239116e-05
25763.211570025753,24.099035999623535,-89.22889728602786,228.3016761034683,-16962.63351156115,7.933117336480813e-07,5.894243278439596e-05,-0.10478844859396903,3.6418902388143645e-10,0.7108816674532353,0.014509586491937487,-0.7107335766804079,4.19038766963127e-05,8.552871048860323e-07,-4.189514728638622e-05
25822.601906345957,24.066369075321532,-89.21598794989775,231.29618335963283,-16902.122855151112,8.094772323849278e-07,5.915308861341808e-05,-0.1041744906613269,3.6465223314015714e-10,0.7109509979582774,0.014682546413668581,-0.7107993699551801,4.205786330435581e-05,8.685781886505939e-07,-4.2048893417759276e-05
25882.129151530917,24.049943066286215,-89.20710630711402,233.4959952238671,-16871.720829289217,8.20120186528179e-07,5.925942678503672e-05,-0.10374794719270773,3.6446913072955695e-10,0.7108728032675026,0.014802521908464828,-0.710718669918377,4.212892083181538e-05,8.772515571372345e-07,-4.211978632613025e-05
25941.793621188135,24.01925056298145,-89.33325005578503,195.72082537714016,-16818.10572788572,6.918693132935652e-07,5.9451676838319336e-05,-0.1031804006739507,3.647901081732936e-10,0.7110611426131156,0.01325270814381186,-0.7109376303594602,4.227560339441387e-05,7.879297571102782e-07,-4.2268260066622543e-05
26001.595631652723,23.992266583126145,-89.31804035648943,199.5951040052917,-16768.465902499334,7.097439393192424e-07,5.962729950362281e-05,-0.10263924853911109,3.650285216366488e-10,0.710947367356606,0.013450755185166363,-0.7108201153148648,4.239383050105109e-05,8.020692692783461e-07,-4.238624245482405e-05
26061.53549998895,23.967181193171925,-89.26143735644297,215.55868350045725,-16721.558880349043,7.707966754379098e-07,5.979310034654651e-05,-0.10211672877106022,3.652105958376819e-10,0.7108634257307784,0.014162800932032645,-0.7107223263071575,4.2507208015288125e-05,8.468871846629908e-07,-4.249877075106324e-05
26121.613543992065,23.952584987007516,-89.22379477515625,226.17593661321612,-16694.210996688354,8.113997926217167e-07,5.989001103977124e-05,-0.10171524039536704,3.649675342479185e-10,0.7108809640149412,0.01464161881014079,-0.7107301653915011,4.257751765806163e-05,8.769453888742394e-07,-4.256848572250934e-05
26181.83008218985,23.91485047004425,-89.21300653775609,228.3771826594874,-16625.583836770507,8.260702098650106e-07,6.013691634705346e-05,-0.10106412886739773,3.6563118195812556e-10,0.7108830976833702,0.014787037727468815,-0.7107292888907495,4.2753282922782616e-05,8.893085369627348e-07,-4.2744032694653194e-05
26242.18543384442,23.895478243502644,-89.27752950092044,209.22704596434616,-16591.945761963656,7.598959508214098e-07,6.0260624254634634e-05,-0.10062767791143852,3.6552981974866603e-10,0.7109369614949613,0.013999287949112134,-0.7107991158946428,4.284383644568048e-05,8.436517381042047e-07,-4.28355293317243e-05
26302.679918953814,23.869318309266173,-89.2862904903977,206.1046070504146,-16544.98528355015,7.528137444644318e-07,6.043189670365621e-05,-0.10011208741365417,3.657242402971616e-10,0.710958897736367,0.013902635537198005,-0.7108229533404432,4.296684538597417e-05,8.40206646947181e-07,-4.295862957791642e-05
26363.3138582538,23.849204268349705,-89.2593652116739,213.40617762554908,-16508.260815100424,7.829459344574156e-07,6.056561170794403e-05,-0.09966013091904602,3.6569482105690994e-10,0.7109537050040114,0.014248203082841287,-0.7108109167477952,4.3061853554191716e-05,8.630013884803268e-07,-4.305320499249893e-05
26424.08757321946,23.82295859663078,-89.25616547874316,213.7165382736904,-16461.144734993126,7.885783784264236e-07,6.073887836204746e-05,-0.09914713407854797,3.6589805268013715e-10,0.7108856969774409,0.014298190512483488,-0.7107418912060627,4.318094052066536e-05,8.685071548039377e-07,-4.317220540546075e-05
26485.001386067008,23.785828171570998,-89.31130071476258,197.0904443045133,-16395.9902755017,7.330397325913053e-07,6.098171004451979e-05,-0.09852757268895317,3.665071737057862e-10,0.7110006826803864,0.013628132607617954,-0.710870061807082,4.336006195113176e-05,8.311056353938635e-07,-4.335209609498485e-05
26546.05561975539,23.753451242089202,-89.38434442988611,175.58256665732492,-16339.903885714768,6.575552560220868e-07,6.119280454486529e-05,-0.09796470369491138,3.669193656775429e-10,0.7109808503131719,0.01273322606062026,-0.7108668190780395,4.350830711699485e-05,7.792067955016835e-07,-4.350132900218784e-05
26607.2505979881,23.74697117489339,-89.32336917955615,192.82314963951828,-16327.129559436662,7.232341508928169e-07,6.123921171037711e-05,-0.09766297973239792,3.6636189155956473e-10,0.710925065591712,0.01350041822072848,-0.7107968680252083,4.353840384757727e-05,8.26791302000366e-07,-4.353055278465537e-05
26668.586645214793,23.71736587039124,-89.28069070236626,204.31712986860487,-16273.797977439153,7.713624386935196e-07,6.143878637467103e-05,-0.09712008459409939,3.6671714197332163e-10,0.7109075155564626,0.01404129306218355,-0.7107688356728957,4.367960558273955e-05,8.62725642093909e-07,-4.367108480825918e-05
26730.064086633116,23.682201363684115,-89.27895757884015,204.02805886467445,-16211.708504868144,7.761819579497239e-07,6.167404483010262e-05,-0.09652702425823777,3.6727498134224816e-10,0.7108266214546499,0.01407298510948443,-0.7106872989288189,4.384188353145698e-05,8.679840561504743e-07,-4.383329049095114e-05
26791.683248190315,23.664300683709982,-89.31100952375498,194.5868821229541,-16180.876333376362,7.430990047813579e-07,6.179241359252867e-05,-0.0961218609580815,3.6712849415012674e-10,0.7109747647040623,0.013690088222977938,-0.7108429485691222,4.393487456824963e-05,8.459826406850959e-07,-4.392672895515312e-05
26853.444456585075,23.630433052717194,-89.30012545284075,196.93262507618786,-16121.2421711994,7.576277333337325e-07,6.202070459358756e-05,-0.09554734717462725,3.676390453504998e-10,0.7108903409069222,0.013835328079400942,-0.7107556967704834,4.409205113586437e-05,8.581182751479786e-07,-4.4083700007979544e-05
26915.348039269153,23.623568654360053,-89.23492492373062,215.1021141491737,-16107.845068394556,8.288813201098183e-07,6.207048190682134e-05,-0.09524837507035316,3.6709856590077303e-10,0.7108521530233567,0.014655220995743524,-0.710701067929061,4.4125705216974805e-05,9.097137271054322e-07,-4.4116326703728106e-05
26977.394324449204,23.604867169886692,-89.27908444821016,202.28562481918686,-16076.086708722054,7.825923242355624e-07,6.219434561025669e-05,-0.09484194931859016,3.66977799071963e-10,0.710907054556163,0.014120451120875547,-0.7107668063984575,4.4216726962106016e-05,8.782584555773209e-07,-4.420800386046219e-05
27039.583641088433,23.56270617127703,-89.28643066497357,199.31166789091614,-16002.827463366122,7.781653962771684e-07,6.247926529520054e-05,-0.09419261509527195,3.678098951041655e-10,0.7109429822340151,0.014041959488710228,-0.7108042961051322,4.442145715629087e-05,8.773759885188575e-07,-4.44127917076033e-05
27101.916318908432,23.546240922442486,-89.26778047444621,204.15121468282413,-15973.851811916318,7.999479601616115e-07,6.259208495388587e-05,-0.09380581971283669,3.6762960739881504e-10,0.7109175112750356,0.014284777213864758,-0.7107739816407467,4.450025252026292e-05,8.941630823983922e-07,-4.44912682079219e-05
27164.392688390824,23.51476603273001,-89.33913897939671,183.64252476875578,-15920.85880532195,7.24406760098767e-07,6.280232620236448e-05,-0.09327958869546217,3.6800493344598905e-10,0.7108805793868136,0.013410828436443497,-0.7107540698652243,4.4646723840111845e-05,8.422646095993748e-07,-4.463877843291221e-05
27227.01308077913,23.48505762605134,-89.31872838357461,188.7005065124499,-15869.196396373662,7.492069421689844e-07,6.300625433679881e-05,-0.0927630600494311,3.6835383578585503e-10,0.7109358081760121,0.0136770961678533,-0.7108042349249861,4.479535938475503e-05,8.617802495428115e-07,-4.4787069084847004e-05
27289.777828080405,23.461579586780704,-89.31493742634554,189.2669239269544,-15828.74264576338,7.553005470718077e-07,6.31671806766301e-05,-0.09231378323683234,3.684458876170921e-10,0.7109127325874166,0.013735721705533629,-0.7107800245534028,4.4908344830422996e-05,8.676852988717288e-07,-4.4899961666245346e-05
27352.687263067124,23.41930435494597,-89.3550131859052,177.38806069224336,-15757.156064149758,7.143543218125266e-07,6.345518683711526e-05,-0.09168493218090701,3.69268528007182e-10,0.7108581256487037,0.013249611471736306,-0.7107346358498622,4.5109264026679254e-05,8.407869314063897e-07,-4.5101427675458735e-05
27415.74171927882,23.418956211293246,-89.27646436399083,198.9649127083712,-15754.916860690055,8.014473664810487e-07,6.346212734320297e-05,-0.09146106357638344,3.684715963835729e-10,0.7109321228068848,0.014237547379110354,-0.7107895437352262,4.5119627183594196e-05,9.035923531179574e-07,-4.5110578338632715e-05
27478.941531023975,23.392249554991356,-89.30778043050857,189.8097512991174,-15709.998682521835,7.689583734493325e-07,6.364443845019315e-05,-0.09099054792440331,3.686752496647141e-10,0.7109453518233784,0.01386143267832696,-0.7108102095238724,4.5249775494536974e-05,8.822432204082496e-07,-4.5241174047608915e-05
27542.28703338166,23.365648843651936,-89.27198704596823,199.04103565701527,-15664.003633272903,8.11086092007517e-07,6.383033252497589e-05,-0.09051549001080533,3.689073910970331e-10,0.7109350206976127,0.014317426496645868,-0.7107908376961736,4.538162819135769e-05,9.13934617105095e-07,-4.5372424453783466e-05
27605.77856220346,23.34114040495241,-89.26908401215137,199.30370535788052,-15622.372326260785,8.164897301980962e-07,6.400034832678297e-05,-0.09006729416973111,3.6903975013791254e-10,0.710838315054218,0.014363666841686839,-0.7106931793847333,4.5496338820555996e-05,9.193289662292973e-07,-4.54870495891598e-05
27669.41645411511,23.310076004455453,-89.34466027205131,178.11109713495648,-15571.418442414568,7.344763405609451e-07,6.421182407439814e-05,-0.08956705755512967,3.6939580253382533e-10,0.7107924939842987,0.013437552475382466,-0.7106654639757659,4.564299531293064e-05,8.62882134859305e-07,-4.563483817827723e-05
27733.20104651841,23.282905147678857,-89.3059899615101,188.05781454225547,-15524.83611674314,7.801419207376255e-07,6.440346813948246e-05,-0.08909373297827239,3.6965203998753315e-10,0.7108110088691287,0.013929791943887264,-0.7106745044153115,4.578077001729657e-05,8.971675922499771e-07,-4.577197825840628e-05
27797.132677592883,23.265158899927457,-89.31401266735062,185.52844666759387,-15495.168115818826,7.726017142103655e-07,6.452699660504674e-05,-0.0887189563138083,3.6950799459611884e-10,0.7109271175343379,0.013844805355687087,-0.710792295829341,4.587598858022397e-05,8.934025960294686e-07,-4.586728856183073e-05
27861.211686297705,23.243227566604396,-89.28229679161122,193.63804224462618,-15457.729824012029,8.102725243518894e-07,6.468240238366335e-05,-0.08830104512936365,3.6955103196409913e-10,0.710772336751145,0.014247450249322682,-0.7106295271462313,4.5976769338064055e-05,9.216055548290116e-07,-4.596753160619847e-05
27925.43841237338,23.214110320222012,-89.2826615932417,192.930155262765,-15409.05374296822,8.124190480117369e-07,6.488673974047223e-05,-0.08782053965804265,3.698657881214066e-10,0.7107973026601119,0.014255745107120781,-0.7106543317255806,4.6123624306985596e-05,9.250550460394785e-07,-4.611434692559084e-05
27989.81319634363,23.175975457518902,-89.30337601868926,186.59139869629166,-15345.97303825133,7.92206783408802e-07,6.515404259710338e-05,-0.08725987016989828,3.705319830982158e-10,0.7108653864887138,0.014012507506247836,-0.7107272664961826,4.631785539971412e-05,9.130129399992954e-07,-4.630885591547496e-05
28054.33637951713,23.159527813187356,-89.35017893315006,173.75515408063637,-15319.617423409569,7.402629128358599e-07,6.526738546196582e-05,-0.08690966010489977,3.7031577413157964e-10,0.7108709268335052,0.013444416942959609,-0.7107437810281497,4.6398340724306854e-05,8.775132230230951e-07,-4.639004195419844e-05
28119.00830398941,23.142395900050495,-89.34540804171182,174.7053709643538,-15291.121084539376,7.47086543876346e-07,6.538889296868906e-05,-0.08654848278116083,3.701526000325147e-10,0.7108342923343743,0.013515308464230933,-0.7107057953862678,4.648236229182964e-05,8.837832829605515e-07,-4.6473959712269684e-05
28183.829312644535,23.119010099417032,-89.35715777981521,171.13801800357982,-15252.692480186583,7.355273030175148e-07,6.555394233601849e-05,-0.08613241929453394,3.7023171381097317e-10,0.7108785016255138,0.013382828932991319,-0.7107525194911981,4.6602473113977674e-05,8.77327031430242e-07,-4.6594214207548714e-05
28248.799749157075,23.08416634030565,-89.2888806807842,188.58656283746555,-15193.876760456571,8.167829150075303e-07,6.580584938793654e-05,-0.08560294995286989,3.7081008068623625e-10,0.7108036651639564,0.014240758585702732,-0.7106609959786857,4.677728207556392e-05,9.371701553899141e-07,-4.676789315841286e-05
28313.91995799379,23.066322325234204,-89.36344875018727,168.50084455352695,-15166.084462978539,7.324897218608977e-07,6.592845881242502e-05,-0.08524984577244163,3.7063519873220203e-10,0.7107886596437497,0.013328060675079353,-0.7106636908389226,4.6862724538416676e-05,8.787270696758081e-07,-4.685448526982811e-05
28379.190284415567,23.043602441373224,-89.28661695426922,188.35753094399237,-15127.264296408344,8.229905934983411e-07,6.609555858432453e-05,-0.08483606699494356,3.70731712153162e-10,0.7107519847432281,0.014292807154495112,-0.7106082602109846,4.69798127391229e-05,9.447365861062749e-07,-4.697031272821086e-05
28444.611074479155,23.00887704960653,-89.4002107122943,157.7929418914767,-15072.858988227767,6.944623533481179e-07,6.633714410273251e-05,-0.08433653770910206,3.7121412699039474e-10,0.7108602783630323,0.012898451425958444,-0.7107432485118519,4.715763478550676e-05,8.556680970339884e-07,-4.714987116282456e-05
28510.182675039097,22.985502404748708,-89.41137218686303,154.46761179652376,-15035.019852771835,6.832562011190126e-07,6.650436572998797e-05,-0.08393133626423306,3.712924564446451e-10,0.7108642540811155,0.012772645333070792,-0.7107494968422393,4.727667146952972e-05,8.494563536451303e-07,-4.726903943535448e-05
28575.905433749467,22.9541230615188,-89.34163763401254,172.16736784579342,-14982.675052637827,7.668576882321005e-07,6.673494343416795e-05,-0.08344676254949562,3.717327042601538e-10,0.7108263903720723,0.013649567516730677,-0.7106953261109826,4.7438679662735234e-05,9.109361578741174e-07,-4.742993277941565e-05
28641.77969906581,22.944224144571308,-89.32586015857552,176.10112915456637,-14966.310011848003,7.860904905748659e-07,6.680748746921965e-05,-0.08316390403313602,3.712832822325015e-10,0.7107558443525155,0.013856530828994455,-0.7106207616124387,4.748568011390735e-05,9.257564262922653e-07,-4.747665522042928e-05
28707.805820246904,22.918119681861064,-89.40480285481927,155.05625862397955,-14925.726215377335,6.959395073498782e-07,6.699118527268816e-05,-0.08274763739478155,3.7143657033064853e-10,0.7108361057908457,0.012891537183975173,-0.7107191974084621,4.7620893160483305e-05,8.636400288495104e-07,-4.761306114190449e-05
28773.984147356696,22.89264117134399,-89.31467709346596,178.02425781805468,-14882.841483837827,8.036100068077233e-07,6.718185764531374e-05,-0.08232011866259076,3.716501184060578e-10,0.7107537508731183,0.014020545521874997,-0.7106154506366125,4.7751733095911644e-05,9.419652682763993e-07,-4.774244144465744e-05
28840.31503126606,22.86091568650775,-89.34592069677383,169.33314134022223,-14832.533022399793,7.695816756907399e-07,6.741058205010258e-05,-0.08185316098418037,3.720529974097923e-10,0.7107026360681323,0.013644782959117745,-0.7105716408724674,4.7910548674443614e-05,9.19834829559235e-07,-4.790171790418962e-05
28906.79882365476,22.83290477804959,-89.29968224355436,180.74531494058158,-14786.756287482638,8.265256475898199e-07,6.761798124771412e-05,-0.08141286656487964,3.723464492193603e-10,0.7107048154306665,0.014231013147037038,-0.7105623216447285,4.8058552037662666e-05,9.623149738490295e-07,-4.8048916469030146e-05
28973.435877013228,22.81306176335851,-89.32831892421451,172.98928339269014,-14755.666260037444,7.944048106462445e-07,6.77612626133322e-05,-0.0810548405052108,3.722728016781723e-10,0.7106774734537947,0.013888114790914669,-0.7105417591825435,4.815823952690808e-05,9.411120848219032e-07,-4.814904300580495e-05
29040.226544644513,22.787019780254717,-89.3332702113454,171.23270707467572,-14714.309690811766,7.907662554155979e-07,6.795185203814077e-05,-0.08064176489386055,3.7246051487253777e-10,0.7106951348826227,0.013839865165728577,-0.7105603654004519,4.8294836912211295e-05,9.404792551116123e-07,-4.8285678737569704e-05
29107.171180666053,22.767735745021092,-89.30072678469024,179.20956279834635,-14683.018816778123,8.311239143269794e-07,6.809574155855221e-05,-0.08028519878131546,3.723958017699457e-10,0.7106836937640953,0.014256063100337835,-0.7105406935897886,4.8396643992491524e-05,9.708195314673505e-07,-4.8386905864844135e-05
29174.270140011675,22.74817756459268,-89.24130677718753,194.01276603071912,-14650.800368954067,9.037149223091176e-07,6.824368925856833e-05,-0.07992478604541607,3.723563640737112e-10,0.7105855130260119,0.015003733738657045,-0.7104270963978921,4.8495725105514703e-05,1.0239681693589678e-06,-4.848491355770152e-05
29241.523778433355,22.70416637084109,-89.3754269253551,158.98535867402805,-14584.088895801353,7.473893716663645e-07,6.855972856285418e-05,-0.07937786880895452,3.7319930714037783e-10,0.7107725900661279,0.013357111035136666,-0.7106470730074859,4.8731753392203866e-05,9.157857943509131e-07,-4.8723147733468926e-05
29308.932452503213,22.700096803209533,-89.34526900757557,166.5823391761798,-14577.054760776153,7.838494785424107e-07,6.85920057878046e-05,-0.07915710763803761,3.725206451077005e-10,0.7107698408115523,0.013744037743133637,-0.7106369453059661,4.875478672227261e-05,9.427631708518244e-07,-4.8745670843039744e-05
29376.496519615306,22.663506430610486,-89.26894214401015,185.2509660825998,-14518.03358272444,8.787678960226229e-07,6.886863855915334e-05,-0.0786552884930266,3.731748225485988e-10,0.7106587273109984,0.014701363808494428,-0.7105066478263651,4.8944544609572227e-05,1.0125135020420513e-06,-4.893407057916384e-05
29444.2163379876,22.643569745269915,-89.34231570084869,166.31521458350934,-14488.321139017706,7.922069139121739e-07,6.901201556365476e-05,-0.07831378155588792,3.73080085767347e-10,0.7106717142100067,0.0138047089387778,-0.7105376241898139,4.904656976501556e-05,9.527234678309158e-07,-4.9037315625025625e-05
29512.092266663854,22.605915904388656,-89.2775201137915,181.9449160352493,-14428.253943641417,8.738629243860022e-07,6.929743605768941e-05,-0.07780973014609137,3.737716469228258e-10,0.7106120106903664,0.0146200325683349,-0.7104615995147847,4.924594316823433e-05,1.0131791781544621e-06,-4.923551956140932e-05
29580.124665515465,22.587156677326888,-89.30639437773762,174.3265670282888,-14399.665035240252,8.406111609404591e-07,6.943588317472452e-05,-0.0774769509980387,3.736523706354132e-10,0.7106745870578438,0.014276295569129956,-0.710531178819522,4.93483607379039e-05,9.913282345763999e-07,-4.933840264793366e-05
29648.313895243424,22.56145428448677,-89.27428694154244,181.88369568343998,-14359.133695354245,8.819980320733179e-07,6.963091229255906e-05,-0.07708118290327681,3.738452719650403e-10,0.7106714358141228,0.014687472647193445,-0.7105196463359369,4.9487085498128673e-05,1.0227514122759738e-06,-4.9476515748866e-05
29716.660317380254,22.543274048556082,-89.2877764886377,178.15613913279464,-14331.272326748856,8.67289694143042e-07,6.97666937184916e-05,-0.07675468263384069,3.73710571208373e-10,0.7106462754586312,0.014532781896458099,-0.7104976615539103,4.958167687330218e-05,1.0139498664020044e-06,-4.9571308104960995e-05
29785.164294291895,22.51797888017589,-89.3243496874883,168.55517254693584,-14292.973991689028,8.249668238869097e-07,6.995471678294845e-05,-0.07637350728655055,3.7385012328236757e-10,0.7106931249351763,0.014093317914781297,-0.7105533732382664,4.971818650376977e-05,9.85930754019786e-07,-4.9708409849560796e-05
29853.826189179603,22.496817759365936,-89.3479057524793,162.3127137321583,-14260.87095465954,7.980023729825546e-07,7.011286177739255e-05,-0.07602670729195649,3.7382994051634013e-10,0.7106389239604592,0.013813300704709805,-0.7105046607667824,4.982653811927568e-05,9.685213276532213e-07,-4.9817124238453524e-05
29922.64636608189,22.45892285547546,-89.32315818885523,167.78050225787663,-14202.236522980762,8.317013393865494e-07,7.040161985146961e-05,-0.07553998125496059,3.7450997588221157e-10,0.7106516859400805,0.01413363618291183,-0.7105111252174227,5.003288910194065e-05,9.95067859174019e-07,-5.002299303163227e-05
29991.6251898765,22.432398157888027,-89.29181879509709,175.04083345185495,-14161.05115887,8.727342889992267e-07,7.060543914753117e-05,-0.07514768796430982,3.747353296964008e-10,0.7106410346798407,0.01453527614467624,-0.7104923686558727,5.0177311133809035e-05,1.0263143245813775e-06,-5.0166814046002916e-05
30060.763026282308,22.41055290841058,-89.26343024595204,181.6227214746999,-14127.164572656016,9.098889568841458e-07,7.077391491755194e-05,-0.0747954425390038,3.7477026618603806e-10,0.7106030603299671,0.014899766206410472,-0.7104468356726696,5.0294661034072874e-05,1.0545672157538644e-06,-5.02836038537389e-05
30130.060241861218,22.38721271817765,-89.31001173909735,169.71962317657923,-14092.628201409992,8.544469144943137e-07,7.094879459685244e-05,-0.0744409875521741,3.74824644128596e-10,0.7106822375236416,0.014337052973221836,-0.710537607480176,5.042403701712588e-05,1.0172367503615614e-06,-5.041377528511622e-05
30199.51720402016,22.359192437132425,-89.31474968684469,168.04720292883567,-14050.247362483145,8.511404394973541e-07,7.116294414144285e-05,-0.07404642611655325,3.750905833604002e-10,0.7107066775145221,0.014292108113165244,-0.71056295787876,5.0577916671685377e-05,1.0171074454209273e-06,-5.05676887675561e-05
30269.134281013045,22.32628682687087,-89.28356234246684,175.06668591078437,-13999.90543233388,8.930697936062057e-07,7.141788621812609e-05,-0.07361142646794071,3.7557357624411054e-10,0.7106013566711247,0.014690054700494701,-0.7104494988355888,5.075192071568421e-05,1.0491796623653515e-06,-5.074107486412931e-05
30338.911841942703,22.3056184670313,-89.29448779228683,172.0160779720736,-13968.995919754125,8.813995204415059e-07,7.157625292863326e-05,-0.07327997662677624,3.755389097791551e-10,0.7106519754432309,0.014568999939231062,-0.7105026209959658,5.0867956416423834e-05,1.0428385194841245e-06,-5.08572657326903e-05
30408.8502567628,22.28259422058278,-89.23344186961891,186.42222862597527,-13933.150242188838,9.601107130279859e-07,7.17584319871715e-05,-0.07292382695045246,3.756391174141384e-10,0.7105828959659479,0.015337918509083979,-0.7104173423384046,5.099316064257365e-05,1.1006864180050623e-06,-5.0981280110728305e-05
30478.94989627983,22.25482314815089,-89.27694687096873,175.32722475619394,-13892.446259953866,9.08286254236843e-07,7.197010044040155e-05,-0.07254355879826575,3.7587323878775676e-10,0.7105166516518715,0.014810550680947646,-0.7103622736766881,5.1138296405184425e-05,1.0659656306231084e-06,-5.11271852980274e-05
30549.211132155124,22.230045457679285,-89.26705319829261,177.25051398854916,-13855.238013813054,9.231843851063286e-07,7.216305949392147e-05,-0.0721828661327373,3.7601584045805425e-10,0.7105466808722595,0.01494731637259526,-0.7103894449045833,5.1277674905577704e-05,1.0786956723573125e-06,-5.1266327734376984e-05
30619.634336906773,22.210990239190053,-89.21700133398168,188.95402768256278,-13825.81453755734,9.88310910629372e-07,7.231496212804507e-05,-0.07186391260302455,3.759494075571242e-10,0.7105354497076968,0.015581141317368487,-0.7103645918305382,5.138538756729355e-05,1.1268163828604505e-06,-5.137303125454331e-05
30690.21988391158,22.1738742182253,-89.28871508046596,170.98028364495028,-13772.182007744483,9.013087631195432e-07,7.259894571606656e-05,-0.07142049981997167,3.7654542741349284e-10,0.7105546469590966,0.014705938704036848,-0.7104024505039376,5.158772353211988e-05,1.0676812872744833e-06,-5.1576673757574155e-05
30760.96814740708,22.16225135971436,-89.22213807700658,186.73370793637736,-13753.592639835906,9.86984557277488e-07,7.269487492439448e-05,-0.07116005723268194,3.761871655658849e-10,0.710460993904661,0.015542923492048518,-0.710290955446653,5.16498527915847e-05,1.1299560668391855e-06,-5.163749115399956e-05
30831.87950249353,22.12428634062643,-89.18780699252882,194.17165918176462,-13696.832256778116,1.0348044701545373e-06,7.299491236773622e-05,-0.07070339510734194,3.7687731275337495e-10,0.7104237915163049,0.015981277353277975,-0.710244016044176,5.18607372080976e-05,1.1666287573211843e-06,-5.184761364913481e-05
30902.954325135903,22.101912407061384,-89.20741446076258,189.0336046904559,-13664.312978380576,1.0122325665925122e-06,7.316933208504743e-05,-0.07037330255169523,3.769053748623737e-10,0.7104214659331997,0.01575179350215887,-0.7102468164378787,5.198422965265598e-05,1.1526183964357241e-06,-5.1971449887532245e-05
30974.19299216581,22.081707226440752,-89.27100322250736,173.50500729457605,-13635.956297369907,9.329760686878164e-07,7.332365271464274e-05,-0.07006574308684613,3.7682050822706165e-10,0.7104899003533129,0.014978627560394194,-0.7103319922546553,5.209811101323627e-05,1.0983382044970377e-06,-5.208653208206544e-05
31045.595881283556,22.047165235125338,-89.20588239980951,188.28692576913636,-13584.077953723161,1.020179058102157e-06,7.360145583877381e-05,-0.06963864252913463,3.7738963359768335e-10,0.710408224483634,0.01579783427557599,-0.710232549131755,5.229026621987192e-05,1.1628144656795379e-06,-5.227733547019669e-05
31117.163371060167,22.03000491728784,-89.1676501337592,196.97774163484692,-13558.240068234685,1.0713191249439805e-06,7.374032093741892e-05,-0.06934632507322366,3.7723919739574596e-10,0.7104510319704981,0.016286453866389973,-0.7102643312516852,5.239256772640508e-05,1.2010527099258853e-06,-5.237879938824412e-05
31188.895840939367,22.005727424493795,-89.17124014211474,195.61793324716072,-13522.976754786216,1.0694812993307275e-06,7.393274486881894e-05,-0.06900688651555036,3.773530200725575e-10,0.7104056174365845,0.0162546624211659,-0.7102196330960083,5.252587099199977e-05,1.2018349523100181e-06,-5.2512119707888474e-05
31260.79367123956,21.972186123488683,-89.23510101131127,179.91061292986848,-13475.64394193668,9.905589469067137e-07,7.419473178726829e-05,-0.06860719427858768,3.7780752543889743e-10,0.7104143123886876,0.01547702581367322,-0.7102457017952694,5.271182025415139e-05,1.1483752347501197e-06,-5.2699309566883105e-05
31332.857243155857,21.947990987843646,-89.21726016431472,183.6244337933137,-13440.29020407624,1.0163238586033357e-06,7.438927009207621e-05,-0.06826982314342114,3.7793010269237936e-10,0.7105151300435713,0.015714226255637946,-0.7103413356366216,5.285774421730189e-05,1.1690371068416008e-06,-5.284481503406497e-05
31405.086938762164,21.922654074641173,-89.18835122334076,189.88111096502433,-13403.160128077376,1.0567693220043731e-06,7.459429939754966e-05,-0.06792463882030556,3.781054397030256e-10,0.7102918979551041,0.016081424963038007,-0.7101098281757704,5.2987139484641034e-05,1.1996599005021215e-06,-5.2973557242155565e-05
31477.48314101316,21.897196451333038,-89.17777139671722,191.8281289270576,-13366.340741541015,1.0734894802128252e-06,7.479938555017871e-05,-0.06758225206687762,3.78274968221474e-10,0.7103253505547452,0.016227187871336965,-0.7101399735365627,5.313545339062837e-05,1.2138648636501707e-06,-5.3121586376165724e-05
31550.046233746278,21.869716636882686,-89.21089876652192,183.56538320553864,-13327.63944856552,1.0332417239128861e-06,7.501781065172929e-05,-0.06723158762654773,3.785008824356401e-10,0.7103577037821147,0.01583122429948911,-0.7101812723944345,5.329260170237672e-05,1.1876933642891014e-06,-5.327936543053596e-05
31622.776601683792,21.832017701946455,-89.18321509057881,189.23068624316596,-13273.243775264991,1.0738636995298377e-06,7.532422435413653e-05,-0.06680319012798741,3.7917793838968537e-10,0.7103779364909784,0.016188763263051686,-0.7101934501227066,5.35121552970895e-05,1.2194855291810447e-06,-5.3498258098595524e-05
31695.6746304349,21.80722671105513,-89.15555077627252,195.11239035080794,-13237.393943525252,1.1132315881850655e-06,7.552716184085724e-05,-0.06646953265174448,3.793303904304082e-10,0.7102923897734541,0.0165436468696569,-0.710099701956237,5.365023202307228e-05,1.249584686312005e-06,-5.3635677810961096e-05
31768.740706497705,21.785111044785815,-89.16343681982778,192.8341251394833,-13206.170967893808,1.1054458501435142e-06,7.570603430375323e-05,-0.06616023619806528,3.7935273215556697e-10,0.7103036094735311,0.01646017388177233,-0.7101128644848708,5.3778024709138326e-05,1.2462215113714017e-06,-5.37635831540392e-05
31841.975217261253,21.7502309921019,-89.13232751083954,199.24924980988322,-13156.194895595816,1.1508971009893772e-06,7.59923893306494e-05,-0.06575827773332873,3.799179674822198e-10,0.7102118556294698,0.0168575921323955,-0.7100117614970561,5.39748915629393e-05,1.2811482941971755e-06,-5.395968474962888e-05
31915.378551007616,21.714822678581612,-89.06369450046812,214.17395036829532,-13104.879854123425,1.2467649283872843e-06,7.628707676519008e-05,-0.06535114111448603,3.805284113209074e-10,0.7102444793003306,0.017722963010982064,-0.7100233214188878,5.41876999948671e-05,1.352163417877306e-06,-5.4170826879650584e-05
31988.95109691397,21.687646263225663,-89.03785367965325,219.43614169338548,-13066.18618883885,1.284955241472886e-06,7.651184668051972e-05,-0.06500832468725033,3.807775096610462e-10,0.7101465371253329,0.01805479568176319,-0.7099169870794695,5.4340259275665856e-05,1.381549056744933e-06,-5.432269415585347e-05
32062.69324505466,21.66457233900914,-89.03493781060672,219.55617982128126,-13033.826166051535,1.2920478563938793e-06,7.670167686541716e-05,-0.0646981788420891,3.808449552283318e-10,0.7101272438564099,0.018104561848156144,-0.7098964201257726,5.4473637784730294e-05,1.3887952516959369e-06,-5.445593136886801e-05
32136.60538640318,21.625995835786647,-88.90211579752959,248.69521785928598,-12977.181321376314,1.4762068589922259e-06,7.703004602139443e-05,-0.06426884637823964,3.816275848241791e-10,0.71011655626904,0.019764043595885118,-0.7098414654471381,5.4708296568004765e-05,1.5226474427065817e-06,-5.468710321582211e-05
32210.687912834346,21.598324630067722,-88.80420975735485,270.03204343388893,-12936.591581395487,1.6128218031978663e-06,7.726644844151163e-05,-0.06392047579088535,3.81944503283659e-10,0.7098999085108012,0.020984767198785784,-0.7095896840070723,5.4861319424034215e-05,1.6217103320193853e-06,-5.483734516317266e-05
32284.94121712635,21.57704037462143,-88.76075264174929,279.1896522104944,-12906.135438138277,1.6753428531680405e-06,7.744628641179627e-05,-0.06362332325088936,3.8196530220952383e-10,0.7096905593037259,0.021530832491793692,-0.7093638792728636,5.497366969068694e-05,1.6678098053476e-06,-5.494836457724596e-05
32359.365692962827,21.5545387101251,-88.63182040380198,307.43523263057585,-12872.13545934749,1.854405762044057e-06,7.76428972092108e-05,-0.06330976960247214,3.820933948777576e-10,0.709619529930809,0.02313898437364731,-0.7092421763131255,5.51105264578673e-05,1.7970215823349813e-06,-5.508122039221639e-05
32433.961734934936,21.536713979113912,-88.50082646470206,336.1607660997789,-12844.542005891788,2.036162389963197e-06,7.780079053287386e-05,-0.06302875882680904,3.8203355365918633e-10,0.7095340926280865,0.02477174090906767,-0.7091015367730464,5.5219099416191684e-05,1.9278470734272984e-06,-5.51854359953488e-05
32508.729738543436,21.53167492870601,-88.32961313249018,374.25218577915996,-12833.551122289844,2.2703952970584924e-06,7.785454626522876e-05,-0.06282998797437742,3.8148132876870065e-10,0.7094270306867685,0.026900838313466437,-0.7089168193568819,5.525347284761299e-05,2.0951622577620896e-06,-5.521373521901552e-05
32583.67010020087,21.535172985028307,-88.26467296687076,388.908697468167,-12836.781021050732,2.357962779354217e-06,7.78297118357344e-05,-0.06270125945314727,3.8050818122485123e-10,0.7093649597317315,0.027716233951864237,-0.708823290017143,5.52328662525338e-05,2.158052807494454e-06,-5.5190690542430724e-05
32658.783217233584,21.524320499889306,-88.22421616281848,397.4875703820601,-12820.85523383202,2.415863081423094e-06,7.792301732080215e-05,-0.06247943995822903,3.80104608585341e-10,0.7093362778578227,0.028229958201045142,-0.7087743114314723,5.5298032660022254e-05,2.2007349677741308e-06,-5.525422320212731e-05
32734.06948788383,21.5338363320406,-88.21362151613188,400.2599181998625,-12833.65915020059,2.4278332999620813e-06,7.7844379685457e-05,-0.06239799461741174,3.788520407419773e-10,0.7092438007567438,0.02837172069854957,-0.7086760997638308,5.523533319231362e-05,2.209566645984879e-06,-5.519112109844167e-05
32809.529311311904,21.537331108256268,-88.28106482211079,385.3318244631435,-12840.078728871284,2.3351165062617284e-06,7.781106536752012e-05,-0.06228562378931769,3.7779172843666555e-10,0.7093435030844274,0.027555820032018803,-0.7088080714484352,5.521745723070041e-05,2.1450288999034882e-06,-5.517577760252054e-05
32885.163087598296,21.52554628870952,-88.36783229140858,365.4670624922935,-12825.922039754738,2.219824174623769e-06,7.790385161258612e-05,-0.06207385643491223,3.773388624306341e-10,0.7095172164483259,0.02650334429768608,-0.7090220399801538,5.529438055704737e-05,2.0654692679151314e-06,-5.5255790265734835e-05
32960.97121774578,21.510061531254344,-88.46944144998234,342.19914092613107,-12807.02561793273,2.0848384557080346e-06,7.80264364172318e-05,-0.06183984749518343,3.7702647997465604e-10,0.7095567570644675,0.025261828894867902,-0.7091069252917576,5.5381753251637595e-05,1.971715948881523e-06,-5.5346643343948124e-05
33036.954103681484,21.488174004403984,-88.55014059135132,323.4362320117877,-12778.877248681714,1.979361637666497e-06,7.820403806079441e-05,-0.06156201552084412,3.769879192190025e-10,0.7096174620399647,0.02427967110708769,-0.7092019740546218,5.55105164213227e-05,1.899300896316444e-06,-5.5478014469402096e-05
33113.11214825911,21.465741856474185,-88.62226160123421,306.6426242140626,-12749.838283501216,1.88526337753649e-06,7.838702544046132e-05,-0.061280853861034254,3.769775219994918e-10,0.7096631164331717,0.02340302842674349,-0.7092771229118408,5.564224475044405e-05,1.8349509865574196e-06,-5.561198032569287e-05
33189.44575526103,21.436627961821088,-88.68348780570797,292.12990702481096,-12711.51536291869,1.8069746295939924e-06,7.862729974626502e-05,-0.06095614006679775,3.7724440290868213e-10,0.7096637942033684,0.022659717243425453,-0.7093019371308448,5.5811441555566014e-05,1.782071306056617e-06,-5.5782983340535764e-05
33265.95532940045,21.40873179598371,-88.71654637669788,283.9587684732305,-12674.332233045543,1.7667991039614305e-06,7.886003645196603e-05,-0.06063804887922014,3.7748095448159783e-10,0.7097934061458615,0.022269173352319014,-0.7094439818099441,5.598612342168495e-05,1.7565177092468246e-06,-5.595856200194249e-05
33342.641276323506,21.384933258053984,-88.78434839844034,268.30056146679794,-12643.57567449714,1.6775915796595889e-06,7.905595117791071e-05,-0.060351774482292835,3.775289145424515e-10,0.7098000845125879,0.021444510084401992,-0.7094760693366035,5.612428062891804e-05,1.6956291330299153e-06,-5.6098660571860047e-05
33419.50400261143,21.356628306326485,-88.7936986132583,265.43515584003734,-12605.528887752838,1.6697204869077858e-06,7.929510981911186e-05,-0.060031777629517696,3.7779748251417036e-10,0.7097827698592288,0.021342926392444887,-0.7094618100236585,5.6292488859739896e-05,1.6926959869978744e-06,-5.626703370819846e-05
33496.54391578276,21.334891956516103,-88.85365629420491,251.6784478419287,-12577.544250378462,1.590305129659659e-06,7.947495429748093e-05,-0.05976074261385486,3.7776722654513774e-10,0.7097802521615323,0.02061517115241115,-0.7094808109292634,5.641873943597539e-05,1.6386507882318849e-06,-5.639493756658226e-05
33573.761424295466,21.306814201975012,-88.88518462438377,244.0337537691376,-12540.497691876071,1.5511576123212066e-06,7.971146678115877e-05,-0.059447679134643286,3.780118018212085e-10,0.7099270858217357,0.020243733058808056,-0.7096383997890656,5.659771895205674e-05,1.6138968875608986e-06,-5.657470395337764e-05
33651.15693754908,21.27874741933276,-88.91878724947581,235.9804822126255,-12503.626792627476,1.5088616352082265e-06,7.994831857050887e-05,-0.05913657038050897,3.782545224784324e-10,0.7099152421455452,0.019842036015706978,-0.7096378968441014,5.6764295533506644e-05,1.586554463851275e-06,-5.674211920917755e-05
33728.730865886886,21.246607362263944,-88.8944491111506,240.45570036416632,-12460.201582780724,1.5481863541223015e-06,8.022564668194076e-05,-0.05879565055994186,3.786997890378478e-10,0.7098578134169117,0.02015670133146611,-0.7095715768408942,5.6957044949130644e-05,1.6173184573911815e-06,-5.693407811095803e-05
33806.483620598156,21.211976738895796,-88.99468845704904,217.8786711676409,-12416.297512045085,1.4128523800200022e-06,8.051451478438569e-05,-0.05845373171960239,3.7916480764287516e-10,0.7099403968402359,0.018932364368507728,-0.709687912145254,5.716692653077631e-05,1.5245013352183272e-06,-5.714659556486365e-05
33884.41561392025,21.197006143051375,-88.92275408969569,233.07003550571787,-12394.900440700056,1.5165154055398184e-06,8.064982453736648e-05,-0.05821878992237675,3.7894579207756573e-10,0.7098951579714632,0.01983701892553598,-0.7096179450883952,5.726064590474618e-05,1.6000679871470893e-06,-5.7238285717387036e-05
33962.52725904085,21.159677210031553,-88.97249845048718,221.4391409978725,-12346.61695695687,1.4521743477881233e-06,8.096780156418185e-05,-0.05785862471818288,3.795527626713465e-10,0.7098819025129158,0.019235520469501267,-0.7096212442335872,5.7484405418225074e-05,1.5576428321177825e-06,-5.7463297983098884e-05
34040.81897010009,21.128078672526843,-88.91214343363096,233.63481855747062,-12303.718033172192,1.5427951205340998e-06,8.124694882041375e-05,-0.05752498331806408,3.8000014460776797e-10,0.7097205266406607,0.019993468371962295,-0.7094388537129582,5.767058806427651e-05,1.6246325633461253e-06,-5.7647699838879846e-05
34119.29116219284,21.099873853168948,-88.95926204529921,222.8588952621599,-12267.708415826079,1.4803342371950724e-06,8.148792426934811e-05,-0.05722470685300369,3.802390241477097e-10,0.7098293391837762,0.019428040863419597,-0.7095634164712029,5.784960993975704e-05,1.5833447897981334e-06,-5.78279377935843e-05
34197.94425137089,21.06143505851715,-88.9416965095761,225.6860102085419,-12217.086505764886,1.511545284456173e-06,8.182465311216318e-05,-0.05685750269903512,3.809364082574687e-10,0.7098205304884768,0.019660393893490863,-0.7095482044335645,5.808825326981492e-05,1.6089108314231264e-06,-5.806596743252189e-05
34276.778654645044,21.054888045522667,-88.89949131930335,234.50684147503998,-12207.627383291368,1.5730146036463928e-06,8.18857822185746e-05,-0.056682813196960294,3.8035476985776493e-10,0.7097220642329745,0.020195350405858355,-0.7094346737234507,5.81243807719382e-05,1.653946376996813e-06,-5.8100844240882406e-05
34355.79478998746,21.018307534506366,-88.92314151807824,228.58122134409265,-12160.555298163988,1.5451844003148955e-06,8.220404211422006e-05,-0.05633438254815709,3.809489007072225e-10,0.7097656304846313,0.01991886484221099,-0.709486073887743,5.83534014165468e-05,1.6376300372643181e-06,-5.833041766301435e-05
34434.99307633384,20.983094381431954,-88.82535207350706,248.36577334051356,-12112.8352548461,1.6920670730803383e-06,8.252235974669422e-05,-0.05598426000531033,3.815700870891907e-10,0.709644809846761,0.02114131423066408,-0.7093298252400261,5.857134353920852e-05,1.7449224759946794e-06,-5.854534592553666e-05
34514.37393358563,20.960346300679454,-88.82901862740086,246.9914581336186,-12083.5378575433,1.6908781284579624e-06,8.27226578283548e-05,-0.05572040170181567,3.816155162955093e-10,0.7096852018567307,0.021112320355058785,-0.7093710986949313,5.871676103139426e-05,1.7467562601882799e-06,-5.869077328324575e-05
34593.9377826122,20.925396523402068,-88.84620472755488,242.46718360704193,-12038.936800535028,1.6722475630915964e-06,8.30301339233428e-05,-0.055387054038674256,3.8214835728211307e-10,0.7097115318703158,0.020915549669760277,-0.7094032691295706,5.893682441845141e-05,1.7368973493406744e-06,-5.8911225247224524e-05
34673.685045253165,20.904790562239608,-88.779917925286,255.80747600015138,-12011.055324457484,1.7723682053147188e-06,8.321888360030538e-05,-0.05513168917992864,3.8215448797467e-10,0.7095362009619488,0.02174615495912565,-0.7092028801549023,5.905761412624953e-05,1.8100218516892047e-06,-5.902987046556511e-05
34753.61614432058,20.879139057979707,-88.74382144988587,262.6409446099494,-11977.442570686724,1.8298920200805798e-06,8.345015136015005e-05,-0.054850959474489445,3.823455451756833e-10,0.709545165683929,0.022208529945021687,-0.7091975206831418,5.922327965697544e-05,1.853669143720477e-06,-5.919426293175665e-05
34833.73150360118,20.847452191725292,-88.69763863921146,271.35834455618414,-11936.019105117106,1.903705488535274e-06,8.373674713721084e-05,-0.05453554240154536,3.8279003756418264e-10,0.709525037086298,0.022794853375246345,-0.7091587783507397,5.942604399037003e-05,1.909175700119327e-06,-5.9395368106372305e-05
34914.03154785863,20.830156828843073,-88.68596750877471,273.2803346882101,-11913.757530877163,1.9243427044372556e-06,8.389243380111744e-05,-0.05430863517546686,3.826232661056849e-10,0.7094191857287011,0.022951252887201276,-0.7090478270687254,5.95279139702404e-05,1.9258574265582832e-06,-5.949675297712399e-05
34994.51670283573,20.80220862655421,-88.64025239413579,281.9257056638072,-11877.292772041583,1.9973543968983452e-06,8.414686020073587e-05,-0.0540178871813617,3.8291525606015905e-10,0.709305207826956,0.023528601105250718,-0.7089148628576434,5.969995481397639e-05,1.980327237583495e-06,-5.966710072412525e-05
35075.18739525679,20.78135306572879,-88.5836716196082,292.97799392995165,-11849.641282742416,2.0852550801351673e-06,8.43391831282927e-05,-0.05376817984639696,3.829260644196688e-10,0.7092445244221027,0.02424201785042214,-0.7088301065793372,5.983270295651728e-05,2.0450851619795673e-06,-5.9797742179475995e-05
35156.04405282981,20.76911186352475,-88.51717551323573,306.2999371035298,-11832.67168813656,2.1862023797223744e-06,8.445517569379742e-05,-0.053567693404880365,3.825932617879273e-10,0.7091794353627762,0.025077818812702306,-0.7087358990096828,5.991124005853078e-05,2.1185656945390448e-06,-5.9873770256672715e-05
35237.08710424873,20.743934117827134,-88.54634844223938,299.48307546839663,-11801.613877107222,2.1488688059928566e-06,8.467964301897348e-05,-0.05330421267361362,3.82717860603091e-10,0.7092642641248095,0.024735413814715338,-0.7088328122116824,6.00768626573701e-05,2.0951655591354765e-06,-6.004031735452705e-05
35318.3169791957,20.71566524161076,-88.48164543275496,311.8394356875276,-11764.643952920393,2.251481765248654e-06,8.494076856008921e-05,-0.05301501880529574,3.8303754347825896e-10,0.7091892295357362,0.025548705219699083,-0.7087288811323326,6.0257498308040294e-05,2.170790245300901e-06,-6.0218384004009816e-05
35399.73410834346,20.713159146193565,-88.45803205291688,316.5917822369683,-11760.940592789055,2.287183120103223e-06,8.496564443428841e-05,-0.052876437575030584,3.822769174812447e-10,0.7091409402794432,0.025854605062978802,-0.708669466378685,6.0271692118045235e-05,2.1974486419800413e-06,-6.023162035208995e-05
35481.33892335755,20.687852363922453,-88.42065645477022,323.3724367703067,-11728.40644395888,2.349064589207777e-06,8.519830737741446e-05,-0.052608890103582856,3.824556875479101e-10,0.7090802901554069,0.026330239556512383,-0.7085912618511272,6.043262756550987e-05,2.244041447662618e-06,-6.039094925941134e-05
35563.131856898544,20.67317957575355,-88.42957680059135,321.0480413103175,-11710.277323053275,2.339426240891234e-06,8.533093659707053e-05,-0.0524067601368839,3.821667961365671e-10,0.7091695258331521,0.026238863209591318,-0.7086839481940352,6.053404893583052e-05,2.239724877748987e-06,-6.0492600481691283e-05
35645.11334262443,20.645401210063447,-88.45683067738757,314.55827867158746,-11676.2971712781,2.3055564597588934e-06,8.558147788381926e-05,-0.0521345070208157,3.8239745395878757e-10,0.7091249950780882,0.02591581395593817,-0.7086512747688385,6.070717377124569e-05,2.2186156631993564e-06,-6.0666619255000744e-05
35727.28381519288,20.63080162013626,-88.45355726508001,314.7336995553832,-11658.06732764176,2.314055185149147e-06,8.57150384164696e-05,-0.051933392185366495,3.82114547910916e-10,0.7090570748177174,0.025969528694348584,-0.7085813424924844,6.079617191546796e-05,2.2266866619604363e-06,-6.0755381540112e-05
35809.643710263605,20.616862041599084,-88.47489698673955,309.94071655944333,-11641.24689313211,2.285450867481809e-06,8.58406023765388e-05,-0.05173919075503434,3.8178655621156714e-10,0.7092191987225712,0.025727248793010436,-0.7087524112877701,6.089853228383848e-05,2.2091219386298155e-06,-6.085845064233875e-05
35892.19346450054,20.58272794117521,-88.48306453725154,307.1666976674779,-11599.203470300388,2.2814625248490723e-06,8.61523994513143e-05,-0.05143376288921556,3.822891435397092e-10,0.7090978077815396,0.025637617241769342,-0.7086341888328208,6.110902696414676e-05,2.209412899223665e-06,-6.106907295141757e-05
35974.93351557424,20.571393494672172,-88.53628030695178,296.0591428325663,-11586.40488759396,2.20392904764602e-06,8.625173350582047e-05,-0.05125884693369502,3.818312161831296e-10,0.7091772295778324,0.02499805816375127,-0.7087365095998168,6.11848464983706e-05,2.1567279485509744e-06,-6.114682302119311e-05
36057.864302164235,20.545325327948763,-88.55193294787524,292.0891315131621,-11554.652134401644,2.186372777510925e-06,8.648995855953603e-05,-0.05100080214087895,3.8199990644229824e-10,0.7091227175576211,0.024818392903774418,-0.7086882783918326,6.134868208836493e-05,2.147125819691525e-06,-6.13110972393553e-05
36140.986263961335,20.520009214583975,-88.6066413604833,280.3230541964396,-11524.787020233563,2.109289219618862e-06,8.671819408455486e-05,-0.05075198581895151,3.821089616154483e-10,0.709230466414304,0.02416126626346996,-0.7088187975094882,6.151844915167045e-05,2.0957413710439415e-06,-6.148274110782926e-05
36224.299841669876,20.49144069237348,-88.64024421603983,272.7476672009344,-11490.560598812239,2.064590784011808e-06,8.697894929367036e-05,-0.05048488241846535,3.82365688626986e-10,0.709268772272029,0.023762775677007394,-0.7088705959569741,6.170588002918083e-05,2.067344626478743e-06,-6.167123897223913e-05
36307.80547701014,20.464668423526042,-88.67968388528655,264.10081295993365,-11458.758434084324,2.0103143406340338e-06,8.722315599004087e-05,-0.05022936590412309,3.8254503318437335e-10,0.7092815194566148,0.023291212629212195,-0.7088990007447782,6.187923078190516e-05,2.0319750084248503e-06,-6.184585903458223e-05
36391.503612720706,20.434155159297948,-88.66487160994237,266.1921947302768,-11421.320038638736,2.0395148457409777e-06,8.750801953590548e-05,-0.049950108138661006,3.829162794493315e-10,0.7092286569364745,0.02348874125699241,-0.7088395917653567,6.20770544805275e-05,2.0559122314482775e-06,-6.204300055505828e-05
36475.39469256078,20.40493861766666,-88.64066443995252,270.16726796484915,-11385.371101882587,2.0830220877166593e-06,8.778257877322881e-05,-0.04967836825545855,3.832418613419141e-10,0.7091710992775466,0.023802337306078454,-0.7087715406174909,6.226737439082549e-05,2.089917440127167e-06,-6.223229192807124e-05
36559.47916131248,20.37225870293622,-88.68617657488842,260.23624568228803,-11346.901589235891,2.0201556479408858e-06,8.808345383259743e-05,-0.04939664125782209,3.8365674986496596e-10,0.7092466191639373,0.023257888192163987,-0.708865175779087,6.248627753846386e-05,2.0490740699578865e-06,-6.245267148865418e-05
36643.75746478333,20.337832541579726,-88.67798319043546,260.8997130935594,-11305.302201361026,2.0402247689228585e-06,8.840698710582168e-05,-0.049102353387845514,3.8418283384726516e-10,0.7091495824094306,0.02337218236049204,-0.7087643270673106,6.270740322946176e-05,2.0667132858659886e-06,-6.267333656329729e-05
36728.230049808466,20.31073701131776,-88.58143423157843,279.1037773879387,-11270.67998810479,2.195832612356093e-06,8.867141431378984e-05,-0.048839392197259884,3.844766883637121e-10,0.7090526618228218,0.024579283418504155,-0.7086265138030483,6.288888719128529e-05,2.1800408705541147e-06,-6.285109031640518e-05
36812.897364253135,20.2836445750726,-88.59178711679361,276.27553685179487,-11238.524313292632,2.1860569884271773e-06,8.89259139431566e-05,-0.048588044560052515,3.846899514496934e-10,0.7091428571016374,0.02447054518245749,-0.7087205261573469,6.307711452512364e-05,2.1766155655500853e-06,-6.303954886811429e-05
36897.75985701503,20.247718418415552,-88.51402003525185,290.3844066780105,-11194.00716507187,2.3158475946944683e-06,8.92734388350592e-05,-0.04828427471562522,3.853315337224449e-10,0.7089176124719503,0.025440610994675355,-0.7084609774611075,6.330566431617999e-05,2.271822213601951e-06,-6.32648872467394e-05
36982.81797802663,20.222768572116514,-88.48019814162069,296.19090216270615,-11163.631740865387,2.374953459740026e-06,8.951357260685682e-05,-0.048042503831697274,3.8549134327610615e-10,0.7088887890976198,0.025874024777839663,-0.7084164383680587,6.347433589641365e-05,2.316776009155592e-06,-6.34320413230896e-05
37068.0721782576,20.198092947363342,-88.45527797261182,300.2470950790165,-11133.862776852773,2.420312103103154e-06,8.975081949090852e-05,-0.047804193542127414,3.856330677437187e-10,0.7088922399151536,0.026198567686308148,-0.7084079635796803,6.36436039756171e-05,2.352080009728081e-06,-6.360012615265023e-05
37153.52290971724,20.173428596673602,-88.39012179810415,312.0582845646013,-11103.273031028935,2.529244221888466e-06,8.999244867657516e-05,-0.047563209326914276,3.8580611982766593e-10,0.708713244027263,0.027013659001670003,-0.7081982240072255,6.380081646775393e-05,2.431862977886916e-06,-6.375445258496698e-05
37239.17062545685,20.145173630377393,-88.30214342054778,328.076505574906,-11068.01179306158,2.675805136506927e-06,9.02711480509584e-05,-0.04730311544212948,3.8614509129710244e-10,0.7086281907221734,0.028114068811476135,-0.708070273222259,6.399354423426297e-05,2.5388757174037944e-06,-6.394316080515686e-05
37325.015779572066,20.121962914855743,-88.3096954356272,325.8179025530347,-11040.953805341122,2.6704455240221756e-06,9.049308045806209e-05,-0.047078945256093824,3.862011288045665e-10,0.7086326460743335,0.028037321039213546,-0.7080777751852233,6.415101121887676e-05,2.538159237367633e-06,-6.410077993355632e-05
37411.05882720533,20.094297977899167,-88.21922294697062,342.1968150872739,-11006.498316945988,2.822006613807576e-06,9.076768010643782e-05,-0.04682408539585937,3.8651910044821986e-10,0.7084616239846052,0.029164772422821807,-0.7078610659645219,6.433320997593719e-05,2.6483628253922026e-06,-6.427867515866443e-05
37497.30022454834,20.07558358092117,-88.14699832318828,355.32381208493473,-10982.967051314889,2.942595907166024e-06,9.095487776094573e-05,-0.046616516004206215,3.86456352826106e-10,0.7084675098956382,0.030073773501203594,-0.7078289205204351,6.446898790441601e-05,2.7366473592767055e-06,-6.441087767334568e-05
37583.740428844416,20.057903929760247,-88.13950194976154,356.08774418166365,-10962.20095779715,2.9600803443202336e-06,9.112640385935166e-05,-0.046421363326070886,3.8629792238415144e-10,0.70842547349505,0.030181105219179244,-0.7077822775292093,6.458699216294762e-05,2.7516046206571755e-06,-6.452835213042585e-05
37670.37989839089,20.035520526942587,-88.04697340644316,372.8491335555372,-10934.007435904743,3.1150835628546045e-06,9.135155153751611e-05,-0.046195481328345014,3.864032465903351e-10,0.7083467048016407,0.03133714684831976,-0.7076531900802466,6.474283469535729e-05,2.8642128275207348e-06,-6.467944750281209e-05
37757.2190925416,20.007668546727743,-87.99584601422139,381.44623154509196,-10900.532113744077,3.206316926662945e-06,9.162644099106541e-05,-0.045948128859336884,3.8669845145205807e-10,0.7081763528629226,0.031977494872255624,-0.7074540172872902,6.492402375194723e-05,2.931625192257662e-06,-6.485780164232772e-05
37844.25847170932,19.99724314825331,-87.8879467015047,401.4596255590341,-10885.86291878933,3.3831860995235283e-06,9.173749429194104e-05,-0.04578075944178582,3.8632896494701783e-10,0.7080406971988463,0.03331994704098071,-0.7072562548461587,6.499464422355499e-05,3.058606817438408e-06,-6.49226362841406e-05
37931.498497368186,19.98201423573952,-87.86646161821241,404.8728021417208,-10867.758467861888,3.423231814489746e-06,9.188776411400622e-05,-0.045599503025408605,3.860825329558182e-10,0.7080827527255035,0.03360380348446946,-0.7072849278039959,6.510586421662137e-05,3.0897584475836326e-06,-6.503250685717663e-05
38018.93963205612,19.967057236700697,-87.72798844850611,430.35791528105796,-10847.113235823197,3.6518956843123923e-06,9.204553839164415e-05,-0.04540820197686878,3.8592770580104847e-10,0.7079215989718284,0.03532172767090198,-0.7070398615673467,6.52088559871638e-05,3.2535939802584325e-06,-6.512763641777808e-05
38106.5823393773,19.953186831992898,-87.68542339863559,437.7412700889362,-10830.094186760287,3.7260107317473127e-06,9.218469886904759e-05,-0.045232684700578854,3.856451714368564e-10,0.707854536946756,0.03586030412029795,-0.7069456019132633,6.530318330716768e-05,3.308295548291082e-06,-6.521932942475492e-05
38194.42708400464,19.947189890344244,-87.62809708986443,448.24970864352457,-10821.751321090682,3.821029842743999e-06,9.224821333130194e-05,-0.04509388796105607,3.850548356855634e-10,0.7077781492973533,0.036580419982371375,-0.706832215944279,6.534378392227748e-05,3.377192502321822e-06,-6.525645307617898e-05
38282.474331682264,19.93787479875181,-87.5224724346892,467.6565672799423,-10808.374331917936,3.995710290151161e-06,9.23479654932293e-05,-0.0449345616171072,3.846447013576755e-10,0.7075768486633615,0.03788941637317198,-0.7065616667292912,6.540092754884527e-05,3.502097305431756e-06,-6.530709485739352e-05
38370.72454922788,19.933304746801717,-87.49490292284432,472.60624983533165,-10802.410390601784,4.04229161461724e-06,9.239508143364223e-05,-0.044806477625039316,3.83971914545739e-10,0.7076418648025501,0.038249736957876056,-0.706607363706241,6.544166150221554e-05,3.5372784780682006e-06,-6.534599238774444e-05
38459.178204535354,19.935701459147356,-87.50724139282835,470.4076117498085,-10805.443825038308,4.02130310209629e-06,9.23708793986611e-05,-0.04471597879472737,3.829812583417407e-10,0.7075648106695632,0.03811028887287311,-0.706537732311503,6.541676468481559e-05,3.5234253621345735e-06,-6.532180780984252e-05
38547.83576657716,19.936500947161203,-87.52263960285762,467.5536454599905,-10806.725706102341,3.996050883542777e-06,9.236207700527932e-05,-0.044618427482658186,3.8205510158830657e-10,0.7076712382921707,0.03794301817529346,-0.7066533159037206,6.541959021083908e-05,3.5075845478480554e-06,-6.532548992540209e-05
38636.697705406914,19.93334128943951,-87.55888596908405,460.58836511209387,-10804.001510148175,3.938720007102897e-06,9.239038614107009e-05,-0.04450458625173216,3.8127251170224e-10,0.707763446847099,0.03751780465454666,-0.7067683574034633,6.544637358061123e-05,3.4692442372999602e-06,-6.535435838010261e-05
38725.764492161725,19.934678565629422,-87.62861143742596,447.5525301327215,-10807.2661076278,3.825323446576549e-06,9.237192430269798e-05,-0.044415645369289325,3.8028070151695946e-10,0.7077938059029857,0.03667624666095912,-0.7068429278174168,6.54327399285324e-05,3.390574047564042e-06,-6.534483500769548e-05
38815.03659906482,19.928035560513173,-87.69609005911217,434.56418168925865,-10801.321702993133,3.718756317387047e-06,9.24316476406191e-05,-0.04428911812486979,3.7961488270048204e-10,0.7078354852604027,0.03586289846927127,-0.7069263941226219,6.5475736749638e-05,3.3173664617692203e-06,-6.539164459368051e-05
38904.51449942805,19.915143699010937,-87.8377614674665,407.39010057624927,-10790.045180942483,3.494180124246693e-06,9.25460912222546e-05,-0.04414112472106873,3.791376103343557e-10,0.7080407186848685,0.03414179143148187,-0.7072170793989878,6.556947391302126e-05,3.16176632718031e-06,-6.549319921123631e-05
38994.198667654346,19.905090703390588,-87.93235628423169,389.21889164009553,-10780.831439136055,3.3444422552473516e-06,9.26364803615083e-05,-0.044001997035581816,3.785888993778381e-10,0.7081404395015282,0.0329959021670133,-0.7073712974793382,6.563874019669674e-05,3.058446219256675e-06,-6.556744711618234e-05
39084.089579240215,19.870397068829767,-88.07969972151838,360.2525581592812,-10744.789334362682,3.116903324274268e-06,9.296386336858252e-05,-0.04375402762236071,3.789851792849021e-10,0.7082749483736371,0.03119978744546593,-0.7075874332950212,6.587730819136978e-05,2.901921094018312e-06,-6.581336177787006e-05
39174.1877107783,19.853466170903012,-88.22409067473998,332.6538431193818,-10728.902049772225,2.887118985845719e-06,9.311666600544882e-05,-0.04358885008099872,3.786734454941577e-10,0.7082953335787127,0.029434555840852167,-0.7076834648992667,6.598210590361183e-05,2.742011543269688e-06,-6.592510653895087e-05
39264.49353995997,19.83487344089061,-88.2482018296519,327.5060186327132,-10708.348396124939,2.853436779657605e-06,9.329781263396407e-05,-0.043405286199832915,3.7852767665046424e-10,0.7083401554803042,0.029155839698604573,-0.7077398624334584,6.611377542424209e-05,2.7212951619715754e-06,-6.605774635490184e-05
39355.00754557775,19.812767374875953,-88.39431498856815,299.5662091897996,-10686.645120381076,2.621011466890528e-06,9.350126464150702e-05,-0.04321768694892934,3.7842406273835186e-10,0.7086860757439927,0.027381556166362935,-0.7081569065788517,6.62853337024335e-05,2.561071326078863e-06,-6.623583907301019e-05
39445.73020752785,19.778413974116262,-88.50129999457168,278.64532032319903,-10650.269882206832,2.454897415080915e-06,9.383010622040189e-05,-0.04297152285172989,3.7884321935504286e-10,0.7087345253010441,0.026078332937546692,-0.7082545784567119,6.651962195979721e-05,2.4476313576095213e-06,-6.647457563919895e-05
39536.66200681279,19.740553619288434,-88.62257460559637,255.12929956566342,-10610.38653463148,2.264888886481846e-06,9.419281354385737e-05,-0.04271214056490902,3.793926614953547e-10,0.7087700264677592,0.024597769627003722,-0.7083430667046053,6.677653762225146e-05,2.317470868663779e-06,-6.673631174697069e-05
39627.803425543934,19.716938243261517,-88.67054237608859,245.6514697175379,-10584.968000343237,2.191323133521088e-06,9.442274159158678e-05,-0.042511818321937116,3.794290532806662e-10,0.7088635552799863,0.02402533358500995,-0.7084562960058378,6.694703303596732e-05,2.269018895435387e-06,-6.690857034469544e-05
39719.15494694403,19.688158377230547,-88.73480567635862,233.09382346023173,-10554.206011716687,2.0915480662648895e-06,9.470276323530929e-05,-0.04229078034058599,3.7965975623026795e-10,0.7088160982091486,0.02324662057094792,-0.7084347928443886,6.713935387869988e-05,2.2019295116745585e-06,-6.710323647690109e-05
39810.717055349734,19.64976679411348,-88.78378064672829,223.18357225929714,-10512.541205564006,2.018603864254669e-06,9.508162310456052e-05,-0.04202694704032997,3.8028782407874777e-10,0.7089767425799159,0.02266370231730778,-0.708614407217706,6.74219570306115e-05,2.1552627498494506e-06,-6.738749982242059e-05
39902.49023621421,19.60912491091632,-88.83587486629995,212.72906866911413,-10468.634535465495,1.9402936679943945e-06,9.54840136742452e-05,-0.04175516174250526,3.8100448936023806e-10,0.7090178576813685,0.022038239379840428,-0.7086752701457234,6.77099198415161e-05,2.1046119017889883e-06,-6.767720335303008e-05
39994.474976109734,19.58164542131966,-88.88526668761098,203.13114231173492,-10439.347666032641,1.8632253556493926e-06,9.57551710015055e-05,-0.04154258268664356,3.811946267923403e-10,0.7089660427413066,0.021443344230093617,-0.708641681492486,6.789605917278682e-05,2.0535801165869383e-06,-6.786499583658226e-05
40086.67176273028,19.546685126293266,-88.94784109149855,191.04396982781975,-10402.214570476437,1.7649615793121673e-06,9.610096080603234e-05,-0.0412996089521477,3.8167553564102623e-10,0.7089568355615522,0.020686767963834004,-0.7086549599915746,6.813893388580704e-05,1.988237144906315e-06,-6.810992015962137e-05
40179.081084894,19.51832448777796,-89.03796632959629,174.18574324811163,-10372.994568220991,1.6183850589350768e-06,9.637700027901425e-05,-0.04108887798378345,3.8187038684916247e-10,0.709307955469208,0.019599417899515477,-0.7090371206854463,6.836659018322513e-05,1.8890883163428868e-06,-6.834048579439652e-05
40271.70343254591,19.476528164782863,-89.02403389081493,175.9271839392129,-10327.110881275106,1.6491085898837918e-06,9.680441010684062e-05,-0.04081304252168124,3.826848695693693e-10,0.7091654987849556,0.01978558117043506,-0.7088894380964235,6.865625245775797e-05,1.9154962532557844e-06,-6.862952626710431e-05
40364.539296760486,19.450869395937676,-89.02397037459907,175.4633546083164,-10299.213205233345,1.653683135537981e-06,9.706662240000974e-05,-0.04060917627522046,3.8283892054674533e-10,0.7090772232668623,0.01980166309735422,-0.7088006791012706,6.883363355151322e-05,1.9222453868622263e-06,-6.880678804141852e-05
40457.589169744264,19.414475403004737,-89.09297361159008,162.45447761120886,-10261.199108739715,1.5425051202797506e-06,9.743007640159339e-05,-0.04036623520383629,3.833734356678144e-10,0.7092393765593027,0.018970154102681804,-0.7089856320938731,6.910578586237394e-05,1.8483849748386737e-06,-6.90810618957256e-05
40550.85354483839,19.386674619208076,-89.12410761773874,156.42812573978532,-10231.820009553383,1.4938519566947123e-06,9.771148423299142e-05,-0.04015808766013669,3.835899673894266e-10,0.7092825100674304,0.018603872219192713,-0.7090384862798398,6.930899430363339e-05,1.8179155066758498e-06,-6.928514901904789e-05
40644.33291652127,19.35171823933044,-89.10505299613712,159.23852698222308,-10193.847779884523,1.5320251714463474e-06,9.807445276367708e-05,-0.039917035091391176,3.841333267659353e-10,0.7092404007763693,0.018856441589498604,-0.7089896901253268,6.956266441728942e-05,1.8494495194558225e-06,-6.953807458728929e-05
40738.02778041126,19.328957792743598,-89.1438932079174,151.97361023837394,-10170.224704655195,1.4689605053436237e-06,9.830429374004684e-05,-0.039732938050562765,3.841400452088286e-10,0.7092032007379595,0.01839278422272555,-0.7089646573881542,6.972128820480325e-05,1.8081822083530373e-06,-6.969783716901574e-05
40831.938633269216,19.28238748928422,-89.14607229725821,150.8465014869117,-10120.561636168964,1.4724126596272941e-06,9.878679935395422e-05,-0.039447977861871285,3.8513724326449593e-10,0.7089671189326997,0.018377669805751444,-0.7087288882077855,7.004011798941e-05,1.8155625658676515e-06,-7.001658275394405e-05
40926.065973001096,19.254174497041063,-89.1887556288248,142.89276294564687,-10091.416864645471,1.4028746661778902e-06,9.907424822232909e-05,-0.03924391066243175,3.853611993033741e-10,0.7092036898884004,0.017873653477004977,-0.7089784243985895,7.026657889879657e-05,1.7708882513701393e-06,-7.024426001419591e-05
41020.41029866068,19.220290184055933,-89.14004846664938,150.9199629962702,-10054.552228678313,1.4925310823209848e-06,9.9435034452619e-05,-0.03901062120341673,3.858845558130713e-10,0.7091066357467892,0.018491870457916868,-0.7088654820112892,7.051366331749359e-05,1.8388341919929072e-06,-7.04896829562114e-05
41114.97211045221,19.179968544352057,-89.1939862152308,140.8695329936367,-10013.100797258234,1.404733534644031e-06,9.984940090853354e-05,-0.038760441896442725,3.8659082584888894e-10,0.7090812920809447,0.017841996067625314,-0.7088567852221666,7.080398858458353e-05,1.7815792067944131e-06,-7.078157087134866e-05
41209.75190973302,19.149753706825415,-89.27260965083674,126.74334301306875,-9982.904645225879,1.2715730485158629e-06,0.00010015510235882083,-0.038554675703531445,3.8686835677004713e-10,0.7091743491678021,0.016889608570464856,-0.7089732002268577,7.102875980943989e-05,1.6916121569184813e-06,-7.10086133393525e-05
41304.75019901615,19.12478406842737,-89.21436925622702,136.51818223937116,-9955.600023803778,1.3771268964908292e-06,0.00010042709578014723,-0.03836079258680285,3.870371843342714e-10,0.7091459280254337,0.017627731590052688,-0.7089268018025857,7.12197354490385e-05,1.7703583011551674e-06,-7.119772853761953e-05
41399.96748197304,19.08914768127068,-89.17506785056175,142.80173596453238,-9917.629485517067,1.4515356195173153e-06,0.00010080964606045607,-0.03812659411052143,3.8762542219204884e-10,0.7091167621137556,0.018131479548744694,-0.7088849213800997,7.148875651032162e-05,1.8279033804931425e-06,-7.146538376461455e-05
41495.404263436285,19.058119008391618,-89.17835745462428,141.7704386297107,-9885.431347853375,1.450457874828677e-06,0.00010113816309775673,-0.03791540994800647,3.8799355117948636e-10,0.7090781253716729,0.01810805126404848,-0.7088468708825797,7.171773540421058e-05,1.8314884957989573e-06,-7.169434581191264e-05
41591.06104940221,19.02877372450247,-89.1325965030289,149.19323214178175,-9854.109998167418,1.5360833115677828e-06,0.00010145724240462476,-0.03770835069864499,3.8833159430789644e-10,0.7089520347798994,0.018689162112374997,-0.708705653172103,7.193202935743799e-05,1.8962486766127154e-06,-7.190703086928124e-05
41686.938347033545,18.991232114238713,-89.10880693148738,152.6755476299288,-9814.886758996787,1.5845057692820195e-06,0.00010186139781974833,-0.03747187501700252,3.8898677701354933e-10,0.7088770233815365,0.018999747116497885,-0.7086223563279503,7.221136895080981e-05,1.9354524180466596e-06,-7.218542671265063e-05
41783.03666466218,18.967759486213755,-89.0659073264895,159.61834514418717,-9789.871503067046,1.6649967330785674e-06,0.00010211923983512867,-0.037290406976699365,3.890837922564174e-10,0.7088229182005903,0.01954720109614724,-0.7085533404731837,7.238947453772856e-05,1.996283669305646e-06,-7.236194355709439e-05
41879.356511791826,18.935776329597672,-89.08574339055448,155.7111777356715,-9757.475089167363,1.635062291549361e-06,0.00010245943683062204,-0.0370815246910434,3.8947777511432194e-10,0.7088559252329808,0.019321214230307016,-0.7085925581168433,7.26335858358365e-05,1.979766299884342e-06,-7.260659967778185e-05
41975.89839910075,18.90934805739971,-89.01569478557957,167.15529492251855,-9729.046010604414,1.7654338269032335e-06,0.00010275466857679004,-0.03688844844805868,3.897174698929619e-10,0.7086574576699233,0.020200314226100084,-0.7083694937081678,7.282393487394016e-05,2.075849695382489e-06,-7.279434276484718e-05
42072.66283844442,18.887392593386966,-88.95432562696493,177.147876670587,-9705.410231531969,1.8800244379725514e-06,0.00010300099983562777,-0.03671419655595256,3.897680484718626e-10,0.7086721018636065,0.02097796473661733,-0.7083615411322746,7.30013860680942e-05,2.1609719059540613e-06,-7.296939473700338e-05
42169.65034285822,18.86647333546391,-88.95854575042466,176.04754898727072,-9684.218631709004,1.8765377900394129e-06,0.0001032266699192712,-0.03654977579106604,3.8972255948293685e-10,0.7086080099689305,0.020942437645190392,-0.708298472465955,7.315459189722387e-05,2.162035226406959e-06,-7.312263616233449e-05
42266.86142656028,18.84936941057821,-88.96509288112769,174.62930772787058,-9666.987489016055,1.8680698913483356e-06,0.0001034110969300362,-0.03640083014816895,3.8951929465222347e-10,0.7085497610105602,0.02087836723794944,-0.7082420896908057,7.327909363616503e-05,2.15926659211326e-06,-7.324727388730604e-05
42364.296604954114,18.83487249284525,-88.93365592641553,179.6496408646547,-9651.648093988373,1.9278487457378306e-06,0.00010357336414781132,-0.03625948324991394,3.8924106558081994e-10,0.7085189356874719,0.021284658801972913,-0.7081991566836208,7.339160274714036e-05,2.2047614322221445e-06,-7.335847858851113e-05
42461.9563946313,18.803815933354812,-88.96608440594994,173.63098432322585,-9620.942756732584,1.8752127137207837e-06,0.00010390607555285005,-0.03606099970306026,3.8958524568165277e-10,0.7086150258873734,0.02090532707596094,-0.7083065877239954,7.363655975374817e-05,2.1724015299744963e-06,-7.360450804101531e-05
42559.84131337431,18.77524173870222,-89.04437195129458,160.02785429851673,-9593.764473639583,1.7381876421648885e-06,0.00010420537676405891,-0.035876426972469296,3.8979034654901677e-10,0.7087287592637523,0.019959410459903997,-0.7084476523651067,7.385874773292527e-05,2.080029973085015e-06,-7.382945274067092e-05
42657.95188015926,18.755609391444445,-89.08708297358993,152.57375309977226,-9574.903390513518,1.663798649692258e-06,0.00010441318384330937,-0.035723543608204886,3.8965991454939766e-10,0.7088058942135518,0.019452169796704107,-0.7085389253683053,7.401316956846304e-05,2.031186187066657e-06,-7.398529281041965e-05
42756.28861515862,18.714410069455226,-89.14487391923228,142.315941947115,-9534.848213585607,1.5650536935122035e-06,0.000104855079547558,-0.03549228134560452,3.90396888636001e-10,0.708852688767789,0.018757540588042246,-0.7086044658654163,7.433013419425155e-05,1.966911505247939e-06,-7.43041055962991e-05
42854.852039743964,18.686098415295888,-89.17787835442303,136.42684866044726,-9507.286697277816,1.509027826382283e-06,0.00010516082662947073,-0.03530829302269654,3.906281538937849e-10,0.7087503299752148,0.01836555285695256,-0.7085123405475973,7.453545753947444e-05,1.9314063461617454e-06,-7.451042947228799e-05
42953.64267648873,18.649932307613746,-89.18366408772665,134.95665986263805,-9471.49779800487,1.5040727109524289e-06,0.00010555849103204588,-0.035094478584504145,3.9120236263420063e-10,0.7087441469161859,0.018312737573956735,-0.708507522493939,7.481652864816131e-05,1.933131245301441e-06,-7.479155007452099e-05
43052.66104917105,18.618999100862418,-89.20982315048536,130.21661482440683,-9441.417373386885,1.4605263727393943e-06,0.00010589615686497524,-0.0349025637010457,3.915461291687972e-10,0.7087939194513395,0.01800945666732494,-0.7085650850287076,7.506062267966588e-05,1.9071848593428499e-06,-7.503638932525649e-05
43151.907682776524,18.593045159469376,-89.22400277683104,127.53673532205605,-9416.10310535647,1.4381799144728183e-06,0.00010618156662496017,-0.034728924730217214,3.91695810369138e-10,0.708722588490717,0.017851281787962858,-0.7084977340651901,7.525507270819131e-05,1.895522353461932e-06,-7.523119674259267e-05
43251.38310350088,18.557983229899808,-89.23033070300099,126.03554856776657,-9381.783392955442,1.4316731516093308e-06,0.00010657030933369321,-0.03452276192955902,3.922245107273277e-10,0.7087775908462689,0.017793434491799442,-0.7085542089175866,7.55363156064743e-05,1.8962937046174303e-06,-7.55125091993818e-05
43351.08783875289,18.5223130478852,-89.16126661808944,136.81572642840757,-9345.524952693177,1.5661579143280058e-06,0.0001069801568160313,-0.03431024608983744,3.928406583969724e-10,0.708673168711878,0.018663824887576213,-0.7084273580916394,7.581690035846966e-05,1.9967361744220283e-06,-7.579060248220667e-05
43451.02241715714,18.495048050115976,-89.21047506507809,128.43466602521883,-9319.906448288039,1.4783480300507485e-06,0.00010727684171638281,-0.034137497759163644,3.9301450450314557e-10,0.7084969129446641,0.018069997280288345,-0.708266440578974,7.60073005838988e-05,1.938542977025477e-06,-7.59825755892584e-05
43551.18736855686,18.463069490881647,-89.26269838402068,119.55159030965434,-9289.8527690844,1.3850510369728963e-06,0.0001076265081695598,-0.03394915450372272,3.9337911644521484e-10,0.7085502065723754,0.017444885846291582,-0.7083354227988077,7.625983022587573e-05,1.877557893015856e-06,-7.623671348135204e-05
43651.58322401661,18.425220820013436,-89.18853472984688,131.03924369965392,-9251.774402851575,1.5306087585995318e-06,0.00010806569493066278,-0.033732238783375036,3.9408971190968617e-10,0.7085802793386711,0.018381712047726085,-0.7083418136252184,7.657558554731354e-05,1.9864938447489093e-06,-7.654981478827175e-05
43752.21051582521,18.39461639844982,-89.1477845651169,137.16985095007612,-9221.463993041454,1.6127343362975255e-06,0.0001084186613129872,-0.033544398322585954,3.944757012082012e-10,0.7084238147177159,0.018900559277023637,-0.7081716388829874,7.680950264843899e-05,2.049257136314648e-06,-7.678216096392325e-05
43853.06977749856,18.356430549768174,-89.17076953620942,132.94562148992094,-9185.252474082465,1.5754363829623097e-06,0.00010884736760932863,-0.033335826709841636,3.951200184462376e-10,0.7083758951325443,0.01863448117190263,-0.7081307541099224,7.710752594768968e-05,2.0283845771112326e-06,-7.708084206715034e-05
43954.16154378246,18.34100897167496,-89.15943566496524,134.54284352080373,-9170.248754982498,1.5995760525009936e-06,0.00010902482748314245,-0.033204829019067385,3.948562485028654e-10,0.708520617925089,0.018797717708311526,-0.7082712134725713,7.724921523921091e-05,2.0494942624362886e-06,-7.722202294904075e-05
44055.486350655345,18.318730194133195,-89.19759224215426,128.14687363725477,-9149.70590032026,1.5304127130121389e-06,0.00010927169608374597,-0.03305424687137492,3.9483259381617726e-10,0.7085158649874673,0.018345280039973263,-0.7082783221581711,7.74228494113701e-05,2.004674735080756e-06,-7.739689199303949e-05
44157.044735331256,18.281364175347747,-89.20469317829874,126.52081919861739,-9114.272861905542,1.5227698256821001e-06,0.00010969688455269395,-0.03285051314813042,3.9545594186106286e-10,0.7084187411024795,0.018274407111279152,-0.708182998094386,7.771329629987182e-05,2.0046962793971045e-06,-7.768743537161619e-05
44258.83723626265,18.26224285543922,-89.12558180627965,138.80711980455857,-9094.555353937843,1.6778288007328585e-06,0.00010993028977318356,-0.03270405483260491,3.954018172791806e-10,0.7083205329909789,0.019268998440192014,-0.7080583896514018,7.786939403125653e-05,2.118342137832801e-06,-7.784057523799636e-05
44360.86439314325,18.228129053237417,-89.20128395311936,126.35917005025932,-9063.769528616644,1.5378170011277381e-06,0.00011030793309156919,-0.032518386268145114,3.958323436986119e-10,0.7083796470066225,0.018354487251342366,-0.7081418198997764,7.814188633138869e-05,2.024697155721513e-06,-7.811565144614287e-05
44463.126746910886,18.20314422318348,-89.13102922740075,137.0968694975438,-9038.819223008964,1.6776611086108029e-06,0.0001106084736564866,-0.03235428689584606,3.960120774306183e-10,0.7083463604086259,0.01924141870144547,-0.7080849766168624,7.835247906251008e-05,2.1283554772107456e-06,-7.832356655696743e-05
44565.62483975033,18.168543791120733,-89.12318992507342,137.83385303186776,-9006.148290433332,1.6989320088313285e-06,0.00011100925694474434,-0.03216319806566674,3.965345543598591e-10,0.7082658481887223,0.019355686592508588,-0.7080013199896048,7.862758444344909e-05,2.148756552225974e-06,-7.859821805035393e-05
44668.3592150963,18.14093293410293,-89.15872717205886,131.87714086336726,-8980.987293975453,1.6346610935348757e-06,0.00011132232936565567,-0.03199957524292997,3.967309202702911e-10,0.7083205045311894,0.018937642266089134,-0.7080673010701175,7.885465792979416e-05,2.108256493121915e-06,-7.882646974071628e-05
44771.33041763626,18.105129227640177,-89.19020421818885,126.4787055888432,-8948.19861327838,1.579281053131154e-06,0.00011173201420596753,-0.031809419728798104,3.9726885307253096e-10,0.7082504833087218,0.018566484425368367,-0.7080070852492372,7.913637940406965e-05,2.074526442709464e-06,-7.910918331788895e-05
44874.53899331323,18.09018749209454,-89.20147973827818,124.52647182759804,-8934.500055943476,1.5596847076147327e-06,0.0001119039422134313,-0.031687675903926446,3.9696285986383807e-10,0.7082481087595619,0.018446810723724425,-0.7080078380467404,7.925763940402889e-05,2.0643199105126933e-06,-7.923075152493591e-05
44977.9854893288,18.05058189571311,-89.25781873460717,115.27797292513557,-8898.866357252362,1.4554727813972918e-06,0.00011235500971798207,-0.03148870615841396,3.9763577170016967e-10,0.7084225876401156,0.017774761484974155,-0.708199562646624,7.959563942496928e-05,1.997103890681646e-06,-7.95705811938027e-05
45081.670454146006,18.014286642540462,-89.25808990701199,114.80186959935543,-8865.353146037824,1.460441145581158e-06,0.00011277975306295619,-0.03129797013361211,3.9822093846056435e-10,0.708369082509109,0.01778988297066853,-0.7081456609474401,7.989047385132165e-05,2.0063582888910044e-06,-7.986527617560278e-05
45185.59443749224,17.98506250682275,-89.30217761224867,107.66192619456832,-8839.310811291176,1.3777198406999763e-06,0.0001131142114327512,-0.031134259196008925,3.9847559395053075e-10,0.7083214933196933,0.017263678607062603,-0.7081110811868377,8.012121106778246e-05,1.9527669999116302e-06,-8.009741047007827e-05
45289.75799036209,17.9666528457626,-89.29840461343963,108.03615528197817,-8822.330453364688,1.387833470812468e-06,0.00011333174030296222,-0.031002980884595494,3.98324308398848e-10,0.7082678787828587,0.01732890273762235,-0.7080558574332114,8.026925218584366e-05,1.9639152157239254e-06,-8.024522343105548e-05
45394.16166502032,17.917447633819208,-89.31934858726056,104.2813446961751,-8777.767518046028,1.353247342666301e-06,0.00011390810698640757,-0.030775435398887822,3.9942574822367784e-10,0.7083937305290546,0.0170930651034821,-0.7081874784110765,8.069142620221242e-05,1.9470299381915096e-06,-8.06679325194769e-05
45498.80601500485,17.887607669716946,-89.32982143208109,102.36133304677305,-8750.809378898517,1.3365341692343094e-06,0.00011425950986794657,-0.030610354220005548,3.9973475347380877e-10,0.7083562435343407,0.016982719647792726,-0.7081526353742156,8.093587101464836e-05,1.9404236490294325e-06,-8.091260700880973e-05
45603.69159512962,17.84463827974648,-89.34683481364952,99.3223772607462,-8712.201180749915,1.3083829430465581e-06,0.00011476663905615456,-0.03040521139028756,4.0058274304828167e-10,0.7082436887753106,0.016789817363317004,-0.7080446488202319,8.12818721574483e-05,1.926890151088928e-06,-8.125902925684878e-05
45708.81896148752,17.82033572217701,-89.3493105688767,98.69712408664434,-8690.298742717472,1.306709569512378e-06,0.00011505600223023071,-0.030259018571757862,4.0066870779340185e-10,0.7083418781741587,0.016781637161427422,-0.7081430597199105,8.149803818432733e-05,1.930805658000743e-06,-8.147516319348558e-05
45814.18867145335,17.785596802152316,-89.3254260858644,101.94686621375818,-8658.584555857104,1.359627292717802e-06,0.00011547630952935973,-0.030079252131391846,4.0121136735837153e-10,0.7081934283416926,0.017093388269387517,-0.7079871100689843,8.1778979302339e-05,1.9738672932370533e-06,-8.175515459982373e-05
45919.80128368686,17.746119616794033,-89.33436985497517,100.18619066020935,-8623.388960190458,1.3470797172487795e-06,0.00011594803920250514,-0.029888086203586413,4.019223491942273e-10,0.7082027729502304,0.01700327623173669,-0.7079986272668773,8.211395735819824e-05,1.971478159604173e-06,-8.20902872871706e-05
46025.6573581356,17.717664419690134,-89.42439998807849,86.39645697176574,-8599.697212095298,1.1681154831501226e-06,0.00011627142843524588,-0.029737420364222708,4.0210268332633626e-10,0.708393035817435,0.01591526312199716,-0.708214231426056,8.236367119134854e-05,1.8504409733381334e-06,-8.234288190439274e-05
46131.75745603795,17.671899059256486,-89.3439487683935,97.98987014868666,-8557.503372951289,1.3379198073155455e-06,0.00011684119232394525,-0.02952345710281418,4.031559304237392e-10,0.7082295193134952,0.016926048421862232,-0.7080272317586699,8.274939165194849e-05,1.9776360230482617e-06,-8.272575641556809e-05
46238.102139926035,17.642951643261718,-89.35275732592417,96.38650318525696,-8532.047006413384,1.323897383157874e-06,0.00011719021161147793,-0.029367932352711186,4.034287941789671e-10,0.7080988432936608,0.01683441091713753,-0.707898703546555,8.298108590067185e-05,1.9728004241674256e-06,-8.295763181131129e-05
46344.6919736288,17.60824240994012,-89.37049329875201,93.41248054083012,-8501.776896314897,1.2922099195228846e-06,0.00011760827220712369,-0.029196435675587905,4.03934016187136e-10,0.7080929115597349,0.01663550344980048,-0.7078974723970373,8.327609519097967e-05,1.956437843423586e-06,-8.325311033962592e-05
46451.52752227495,17.57162447673189,-89.37893579336753,91.8127368675807,-8469.778550294855,1.2796988899087815e-06,0.00011805296931969284,-0.029019651130454696,4.045275238836103e-10,0.7080532172957588,0.01655067754685866,-0.7078597555982505,8.358612589396947e-05,1.953817853332856e-06,-8.356328761937572e-05
46558.609352295905,17.534029339439343,-89.3246530842569,99.43840445179143,-8435.86741435709,1.3971219530064394e-06,0.00011852498662087725,-0.028836986691411347,4.052195465987366e-10,0.7080445092789228,0.017241548554283843,-0.7078345542028031,8.392016961267088e-05,2.043534919201826e-06,-8.389528492623081e-05
46665.93803142887,17.502313545308986,-89.32556981789347,98.97835188680831,-8408.253446100982,1.3998079448999424e-06,0.00011891428531811261,-0.02867648557316399,4.056153086483976e-10,0.7080339059913547,0.017250467485849484,-0.7078237304618249,8.41945003805082e-05,2.0513064120393025e-06,-8.416950775861364e-05
46773.51412871981,17.465006122904544,-89.35825464063404,93.82556140055642,-8376.506031596131,1.3370291503454937e-06,0.00011936654121871803,-0.02850250543713186,4.0621618775641234e-10,0.7079195372450833,0.01686450643512599,-0.7077186302733541,8.450047338848895e-05,2.013023659125268e-06,-8.447649222491741e-05
46881.33821452653,17.434055515298017,-89.34942474769127,94.81090262539993,-8349.581532029584,1.3597932067795014e-06,0.00011975104056929146,-0.0283455469528288,4.0658880982479556e-10,0.7079660597136093,0.01699528384674737,-0.7077620377170439,8.477835056358019e-05,2.0351711951699413e-06,-8.475391909810218e-05
46989.41086052156,17.38877597207303,-89.36400449401596,92.25655735447793,-8310.89876656133,1.3355118543020523e-06,0.00012030910475013758,-0.028149333988476608,4.0754178130262437e-10,0.707845295192766,0.016832953796315882,-0.7076451183983572,8.515863128464935e-05,2.025119493634028e-06,-8.513454864689989e-05
47097.73263969529,17.349727436653637,-89.32998249539372,96.79351079866817,-8276.808910206222,1.4127359413610212e-06,0.00012080298907172571,-0.027969394220394177,4.082791510422913e-10,0.7077717666835116,0.017272039668300578,-0.7075609870251439,8.549988301439795e-05,2.086488103332454e-06,-8.547442051789755e-05
47206.30412635905,17.32038956256939,-89.28820040728526,102.50915505906656,-8250.973792680948,1.5055154232653887e-06,0.00012117911121872047,-0.027817963908206088,4.08615582111806e-10,0.7077777584658098,0.017808895606772214,-0.7075536718978662,8.576753666713287e-05,2.1580575098401627e-06,-8.574038216460319e-05
47315.12589614805,17.274336552765398,-89.24246183949988,108.5680936486637,-8210.980528627288,1.6100384465900774e-06,0.00012176684595820171,-0.02761945813333925,4.0966146087887604e-10,0.7076596169892108,0.018391430599510695,-0.7074205883332912,8.616998471759331e-05,2.2394796250167785e-06,-8.614087878144383e-05
47424.198526024484,17.241826392794813,-89.27747369610513,103.2114534745876,-8184.154929257287,1.5406753877206687e-06,0.00012216789556116533,-0.027465908808272474,4.1005894451592045e-10,0.7076689297303139,0.01798020257440591,-0.7074404755320629,8.64542157861148e-05,2.1965982226153935e-06,-8.642630608466674e-05
47533.522594280534,17.209753952812935,-89.24406661697019,107.61902503114078,-8156.483477286467,1.6173631065936729e-06,0.00012258051447582572,-0.02731008755100577,4.10503789766005e-10,0.7075102751912768,0.01840942577724311,-0.707270727899712,8.672738442570412e-05,2.2566475744932266e-06,-8.66980204563426e-05
47643.09868054156,17.168099318806984,-89.23029553985195,109.10669888615082,-8121.2694265086675,1.6539607521579531e-06,0.00012311123905564935,-0.027129641211557823,4.1133551934752443e-10,0.7075513109389521,0.018601412036677898,-0.7073067545850749,8.710817695484201e-05,2.2900601924553144e-06,-8.707806909153993e-05
47752.92736576909,17.137394193927967,-89.19712368501739,113.44082045998391,-8094.9639256303735,1.7308293173565248e-06,0.00012350934018823386,-0.026979571598749422,4.117230809191334e-10,0.7073768102192403,0.019027180175579857,-0.7071208652348714,8.736896429976655e-05,2.350070007200593e-06,-8.733735222558066e-05
47863.00923226385,17.089002566169643,-89.15423080569306,118.89569984037436,-8053.884021778565,1.8325708257511583e-06,0.00012413664171294836,-0.026780920667454335,4.1287136232532904e-10,0.7072954202683727,0.01957529519655591,-0.7070244828508994,8.780351802482738e-05,2.4300733970254586e-06,-8.776988390570684e-05
47973.34486366891,17.062144568096457,-89.09065161015143,127.46195070540024,-8030.386045678435,1.97605174678158e-06,0.00012449564976115644,-0.026641370072025387,4.131271223921535e-10,0.7072036473017611,0.020378251828942467,-0.7069099840922534,8.804748627233676e-05,2.5371105692239622e-06,-8.801092494024173e-05
48083.93484497285,17.023367761496687,-89.09075956994081,126.93898728563477,-7998.387933699703,1.983721619868461e-06,0.00012499371081693429,-0.026474184787894255,4.13825899203777e-10,0.7071103326227801,0.020395326162142177,-0.7068161381665239,8.838803062418085e-05,2.5493938219274494e-06,-8.835125663374489e-05
48194.77976251274,16.9912965079253,-89.0380750840554,133.8355456469489,-7970.987458237745,2.105837257958288e-06,0.00012541961323604426,-0.026322810510876322,4.1429339152937214e-10,0.7069424477766031,0.021061388831067097,-0.7066286453073366,8.866944325326087e-05,2.6416600497885295e-06,-8.863008405177443e-05
48305.880203977285,16.951035595969273,-89.08304737690013,127.06400544218745,-7938.915818600805,2.0155283453125495e-06,0.00012592952510630882,-0.02615660226012664,4.1501035668757814e-10,0.7069713063825628,0.020528764485326614,-0.7066731902916463,8.903239556550162e-05,2.585288912899083e-06,-8.899485233073199e-05
48417.23675840994,16.914805980986785,-88.99745051781834,138.38142279412799,-7907.701747157123,2.2123011961583664e-06,0.0001264202786823901,-0.025993838265416222,4.1569026206549874e-10,0.7067153376479984,0.021597886800412473,-0.7063852346649674,8.934919925427375e-05,2.7305957411702264e-06,-8.930746471755996e-05
48528.8500162121,16.884894717591482,-88.99306073849033,138.55894196633292,-7883.320817335373,2.2288560148114544e-06,0.00012681092083306793,-0.025854094536322543,4.160168591119157e-10,0.7068173333996888,0.02167641230524119,-0.7064848731174787,8.96383109166067e-05,2.7489945336060773e-06,-8.959614842746565e-05
48640.720569146164,16.845160472077797,-88.9938539632503,137.8856868803388,-7851.202043278106,2.236211867200492e-06,0.00012732975828160965,-0.025689537485871872,4.167580314496672e-10,0.7066353967069275,0.02168237813152982,-0.7063026676699715,8.998183433936037e-05,2.760999754904521e-06,-8.993946514978565e-05
48752.84901033863,16.805955263443586,-88.9633211877302,141.48877777975616,-7819.032336765071,2.3135228456756296e-06,0.00012785119940989903,-0.025525434345952506,4.1751023116793056e-10,0.7066721617991214,0.022081283220223565,-0.7063270922123771,9.035585146825059e-05,2.8233362720775217e-06,-9.031173050521916e-05
48865.235934283366,16.76468301697094,-88.94618664049165,143.2131919838171,-7785.616030120672,2.3618381768889484e-06,0.00012839854287037636,-0.025357889970604848,4.183378404978723e-10,0.7065741450824079,0.022310840012473198,-0.7062218128299872,9.073054630434594e-05,2.864914767868363e-06,-9.068530363878103e-05
48977.88193684462,16.73550603730527,-88.86963507694563,153.12932017708897,-7760.79058214154,2.5414254782162422e-06,0.0001288027067170783,-0.025218897481960593,4.187108039484989e-10,0.7065251308121613,0.023274239878998973,-0.7061416785795868,9.101210927300647e-05,2.998106607586164e-06,-9.096271429047848e-05
49090.78761526029,16.682577689818263,-88.7933889679731,162.54347825403195,-7717.216432725982,2.7280703546159014e-06,0.00012952294116268058,-0.02501962591849996,4.2010654849358643e-10,0.7062187067563515,0.02422491798313394,-0.7058030993990633,9.148378059649526e-05,3.1381030558026715e-06,-9.142994269624609e-05
49203.95356814509,16.65477027311447,-88.77312219460059,164.79448145707158,-7694.804708634052,2.7819435457184117e-06,0.00012989823509547844,-0.024889589488165775,4.2036110943144135e-10,0.706197507432845,0.024495394181221757,-0.7057725520082726,9.174675368844867e-05,3.182357446453777e-06,-9.169154493982457e-05
49317.380395493594,16.61000984282466,-88.60768488701187,186.08551342470838,-7656.1804850352155,3.1727200809599345e-06,0.0001305363169936014,-0.02470769857655299,4.2151008386572123e-10,0.7058686471961295,0.02654239086768103,-0.7053694412019287,9.216054055083701e-05,3.4654621643754703e-06,-9.209536256842554e-05
49431.068698683535,16.580378164209307,-88.55435311008009,192.60191492238323,-7631.832555578563,3.304657270398894e-06,0.00013094672995033998,-0.024572478565536845,4.21882293553471e-10,0.7056558867164431,0.027212383732099766,-0.7051309925320164,9.242452526045027e-05,3.5641899897522878e-06,-9.23557763181955e-05
49545.019080479,16.563036018978753,-88.48519998116551,201.42213247220693,-7616.813392546005,3.469420650143475e-06,0.00013119675255168322,-0.024467716927570625,4.2174196372554034e-10,0.7056819878513081,0.028086143174757373,-0.7051228520898616,9.260727098928408e-05,3.685769393021026e-06,-9.253389510911212e-05
49659.2321450336,16.546352558234588,-88.50047427976263,199.05706639710712,-7604.088086375189,3.440216817804208e-06,0.00013141815154969408,-0.024370658876042183,4.2147613855745744e-10,0.7056293090964164,0.027917815445443115,-0.7050768166920822,9.275593528842767e-05,3.6698349253204787e-06,-9.268330940817705e-05
49773.70849789361,16.519505027636225,-88.49216262044672,199.60575743898056,-7582.997538481518,3.4688891327802032e-06,0.00013178266044344374,-0.024247169401775286,4.2167632342540463e-10,0.7055483692810572,0.028038663353348824,-0.7049910174977527,9.300285488918836e-05,3.6959560147456437e-06,-9.292938677660847e-05
49888.44874600122,16.496336417641455,-88.52077400519376,195.36691707431888,-7565.586821256973,3.410957271322112e-06,0.00013208937196858403,-0.024135858505531523,4.216746684450777e-10,0.7055300085667545,0.027707722787539173,-0.7049857268669584,9.32156317671862e-05,3.660783883193469e-06,-9.314372049213088e-05
50003.45349769783,16.469374839745385,-88.56930109307136,188.45841740951633,-7545.702000382388,3.307847050551523e-06,0.00013244315881135718,-0.0240170565921922,4.2181350659875154e-10,0.705651739714698,0.027137182151598792,-0.7051297406202994,9.347937586752584e-05,3.594927508235801e-06,-9.341022539739803e-05
50118.72336272722,16.426926901696312,-88.60471479597138,183.01202117672426,-7513.692169026651,3.2397779344625284e-06,0.00013301144886023684,-0.023860169799552217,4.22636239346245e-10,0.7056301551665661,0.02672246440596095,-0.7051239790111129,9.387613692490024e-05,3.5551226222079476e-06,-9.380879589400818e-05
50234.25895223871,16.376387062398685,-88.67283491097417,173.20787087622435,-7476.315568615341,3.0971292952240017e-06,0.0001336839708886248,-0.023686874329953613,4.2377224325716483e-10,0.7056535782767571,0.025906955721410517,-0.7051778514531212,9.43512125564769e-05,3.4639556309361823e-06,-9.428760428743743e-05
50350.06087879047,16.341629709055997,-88.72798549926995,165.4431940483184,-7450.889397142183,2.9786440042000405e-06,0.00013414602611137633,-0.023552024710375232,4.2424039158111144e-10,0.705741653847894,0.02525335828467702,-0.7052896921629482,9.468703022521599e-05,3.3881597977845606e-06,-9.46263920164752e-05
50466.12975635282,16.301040740987816,-88.68924835423711,169.75913514572352,-7419.243112973281,3.082383278044962e-06,0.00013471411059880857,-0.023398053726946543,4.250700728159288e-10,0.7056396060927056,0.02574855999361985,-0.7051696713167149,9.507567202344352e-05,3.4692803860385033e-06,-9.501235448252216e-05
50582.4662003114,16.241054870197253,-88.77518439819791,157.69363183311884,-7375.643492302856,2.8974492897075257e-06,0.0001355194420312704,-0.023207055892350753,4.265993752203014e-10,0.7057351663961136,0.024716357752561098,-0.7053022236939265,9.565377821162946e-05,3.3500002766417162e-06,-9.5595098118607e-05
50699.070827470445,16.207361272465942,-88.67719337710591,169.6832511713468,-7348.320258502068,3.14073515015914e-06,0.00013601299816679344,-0.02306790782306079,4.272007986536937e-10,0.7054819453801257,0.025935459189370128,-0.7050050547435551,9.59713076267268e-05,3.5281695706079497e-06,-9.590643308488157e-05
50815.94425605605,16.151227590454187,-88.73477702171073,161.3926403860715,-7307.497726856851,3.0208875363634625e-06,0.00013677903002429177,-0.022886997415647783,4.285992854962257e-10,0.7054177683324632,0.025246839020816873,-0.7049658325043914,9.650081063154854e-05,3.4537554067461383e-06,-9.643898602814302e-05
50933.087105719525,16.109836122849497,-88.72111361526501,162.4424070800829,-7276.423238087012,3.0665293168996996e-06,0.00013736169995784254,-0.022737257688042963,4.2943968884756673e-10,0.7053556622466128,0.025434998812981287,-0.7048969223217969,9.690383671470863e-05,3.4943349911752737e-06,-9.684081367378302e-05
51050.49999754062,16.05826903744769,-88.73499067677686,159.8426827446428,-7238.54186402516,3.0491504878769515e-06,0.0001380820383969049,-0.022566864545748366,4.3069421769475943e-10,0.7052093089302458,0.025281360450887004,-0.7047560019011028,9.739123198751026e-05,3.491421354558076e-06,-9.732862911276403e-05
51168.18355403079,16.011611470502128,-88.67159283459614,167.0302632497816,-7202.922810137029,3.217689765787559e-06,0.00013875791463775945,-0.022404171700411424,4.318285688532337e-10,0.705218425273691,0.02608387657067808,-0.7047358787010565,9.787161072166112e-05,3.6199720857357183e-06,-9.780464195195884e-05
51286.138399136486,15.95896289190362,-88.73040569472651,158.80526414263267,-7165.582044956167,3.091353649038603e-06,0.00013948749319962888,-0.022236764907308904,4.3308052907016777e-10,0.7051601216051997,0.025380802490494347,-0.7047032084269225,9.83757450296015e-05,3.540834596215963e-06,-9.831200181306148e-05
51404.365158242595,15.909154407098354,-88.67564457887556,164.79402887998216,-7128.238081169252,3.2414925329768698e-06,0.00014021218287113706,-0.022069999749273424,4.343481089693256e-10,0.7050203044413595,0.026071631743525746,-0.7045380754031803,9.886933246772878e-05,3.6561852340824873e-06,-9.880170652447439e-05
51522.864458175645,15.857900354438275,-88.6906114696818,162.0903965368052,-7091.461832450388,3.221505729876303e-06,0.00014094101448663352,-0.02190563774454308,4.355964802385518e-10,0.7049244882795548,0.025906599543505434,-0.7044482821870492,9.936911380367998e-05,3.6519029784138363e-06,-9.930198579467057e-05
51641.63692720711,15.803617527845308,-88.70468884559784,159.4709482736216,-7052.7112926735435,3.2044048414553516e-06,0.00014171698642471923,-0.021735830450363907,4.369824804738168e-10,0.704859988231103,0.025753741132137336,-0.7043893439191492,9.990646050267633e-05,3.650320863964873e-06,-9.983975164113204e-05
51760.683195056765,15.75492573789597,-88.62590832387843,168.30032795734917,-7016.307465878096,3.416787160434278e-06,0.00014244315239330231,-0.021573904100897063,4.3823949997278475e-10,0.7046977924592762,0.026738711431400948,-0.7041903293911138,0.00010039845088925354,3.809470151905672e-06,-0.00010032615251330829
51880.0038928961,15.699204197371593,-88.59159994961925,171.51342295711737,-6976.012182903366,3.5222583773531126e-06,0.00014326177466525287,-0.021400669596526034,4.397571417936321e-10,0.7046159566875583,0.0271798895867051,-0.7040915423585044,0.0001009651384788667,3.894634076785226e-06,-0.00010088999461524752
51999.59965335159,15.65489306601473,-88.62214171341735,167.05419228697946,-6945.311487137886,3.461168479996548e-06,0.00014389877245189758,-0.021257483939487808,4.406851373649766e-10,0.7045312774308555,0.026824067394446188,-0.7040204473499128,0.0001014005207712592,3.86068651617407e-06,-0.00010132699893072133
52119.47111050806,15.591842134473792,-88.52910119519487,177.15382561001275,-6899.139878579772,3.7194127908501826e-06,0.00014485009861849594,-0.02106760086705887,4.4261403538384217e-10,0.7042797189533193,0.027980043394088654,-0.7037236955656896,0.00010203851603415107,4.053846830556248e-06,-0.00010195795741542733
52239.61889991197,15.536715497413534,-88.48798516246856,181.07068014674442,-6859.838319517219,3.845190757402851e-06,0.00014567453373516125,-0.020899409305687063,4.441260546086689e-10,0.704067382344857,0.028499256993449313,-0.7034903490686709,0.00010259021366734854,4.152649217438923e-06,-0.00010250613369349724
52360.04365857501,15.483094549659537,-88.40505177253443,189.92459221678627,-6820.952820686492,4.07900775868694e-06,0.00014649350646208043,-0.020733144630047967,4.456306833835986e-10,0.7038311821998174,0.029530452077120354,-0.703211408778977,0.00010313635999931182,4.3272639993714405e-06,-0.00010304554109803778
52480.746024977256,15.428332304897568,-88.33478278680097,197.15736948587465,-6781.760535028868,4.283129628715726e-06,0.00014732981860218135,-0.020566603826509704,4.4717517017134223e-10,0.7037178863731361,0.030410874385988038,-0.7030604826901835,0.00010371202709822456,4.481871911278869e-06,-0.0001036151407323937
52601.72663907063,15.356673261547796,-88.3149035996074,198.05810819439327,-6732.327966499068,4.366026714707031e-06,0.0001484085858532717,-0.020369735802327756,4.494225577839323e-10,0.7035302102462052,0.030669576278998075,-0.7028613901900832,0.00010444456915833772,4.553138776524923e-06,-0.00010434527758337938
52722.98614228227,15.299109170440527,-88.2218044277354,207.7333576725981,-6691.290434275305,4.635195991445155e-06,0.0001493041028462586,-0.020199006661050442,4.511388736111776e-10,0.7030490408655595,0.03181283122623357,-0.702328909864427,0.00010500804649807543,4.751593511210789e-06,-0.0001049004870743992
52844.52517751802,15.239718476769434,-88.13068682323444,217.01512000841717,-6649.307652157962,4.903145469798872e-06,0.000150231572301104,-0.020026108237792082,4.5294315843245583e-10,0.702956569022978,0.03294840534863387,-0.7021839791091355,0.00010565175405063326,4.952022602324735e-06,-0.00010553563666421673
52966.34438916578,15.18603710636441,-87.9864531996258,232.40023581194757,-6610.26130856509,5.312058275368201e-06,0.00015109319129487828,-0.019862721781540048,4.545707676246737e-10,0.7027934291108987,0.03473096201830067,-0.7019347293578935,0.00010624205123359162,5.2503175090983535e-06,-0.0001061122406528802
53088.444423098845,15.122310777601069,-87.82725569033258,249.05207788281723,-6564.413541633923,5.771299600165272e-06,0.0001521175714341035,-0.01967959082251501,4.5669283591208596e-10,0.7021325317905494,0.03666977499048487,-0.7011743148467106,0.0001068725661841938,5.581557294654949e-06,-0.00010672671465458575
53210.82592667943,15.078723465253919,-87.72900153318754,259.0972491674591,-6533.427529311735,6.060356485970458e-06,0.00015281868113270258,-0.01954164906320824,4.578034418964085e-10,0.701851871631134,0.03788014246605249,-0.7008288981762077,0.00010732931508605679,5.7927461770457675e-06,-0.00010717287888533358
53333.48954876208,15.033338230478781,-87.61690102162035,270.55516124308207,-6501.084859153174,6.3904673387728675e-06,0.00015355452939107975,-0.019400189253472946,4.5902284110156606e-10,0.7015720454809367,0.039258794822560054,-0.7004727560936154,0.00010781164645930086,6.032958888672087e-06,-0.0001076427169822133
53456.43593969716,14.98533048019982,-87.56358082304106,275.22785439040047,-6468.463413599325,6.566055995116769e-06,0.00015431684075047127,-0.01925844677794731,4.6027671574519345e-10,0.7014228195001728,0.03992539214758397,-0.7002856094319186,0.00010832801523102014,6.166093215715321e-06,-0.00010815238406224451
53579.66575133417,14.920727056024724,-87.56670133870095,273.09143292229055,-6426.493615844161,6.6004930269988505e-06,0.00015532536427644825,-0.01908948500083985,4.6221714552134116e-10,0.7012364482900492,0.0398999358342109,-0.7001003867524062,0.00010900670685065116,6.202416630575103e-06,-0.00010883010689310456
53703.17963702527,14.84192830015719,-87.56106367491408,271.5535579356199,-6375.514596999639,6.668648608899715e-06,0.00015656604491398786,-0.018894498793651536,4.648414928062407e-10,0.7011128148143067,0.039985106931965185,-0.6999716925136898,0.00010985844607633705,6.265327948548903e-06,-0.0001096796418666864
53826.97825162881,14.772624039379838,-87.4817822889785,278.3643329062351,-6329.409242747416,6.935025050066607e-06,0.0001576876289871591,-0.018714718911502313,4.671506470604566e-10,0.700839266559411,0.040961029331816126,-0.6996412449445867,0.00011060883482142872,6.464608853497334e-06,-0.00011041975897875066
53951.06225151276,14.690659848692304,-87.41858721613814,282.95151810641374,-6276.003979801124,7.16908525588163e-06,0.00015901384059910012,-0.01851413141029951,4.70042276889953e-10,0.7006190232821415,0.041742986085659205,-0.6993743910792519,0.00011150946696825202,6.643750702442091e-06,-0.00011131137318417866
54075.4322945581,14.60725916694241,-87.21642709766164,302.37595913713267,-6219.069644595824,7.799575506084152e-06,0.00016041653380460287,-0.018303980816622906,4.73254455464796e-10,0.7000534915701394,0.04419812813281376,-0.6986568660859912,0.00011242083941390075,7.097729994988866e-06,-0.00011219655682526223
54200.089040162384,14.522585318663513,-87.05325233777138,317.22860495752036,-6162.669443712773,8.330773736649742e-06,0.00016183850997992784,-0.018096267404311448,4.764872215282566e-10,0.6994326468826086,0.04617019263832654,-0.6979071147630977,0.00011333288098589766,7.481207762744966e-06,-0.00011308569070830441
54325.0331492433,14.442381593752442,-86.87507213120712,333.5246724855569,-6109.13438946257,8.909967028271116e-06,0.00016320287664399355,-0.01789780658622938,4.795572407840237e-10,0.6987364477889785,0.04831572557826965,-0.6970639957210566,0.00011419334082848221,7.896159039353595e-06,-0.00011392001475594681
54450.26528424212,14.373576958880381,-86.6141755560406,358.5853805505819,-6061.007673459729,9.727146106750195e-06,0.0001644135829055655,-0.017715971195243933,4.822533995487309e-10,0.6981986397168517,0.05147319843283909,-0.6962986789773162,0.0001149816479048107,8.47677557942442e-06,-0.0001146687561225024
54575.786109127104,14.28808248072315,-86.31835739396591,386.21458940891534,-6002.212673979433,1.067607233153047e-05,0.00016591827034474562,-0.017503766498983896,4.85857322055877e-10,0.6974837978251145,0.055034659163070355,-0.6953091647025442,0.00011595204796426203,9.149146487519128e-06,-0.00011559052965384508
54701.59628939716,14.220726779326501,-86.05634870893944,410.56043497034494,-5955.450706425907,1.1520961291961009e-05,0.00016711916497718696,-0.017327454454039822,4.885460399370691e-10,0.6968027798988776,0.0581803969997492,-0.6943696101355209,0.00011671276353316813,9.74507437855374e-06,-0.0001163052135413786
54827.696492085364,14.145086836699646,-85.77027214156013,436.5981586833166,-5903.39936394891,1.2459729267517767e-05,0.0001684724416948181,-0.017136506728011987,4.917201070300937e-10,0.6959866063729986,0.061598013103294665,-0.6932553937996657,0.00011756192347821639,1.040477048918774e-05,-0.000117100583273378
54954.087385762454,14.08533343639181,-85.43300758286163,468.06092419462584,-5859.675870148217,1.3545435336695644e-05,0.00016957591734379559,-0.0169704643278638,4.942498408005278e-10,0.6949989884794932,0.06560808606557059,-0.6918953483225129,0.0001182174784850607,1.1159760850690004e-05,-0.00011768955755342611
55080.769640540355,14.023233496004037,-85.13696377627309,494.80392304749057,-5815.721877321092,1.4524242225088439e-05,0.00017071197160223482,-0.016804429031472203,4.968399419475021e-10,0.6941883988115739,0.06912510090976245,-0.6907381945924171,0.00011892126876928674,1.1841806515446007e-05,-0.00011833021500930215
55207.74392807573,13.946979809987948,-84.8589013157635,518.6074422649003,-5764.182142344239,1.5483245905451926e-05,0.00017209211106566284,-0.016617199247107372,5.001294585110022e-10,0.6934362457669369,0.07242160142496948,-0.6896440665955058,0.0001198036247680586,1.2512138520568566e-05,-0.00011914845738492752
55335.01092157365,13.86856880289857,-84.54112686502712,545.7361466733415,-5710.6490953217435,1.658301654074173e-05,0.00017352669230974772,-0.016425008627392684,5.036567479133649e-10,0.6924893148602943,0.07616489977511393,-0.688287991496239,0.0001206993823136568,1.327537647088818e-05,-0.00011996710078373352
55462.57129579107,13.78577098266996,-84.23547777844315,570.9001682104157,-5655.234973948535,1.767076472247499e-05,0.00017504343533162993,-0.016228216244247202,5.074222154553995e-10,0.6916297660570642,0.07976008176864482,-0.6870153292703216,0.00012166694500014706,1.4030867319484745e-05,-0.0001208552037271537
55590.42572704037,13.689425150930344,-83.88329604094132,599.184766445811,-5591.2852753702555,1.8948654909613806e-05,0.00017681914013375978,-0.016007804908377388,5.120454135798484e-10,0.6907357942872576,0.08389655149339746,-0.6856218390316665,0.00012282079083686138,1.4917774477775644e-05,-0.00012191147061053064
55718.574893192985,13.602495850650948,-83.5077915185037,629.5730581934903,-5532.380592339323,2.030645195890348e-05,0.00017844318344731552,-0.015802732213167938,5.163070824143369e-10,0.6896797867743564,0.08827666445935747,-0.6840068996706478,0.0001238489545230951,1.5852244493362903e-05,-0.00012283024823302413
55847.01947368306,13.493736593857243,-83.06943217953958,663.694353888863,-5460.048905315624,2.1938406021897153e-05,0.00018048182733868408,-0.015560253367039078,5.21943626771468e-10,0.6881260540792157,0.09332021432784675,-0.6817688786534895,0.00012509418979400212,1.696464845872665e-05,-0.00012393852114209547
55975.760149511014,13.405221480691122,-82.51381794128716,709.0518351532609,-5395.838800193846,2.394003255816891e-05,0.00018218210594906696,-0.015341898258891163,5.269399973545202e-10,0.6867306981986913,0.09974801560934338,-0.6794478532091041,0.0001261712115215075,1.832643860149061e-05,-0.00012483315370922414
56104.79760324706,13.294876187745203,-81.94654648177146,752.7034681783256,-5319.747616103571,2.6075529681268936e-05,0.00018428935527065333,-0.015090761668752712,5.332478376280178e-10,0.6852176268130006,0.10625904999027815,-0.6769285120235401,0.00012752148005706584,1.9775193739894793e-05,-0.0001259788457975952
56234.13251903491,13.203197559649622,-81.23305398181814,809.562587586632,-5249.485694668651,2.869518218619818e-05,0.00018606955249922353,-0.014857197214056829,5.391422603430838e-10,0.6831907472341231,0.11436452718087267,-0.6735505564016816,0.00012860896155835746,2.1528838233525114e-05,-0.00012679421957421315
56363.76558259543,13.095136523781628,-80.40609025230633,873.3821570401082,-5167.085490983273,3.1803796840071005e-05,0.00018815696643887804,-0.014590352308227254,5.464802669862151e-10,0.6808737897466133,0.1236764357293635,-0.6695470534691315,0.0001299133227046818,2.3597936868524546e-05,-0.00012775213811016989
56493.69748123025,12.999155422651967,-79.48063611623373,944.7281485673916,-5087.700306087726,3.52810580716828e-05,0.00019000116617949478,-0.01433315022358096,5.537307104948128e-10,0.6783493098122364,0.1339992293380932,-0.6649827010227669,0.000131075123275354,2.5892214011619782e-05,-0.00012849233905266777
56623.92890382535,12.91306919661894,-78.41701381203397,1026.5160352142289,-5008.346147900758,3.927403972274173e-05,0.0001916170608254015,-0.014077141264915096,5.612105085173734e-10,0.6756706015836271,0.14576536788769487,-0.6597599710265435,0.00013214606134697972,2.8508446574419024e-05,-0.00012903429777944012
56754.460540854714,12.839899669486837,-77.12948745695238,1125.730912189977,-4926.849730903969,4.407523963634073e-05,0.0001928987471076809,-0.013816226620282703,5.691815515235398e-10,0.672500132829823,0.15982280473325416,-0.6532328066955346,0.00013305201839917282,3.16204350272707e-05,-0.0001292400390311763
56885.29308438413,12.785588188886386,-75.7452060249986,1232.0974790937462,-4849.694586985631,4.920988398459836e-05,0.00019369645018820725,-0.013568583796514818,5.769069118090502e-10,0.6692446257855508,0.17472986104273236,-0.6460323868064428,0.00013373261622158064,3.4915605667882445e-05,-0.00012909420251240375
57016.42722807475,12.771681350296063,-74.16912714774644,1356.2452939197808,-4783.030643006963,5.4871431705642754e-05,0.00019351347462760423,-0.013351292018868042,5.836022645364516e-10,0.6657851509806845,0.1914602635668059,-0.6376620066628574,0.0001339018893239904,3.850625233125429e-05,-0.0001282457971862468
57147.86366718671,12.78011811242761,-72.33147148439373,1501.486586368961,-4713.716881535924,6.135130397624212e-05,0.0001926042362831945,-0.013127548326236286,5.908219715920932e-10,0.6618660623148186,0.21058556657840297,-0.627471436475778,0.00013377335592009698,4.2562596201115505e-05,-0.00012682167069844857
57279.60309858293,12.834206547716025,-70.32641878678088,1664.383758403729,-4655.205918931249,6.809770046267913e-05,0.00019046618104679583,-0.01293477945078301,5.968720401103627e-10,0.6581270629250009,0.2311193514447665,-0.6162102533567894,0.00013310591004456052,4.674378753889657e-05,-0.0001246282536799306
57411.64622073274,12.940067877076729,-68.14805204143072,1848.1684855050344,-4608.628261976566,7.496065309439347e-05,0.00018692331737960578,-0.012775909019339378,6.015177576783349e-10,0.6542662095894111,0.25290402871949386,-0.6034101633780662,0.0001317492806422145,5.0927165986795207e-05,-0.00012150842240064846
57543.993733715695,13.100580649080822,-65.92887761842624,2046.0643917279735,-4580.226139234994,8.130643782558785e-05,0.00018200887192134542,-0.012667970768786726,6.03855756455839e-10,0.6510428518342912,0.2747406579661631,-0.5902324675793824,0.00012976572982056238,5.476125249192518e-05,-0.00011764501630489415
57676.64633922509,13.341311789331645,-63.65084900858058,2268.9721370281054,-4581.018452932677,8.682081611459482e-05,0.00017528983905486673,-0.01264102158248368,6.023627266081123e-10,0.6485849571283577,0.2968801184977884,-0.576649496534882,0.00012685617161484498,5.806652597670048e-05,-0.00011278637700437127
57809.60474057181,13.64570156396815,-61.648299095994844,2493.81367895341,-4621.519352858204,9.042913088450466e-05,0.00016758267948080072,-0.012723450591005806,5.957106379745934e-10,0.6471237508881843,0.31615565544990337,-0.564636830618261,0.00012321303415511087,6.019636509989773e-05,-0.00010750743887968094
57942.86964268809,14.034657656571914,-59.83152533680273,2738.2986492359264,-4710.828309496255,9.222909345844004e-05,0.0001586661938954058,-0.012939497407308313,5.830728980970006e-10,0.6468581140293282,0.3337804867215782,-0.5540902511048952,0.00011869966292181142,6.124933799923417e-05,-0.00010167658812335917
58076.44175213121,14.455549460452378,-58.3506912825606,2980.8079613969376,-4835.904034017728,9.236748078282672e-05,0.00014985207994425536,-0.01325249977636095,5.66685966338215e-10,0.6476093643150548,0.3484119436220059,-0.5459001797857238,0.00011398621088984659,6.132424802757916e-05,-9.608430088665127e-05
58210.32177708716,14.919974928783816,-57.452373448831096,3207.02760929577,-5024.8028809075595,9.02532049795933e-05,0.00014140962275413206,-0.01373849503222678,5.441280346220719e-10,0.6495086664542741,0.3579940968108675,-0.5419425564096076,0.00010894600705724813,6.004850960730901e-05,-9.090329448187715e-05
58344.51042737448,15.402825406473696,-56.963543928834824,3421.0153688059695,-5260.570770226567,8.687862527383395e-05,0.00013359517786455156,-0.014350036283335966,5.185459708713186e-10,0.6520222609216829,0.3640275607168183,-0.5409408135609536,0.0001038932982387351,5.8004191266737084e-05,-8.619356828913941e-05
58479.00841444806,15.891887069926716,-56.959059542468324,3608.492884243753,-5547.908943299597,8.238471447746931e-05,0.00012666309977677132,-0.015099044188507696,4.905585022049762e-10,0.6552788267024146,0.3659079972174502,-0.543600660684668,9.899937059880316e-05,5.528129392474191e-05,-8.212705961475464e-05
58613.81645140288,16.342423486712782,-57.69431910322978,3720.5098154376765,-5883.972830831621,7.676958742125316e-05,0.00012141082513651905,-0.015976836482259997,4.6147637546704915e-10,0.6590688053675857,0.360998061550211,-0.5514091854200895,9.466071643479074e-05,5.1849419756491966e-05,-7.919778347190635e-05
58748.93525297769,16.725203197522905,-59.08474727187352,3739.062539847767,-6243.745626023502,7.059503827739243e-05,0.00011788448488518105,-0.016914740250372012,4.3388529380162805e-10,0.663030728963003,0.34962130399387886,-0.5633601790531798,9.109295385054719e-05,4.803402907086022e-05,-7.73993429716149e-05
58884.3655355589,17.008127071306962,-60.89760262835656,3662.963220146145,-6580.3980627316605,6.458095541540691e-05,0.00011601765247534973,-0.017785754667996447,4.1074091458765177e-10,0.6668372999974502,0.33354942012494526,-0.5774225220773799,8.853214572773734e-05,4.428343445997524e-05,-7.666106090830206e-05
59020.108017184415,17.210655966279415,-62.89494851850782,3520.9417818480642,-6879.027933668157,5.8959416924160014e-05,0.00011519175865532263,-0.01855014055534667,3.9200631078822736e-10,0.6705909467824046,0.3150065655055212,-0.5919992243195404,8.676603520144246e-05,4.0757888072423186e-05,-7.659725467961483e-05
59156.163417547396,17.32828758144095,-65.03075922118018,3317.297598700668,-7123.950195101438,5.371695618863047e-05,0.00011535803138980893,-0.019166420240744438,3.7765849410470694e-10,0.6739879856996203,0.29423005751630665,-0.6063732168568978,8.575516369309912e-05,3.7436493351657465e-05,-7.715216824925617e-05
59292.532458,17.369301663567068,-67.05361824915104,3089.228819517329,-7296.7446846332405,4.92026532913659e-05,0.00011621644748533733,-0.019586159283405746,3.6786712757334307e-10,0.6767136738073669,0.2737681813476661,-0.6188637808108136,8.539227099223424e-05,3.4545905654842314e-05,-7.809238341668093e-05
59429.21586155727,17.377778088227668,-68.85759918394781,2870.551871178239,-7422.848892163692,4.5320624460369996e-05,0.00011719284728679819,-0.01987882686798577,3.6078586311328735e-10,0.6792104002551552,0.2551114392790756,-0.6294798816195214,8.533234937185984e-05,3.205083205018968e-05,-7.908447391373153e-05
59566.214352901035,17.362431226845835,-70.6110391219593,2646.7635630446157,-7520.517033643695,4.1639654127372316e-05,0.0001183149611519179,-0.020094066301074215,3.5528136798499836e-10,0.6814440117932823,0.23652966652344448,-0.6390771925700613,8.546140671690252e-05,2.9663710710698013e-05,-8.014808983939575e-05
59703.52865838369,17.31351993148512,-72.26335815305796,2424.048776291177,-7578.811336197138,3.828590361718238e-05,0.00011970123835313394,-0.02020324952346496,3.5173779408252716e-10,0.6836300341326889,0.21872724426307408,-0.647694693652297,8.590402709724164e-05,2.748497020309841e-05,-8.138844072998585e-05
59841.15950603199,17.238845116078885,-73.66082185652674,2226.988430889391,-7596.420464868625,3.5537948453896485e-05,0.0001212225421426241,-0.02020361698817696,3.501153376804566e-10,0.6852187907790286,0.20336202233737172,-0.6543459934220798,8.654855383077094e-05,2.568623215570336e-05,-8.264907529937141e-05
59979.10762555094,17.141757773697645,-74.97172409454284,2036.9947174134575,-7587.188455973697,3.300659655023103e-05,0.0001229395767088108,-0.020132652764303063,3.4973513149625846e-10,0.6867766540619631,0.18879172887722037,-0.6603179958717583,8.741058733275526e-05,2.4028766567879328e-05,-8.404301966899809e-05
60117.37374832779,17.04329524453902,-75.98709304158824,1886.453795583938,-7558.898458590495,3.108054162927083e-05,0.00012453772192227516,-0.0200114539109894,3.5023667424336486e-10,0.6880755714657305,0.17742053490899104,-0.6648082022963459,8.830802535035636e-05,2.277025626856932e-05,-8.532187744501911e-05
60255.95860743578,16.921657075654394,-77.04411645493478,1728.237999220471,-7512.2061560275515,2.90850993887161e-05,0.0001264254476380791,-0.019842099783798136,3.516030501869933e-10,0.6890960694168307,0.16539621773367227,-0.6689525274973712,8.938318816878117e-05,2.145367229362468e-05,-8.677035364877512e-05
60394.862937638005,16.797167702046913,-77.90141214820592,1597.534872770629,-7452.730590452962,2.749851661645715e-05,0.00012828454606697906,-0.019639731846523796,3.5359385544788064e-10,0.689995096381809,0.15559668448237188,-0.672222362621949,9.051441865873308e-05,2.0411367435798355e-05,-8.81829692430984e-05
60534.08747539136,16.675562189343772,-78.60039069902916,1489.643126856242,-7388.0666809280465,2.6224926683147567e-05,0.00013006572080551842,-0.019424548732815093,3.5586831757465634e-10,0.6906638905999877,0.1475527528712256,-0.6747183078135903,9.162728317239875e-05,1.957516246933643e-05,-8.951185416387055e-05
60673.632958850525,16.56044102775838,-79.2195565728517,1394.721094136603,-7324.96661389861,2.508473904797467e-05,0.00013174309675047962,-0.01921435371070869,3.5810837844874755e-10,0.691281373152552,0.14040382749202834,-0.6768727369995534,9.26953038522685e-05,1.8827030434860213e-05,-9.07632209723147e-05
60813.5001278718,16.435070299681755,-79.81578570865216,1302.9954466315808,-7253.209583746771,2.3993207726361572e-05,0.0001335597639082762,-0.018982366680218996,3.608194207108565e-10,0.6919730127298801,0.13351175353193406,-0.6789707372304752,9.388654660153297e-05,1.8114806848285978e-05,-9.212240447150255e-05
60953.689724016935,16.320321172740098,-80.29262767181805,1229.1334867519097,-7185.160219169921,2.313127629053044e-05,0.00013521877648989166,-0.018761026132558416,3.633989556615386e-10,0.6924913594516585,0.127978007486677,-0.6805629379527995,9.49851824446295e-05,1.7554030420896198e-05,-9.334902731159979e-05
61094.2024905572,16.20365070208867,-80.71490957821285,1163.0772983188783,-7114.097235914474,2.2382742085198917e-05,0.0001369066388198419,-0.018532752611136533,3.661848182290557e-10,0.6927785535040061,0.12303552994348348,-0.6817656360998472,9.60921142353423e-05,1.706569023901911e-05,-9.456456331461549e-05
61235.039172477336,16.084677730055525,-81.11385971424454,1100.8608331674686,-7041.093119681323,2.1675230557119374e-05,0.00013863452322499212,-0.018300384712929066,3.691305957973114e-10,0.6930459548240058,0.11835706398569464,-0.6828647749756931,9.72340491558504e-05,1.6605445133071483e-05,-9.580563400539074e-05
61376.200516479425,15.977290850668801,-81.41396684574917,1052.9297654875509,-6973.670718445949,2.116835561277396e-05,0.0001402003690399026,-0.018083461618610245,3.718422159921139e-10,0.6933451715566247,0.11485430883206782,-0.6837660525820167,9.829552976197277e-05,1.6282892843613493e-05,-9.693749827507555e-05
61517.68727098683,15.875486765892099,-81.66300848139392,1012.4890154936979,-6909.129256033241,2.076423453492903e-05,0.00014169317208291918,-0.01787489293468818,3.744525686629081e-10,0.6933367119199912,0.1119059370814376,-0.68424619643952,9.92766551825978e-05,1.6023451430625214e-05,-9.797501349065901e-05
61659.50018614822,15.777215039351596,-81.88544500358556,976.2203399317326,-6846.812581693386,2.040942106260079e-05,0.00014314338187858809,-0.017672930586697902,3.7699161569160764e-10,0.6936144646252516,0.10931866222981942,-0.6849455858866871,0.00010027655817407993,1.5804311691400097e-05,-9.902328943839783e-05
61801.64001384158,15.684412728049084,-82.081235971712,944.1842480013221,-6788.039357151283,2.0102301681945387e-05,0.00014452180840257212,-0.01748092797134501,3.7938117733201974e-10,0.6936561653352151,0.10701015308163087,-0.6853522472750792,0.00010119949654923935,1.561201955479584e-05,-9.998801401788206e-05
61944.10750767815,15.591842715695293,-82.19190241742102,922.4787662993187,-6727.188206921843,2.000776907924018e-05,0.00014590691202208915,-0.01728437617909667,3.819324453822565e-10,0.6935727004436992,0.10569983599372548,-0.6854711047678559,0.00010212979008732382,1.556448524487453e-05,-0.00010093681599071228
62086.90342300637,15.507269733238942,-82.33009944211373,898.7000413771276,-6673.329914597721,1.982091621310516e-05,0.0001471809358069715,-0.017106561677831773,3.841293892083258e-10,0.6935550977434871,0.10406995967681167,-0.685702644809574,0.00010298511889944384,1.5453216631306087e-05,-0.00010181911809910018
62230.028516915954,15.434825327757682,-82.42114336807565,881.7011010916084,-6626.695120402521,1.9729056422113523e-05,0.00014827977617437731,-0.016947947958730454,3.8594297614185163e-10,0.6933958902185693,0.10298307946203482,-0.6857057283678754,0.00010370805090910639,1.5402708031999867e-05,-0.0001025578685847496
62373.483548241915,15.364673291919008,-82.46512347869395,870.4115281857897,-6580.476539513511,1.9755012355034056e-05,0.0001493516470433893,-0.01679103538210742,3.8775980339028944e-10,0.6935415504733804,0.10250477814660866,-0.6859246698363713,0.00010446896234649137,1.544041276434602e-05,-0.00010332162284545889
62517.26927756858,15.273960023451066,-82.616653322483,845.4238836697295,-6524.249820345581,1.9533563024459355e-05,0.00015074313313677808,-0.01660927645870449,3.9020205238380537e-10,0.6933647436181777,0.10069130804754226,-0.686014524756128,0.00010537883885083841,1.5303248718779983e-05,-0.00010426173917694893
62661.386467233555,15.201590361071254,-82.72718398689864,826.9119248722315,-6479.447420998688,1.938058673850044e-05,0.00015186078345601447,-0.01645728164816814,3.91996474941464e-10,0.6934282855152635,0.0994035087949606,-0.6862665149866253,0.00010614346894980965,1.5215752615917464e-05,-0.00010504721259048432
62805.835881331805,15.144525410715854,-82.81090370687835,812.8520483442526,-6444.248969440484,1.9266885618988475e-05,0.0001527468720136763,-0.01633023529754759,3.932310662513866e-10,0.6932752920994982,0.09840567951167635,-0.6862557488833808,0.00010671939001474961,1.5148086497745594e-05,-0.00010563883604327083
62950.61828571976,15.081148825304176,-82.92802460477594,794.7469692325582,-6406.154930135215,1.907219837412248e-05,0.0001537337824149028,-0.016196365518062323,3.9465962051991535e-10,0.6935346941487314,0.09706579224798734,-0.6867085291178819,0.00010742155764296138,1.5034516203872538e-05,-0.00010636425324776914
63095.73444801933,15.0093561064995,-83.07823675985688,772.5622266893325,-6363.841766785051,1.8799268517104294e-05,0.00015485557802486785,-0.01605238267054194,3.9636998388209733e-10,0.6933776742804536,0.09527044461392825,-0.6868013843707912,0.00010814604003505946,1.4859320828389476e-05,-0.00010712033681698202
63241.18513762197,14.954160964087082,-83.17054226764913,758.2053317775758,-6330.814781725798,1.8650160679625383e-05,0.00015572392855022865,-0.01593234636761247,3.9752140977285813e-10,0.6933571578650666,0.0941880350300667,-0.6869299545222189,0.00010872805314443874,1.4769994889577987e-05,-0.00010772017820047336
63386.971125692704,14.892142870111876,-83.29172302487699,740.3509516882124,-6294.45981951998,1.8431204248483317e-05,0.00015670199964340958,-0.015804421264796257,3.988978229259401e-10,0.6936655306944693,0.09280325322227487,-0.6874295779678106,0.00010943206519664446,1.464055976215694e-05,-0.00010844828676864082
63533.09318517436,14.820945980977502,-83.43786699007538,719.3348257178568,-6253.223212096541,1.8155739815251712e-05,0.00015782899643739442,-0.01566477145322407,4.0060484765224174e-10,0.6936815632575785,0.09107875025761249,-0.6876763573476911,0.00011018887144628458,1.446753847182442e-05,-0.000109234965652817
63679.552090791585,14.757763279736222,-83.61205863924428,696.1539321139428,-6218.16590835838,1.7781610818076645e-05,0.00015882838706219273,-0.015541124407874892,4.0193685154231996e-10,0.6937647657612034,0.08902551122302252,-0.6880290753763078,0.00011086156528735887,1.4226014366501762e-05,-0.0001099450188649191
63826.348619054894,14.68227156293967,-83.72693477224863,678.6658055657027,-6173.886135293998,1.7592289727984202e-05,0.00016003870056358941,-0.015394966464135292,4.038885265096556e-10,0.6938105908006719,0.08767890944898175,-0.6882481708984155,0.0001116888157139098,1.41144480774542e-05,-0.00011079338387757886
63973.48354826482,14.606637302572468,-83.8620951366878,659.2586334477558,-6130.452110811721,1.7341123859759372e-05,0.0001612552706574968,-0.015251502696233793,4.058145624692117e-10,0.6939680221447682,0.08610196015149968,-0.6886058874404074,0.00011253443351110393,1.3962365700797889e-05,-0.0001116649052733322
64120.95765851615,14.518556023435917,-84.02921489087711,635.9605705242154,-6080.583882736644,1.7014326230845577e-05,0.0001626783839281489,-0.0150926470402445,4.082017362525661e-10,0.6938964842015718,0.08411181856197303,-0.6887797418373307,0.00011348068120542768,1.3755749863501636e-05,-0.00011264388289002064
64268.77173170198,14.436993584496891,-84.18877292940226,614.2019579689796,-6034.943338450318,1.669127518338768e-05,0.00016400289623191665,-0.014944910844158705,4.103429107167735e-10,0.6939702948586857,0.08222959954321446,-0.6890813182094068,0.00011438384879984521,1.3553516844605246e-05,-0.00011357802185021912
64416.92655151775,14.35038199991043,-84.3146685982664,595.9060767962613,-5985.714548165164,1.64688262357898e-05,0.00016542488259349398,-0.014788908898279484,4.127662023278605e-10,0.6940200309105347,0.08074862964798585,-0.6893065081043642,0.00011535828332454658,1.3421836376653548e-05,-0.00011457481328749657
64565.422903465565,14.263745118460998,-84.37788136183016,584.2682941220834,-5935.235428225362,1.642661672595018e-05,0.00016686826675103982,-0.014630463401882336,4.153193648739589e-10,0.6938712678859108,0.07999856126362538,-0.689244199535514,0.00011632709064920403,1.3411709518212511e-05,-0.00011555136549044853
64714.26157485831,14.168312968494552,-84.45557390227039,570.8219699771986,-5880.417283400699,1.635351944681913e-05,0.00016846849535827427,-0.014461997329810143,4.182269225714005e-10,0.6938057043645369,0.07908409164605534,-0.6892837310261207,0.00011741589627157574,1.3383760673962614e-05,-0.00011665062214784594
64863.443354823845,14.089977077306726,-84.56010292101338,555.8537163354217,-5836.933498035222,1.616851855886256e-05,0.00016978310087051773,-0.014322039821863483,4.203735539158198e-10,0.6937843736768226,0.0778518072061745,-0.6894025335555952,0.0001183076482847141,1.3275687050235966e-05,-0.00011756043456879449
65012.96903430906,14.005892288519819,-84.60947788599822,546.256920260575,-5789.015530650935,1.6156142854505076e-05,0.0001712164339364896,-0.014171794505379793,4.228783166115252e-10,0.6935897116613744,0.07726381512936364,-0.6892727986756506,0.00011926311583338292,1.3285553661731947e-05,-0.00011852082037426232
65162.83940608428,13.927287072870625,-84.57894026040262,544.9654731243998,-5742.602682997334,1.637788445454235e-05,0.0001725828292777109,-0.014025840671492732,4.2531564875353083e-10,0.6934247139915349,0.07764057250128271,-0.6890644204106863,0.00012019227555449283,1.3457549025858153e-05,-0.00011943649976947481
65313.055264747236,13.847041429463198,-84.59569983199658,538.9472263276962,-5696.902505871304,1.6458835104104623e-05,0.00017397692087069884,-0.01388221987850276,4.277414570138386e-10,0.693048587270441,0.07742492253065875,-0.6887101899120381,0.0001210940022460508,1.3528191118250303e-05,-0.0001203359689578916
65463.61740672747,13.754715754621355,-84.60318549540882,533.2483506801183,-5644.527833629397,1.6588817855625035e-05,0.00017559556254352794,-0.013722958518476023,4.3071749530494737e-10,0.6928994609976626,0.07734627609397834,-0.6885689628680961,0.00012219273767077082,1.3640006604932821e-05,-0.00012142905483983313
65614.52663029054,13.687930913081557,-84.56117698139346,533.7296220274435,-5605.725300938302,1.683210530647221e-05,0.00017678643772126533,-0.013597276961040584,4.3270141913492235e-10,0.6926846967471025,0.07785500268905045,-0.6882954944381907,0.00012299177216522252,1.3823785623707058e-05,-0.00012221243378384949
65765.78373554205,13.60811738601855,-84.62014833974686,523.8458135968368,-5562.58756133862,1.6780896844739653e-05,0.00017819214286686233,-0.013461609616461999,4.3505410547615757e-10,0.692378356958435,0.07714050218754566,-0.688067679888189,0.0001239027411264673,1.380447493318012e-05,-0.0001231313352907032
65917.38952443213,13.523595104217023,-84.71870084819963,510.0968451803712,-5518.258918454322,1.6609375433053342e-05,0.00017968124088474493,-0.013323619009630487,4.3754029752587127e-10,0.6924651865184358,0.07599454898651266,-0.6882825459535848,0.00012493368393123413,1.3710839401635237e-05,-0.00012417905726623985
66069.34480075957,13.425644939384414,-84.80517715656731,497.01064178556845,-5466.700194693141,1.6494538564142174e-05,0.0001814260895018683,-0.013168775337648535,4.4065111636231707e-10,0.6922535493173398,0.07496094912414203,-0.6881829935771898,0.0001260907956525318,1.3653791630614137e-05,-0.00012534936267247752
66221.65037017618,13.354114868427324,-84.82238454450287,491.86855787542066,-5428.2205063793135,1.6557042840433035e-05,0.00018272214808697488,-0.013046007173692257,4.4275415989042604e-10,0.692173808734692,0.07477393560168195,-0.6881231285554392,0.00012697337145308423,1.3716639636390078e-05,-0.0001262303087821951
66374.3070401909,13.23941280813475,-84.87560231259819,481.3704431815856,-5367.833962372127,1.6573058848779923e-05,0.00018480866328411894,-0.012871204942158923,4.467052512459497e-10,0.6917821632073454,0.07412114195887015,-0.6877998383589133,0.00012833978278176697,1.37509923852817e-05,-0.0001276009798273158
66527.31562017412,13.150661255386119,-84.91128806761941,473.8737732483985,-5321.492057244419,1.6602197669462875e-05,0.00018643881138477223,-0.012730737106095968,4.49559017468452e-10,0.6916464892904489,0.07370668279651674,-0.6877079256915225,0.00012943914116316288,1.3793939341692173e-05,-0.00012870205321786798
66680.67692136219,13.059242191234988,-84.97234801128644,464.0547104287833,-5274.847732138412,1.655011460780714e-05,0.00018812293581711156,-0.012590125496430727,4.524912694558436e-10,0.6912436475339732,0.07295969501188368,-0.6873824722524169,0.0001305199000235462,1.377617303634094e-05,-0.0001297908369594298
66834.39175686146,12.973465275491467,-84.9493430552156,462.1821150952531,-5229.509473731071,1.6769192527278535e-05,0.00018974046879799756,-0.012453203520098603,4.5536450769229513e-10,0.6910468220387367,0.07324332944009322,-0.6871543676222741,0.00013160922334196166,1.3949123843955337e-05,-0.00013086790902532347
66988.46094165267,12.873442925059171,-85.01417975357772,451.8534774725473,-5179.472128952909,1.671605763944924e-05,0.00019161157093176948,-0.012305680416326655,4.58706222157962e-10,0.6910165710436854,0.07249108584170173,-0.6872037135598612,0.00013288794827462692,1.394060876304889e-05,-0.0001321547056443906
67142.88529259522,12.766619611009006,-85.04372033911179,444.4972905514867,-5125.671859945906,1.6792436026862922e-05,0.0001936401382695565,-0.012149850421566364,4.624548430785935e-10,0.6904836744397355,0.07210975106035761,-0.6867080081590805,0.00013418513203233013,1.4013447131394935e-05,-0.0001334513879958896
67297.66562843176,12.653803965805416,-85.04881388001274,439.12089094335727,-5068.909824087548,1.6963202441335007e-05,0.00019581155275520746,-0.011987667730480276,4.665579203295036e-10,0.6900188610134229,0.07202886268138207,-0.6862491322363097,0.00013559734833938888,1.415457364332448e-05,-0.00013485654942066875
67452.8027697922,12.549103252568191,-85.06341785528392,433.3447238685836,-5017.10573220062,1.7088306829811094e-05,0.00019784212758858452,-0.011837865062769602,4.702912277884498e-10,0.6900649041901482,0.07188746794598545,-0.6863102534184328,0.00013700951583164257,1.4272957685337107e-05,-0.00013626404554149157
67608.29753919819,12.425739841119244,-85.07549019434812,427.07715527172246,-4956.723701101729,1.725459359586296e-05,0.00020025948935404196,-0.011668494952320174,4.749254256260686e-10,0.6896051678623869,0.07172383947734029,-0.685865131343721,0.0001385885666699529,1.4414196082727088e-05,-0.00013783693903638702
67764.15076106749,12.298082482149828,-84.9925533094047,428.70444357426703,-4892.7899827439605,1.7771472094540726e-05,0.00020282523763418716,-0.01149149959851048,4.800246692627227e-10,0.688893875967247,0.07267037409595886,-0.6850502091627519,0.00014023693099013095,1.4793381960048822e-05,-0.00013945448240811355
67920.36326171843,12.172291785547667,-84.89422945100335,431.5784585532527,-4830.247451866134,1.8351335534093234e-05,0.000205389054863953,-0.01131851658918935,4.851217559208798e-10,0.6882970845760736,0.07381073586859506,-0.6843280294613535,0.00014190801276792167,1.521775274480712e-05,-0.0001410897022788642
68076.93586937414,12.045138503049472,-84.81157366749201,432.977551167046,-4768.293460863461,1.888744598875294e-05,0.00020800359038899985,-0.0111476444219721,4.902946516262954e-10,0.6874610103317225,0.07473589543047986,-0.6833865572723222,0.00014355842772458514,1.5606656204999348e-05,-0.00014270758372579185
68233.86941416697,11.917330447786533,-84.84258816224194,425.0828867527925,-4709.656827095727,1.9009533852847173e-05,0.00021061393831653912,-0.010985236081938353,4.952572804962191e-10,0.6868388543313618,0.07432757559598567,-0.6828052601768975,0.0001452212375135975,1.571539297954019e-05,-0.00014436839767926815
68391.16472814293,11.792378206898723,-84.77656947085606,425.1735832786335,-4650.798964600483,1.949380411414724e-05,0.0002132347059078369,-0.010823001004371615,5.00371499095571e-10,0.6862241719776069,0.07507601112721571,-0.6821049822128398,0.0001469119723350107,1.6072830599887973e-05,-0.00014603010556686675
68548.82264526613,11.662752228444035,-84.6117184331499,432.7694218291849,-4588.238128564672,2.037595789565684e-05,0.00021602669275414219,-0.010652856607365872,5.060275732645989e-10,0.6855073077457621,0.07698674471847336,-0.6811705440713769,0.00014871969850618652,1.6702149392330663e-05,-0.00014777884466136312
68706.84400142322,11.52982272381659,-84.48865566763185,436.71613263190494,-4526.077159360946,2.112178936527353e-05,0.00021890386287051799,-0.01048436386792409,5.117975213116157e-10,0.6843830905394448,0.07834995178822714,-0.6798834456516091,0.00015048400373330535,1.7227799167437667e-05,-0.00014949460965349852
68865.22963442763,11.393175367700895,-84.30876996538632,444.65511225429015,-4461.779975181958,2.211642463922045e-05,0.00022192170484135166,-0.010311652800815422,5.179787957850433e-10,0.6832374439630866,0.08037838988827248,-0.6784929765827947,0.00015235000068872297,1.792297518679077e-05,-0.00015129206744012578
69023.98038402418,11.241290048851562,-84.19073320995022,446.98220853223614,-4393.39013431101,2.2920201669317182e-05,0.0002252827651039149,-0.010130243908225875,5.248320655689202e-10,0.6824288388097756,0.08170824241130126,-0.6775196551844933,0.0001545062707263261,1.849927069991807e-05,-0.00015339480003353413
69183.09709189364,11.075434093318549,-83.98533730023338,454.9669194303404,-4318.090777919091,2.4132459744227096e-05,0.00022904116193882016,-0.009933719664392956,5.32756017155091e-10,0.6809552261672592,0.0839838395226624,-0.6757564167239072,0.00015680277150050348,1.9338861488042067e-05,-0.00015560564766930996
69342.58060165691,10.93065649068521,-83.67249813714676,471.2792760291336,-4250.089661393594,2.5773575910949086e-05,0.00023243120181142048,-0.00975479672555462,5.400351639372948e-10,0.679496420410283,0.08751342618064237,-0.6738373584096635,0.00015887636097348492,2.0461939563282722e-05,-0.0001575531881793753
69502.4317588797,10.773807625829823,-83.39262558000789,484.06567137394455,-4178.946431095565,2.7351568262696213e-05,0.0002361265120326263,-0.009569449076724138,5.479656406674153e-10,0.6780777958469055,0.09064326831704606,-0.671992035019316,0.00016115437088374515,2.1542600229573247e-05,-0.00015970800740815872
69662.65141107688,10.608726174001843,-83.14151744345985,493.90368541384424,-4106.346438143511,2.8873088536230006e-05,0.00024005268186975745,-0.009381574207128427,5.563710771020769e-10,0.676402288153569,0.09338521338504145,-0.6699248146922264,0.00016351356795201024,2.257495236485826e-05,-0.00016194770276271612
69823.24040771712,10.439658266682274,-82.81218800429538,508.4142008266061,-4031.409275376804,3.079292774976724e-05,0.0002441688181498235,-0.00918918557855731,5.654096819144644e-10,0.6748498666933946,0.09704007279068434,-0.6678364821188426,0.0001660529925065693,2.3877598967163233e-05,-0.00016432728497711537
69984.19960022735,10.274585441737488,-82.45003953123268,524.6420464272397,-3958.3769616860545,3.29053017067168e-05,0.0002482675360852165,-0.009001964210095317,5.745171287433952e-10,0.6727005678008203,0.10096567767200404,-0.6650804356254806,0.00016844018713704098,2.5281200069576904e-05,-0.0001665321517479535
70145.52984199714,10.09083010953165,-81.97033279021822,546.8433079035609,-3876.42735634262,3.568139510160932e-05,0.0002529359582265215,-0.008795322762380755,5.853134202550915e-10,0.6703737987685208,0.10619077524138247,-0.6619097743114022,0.00017120981803248902,2.7120545789833106e-05,-0.00016904815227259827
70307.23198838334,9.917090400516363,-81.50335566909072,567.6596303599086,-3799.8216130675505,3.845702716725383e-05,0.00025742511038138744,-0.008601681156883588,5.957402221041387e-10,0.6679031490518548,0.11119944530852072,-0.6585812781095902,0.00017381175830168984,2.8937984704345215e-05,-0.00017138588146395294
70469.30689671467,9.721388431061797,-80.91553689423023,593.7424293368398,-3713.305367367419,4.1986806091640466e-05,0.0002625883290719878,-0.008386500881758262,6.082182766150255e-10,0.6651894731135496,0.11749950912199353,-0.6547296392383442,0.00017685779106687028,3.124027735659916e-05,-0.00017407677424554805
70631.7554262962,9.52658295122745,-80.28980196979965,620.7279483761439,-3627.5203202141843,4.582977466432441e-05,0.0002678281835071039,-0.008173912521979309,6.211697208787083e-10,0.6618354958509167,0.12404277998465048,-0.6501073852079428,0.00017980193272022925,3.369890512226964e-05,-0.00017661573770049517
70794.5784384138,9.311866387075584,-79.4719048636189,656.2374087775805,-3531.0762312036736,5.0874481429946115e-05,0.000273744943139902,-0.007938294838767271,6.366680235984766e-10,0.6579297146892904,0.13255169861302113,-0.6444389471982074,0.00018315540188750746,3.689992880440857e-05,-0.00017939982300661268
70957.77679633888,9.122467650007952,-78.50284585395461,699.7837014751317,-3440.4214605827187,5.677206833026415e-05,0.0002791145918851475,-0.00771670289703087,6.519412841788553e-10,0.6536123894114301,0.1425186822001003,-0.6378852411022422,0.00018613415910401454,4.058612642244394e-05,-0.00018165541975779308
71121.35136533288,8.914733178416942,-77.4339932111782,744.9440685688228,-3342.0006360978487,6.354058277863993e-05,0.0002850585393239145,-0.007478709428888839,6.695971606656659e-10,0.6485931745167817,0.1532351443031648,-0.6302317800461547,0.00018938960102665944,4.474475523807424e-05,-0.00018402806268534718
71285.30301265194,8.728597983328614,-76.18021272589614,798.5546366616576,-3246.291950931586,7.145198858366464e-05,0.0002904673077685522,-0.007247825131899845,6.877531001301938e-10,0.6433908359776491,0.16567656001058262,-0.621693690882478,0.0001924196123217848,4.954907292019728e-05,-0.00018593062302594193
71449.63260755134,8.565683092966061,-74.75585260420097,859.3719144611297,-3153.408960507632,8.044664245736152e-05,0.0002951936861083814,-0.007024257583124682,7.063823419856236e-10,0.6376579531270666,0.17949258116469918,-0.611874234212419,0.00019506098613261255,5.490717980349153e-05,-0.00018717368916878867
71614.34102129021,8.409533106136093,-72.93823414422778,936.3140134167243,-3050.7786181855936,9.194030552481221e-05,0.00029956778839719317,-0.006780017667396413,7.284662535472806e-10,0.6308100260066947,0.1967013434410759,-0.5993578817359815,0.00019763309670318797,6.162662929762085e-05,-0.00018777912416960857
71779.42912713616,8.300510983552305,-70.80074919143902,1027.7822388562604,-2951.5128283193203,0.00010522185083842329,0.0003021687190417989,-0.006544324215704478,7.512343824610957e-10,0.6231002403781766,0.21626942145061143,-0.5843641389619655,0.0001993328321288892,6.918565182138644e-05,-0.0001869409627304134
71944.89780036994,8.27130291420197,-68.1775212783716,1144.2934848492007,-2857.6857994468655,0.00012075987445585274,0.00030157803303490315,-0.006321710568656123,7.741153067422963e-10,0.6151818052342312,0.23972786796717846,-0.566550265034938,0.0001998086217839253,7.786266514088934e-05,-0.0001840132895101586
72110.74791828997,8.345438905192967,-65.2086284750405,1282.9518690712446,-2777.6607344375457,0.00013704752634804052,0.00029671536545195816,-0.006130548481052049,7.945860424568783e-10,0.6074531238552889,0.26539795979455744,-0.5464093892114551,0.00019850019549391888,8.67252876543886e-05,-0.000178552659157985
72276.98036021703,8.552978591306408,-61.95810196021573,1448.4347328190804,-2719.3104925262323,0.00015258546556329276,0.0002864659677869582,-0.005987960544702353,8.09769347466265e-10,0.6010203268834149,0.29284291659867445,-0.5248508926590758,0.0001950354916755523,9.502966816229539e-05,-0.00017031795319956275
72443.59600749899,8.908856926234236,-58.99090259039812,1626.735457623311,-2706.3689841660916,0.0001631515581686597,0.0002714321586074852,-0.005945756773532304,8.117702366645847e-10,0.5976853234406063,0.3178680467207842,-0.5061498303172841,0.00018924600813635697,0.00010064704050238775,-0.00016026298647428485
72610.59574351547,9.376508165796928,-56.74685408415118,1802.6546815009237,-2749.1761130220652,0.0001667961271041379,0.00025437591186210404,-0.0060259107274533005,7.972923000792719e-10,0.5978170202520017,0.3375396772596667,-0.4934087108862411,0.0001818116016632859,0.0001026545368708631,-0.00015005833718656874
72777.98045368242,9.883515228470044,-55.572833711584934,1952.5151120264877,-2848.6780214524233,0.0001637016007335652,0.00023883715378893356,-0.0062296478353083135,7.676738848411289e-10,0.6011321265571185,0.34952784634629186,-0.489070667907621,0.00017402651427255253,0.0001011875926332775,-0.0001415849524735479
72945.75102545688,10.331287576926535,-55.88564238357109,2033.3181740280493,-3001.5779351926926,0.0001546972710230045,0.0002283636281169485,-0.006548921064569842,7.268930348985842e-10,0.6066695850130572,0.3500700852413724,-0.4954784766253861,0.0001673041494296627,9.654048809916319e-05,-0.0001366404499917877
73113.90834834172,10.636029114236411,-57.1960253731285,2037.6090054547,-3161.268637708845,0.00014404675318556285,0.0002234827594451512,-0.006881474968287017,6.885868565748282e-10,0.6127545673786576,0.34206743488770497,-0.5083876767121245,0.00016288958422562284,9.093236544012791e-05,-0.00013514555695493398
73282.45331389041,10.750125607745327,-59.133481868714846,1965.7451801718908,-3288.8808700753552,0.00013389821601693166,0.0002240246017832262,-0.007142796454572981,6.603466651043347e-10,0.6181556175438221,0.327569761169831,-0.5242274497468861,0.00016130085231511512,8.547569603799115e-05,-0.0001367913387038943
73451.3868157115,10.685221318789143,-61.07711421025178,1852.7914048421983,-3353.159527448115,0.00012624191978041232,0.0002284711030981296,-0.007265647891823019,6.461984560738575e-10,0.6215871381129738,0.3113446482752089,-0.5379917102129582,0.0001622203056016234,8.125397212040571e-05,-0.00014040377332586338
73620.70974947361,10.481229085130154,-62.73375841675553,1728.2040367190032,-3353.1800387616076,0.00012144361483431501,0.00023563323337132694,-0.007248981707213152,6.447082971792201e-10,0.6234750278275465,0.29658428379867235,-0.5484148730005309,0.00016524303728159782,7.86053741970172e-05,-0.00014534942902328315
73790.42301291008,10.195284206376797,-63.927438794729824,1616.5846906549102,-3303.863786820793,0.00011949155018180078,0.00024420855137307804,-0.00712594170767717,6.528268346347762e-10,0.6234987270176593,0.2851314898642373,-0.5544823676912026,0.00016948013950530716,7.750476879189897e-05,-0.0001507200335099905
73960.52750582379,9.870816705470606,-64.64920173379521,1527.1807566670414,-3223.3760749059265,0.00012003840700569512,0.00025336157984102764,-0.006936351768516441,6.675889714717152e-10,0.6221222494582289,0.27753570853019577,-0.5567854378138934,0.00017438298249616786,7.779420306029775e-05,-0.00015606885196755934
74131.02413009177,9.54323971790506,-64.94546108989482,1462.2056830275424,-3127.9332391897524,0.00012264756205062764,0.0002623662255568731,-0.006715488454669979,6.863768961628069e-10,0.6194950725400434,0.273518770328401,-0.5558431677905497,0.0001793808842906461,7.920004704868296e-05,-0.0001609498499420878
74301.91378967013,9.206268385874324,-65.1712011274197,1401.9908267308692,-3030.1852142317443,0.00012576615032276243,0.0002718239819353952,-0.006490666669692211,7.068885659311744e-10,0.6168214468120862,0.2701812541408361,-0.5545004843624938,0.00018470618586718723,8.090534011598702e-05,-0.00016604427433163836
74473.19739059889,8.844511209279675,-65.17732666175986,1350.8955715041598,-2920.5700476289235,0.00013046271965219154,0.00028205400875224254,-0.006241482520058315,7.317327695981381e-10,0.613041045144271,0.26849190500934683,-0.5511183357283915,0.0001904733200211743,8.342107751350451e-05,-0.00017123378599556382
74644.87584100665,8.445381173092297,-65.02121068559762,1303.870235755725,-2798.863417643906,0.00013676414382724625,0.00029357534860944727,-0.005967629297232899,7.617955403064997e-10,0.6083073278000122,0.267933055456385,-0.5461224064703784,0.00019697171079548212,8.675751532168849e-05,-0.00017683604946080997
74816.95005111545,8.025936097111803,-64.5014797615486,1270.7854535452855,-2664.4341993085695,0.00014583085858715597,0.00030576107544364774,-0.005667938522932784,7.983900800704125e-10,0.6018648375273242,0.2700108361212412,-0.5378990900056446,0.0002038445162996818,9.144948309479581e-05,-0.00018218007264008296
74989.42093324558,7.584660545645878,-63.66409108218151,1247.3605496161797,-2519.865112934955,0.00015778132569453592,0.0003187431719021648,-0.005348074217100873,8.422535260253632e-10,0.5943849573324022,0.27441476026893574,-0.5272475859115754,0.00021135409257659553,9.757764211692507e-05,-0.00018748108226639137
75162.28940182053,7.152175379924339,-62.475682501280346,1236.4578697966988,-2372.754174457799,0.00017271882461402418,0.00033144624020044753,-0.005024268933427955,8.924160768911123e-10,0.5856609925205846,0.281127594009194,-0.5137762879374621,0.00021884524654485087,0.00010504957374182711,-0.0001919839289939056
75335.55637337173,6.709001814492898,-61.00140613110516,1230.945748053287,-2220.8134478858824,0.0001909260063672606,0.0003444595695319001,-0.0046917213455521245,9.512793142602123e-10,0.5753846060894295,0.2891131435954234,-0.49747465777169,0.00022655912436402408,0.00011383902169417602,-0.00019588188781075768
75509.22276654342,6.246353212643988,-59.30539285722927,1225.847414250596,-2065.0050729545296,0.00021256433202818535,0.0003580759064012361,-0.0043525248019924525,1.020702101068307e-09,0.5640348365476723,0.29774169656675825,-0.47904611361006555,0.00023482413618656543,0.0001239585432895546,-0.00019944085459428377
75683.28950209744,5.756384841072143,-57.27478111040562,1221.8598794907273,-1901.4009390814738,0.00023919263743822983,0.0003722203446404888,-0.00399846994290598,1.1059778458304595e-09,0.5507277303427596,0.30712985948136257,-0.45713486235841366,0.00024361809713961113,0.00013586094873965774,-0.0002022166656373433
75857.75750291836,5.209106368498009,-54.7567724006007,1216.5949420051625,-1721.8738122987058,0.000273702563340923,0.00038737731014976004,-0.003612613101531277,1.2184811378562033e-09,0.5350981525731442,0.3176592173605346,-0.4306073089406224,0.0002537516431286948,0.00015063880892242942,-0.00020420050351785198
76032.62769401819,4.5962785138320745,-51.565812966862424,1209.2447176986716,-1523.8184429725727,0.0003195428947481872,0.0004026689959537759,-0.0031897258444056214,1.3736842094670129e-09,0.5157907871159805,0.328845922984151,-0.3973669525896995,0.00026508772998100105,0.00016900848447642784,-0.00020422447640148616
76207.90100254123,3.900666600739356,-47.38921610581894,1197.7658796755463,-1302.068662220305,0.000382669638062221,0.0004159929349790585,-0.002719280561611356,1.6039330821269437e-09,0.49253128928532575,0.3408350487143988,-0.3555538503418556,0.00027833511447727184,0.0001926098186359733,-0.0002009275832634571
76383.57835776907,3.197005756283802,-41.42002996323193,1194.4338180493787,-1053.7774004658056,0.0004707835300713249,0.0004153441044652061,-0.0021956798281577536,1.977294012566651e-09,0.4648192125310021,0.3548232120296091,-0.3002621996571196,0.00029175705873188477,0.00022271492640733742,-0.00018846814817165985
76559.66069112561,2.6562562863980075,-32.93561221010138,1213.7818821799635,-786.3013121665689,0.0005803303216950607,0.0003759443934187979,-0.0016345911079182578,2.643815419767174e-09,0.43691162877425077,0.371521650491587,-0.229920496202874,0.000302042600426001,0.0002568376715993058,-0.00015894698147353434
76736.1489361819,2.351203109819192,-21.762821213790733,1250.2524728670114,-499.12449082728455,0.0006898871493203882,0.00027541602964655985,-0.0010352113187156802,4.155384844371306e-09,0.4142170108561335,0.38779214437229126,-0.1455781056537356,0.00030762736087245967,0.00028800235338899134,-0.00010811677760531463
76913.04402866098,2.3891501587121717,-8.397609712721936,1305.4127305466752,-192.71093400637932,0.0007497029729664571,0.00011067454512047101,-0.0003987736816597982,1.0737762040780305e-08,0.4045011503479173,0.40130418043114713,-0.050755644033680596,0.00030647629494882255,0.0003040540632831973,-3.84557663626032e-05
77090.34690644301,2.802858346777668,5.686760913457431,1376.5841212477685,137.08011899753856,0.0007193030861750625,-7.162813454422167e-05,0.0002830053231510375,-1.506071737923899e-08,0.4123046680359708,0.409336785020516,0.049381532107863516,0.00029797431977605704,0.0002958294182232376,3.5688241196571695e-05
77268.05850957023,3.5807655127925573,18.591486175429672,1463.9019134955736,492.41527187868866,0.0006136714305144865,-0.00020642174281978513,0.0010142654815602247,-4.183007255438755e-09,0.4366171772521808,0.41084012616460686,0.14780037281655345,0.0002826300584823933,0.0002659441151985431,9.567380806169e-05
77446.17978025188,4.677219279519901,29.24488380586199,1571.8094384516112,880.0712167212179,0.00048436241416220107,-0.00027119917258269967,0.0018085809372587875,-2.3350829581354027e-09,0.47143506289755355,0.40644243138897995,0.23886307478518856,0.00026164490552782363,0.00022557420932939364,0.00013256821894437086
77624.71166286919,5.989708265660862,37.30415168921049,1704.0804601867508,1298.3565790431298,0.00037129009642183534,-0.00028288977585601684,0.0026620371660516047,-1.5791600504615264e-09,0.5087947149708323,0.39816228050218827,0.3167630981783504,0.0002374427533623263,0.00018581314896889644,0.00014782602881274062
77803.6551039804,7.436056031771168,43.325694823175674,1865.1616494109094,1759.2193305712904,0.0002837317104327374,-0.0002676155762944071,0.0035986542286354853,-1.1627869343254056e-09,0.5440334705496952,0.3878406525242757,0.38151283769735733,0.00021214146964015457,0.00015123533838747648,0.0001487678579663971
77983.01105232586,8.948408407296462,47.7438285224776,2061.5827783021377,2269.1344995876784,0.00021933843565500265,-0.0002414205321603712,0.004631059602294776,-8.99414516612836e-10,0.5744589314471786,0.3772596801828046,0.4332184179231099,0.0001873353690836742,0.00012302721318892585,0.00014127577755823192
78162.78045883297,10.479936461538221,50.77515034281301,2307.9089965949256,2827.2715654302474,0.0001732676321893406,-0.00021225908405448713,0.005756886365351074,-7.201991529421379e-10,0.59924628760987,0.3690666126057993,0.4721079841242805,0.00016415650637137757,0.00010110147863465672,0.00012932845627294164
78342.9642766212,12.0015769188043,52.89792556864719,2608.4657289074075,3448.7503963751915,0.00013950526953016986,-0.00018444515036435791,0.007006189747112254,-5.890584200879786e-10,0.6190575606169301,0.3629165858382191,0.5015215001179057,0.00014313198462453523,8.390975975225689e-05,0.00011595653168699348
78523.56346100719,13.515961138605519,54.25545633967428,2983.8871551191246,4145.713301075158,0.00011436671262601525,-0.00015889729640763947,0.008402710414888081,-4.889009337283299e-10,0.6350657449873666,0.35998236863689914,0.5231837103034904,0.00012430247719607082,7.04599492598453e-05,0.00010240361999157906
78704.57896950985,15.012737836062154,55.01173665724965,3449.8205699278733,4929.003006175548,9.53085664255229e-05,-0.00013617409975484786,0.009967338663377592,-4.102617692769556e-10,0.6478610470034424,0.36013226067294646,0.5385431190229707,0.00010765931390044216,5.984553675019542e-05,8.94932377366857e-05
78886.01176185545,16.499191866921098,55.101373939781396,4047.6054775285756,5802.402898123103,8.086963951081472e-05,-0.00011592983389137859,0.011706525433620302,-3.477060523256687e-10,0.6579167072912803,0.36483913386626354,0.5474913699161976,9.297499280655068e-05,5.155807030105741e-05,7.736998561593103e-05
79067.86279998253,18.021002780989665,54.54859997288548,4844.181600607147,6803.491649093171,6.944705387769221e-05,-9.753607318350405e-05,0.013694683122734514,-2.9586137793650733e-10,0.6660475686694406,0.3746510321688189,0.5506868146463213,7.973023987089528e-05,4.4848173115280034e-05,6.592080489566532e-05
79250.13304804718,19.533720040929364,53.41122909300729,5874.276799161253,7912.959867233837,6.048344415148069e-05,-8.1474381028671e-05,0.01589128786187048,-2.537938935987152e-10,0.6726184577384717,0.3892843654646227,0.5485191632890197,6.823551848896152e-05,3.949195894272229e-05,5.564594470690336e-05
79432.82347242814,21.09705055587769,51.542696525057714,7277.595280797526,9163.19885644428,5.314921858775384e-05,-6.692002511725859e-05,0.018359770291223793,-2.1866185096499332e-10,0.6778159715235017,0.4100806489922434,0.5396928316871078,5.791172390400235e-05,3.503676266204576e-05,4.6110660672960144e-05
79615.93504173188,22.695622564312355,48.79428582658604,9196.211881938818,10502.634577821591,4.719015468689589e-05,-5.389403340311594e-05,0.020995121236370606,-1.9033641122362674e-10,0.6823583395626102,0.4383800156986934,0.5229109536112777,4.8869001153246595e-05,3.139581104331767e-05,3.744973060848782e-05
79799.46872679768,24.306753573295868,44.784549079504785,11845.509940284039,11756.757257192075,4.252753110936065e-05,-4.220889286497434e-05,0.02344810137295159,-1.696416860711352e-10,0.6856500933983096,0.47613358004874196,0.49336889294632164,4.10733403830164e-05,2.852241513480756e-05,2.955488326989004e-05
79983.42550070286,25.924529952467612,39.22155806588018,15482.604659211716,12637.007623781632,3.876417250987343e-05,-3.16395822485464e-05,0.025145737590310375,-1.5746204380692075e-10,0.6884874479315253,0.5238550952774382,0.4467558674613361,3.444197829707444e-05,2.6206150709884618e-05,2.234921774888241e-05
80167.8063387679,27.516939252753314,31.88204497970535,20284.12262013877,12616.936791352724,3.554672164854773e-05,-2.2110433296940303e-05,0.025048057926598435,-1.5734980328915396e-10,0.6908354739257773,0.578583163468189,0.3774853308214719,2.891309889004151e-05,2.4215074142625908e-05,1.5798654110159185e-05
80352.61221856173,28.953608350090704,20.879641374797544,26227.86690648153,10004.771543034329,3.3284244749706655e-05,-1.2696467687998004e-05,0.019816516247759444,-1.9797618702389135e-10,0.692482741543389,0.6415045019078889,0.2607763819201412,2.466293175638293e-05,2.2847330052882435e-05,9.287610687074307e-06
80537.84411990669,29.929887043144305,8.692345913518599,30985.502506250854,4737.2120034495765,3.1536041592180964e-05,-4.8213810552734135e-06,0.00936144634938031,-4.1715486284103364e-10,0.6937090822618384,0.6833007071069012,0.11971814599203776,2.2125806320348363e-05,2.1793831867834646e-05,3.81840252489474e-06
80723.50302488382,30.425460773558854,-5.099545075539006,33041.42764692621,-2948.6044210021378,3.0025918388404013e-05,2.679501523080637e-06,-0.005813486174905524,6.686573445639291e-10,0.6947823761013125,0.6932133346030095,-0.046667149790422545,2.0939411709484637e-05,2.0892123800273993e-05,-1.4064586212638115e-06
80909.58991783821,30.15994612252868,-17.846408835351195,30662.24649179157,-9871.973668922343,2.9550291935987933e-05,9.513970347186918e-06,-0.01941887740473675,1.9925817271340882e-10,0.6949946604845981,0.6660452520040494,-0.19849760800816768,2.1570331995875546e-05,2.0671838255543435e-05,-6.1607082018988076e-06
81096.10578538408,29.595380344333467,-27.69843350960914,26782.28018976431,-14060.077395937944,2.927100946735749e-05,1.536660268103559e-05,-0.027593566869168373,1.3958296532250066e-10,0.6951045791508225,0.6223732655691657,-0.3095511173638607,2.2974242778706302e-05,2.0570364418588863e-05,-1.0231125985999383e-05
81283.05161640994,28.902203099940312,-34.06578042851647,23185.99576884241,-15677.911997636787,2.9597103561316093e-05,2.0012976351993134e-05,-0.030697877874455635,1.248912203588686e-10,0.6948125604061771,0.5839775699055102,-0.3764766818083723,2.4818463544086892e-05,2.0859476145324315e-05,-1.3447616429383165e-05
81470.42840208396,28.50020111424005,-37.821783655771924,21143.06089680713,-16413.11806052711,2.9512124983782507e-05,2.2909927466982914e-05,-0.03206352196887347,1.1902249180403586e-10,0.6949803775322989,0.558216826518102,-0.4139948064251482,2.5958755739160435e-05,2.0850393360061827e-05,-1.5463443867912624e-05
81658.23713585922,28.460499034307198,-42.051168266280456,19818.193373602226,-17876.454841460218,2.7821707855683865e-05,2.5095804381286588e-05,-0.034841875758888204,1.0902817322112932e-10,0.6961052060474963,0.5270393439834885,-0.4547438705248057,2.607529787503953e-05,1.9742285744803353e-05,-1.7034180721202156e-05
81846.478813479,28.449741030945667,-48.57837541430344,17686.857764415032,-20046.544853265073,2.474763188658498e-05,2.8049330143008968e-05,-0.0389816000830215,9.700198054407631e-11,0.6979672689332952,0.47321851446702784,-0.5130521864955087,2.6101807757551723e-05,1.7696902479123328e-05,-1.918655807737766e-05
82035.15443298186,28.031895151224976,-55.77230110690783,14392.309926175398,-21155.63399027131,2.1983079817774128e-05,3.2313505822851324e-05,-0.04104366898638885,9.17052262937223e-11,0.6999835300421696,0.4064444693040511,-0.5698945829734173,2.7350193135526747e-05,1.58808518447038e-05,-2.2267276646172566e-05
82224.26499470713,27.37662820960995,-61.41192104956822,11406.316085371238,-20931.0243594126,2.0074056075339516e-05,3.68366573011264e-05,-0.04051451224272817,9.247613035956761e-11,0.7012254102162668,0.34912226907189137,-0.6081370874819801,2.9410037490177742e-05,1.4642508489379412e-05,-2.5505827771552763e-05
82413.81150130021,26.626189569689252,-65.37810892262364,9150.340473504979,-19965.91903367913,1.8969678779505135e-05,4.1391582280809273e-05,-0.038557550605852746,9.672323779252954e-11,0.7014835499926402,0.3063676507225765,-0.6310451913302298,3.193165488249313e-05,1.3945909480181181e-05,-2.872528837636343e-05
82603.79495771787,25.972432888613902,-68.67820010822035,7439.352217592724,-19059.521405980708,1.7771587740784972e-05,4.553057135307409e-05,-0.03672249012627478,1.0108998696678856e-10,0.7026234057415959,0.27000432176010986,-0.6486735053374558,3.433288081416666e-05,1.3193449182803053e-05,-3.169668127202857e-05
82794.21637123344,25.41156577699317,-70.72400739059842,6354.429632963217,-18169.80535411899,1.715000350572058e-05,4.903858308618791e-05,-0.03492773364940469,1.057961483051584e-10,0.702823740017044,0.24677970046282938,-0.6580736956990619,3.650327433145139e-05,1.2817249322297516e-05,-3.4179045579525206e-05
82985.07675144226,24.882306791434658,-72.35173979683447,5509.511069846335,-17317.556134958275,1.6682725162843237e-05,5.2437326258004316e-05,-0.03321289524627795,1.1074739704548045e-10,0.7030234526535012,0.2280862547757747,-0.664995214541586,3.867567132677523e-05,1.2547787688401303e-05,-3.658361076634656e-05
83176.37711026709,24.373028881459096,-73.9896183617385,4744.019853659745,-16533.056571002653,1.6035345588276354e-05,5.588367754026803e-05,-0.031635396600703955,1.157356033055295e-10,0.7034571274041541,0.20914943532416644,-0.6716460703371134,4.0887835890923295e-05,1.2156629672330604e-05,-3.903884576742615e-05
83368.11846196344,23.974533457106432,-75.13228867109666,4227.74433442947,-15925.142502473356,1.5572720875980677e-05,5.865960178377274e-05,-0.030402091296661108,1.1987725905865996e-10,0.703474547036563,0.1957536514496464,-0.6756899779280642,4.268412200902578e-05,1.1877576491413173e-05,-4.099826152865543e-05
83560.30182312484,23.594340151285806,-76.41118994675418,3717.113369729761,-15377.845297890408,1.4850925952210453e-05,6.14388691190555e-05,-0.029289746923633026,1.2385816573541539e-10,0.7040386701157663,0.1808041617786159,-0.6804265604030378,4.448974760815707e-05,1.1425411508592764e-05,-4.299764661114412e-05
83752.92821268826,23.236089767241744,-77.43798945255152,3311.6257304006012,-14861.641330725904,1.4284392725712843e-05,6.410432174383854e-05,-0.028241444576567132,1.278654925048777e-10,0.7044092248562427,0.16870610507832334,-0.6839083317023374,4.6251343998902634e-05,1.1077203173034787e-05,-4.4905260177045345e-05
83945.99865193974,22.89984666373231,-78.30331920627806,2977.8929920643345,-14383.897596916724,1.380159835901011e-05,6.66648459158221e-05,-0.027270726898714823,1.318085398751116e-10,0.7044888926490798,0.15841195519783374,-0.6864475597715576,4.794825898236896e-05,1.0781685180539351e-05,-4.6720346789253e-05
84139.51416451953,22.580924120153494,-79.17914763355797,2665.8222874150747,-13947.150503222385,1.322138257873047e-05,6.917213257491412e-05,-0.026381872615690707,1.356234051741439e-10,0.7047281786183409,0.14798696454474508,-0.6890149955288032,4.961722889173333e-05,1.0419198941647572e-05,-4.851092347409011e-05
84333.47577642757,22.259149483787382,-79.88217262693017,2410.464587534319,-13507.925752616178,1.280293347059944e-05,7.174595122903026e-05,-0.025492286836920466,1.39711278467859e-10,0.7050710504319738,0.1396257983033224,-0.6911076780107475,5.137179756702419e-05,1.0173199199113156e-05,-5.035441989857967e-05
84527.884516029,21.939260984018286,-80.42527237288313,2205.715999180558,-13076.049453127896,1.2543292125209527e-05,7.435984877255416e-05,-0.024620489658471675,1.4399372849706239e-10,0.7053247587443289,0.13315290778815114,-0.6926422730712485,5.317495049876405e-05,1.0038495306766885e-05,-5.2218808608795604e-05
84722.74141405964,21.671690559448706,-81.17090972084313,1978.9920518288957,-12740.720687760178,1.190425770468228e-05,7.66394297896793e-05,-0.023933936062103187,1.4744367151679982e-10,0.705427507812393,0.12418254682995107,-0.6944110193834995,5.469756560510885e-05,9.628888761802008e-06,-5.3843367134105106e-05
84918.0475036314,21.389760976887104,-81.46472914651073,1856.80165304545,-12372.046147596586,1.1863392176526722e-05,7.904691124886252e-05,-0.0231879130342326,1.514881285314224e-10,0.7051875430882794,0.12061548608596963,-0.6947959235942084,5.6352380522423106e-05,9.638527843312609e-06,-5.5521973772171126e-05
85113.80382023768,21.1388734969661,-81.70782052417307,1756.602183939324,-12052.586830937898,1.1840891519932888e-05,8.124399167013499e-05,-0.022537222930834953,1.5514574266763995e-10,0.7050360081588812,0.11767799353873555,-0.6951457851683396,5.786983073552153e-05,9.659089023220179e-06,-5.705803456656582e-05
85310.01140175895,20.913429601092762,-82.10757444515323,1633.1994400262045,-11781.274078647555,1.1544839173765843e-05,8.328003988163263e-05,-0.0219792258227094,1.5835357487737234e-10,0.7053466922372857,0.112911693137618,-0.6962506056032387,5.928732554035997e-05,9.490697811497187e-06,-5.852276159563441e-05
85506.67128846832,20.749459798156053,-82.15096919377429,1595.935942380341,-11576.928307051156,1.1685650527695584e-05,8.47677746881307e-05,-0.021548322933443054,1.6077806140546514e-10,0.7051118167749616,0.11238384122917293,-0.696098086756646,6.031996407259036e-05,9.614062768496963e-06,-5.954886953420688e-05
85703.78452303697,20.54559058192509,-82.43426761936757,1505.9270109386846,-11338.120896647202,1.151137274946824e-05,8.666909815136795e-05,-0.021055289403116902,1.6378685665393467e-10,0.7051085060087734,0.10897716414289567,-0.6966361912370738,6.163130719174994e-05,9.525349677306246e-06,-6.089076892016465e-05
85901.3521505396,20.368075872031056,-82.7904018109025,1409.075119384152,-11138.971127531859,1.1177620646286599e-05,8.836093402025814e-05,-0.020637886034643307,1.6633171038991084e-10,0.7053022311741457,0.10471092110079623,-0.6974861004360237,6.280094225426258e-05,9.323583874808538e-06,-6.210498475768779e-05
86099.37521846007,20.21466194841214,-83.23680915098491,1301.567825694656,-10975.242881563283,1.0655484662594789e-05,8.985050942722481e-05,-0.020287768079650593,1.6842478115034743e-10,0.7054599230896785,0.09933299662676622,-0.6984315706401322,6.381287364411871e-05,8.985236092043345e-06,-6.317711907874957e-05
86297.85477669702,20.025762381936993,-83.59964232778812,1208.0731450609546,-10769.607820260417,1.0286385361112527e-05,9.170002386044283e-05,-0.019861864749602307,1.7124592394914758e-10,0.7057290769629992,0.09498177747894357,-0.6993082239027276,6.510359998311585e-05,8.762081439643825e-06,-6.451127544551116e-05
86496.79187756934,19.87308664495511,-83.97635355883867,1119.5151912112904,-10609.354213357496,9.83655531149386e-06,9.321847560282482e-05,-0.019521315524148916,1.7343277867211204e-10,0.7059340516745365,0.0904457344683398,-0.7001160292623714,6.615342346272746e-05,8.475713784437222e-06,-6.560821375165796e-05
86696.18757582165,19.706288809001954,-84.13007141009501,1072.0813989767537,-10427.841073776946,9.756019025936906e-06,9.489411532773004e-05,-0.019143199938484377,1.7604582416328072e-10,0.7059593693832602,0.08860793253788757,-0.700376516961678,6.732607064908389e-05,8.450378569699787e-06,-6.679364409189092e-05
86896.0429286302,19.522120337626657,-84.28881913905789,1023.2002885057226,-10230.942928996017,9.678477950926071e-06,9.677475335750665e-05,-0.018738541880188447,1.7902120233071818e-10,0.7057231403493529,0.0866758426974421,-0.7003802175370466,6.861801304104963e-05,8.427559994154162e-06,-6.809851647610681e-05
87096.35899560805,19.351107427399132,-84.58012367549081,954.1475698492897,-10056.589310895137,9.350227441132394e-06,9.855016174676518e-05,-0.01837684052389364,1.8170606220552202e-10,0.7059074953790969,0.08317344102695759,-0.7009904212898525,6.98604099917117e-05,8.23129195907497e-06,-6.937378984093718e-05
87297.13683881113,19.221008087691477,-84.6278977478769,932.8700633856239,-9920.287512944169,9.396131890305736e-06,9.991994975493705e-05,-0.018086077639558138,1.8377899508346636e-10,0.7058640340323986,0.08262180044746764,-0.7010118919328758,7.082139835356524e-05,8.289686341931268e-06,-7.033456877742816e-05
87498.3775227436,19.106171124867878,-84.83203808937252,886.9726188814814,-9806.940529930715,9.14755547058203e-06,0.00010114126477474437,-0.017838308619391455,1.854755168334964e-10,0.7060314971029147,0.08018072152659414,-0.7014638456804868,7.168039814371634e-05,8.14041025940086e-06,-7.121666377225441e-05
87700.0821143635,18.97795457278444,-84.88205879615415,866.6434014257226,-9676.327287285847,9.182258344420187e-06,0.00010252260252700526,-0.017560249450374304,1.8754676713787197e-10,0.705851543067194,0.07958617721991001,-0.7013504411104764,7.26350533459872e-05,8.189747950187671e-06,-7.217187127327934e-05
87902.25168308843,18.862803492663648,-85.04781475020593,828.7395551220123,-9564.460242434243,8.991842674458042e-06,0.00010377460715437403,-0.017317316638001214,1.89303945382844e-10,0.7057560214573119,0.07758461123962976,-0.7014785741004846,7.349329207271399e-05,8.079206299094913e-06,-7.304786379670462e-05
88104.88730080138,18.754540383174923,-85.24976563737722,786.268366552073,-9461.973839318163,8.722052991383898e-06,0.00010496141106569055,-0.017092353830409895,1.9091426888792826e-10,0.705806598851862,0.07515537315441018,-0.7017938620911803,7.43167831895709e-05,7.913365476227106e-06,-7.38942684549035e-05
88307.99004185628,18.648825367628554,-85.47732423461315,740.6860650571547,-9363.92732539092,8.394779184625634e-06,0.00010612877156190745,-0.01687633610370766,1.924695793818249e-10,0.7062518997251298,0.07245165927932173,-0.7025258023254576,7.516641607255387e-05,7.711032803813964e-06,-7.476984738710378e-05
88511.56098308356,18.539225575178154,-85.68182695136147,699.4029422235402,-9262.467066779504,8.10596889617802e-06,0.00010735052058329883,-0.016655083274213087,1.9413035772090962e-10,0.7063954543263841,0.06999653447452654,-0.7029189306417455,7.602610286353787e-05,7.533405966104568e-06,-7.565194056445018e-05
88715.60120379608,18.413032389709073,-86.00967106608728,638.2587012936798,-9149.718336986958,7.5870529220175275e-06,0.00010876373029238585,-0.016414507498910123,1.9607056784003632e-10,0.7065208086004452,0.0660237630795263,-0.7034291120605156,7.700850000855746e-05,7.196378220970482e-06,-7.667151501091351e-05
88920.11178579481,18.2944727687146,-86.270557574571,589.49877358384,-9043.73187722313,7.17705394377659e-06,0.00011010599927338278,-0.01618705378739467,1.9791214850514378e-10,0.706763391517095,0.06288055215449606,-0.7039606009923369,7.796158253617963e-05,6.9362213939666354e-06,-7.76524126110672e-05
89125.09381337455,18.172599641158598,-86.4756094088218,550.2704475013323,-8934.423821719201,6.867501904910311e-06,0.00011150366677611579,-0.01595462797360004,1.998727470353239e-10,0.7069087939691745,0.060412164332919835,-0.704322662841091,7.894944015393562e-05,6.74698998408493e-06,-7.866061420288122e-05
89330.54837332954,18.054098772159097,-86.56977036556974,529.078424671422,-8826.736835128106,6.766469582069188e-06,0.00011288656561816147,-0.015726073826513885,2.0184590972405545e-10,0.7066944282184642,0.05927564726341235,-0.7042040986223564,7.989626905187622e-05,6.701486346681183e-06,-7.961472156049431e-05
89536.47655495937,17.93410922693502,-86.8188087720945,484.82615356693617,-8723.129195699883,6.3518748497457065e-06,0.00011428472771446477,-0.015505737819297368,2.0377355723399083e-10,0.7069716162826176,0.05627544320862525,-0.7047282743873198,8.089713352341461e-05,6.4394693343920414e-06,-8.064043307793304e-05
89742.8794500748,17.804138727342735,-86.95261750432779,458.31524493600756,-8608.949889170626,6.166444308175813e-06,0.00011582990229980074,-0.015267583769185463,2.060012955871522e-10,0.7073143211975671,0.05469521323525292,-0.7051964142140297,8.202010674691989e-05,6.342452137128338e-06,-8.177451443857291e-05
89949.75815300351,17.680646414775342,-87.10497242589133,429.98394379632515,-8502.61184957863,5.9325073046107664e-06,0.00011731090807843878,-0.015044317326015803,2.080979385148868e-10,0.7069090588677147,0.05282891467265323,-0.7049322827646267,8.300965414711529e-05,6.203499418961387e-06,-8.277752881418146e-05
90157.1137605957,17.554323737984717,-87.18656187769098,412.48543806202963,-8393.529775090354,5.8407923642620016e-06,0.00011885235233972339,-0.014817153056185056,2.103175414066493e-10,0.707120920431642,0.051880013576127294,-0.705215187232545,8.411950429543969e-05,6.171675732915036e-06,-8.389279719712678e-05
90364.94737223013,17.43363896887291,-87.22715480982184,401.5035612767767,-8289.85952516011,5.828777794775221e-06,0.00012034700008239742,-0.01460048568978769,2.1245793710804982e-10,0.7069442617262008,0.051407062980171,-0.7050726934602956,8.51530238451558e-05,6.192096176113128e-06,-8.49275892447174e-05
90573.26008981997,17.322888757318,-87.12767695430892,411.05427655634,-8192.65164628657,6.108833398608525e-06,0.00012175410123276233,-0.014396092237857013,2.1448436660814227e-10,0.7064863175301904,0.05263663990413626,-0.7045227469691602,8.610008231910382e-05,6.414871620714001e-06,-8.586078032167081e-05
90782.05301781857,17.211404582960657,-87.10879724612546,408.9791781889344,-8097.97526085229,6.220739098283747e-06,0.00012317348659458322,-0.014196999835942819,2.1649291393994468e-10,0.706344655839723,0.052897857359954975,-0.7043611215279152,8.708767892975878e-05,6.521960037142628e-06,-8.684312211480347e-05
90991.32726322518,17.091493066980384,-87.13172664267003,400.7472788488679,-7998.520649637461,6.248307688321912e-06,0.00012471006219652716,-0.013990389382163614,2.1868070296283047e-10,0.7061698079380683,0.05264270232181461,-0.7042049016696383,8.815036488797132e-05,6.571327981164251e-06,-8.790508789851959e-05
91201.08393559097,16.997779990339307,-86.91263166042751,426.962001899168,-7915.945456145464,6.793944999572836e-06,0.00012596085321281512,-0.013814110471330937,2.204536727488359e-10,0.705795790661865,0.05534564546938855,-0.7036224539080486,8.900489990523731e-05,6.9794035333849964e-06,-8.873082966736808e-05
91411.32414702499,16.894577872492412,-86.84752323479934,431.26461813490334,-7830.256842828088,7.012556943672691e-06,0.00012732350321569471,-0.013633147685409469,2.2235357883377962e-10,0.705601762631706,0.05616963067707396,-0.7033625096766045,8.994847149623629e-05,7.1603738701940124e-06,-8.966301673794093e-05
91622.04901219998,16.791202155635716,-86.60056047959738,459.8162863478846,-7740.867619818509,7.646723035143674e-06,0.00012873026140635806,-0.013446515972918955,2.244039469050805e-10,0.7047479077363263,0.05916909188381929,-0.7022596613962486,9.085451944455612e-05,7.627946603406555e-06,-9.053374030778141e-05
91833.2596483581,16.700616646491497,-86.41825522869391,479.7341258358995,-7664.121239410258,8.135375296346176e-06,0.00012996887075869228,-0.013282581761536488,2.2612978268708953e-10,0.7044558984000102,0.06141779837474945,-0.7017734440924394,9.170835889678651e-05,7.995568649215403e-06,-9.135914827491271e-05
92044.95717531712,16.608387095405362,-86.15758543370131,509.41829024264933,-7584.748668177964,8.815307696462552e-06,0.0001312514579688044,-0.013114789551707277,2.2797064987242098e-10,0.7037787538547015,0.06458781768920661,-0.7008087814685418,9.255153581146074e-05,8.493722905253867e-06,-9.216096490526163e-05
92257.1427154763,16.540498817390187,-85.59246982159063,579.3748170843023,-7516.732714762074,1.0193630359174022e-05,0.00013225082026968075,-0.012967290469253392,2.2950440419149445e-10,0.7027962294007972,0.0714369342125862,-0.6991561374187346,9.319217437156501e-05,9.472679208005155e-06,-9.270949095277358e-05
92469.81739382225,16.492829761270098,-85.1884240464899,628.677780998695,-7468.627391815078,1.1191290088980642e-05,0.00013295137546539588,-0.01285466978329204,2.3045139347169673e-10,0.7018213925657689,0.07629961550988229,-0.6976615481277432,9.36089535637497e-05,1.0176844480452637e-05,-9.305411341644673e-05
92682.98233793494,16.476704482491932,-84.58976367825115,704.5332904130807,-7438.998128397122,1.2618116403588068e-05,0.00013323166639173746,-0.012774225579717566,2.3083713856596407e-10,0.7011009487791159,0.0835391247949043,-0.6961061377458742,9.379748711831511e-05,1.1176364823739579e-05,-9.312925136087569e-05
92896.63867799363,16.49899803986907,-83.89201997305598,795.6362193049557,-7435.154787597882,1.4229498837648154e-05,0.00013297349195626193,-0.012738261081774718,2.3042527655434622e-10,0.7001052249082658,0.09191917444627351,-0.694044804975132,9.359752507758694e-05,1.2288734506264353e-05,-9.278730357588835e-05
93110.787546783,16.57507537999877,-83.2851618696501,880.0522250583848,-7474.821066842269,1.5535604001497234e-05,0.00013195337364075923,-0.012776765752492925,2.2867533854516537e-10,0.6992608003116585,0.09918523398348232,-0.6921906935318786,9.287779973223145e-05,1.3174063660091597e-05,-9.193872812792412e-05
93325.4300796991,16.72314121157357,-83.11742917554176,915.5672331019683,-7585.185664161653,1.5684690705554872e-05,0.00012994271396487853,-0.012935593135656093,2.2482982170457793e-10,0.6996533742139065,0.10130808967096201,-0.692279939775901,9.15457202503829e-05,1.3255595381839946e-05,-9.058094770554297e-05
93540.5674147552,16.86307609265924,-83.49968268436653,878.3594036196545,-7708.881965161677,1.459108129196431e-05,0.00012805797144119593,-0.013116305624140475,2.207134176314071e-10,0.7001558038215135,0.09679694075116725,-0.6934324061407606,9.021191929328701e-05,1.2471849492955773e-05,-8.93456398085748e-05
93756.20069258803,16.958010341676268,-84.31943995458684,776.9804073902131,-7811.155581992465,1.2609664348674684e-05,0.00012676773973624176,-0.013259752559835037,2.1732257563500895e-10,0.7016353082289092,0.08709016656795243,-0.6962093138134843,8.935505886394727e-05,1.1091156429675422e-05,-8.866404453684679e-05
93972.33105646375,16.95923089420692,-85.47462141156097,620.9757991921177,-7845.813673413575,1.002505178524517e-05,0.00012666304947098512,-0.01328795417399473,2.158649549390098e-10,0.7035449658329369,0.07327621934795321,-0.6997185967422468,8.93630891285217e-05,9.307421186419482e-06,-8.887707021189832e-05
94188.95965228413,16.879742985687578,-86.60915450536145,462.8318379367542,-7811.42760663008,7.558583627917544e-06,0.00012756972182671126,-0.013199289181972843,2.163165358448199e-10,0.705001151440276,0.05957140462206499,-0.7024798013348634,9.006542828884032e-05,7.61037632363159e-06,-8.974332033675233e-05
94406.08762859236,16.76706437718454,-87.4230510819611,348.3795724143872,-7740.633885550748,5.802575685361176e-06,0.00012892723204836412,-0.0130495837344382,2.1779284338090695e-10,0.7060918176052625,0.04970484675203127,-0.7043401756952817,9.109704540805909e-05,6.41271371324933e-06,-9.087105581487367e-05
94623.7161365793,16.652160034928567,-87.99103449879756,268.77333702419054,-7662.2851359994875,4.57230850632582e-06,0.00013034898436399268,-0.012887789706057081,2.1951379719240672e-10,0.7070966211505882,0.04282249340129729,-0.7057987430574486,9.219594697376188e-05,5.583480691063105e-06,-9.202672102037123e-05
94841.84633008968,16.516989156674853,-88.4283850873307,207.58255817207643,-7565.861926131862,3.6236582663482353e-06,0.0001320732259593333,-0.012696339969001904,2.2180009115998547e-10,0.707305343238151,0.03748639799837233,-0.7063112759529938,9.342064664254718e-05,4.951190564000445e-06,-9.32893505771726e-05
95060.47936562814,16.389750483306493,-88.78897746020799,158.01991192470504,-7475.109206185603,2.826719394849272e-06,0.00013371755441687278,-0.012515196517579768,2.239765701678788e-10,0.7076524613111692,0.03309840044334587,-0.7068779964660435,9.461555684900984e-05,4.42536945742586e-06,-9.451200824770096e-05
95279.61640236521,16.26760585859889,-89.05049403205342,122.43481544901995,-7387.374314874553,2.2428769330125444e-06,0.00013532892082694043,-0.012339860119894465,2.2611534001783757e-10,0.7081678026581026,0.029935221918822003,-0.7075348183731146,9.581706443664524e-05,4.0503184086524134e-06,-9.573141991031344e-05
95499.25860214359,16.153891151788663,-89.25544362154496,94.94600437381348,-7305.959991931136,1.778479128085327e-06,0.00013685143932038525,-0.012175797632018101,2.2810922131930395e-10,0.7084845459575858,0.027458352292721963,-0.7079522517444912,9.693311872778553e-05,3.7567844465292273e-06,-9.686029153846937e-05
95719.40712948442,16.0513715117975,-89.23783712679982,96.17567573170365,-7229.603377486831,1.8397527102790033e-06,0.00013829570010069766,-0.01202083410905774,2.2998825572480968e-10,0.7084101513191636,0.027715027368261286,-0.7078677982151872,9.794606152962489e-05,3.831929526774872e-06,-9.787107481409865e-05
95940.06315159332,15.956969356994117,-89.44219525014056,69.74954227321237,-7164.205999618411,1.3588266894291896e-06,0.00013956958000839757,-0.011884699266522707,2.3155388212960066e-10,0.7083983808879699,0.025231806683809636,-0.7079488837311407,9.884241402211367e-05,3.5205793096828915e-06,-9.877969594528607e-05
96161.2278383665,15.85565445689118,-89.4860336404969,63.61564101170603,-7091.5341183763585,1.2648777901139173e-06,0.00014100186465964814,-0.011737087123528934,2.3338875911737447e-10,0.7082434509546225,0.02472695598145105,-0.7078116723168699,9.98340422019806e-05,3.4855132986423687e-06,-9.977317865755221e-05
96382.90236239704,15.764193034028413,-89.54741892829047,55.50793481600103,-7027.037688738897,1.1240442439506054e-06,0.0001422985973488965,-0.011603591052391594,2.349891708142734e-10,0.708464714022165,0.024018435227139208,-0.7080574593800617,0.00010078258109607177,3.4167402386735838e-06,-0.00010072464712535712
96605.0878989813,15.691423019401283,-89.54188840409503,55.77171793311476,-6975.191170513868,1.146235957443688e-06,0.0001433560812897162,-0.01149148743551769,2.361913653726212e-10,0.7080213120899654,0.02411411385802337,-0.7076105481735264,0.00010146791572981062,3.4558407085549255e-06,-0.00010140904835146144
96827.78562612491,15.608513001530568,-89.5964541018515,48.72398348685603,-6917.756977584666,1.0181004773420647e-06,0.0001445483553887848,-0.011370653691722887,2.3760459249155425e-10,0.7081686030822713,0.023487601324426587,-0.7077789930306777,0.00010233220215943464,3.394019385369724e-06,-0.000102275902495217
97050.996724549,15.51980121707957,-89.59540741570638,48.4130402188997,-6855.827021552792,1.0299615146598605e-06,0.00014585404988897837,-0.011242942332266742,2.3919950699751093e-10,0.7079765888449521,0.023536761003240418,-0.7075852395535189,0.00010322841478855677,3.431840213227345e-06,-0.00010317135306134742
97274.72237769651,15.446690779416876,-89.58692227769292,49.06268092584511,-6805.1015389356635,1.0593988138298606e-06,0.00014694094090040842,-0.011134090354517465,2.4042826472130713e-10,0.7079512774261644,0.023683402481379894,-0.7075550209391797,0.00010399389068410746,3.478952926860437e-06,-0.00010393568293012165
97498.96377173866,15.374484570795762,-89.58234897470692,49.24416822701858,-6755.479720381757,1.0789947724108479e-06,0.000148020112144368,-0.011027481204548587,2.41637279232941e-10,0.7076349160027949,0.0237720473534832,-0.7072355082367587,0.00010471072915650805,3.517616719631216e-06,-0.00010465162766580056
97723.72209558106,15.295164938429007,-89.595351681771,47.331652902818846,-6701.7672832315575,1.0537833273754575e-06,0.00014920693011756493,-0.010914641478090771,2.430137172328781e-10,0.7078014165201456,0.02365998817023847,-0.7074058595938464,0.00010557478915823464,3.529094749258894e-06,-0.00010551578837338255
97948.99854086991,15.227572596346484,-89.56067547728448,51.03336013043106,-6655.532971490919,1.1520277799006285e-06,0.00015024209367374362,-0.010814413491750875,2.441390736486211e-10,0.707489578551092,0.024120467845695145,-0.7070782890099983,0.00010626070998113296,3.62275023698538e-06,-0.00010619893674804315
98174.79430199844,15.168338991139693,-89.41987626940988,66.9620121618682,-6613.260886230077,1.530920579342111e-06,0.00015119583268815271,-0.010721012124171876,2.451345216656975e-10,0.7072240400464452,0.0258913128371037,-0.7067499435721146,0.00010689728376433934,3.913485485020267e-06,-0.00010682562383413552
98401.11057611335,15.112222214647153,-89.5072652739781,56.56694889503706,-6577.509885854578,1.3073973964833926e-06,0.000152021975165511,-0.010638530453981311,2.459000528891407e-10,0.7072835594062993,0.02485856672494379,-0.7068465781673033,0.00010748871297739269,3.777855865856352e-06,-0.00010742230318976186
98627.94856312104,15.037524375546479,-89.44673587299981,63.0290564510656,-6527.057332504433,1.4793313295794707e-06,0.0001531941130902329,-0.010532647727610896,2.4723087400126854e-10,0.7067861476801484,0.02563050018126224,-0.7063212696875288,0.0001082421764684591,3.925234149963212e-06,-0.00010817098179963518
98855.3094656939,15.004026552753366,-89.32561652559689,76.54264781643423,-6502.781154412593,1.8098602305362186e-06,0.00015375905243671025,-0.010469339180297119,2.4758309814319417e-10,0.7068417946611738,0.027169007184211405,-0.7063194516141073,0.00010865218170340776,4.17628375624727e-06,-0.00010857188974544765
99083.19448927676,14.923941696913019,-89.33940997663846,74.37763638967596,-6450.802580424911,1.7871340914872863e-06,0.00015499886482722017,-0.010361768439911271,2.4900403267074615e-10,0.706444865755996,0.02702719570666826,-0.7059276726728033,0.00010946628913725064,4.1879656335659295e-06,-0.00010938614812366431
99311.60484209335,14.883739128641126,-89.25137070240618,83.92898783636176,-6423.076334587541,2.034003394365305e-06,0.00015566205912420614,-0.010293503464490303,2.495037332665098e-10,0.7062944181983174,0.028149366210521762,-0.7057332487279069,0.00010991314659582297,4.3805887957730355e-06,-0.0001098258177133101
99540.5417351527,14.849748887124887,-89.15891945055498,93.94700653591484,-6399.3636801540015,2.293589925234651e-06,0.0001562318652388644,-0.010231915002523767,2.498522930128729e-10,0.7060301153314186,0.02932068483821322,-0.7054210240668436,0.00011027649199601871,4.579666216307532e-06,-0.00011018135660943367
99770.00638225536,14.802918994971328,-89.04789527761618,105.81492264394448,-6367.146675184133,2.60937970122946e-06,0.0001570128567298718,-0.01015698909413835,2.5053896394240584e-10,0.7060040990568991,0.03073007327778303,-0.7053349916752223,0.00011082684842389532,4.823933993813225e-06,-0.0001107218135346256
100000,14.757698520652946,-89.07290330913102,102.57482443666152,-6338.704103469382,2.5522670392216013e-06,0.00015771965142044516,-0.01008836090864033,2.510843549311358e-10,0.7058481780592848,0.03045923829027882,-0.7051906729902118,0.00011130016723889337,4.802900143481846e-06,-0.00011119648995187472
100230.52380778994,14.723910479191902,-89.00513039252475,109.67830463051834,-6315.8753142048145,2.7486705347245356e-06,0.000158283449362494,-0.010028908739771041,2.5141233634446884e-10,0.7057180117863443,0.03133142437900459,-0.7050221656132901,0.00011167946001328857,4.958179467798195e-06,-0.00011156934276594455
100461.57902783951,14.699244733240477,-88.97951347725814,112.21481966038505,-6299.696806912243,2.8266571971133987e-06,0.00015868744763644781,-0.009980212301087449,2.5147828126921713e-10,0.7056052021177429,0.031685506661133706,-0.7048934174208524,0.00011194730133169616,5.0270419653871855e-06,-0.00011183437362693019
100693.16688518038,14.670540229061706,-89.05774661833236,103.33604929940921,-6283.008206948704,2.6169723777937026e-06,0.00015911638811926115,-0.009930880560774222,2.51566324543832e-10,0.7056401233116083,0.030768553149030424,-0.7049689920587551,0.00011225264020616087,4.894635682128071e-06,-0.00011214587720818381
100925.28860766845,14.63771086065237,-89.08369585437723,100.16624363647873,-6262.782668685198,2.5531458514968273e-06,0.0001596325968597733,-0.009876145344564973,2.517982982094234e-10,0.7055932101916869,0.030491379574683633,-0.7049340777975218,0.00011260830639303539,4.866235337723165e-06,-0.00011250311294513423
101157.94542598982,14.592668421356258,-89.09652459085969,98.32153918114675,-6234.748894083925,2.5287316446579397e-06,0.00016035150544092846,-0.00980932443073564,2.523487540496356e-10,0.7057254883165943,0.030383472423573924,-0.7050711378741733,0.0001131360500492642,4.8708259991905265e-06,-0.0001130311500199623
101391.13857366794,14.530359886626687,-89.27640501874095,78.2956083470387,-6199.282096217277,2.03697329316324e-06,0.00016128327416281235,-0.009731090932736662,2.532087634858897e-10,0.7056603760976098,0.028211500142281555,-0.7050962187204964,0.00011377769282740999,4.548702897475636e-06,-0.0001136867304793262
101624.86928706954,14.490819694627922,-89.27591324624564,78.03851629604351,-6174.7291460495935,2.046462618439432e-06,0.00016192455951420467,-0.009670257612547124,2.536309331712158e-10,0.7054701528035128,0.028254383158529576,-0.7049041256291118,0.00011419911158118052,4.573723554647712e-06,-0.00011410748502520148
101859.1388054117,14.447242629487604,-89.42301041409931,61.94027379479778,-6150.537875031034,1.637204323029588e-06,0.00016257091841921683,-0.009610217767059144,2.540428840154773e-10,0.7061354430080359,0.02651409532211959,-0.7056374895237671,0.00011475954373439192,4.3090111278580765e-06,-0.00011467861745428311
102093.94837076798,14.407730690442033,-89.43459240528553,60.459156354755585,-6126.451215650728,1.610652423633371e-06,0.0001632107375243468,-0.009550566024159636,2.544550954532408e-10,0.7059777481969802,0.02641024436753975,-0.7054835787895603,0.00011518503292965907,4.309009561455214e-06,-0.0001151044058566219
102329.29922807541,14.346485097526552,-89.39110844009542,64.70313382740265,-6088.238321105193,1.7453919894848706e-06,0.0001642325768034347,-0.00946916700138549,2.5546328196342743e-10,0.705738845969453,0.026981302355208726,-0.7052228924485593,0.0001158676657965951,4.429769654744958e-06,-0.00011578295694080954
102565.19262514074,14.32192012202531,-89.54494919443312,48.25802333620518,-6076.075230948003,1.3070609798775193e-06,0.00016456954297202123,-0.009428514516985993,2.553859430767577e-10,0.705895837758432,0.025138127975709364,-0.7054480904266135,0.0001161281268981771,4.13551626089174e-06,-0.00011605446722179645
102801.62981264736,14.2471369251264,-89.64225034255894,37.6677370085493,-6032.638362011589,1.0349944355620452e-06,0.00016575848809348453,-0.009339581648167783,2.56633200521236e-10,0.7059121588203601,0.023985625700407222,-0.7055045469238177,0.0001169681920303042,3.974368818891795e-06,-0.00011690065157786563
103038.6120441616,14.207005677673148,-89.62771188958384,39.04004351677474,-6008.245183153858,1.0814256427890559e-06,0.00016643092127790725,-0.009280423146588663,2.570824823197261e-10,0.7057978918956995,0.024205816327844597,-0.7053826923453085,0.00011742366813100186,4.027124161120109e-06,-0.00011735459133894415
103276.14057613975,14.160337286526833,-89.71071465470139,30.202350331133488,-5981.818743899969,8.440402766005192e-07,0.00016716897499102735,-0.009218353982443306,2.5762433418356773e-10,0.7059086855966361,0.023232761262211864,-0.7055262654252523,0.00011796171200662886,3.882338252879629e-06,-0.00011789780722823082
103514.21666793435,14.096448435685321,-89.80492354685526,20.243018753478292,-5945.541036836011,5.726476476004565e-07,0.0001681913221500673,-0.009141374738927894,2.5860013700505897e-10,0.7061583251729039,0.022125791708632166,-0.705811610525264,0.00011872405824568566,3.7199360113815316e-06,-0.00011866576626136196
103752.84158180126,14.05724300474601,-89.77220988491686,23.543263315436377,-5921.778108494079,6.713601127237578e-07,0.00016886552918248142,-0.009083898267182712,2.5904069790314986e-10,0.7058097177999814,0.02256305913904223,-0.7054489819279474,0.00011914116358243258,3.808659829994766e-06,-0.00011908027112026302
103992.0165829059,13.989488015724131,-89.92950863921192,7.240078495688617,-5884.774066036583,2.0906581708197362e-07,0.0001699298010638115,-0.009006372915578884,2.600700481024527e-10,0.7058566407181273,0.02067313450226358,-0.7055538383112452,0.00011989894542979482,3.5116011985492313e-06,-0.00011984751049646073
104231.74293933042,13.94613028139037,-89.98164030787053,1.877877291464068,-5860.361862447015,5.467871488106185e-08,0.00017063790953388835,-0.008948383020502335,2.6055277215849113e-10,0.706265067889709,0.020088400161698102,-0.7059793214395155,0.00012046793399249678,3.42648698727971e-06,-0.00012041919409855957
104472.02192207998,13.898089975802604,-90.00433538459629,-0.4413528838432415,-5832.852174987638,-1.2972510357999442e-08,0.00017144271177705006,-0.008885893456393373,2.611795453999372e-10,0.7060348412084899,0.019848036171210563,-0.7057558022860626,0.00012099643111745534,3.4014490521402934e-06,-0.00012094861093665693
104712.85480508996,13.836645274785592,-89.96500062030924,3.54095181723376,-5796.719003154103,1.0537931189517153e-07,0.00017251131654179123,-0.008810537013664289,2.6220313697924984e-10,0.7055634556205539,0.020364782243831224,-0.7052694985261866,0.00012166911573426107,3.5117536601275556e-06,-0.00012161842504237421
104954.24286523221,13.776755389673635,-89.9622816437139,3.793410862482006,-5762.350812252516,1.1424318596466583e-07,0.00017354020940591697,-0.008738156653439997,2.63160338903565e-10,0.7055252202205436,0.0204430578106408,-0.705228982497598,0.00012238792078181004,3.5462705912689588e-06,-0.00012233653223051613
105196.1873823223,13.724003571690503,-89.99944636061542,0.055396494511389664,-5732.9471558736395,1.6854908769188934e-09,0.00017443035365886613,-0.008673573644126586,2.6390170312705923e-10,0.7059969843965372,0.02004502247937788,-0.7057123628297903,0.00012309769081553687,3.495051726978803e-06,-0.00012304806417633417
105438.68963912586,13.683007879434385,-90.01675686420697,-1.669960609018198,-5709.999850811528,-5.121934215155034e-08,0.00017513133810740682,-0.008618987057037689,2.643528730259147e-10,0.7059073456696121,0.019875440033667525,-0.7056274849761631,0.00012357646764227608,3.4794037592379242e-06,-0.0001235274750993588
105681.75092136585,13.621402842834877,-89.84399881065288,15.444173983472584,-5672.288810004141,4.800039324665686e-07,0.0001762943707965082,-0.008542371742390281,2.654983316487713e-10,0.7050759220228643,0.022023234483752954,-0.7047318872871199,0.00012425083588867638,3.8810079994334146e-06,-0.00012419020893751295
105925.37251772886,13.567555946093044,-90.00138747609888,-0.13669696138667983,-5644.89648831401,-4.289897300836395e-09,0.0001771511668077122,-0.008481567333708338,2.661730916618589e-10,0.7050977426843948,0.02013422092129313,-0.7048102155094814,0.00012485786568175973,3.5653437803203055e-06,-0.00012480695071322143
106169.55571987247,13.529729719140944,-89.87364254390278,12.39759486334335,-5621.581283280101,3.923000276258599e-07,0.00017788502665565156,-0.008427109289103308,2.6666231008577205e-10,0.7051674737146093,0.02175415663313287,-0.7048318399832866,0.000125387564799427,3.868160155097808e-06,-0.00012532788493924653
106414.30182243159,13.463780658958147,-89.81002910950505,18.5143616608141,-5583.965488387268,5.937703643170914e-07,0.0001790822326535444,-0.008351468687116326,2.678412148607997e-10,0.7045786754762473,0.022564358042811112,-0.7042172673841354,0.00012612619856342466,4.039231958077825e-06,-0.00012606150312148933
106659.61212302578,13.43084112494436,-89.80778703856012,18.671796177639685,-5565.759434407894,6.027432395165251e-07,0.00017966797837489838,-0.008305094200273552,2.6809931262019407e-10,0.7047044677925222,0.02264254696926042,-0.7043406150389787,0.000126561102033497,4.0664786846768235e-06,-0.00012649575605149885
106905.48792226578,13.386730943368923,-89.77664757324371,21.6002782318262,-5541.012148290092,7.035169103896403e-07,0.00018046970067509802,-0.008249150630824974,2.68677333405109e-10,0.7044769475237544,0.02306459869900281,-0.704099278425451,0.00012708481235820974,4.1607609845620165e-06,-0.00012701668236948533
107151.93052376065,13.346413084157323,-89.62005992395916,36.57960842692204,-5516.20266163738,1.2020970403311776e-06,0.0001812761584550187,-0.008193328075424455,2.692650075505434e-10,0.7039905744730008,0.025018300374832683,-0.7035458859187369,0.00012756616992101613,4.5334254072081e-06,-0.00012748559041081796
107398.94123412446,13.304748675821722,-89.61366879353379,37.041462951812875,-5493.440071553202,1.2273815857873875e-06,0.00018202702185986304,-0.008140751965709217,2.6975887422505213e-10,0.7042031709556588,0.02515123883266411,-0.7037538782622708,0.0001281330927498127,4.576386689291639e-06,-0.00012805134182234163
107646.5213629835,13.257268768749418,-89.48040641669772,49.564659660272184,-5465.363801388711,1.6591981682022847e-06,0.00018295538938385253,-0.008080518104746092,2.705210445179822e-10,0.7037159605266704,0.02681642686711991,-0.7032048295838523,0.00012869960717945498,4.904341804571186e-06,-0.0001286061286238333
107894.67222298284,13.2417121106396,-89.4250869197222,54.74726731668156,-5455.924016302337,1.839001538876743e-06,0.00018326855665574696,-0.00804800884453067,2.703658396910446e-10,0.7035263377698127,0.027535001334979495,-0.7029872912345481,0.00012888610312171683,5.044415299030266e-06,-0.00012878734973665982
108143.3951297938,13.21064592978015,-89.38925444012484,57.97452771637507,-5438.549479564159,1.9598449014219177e-06,0.0001838516653520587,-0.008003928782554223,2.706057668562601e-10,0.7031984510076127,0.028008734085116928,-0.7026404288926557,0.00012923650577029153,5.147552471173727e-06,-0.00012913395032783248
108392.69140212034,13.175143877023423,-89.3892356662794,57.773490478229625,-5419.52371372737,1.9667855742766324e-06,0.0001844970932408123,-0.007957584382175274,2.709311938521604e-10,0.7033108052945681,0.02806068687860254,-0.7027507998543971,0.00012971066919994928,5.175194872357072e-06,-0.00012960738814717237
108642.56236170656,13.161309984136176,-89.26492861930976,69.40834409673178,-5409.797056218172,2.3712549622061458e-06,0.00018481939428215764,-0.007925033466668152,2.707940754319998e-10,0.703214341987304,0.02962857225499344,-0.7025898935244995,0.00012992249544894642,5.4740323314220216e-06,-0.0001298071253580328
108893.00933334332,13.150985793467031,-89.22985021141812,72.6374379795314,-5403.582575676766,2.4872444052654293e-06,0.00018502897271141476,-0.007897723486468628,2.7048198132601225e-10,0.7030504520994004,0.0300991522802196,-0.7024058507936729,0.00013004029694695278,5.567314107662241e-06,-0.00012992106774375848
109144.03364487566,13.110539432420785,-89.33817785272481,62.193995024388045,-5384.067237070205,2.145208741249709e-06,0.00018570841278020667,-0.007851101760696916,2.708380366444779e-10,0.702903686989485,0.02881261738500375,-0.7023129119294599,0.00013048722522813767,5.3487818654526156e-06,-0.00013037755359069495
109395.63662720936,13.095108438297075,-89.31628230129924,64.14876794396592,-5375.433762492667,2.2197263902444083e-06,0.00018600500935635092,-0.007820484261901383,2.706491184783605e-10,0.7030300106573074,0.02913389191418682,-0.7024260902235524,0.0001307194407529093,5.417074662883201e-06,-0.00013060714947065537
109647.8196143185,13.040027720988018,-89.41681614008898,54.43851518407618,-5348.20947965752,1.9030248441027808e-06,0.00018695909461967418,-0.007762981319395735,2.714011741480561e-10,0.7028460070788901,0.027941797857603624,-0.7022903712847158,0.0001313527459110172,5.22195735242308e-06,-0.0001312489048326641
109900.58394325209,13.009560651424527,-89.42863180099559,53.17771112227847,-5332.388846497793,1.870005260438958e-06,0.0001875145617066501,-0.007722215960621586,2.7158033536781423e-10,0.7028462522613905,0.027844851531592187,-0.7022944671297544,0.0001317425092116815,5.219278892924106e-06,-0.00013163908181549984
110153.93095414151,12.978635537190497,-89.47887568274786,48.361970608693156,-5317.081364209613,1.7104935819312313e-06,0.00018805754673801247,-0.007682338474947922,2.717357793144116e-10,0.7029847674257373,0.027282343808129616,-0.702455163657406,0.00013214866104484458,5.128596480990321e-06,-0.0001320491049347946
110407.8619902073,12.936514354198431,-89.45685710295811,50.19337267056821,-5294.706574592344,1.7902907033855847e-06,0.00018885090706816413,-0.007632415920183932,2.722564858346775e-10,0.702934673685823,0.027598429389319407,-0.7023926837354139,0.00013269690465303875,5.209909669194913e-06,-0.0001325945901827691
110662.37839776665,12.883260882746047,-89.65219510702639,31.99478478094733,-5270.6090528199575,1.1517058755597079e-06,0.00018972440213211523,-0.00758020472726545,2.728722224015937e-10,0.7029586062799537,0.025252688562285536,-0.7025048781776758,0.00013331140167694482,4.789003617389298e-06,-0.00013322535517469773
110917.4815262401,12.837418280744654,-89.6533489910752,31.74565322284798,-5246.976662975777,1.1530552175004066e-06,0.00019057896761099714,-0.007528860741422935,2.734708238965039e-10,0.7031266352874121,0.025292914089277845,-0.7026715689050397,0.00013394358629807853,4.818226832869524e-06,-0.00013385689747105983
111173.17272815914,12.79732453089781,-89.67919049840086,29.26633124937333,-5226.839387882732,1.0712142910418365e-06,0.00019131421022921134,-0.0074827164226306765,2.7389302746052184e-10,0.7028694191394681,0.025015291075733328,-0.702424127983834,0.00013441051402846458,4.783702406881648e-06,-0.00013432536049710965
111429.45335917299,12.755591647240731,-89.70741605029778,26.584956357004064,-5206.001761778988,9.808802838692317e-07,0.00019208098058705846,-0.007435744223401359,2.7435685820626214e-10,0.7031006233499908,0.024725931332564312,-0.7026657205776321,0.000134992973812008,4.747296318627857e-06,-0.00013490947393075337
111686.32477805612,12.711235276441775,-89.74107366986763,23.42740112801434,-5184.030806313532,8.717261957880201e-07,0.00019289614878501137,-0.007387333494991763,2.748859596551465e-10,0.7029001719482484,0.02435488576790031,-0.7024781073201567,0.00013552655229976142,4.695878350163608e-06,-0.00013544517379656033
111943.78834671513,12.664449085873402,-89.65952721348073,30.65647208041037,-5158.902148954218,1.1518402708890594e-06,0.00019383284655701433,-0.007334616686282249,2.755896105842429e-10,0.7027255526194585,0.02539712575495293,-0.7022664653162006,0.00013615156144598133,4.920638384199038e-06,-0.00013606261427030855
112201.84543019636,12.622619192335724,-89.74000581752037,23.320845935634964,-5139.256820282677,8.82947162851612e-07,0.00019457665648829037,-0.007289881228162015,2.760068182999901e-10,0.7028310594193922,0.024463231618380665,-0.7024051881808467,0.0001366932527572092,4.757841387419474e-06,-0.00013661042527815526
112460.49739669263,12.575343433139778,-89.74626754057037,22.654751245005684,-5115.676369744545,8.656546305258515e-07,0.00019547373925446658,-0.007239743735360638,2.7664133358185534e-10,0.7025640029199547,0.02442617570880835,-0.702139259790501,0.00013727093122072091,4.772524455812594e-06,-0.00013718794250415216
112719.74561755105,12.533950934965517,-89.78260195391097,19.33464259276048,-5095.667245661688,7.446081330546937e-07,0.0001962423280521773,-0.007194840851133398,2.770888635433255e-10,0.702180829787546,0.024016888130540343,-0.7017699814081904,0.00013773485807890912,4.710984034066949e-06,-0.0001376542689474177
112979.59146727977,12.490595911159243,-89.72969629954616,23.933994045112666,-5073.207173058516,9.299087131323509e-07,0.00019710958166282308,-0.007146653554286957,2.776754816173758e-10,0.702098978979579,0.024711168560493435,-0.7016639754416227,0.00013832767179812767,4.868599039058806e-06,-0.00013824196731994015
113240.03632355572,12.440823462543829,-89.74265443502556,22.677268333994842,-5048.865051087694,8.895993399504172e-07,0.00019806031973495293,-0.0070960046991557675,2.7837252506171566e-10,0.7022664186174741,0.024607625643013806,-0.7018351569122386,0.00013902758650679862,4.8715682711215025e-06,-0.00013894220968620435
113501.0815672315,12.400705129011872,-89.66147880020014,29.705563144568075,-5027.701640614673,1.1751238336985404e-06,0.00019889109652149173,-0.007050008312221013,2.789013614332646e-10,0.7019300947336211,0.02563906629741607,-0.7014616854626823,0.0001395446128673665,5.0970796203166405e-06,-0.00013945149249702327
113762.7285823431,12.340802561577227,-89.6432490715132,31.121157963322784,-4998.131242991531,1.2457290696254033e-06,0.00020006702162353346,-0.0069924245265299105,2.7990617260978365e-10,0.7016684831430808,0.025902083011683195,-0.701190232627329,0.0001403173084110338,5.179811631495807e-06,-0.00014022166947793552
114024.97875611685,12.29324540556307,-89.65217314508136,30.20339749053709,-4975.193605296693,1.2201685352401979e-06,0.00020098979579410606,-0.006944326267455493,2.805499179611061e-10,0.7015865425031158,0.025839439046594533,-0.7011105476394102,0.0001409475942696318,5.191101240198196e-06,-0.0001408519676763898
114287.83347897718,12.255680314461472,-89.60664804265878,34.026311295923435,-4956.2061764728305,1.3851463831716297e-06,0.00020175772213124705,-0.006901913247951552,2.8097699731240734e-10,0.7017011488339328,0.026450521773368155,-0.7012024473522448,0.00014150964637521198,5.334185342020875e-06,-0.00014140907497036572
114551.29414455355,12.195880159844311,-89.50586545116907,42.481372449359405,-4925.66854352285,1.7507973013018881e-06,0.00020300302687695888,-0.006843611000541381,2.820687328613779e-10,0.7008893046377134,0.027701613381457022,-0.700341658029566,0.00014221997633797993,5.621034268273092e-06,-0.00014210885138980778
114815.3621496883,12.168857533200123,-89.48279194188147,44.344351359965536,-4912.288441482741,1.8375332114720947e-06,0.0002035545199947209,-0.006809323880683186,2.821865251722309e-10,0.7007920471675125,0.02802962408498665,-0.7002312714717099,0.00014258674571487824,5.703051137699747e-06,-0.0001424726474144428
115080.03889444355,12.11767387384155,-89.34006218148039,56.27206043424975,-4885.322369546714,2.3574839568422524e-06,0.0002046676276171885,-0.00675636896876572,2.8309154895135913e-10,0.7001572945662281,0.029796842826726348,-0.6995229698100408,0.00014323995227367967,6.095913557611155e-06,-0.00014311018050880994
115345.32578210924,12.090813938127384,-89.19701280137933,68.25532824211793,-4869.923455419265,2.8774446946025503e-06,0.00020530170714598954,-0.006719582134375122,2.8333354571640305e-10,0.7000553298516456,0.031588669837976716,-0.6993422772802769,0.00014366705805543965,6.482703680676861e-06,-0.00014352072367185726
115611.22421920986,12.050599020112788,-89.13361720227158,73.33958389974542,-4849.736590289601,3.1174739555939517e-06,0.0002061496221792898,-0.006676337494486737,2.8385855051323537e-10,0.6997503802000454,0.03239846766834712,-0.6989999527059005,0.00014419957753282,6.676445605003873e-06,-0.0001440449347763648
115877.73561551262,12.018941026478984,-88.97762709794766,86.22855235111564,-4831.9040407329585,3.6921233893649054e-06,0.00020689186397695723,-0.006636489818717201,2.8425088847282696e-10,0.6988971454998649,0.034309742519081754,-0.6980544832290196,0.00014454846899556129,7.096066688350982e-06,-0.00014437418649646208
116144.86138403426,11.9904064062239,-88.87488569690244,94.59461219008445,-4816.555401057713,4.07592141521273e-06,0.00020753720378154393,-0.0066001938580786705,2.845008522092895e-10,0.6985438871737604,0.03559369821826089,-0.6976364747882486,0.0001449306003503811,7.38481310363203e-06,-0.00014474233469633654
116412.60294104915,11.963754721246287,-88.76145505255855,103.81751471270104,-4801.908001502996,4.500284853871678e-06,0.0002081532572673442,-0.006564988458326439,2.847123436924816e-10,0.6982919249132562,0.03701177229896096,-0.6973103621131344,0.00014531398671841224,7.702119982189713e-06,-0.00014510972429089252
116680.96170609623,11.93121117044903,-88.5623419518127,120.03712482842172,-4782.901746543833,5.243957996975898e-06,0.00020894648966633613,-0.0065239645281869405,2.851863088841523e-10,0.6978069403478107,0.03945784851246809,-0.6966904651194389,0.0001457779423709642,8.243087928683791e-06,-0.0001455447009798438
116949.93910198711,11.912034255981457,-88.44906704120373,129.1974776520447,-4771.748560874682,5.669968882051314e-06,0.00020941326676670143,-0.006493781668347526,2.8519544207499116e-10,0.6973906430970244,0.04086127484717316,-0.6961925490100745,0.000146023638143701,8.555767232374246e-06,-0.00014577277435717535
117219.53655481302,11.895004860544194,-88.28085024266515,142.88116725087562,-4760.510791342745,6.299075765848076e-06,0.00020987243270593843,-0.006463588292129268,2.852112011699953e-10,0.6969056999035438,0.04292580492823643,-0.6955824392761157,0.00014625397157596207,9.008492045220047e-06,-0.00014597626955369675
117489.75549395298,11.874321923157824,-88.18010510088092,150.89103002553324,-4748.906953992959,6.684021983505512e-06,0.00021036239511878143,-0.006433003565577732,2.8525053732532555e-10,0.6964059042863837,0.0441677832287598,-0.6950038780104706,0.0001464978988291877,9.291258731625403e-06,-0.00014620296465034117
117760.59735208072,11.86476507159636,-88.06530503651364,160.18797089818523,-4742.146070461733,7.1151616366229515e-06,0.0002106346413318221,-0.006409070647979834,2.850002259968213e-10,0.6964166538745935,0.045611684996248215,-0.694921384032531,0.00014669905099077258,9.608028277055798e-06,-0.0001463840747971602
118032.06356517298,11.8655941608099,-87.86488912880854,176.65769662563815,-4738.42127951991,7.857094869418188e-06,0.00021074782608172343,-0.006389307670377269,2.845682621472232e-10,0.695907589508996,0.048057879422335845,-0.694246219551572,0.000146688476853793,1.0129990302677334e-05,-0.00014633828117807532
118304.15557251647,11.862814609041386,-87.7448372937579,186.4511882244082,-4734.624646259059,8.30464474355115e-06,0.00021088294505218784,-0.006369505048154895,2.8414144002854504e-10,0.6953909973866249,0.049526562169684006,-0.6936250852485205,0.0001466850012434715,1.0447077774585952e-05,-0.0001463125017070277
118576.87481671602,11.865749060798276,-87.74248814660228,186.6936295599568,-4735.842732786814,8.311139358197602e-06,0.00021082802355641169,-0.006356490519706261,2.8341501809205574e-10,0.6953003319601387,0.049599539837703106,-0.693528973635397,0.0001466275714783511,1.0459739106327759e-05,-0.0001462540207155568
118850.22274370183,11.874528986173472,-87.73246182756814,187.67220848976459,-4739.5942942644815,8.34136706478606e-06,0.00021065823258951976,-0.006346894795553164,2.825393642835405e-10,0.6957058875982649,0.04980104863571748,-0.6939211321134935,0.00014659560807442893,1.049382380922576e-05,-0.00014621953347132693
119124.2008027375,11.8619495768827,-87.66485178515185,192.9783684088036,-4732.343452261862,8.602695115552858e-06,0.0002109609913150994,-0.006322609912684778,2.8232144967956777e-10,0.6952735952837599,0.050639626556175314,-0.6934269972542579,0.00014672168401343925,1.0686341803475745e-05,-0.00014633200148497525
119398.8104464273,11.840456065003815,-87.9058428610521,172.85897356165776,-4727.285634350775,7.724812360911095e-06,0.00021125541676761592,-0.006301326397651265,2.819734950350772e-10,0.6957727520478244,0.04780823082351407,-0.6941282990612967,0.0001470076727208093,1.0101253217488717e-05,-0.00014666022133565993
119674.05313072437,11.812311244151001,-87.9079386286461,172.21353613211812,-4714.356621646626,7.738259315657812e-06,0.00021183534618790246,-0.00626963940975137,2.8209650115005403e-10,0.6958670120950331,0.047840836414239314,-0.6942205362082391,0.00014743065241647492,1.013585297493296e-05,-0.0001470818199384886
119949.93031493788,11.790135267816158,-87.9006159834712,172.43718172280452,-4703.99924852232,7.78239420404556e-06,0.00021229978431440218,-0.006241477012426859,2.820673951778422e-10,0.6960475740135865,0.04799365030397165,-0.6943909812351391,0.0001477925610520427,1.0190545528029765e-05,-0.00014744081485180055
120226.44346174132,11.745991634691393,-87.97144525538612,165.95059259612407,-4685.254538861553,7.550364546094243e-06,0.00021316814363984155,-0.006202307895274694,2.8254455453323575e-10,0.6959609264678274,0.0471811070931665,-0.6943598161640835,0.000148371627588041,1.0058521081560158e-05,-0.00014803028753189714
120503.59403717973,11.704509824045546,-87.86964450792723,173.50826598369775,-4664.34346456746,7.964134432582569e-06,0.00021409618833400957,-0.006160424712604382,2.831585038319457e-10,0.6950423078959649,0.048402651273781246,-0.6933548825205011,0.00014883012273205203,1.0364509394314239e-05,-0.00014846879260454988
120781.38351067803,11.690378704989898,-87.72160876683064,185.2011066291564,-4654.88449882432,8.533728710430418e-06,0.00021448857522701696,-0.006133791946870964,2.830813266844721e-10,0.6947459532038736,0.05022441557158227,-0.6929281691298542,0.0001490537772684556,1.0775361580045316e-05,-0.000148663782074901
121059.81335504823,11.662258527396421,-87.5834393834478,195.78833245179982,-4639.3177456527565,9.080416681846461e-06,0.00021516572373066529,-0.006099219314249788,2.83377923359298e-10,0.6943302475000884,0.05191619946718578,-0.6923865978096466,0.00014944928414282555,1.1174565523715095e-05,-0.0001490309283878994
121338.88504649774,11.672779486240541,-87.40210068544549,210.54086459628434,-4640.224107621541,9.758101320807325e-06,0.00021506407832155763,-0.006086380334705929,2.8267094811071174e-10,0.6939880913529698,0.054132707243832276,-0.6918736307637339,0.00014932539715724704,1.164773302179178e-05,-0.00014887042873459666
121618.60006463679,11.699615435162865,-87.12994998064869,232.94828790574832,-4646.535228783413,1.0762443158891432e-05,0.00021467456032903543,-0.006080641032855812,2.8163777033133357e-10,0.6932834152761544,0.05741223717166669,-0.6909021124008184,0.00014893700314923234,1.233378205799856e-05,-0.0001484254315379283
121898.95989248667,11.725255029625979,-87.13753239678783,232.9148147707646,-4658.194615639479,1.0707237265066192e-05,0.00021414007101950213,-0.006081878792214122,2.8028670789066405e-10,0.693429170107239,0.05738509332471453,-0.6910506240643504,0.00014859606552491695,1.229714505161936e-05,-0.00014808636302193678
122179.96601648717,11.746125603038895,-87.22902725730677,226.00489710731304,-4669.489970919579,1.0341005529090884e-05,0.00021365564297655797,-0.006082604495810685,2.7896562063428e-10,0.6939738373656997,0.056378104699799564,-0.6916799811029181,0.00014836433738897768,1.2053048251478064e-05,-0.00014787393494702824
122461.61992650489,11.753663935890845,-87.43673063347626,209.38402747971082,-4677.158206325028,9.552343315240541e-06,0.0002133774073614119,-0.006078580771724211,2.778677032298578e-10,0.694118028547234,0.05393407070565476,-0.6920194748498167,0.00014817651814682856,1.1513550257980306e-05,-0.00014772853038791923
122743.92311584072,11.728788612353123,-87.72110592287459,185.90851345890326,-4671.632490892354,8.505007640111922e-06,0.0002137194757120025,-0.006057435548418346,2.7755653770464335e-10,0.6949495277853391,0.0506119799803962,-0.69310408572705,0.00014856029709184643,1.0819391166802465e-05,-0.00014816579445606665
123026.87708123817,11.707226473536036,-87.86277223247842,174.08034479273468,-4664.660807589327,7.98923463148313e-06,0.00021407970964491146,-0.006034484845816605,2.773320502382011e-10,0.6954916966639377,0.04898917272423687,-0.6937641970325924,0.00014891222385806868,1.0489106757601083e-05,-0.00014854234767830757
123310.4833228909,11.678539691079306,-87.95184283471751,166.41716586142695,-4653.421920388955,7.675349771311781e-06,0.0002146211341095383,-0.006006100057063011,2.773624726504128e-10,0.6956480701456513,0.04797444420563862,-0.6939918516816527,0.00014931353891005732,1.0297209679726698e-05,-0.00014895804904286624
123594.74334445107,11.66300931412766,-87.9480743082946,166.46739661208946,-4646.270235451196,7.70128380797879e-06,0.00021495047354621425,-0.005983077070291938,2.7715049978602117e-10,0.6956330409048831,0.048072239843177544,-0.6939700190606469,0.00014953940218627885,1.0334031860466398e-05,-0.0001491819043709274
123879.65865303691,11.64675359587531,-88.07204851108995,156.23630227154547,-4641.352219672197,7.244377441557496e-06,0.00021521059337462184,-0.0059629979322134785,2.768060668968408e-10,0.6956361612113824,0.04662407147812185,-0.6940719449334567,0.0001497093974854567,1.0034069587689912e-05,-0.00014937275903914964
124165.23075924112,11.616434494734058,-88.24507808018215,141.89089471289327,-4631.093196151969,6.609673245303812e-06,0.00021572922531112022,-0.005936133405300935,2.767812146017339e-10,0.6958393541749673,0.04459428172118775,-0.694408926250525,0.00015009905333993861,9.61940343063972e-06,-0.00014979049666512338
124451.4611771385,11.585667355010683,-88.32216163446256,135.293876538432,-4618.771588501093,6.3365474405964395e-06,0.00021632217241925552,-0.005906723170377617,2.7688131313461466e-10,0.6959396963940683,0.0437199071945078,-0.6945650658735807,0.00015052685720233274,9.456308156102773e-06,-0.00015022953429758178
124738.35142429432,11.567111058893556,-88.4413360783689,125.51492390867863,-4612.733512980803,5.894638799259861e-06,0.0002166307964784005,-0.005885434041527309,2.766061082814127e-10,0.6962408062189818,0.042347172872773405,-0.6949517804813088,0.0001507975790080033,9.171900138583866e-06,-0.00015051839117703473
125025.903021772,11.533417855201783,-88.5658649606436,115.16575467157774,-4600.078385707553,5.439021442958171e-06,0.0002172514307790714,-0.005855788248680364,2.767291438643867e-10,0.6966978051057922,0.040917362956262845,-0.6954952200036559,0.00015131988206030768,8.887082019470857e-06,-0.0001510586855494401
125314.11749414162,11.504811053703104,-88.70583641986063,103.69382318378689,-4589.997818463188,4.9193343019348545e-06,0.0002177538933457184,-0.005829517505268981,2.76699040092993e-10,0.6969141215314288,0.03928441837375319,-0.6958060270383974,0.0001517077245878648,8.551627150478165e-06,-0.00015146650907942207
125602.99636948749,11.462025922002535,-88.7432954804149,100.29123606814751,-4571.753304570479,4.796102543566587e-06,0.00021862924929662235,-0.00579299187161635,2.7716433426333686e-10,0.696831551791305,0.03887909041847047,-0.6957460944195881,0.000152296914428459,8.497269521302413e-06,-0.00015205968089901975
125892.54117941676,11.419302523586929,-88.85573064962915,90.98190827478989,-4555.0344253289295,4.3832726325195e-06,0.00021944975781806986,-0.005758532141405206,2.7754184313261144e-10,0.697038232831798,0.03757917008358226,-0.6960244995724684,0.00015290712761440166,8.243626654838335e-06,-0.00015268474807544647
126182.75345906707,11.385688574307833,-88.84256554324028,91.7253612862248,-4540.007546256027,4.448350933356317e-06,0.00022017407751399792,-0.005726334406671108,2.778200319444092e-10,0.6966109604500784,0.03777038905532538,-0.6955862476571759,0.0001533180763547495,8.312937524542387e-06,-0.00015309254588919037
126473.63474711515,11.361599524917718,-88.9361993287112,84.13925041781735,-4531.177787059448,4.0966297230976e-06,0.00022061710213639515,-0.005702052797649641,2.7772119735110946e-10,0.6970402631545332,0.03671076403394857,-0.6960728756837063,0.00015371597111618566,8.09570270497343e-06,-0.00015350263637444378
126765.18658578456,11.328037741342214,-89.0601867250054,74.12807434940495,-4518.8177270522965,3.6292444166541196e-06,0.00022123728627403434,-0.005673420262786142,2.7784034389221975e-10,0.6971658409842776,0.035265457431444436,-0.696273335226523,0.00015416961015497077,7.79852010027714e-06,-0.00015397224353623366
127057.4105208542,11.284044387875314,-89.06911707520288,73.11569007211507,-4499.869680687839,3.6099074448182184e-06,0.00022217000270400244,-0.005636637013260008,2.783685678881526e-10,0.6967998138670694,0.03519330153935721,-0.6959104914656356,0.00015473748033189848,7.81533332297898e-06,-0.00015453998959659407
127350.30810166617,11.249346265502194,-89.13629379400888,67.63060484410525,-4486.079498299536,3.359778504686759e-06,0.00022286113666210175,-0.005606438947031018,2.7858207325007545e-10,0.6973176287880923,0.03445789737634339,-0.6964657412443552,0.00015533091764285194,7.675665433574134e-06,-0.00015514115551948905
127643.8808811344,11.218091456920238,-89.2311612914083,60.043470115018486,-4474.320682803676,2.9987023891565557e-06,0.00022345737339421335,-0.005578882816244413,2.7867180081698963e-10,0.6972776052910451,0.033357889944960355,-0.6964792243985706,0.00015573344849201864,7.450317056113585e-06,-0.00015555513413249852
127938.13041575247,11.188031041372328,-89.23160374299972,59.83544239507357,-4461.386616821055,3.0056656854133205e-06,0.00022410524810702011,-0.005549961772957665,2.788369165076741e-10,0.6971112409959878,0.03339979147255934,-0.6963106607345285,0.00015614726199060364,7.481282301582151e-06,-0.00015596793850752226
128233.05826560219,11.151556011277478,-89.16905363588418,64.46365404214147,-4444.614615106586,3.262536289267628e-06,0.00022494406637444154,-0.0055163808436006585,2.792453960796313e-10,0.6968976579211618,0.03420481588890527,-0.6960577391179604,0.00015668565272169947,7.690374394090697e-06,-0.00015649681118317947
128528.66599436155,11.116684482668678,-89.24979980215868,58.02313942940492,-4431.205202471569,2.9544935225424715e-06,0.0002256335523466008,-0.005487088863575474,2.7944623944539396e-10,0.6970908119754781,0.03328853658025061,-0.6962955360139663,0.00015720598603961297,7.507138420149069e-06,-0.00015702663761103626
128824.95516931341,11.093822113905485,-89.30615187722489,53.558443500206096,-4422.470365184734,2.738005986259152e-06,0.0002260848064765531,-0.0054636775799494445,2.793541967965831e-10,0.6970126791472285,0.03265565363317807,-0.6962472859392611,0.00015750034427653597,7.379028880928659e-06,-0.00015732739233840297
129121.92736135342,11.069865441818951,-89.32740226990137,51.80278015384361,-4412.658855110796,2.660066612753197e-06,0.0002265895084991699,-0.005439017859481752,2.793314131078731e-10,0.6973203088792854,0.0324674871418399,-0.696564049785945,0.0001579204713577345,7.352834569641274e-06,-0.00015774920316008107
129419.58414499863,11.02976809787312,-89.38081692272594,47.51580751180393,-4396.679023715738,2.457750939063106e-06,0.00022741783345704464,-0.005406857118539505,2.7970187017470513e-10,0.69703687120869,0.031861035638791224,-0.6963083183708374,0.00015843123567227467,7.241773648643603e-06,-0.00015826564109453967
129717.92709839558,11.018784209687482,-89.39467915003537,46.40497819652322,-4392.233435689331,2.4051671886236816e-06,0.00022764919098889542,-0.005388967262583566,2.793410221582138e-10,0.6970615673139815,0.03174969798776823,-0.696338125700374,0.0001585971743022628,7.223769924962956e-06,-0.00015843257507448878
130016.95780332906,10.983654250122925,-89.45731925547494,41.47325930190906,-4378.581120074951,2.1630293154955643e-06,0.00022836399845144463,-0.0053598610578391255,2.795675313466942e-10,0.6971517977474382,0.031048545518706207,-0.6964600612552436,0.0001591135632641459,7.086325715020405e-06,-0.00015895568565633
130316.67784522993,10.958377582318857,-89.53974239134219,35.100446113801496,-4369.4316506808655,1.8383775623274305e-06,0.00022884794913123816,-0.005336359529775216,2.7950860417112045e-10,0.6971811804528047,0.030104163676297327,-0.6965309309046634,0.0001594550178630395,6.885240295267561e-06,-0.00015930629676123498
130617.08881318418,10.933935683602664,-89.5876980588852,31.375479651855276,-4360.0365538078495,1.6503939538906798e-06,0.00022934399878477504,-0.005312638460288735,2.794666579065546e-10,0.6973846726721655,0.029586211797395,-0.696756799571804,0.00015984581949934855,6.781382579738842e-06,-0.00015970190625576617
130918.1922999407,10.904038121261095,-89.67429148666712,24.72349025696093,-4349.092300651043,1.3070689462743272e-06,0.0002299256064406704,-0.005287114994879367,2.7952554754623705e-10,0.6974789355950494,0.028593566636592196,-0.6968925839365789,0.00016027082374863767,6.570398394681959e-06,-0.00016013608840608677
131219.98990192034,10.864022064883702,-89.77245291944966,17.21318198555078,-4334.21291207093,9.162918574067288e-07,0.00023071875978139344,-0.005256907959560144,2.798400630811869e-10,0.6972344080634872,0.027446657052513666,-0.6966939793081918,0.00016076552000152003,6.328540362209097e-06,-0.00016064091010151502
131522.48321922382,10.843256150668296,-89.87994193317775,9.067804841217075,-4327.457539533613,4.842109730479268e-07,0.00023108155311378693,-0.005236642751711651,2.7963228808647995e-10,0.6975128677756528,0.026206864351496214,-0.6970203734278343,0.00016108124009494383,6.052123772570692e-06,-0.0001609675051318322
131825.67385564072,10.792568149975505,-89.97791896205459,1.6603607602115744,-4308.296537266881,8.945224009363478e-08,0.00023211026511916832,-0.005201465466905939,2.8022994643063233e-10,0.6979657314003694,0.025088157858231677,-0.697514692708715,0.00016190256444105532,5.819536564066291e-06,-0.00016179793993363934
132129.5634186575,10.747057921189198,-90.082578214157,-6.185119018009393,-4291.458391998092,-3.358438087741083e-07,0.00023302053321329648,-0.00516922025993199,2.8068242852298674e-10,0.6981574066283449,0.02387770277799536,-0.6977489661332805,0.00016258181695875755,5.560465685232263e-06,-0.0001624867023081406
132434.1535194665,10.72334768515856,-90.09695109430912,-7.245620853572239,-4281.984660402566,-3.951701636817054e-07,0.00023353589890086338,-0.005145946168988543,2.806564480124184e-10,0.6979354671364502,0.023752407950977127,-0.697531174502979,0.00016288918360599032,5.543507275372043e-06,-0.00016279482689236143
132739.44577297394,10.684045421209339,-90.21629440100502,-16.112090342920446,-4268.027217518804,-8.844867648197996e-07,0.0002342969475369641,-0.00511737581065875,2.8092665712592606e-10,0.698187873020625,0.02236494110318329,-0.6978295747834965,0.0001634795577783891,5.236714676051262e-06,-0.00016339566282744255
133045.44179780915,10.632358593896612,-90.28501946552663,-21.133418492615732,-4248.2912391270975,-1.1709286769441837e-06,0.00023538293351086528,-0.005081997107639389,2.8158262273142215e-10,0.6981514874867115,0.02158433296065155,-0.6978177527482027,0.00016422911598339523,5.07737358546634e-06,-0.0001641506101547024
133352.1432163324,10.604296832404412,-90.32029933358011,-23.6893058777476,-4237.545836045485,-1.319197882762296e-06,0.00023597827322878508,-0.005057484267733287,2.8164738466316336e-10,0.6985629516654556,0.02122484409688839,-0.6982404338282169,0.0001647415721039058,5.005438916915593e-06,-0.00016466551296648432
133659.5516546442,10.551047986379015,-90.37737925794721,-27.776810840218463,-4217.166104833179,-1.5617881597819678e-06,0.00023711577719447431,-0.005021585237380027,2.823575626781124e-10,0.6984721935349577,0.02058441202992062,-0.6981688099041076,0.00016551469148236926,4.877821390763445e-06,-0.00016544279964683772
133967.6687425935,10.523903229065322,-90.378360202943,-27.777289277511183,-4206.304720057192,-1.569890856818581e-06,0.00023772799624320606,-0.004997132477046888,2.8243557605154854e-10,0.698427838641855,0.020629137121780834,-0.6981231155688399,0.00016593102390149292,4.901027214891228e-06,-0.00016585862843167585
134276.49611378633,10.479218539203634,-90.44269257005473,-32.371414035512565,-4189.608360902962,-1.8441187714885494e-06,0.00023867154567454752,-0.004965849568280319,2.829089612093886e-10,0.6982608819794098,0.01989862542851893,-0.6979772947658962,0.0001665506243588361,4.746261138970931e-06,-0.00016648298255232823
134586.03540559483,10.449777783366223,-90.44932722891885,-32.765727556870935,-4178.022819060093,-1.876944758674577e-06,0.0002393329437976475,-0.004940727929166021,2.830409830905181e-10,0.6982904307700277,0.019876882458429914,-0.6980074750665101,0.0001670188759900817,4.7542031511631464e-06,-0.00016695119792738163
134896.28825916533,10.414087247828094,-90.54854100185078,-39.88172361663571,-4165.567605498548,-2.2981889781484297e-06,0.0002400413194452722,-0.004914669512068799,2.832343642963542e-10,0.6985319573754605,0.018733034334642646,-0.6982807235628156,0.0001675731741741824,4.493930438293058e-06,-0.00016751290485221326
135207.25631942775,10.368171889621372,-90.5762282165368,-41.71801394274243,-4147.98420442773,-2.424406890597364e-06,0.00024105657333318712,-0.004882668341720628,2.8378081897397035e-10,0.6984567079347662,0.018452145447878727,-0.6982129268263669,0.00016826408008912915,4.445276628008429e-06,-0.00016820535117510784
135518.9412351036,10.33114754658252,-90.58689573774959,-42.34363918560538,-4133.659192114353,-2.4778400966937763e-06,0.0002418910298992363,-0.004854615063298881,2.8410930919874694e-10,0.6983365834002112,0.01837765026069577,-0.6980947254391596,0.00016881731522500393,4.442650794619412e-06,-0.0001687588479863957
135831.34465871542,10.27788631187036,-90.61104655251874,-43.869529151896884,-4113.342206220543,-2.592530611924226e-06,0.0002430836572241986,-0.004819644143208565,2.8485594640880673e-10,0.6979261153515817,0.01813151753785573,-0.6976905550181425,0.0001695501652103334,4.404766817629199e-06,-0.00016949293953475957
136144.46824659494,10.240515352078,-90.60914621352077,-43.57866264384369,-4098.817846078209,-2.5936273176112502e-06,0.0002439452082865317,-0.004791580072537674,2.852078752379937e-10,0.697814430810188,0.018210630973653504,-0.6975767719516527,0.00017012327933962809,4.439650605225786e-06,-0.00017006533943097473
136458.31365889247,10.20677048713167,-90.57893113383523,-41.28003083259759,-4085.271830480784,-2.4731687695051357e-06,0.000244756762587146,-0.004764760667645271,2.8549543753209894e-10,0.6976017563045165,0.01863182977240598,-0.6973528986951142,0.00017063575820586624,4.557408824225093e-06,-0.00017057488678964359
136772.88255958486,10.162571112853374,-90.67938085414742,-48.26138725513288,-4069.947205281483,-2.9131388655931297e-06,0.0002456688889181618,-0.004735969614162375,2.859113235499966e-10,0.6976944741629345,0.017470672263007768,-0.6974757020055768,0.00017129718626474757,4.289380397339814e-06,-0.0001712434735633056
137088.17661648538,10.129853067212082,-90.65976557615042,-46.71965687887338,-4057.0786677352808,-2.838018351165317e-06,0.00024645009146804587,-0.004710137230062937,2.8615853435577676e-10,0.6978885007521319,0.017773670271273936,-0.6976621360853307,0.00017188845524962454,4.377617232198133e-06,-0.00017183270211304524
137404.1975012515,10.083022873771622,-90.7149556660685,-50.41694828259671,-4040.150399867352,-3.0882600549036684e-06,0.00024747699971400965,-0.0046796962441247834,2.8669663727937435e-10,0.6976033079919716,0.017154057114453,-0.6973923670688228,0.00017253559443627744,4.242648231923326e-06,-0.000172483423213536
137720.94688939466,10.057421536241492,-90.74403119660782,-52.34700192525148,-4030.8708867003775,-3.221223071200851e-06,0.0002480435138541835,-0.0046582095249374025,2.866957428866619e-10,0.6978016466362382,0.016864490005298202,-0.6975978261327273,0.00017298029176671237,4.180592602032117e-06,-0.00017292976604735453
138038.42646028847,10.017108708706797,-90.70492303154975,-49.39965550611786,-4014.9758629025405,-3.064024984556089e-06,0.0002490298005175258,-0.004629169365092833,2.87168760003717e-10,0.6972987513133828,0.017387798296017384,-0.6970819270743002,0.00017354089659528003,4.327405004562534e-06,-0.00017348693425448545
138356.6378971781,9.995203400503387,-90.75734285137463,-52.9751464612829,-4007.531769536403,-3.2979368597541996e-06,0.000249486554021129,-0.004609959452711866,2.8704048670374206e-10,0.6972149451345483,0.01680780263155279,-0.6970123223370372,0.00017383977133830173,4.1907658270357105e-06,-0.000173789250475212
138675.58288718882,9.936484647817565,-90.78490015870638,-54.607766899095694,-3985.9832017192093,-3.4363863432074637e-06,0.00025083205222349206,-0.004574626018705402,2.879285084869238e-10,0.6971533421846702,0.016531022738026036,-0.6969573213665889,0.00017476242824979323,4.1439974541278214e-06,-0.0001747132897431226
138995.26312133533,9.903392717536216,-90.74708066327834,-51.8067461601891,-3972.984216233797,-3.2815482767381588e-06,0.0002516571773872303,-0.004549220330535344,2.882061818514984e-10,0.6971510855818629,0.017051061009344518,-0.6969425352541094,0.00017533463734327763,4.288369709553388e-06,-0.00017528218659502417
139315.6802945303,9.870401232906747,-90.8386102623367,-57.99667961054841,-3962.1834160796884,-3.693524102804754e-06,0.0002523320308213283,-0.00452641852498331,2.883271610177354e-10,0.6973414319397984,0.016002240167056536,-0.6971578020860731,0.00017585613934355664,4.035458166882438e-06,-0.00017580983141509394
139636.83610559377,9.836452444986271,-90.81638786367155,-56.27481249579379,-3949.2148097028803,-3.607483616653812e-06,0.0002531634863415067,-0.0045012267237323446,2.886086708123264e-10,0.6970221456455795,0.016325503535203106,-0.6968309331930447,0.00017635325445121986,4.130508186825816e-06,-0.00017630487587600992
139958.73225726176,9.796799629445788,-90.80737896836307,-55.445223288335114,-3934.4188309789406,-3.5811022119497204e-06,0.0002541166784573047,-0.0044740488502934776,2.8902774971627146e-10,0.6966664189704506,0.016487108992137872,-0.6964713020349027,0.0001769259318914633,4.187078698211006e-06,-0.0001768763798465971
140281.37045619581,9.752291836485744,-90.90230646317809,-61.73198689706606,-3919.6105221228468,-4.017137649821182e-06,0.0002550641214142306,-0.004446958192396981,2.8945244126251877e-10,0.6967645613225891,0.01539591194877139,-0.6965944442861469,0.00017761440241633754,3.924619379672412e-06,-0.00017757103735811588
140604.75241299137,9.720173106274617,-90.87163811674013,-59.44663282946191,-3907.3307373984367,-3.8928386044619956e-06,0.00025586996623645894,-0.00442283059768329,2.896943051384699e-10,0.6968617216820496,0.015831693937110137,-0.6966818618370598,0.00017819833423646938,4.048409318458492e-06,-0.00017815234128869224
140928.87984218745,9.67692166970241,-90.88425889009477,-60.06735714563429,-3891.770656029126,-3.964976334641929e-06,0.00025689125149284004,-0.0043950859325684235,2.9018361887417986e-10,0.696616233017362,0.015733551523349622,-0.6964385338705503,0.0001788465833943944,4.039371753400724e-06,-0.00017880096159608844
141253.7544622754,9.643139667233417,-90.8685051245724,-58.80693435585188,-3879.229932248279,-3.906948643977592e-06,0.0002577238941204309,-0.0043708474968163795,2.9045215930395483e-10,0.696445820981328,0.015982110943132784,-0.6962624172624553,0.00017938102021990707,4.116454259438744e-06,-0.00017933378159026443
141579.37799570817,9.596944854299721,-90.92236607986118,-62.19991775782948,-3863.417125328885,-4.166141864892299e-06,0.0002587711432359327,-0.004343019028806668,2.90970212397034e-10,0.6962249940269454,0.015383810116716705,-0.6960550126923252,0.0001800548602541258,3.978498049488627e-06,-0.00018001090037662437
141905.75216890918,9.57107746245398,-90.80422713257468,-54.0737576347288,-3852.1389006410222,-3.6433182157206726e-06,0.00025954489645413435,-0.004320381225870577,2.9115093765195216e-10,0.6959104735199804,0.016872581760439768,-0.6957059027631867,0.0001805054443107272,4.376414759117445e-06,-0.00018045238269324463
142232.878712282,9.530767110936754,-90.91668374269051,-61.43406509491124,-3839.505540773512,-4.166270695044294e-06,0.00026038354117168634,-0.004296308219135116,2.9143709749160916e-10,0.6960441050287915,0.015571392550777649,-0.6958699072954376,0.0001811281960199338,4.052068283983133e-06,-0.00018108286538504273
142560.75936021877,9.499368379520263,-90.84237564821353,-56.270192175264974,-3827.0482167613227,-3.841109182228906e-06,0.0002612415113218058,-0.004272519618175897,2.9171327816720206e-10,0.6958676133529341,0.016531166895498585,-0.6956712268267115,0.0001816747046623496,4.315899757128786e-06,-0.0001816234327487463
142889.39585111028,9.451141087534015,-90.84434250360925,-56.14936061698001,-3809.9331555023873,-3.8673705478269e-06,0.00026241480068293655,-0.004243629773476966,2.92349782793953e-10,0.6955352657703712,0.016560990333568996,-0.695338075708092,0.00018240295505793673,4.343091895107744e-06,-0.00018235124229535243
143218.78992735432,9.419146240684977,-90.86668978260667,-57.469353761673155,-3798.9374536124265,-3.98118767218731e-06,0.0002631712724742516,-0.004221650486965015,2.925216324110528e-10,0.6953860268343668,0.01634800579650095,-0.6951938355760674,0.00018288996184566742,4.29960632080254e-06,-0.00018283941459487283
143548.94333536562,9.38526386691181,-90.81573248609934,-53.90750087675988,-3786.1230789939837,-3.7598603034571503e-06,0.0002640688890634407,-0.0041977334641079425,2.928366323449386e-10,0.6951259190059458,0.017021773830258727,-0.6949174789063319,0.00018344208715384325,4.492005884270043e-06,-0.00018338708030418585
143879.8578255845,9.34177075624344,-90.85817090613769,-56.493836164225215,-3771.5288459807302,-3.970715456735669e-06,0.00026508498804589034,-0.004171935307158525,2.932936754048985e-10,0.6952328072305898,0.016571575985776854,-0.6950352790463762,0.0001841776176245715,4.39005949316865e-06,-0.0001841252894403952
144211.53515248687,9.294358050704023,-90.85626452313869,-56.12013600597374,-3754.923235535501,-3.9794182680190245e-06,0.0002662575535616756,-0.004144013814388568,2.93913184830474e-10,0.6948608911136551,0.01664792038513265,-0.6946614317393137,0.00018489260433005549,4.4297749320059644e-06,-0.0001848395310262451
144543.97707459272,9.25775425188786,-90.86431535152946,-56.45733746739868,-3742.2935740595176,-4.030378678361425e-06,0.0002671550042147853,-0.004120576539174947,2.942268334292442e-10,0.6948380722405507,0.016612004281983055,-0.694639466161188,0.0001855094568421854,4.435110876227095e-06,-0.00018545643253712777
144877.18535447615,9.22653906940359,-90.82490797959454,-53.71726463797578,-3730.7917565139555,-3.858529698365437e-06,0.0002679840622552688,-0.004098464145633993,2.94455128748872e-10,0.6947347394947531,0.017149593201907,-0.6945230375688423,0.00018605493272288252,4.592783731710465e-06,-0.00018599823743280493
145211.1617587742,9.180840227658589,-90.74915461470154,-48.56105742491601,-3713.7661907134416,-3.5203412859194845e-06,0.00026922240043134884,-0.004070377508042273,2.951247100823031e-10,0.6938707041986906,0.01810780052578748,-0.6936343861900915,0.0001866781688340335,4.8717016344849095e-06,-0.0001866145901113106
145545.90805819663,9.136647436811074,-90.86322552848416,-55.75557509552815,-3700.44364903235,-4.070822123701194e-06,0.0002701765311931767,-0.004046447655134486,2.9550602263406184e-10,0.6940976396001396,0.016794870154060466,-0.6938944196597876,0.00018740561838899607,4.53459693192128e-06,-0.00018735074922302027
145881.42602753482,9.11657540513174,-90.79975592186085,-51.54426415405252,-3692.4728028809595,-3.7797329323929695e-06,0.0002707684605468801,-0.004028444983119153,2.95462811766998e-10,0.6940368242357067,0.017624721083848868,-0.6938130026180698,0.00018779606188759832,4.768987892045998e-06,-0.0001877354990804248
146217.71744567182,9.060075041215171,-90.77460523309072,-49.65729389360387,-3672.8128058113116,-3.6804937141606627e-06,0.00027222112574319077,-0.003997780319018288,2.9636119524179275e-10,0.6938405189228007,0.017987067685550768,-0.6936073320655837,0.00018874836746907145,4.8930980082775195e-06,-0.00018868493266321247
146554.78409559114,9.024248216935817,-90.722617987989,-46.15976988032388,-3659.77571979483,-3.4457646355024225e-06,0.0002731973270628221,-0.003974427720033529,2.967328720395022e-10,0.6934118135878321,0.01866786688931634,-0.6931604821172145,0.00018930526586445268,5.0964310606695665e-06,-0.00018923665098086827
146892.62776438668,8.986063870729087,-90.69766854276665,-44.40347444898909,-3646.439225885951,-3.3389860144253253e-06,0.00027419947940497913,-0.003950836991049022,2.9713318069982084e-10,0.6931775372435648,0.0190263808098963,-0.6929163693926782,0.00018993377893923114,5.213314356853854e-06,-0.00018986221776739402
147231.25024327185,8.950910550296609,-90.68491893215821,-43.44763707186422,-3634.3683011030384,-3.288866369362441e-06,0.0002751116627954705,-0.003928701815554102,2.974343999868931e-10,0.6927743049056956,0.019232608053968318,-0.6925072882829553,0.0001904535780996823,5.287319396994163e-06,-0.0001903801714059685
147570.65332758945,8.913397554155548,-90.67488496983349,-42.66069830050638,-3621.60224175768,-3.2521173040564897e-06,0.00027608257220417145,-0.003905897857678337,2.9779635747116195e-10,0.6926615538738177,0.019414063856676208,-0.6923894296849573,0.00019109351790139192,5.356009350289932e-06,-0.0001910184434754121
147910.8388168207,8.867225643176942,-90.58379348401095,-36.72974716343721,-3604.6765254479496,-2.8264431441251e-06,0.0002773886029436964,-0.003878702141516873,2.9850652815661057e-10,0.6921172175346808,0.02056213259812248,-0.691811709579251,0.00019184256592156805,5.699456939525817e-06,-0.00019175788455749526
148251.80851459538,8.829246999402796,-90.52627616927414,-32.98587836318514,-3591.0774090976724,-2.557654502597405e-06,0.0002784444665510372,-0.003855182114876279,2.9894780210022275e-10,0.6917691370339267,0.02130945275614141,-0.6914408479225808,0.00019247337583361022,5.9290044750004715e-06,-0.00019238203479202934
148593.56422870068,8.79300350440848,-90.42865941649053,-26.765056247204413,-3577.423218159556,-2.0912367808962295e-06,0.00027951516131892413,-0.003831690771112395,2.993986310856652e-10,0.691262384543186,0.022534609424881166,-0.690894981645112,0.00019306849704489606,6.293880978393883e-06,-0.00019296588199317738
148936.10777109154,8.759302213762739,-90.34994085649413,-21.773667850829433,-3564.9560114326205,-1.7131959626297522e-06,0.0002804979063509677,-0.0038095555175693754,2.997546688794711e-10,0.6908054007237763,0.023532013402264004,-0.6904044800074611,0.000193616696227068,6.595476360989352e-06,-0.00019350432746958492
149279.44095789958,8.71690500034365,-90.30338937937395,-18.799185938038125,-3550.2361613041817,-1.491462642732328e-06,0.00028166350526639874,-0.00378510014901858,3.0030522490835816e-10,0.6906807471523775,0.024152459537091078,-0.6902583235175622,0.00019438455645013478,6.797446075706955e-06,-0.00019426566992951556
149623.56560944335,8.672098261800256,-90.19239805779783,-11.866144424691923,-3533.7021951214065,-9.502652330451553e-07,0.0002829861343143396,-0.0037588074410436143,3.010164193046627e-10,0.689487317087999,0.025509408934842916,-0.6890152614282226,0.00019495752461073048,7.212969835651221e-06,-0.00019482404745947961
149968.48355023732,8.6381935643467,-90.10421745554409,-6.404728161076491,-3521.1326733906085,-5.165763105240404e-07,0.0002839985834746263,-0.003736822944300611,3.0139617915985256e-10,0.6896866553733608,0.026641540105128075,-0.6891719023153221,0.0001957100816395708,7.559980968684851e-06,-0.000195564011881329
150314.19660900225,8.61325616651753,-89.95914825988906,2.5029777943154548,-3510.5001436464586,2.0310414450584547e-07,0.0002848595501255579,-0.0037169706068380867,3.01613750130406e-10,0.6887032148624591,0.02841002032880119,-0.68811698780571,0.00019602246577296275,8.086214957808484e-06,-0.000195855610630302
150660.7066186742,8.583478528678958,-89.79715941240106,12.383874963084583,-3498.021838219445,1.0120595849863812e-06,0.00028587227668357146,-0.0036952399805552038,3.019935137146751e-10,0.6880530064927365,0.03039090092850465,-0.6873815046133024,0.00019653407307656468,8.680795647403985e-06,-0.00019634226663404005
151008.01541641486,8.551378729695974,-89.61881412163729,23.182673708923502,-3484.519861629899,1.9092307093840343e-06,0.0002869708822551224,-0.0036725107521676753,3.024664348214358e-10,0.6871360085951583,0.032551253346192285,-0.6863645607209609,0.00019702879139126117,9.333718543121337e-06,-0.00019680758708763975
151356.12484362078,8.538622405411276,-89.43087505058587,34.53874446778402,-3477.0206520439297,2.8565981777430134e-06,0.00028757417247369827,-0.0036561785958589177,3.0242163806828185e-10,0.6867019872084805,0.03484480715297645,-0.6858173653754679,0.00019732289892855908,1.0012608799899208e-05,-0.00019706870402626218
151705.0367459337,8.540354774975915,-89.17424490385378,50.05513173753185,-3472.881045587372,4.149335793393376e-06,0.0002878855599504539,-0.003643426724855893,3.020857392123238e-10,0.6855217550103655,0.03791543929417544,-0.6844724216910578,0.00019720705027855896,1.0907300736366924e-05,-0.00019690518395973358
152054.75297324956,8.534540545613433,-89.06511897666581,56.60703257257724,-3468.950742434416,4.702821475888151e-06,0.00028819486394031217,-0.0036309332474326974,3.017324356839575e-10,0.6851390783786889,0.03926158634241279,-0.6840132195794731,0.00019731373698150963,1.1306974839876001e-05,-0.00019698950002875476
152405.27537972914,8.550071133088542,-88.87105554190984,68.38640318108138,-3470.2727521487254,5.676412145376617e-06,0.000288049926326818,-0.0036239628910840595,3.0092378892637515e-10,0.6847473500533137,0.04161892537385247,-0.6834813812063654,0.00019711300767571497,1.1980523263116627e-05,-0.0001967485828597207
152756.60582380724,8.542274072902106,-88.7867723581236,73.40569411452313,-3466.1325762173874,6.107235529336979e-06,0.0002883766480818415,-0.003611314417087339,3.0059029981846486e-10,0.6843353156244354,0.04266330566395632,-0.6830041482748253,0.00019722300176163704,1.229541281300385e-05,-0.00019683936407037213
153108.746168203,8.549795423443548,-88.68271120380211,79.71272493987512,-3466.512412135242,6.629985118764921e-06,0.0002883219175333156,-0.003603403459882233,2.9986610050577593e-10,0.6837899965556881,0.04393347734335644,-0.6823771749979249,0.00019703557387737067,1.2659526995685897e-05,-0.00019662846627441894
153461.69827992943,8.543816332598356,-88.67625702346272,80.0540856033321,-3464.3772872639775,6.666552409964809e-06,0.00028849811448568606,-0.0035929015264616333,2.993608125624284e-10,0.6840796740914953,0.04409391331994568,-0.6826571081540567,0.00019723924292680423,1.271350459645873e-05,-0.00019682907750435329
153815.4640303035,8.54376447146413,-88.66852108740933,80.51589942034009,-3464.111005160033,6.70599911965288e-06,0.0002885184853951286,-0.0035843625565608584,2.986952603850696e-10,0.683772369366315,0.04423127751998122,-0.6823402722965828,0.00019716439679521973,1.2754000515977382e-05,-0.00019675145446593602
154170.04529495593,8.541575842762063,-88.60151342392042,84.51956206586766,-3462.0657492736404,7.047382671293298e-06,0.0002886728417889209,-0.0035740073647372392,2.981843322313349e-10,0.6834219551352487,0.04507132473977,-0.6819341203130168,0.00019717349529652987,1.3003490112966453e-05,-0.00019674424131936534
154525.4439538414,8.526769800669822,-88.6041590422249,84.24313821206118,-3457.285944819889,7.043785995737842e-06,0.000289072592002479,-0.0035608643710778377,2.979098281879942e-10,0.683607024627311,0.04511735437353145,-0.6821165504912912,0.00019749899628720838,1.3034728846978499e-05,-0.00019706838756721105
154881.6618912481,8.526986843707828,-88.55653747586892,87.09521345599167,-3456.3643100671693,7.285839328513133e-06,0.0002891377611317413,-0.003551727547060126,2.9730390913871927e-10,0.6836305883615695,0.04575132613581719,-0.6820979383493252,0.0001975536075781924,1.3221087065865438e-05,-0.00019711070677148727
155238.70099580823,8.515438442311709,-88.5212776996812,89.1090159392909,-3451.923935614837,7.473256782693062e-06,0.00028950060432436414,-0.0035390064075914,2.9700168574645985e-10,0.6832532809778759,0.04621117777419842,-0.6816887655050167,0.0001976946575725693,1.3370887810476686e-05,-0.0001972419757351236
155596.56316050744,8.500967259491928,-88.489797241626,90.86731666861833,-3446.6285866306403,7.643934784751051e-06,0.000289937076490804,-0.003525450468968509,2.967738603231518e-10,0.6831304243659256,0.04664305597173698,-0.6815362074196697,0.00019795915197989868,1.3516335207125878e-05,-0.00019749717601821358
155955.25028269537,8.500428572515863,-88.43520503111259,94.11823261108047,-3445.3310521650787,7.92296749404788e-06,0.0002900314336047574,-0.0035160180022545634,2.962028093273053e-10,0.6831375004600069,0.047358764923003185,-0.6814939412201062,0.00019802988672006688,1.3728496600742012e-05,-0.00019755344698447035
156314.76426409537,8.486350388094564,-88.43894611604962,93.77025820121263,-3440.823295155734,7.914399111352787e-06,0.00029041243302399636,-0.0035033417240393386,2.959087189350583e-10,0.6829627843939623,0.04736816380926997,-0.6813181502972689,0.0001982381522447972,1.37491785545988e-05,-0.00019776077744210337
156675.10701081494,8.479358246844955,-88.39213223659034,96.49391270786879,-3437.622606878109,8.159085191808482e-06,0.00029066969013598755,-0.003492032913252341,2.955030276419561e-10,0.6824046225863216,0.04795174676043001,-0.680717782131335,0.00019825526918908616,1.3931157772708934e-05,-0.00019776520069099342
157036.28043335525,8.478293345917994,-88.46561239782841,92.10673659425704,-3438.54813179873,7.78448125712089e-06,0.0002906118973860619,-0.0034849394721076753,2.9474403441971506e-10,0.6829775668009677,0.047184537742364197,-0.6813457097182088,0.00019837447662674295,1.3705000624484693e-05,-0.00019790049503429005
157398.28644662196,8.492226685000482,-88.42705504319616,94.52100929470033,-3442.1384394248535,7.971578508635853e-06,0.000290298178280318,-0.003480554711292065,2.937594175331326e-10,0.683064113490108,0.047715538709198965,-0.6813954875868478,0.0001981882368977932,1.3844466870153465e-05,-0.0001977040919701386
157761.12696993485,8.483725883975236,-88.46078633816079,92.4345483916119,-3439.961272937304,7.805734081532827e-06,0.00029049120068786344,-0.0034703532558879166,2.9326928362955154e-10,0.682678693957606,0.04735425888986096,-0.6810343407998269,0.00019820411812113158,1.3748501609349332e-05,-0.00019772670822039496
158124.80392703833,8.478978160052284,-88.59932728245585,84.13469514641618,-3440.9198873364303,7.101767204689287e-06,0.00029044631310927053,-0.003463336524391779,2.9251326828865905e-10,0.6834323809794955,0.04582466102057688,-0.6818943611833519,0.0001983791392105077,1.3301472187850704e-05,-0.00019793269995515604
158489.31924611135,8.458881366587844,-88.66849022855197,79.85796458331464,-3435.724401689725,6.7615619421039665e-06,0.0002909022722935387,-0.003450153765764129,2.9228182622788656e-10,0.6835971748394368,0.045079339782152596,-0.6821091925588342,0.0001987319208159219,1.3105238163286746e-05,-0.00019829934211658238
158854.6748597779,8.43144412811299,-88.84133087770005,69.37541208758505,-3430.1220007425122,5.893982247983903e-06,0.0002914156121375069,-0.00343660564165531,2.9208588116383554e-10,0.6838663356966014,0.04310558328474193,-0.6825064642835106,0.000199147102619654,1.2552675237540874e-05,-0.00019875109767290302
159220.872705117,8.395880158602623,-88.92301439418448,64.29888239656022,-3420.3063336455857,5.494396020623854e-06,0.000292268182718868,-0.0034188900653520783,2.9225040860237926e-10,0.6838556634714857,0.04219921124522965,-0.6825524119306198,0.00019972021222368165,1.232428986956932e-05,-0.0001993395972953775
159587.91472367328,8.377459012114146,-89.10100226216075,53.62874047370034,-3417.6374415152973,4.590274906239239e-06,0.00029252776119373386,-0.003408365185138989,2.9180594980929537e-10,0.6845474326583791,0.04018679892086647,-0.6833668185913565,0.00020008823397126246,1.1746308935537553e-05,-0.00019974314906932248
159955.8028614669,8.3277074102828,-89.10064927051688,53.40371512246085,-3401.961088480496,4.613237132996897e-06,0.0002938756822891535,-0.003384928297392751,2.9247637393102327e-10,0.684255388393665,0.04024156545342175,-0.6830710453207801,0.00020092361337964914,1.1816466302057717e-05,-0.00020057584485093678
160324.53906900418,8.293659222446081,-89.17049528345927,49.1187421864493,-3392.5063201644048,4.26692367706028e-06,0.00029470554207472374,-0.003367757384240923,2.9261694121420636e-10,0.6845479348562793,0.03949358348483913,-0.6834077347963826,0.00020157256304769044,1.1629313948114293e-05,-0.00020123681877507238
160694.1253012877,8.255640593086504,-89.16824618936559,49.078566905308726,-3380.5642696709256,4.293603665685769e-06,0.00029574627083855183,-0.003348184091666103,2.929752507909246e-10,0.6842666718279053,0.03957219128993043,-0.6831214532211322,0.00020220052962554368,1.1693566801803348e-05,-0.00020186211798230527
161064.56351782707,8.223547040672264,-89.12218317413996,51.63066665271786,-3369.709652602908,4.545909904991639e-06,0.0002966918205753426,-0.003329757559842556,2.932429971646884e-10,0.6837296016377483,0.04015800247577495,-0.6825492678135914,0.00020268933956120073,1.1904704696732422e-05,-0.00020233943357101533
161435.85568264863,8.20364573808138,-89.11968223868615,51.68116561703108,-3363.421471763973,4.567380456320293e-06,0.00029724611109468443,-0.0033158999942674407,2.9311553690273263e-10,0.6834628717163116,0.040240365271080006,-0.682277223727685,0.0002029880444994267,1.195136326250892e-05,-0.00020263590778997877
161808.00376430663,8.174484707294958,-89.03040197837315,56.74275410045783,-3352.739899159745,5.046453869973189e-06,0.00029817811115008427,-0.0032977672021092235,2.9337308575156217e-10,0.6832704433123958,0.041360213163311205,-0.6820174715294348,0.00020357140383978412,1.2322729219707242e-05,-0.0002031980974465023
162181.00973589296,8.160927352409535,-89.02073806649197,57.23246752666422,-3348.296736438273,5.103495330242459e-06,0.00029857207800306005,-0.0032858222883827217,2.9308675471935865e-10,0.6827737431100637,0.04151358054793524,-0.6815105332352666,0.00020369188045349506,1.2384745856876708e-05,-0.0002033150270706558
162554.8755750484,8.14897605710229,-88.94235382530705,61.71876703404043,-3343.1059340754796,5.52037995807918e-06,0.0002990211224736075,-0.003273182873203415,2.9286669970470234e-10,0.682440918880168,0.04249380209409811,-0.6811166453300019,0.000203902845755458,1.2696494208134213e-05,-0.00020350717319543533
162929.60326397224,8.14408746148317,-88.92602218360528,62.63630928447283,-3341.2010830980475,5.608779059553765e-06,0.0002991884241379503,-0.003263794041022108,2.923597071068706e-10,0.6825195153074778,0.042761628539926294,-0.681178634353844,0.0002040406026954747,1.2783676164330445e-05,-0.00020363974359652412
163305.19478943347,8.137797781517847,-88.91601097701515,63.17835593266302,-3338.983304643371,5.664797198216246e-06,0.00029938517692980625,-0.003254126107381424,2.9188103939221535e-10,0.6824876391784291,0.042947565739728015,-0.6811349970662037,0.00020416501085982107,1.2847690891822948e-05,-0.00020376037028367174
163681.65214278086,8.117754928962613,-88.95432423747825,60.843795363405036,-3333.4478532765197,5.473741739460145e-06,0.000299889784025011,-0.003241259459705571,2.916933082085557e-10,0.6824279402869234,0.04255744326613159,-0.6810996679685748,0.00020448778078013312,1.2752228646307705e-05,-0.00020408976738909784
164058.97731995393,8.098339885998566,-89.02536890746754,56.628494025219325,-3328.7063987900315,5.109264167762252e-06,0.0003003300833104393,-0.0032292050464014445,2.9143696851104845e-10,0.6825431560540657,0.0417891636263235,-0.6812626701057801,0.000204817186345478,1.254006993954296e-05,-0.0002044329388048551
164437.17232149316,8.083111637134696,-89.05265014339098,54.97279538610573,-3324.455171608698,4.972652651874048e-06,0.0003007189412331514,-0.0032176634162407194,2.9113850698690174e-10,0.6827525524468506,0.0415469293190829,-0.6814872710013332,0.0002051427290476464,1.248336668024368e-05,-0.00020476255721552864
164816.23915255087,8.062497220033,-89.09757819813377,52.277694019397,-3318.895376050847,4.744839851239148e-06,0.00030123033040700746,-0.0032048941743805827,2.909554989417798e-10,0.6826563915204272,0.041076340593920256,-0.68141946195211,0.00020545911032739247,1.236274720161215e-05,-0.00020508683160591433
165196.1798229015,8.059884180505136,-89.12338357890728,50.77575981160032,-3318.4522467959036,4.609816310375665e-06,0.00030127476869361676,-0.003197096198339303,2.9032508322420555e-10,0.6826760989756703,0.04084035635336701,-0.681453389019065,0.00020549297869303936,1.2293394320573216e-05,-0.00020512492961172912
165576.99634695283,8.029111100565679,-89.14602335360217,49.32981111137252,-3309.435562795304,4.50303281067916e-06,0.0003020992091465778,-0.003181076117356894,2.904465366222066e-10,0.6827543900688671,0.04064565349476523,-0.681543460103825,0.00020607676900768617,1.226813780803711e-05,-0.00020571127222242892
165958.69074375604,8.014885342686222,-89.18830012596956,46.83564594860201,-3305.7850600080906,4.284894402865053e-06,0.00030243929839781334,-0.0031702590008497065,2.900985239218963e-10,0.6827283411730501,0.04021129777993906,-0.6815431309695358,0.00020629772752306467,1.2150512659986432e-05,-0.00020593959654053939
166341.265037017,8.000416085818442,-89.16525884029649,48.09411451040607,-3300.897270128287,4.413018331839744e-06,0.0003028836337436687,-0.00315829098127004,2.898598900467284e-10,0.6824697492274333,0.040540248979780806,-0.6812645938423727,0.00020652280058580763,1.2267922153660364e-05,-0.00020615810740263647
166724.72125510627,7.994711836739825,-89.23684293521576,43.961881842460684,-3300.3446429554915,4.0353446736079205e-06,0.00030294490631103125,-0.003150499577261315,2.89241654844226e-10,0.6829551603538199,0.03978771432643578,-0.6817951956728573,0.0002067069388175071,1.2042366920109636e-05,-0.00020635585757197705
167109.0614310708,7.9761383535290005,-89.3007330957345,40.225432144549465,-3295.7845495316396,3.7026989398265765e-06,0.0003033726999773489,-0.0031389105888804157,2.8897569585029444e-10,0.6828518854043085,0.03909210250453171,-0.6817319890704807,0.0002069636204717394,1.1848313285976887e-05,-0.00020662419430223444
167494.28760264374,7.962632034872739,-89.3221860485872,38.946418934883816,-3291.9967609872656,3.5932542780781366e-06,0.0003037244955592513,-0.003128092095872541,2.886428024054534e-10,0.6829427900840396,0.038912765108888775,-0.6818333016503029,0.00020722929905893635,1.1807526421016549e-05,-0.00020689264053676504
167880.40181225605,7.943789254871475,-89.48929863004906,29.318739688739278,-3289.1933645956324,2.7097672015662197e-06,0.000304001754291429,-0.003118239991740598,2.88224388312941e-10,0.6832304374702712,0.037010431016608086,-0.6822272778787016,0.00020749857895267622,1.1240148888575215e-05,-0.00020719391718953205
168267.40610704673,7.9340677290971096,-89.52755666806985,27.102898901103988,-3286.8418713468004,2.5085836926474022e-06,0.00030422273089154297,-0.0031088440898260905,2.877672196796757e-10,0.6836213663798946,0.036646957524220675,-0.6826383911525428,0.00020776604752786623,1.113773485321078e-05,-0.0002074673019241614
168655.30253887415,7.916743268051791,-89.66927365640048,18.95651843335344,-3284.0336385976057,1.7576358946008114e-06,0.00030449343441250036,-0.0030990439019395744,2.873508821047623e-10,0.6838820187238628,0.03504308023096528,-0.6829836001411395,0.00020802561503006074,1.0659526231143397e-05,-0.00020775233093557
169044.09316432642,7.8962552777018225,-89.7248854537486,15.743684896049706,-3278.7788879650525,1.4644417974963662e-06,0.000304984562380911,-0.003086968953228761,2.871494585015447e-10,0.684029239997181,0.03445909834259348,-0.6831607217284499,0.0002084039370960955,1.0498691201282002e-05,-0.0002081393246847252
169433.78004473285,7.8749557293547365,-89.89575304755415,5.959237613912727,-3275.287954364774,5.555079630504835e-07,0.00030531565576193625,-0.00307658996835738,2.867943846047056e-10,0.6842829152343262,0.03250539283549641,-0.6835104297069636,0.00020870449207066662,9.914059448593189e-06,-0.0002084688860135361
169824.36524617442,7.836341304365895,-90.08065071040245,-4.59855600561658,-3266.898402304209,-4.3087308140177245e-07,0.00030610012784624256,-0.003061651539530443,2.8686958367619165e-10,0.6847279911880302,0.030391163087414748,-0.6840532136629353,0.00020937568142177066,9.292990154509782e-06,-0.00020916934838742263
170215.85083949508,7.805272823695115,-90.20500614450783,-11.66344257013394,-3259.7226960186495,-1.0976398927635745e-06,0.00030677063388290953,-0.0030479005193788378,2.8683984249081073e-10,0.685210296008608,0.028998965063417533,-0.6845963845810573,0.00020998223643097657,8.886713427498868e-06,-0.00020979410368504654
170608.23890031234,7.767123249165488,-90.30006916802705,-17.020983540537408,-3249.989361299454,-1.6114204138905126e-06,0.0003076848755098189,-0.003031810627557758,2.8703720488463103e-10,0.6852455836072443,0.027936866467712214,-0.6846758658994766,0.00021061939052693175,8.586769370606151e-06,-0.00021044428017342787
171001.5315090288,7.725069572463351,-90.4836075462494,-27.353379901644885,-3240.6359614137773,-2.6044712181578092e-06,0.00030855942192071844,-0.0030161322385181518,2.8720360346218985e-10,0.6857561097757432,0.025835242359983402,-0.6852692772530825,0.00021137900490409892,7.963513184440148e-06,-0.00021122894255288106
171395.73075084251,7.682042020090451,-90.66249341168769,-37.360116950914794,-3230.947794170555,-3.5784115008175415e-06,0.00030946532529304313,-0.0030001990718288166,2.874022679520615e-10,0.6862218666429936,0.023784517667141784,-0.6858095559106302,0.00021214916651739906,7.3531110627338715e-06,-0.00021202169844552752
171790.83871575884,7.632347269193436,-90.83661177621505,-47.01009601832714,-3219.2813282438815,-4.535035370778531e-06,0.0003105621117298118,-0.002982490454227322,2.877803927389901e-10,0.686652018105503,0.021786916052995865,-0.6863062904106736,0.00021304192640847169,6.7596489110103115e-06,-0.00021293466029379188
172186.8574986007,7.581746014994564,-90.9198183024369,-51.471840378827395,-3205.9221370840064,-5.006702913741961e-06,0.0003118423508239442,-0.002963282812039235,2.883149492347766e-10,0.6867388676527334,0.020866065516171782,-0.6864217942743611,0.00021395091579228843,6.500744367980542e-06,-0.00021385213277173802
172583.7891990204,7.52741126854286,-91.0321546838641,-57.509248829097025,-3192.0417038010946,-5.6423449771301984e-06,0.0003131774599900476,-0.0029436670620875643,2.8890268286851234e-10,0.6867430285875328,0.019593706792541566,-0.6864634542112965,0.00021487432651278384,6.1306549548754444e-06,-0.00021478685077105326
172981.63592151014,7.485064014429975,-91.06312028117975,-59.017738430033546,-3180.3355794091303,-5.83293500746737e-06,0.00031432398512900786,-0.0029261263801647792,2.8929916742811313e-10,0.6869103418587547,0.019300962294528663,-0.6866391269123953,0.00021571456545796112,6.061196695653853e-06,-0.0002156293942052743
173380.39977541383,7.4250767829648865,-91.10898064516668,-61.24663941172585,-3163.928728545886,-6.115981601854716e-06,0.00031594435350621873,-0.002904335769157338,2.901305355910962e-10,0.6864747545560016,0.01881316852155258,-0.6862169141990762,0.00021669129832910906,5.9385285264514215e-06,-0.0002166099089388467
173780.08287493754,7.3779168388629435,-91.18302484370074,-65.08439300572083,-3151.6929703638366,-6.549435783571185e-06,0.000317154539908151,-0.002886449971958924,2.9058703160773433e-10,0.6865072754386427,0.018001067713068482,-0.6862712297564119,0.00021753613928857327,5.704065948712719e-06,-0.00021746134260652004
174180.68733916144,7.341125776134887,-91.20500950501959,-66.08168634965462,-3141.5880640611094,-6.692533132531731e-06,0.0003181695772145664,-0.002870578117424891,2.908512223993162e-10,0.6863569580343993,0.01780788476516868,-0.6861259017719887,0.00021818520822394557,5.660927597563052e-06,-0.00021811175801974005
174582.21529205036,7.303080499160341,-91.19784249375853,-65.46094889179128,-3130.703463835426,-6.675881152428018e-06,0.00031927744100698324,-0.00285405320805902,2.9119116763338854e-10,0.686134280428495,0.017962078483934572,-0.6858991285281427,0.000218872205844176,5.729781839306715e-06,-0.00021879719397462414
174984.66886246574,7.258431374900969,-91.22628166816966,-66.7564983305582,-3118.5996395434054,-6.860809255948772e-06,0.0003205098800513881,-0.002836480197862644,2.9164901048683974e-10,0.6860481762430845,0.017693748682200958,-0.6858199700971337,0.0002196906829179476,5.666004030005535e-06,-0.00021961760530359617
175388.0501841761,7.220784870874187,-91.26927850660091,-68.87915244469359,-3108.7260191059913,-7.123767662305211e-06,0.00032151734015101364,-0.0028209967106627176,2.919024119532111e-10,0.6858535463537818,0.017248691255763938,-0.685636616361774,0.0002203211855337936,5.5409090272692375e-06,-0.0002202514997046963
175792.36139586932,7.179774299506678,-91.28884102778692,-69.69054580779769,-3097.589657517316,-7.2594935164111476e-06,0.0003226683300381487,-0.002804426209134456,2.9227808020469967e-10,0.68569573322563,0.017085317678360898,-0.6854828447770694,0.00022105957404110457,5.508088887425852e-06,-0.00022099094151580695
176197.6046411629,7.140912744761399,-91.33281004606455,-71.83375974335148,-3087.483376817573,-7.53154918142515e-06,0.0003237131535703359,-0.0027888474541712164,2.9256037475095565e-10,0.6857309816718392,0.016634937530548,-0.6855291810550292,0.00022178952621367196,5.380324080588039e-06,-0.00022172425679404796
176603.78206861648,7.102104755957198,-91.336630649822,-71.79029302212953,-3076.7920755209007,-7.5793690578611976e-06,0.00032483698941703935,-0.002772798305615357,2.9290176135162204e-10,0.6853314812045418,0.016654504122598928,-0.6851290875611994,0.00022242903953220228,5.4053337070753446e-06,-0.00022236335128508286
177010.89583174212,7.056148944112812,-91.38312964810187,-74.00115587544829,-3064.882801747955,-7.873315418148217e-06,0.00032608665003063095,-0.0027557131192601555,2.933636223397543e-10,0.6853736157480961,0.0161745864057977,-0.6851827317717663,0.0002233015940417606,5.269842381426472e-06,-0.00022323940212889428
177418.94808901663,7.021411077438473,-91.3687391863593,-72.9971463864335,-3055.0982977952744,-7.816415508761429e-06,0.0003271349483891017,-0.0027405978953375064,2.936262937993373e-10,0.6852905130712611,0.01641997932985319,-0.6850937684611351,0.00022398976920614112,5.366931703140288e-06,-0.00022392546249391603
177827.94100389228,6.977933854914852,-91.41726825100008,-75.3116402286584,-3043.9960917705876,-8.122845009394723e-06,0.00032831456581723455,-0.0027243582871327053,2.940194366571355e-10,0.6848599042489371,0.015905162573008957,-0.6846751888679693,0.00022465964218859057,5.217487708704769e-06,-0.00022459904864071678
178237.8767448089,6.947486209461947,-91.41091260190925,-74.76627027948933,-3035.5713085859384,-8.108890903251427e-06,0.00032922755780578536,-0.0027105696482297003,2.941573417982613e-10,0.6849620775587673,0.016059090575996953,-0.6847737971794005,0.00022531618348128196,5.28258879916372e-06,-0.0002252542492255133
178648.75748520507,6.912858041920322,-91.41744098288859,-74.88192823759826,-3026.2587252304324,-8.171449224652157e-06,0.0003302388185760504,-0.0026960390991540425,2.94383915256375e-10,0.6846919303779656,0.016050501779080788,-0.6845037771388442,0.00022591856281285806,5.295967622042018e-06,-0.00022585648042589695
179060.5854035294,6.8695270103585715,-91.47844610000303,-77.8292001740533,-3015.5275427371057,-8.55316338980394e-06,0.000331396181918918,-0.0026803001530168527,2.947520485294035e-10,0.6846487326329581,0.015396616675779271,-0.6844755885280752,0.00022670090687683034,5.0981281303347065e-06,-0.00022664357539613602
179473.36268325264,6.837038160165805,-91.45003644862012,-76.09949374834187,-3006.3029759925375,-8.414689262559916e-06,0.00033242146729310564,-0.002665955392530992,2.9497647732460785e-10,0.6847430044011164,0.015814266000299847,-0.6845603633479951,0.0002274294883005341,5.2525259859242805e-06,-0.00022736882618206472
179887.09151287875,6.801078997945264,-91.438711118064,-75.25770179329771,-2996.461439238382,-8.37644426682487e-06,0.00033351659226066706,-0.0026511165744480363,2.9526463872300437e-10,0.6842121300595173,0.016013420975589908,-0.6840247139316242,0.00022799945608422968,5.3361393522279426e-06,-0.00022793700355913733
180301.77408595692,6.760974384788426,-91.47711910170183,-77.00710190362622,-2986.356604971644,-8.628966163859681e-06,0.0003346336826150022,-0.00263609949444966,2.955823280989455e-10,0.6843346851339135,0.01563406770304258,-0.6841560766406954,0.00022880676156849456,5.227238190587648e-06,-0.00022874704395983085
180717.41260109266,6.723171567005437,-91.44983586705142,-75.31828960213105,-2975.853404978159,-8.499615271327518e-06,0.0003358229346390879,-0.002620786633131877,2.959433586170588e-10,0.683723870499523,0.01602210677386329,-0.683536116957528,0.00022941092298506998,5.375922154760988e-06,-0.00022934792575004392
181134.00926196025,6.693657786603591,-91.4732432701962,-76.34225371400026,-2968.365780364305,-8.658506276858724e-06,0.0003366630206855369,-0.002608179925872292,2.960075001951564e-10,0.6834985330618119,0.01581432159880611,-0.683315558091588,0.00022991015146570993,5.319503844173068e-06,-0.00022984860370652138
181551.5662773135,6.6548813706621415,-91.45162564596059,-74.9530446078453,-2957.7696006367487,-8.56212956246742e-06,0.00033787562158520547,-0.00259289226813519,2.963847067638659e-10,0.683354255317131,0.016145554568891187,-0.6831634938487957,0.00023068604979840574,5.450400251877585e-06,-0.0002306216527316697
181970.08586099837,6.6141917918988575,-91.41914090642963,-72.99694463901402,-2946.544282046182,-8.402572659480794e-06,0.00033917244819912966,-0.0025771108768120952,2.9682956756632865e-10,0.6827715127257297,0.016595705439493746,-0.6825697921463759,0.00023136942084826673,5.623753605031447e-06,-0.00023130106419783775
182389.57023196376,6.579910416873834,-91.47754346705166,-75.79410493110423,-2938.471673118718,-8.772099816333572e-06,0.00034008669734271083,-0.0025641394478728616,2.9696045719563455e-10,0.6828615822534366,0.015979149703302938,-0.6826745983940127,0.00023202837883140376,5.429528175426987e-06,-0.00023196484390295365
182810.0216142743,6.5444591980797115,-91.44933904957865,-74.10063179271279,-2928.747322409329,-8.633366508029469e-06,0.0003412244731529571,-0.0025497760424322458,2.972612003043279e-10,0.6824708731439852,0.016383107967865854,-0.6822742018156827,0.0002326672136847833,5.5853110108863484e-06,-0.00023260016471351064
183231.4422371211,6.5271807964060535,-91.42802773686473,-72.8880811014486,-2923.8330177974535,-8.520823610531238e-06,0.0003418043805629039,-0.0025396431522683497,2.9707599851023e-10,0.682435695518187,0.016713437059455036,-0.682231001596271,0.00023304713265231354,5.7075246928772485e-06,-0.00023297723107493836
183653.83433483465,6.490501291841318,-91.41137184843376,-71.79603096360623,-2914.028290998806,-8.449856951703693e-06,0.00034295937925369545,-0.0025253053305520877,2.9739000473745604e-10,0.6821335187245701,0.016981829161235557,-0.6819221032096716,0.00023372808718897262,5.8187002073242886e-06,-0.0002336556472009895
184077.20014689554,6.452332474435494,-91.44116496447727,-73.07561003260011,-2904.6230763333624,-8.656016699370344e-06,0.00034406097797748966,-0.0025113654491068635,2.9766676543269475e-10,0.6820395917706314,0.016702670654222294,-0.6818350427600991,0.00023444825303525603,5.741473080381774e-06,-0.00023437794016961297
184501.54191794738,6.432606523769245,-91.40422020979028,-71.06069737627762,-2898.877827849061,-8.451012670253733e-06,0.0003447539097871057,-0.0025006334956639985,2.9757073595485987e-10,0.682061408875477,0.01722077180389065,-0.6818439781179261,0.00023492284436024246,5.931361372458541e-06,-0.0002348479545462894
184926.86189780777,6.392473722398513,-91.44421355287085,-72.84135471646472,-2889.1975609143005,-8.720624246975947e-06,0.00034589700318022666,-0.0024865510000524668,2.978810610232727e-10,0.6814922557133171,0.016808875628942857,-0.681284930331881,0.00023550783182527298,5.808755450418903e-06,-0.00023543618500807874
185353.16234148113,6.37054037509005,-91.42611833124853,-71.77967687121392,-2883.2272185758998,-8.629282206940867e-06,0.0003466187425232393,-0.002475705610288128,2.9781136176384844e-10,0.6812943778191756,0.017097269882307895,-0.6810798136860239,0.0002359274914110291,5.920665316837304e-06,-0.00023585318934817736
185780.4455091698,6.331156580613863,-91.45308404021078,-72.8931173722568,-2873.59327649218,-8.821786932156476e-06,0.00034777258167503956,-0.0024617584113113353,2.981225537562602e-10,0.6812381223865331,0.01685368654319857,-0.6810296121628139,0.00023669474678730728,5.855777792939752e-06,-0.0002366223003504683
186208.71366628676,6.300383773476749,-91.49236030703338,-74.67572245848295,-2866.3561298537957,-9.082898618255501e-06,0.0003486383696622642,-0.0024499108433000292,2.981878772830839e-10,0.6811286256018446,0.016462718487013445,-0.6809296465232477,0.00023724867261556854,5.734244549238546e-06,-0.00023717936482185533
186637.96908346695,6.269258733197891,-91.4457093389086,-72.12148251040685,-2857.683384695478,-8.825918094805539e-06,0.0003497110516352678,-0.0024368805484722383,2.9840494923985684e-10,0.6806634162699682,0.017084152281273583,-0.68044898264979,0.00023780974597785247,5.968850120549476e-06,-0.00023773482729774604
187068.21403658006,6.237774863752933,-91.49950201737201,-74.61951555612355,-2850.551114870643,-9.176926684768951e-06,0.0003505691292337472,-0.0024252078462622287,2.9846354887286893e-10,0.6809081544079145,0.016530062514210457,-0.6807074788574521,0.00023848333295416877,5.78953912772212e-06,-0.0002384130477419755
187499.45080674184,6.208895627828044,-91.52304568700855,-75.60706032968065,-2843.6081126976796,-9.343636831072905e-06,0.0003514174652351806,-0.0024137366024529075,2.985041594206433e-10,0.6807165881430474,0.016324786341701664,-0.680520811381995,0.00023899436570072745,5.731507098391747e-06,-0.0002389256299836293
187931.68168032684,6.165244446626238,-91.5426858636918,-76.29594978139625,-2832.9678819523815,-9.499555863620532e-06,0.0003527308688280004,-0.002399174199910849,2.9893618018701426e-10,0.6805809919704444,0.01616748272724176,-0.6803889322540001,0.0002398405953095674,5.697512460246915e-06,-0.00023977291237796863
188364.90894898,6.1288228784411745,-91.51362791212844,-74.60486405920103,-2823.3817309525234,-9.352437479920738e-06,0.0003539380636057506,-0.00238555663697508,2.992612815464033e-10,0.6800128312703347,0.016578049327342893,-0.679810722902189,0.00024045584571255323,5.862078901987566e-06,-0.0002403843792102267
188799.13490962936,6.098783483616831,-91.55017198292008,-76.21915422001415,-2816.442488848109,-9.601617599066491e-06,0.0003547980037881561,-0.002374220328121613,2.993086335127375e-10,0.6799561390952971,0.01622257289175966,-0.6797625903373578,0.00024102264716018096,5.750381880989107e-06,-0.00024095404033201825
189234.36186449748,6.057950269477413,-91.59013756638097,-77.92136734964357,-2806.939010394481,-9.882255082376589e-06,0.000355985633272115,-0.002360766903326176,2.9963128397877545e-10,0.6797073054064375,0.01582227034757767,-0.6795231245395026,0.0002417441101006841,5.627334934498674e-06,-0.0002416786044934608
189670.59212111463,6.020004699197445,-91.60318367250171,-78.30389949208107,-2797.753066709482,-9.995961253523292e-06,0.0003571499176050893,-0.002347629250996333,2.999236765730281e-10,0.6796117645409837,0.015745133608432833,-0.6794293497267851,0.0002425007485279192,5.61821746610863e-06,-0.0002424356588233353
190107.82799232996,5.97662145051319,-91.53664642394435,-74.73765269059187,-2786.0184712418895,-9.621860378965972e-06,0.00035867704936475963,-0.0023324058558039065,3.004942320445175e-10,0.6791859780417397,0.016603703299585788,-0.6789829966981897,0.0002433758593096266,5.949681955905214e-06,-0.00024330312406404224
190546.07179632474,5.948393481106366,-91.5819005464063,-76.76728020995269,-2779.772409234744,-9.927195605059627e-06,0.0003594675279435456,-0.0023218244040899183,3.0047676274781373e-10,0.6791161832629108,0.01614586200127451,-0.6789242236876065,0.00024389092921967568,5.798461859094021e-06,-0.00024382199079596057
190985.3258566238,5.915097793574487,-91.5693126699391,-75.92683981344724,-2771.404098438729,-9.878016984901686e-06,0.00036055730521205497,-0.002309510741693266,3.006908943183083e-10,0.6790322781159152,0.0163732794584549,-0.6788348476935055,0.0002445971278358169,5.897889184153914e-06,-0.00024452601057699854
191425.59250210857,5.878862207208978,-91.546641016397,-74.58080665602779,-2762.1972017338467,-9.76790026233577e-06,0.0003617668939393071,-0.002296544222244998,3.0099927579171123e-10,0.6785397320877942,0.016710214513559817,-0.6783339419140739,0.0002452355395111302,6.039349322950688e-06,-0.0002451611635212039
191866.8740670289,5.837635473349934,-91.5342586104932,-73.71014710734194,-2751.9942331487155,-9.725698208213694e-06,0.0003631123587824577,-0.002282798881754828,3.014203793981691e-10,0.6782093471114047,0.016929144404469833,-0.67799802549787,0.00024602481453897936,6.141156311325708e-06,-0.0002459481562608247
192309.17289101586,5.809352106796205,-91.49030166289215,-71.40004986778068,-2744.410072720235,-9.47341687195971e-06,0.0003641305676204588,-0.0022712719439137,3.0155818934986715e-10,0.6777503962593027,0.017518155818384055,-0.6775239581345921,0.0002465412266591135,6.372475247683207e-06,-0.0002464588566105873
192752.49131909356,5.770381597543266,-91.45102628290034,-69.2635512588591,-2734.38238208876,-9.25779776256343e-06,0.00036547879279661354,-0.0022577683402928293,3.0196797350902346e-10,0.6772415429349425,0.01804987414342775,-0.6770009671487243,0.000247262394111196,6.590049208688974e-06,-0.00024717455935639385
193196.8317016924,5.731133432971513,-91.47269773807844,-70.06504145857862,-2725.3026593126456,-9.427248347849748e-06,0.0003666893568825538,-0.0022450957701046787,3.022772006682222e-10,0.6771347090836644,0.017871962723220267,-0.6768988160679841,0.00024804310810747586,6.546728623389434e-06,-0.00024795669747750037
193642.19639466068,5.704738857975182,-91.4034304278818,-66.58513417568712,-2717.829168259216,-9.008912624286674e-06,0.00036771999948188644,-0.002233789714542381,3.0241127302295803e-10,0.6764756182032095,0.018753157263186875,-0.6762156321145472,0.00024848906633559117,6.888577228475947e-06,-0.00024839356592331685
194088.58775927784,5.671096047311869,-91.35984254801495,-64.30865376317942,-2709.080246673444,-8.757517669484423e-06,0.0003689210820002859,-0.002221477921336873,3.026901314880406e-10,0.676125309184282,0.019338816561699102,-0.6758486841694181,0.0002491654678045052,7.126734068267128e-06,-0.00024906352604859287
194536.00816226623,5.649543029123895,-91.32231583576113,-62.399567640439756,-2703.2853968464533,-8.534271310249076e-06,0.00036972325094718217,-0.002211627747277391,3.0264132751129595e-10,0.6758605107981391,0.019855084624150848,-0.6755688015819628,0.00024960404488030466,7.332740046871873e-06,-0.0002494963128866119
194984.45997580455,5.6188460075375115,-91.25400477743622,-58.99065821443898,-2694.8669639869754,-8.118962378390853e-06,0.00037089810755871924,-0.0021996696472467493,3.0288851165556406e-10,0.6753864130343312,0.020727514950719787,-0.6750682758324138,0.0002502132600650874,7.679010102626696e-06,-0.00025009539843076444
195433.94557753942,5.604209216806866,-91.17227213401482,-55.044922909785946,-2689.9911581607703,-7.603853646357514e-06,0.0003715928371845146,-0.0021906398524043414,3.027396323200372e-10,0.6749247704952261,0.02175727058219497,-0.6745739892738578,0.00025050142346389793,8.075310745418228e-06,-0.0002503712294050657
195884.467350599,5.5802223242245255,-91.07996565032656,-50.573361700096534,-2682.767744772291,-7.024272705957418e-06,0.0003726169590579336,-0.0021797325409359503,3.0285660910281346e-10,0.6743139690755022,0.02290506601800947,-0.6739248376792979,0.0002509549322196131,8.524425643912049e-06,-0.00025081011178338086
196336.02768360465,5.562848778809202,-91.07344236292572,-50.18761983228584,-2678.487871964174,-6.993020204324757e-06,0.00037321394934204004,-0.0021712499222086906,3.0264287042901223e-10,0.6740016838205516,0.02305302362804993,-0.6736073247037501,0.0002512384396984107,8.59316204347034e-06,-0.0002510914398146353
196788.6289706845,5.553703347835911,-91.02037221673777,-47.65018000187988,-2675.3625085343538,-6.65520635481518e-06,0.00037366258779147676,-0.002163728514310683,3.022995459656108e-10,0.6737822672282487,0.023751264458183458,-0.6733635133179379,0.0002514526833445842,8.863871121757963e-06,-0.0002512964061619835
197242.27361148532,5.538015201904306,-90.99664711454702,-46.46963923501294,-2671.201892672252,-6.5106516422853145e-06,0.0003742500539211986,-0.0021553948726661812,3.0207404968127854e-10,0.6733131687767153,0.024095519339024787,-0.6728818835396925,0.0002516692036647713,9.006359069077477e-06,-0.00025150799901708687
197696.9640111861,5.526323762616144,-90.93528851857762,-43.54539031040718,-2667.353889701608,-6.118784784682838e-06,0.0003748034930753654,-0.002147339786651376,3.018140772636236e-10,0.6733904192417463,0.024901302339191925,-0.6729298491435693,0.00025206409234381665,9.321077331891819e-06,-0.000251891691340713
198152.7025805098,5.520216491476929,-90.9374128265831,-43.619521979202474,-2665.838830080833,-6.136162688342905e-06,0.00037501604832068343,-0.002141184156301343,3.0129105776424606e-10,0.6733438358272322,0.024957168714905966,-0.6728811640819398,0.0002521880938959553,9.34723164060687e-06,-0.0002520148090163195
198609.49173573716,5.4909233680528295,-90.98882749535352,-45.907888105949155,-2659.783526784056,-6.4873207351442066e-06,0.0003758584752249832,-0.0021314071756717897,3.012824537463934e-10,0.6730952163246885,0.024427051204806944,-0.6726518337212922,0.0002526634264639945,9.169315582894882e-06,-0.0002524969915152805
199067.33389871864,5.47039509839524,-91.04263873590428,-48.33419977670133,-2655.8000036516783,-6.8504637834373505e-06,0.0003764097021388663,-0.0021233202362557937,3.0104038759748695e-10,0.6731679046168693,0.02388076565971718,-0.6727441838007758,0.000253063843519832,8.97749031496681e-06,-0.00025290455425846863
199526.23149688798,5.454920965335111,-91.09009508907675,-50.47912765872195,-2652.8804798509254,-7.170001686391319e-06,0.0003768123261345466,-0.00211610793544637,3.0067855017281193e-10,0.6731933397678338,0.02340751926258086,-0.6727862667666025,0.0002533463262191141,8.809072610734946e-06,-0.00025319313033425806
199986.18696327438,5.420478481248438,-91.1928959535551,-55.10844585746634,-2646.521781904834,-7.864641856778483e-06,0.00037769067258181015,-0.0021061805817012558,3.007077761550239e-10,0.6733166664751823,0.022287731470568825,-0.6729476876987897,0.0002539907797535137,8.40745310045783e-06,-0.00025385159233725816
200447.20273651613,5.394281178764589,-91.29553314850058,-59.75066567104474,-2642.06092333403,-8.555295822067677e-06,0.0003782989281406724,-0.002097794582103912,3.00522715089145e-10,0.6736236539717975,0.02117535681896618,-0.6732907480828066,0.0002545240068850331,8.000961119766774e-06,-0.00025439822071306303
200909.28126087278,5.372467242754957,-91.32441984797562,-60.97606785926984,-2637.418240122243,-8.761315676506455e-06,0.000378956114815695,-0.002089291979354318,3.003593295497826e-10,0.6738607532910657,0.020926996056546313,-0.6735357270865828,0.0002550571343076832,7.920894068667315e-06,-0.0002549341114845177
201372.42498623882,5.322812958329218,-91.37254124459405,-62.93764484399078,-2626.7856205030193,-9.116160842267286e-06,0.0003804749967053582,-0.002076083237187695,3.008815110125565e-10,0.6736391739646619,0.020438532513315382,-0.673329045184072,0.0002559985452982605,7.767117462373726e-06,-0.0002558806891524861
201836.63636815606,5.282043800448294,-91.4739898690345,-67.3929313587131,-2619.067292511683,-9.81823841918372e-06,0.00038156267423499,-0.002065222218295479,3.010741539473192e-10,0.6736439609328562,0.01933055606111864,-0.6733665537459337,0.00025674175097951404,7.367335118192989e-06,-0.0002566360244963342
202301.9178678272,5.237321140908975,-91.54294985741821,-70.30246908851859,-2609.9752951416594,-1.0312947246752926e-05,0.0003828675988638953,-0.002053319483806953,3.0142809935231766e-10,0.6737786909892362,0.018608131793559603,-0.6735216862598576,0.0002576777261195259,7.1164332621696005e-06,-0.0002575794380686364
202768.27195212818,5.210777484186612,-91.58987324953857,-72.29340776904246,-2604.6378127734865,-1.0648037538929724e-05,0.0003836349960750403,-0.0020444075341571805,3.0135110654514403e-10,0.6737461995332087,0.018140188382425853,-0.6735019487357794,0.00025818576005292345,6.951487560545386e-06,-0.00025809216089374225
203235.7010936222,5.162871432802959,-91.55340714622204,-70.32492716793747,-2593.2249716774327,-1.0449839677778572e-05,0.00038533683991920186,-0.002030768071608043,3.019812208953418e-10,0.6734487522706576,0.018645320106321476,-0.673190592605867,0.00025921029501222765,7.1765801169895305e-06,-0.000259110929406983
203704.2077705718,5.116544977801894,-91.63792821375397,-73.89374765257446,-2584.146511831882,-1.1056520112122932e-05,0.0003866588011624023,-0.0020190043962908196,3.0234514465298137e-10,0.6731685051651041,0.017729725577044414,-0.6729349843611814,0.00026000020524590933,6.847813368592748e-06,-0.0002599100116963252
204173.79446695297,5.09288562286379,-91.65392296746433,-74.46786264546023,-2579.0252360525274,-1.1186539771480868e-05,0.00038742038981446757,-0.002010368743687813,3.022487683893803e-10,0.6732599784886074,0.01762929990809367,-0.6730291274671778,0.00026054799605525967,6.822444389494786e-06,-0.00026045865794970967
204644.4636724674,5.041915866015033,-91.69707925690223,-76.09546767552025,-2568.338525877763,-1.1525855910188289e-05,0.00038901528148930066,-0.0019974338156590566,3.0280836291372333e-10,0.6727551241699399,0.017194697889920417,-0.672535351830211,0.0002614283455934369,6.6817498088730396e-06,-0.000261342943465503
205116.21788255658,5.008073053695,-91.70425034700378,-76.19544942989133,-2560.8855460987866,-1.1608187051602165e-05,0.00039014453827996106,-0.001987056886879498,3.029911634133178e-10,0.6728046768122437,0.01719716651659514,-0.6725848575490145,0.0002622056807768715,6.702085923780532e-06,-0.00026212001273449707
205589.05959841414,4.940393717387535,-91.7495693368337,-77.78938867284293,-2546.694319583158,-1.1982893690407656e-05,0.000392299872954057,-0.001971500770991596,3.0397881106509677e-10,0.6720342689582407,0.016731568408800426,-0.671825954598971,0.00026335674403089784,6.556765900498621e-06,-0.00026327510981382556
206062.99132700005,4.9207922435668126,-91.73011599710169,-76.78164840226029,-2541.984019154217,-1.187177739838918e-05,0.0003930349120346985,-0.001963328394408234,3.0384165692808727e-10,0.672074163435211,0.01704635721220541,-0.6718579484258057,0.00026386125910107285,6.692525203035535e-06,-0.00026377637149830203
206538.01558105292,4.875917227274658,-91.79118710830028,-79.21569321825744,-2533.094493691829,-1.2333431658116442e-05,0.00039438836614635246,-0.0019519627360402533,3.042066760691887e-10,0.6719260380855911,0.01641248124803149,-0.6717255623516811,0.0002647183248188066,6.4660160431906615e-06,-0.00026463934350622243
207014.13487910424,4.84254542927933,-91.7679245533613,-77.94832697139537,-2525.3864277378448,-1.2210615528911588e-05,0.0003956021114135566,-0.0019415472930212538,3.044333940510907e-10,0.6717546758871523,0.016766985090269197,-0.6715453914570748,0.0002654600395619458,6.6258779955930385e-06,-0.000265377335778731
207491.35174549097,4.802636077808701,-91.80471005266034,-79.31501640765977,-2517.2535049539642,-1.250462179921873e-05,0.0003968643578212411,-0.0019308435506277843,3.047145396891372e-10,0.6715749771922911,0.016417670226707513,-0.6713742697595384,0.00026623922166881463,6.508622106571325e-06,-0.00026615965320290385
207969.6687103696,4.768093252953655,-91.71962781523186,-75.3066723746658,-2508.367692913978,-1.1958034264565323e-05,0.00039830662906949524,-0.0019196026030855885,3.0509067452530383e-10,0.6707237264766582,0.017478839334401003,-0.6704959414002871,0.0002668539656642606,6.954126427128405e-06,-0.00026676333915359865
208449.08830972886,4.725665656823573,-91.76574040733821,-77.06671364650451,-2499.9141573845645,-1.23198128932003e-05,0.00039963394325219465,-0.001908733200415701,3.054182860299937e-10,0.6705391496591946,0.017021015318037437,-0.6703230834927429,0.0002676741613852044,6.794660689828546e-06,-0.0002675879094043349
208929.61308540398,4.686233355341828,-91.75345963080589,-76.2638099314154,-2491.2065918608646,-1.2276998209857426e-05,0.0004010360732851631,-0.001897710130711334,3.0578092300557225e-10,0.6703463447782972,0.017246398205917893,-0.6701244538938619,0.00026853234560205813,6.908691006518331e-06,-0.00026844345889427
209411.24558508926,4.646455723221143,-91.72429090628621,-74.72300133979657,-2482.1913824753096,-1.2116868323252116e-05,0.00040250505995864135,-0.0018864938562266971,3.061856749253294e-10,0.6698862020219608,0.01766225640064684,-0.6696533195305203,0.00026932483829403704,7.101033480991279e-06,-0.00026923120889973186
209893.98836235245,4.609123789894083,-91.68429752746454,-72.73478816010646,-2473.551032888624,-1.187750101075557e-05,0.000403927826511554,-0.0018756033793338493,3.0654854330489033e-10,0.6695792323625184,0.018208309241826343,-0.6693316113002085,0.00027014539375654555,7.346241687363111e-06,-0.0002700454896882188
210377.84397664753,4.568830926046494,-91.68895131967987,-72.68468530543862,-2465.0322043333363,-1.1951441490422587e-05,0.0004053218093783629,-0.0018648449512768568,3.069004563165954e-10,0.6688851740177405,0.018222170578291005,-0.6686369183048141,0.00027079534433898495,7.3771689791126356e-06,-0.0002706948390596375
210862.814993329,4.538115292877078,-91.670329513553,-71.68281973417892,-2458.173318916715,-1.185279922049136e-05,0.0004064605006657727,-0.0018553789803791743,3.070489602789434e-10,0.6686063841249472,0.018519005716401266,-0.6683498659533885,0.00027143831907879674,7.5182766752212135e-06,-0.0002713341787909468
211348.90398366464,4.498669930779611,-91.62442938139007,-69.45418320157725,-2449.0847754993456,-1.1570220395659582e-05,0.00040798767351335577,-0.0018442676575316065,3.0747960400235313e-10,0.6682048813096945,0.019130329807759076,-0.6679309798830634,0.0002722862644178695,7.79540255711234e-06,-0.0002721746525479743
211836.11352485023,4.4635173780017565,-91.57296679836607,-67.02595797785514,-2440.826890515218,-1.1241951466037019e-05,0.00040938851555446604,-0.0018338217143109854,3.0781030297578715e-10,0.6676284927926056,0.019800706390355947,-0.667334800842103,0.0002729766049143501,8.09601397138739e-06,-0.0002728565216159223
212324.44620002192,4.426505675729412,-91.54514557760892,-65.6176797105452,-2432.589333287121,-1.108070485359085e-05,0.00041078569908371983,-0.001823429302815831,3.081423097378708e-10,0.6672565225948517,0.020201154018616916,-0.666950658086256,0.0002737499493109274,8.28776445243742e-06,-0.0002736244647470621
212813.90459827124,4.389283505490512,-91.49851042679386,-63.4125207372643,-2424.034750525478,-1.0784505359439565e-05,0.00041225321836397904,-0.0018128379040877442,3.0851855608946186e-10,0.6666995222405614,0.02081443501867712,-0.6663745285127922,0.000274490570629165,8.56962687838681e-06,-0.0002743567656528446
213304.49131465761,4.3689480251980575,-91.43403874026146,-60.54900342827879,-2418.6779699806557,-1.0343769058485486e-05,0.00041319005981594535,-0.0018046715861319514,3.084907047656511e-10,0.6663319973560978,0.021640264815883027,-0.6659805024467798,0.00027495268174061824,8.929555939551243e-06,-0.0002748076422283051
213796.20895022326,4.327741661417328,-91.35210488966338,-56.85462650299246,-2408.781628608264,-9.793300265625412e-06,0.0004149164846248933,-0.0017931538866117528,3.090456972500851e-10,0.6653861365822109,0.02264850339446102,-0.6650005684582471,0.0002756978945439426,9.384242257432055e-06,-0.00027553813720285024
214289.06011200586,4.295862663879067,-91.33917985646808,-56.150764011379344,-2401.929735684126,-9.727422849211776e-06,0.00041610451085509676,-0.0017839407676422047,3.092144870593626e-10,0.6649829755953478,0.02287281866133346,-0.6645894913389232,0.000276316191634148,9.504198417681037e-06,-0.0002761526895969629
214783.04741305343,4.273064644756512,-91.2842544910855,-53.71990521091977,-2396.260546663277,-9.350803947235913e-06,0.0004171072620170958,-0.001775636930060476,3.092331855240321e-10,0.6643932679276472,0.023577289785184502,-0.6639747931013374,0.000276728241384478,9.820240893194671e-06,-0.0002765539412999669
215278.17347243728,4.255975699834276,-91.23145950050599,-51.414729342108565,-2391.790691904556,-8.983396598183497e-06,0.00041790367546727544,-0.0017682485191957108,3.090985446327799e-10,0.6639283679609076,0.024260543635186236,-0.663484968786603,0.0002770548649880494,1.01238355909187e-05,-0.00027686983614412443
215774.4409152667,4.2214313378145105,-91.11015912744762,-46.17248288671908,-2382.6830433596497,-8.129945322688177e-06,0.0004195373879142648,-0.0017574638708986149,3.0956642908214774e-10,0.663098734900525,0.02572153240711752,-0.6625996792915813,0.0002777762240307338,1.0774911445736793e-05,-0.0002775671665022881
216271.85237270204,4.19508732157606,-91.12203824660337,-46.56353363796585,-2377.4170858852785,-8.235094883215971e-06,0.0004204632627640793,-0.0017495465861998146,3.095385558742585e-10,0.6627825203752828,0.02566057223863828,-0.6622855912273782,0.00027825544332195785,1.0773057050621185e-05,-0.0002780468179643194
216770.4104819695,4.1724664218925325,-90.96216720603438,-39.80489096870766,-2370.1055840599947,-7.084000333475735e-06,0.0004218031588392721,-0.0017401545649802959,3.0977933143669537e-10,0.6619283499322047,0.027561673117242468,-0.6613542882744086,0.0002787660810044904,1.1607388626892061e-05,-0.0002785243193113779
217270.11788637444,4.1554160629921535,-90.96730348974084,-39.95854246880841,-2366.6184843506467,-7.132295760928112e-06,0.00042242339036375733,-0.0017335979464697295,3.0952225405317236e-10,0.6619161653321074,0.027590776305191834,-0.6613408795703155,0.0002791690709573598,1.1636657014182632e-05,-0.00027892643903497144
217770.97723531592,4.1298108966565374,-90.81485474949314,-33.54938800661394,-2358.8360240065226,-6.028388804300916e-06,0.00042385216313034615,-0.001723923077032456,3.098292244868698e-10,0.6606402328180222,0.029382668769821423,-0.6599864968268772,0.0002795595741654386,1.2433705912970137e-05,-0.00027928293622208846
218272.99118430013,4.124371771471723,-90.66505458745203,-27.33806151825579,-2355.1227645757367,-4.928129382974755e-06,0.0004245491103627792,-0.001717250620595514,3.096040130256246e-10,0.6601431027526736,0.031173739346385003,-0.6594066378852207,0.0002797968732606317,1.3212763657743336e-05,-0.00027948472796013486
218776.1623949553,4.109988133613706,-90.57796544636432,-23.71279822291187,-2350.654669145995,-4.2910240488533155e-06,0.00042537011537123324,-0.0017100506106384448,3.094790815554484e-10,0.6591401566454187,0.03221621560981897,-0.6583523840272235,0.00027990518899264163,1.368068054719504e-05,-0.00027957065977096386
219280.49353504486,4.120287295485361,-90.46835787165394,-19.216243735208263,-2350.734784810642,-3.477220335831832e-06,0.0004253704787743858,-0.0017061757517473112,3.08756776285499e-10,0.658790710538498,0.03354709709093079,-0.6579360094785744,0.0002797499047065972,1.4245491116138666e-05,-0.0002793869631285795
219785.98727848253,4.13022063176265,-90.39155915487626,-16.068928972426523,-2351.285793939554,-2.90640283178145e-06,0.00042527935132203557,-0.0017026506619508604,3.079744665974637e-10,0.6587183516518773,0.034514615695463144,-0.6578135055670116,0.00027965418756161777,1.4652934425026047e-05,-0.0002792700415968107
220292.64630534558,4.127058240030936,-90.40248053972809,-16.512914152153844,-2350.6844003384504,-2.9882273893228663e-06,0.00042538703005545134,-0.0016983001849471804,3.073447552321527e-10,0.658755154438924,0.03448079724023628,-0.6578521324139098,0.00027973872836047965,1.4642184289327669e-05,-0.0002793552623165985
220800.47330189004,4.1448406844505925,-90.36347453955216,-14.930000830939171,-2353.437358957247,-2.6954859190530583e-06,0.0004248932960068448,-0.0016963785599456633,3.0627918895600104e-10,0.658538869405408,0.035006997154465286,-0.6576077498539538,0.00027931876344719297,1.484819136949845e-05,-0.0002789238297935902
221309.47096056375,4.138308900602973,-90.47361623809502,-19.457478671446392,-2353.8171331927815,-3.511651812723522e-06,0.0004248128106508503,-0.001692750112573271,3.0552546371849115e-10,0.6593800828749387,0.0338760437195331,-0.6585093069608609,0.00027962422865945126,1.4365860967178933e-05,-0.00027925495750669274
221819.64198002193,4.1237009041457116,-90.56766645102498,-23.306608427831875,-2352.3084744526136,-4.211607609027245e-06,0.0004250725840467346,-0.0016877744371249475,3.0501827347651825e-10,0.6592924079611298,0.03288105564159801,-0.6584719548888007,0.00027975989328275433,1.3952535333699919e-05,-0.00027941174751133844
222330.98906514028,4.1044584792982555,-90.70860516940513,-29.07313053388257,-2350.6500076092602,-5.260771356403137e-06,0.0004253491798741002,-0.001682705455335348,3.045314571616204e-10,0.660127271683472,0.03139148836985452,-0.6593804586717669,0.0002803017938781931,1.3329384923208839e-05,-0.00027998468377556297
222843.51492703042,4.0686511031087065,-90.89685170671248,-36.73234349034228,-2346.470823300386,-6.669786096977861e-06,0.00042606751944176805,-0.001675850564785122,3.043721928624002e-10,0.6606838573175026,0.029340535353050243,-0.6600320388474566,0.00028102251844905275,1.2480025122810297e-05,-0.000280745266831664
223357.22228305315,4.032223258158031,-91.02974349438162,-42.08280779105846,-2341.27010807567,-7.674699499238685e-06,0.00042698064766126927,-0.001668290404960911,3.043467099412966e-10,0.660835972637392,0.027907201160310625,-0.6602464470597369,0.0002816982761988482,1.1896159994164906e-05,-0.0002814469758068041
223872.113856834,3.9917036952598695,-91.1366632595133,-46.32616740578442,-2334.856544449384,-8.494445466087897e-06,0.00042812329831298063,-0.001659893919156101,3.044808121418659e-10,0.6609949201753927,0.026772937717485838,-0.6604524920867886,0.00028252767803181545,1.1443500844763797e-05,-0.0002822958291269374
224388.1923782766,3.9391523714978933,-91.23736639220718,-50.24056670041416,-2326.008627535317,-9.281738307580615e-06,0.00042972053859773816,-0.0016498005836357021,3.0493607810650856e-10,0.660782544383718,0.025695497068902475,-0.6602827518515096,0.00028349856087295054,1.1024256772313833e-05,-0.0002832841325942068
224905.46058357815,3.897311412122555,-91.33891527375101,-54.208696260902045,-2319.313388155175,-1.007193487365293e-05,0.00043092667797544124,-0.0016412682437602873,3.051129891817306e-10,0.6612866128100474,0.024635832533622237,-0.6608275569595754,0.00028452009333437963,1.0599623878745858e-05,-0.000284322583493878
225423.92121524294,3.8464437482656626,-91.47477145519389,-59.50888419544432,-2311.4462080618196,-1.1130802098723037e-05,0.0004323430131756617,-0.0016319390050570223,3.0544733523857867e-10,0.6614030593966747,0.023165074646478823,-0.6609972664814161,0.0002855197040299592,1.0000082646923114e-05,-0.00028534452813469227
225943.5770220978,3.8025270846838453,-91.46848278503457,-59.03031684790866,-2302.6810023949706,-1.1125569308835e-05,0.0004339911837893264,-0.0016220114274773881,3.0590484371584725e-10,0.6608883605045537,0.023311839893559932,-0.660477087544431,0.000286381875598682,1.0101688622987743e-05,-0.00028620365923304186
226464.43075930595,3.7558600251919834,-91.5589980162966,-62.4610293805928,-2294.98055290333,-1.1850305364701453e-05,0.00043541101752008507,-0.001612869173625522,3.062253374246327e-10,0.66110587845056,0.02236827134720632,-0.6607273590209689,0.0002874229008487337,9.724846877256212e-06,-0.00028725833545001773
226986.48518838224,3.697611874805515,-91.66195716437022,-66.30749087242874,-2285.3018637973314,-1.2685570017677712e-05,0.0004372108855771056,-0.0016023733209429097,3.068149785417642e-10,0.6608940170449351,0.0212668691485327,-0.6605517557636269,0.00028853063574928677,9.28461011533991e-06,-0.00028838121260042884
227509.74307720707,3.6523460840548183,-91.65537147448293,-65.78744909917003,-2276.404048441288,-1.2684746125774999e-05,0.0004389227402727862,-0.0015924634781943558,3.073058178728281e-10,0.6605567731977069,0.02142479952981647,-0.6602092309128023,0.00028950907664280454,9.390069379059836e-06,-0.0002893567556764931
228034.20720004186,3.599876787103622,-91.74027730767602,-68.89761196054734,-2267.643410544704,-1.338609562245024e-05,0.000440579733714902,-0.0015826864854593954,3.077835250634133e-10,0.6601549419079981,0.020527039457863758,-0.6598357280237617,0.0002904354724352586,9.030880516339017e-06,-0.0002902950341390487
228559.880337543,3.5600341682826104,-91.79667541712712,-70.91898693511764,-2260.8572782806455,-1.3860825907039261e-05,0.0004418753071526607,-0.0015743209653953812,3.07997353114052e-10,0.6605975837944541,0.019984193849525492,-0.6602952367776519,0.0002914911631307229,8.818100538558054e-06,-0.0002913577513748237
229086.76527677735,3.4980763254787943,-91.8164987724503,-71.3377012503697,-2249.3710011467356,-1.408511277539244e-05,0.00044412202341163854,-0.0015627201913979744,3.0885813146642806e-10,0.6600128081274955,0.01983171890729698,-0.6597147942994186,0.00029271453732151163,8.7953329886264e-06,-0.00029258236870489273
229614.86481123618,3.4629285504911405,-91.83018018796768,-71.6672270885988,-2242.857286992233,-1.4232268219382336e-05,0.00044540507262555716,-0.001554611127497978,3.0904270135361224e-10,0.6600500041117272,0.019768981267472195,-0.6597538899525621,0.0002935763718254921,8.792827451006588e-06,-0.0002934446664699095
230144.18174085088,3.402007424767492,-91.85000953293597,-72.08314701940674,-2231.677535254789,-1.4458325475374492e-05,0.00044762640776641315,-0.001543304325298491,3.0987653416952027e-10,0.6590975597213293,0.01960621471451324,-0.6588058815578226,0.0002946154371434307,8.763943112286039e-06,-0.00029448505752302506
230674.71887200692,3.361242418270634,-91.88882418242176,-73.36281320341564,-2224.588606865533,-1.480827583250094e-05,0.0004490329673286039,-0.0015348637894082127,3.101490269551452e-10,0.6590143148019161,0.019251454736253597,-0.6587330632391066,0.0002955077812118056,8.632520639433714e-06,-0.0002953816655517639
231206.47901755953,3.3164474427116137,-91.85151503188239,-71.62146640894647,-2215.579762864717,-1.4575210426356626e-05,0.00045087796828601086,-0.0015251323084571017,3.106939109961422e-10,0.6586176262676032,0.019762673905738885,-0.6583210571981332,0.0002965344156186294,8.897898756385105e-06,-0.0002964008890742454
231739.46499684785,3.2738897652168046,-91.88221100509409,-72.56386632637688,-2208.098653528305,-1.486670436563506e-05,0.0004523897575208106,-0.0015164866957312097,3.110295547975154e-10,0.658255118140507,0.019493583584243523,-0.6579664130920491,0.0002973674607313758,8.806247443052906e-06,-0.00029723703791384757
232273.67963571075,3.2266196521740937,-91.8839440884971,-72.34236119023225,-2199.3317742924423,-1.4939688938929377e-05,0.0004541921502262101,-0.0015069917690488726,3.1155116746493975e-10,0.6577442151406879,0.019552997586178997,-0.6574535214267503,0.0002983181128688483,8.868209262152788e-06,-0.00029818626951976445
232809.12576650077,3.1779192442466755,-91.90916075231011,-73.02431041334573,-2190.7197590603832,-1.5198877967976306e-05,0.00045596435065969545,-0.0014976383654876286,3.1205655253222836e-10,0.6576995561595116,0.019356974394580555,-0.6574146436722459,0.00029946343682453816,8.81360801362591e-06,-0.00029933371061166217
233345.80622810032,3.1268878361246344,-91.92032435633867,-73.14275379017583,-2181.5073942716904,-1.5352177570870095e-05,0.0004578838935310013,-0.0014879105427353038,3.126536061948178e-10,0.6567968890591761,0.019297218800659863,-0.6565133439804336,0.0003003106317671668,8.823366958507748e-06,-0.0003001809849872413
233883.7238659355,3.091033445129275,-91.91841791889858,-72.84743552866269,-2174.8601750841467,-1.5383834930535125e-05,0.0004592843891851884,-0.001479965094094182,3.1288791616697556e-10,0.6564920311844622,0.01940499574628667,-0.6562051761063665,0.00030108627023678303,8.899693394097632e-06,-0.0003009547101850845
234422.8815319923,3.0371373487994955,-91.96476412111875,-74.29700402798694,-2165.7745069898633,-1.5821003755576436e-05,0.00046118584533921656,-0.0014703928053320517,3.1347787509696323e-10,0.6563891409942547,0.01896633449843469,-0.656115068087046,0.0003022909158661927,8.734682321940747e-06,-0.0003021646953897102
234963.28208483072,2.9908621383820497,-91.91816163443501,-72.22685465007002,-2156.6210548546883,-1.5511870697771062e-05,0.00046316881870425085,-0.00146081080503574,3.140843453689914e-10,0.6558724061271638,0.019579882481475158,-0.6555800800215386,0.0003033405306242841,9.055681998520065e-06,-0.0003032053300042133
235504.92838960103,2.925181570713087,-91.94515583539659,-72.8576112792691,-2145.24187256093,-1.581327236117695e-05,0.00046561084580959596,-0.0014497609475966357,3.1502416300920576e-10,0.655110181759,0.019343966968745446,-0.6548245270194315,0.00030458751046416377,8.993801204083096e-06,-0.0003044546978955301
236047.82331805772,2.8936628190932345,-91.92963132856808,-72.07453014343896,-2139.2713247864262,-1.573103852503179e-05,0.00046691889019237037,-0.0014424009557408224,3.151768145147639e-10,0.6549307290750761,0.01961158765546902,-0.6546370334135112,0.0003053538864793171,9.143676185547849e-06,-0.0003052169542699709
236591.96974857588,2.838759079789715,-91.93643576680623,-72.00093229501616,-2129.5716421930438,-1.585832970145878e-05,0.00046904183249182635,-0.0014325585685918579,3.158841802612356e-10,0.6544161518785279,0.01961418006119761,-0.6541221474465051,0.00030649960257756305,9.186415060791048e-06,-0.00030636190389559694
237137.3705661655,2.7949477299352274,-91.93951611015176,-71.85235049436078,-2121.7992540965506,-1.59417005755107e-05,0.0004707582724493315,-0.001424047330591193,3.1631212460673835e-10,0.653804603138594,0.019656530257114273,-0.6535090511258934,0.00030733143341831495,9.239870124727184e-06,-0.00030719250441219156
237684.02866248757,2.736133259341626,-91.91413929206634,-70.550776545665,-2111.005082366813,-1.5813879883946013e-05,0.00047317949484709923,-0.0014135442572284936,3.1719830121250257e-10,0.6531722231982473,0.0200226192082065,-0.6528652601247704,0.0003086058186939383,9.460134056052926e-06,-0.0003084607871276306
238231.94693586903,2.6810638254890367,-91.91407716556682,-70.22478213981528,-2101.319000728,-1.5886259488839738e-05,0.0004753606618235104,-0.0014038222424837578,3.179275359250808e-10,0.6526598342494596,0.020103701238816312,-0.6523501363830873,0.0003097822199571556,9.542136458079568e-06,-0.00030963522317946796
238781.1282913177,2.634393783564577,-91.86366308066091,-68.08116375887329,-2092.324309943226,-1.5534933558417166e-05,0.00047743189662195914,-0.0013945983037341719,3.1855991782365166e-10,0.6520495317475414,0.020754563370433677,-0.6517191419250249,0.0003108290852311067,9.893607207282927e-06,-0.0003106715898855809
239331.57564053877,2.5681788072369613,-91.96404190474298,-71.41165556606025,-2082.4320146785412,-1.6448148576341713e-05,0.00047964370670384294,-0.0013848124632191892,3.193370432118247e-10,0.6514962293463394,0.019692467148175512,-0.651198543909702,0.00031201937877550675,9.43126159347943e-06,-0.0003118768090708389
239883.29190194898,2.5269384362283764,-91.86120455197563,-67.38331630435997,-2073.6149305980375,-1.5654449572003305e-05,0.00048174091367331147,-0.0013757776277671377,3.1995729787613025e-10,0.6507118499648655,0.020932571799743588,-0.6503750757236522,0.0003129845953198099,1.0068315974419946e-05,-0.00031282261094899206
240436.28000069334,2.474815733835158,-91.79813531562657,-64.78457900353263,-2063.617910396001,-1.5197958342113061e-05,0.0004841087110333256,-0.0013659959765287687,3.2076785732000694e-10,0.6499940930789774,0.021721149806842532,-0.6496310589008434,0.0003141619374417945,1.0498493108539632e-05,-0.00031398647196914707
240990.54286865942,2.41311981947647,-91.81203670411466,-64.9589507037807,-2053.287743950447,-1.5392349490807755e-05,0.00048653683930639617,-0.0013560320257787939,3.216401950277155e-10,0.6493265914375937,0.021638068884201674,-0.6489659592944197,0.0003154127859339785,1.0510771742594374e-05,-0.00031523760754073875
241546.08344449406,2.3521681642348176,-91.8023879055966,-64.2818338363768,-2042.7693647784756,-1.538933115641602e-05,0.0004890472526153662,-0.0013459826686690844,3.225527845780216e-10,0.6485457559994913,0.021817988947360915,-0.6481786582287669,0.0003166542277536149,1.0652692392715147e-05,-0.000316474991269491
242102.90467361774,2.2973669827621848,-91.72917443899398,-61.35348165370474,-2032.3156221132685,-1.4840935507816614e-05,0.0004916015239290004,-0.0013360148554114157,3.234662517878821e-10,0.6476386475645061,0.022711414195668776,-0.6472403027349388,0.0003178472605393943,1.1146278580216802e-05,-0.00031765176137747106
242661.00950824155,2.24894348371842,-91.67390614114132,-59.12639928614495,-2023.2491956061624,-1.4431515646222545e-05,0.000493832751108177,-0.0013269956769733347,3.241684580558895e-10,0.6467611236866079,0.023401072501534063,-0.6463376369345527,0.00031884498044820384,1.1536430114550383e-05,-0.000318636206883693
243220.40090738147,2.197751945170578,-91.57351142056373,-55.29790627269715,-2013.039136145218,-1.3635675565423397e-05,0.0004963867605694348,-0.0013172625649809418,3.2506328014041344e-10,0.6456548594306752,0.02458859640675732,-0.6451864834551253,0.0003199267463622633,1.2183830929368768e-05,-0.00031969466261079255
243781.08183687524,2.133422726631458,-91.55172423305353,-54.23251317819015,-2001.9886970074965,-1.3521283107610554e-05,0.0004991370372516837,-0.0013070185542783542,3.261057905296002e-10,0.6449010522437887,0.024902044002176008,-0.6444200923230587,0.0003213172280406764,1.2407261119340517e-05,-0.00032107759328122
244343.05526939713,2.068341454727043,-91.51332307685117,-52.58929897953612,-1990.6153664587969,-1.3262325112732999e-05,0.0005020068469566729,-0.0012966043786974044,3.2721467997584484e-10,0.6441632715539619,0.025402176525300496,-0.6436622171969401,0.00032278594823652746,1.272886238485875e-05,-0.0003225348732173647
244906.32418447456,2.0257266132402023,-91.41678629424447,-49.0199089645763,-1981.9936388357978,-1.247103246663549e-05,0.0005042340457312575,-0.0012880193512675613,3.27882226369149e-10,0.6429097385689133,0.026532332530059422,-0.6423620219761306,0.0003235699155847373,1.335345240861875e-05,-0.00032329425540872944
245470.891568503,1.957804809689315,-91.34478531273726,-46.23989953157777,-1969.7304467264023,-1.1911433149768831e-05,0.0005074040553055949,-0.00127710595399711,3.291647597691826e-10,0.6421208271179953,0.02740332552734798,-0.6415358246962836,0.0003251914661946129,1.3877960705375192e-05,-0.0003248952013995623
246036.76041476274,1.894497231838782,-91.31318597956702,-44.90537830405707,-1958.92902140648,-1.1695877313725037e-05,0.0005102149089031426,-0.0012671815235960305,3.3021852357328066e-10,0.6409757233127917,0.027805017529777418,-0.6403723595506956,0.0003264023210185143,1.4159073312127586e-05,-0.0003260950717340191
246603.93372343387,1.8303214885273797,-91.1978634335715,-40.704766238691604,-1946.6922873373685,-1.0736452562770572e-05,0.0005134673732001959,-0.001256369659358637,3.3152999219429587e-10,0.6396611097485445,0.029131598635164943,-0.6389974063215743,0.00032779154967885275,1.4928360839377726e-05,-0.0003274514377484288
247172.41450161304,1.756181375939844,-91.10288410360856,-37.21820411466025,-1933.278964059944,-9.954178784047996e-06,0.0005170642943545868,-0.0012448432165301797,3.3306239925270707e-10,0.6383735466633367,0.030227466580339375,-0.6376574984610953,0.0003294090348751676,1.5597765046806007e-05,-0.0003290395447099543
247742.2057633285,1.690539393234651,-91.00641836697356,-33.75082468528279,-1921.2496372658995,-9.1407701359896e-06,0.0005203339910019695,-0.001234252257269765,3.343769508187751e-10,0.6373177177319735,0.031346706254854986,-0.6365463512911399,0.00033093017038866434,1.627692209618628e-05,-0.00033052963479927953
248313.31052955706,1.5984365916929943,-90.86280672276588,-28.680318031647367,-1904.4090872894458,-7.906148816590642e-06,0.0005249781970745143,-0.0012206197052620834,3.3655797542654644e-10,0.635125269923405,0.03292612006145807,-0.6342712188906071,0.00033271824214428674,1.724875596400256e-05,-0.00033227083692866956
248885.73182823902,1.5255719907774252,-90.71229215282177,-23.503976388196826,-1890.5294211757548,-6.5751753466138815e-06,0.0005288706147784163,-0.0012089367286366951,3.3824913232897344e-10,0.6335754367469991,0.03460511475798881,-0.6326296863740565,0.00033435171646230033,1.8261881453476724e-05,-0.0003338526231543877
249459.47269429546,1.4454986190398633,-90.45404772210802,-14.849785422782183,-1873.838760263294,-4.2289102498488385e-06,0.0005336303329800457,-0.0011955076230701586,3.404771049908462e-10,0.6310573932592767,0.03740440510589657,-0.6299478899606438,0.0003360011224076337,1.991565621893825e-05,-0.0003354103768468691
250034.5361696431,1.399236403050002,-90.10855158553188,-3.52560367697686,-1860.8845577423897,-1.0181061658272798e-06,0.0005373769191649082,-0.0011845122694855742,3.420587463273559e-10,0.6284446462077372,0.041128625607722756,-0.627097368438736,0.00033694577856070604,2.2051451723156262e-05,-0.00033622342447661447
250610.92530321138,1.3246557375697705,-89.80588948108891,6.248498525978596,-1844.3679720475227,1.8368578266325613e-06,0.0005421849313976331,-0.001171298814194101,3.4432817415059447e-10,0.6255072145779184,0.04432955522013433,-0.6239344244574193,0.00033836927021152485,2.398015386402846e-05,-0.0003375184665231481
251188.64315095797,1.2738045235914408,-89.37805103556683,19.858277115407592,-1829.3314116646636,5.933427066456666e-06,0.000546583394340336,-0.0011590776281423445,3.463600071036885e-10,0.6220268663786547,0.04881100169120278,-0.6201087877225657,0.0003392307825722462,2.661974135979243e-05,-0.0003381847323793851
251767.69277588557,1.2541335572402978,-88.89453401091565,35.080297727496244,-1817.9696251460477,1.0610316649955861e-05,0.0005498594548039442,-0.0011492294704010034,3.4772307291609496e-10,0.6189989366503719,0.05387514621602597,-0.6166499429939915,0.0003396424338204741,2.956109405011846e-05,-0.00033835354966374324
252348.0772480574,1.2397567383669206,-88.41431696068295,50.03271512835691,-1807.379798378413,1.53046197387147e-05,0.0005528634707641311,-0.0011399073537366213,3.489560304208274e-10,0.6157576598444047,0.05882798250949906,-0.6129410772096447,0.00033977307122233307,3.246108915010003e-05,-0.000338218890097886
252929.79964461448,1.2275671404839037,-87.92538635937849,65.09171841608932,-1796.8891404563572,2.0133239031031136e-05,0.0005557880396675726,-0.001130684440084186,3.5018605489149377e-10,0.6128520326393336,0.06384927303638255,-0.6095169269535411,0.0003400477106517106,3.542747346254684e-05,-0.0003381971904725556
253512.8630497907,1.2351420235838555,-87.4841843136629,78.6528056229328,-1790.1061930036594,2.44973456272274e-05,0.0005575497246682413,-0.001123825615191726,3.5070449847801396e-10,0.6103368207636024,0.06835458270997824,-0.6064970616601258,0.00033982677557855184,3.805884988109926e-05,-0.00033768885285991214
254097.27055493052,1.2367044484150327,-86.99340294767183,93.56921847339677,-1781.482343783699,2.9401773171286907e-05,0.000559786013340199,-0.001115839302110163,3.5159169599146103e-10,0.6073194823054726,0.07327817378017965,-0.6028824618739784,0.0003396396780890499,4.098036713588465e-05,-0.0003371583017542969
254683.02525850406,1.2452773093734195,-86.52475003688278,107.74684106887348,-1774.222520485173,3.4102768124805494e-05,0.0005615561311838135,-0.0011087361789956908,3.5221840342639526e-10,0.6046996020887037,0.07796395837160995,-0.5996525910569105,0.00033939737588270703,4.375852537913774e-05,-0.00033656465977982726
255270.13026612473,1.2298809315119243,-86.11620076159873,119.78454116579502,-1764.4150428185415,3.830030532483245e-05,0.0005641599007850483,-0.0011000714240930296,3.5336162209434023e-10,0.6022442552146539,0.08199796341515282,-0.5966359668464686,0.0003397386348957098,4.62567735826109e-05,-0.0003365748816215011
255858.58869056456,1.2330272587401339,-85.58964791751148,135.37183991044074,-1755.1682661578693,4.368325571660664e-05,0.0005663767608312895,-0.0010917894409825525,3.544062511111408e-10,0.5990214387439086,0.08710312351370335,-0.5926548151740427,0.0003394708625275052,4.936212722209081e-05,-0.000335862839417043
256448.40365177175,1.225616741648294,-85.07889231274052,150.20941476601203,-1744.5649542972615,4.899086684564598e-05,0.0005689906289342419,-0.0010826978529307658,3.557402350985843e-10,0.5960123707099754,0.09201197203260683,-0.588867169268245,0.0003395676472707202,5.242221537555189e-05,-0.00033549679343935834
257039.57827688634,1.219200167793633,-84.44697627728773,168.37057445938473,-1731.7950874232395,5.561441424780292e-05,0.0005720285132572213,-0.0010723008123237898,3.5753917054859064e-10,0.5925771922822539,0.09802595886839567,-0.5844130732632963,0.0003397525977104319,5.620292951256531e-05,-0.00033507172122575814
257632.11570025756,1.240195960079608,-83.74170819911375,188.79773134134248,-1721.597499669772,6.294217507733405e-05,0.0005739533545612405,-0.0010635349220431758,3.588298044240278e-10,0.5886812370814248,0.10461252039740544,-0.5793115046914045,0.0003390823210276861,6.0257154450468686e-05,-0.00033368532447660196
258226.0190634596,1.278233092585369,-82.84957368253407,214.5511206284152,-1710.246030403907,7.221575975187186e-05,0.0005756516959058188,-0.0010540924986152593,3.6038071332254677e-10,0.584333474428082,0.11287206720206833,-0.5733284449447156,0.000338188633731233,6.532579744956149e-05,-0.0003318193667834609
258821.2915153092,1.3364820571433447,-82.0099517840012,238.99659150768682,-1702.6949467326467,8.084343409444695e-05,0.000575956777629196,-0.0010470248245943207,3.611463953870733e-10,0.580784373615927,0.12061562786340194,-0.5681217817964402,0.0003369645723063702,6.997983296866886e-05,-0.0003296178787130519
259417.93621188137,1.4014864330194268,-81.02620075125662,267.3795841196325,-1693.1790905456069,9.099659064299379e-05,0.0005762351867475365,-0.001038778681748803,3.6234079678885975e-10,0.5765567980677564,0.12949304689737023,-0.5618267457173778,0.00033552776551784786,7.535859922419384e-05,-0.00032695559783610866
260015.95631652718,1.4851193514882657,-80.03039035667224,296.36214667531453,-1685.9820764162826,0.00010113485420664675,0.0005753486179197765,-0.0010319842875309464,3.630506162624572e-10,0.5724110634657705,0.1383256744859747,-0.5554461570269565,0.0003335647256964857,8.060739669727694e-05,-0.00032367865828111
260615.35499988953,1.6043944888351678,-78.94020396700012,328.7786096769402,-1682.0452023535254,0.00011192953180591417,0.0005726361947962794,-0.0010272065836592183,3.6306339886005235e-10,0.5684723893677196,0.14793268806993698,-0.5488868528885046,0.0003308705153262369,8.610192095650602e-05,-0.0003194710583446475
261216.13543992068,1.7353403275684576,-77.63076745922204,367.3741042309669,-1675.2020183251855,0.00012490341314028928,0.0005695514391966223,-0.001020674628100432,3.6370807562465034e-10,0.56394088269694,0.15924560457211961,-0.5409899782819123,0.00032801194026005917,9.26239989620645e-05,-0.00031466272065410627
261818.3008218985,1.8936461466261558,-76.28587968157494,407.8976773523776,-1671.4731967699954,0.00013779381175275831,0.0005646481355826317,-0.0010160604536675185,3.636810856871186e-10,0.5594681002528957,0.1706218685232754,-0.5328158529756883,0.0003243641156237922,9.892183569467902e-05,-0.00030891188052129003
262421.8543384442,2.0848202048139055,-74.78574312605818,453.96541615989617,-1669.228597737961,0.00015170568597649699,0.0005578210596162023,-0.0010123622636159003,3.6333255683906583e-10,0.5553808646437878,0.1832491722933648,-0.5242782139916535,0.00032025337024990446,0.00010566832377290464,-0.00030231841906745775
263026.7991895381,2.351878874324744,-72.92542617616479,513.1599301791076,-1670.6901156694137,0.0001679991649543692,0.0005469533527920165,-0.0010109182452239403,3.6217980323236765e-10,0.5508609330056009,0.19862659787937767,-0.5138046731265347,0.00031439629122822685,0.00011336339531618553,-0.00029324694122948714
263633.138582538,2.6865348580383746,-70.96804301201102,579.6265044410799,-1680.3124769156375,0.0001834599617332891,0.0005318425923468917,-0.0010144022032965454,3.5927754912707487e-10,0.5475151135570087,0.21482998612322335,-0.5036078599819901,0.00030725281081242164,0.00012055761649085705,-0.00028261307623352673
264240.87573219463,3.130408408685458,-68.82813962187355,659.7161433428802,-1703.3305317209201,0.00019772342951641578,0.0005105049463020921,-0.001025933149409788,3.536072823948373e-10,0.5460015248429647,0.23291986513222082,-0.4938279068234506,0.00029815530359182397,0.00012719065779356095,-0.0002696648320229651
264850.0138606701,3.716416819100512,-66.61150729293301,756.4132320809709,-1748.9314674239015,0.00020832537269377434,0.00048167692514394317,-0.001050976302066227,3.435953991286484e-10,0.5464562936645398,0.25213487065558043,-0.4848118066684015,0.0002860487512079358,0.0001319828607029974,-0.00025378024459810257
265460.5561975539,4.421867312413063,-64.82169585056135,859.7013531446046,-1828.7555133541832,0.0002105339607092803,0.00044784754611247953,-0.001096417049018286,3.278419190098332e-10,0.5507739302282987,0.26934359708386824,-0.48042267736759636,0.0002718620914416168,0.00013294803838895703,-0.00023713670287734548
266072.505979881,5.230949099575338,-63.96707988726508,957.1215740871811,-1959.5317218412772,0.00020125157930766995,0.00041202587466502346,-0.0011721209545040106,3.0525854735909266e-10,0.5600031371907616,0.2811917825676002,-0.48428782256004577,0.000256129404009991,0.00012860907180420447,-0.00022149938656387783
266685.86645214795,6.061747045732182,-64.73675043672758,1016.3799358518999,-2153.7427709011154,0.00017920401070013593,0.0003797392381997428,-0.0012853279879338996,2.7709347485543855e-10,0.5747170888586265,0.2819601734259555,-0.5007975567310003,0.00024070087662095963,0.0001180895126167373,-0.00020974217271698097
267300.6408663312,6.715723865692491,-67.57715277112564,984.680670281199,-2386.3130581051514,0.0001477592974190971,0.00035808557183004405,-0.0014208477680085145,2.495127333954792e-10,0.5923629689222535,0.2647692890540861,-0.5298972641221886,0.00022887068896315538,0.00010229864590007293,-0.0002047358769573152
267916.83248190314,7.003209905916183,-72.04473972592801,838.0140843392973,-2586.0112906783993,0.00011340265360703351,0.00034994703323141776,-0.0015362098603144692,2.2971519048331384e-10,0.6108171126798762,0.2297195534657359,-0.565973914503207,0.00022411169921520663,8.428519503045795e-05,-0.00020765851685833865
268534.4445658507,6.921092199715401,-76.66217039716997,637.5299089486462,-2689.0098102793586,8.347671846991362e-05,0.0003520928379120283,-0.001593721818519307,2.2040819855053773e-10,0.6257705867920773,0.18800096610975994,-0.5968621817772489,0.0002258446031443327,6.785074990416188e-05,-0.00021541137506376958
269153.48039269156,6.608141211833835,-80.53804600136897,450.5134949417324,-2703.1880965429573,5.9986977327411435e-05,0.0003599361281730827,-0.0015984402172481266,2.1874788631696357e-10,0.6368697099487497,0.14994014086839566,-0.6189676741208463,0.00023178328391809718,5.4569431861370096e-05,-0.00022526799109102148
269773.94324449205,6.192801043126885,-83.45444690415952,305.65537964650645,-2663.8711222492043,4.251334011423783e-05,0.00037051551054541126,-0.0015715685946788398,2.2146592861728367e-10,0.6444016760175559,0.1197576129628486,-0.6331758319706112,0.00023969276277876542,4.454524900098683e-05,-0.00023551717839673096
270395.83641088434,5.794883698305319,-85.51359059548399,204.78416785205013,-2609.9443015457555,2.9879160017336658e-05,0.000380805529256352,-0.0015362127697644186,2.2552198861809936e-10,0.6493840903871169,0.09778621565371155,-0.6419794022209973,0.00024739107601945035,3.7252894655950826e-05,-0.00024457016648359644
271019.1631890843,5.415450926916565,-87.11279340398399,128.72891762035087,-2552.4254867584655,1.9709096257925933e-05,0.00039079020114244424,-0.0014989018795247627,2.3007374361081023e-10,0.6525138843552186,0.0803250717576352,-0.6475509648849782,0.00025463970638858047,3.134638691744844e-05,-0.0002527029562488023
271643.9268839082,5.078028617955016,-88.27856129933501,75.07444681715786,-2498.000412673979,1.2020292549747866e-05,0.00039995893440096167,-0.0014635670971306727,2.3454578131089216e-10,0.6553042712272702,0.06753038935071642,-0.6518154143642542,0.0002615111335912423,2.6949234800331487e-05,-0.0002601188415625696
272270.13080779125,4.746135512542148,-89.200847402928,34.065863051055864,-2442.2164334986583,5.71040099460104e-06,0.0004093844659088855,-0.0014275925763078518,2.393514056847623e-10,0.6566807465200367,0.05725963897271354,-0.6541795904756027,0.0002681379377546883,2.3380435001459143e-05,-0.00026711665789029267
272897.77828080405,4.462694115663936,-89.80555471224498,8.120974602897382,-2392.9393678309543,1.4182074458188526e-06,0.000417891274729529,-0.0013955706466675945,2.437184666014823e-10,0.6567630706005332,0.050468930321397654,-0.6548210579821443,0.0002737155820526614,2.1033662300569307e-05,-0.000272906219988942
273526.87263067125,4.227098392535656,-90.16603211130197,-6.811917834334348,-2350.708226051109,-1.2327309496327302e-06,0.000425400137565315,-0.0013677882189220142,2.4752633103949984e-10,0.6567123649966621,0.04645519392212915,-0.655067206702615,0.0002786084130905,1.970848814232641e-05,-0.00027791045921294596
274157.41719278827,4.012942074444373,-90.46691529208732,-18.847847415518785,-2312.792540140797,-3.5233806092242137e-06,0.00043234902158540214,-0.0013426314300686057,2.5100562483635146e-10,0.6561507018728635,0.043088586617105,-0.6547343868100954,0.00028292195404509737,1.8579126849909035e-05,-0.00028231126106868494
274789.4153102397,3.845808303533694,-90.62461573213223,-24.883924030534892,-2282.5030976444623,-4.775782071914446e-06,0.00043806344045430257,-0.0013220001585670332,2.53751580555938e-10,0.6553769917350124,0.04134862443588727,-0.6540713206928541,0.00028632726102592186,1.8064775741630012e-05,-0.00028575682718705254
275422.8703338166,3.701868410930828,-90.82057080864847,-32.337783935828476,-2257.8086374251084,-6.342301936226549e-06,0.0004428164935849191,-0.001304689783990181,2.559369566889094e-10,0.6549551090964021,0.03919741740911213,-0.6537811234655952,0.00028925646280871496,1.7311272411690855e-05,-0.0002887379800512876
276057.78562203463,3.5612747214660927,-91.01295564530648,-39.50117277688303,-2234.070849783597,-7.91189208829101e-06,0.0004474734859373251,-0.0012880035901156994,2.580614836097598e-10,0.6548060931777845,0.037104969280472244,-0.653753960536721,0.0002922439931538126,1.6560176365723912e-05,-0.0002917744198747069
276694.16454115114,3.432317800697133,-91.11016788401717,-42.85204621420473,-2211.3179096193494,-8.76004101254471e-06,0.00045204925531931543,-0.0012719537350821656,2.601171268547214e-10,0.6541113864888912,0.036069085468537,-0.6531161665491698,0.00029492471005756896,1.6262772355867875e-05,-0.00029447598686114005
277332.01046518405,3.316600882547167,-91.21955709463106,-46.65381895250769,-2191.5031564285905,-9.709709146799759e-06,0.00045610110213863787,-0.0012576570571931431,2.618653468142167e-10,0.6532931068947148,0.03489021842679457,-0.6523607561574193,0.0002972036860024015,1.5872663299879903e-05,-0.00029677953017885633
277971.32677592884,3.2030914077533867,-91.31972330061285,-50.041921544283056,-2172.1855089043192,-1.0600094114973681e-05,0.00046012163640023684,-0.0012437040361842242,2.6358653406605233e-10,0.6527462927207569,0.0338333005291979,-0.6518688751857945,0.0002995803373990398,1.5527919041274865e-05,-0.0002991776433598776
278612.1168629771,3.1081452137981938,-91.47382759380432,-55.5048069348508,-2157.3009891792185,-1.1918503145053966e-05,0.0004632355293936969,-0.0012323409334482282,2.6479476146067423e-10,0.6525458287638567,0.03218213917907625,-0.6517517691230053,0.0003015310128759534,1.4870852889465666e-05,-0.0003011640905890645
279254.3841237338,3.025120226052306,-91.54766321428734,-57.91160226045789,-2143.414227641921,-1.2596110043042948e-05,0.0004662050508942019,-0.001221592171213887,2.658973582123751e-10,0.6522362637719303,0.03143965162765811,-0.6514780825819841,0.00030332635533497404,1.462119705836147e-05,-0.00030297375866133937
279898.1319634363,2.950682788317829,-91.63039684256746,-60.664512418020266,-2131.3107491270493,-1.334410501563616e-05,0.0004688150176058672,-0.0012119003389160592,2.6679234010169477e-10,0.6520388721667677,0.03060220374406769,-0.6513203481717096,0.0003049404014747089,1.4311797492558228e-05,-0.00030460436783488293
280543.3637951713,2.881711336543761,-91.68040900559929,-62.18709273752285,-2119.7436283026655,-1.38280186265938e-05,0.00047134948886405175,-0.001202550906811809,2.676312319000646e-10,0.651553227508802,0.030124008689793966,-0.6508564760203235,0.00030636431194276724,1.4164493099808937e-05,-0.0003060366951321208
281190.08303989406,2.786786954882108,-91.8427100278936,-67.7396049291975,-2105.5158667104815,-1.5264280255461824e-05,0.00047445190011637616,-0.0011917321347988162,2.68820022510547e-10,0.6515175703757251,0.02839164233530353,-0.6508986550560634,0.00030838672568902397,1.3438786634209791e-05,-0.00030809377078252895
281838.2931264454,2.7218930078666217,-91.96863391355454,-72.0467388487424,-2096.04715220068,-1.6379454106104465e-05,0.0004765254983404607,-0.0011836442150065186,2.694133321973361e-10,0.6515773007281503,0.027076760555078464,-0.6510144605629167,0.0003097814876897361,1.287319118882342e-05,-0.0003095138947832264
282487.9974915708,2.6256235434731052,-92.06764959015206,-75.12447339936342,-2080.8393401658986,-1.732760899709066e-05,0.00047994972664213494,-0.0011723537626668994,2.707581771801972e-10,0.6508107198064214,0.026034519970092155,-0.6502897790868923,0.00031165528572845954,1.246721283646917e-05,-0.0003114058216003322
283139.1995799379,2.553458763167856,-92.17870012258571,-78.75337156331805,-2070.0695576561075,-1.835148293036441e-05,0.0004823773941087699,-0.0011636036378354128,2.7154086238966955e-10,0.6510028824754142,0.024895078369057085,-0.6505267005006761,0.0003133425129799524,1.198256816825662e-05,-0.00031311331575115857
283791.9028441557,2.477415992212204,-92.21977327169014,-79.75751352004978,-2057.634613766967,-1.8809751845128553e-05,0.0004852658359663395,-0.0011539537124772472,2.725535697775738e-10,0.6506253647121767,0.024528444886705452,-0.6501628416006968,0.0003150404408821471,1.1876961013777258e-05,-0.0003148164817608742
284446.1107447915,2.3959251633145175,-92.35177993327594,-84.0199424347504,-2045.8054729305215,-2.004111144125748e-05,0.0004879819514512959,-0.0011446809828715764,2.7349903324627187e-10,0.6504100857959321,0.02313692492339465,-0.649998432621311,0.00031672381390003324,1.1266761176817716e-05,-0.0003165233551951063
285101.826750391,2.3201268040675656,-92.36053656419689,-83.80966255926042,-2033.106720219175,-2.024120548652422e-05,0.0004910237035126035,-0.0011349593513461731,2.7457434468702467e-10,0.6496290561791275,0.023124149830635238,-0.6492173629276979,0.000318313053261021,1.13306488782195e-05,-0.0003181113268532765
285759.05433749466,2.255211217500792,-92.4219414255331,-85.56991844675838,-2023.118575510131,-2.0869027118171183e-05,0.0004934037239017166,-0.00112678606982366,2.7529529814948367e-10,0.6496194649286349,0.022542520291779895,-0.649228221808834,0.00031986118183528734,1.109953991736806e-05,-0.00031966854061463336
286417.7969906581,2.1933833441168877,-92.42502949006625,-85.2420386995777,-2012.797100834943,-2.1002723300996286e-05,0.0004959315991828016,-0.0011184591579320253,2.760705836570931e-10,0.6490631542331704,0.02260290831977101,-0.6486694741689333,0.00032122096703642814,1.1186165816006692e-05,-0.0003210261350079692
287078.0582024691,2.128182224379572,-92.43683537833525,-85.20332729661332,-2002.1242452714937,-2.1217230100240294e-05,0.0004985665718583234,-0.0011099697842262605,2.7690392183339406e-10,0.6480418552939498,0.022548627688096252,-0.6476494465389498,0.0003224179449047616,1.121853803149939e-05,-0.0003222227111813283
287739.84147356695,2.066944864433865,-92.46800459021946,-85.8780966084988,-1992.4634385183963,-2.1592137255675242e-05,0.0005009606144105702,-0.0011020733296650844,2.77606589549264e-10,0.6477391699780597,0.022300875826986782,-0.6473551600637899,0.0003238179151556311,1.1148658983652435e-05,-0.0003236259408307772
288403.15031266055,2.01610329964966,-92.47290354061538,-85.68877625257873,-1984.127651588416,-2.1725784173932826e-05,0.000503061556216878,-0.0010949385370210632,2.7813172029257705e-10,0.6471461188202878,0.022340257261672936,-0.6467603976818961,0.00032487493254964434,1.1215070847150024e-05,-0.00032468129601969585
289067.9882365476,1.966305143847318,-92.49423724537776,-86.08605666178757,-1976.2560974645364,-2.200002026057424e-05,0.0005050489692554629,-0.001088086330990048,2.785973035670804e-10,0.6468102501878553,0.022203271746747355,-0.6464290482889952,0.00032598985210686727,1.1190362661860394e-05,-0.0003257977278314771
289734.35877013224,1.9172870516078147,-92.487684338225,-85.50587808832783,-1968.1142624183753,-2.203313968062335e-05,0.0005071433382216856,-0.0010811113834174454,2.7910641796286643e-10,0.6465164117490206,0.02238259479326576,-0.6461288494651432,0.00032718678280159496,1.1327305924607021e-05,-0.0003269906466254783
290402.2654464451,1.8757792560046438,-92.58555052482936,-88.63538952366845,-1962.8260967196563,-2.295930924342803e-05,0.0005084327105441733,-0.0010757267173603176,2.7921471864435287e-10,0.6467781361031683,0.021403359852856192,-0.6464238961611007,0.0003281716473280034,1.0859946354379344e-05,-0.0003279919079415763
291071.7118066605,1.8307009412241426,-92.56517386684486,-87.59258619854924,-1955.1625489648052,-2.2868138348010296e-05,0.0005104419175525627,-0.0010690622674545253,2.7966444874736174e-10,0.6463693457365047,0.02173559513785644,-0.6460037886977447,0.00032925036005240863,1.1071769681370338e-05,-0.000329064151056847
291742.7014001168,1.7823002670589816,-92.6107887486536,-88.82720537530766,-1948.0323840406777,-2.3358857622445885e-05,0.0005122733616402756,-0.001062713760225157,2.80042508576675e-10,0.6457970418184138,0.021318675067558798,-0.64544506607052,0.0003301463338544726,1.0898598105019389e-05,-0.0003299663957388603
292415.2377843335,1.724174521229806,-92.66851023455534,-90.40101863612843,-1939.6032626563654,-2.397756711149387e-05,0.0005144518070886996,-0.0010556818079248097,2.8061263743868145e-10,0.6459239234975812,0.020788954249975136,-0.6455892922963496,0.00033162610951326517,1.067333128247932e-05,-0.0003314543053125703
293089.32452503213,1.669344068783355,-92.73108465631209,-92.15241061515927,-1931.8129704840044,-2.463709034710163e-05,0.0005164732031403619,-0.0010490234807419869,2.8109625135678076e-10,0.6455818731428181,0.02018991582683698,-0.6452660863779337,0.0003327652217291306,1.0406893527079558e-05,-0.0003326024494190527
293764.9651961531,1.6322559612322007,-92.7678394790968,-93.13361273045126,-1926.4164033395346,-2.5037572916776206e-05,0.0005178881152853315,-0.001043687060640723,2.8123538590077603e-10,0.645311694313968,0.019884596768885664,-0.6450052601566152,0.00033354269649011264,1.0277765122424416e-05,-0.0003333843096577637
294442.1633798762,1.5790634616993082,-92.82439005255036,-94.66674378066304,-1918.8605838316073,-2.5648078682447502e-05,0.0005198772585733858,-0.0010372024968006773,2.816934246664342e-10,0.6451009379606634,0.01935881030887078,-0.6448104036235403,0.0003347257486454039,1.0044772673879234e-05,-0.00033457499809184217
295120.9226666385,1.5234465770801633,-92.84661743149756,-94.9945463994791,-1910.4455309308744,-2.5963121517621325e-05,0.0005221471268862952,-0.0010302788667373624,2.822834857850098e-10,0.6446067068038402,0.01921132374014848,-0.6443203640244838,0.0003359312409369361,1.001181612904505e-05,-0.0003357820158603317
295801.2466551547,1.477208382373274,-92.88842111407038,-96.05711891895031,-1903.8097733755337,-2.6434935909220628e-05,0.0005239287822591717,-0.001024338942332504,2.826158921977586e-10,0.644457103857016,0.018854409889275434,-0.6441812399779273,0.00033700667749880943,9.859557750169773e-06,-0.0003368624196905283
296483.13895243424,1.424057886197543,-92.93229582840594,-97.1283063851438,-1896.1874356728024,-2.6942958465335647e-05,0.0005259939272413577,-0.0010178912854281693,2.8309934664330173e-10,0.6442533997205896,0.018473090467561064,-0.6439884998818808,0.00033823632044194723,9.69846670525746e-06,-0.0003380972466756785
297166.60317380266,1.3828704142099004,-92.98827071295567,-98.69408692753125,-1890.6006099994793,-2.753655835831427e-05,0.0005274949660129297,-0.001012558037411709,2.832828858218519e-10,0.64428836338335,0.01796296206565807,-0.6440379081894353,0.0003392321163382153,9.457898021371808e-06,-0.000339100246122473
297851.64294291893,1.3254960872798516,-93.00337599678313,-98.74127496276489,-1881.974035878851,-2.7802100215188113e-05,0.000529898269671084,-0.001005619668977703,2.839268760883475e-10,0.6435269930555604,0.017890325696141206,-0.643278265634412,0.00034037465124880435,9.462560910830112e-06,-0.00034024309420435564
298538.261891796,1.2856461037023623,-93.0840161564485,-101.13085702300988,-1877.0246232908803,-2.862100465190559e-05,0.0005312160111797175,-0.001000668206510235,2.8402081009170745e-10,0.6435712651930338,0.017104567638761402,-0.6433439260209528,0.000341265044287592,9.069999467753127e-06,-0.00034114449367132847
299226.4636608189,1.2396811120708215,-93.04648001214058,-99.49033174616912,-1869.3715714415168,-2.838972655341985e-05,0.0005334281915489233,-0.0009942961676264973,2.845276636786274e-10,0.6424835785474703,0.017614947258472433,-0.6422420589904126,0.00034208993652799167,9.379066470800902e-06,-0.00034196133960706973
299916.25189876516,1.1789158530215078,-93.13878029889132,-102.0815090482907,-1861.547153902943,-2.9369394738496755e-05,0.0005355770471754813,-0.0009878572083593128,2.8506643862019635e-10,0.6423021893102373,0.01669439880373445,-0.642085196404111,0.00034339578913681387,8.92537242871531e-06,-0.00034327977762155443
300607.6302628231,1.1373249183532261,-93.18780382438352,-103.36676051043362,-1855.9381543849727,-2.9916365525977253e-05,0.0005371448611334209,-0.0009826155479984442,2.8527034776666637e-10,0.6418703587594239,0.016253119176518834,-0.6416645490994383,0.0003441805808660349,8.71516798169489e-06,-0.0003440702226179011
301300.60241861216,1.0868748151793046,-93.20004946179404,-103.3481791469963,-1848.4889781751158,-3.015182922501774e-05,0.0005392966228750777,-0.0009764207431577409,2.8576120349091443e-10,0.6414794103542196,0.01622532335805437,-0.6412741791077541,0.00034534777595078683,8.735088368139968e-06,-0.00034523728736241053
301995.1720402016,1.0431611305330302,-93.23577154614091,-104.16118810009095,-1842.420033541577,-3.058741320783675e-05,0.0005410351388674633,-0.0009709766338603676,2.860431054595781e-10,0.6410272949663504,0.01593370194713465,-0.6408292362510751,0.0003462237641000433,8.605914767599299e-06,-0.00034611679106714147
302691.3428101306,1.0034071081644829,-93.22707608335789,-103.53420774986698,-1836.2749756556266,-3.0607650604521985e-05,0.0005428550050286809,-0.0009655123814851355,2.863402605823597e-10,0.640454099146498,0.016136135245803367,-0.6402507932465851,0.000347069458397781,8.744357679742615e-06,-0.000346959284587252
303389.1184194271,0.948286985781977,-93.2849258099379,-104.97339213073573,-1828.942635912794,-3.127884686922167e-05,0.0005449687342680136,-0.0009594452914248047,2.868270111596906e-10,0.6393714093747401,0.015583085674571005,-0.6391814817144662,0.00034784650210692127,8.477892136642275e-06,-0.00034774317300694755
304088.502567628,0.8999019358661049,-93.31410958426402,-105.51675244720128,-1822.1849868885147,-3.167252247658739e-05,0.0005469576499959591,-0.0009537017856393656,2.8722859080907474e-10,0.6391271666400641,0.015371498170315719,-0.6389422917457853,0.00034898752025500903,8.393417318284617e-06,-0.0003488865715952127
304789.4989627983,0.8511590453876963,-93.3605431651304,-106.6160583352901,-1815.671881778558,-3.222945810774694e-05,0.000548867795010449,-0.0009481073199746037,2.8759594852009594e-10,0.6388396348196317,0.014967032038314947,-0.6386642834607588,0.0003500598776829588,8.201365599504048e-06,-0.0003499637917923958
305492.11132155143,0.8106156295874328,-93.3348865394322,-105.42673381853304,-1809.2621605828538,-3.209782612188151e-05,0.0005508411399640585,-0.0009425874041729129,2.8795102666779706e-10,0.6377229465650703,0.015346450499507329,-0.6375382678966822,0.00035068971855919853,8.439154393836381e-06,-0.00035058816205948376
306196.3433690677,0.7512640382127161,-93.42226553014413,-107.75685462439908,-1801.9259303324664,-3.3068972697374316e-05,0.0005529842124712763,-0.0009366062825649199,2.884584042491875e-10,0.6375226805679792,0.014489972726396814,-0.6373579911862485,0.0003519697383059274,7.999765442111346e-06,-0.00035187881498608894
306902.1988391158,0.7084779767081288,-93.38777071084486,-106.26529169513243,-1795.1202159489146,-3.2861330585003446e-05,0.0005551204717468643,-0.0009309228050276406,2.8888606537035065e-10,0.6362559027258227,0.014964499661144331,-0.6360798986788869,0.00035260922005291733,8.293236308523595e-06,-0.00035251167966162154
307609.6814740708,0.6671656148778504,-93.3693842901479,-105.31467416562518,-1788.7923855436525,-3.279942648826526e-05,0.0005571053114605568,-0.0009255077699770427,2.8924122627876793e-10,0.6354924327622015,0.015270909077635314,-0.6353089259832289,0.00035343310002385774,8.493011808231466e-06,-0.00035333104157843175
308318.7950249355,0.6201827204786253,-93.42480683277627,-106.69359609818193,-1782.8189237886297,-3.344808401870831e-05,0.0005589077445487034,-0.000920295645083153,2.895428843215647e-10,0.6347787951395448,0.01476053724198282,-0.6346071582476361,0.0003541931438008172,8.236067634832758e-06,-0.000354097374044797
309029.5432513591,0.5783282842670534,-93.38298743949251,-104.99097166509073,-1776.1069279689314,-3.316643628080184e-05,0.0005610685978055269,-0.000914722243290806,2.8996863444718336e-10,0.6339737340730123,0.015325166828761365,-0.6337884779294659,0.00035509053144806564,8.583670491825812e-06,-0.0003549867689435163
309741.9299216581,0.5308310780177584,-93.46005291194206,-107.04632420174111,-1770.4483564686823,-3.402674872567237e-05,0.0005627713217298836,-0.0009097108922004238,2.902263691207432e-10,0.6335074187541105,0.014582972071535392,-0.6333395507482987,0.00035592912495207907,8.193281301788262e-06,-0.0003558348101727296
310455.95881283557,0.49410613250414526,-93.45602473786009,-106.59682407468807,-1765.0739200385588,-3.409081474768218e-05,0.0005644896885655716,-0.0009048634156385567,2.9044053869460385e-10,0.6330364041385859,0.014737746326230792,-0.6328648258498293,0.0003567432466682689,8.305354065928126e-06,-0.00035664655492133513
311171.63371060183,0.45457446628091824,-93.43780973120455,-105.67557536717842,-1759.113275894417,-3.4026913120845784e-05,0.0005664241183509722,-0.0008997335971104447,2.90754419941441e-10,0.6320521778242542,0.015036922303974607,-0.6318732835466355,0.00035739660749359466,8.502692035782531e-06,-0.00035729545095911194
311888.9584093937,0.39925169220448636,-93.5084469320847,-107.43820595277442,-1752.359402164003,-3.4856432336865127e-05,0.0005685221229238302,-0.0008942178086403192,2.912037400825375e-10,0.6313241951527299,0.014362829716652457,-0.6311607944951687,0.00035832823779050017,8.152083353637409e-06,-0.0003582354945214678
312607.9367123956,0.3647160540131111,-93.50775481994651,-107.11289012423481,-1747.3989457611608,-3.494852042830267e-05,0.0005701368685085207,-0.0008896356973409752,2.9135874802654515e-10,0.6305767093964773,0.014474917192797608,-0.6304105513120406,0.00035891442066056655,8.238896935053292e-06,-0.0003588198460723761
313328.5724315585,0.3207559407729772,-93.50256370573436,-106.56848922042758,-1741.1008809911355,-3.502329112985409e-05,0.0005722055692773131,-0.0008843904961521568,2.9174014627747333e-10,0.6296420701716572,0.014632066937887822,-0.6294720320611356,0.00035967493930949204,8.358380161005523e-06,-0.00035957780722448775
314050.8693876218,0.27749202742244805,-93.5268144269902,-106.9550709048752,-1735.371297979516,-3.538099117498382e-05,0.0005740649420329148,-0.0008794528119339269,2.920301701161692e-10,0.6289330572208606,0.014471174337564584,-0.6287665509380013,0.0003604408291249303,8.293413769172423e-06,-0.00036034540456112454
314774.8314101316,0.22542751171676176,-93.5411732516519,-106.95568686849535,-1728.3267889626536,-3.566909991882547e-05,0.000576386938673857,-0.0008738683156759389,2.925460712368254e-10,0.6279458198493462,0.014412929005774884,-0.6277803916527992,0.00036133032189940165,8.293435695486117e-06,-0.00036123513180238997
315500.46233746276,0.19456550965634073,-93.53327540063367,-106.43876539136963,-1723.8281262873395,-3.568283049472222e-05,0.0005779009800252085,-0.0008695891134575143,2.9263493356096e-10,0.6274592663083286,0.014610208482576173,-0.6272891459959129,0.0003619896786374376,8.428825514921738e-06,-0.0003618915339441838
316227.76601683797,0.16011666678758957,-93.5287975224034,-106.00039002799467,-1718.912398672689,-3.573975385330745e-05,0.0005795592450908494,-0.0008651150670183034,2.9279684144084523e-10,0.6264315583559626,0.014757278191733718,-0.626257710567025,0.0003624260244784314,8.537918621451581e-06,-0.0003623254437171837
316956.746304349,0.11492193196998922,-93.51448475887052,-105.17099096070133,-1712.425852906763,-3.573035652889326e-05,0.0005817724611581882,-0.0008598682386358364,2.932299698906703e-10,0.6254209312367168,0.015011793116634586,-0.6252407434712052,0.000363211469425423,8.718057174424161e-06,-0.00036310682588086725
317687.40706497704,0.07573856570758772,-93.52086186516387,-105.0334085940751,-1707.0803575584532,-3.5906950408088646e-05,0.0005835862185370542,-0.0008552126118897082,2.9347165854273505e-10,0.6248453909988189,0.015050750464489936,-0.6246640997871756,0.0003640049333001179,8.767844810675306e-06,-0.00036389932174187847
318419.75217261235,0.02819799269965284,-93.56012582967645,-105.83868880958447,-1701.1488376218374,-3.643191414729752e-05,0.000585571392664507,-0.0008502809407871734,2.9381760807726745e-10,0.6241907053410054,0.014729801697502471,-0.6240168824447413,0.0003648698000284809,8.610284891843674e-06,-0.0003647681920986326
319153.78551007615,0.0069882028475238885,-93.56278224646492,-105.731917375755,-1698.1623281827744,-3.652307720116976e-05,0.0005865978348989983,-0.0008468360426017793,2.936573864983431e-10,0.6237810816299372,0.014813868949104535,-0.6236051531908416,0.00036526438461432966,8.674483540464437e-06,-0.00036516136707350513
319889.5109691397,-0.03784408919186348,-93.54516542171544,-104.81112858646776,-1691.7601800489647,-3.64809421188783e-05,0.0005888401932097671,-0.000841703106691744,2.9409072848668264e-10,0.6228942871232114,0.01510702492043159,-0.6227110652050333,0.0003661261854474811,8.879640609841684e-06,-0.00036601849086209204
320626.9324505466,-0.08452838763648192,-93.58663524714311,-105.68192930189231,-1686.041891521134,-3.7030628159673755e-05,0.0005907839756425998,-0.0008369287609268028,2.944094667888349e-10,0.6220071339246692,0.014758291450447063,-0.6218320251375327,0.00036682188718966703,8.703540564542408e-06,-0.00036671861870244624
321366.0538640317,-0.12195850583255367,-93.5832531046053,-105.25837548330671,-1680.8737252183416,-3.710964213016407e-05,0.0005926048366454308,-0.0008324443694820777,2.946354798221967e-10,0.6209225316393522,0.014892116697874743,-0.6207439207577301,0.00036730320863806004,8.809347330495809e-06,-0.00036719755238212706
322106.8791283435,-0.16848960560629356,-93.618239715746,-105.92530898050234,-1675.1248574068773,-3.7598652210774776e-05,0.0005945929025787221,-0.0008276892504558474,2.949666721195047e-10,0.6201470150943403,0.014617985175057704,-0.6199747050000038,0.00036808294283071985,8.676379746297004e-06,-0.00036798066965184603
322849.4121712634,-0.21632259393959846,-93.61362059747667,-105.37957250818774,-1668.6303378504617,-3.769706088199788e-05,0.0005969132151357909,-0.0008225840173471395,2.9543367462298417e-10,0.6193734008349572,0.014772837165088362,-0.619197200368311,0.00036905009913291677,8.802310549501714e-06,-0.0003689451110924304
323593.6569296283,-0.25839967566881256,-93.585196217417,-104.167006674844,-1662.54171467158,-3.753907074337141e-05,0.000599136646363232,-0.0008176975237929345,2.9583365599701795e-10,0.618062787754441,0.015171293284192222,-0.6178765584377484,0.00036962297283698453,9.072959311882814e-06,-0.0003695116012497782
324339.6173493492,-0.28938589570965556,-93.56084086926828,-103.17241534045945,-1657.9598789430677,-3.73884149582374e-05,0.0006008242778215103,-0.0008135685437946673,2.959689248188398e-10,0.6171386483059491,0.01553414013316725,-0.6169431106051976,0.00037009360200900563,9.315711942166987e-06,-0.0003699763394583643
325087.2973854344,-0.3246925043205531,-93.51969646021695,-101.64632533943531,-1652.579366914717,-3.707892291710114e-05,0.0006028340203701357,-0.0008090632184385581,2.9624962243673165e-10,0.6161531982104936,0.01607501127829533,-0.6159434695468591,0.00037071563396358397,9.671714785077172e-06,-0.00037058944830922817
325836.7010020087,-0.3719860287159951,-93.54553773807703,-102.0307855616911,-1646.709182625884,-3.7482910951757486e-05,0.0006049493132490622,-0.0008043351330398733,2.966219081448708e-10,0.6152359942775391,0.01589714818764843,-0.6150305759343775,0.00037146645314877245,9.598361128692803e-06,-0.0003713424259071031
326587.8321723358,-0.4161299816779792,-93.51644497822184,-100.80532752657328,-1640.4255462037434,-3.731930498655618e-05,0.0006073046213790381,-0.0007994230302945852,2.9707329123608847e-10,0.6140780774867881,0.016302428754290842,-0.6138616424460653,0.00037219261703411914,9.88089926105908e-06,-0.00037206143579320244
327340.6948788381,-0.4427175443851153,-93.46111019413057,-98.94646890835688,-1635.9830311646415,-3.683468519871354e-05,0.0006090254721388766,-0.0007954244317856358,2.9719488934913904e-10,0.6129050994516552,0.016986539578410644,-0.6126696649965578,0.00037250573815170976,1.0323920407841535e-05,-0.0003723626479970335
328095.293113119,-0.4761083733731664,-93.4032885364769,-96.9724241714191,-1630.6506764047376,-3.6340693110681995e-05,0.0006110910014706645,-0.000791008347433008,2.974809753207454e-10,0.6119787816200346,0.01770184482473175,-0.611722709929052,0.00037317494612262473,1.0794303964678626e-05,-0.0003730187976704954
328851.630875983,-0.49804988677159295,-93.36783227319982,-95.75168925253483,-1627.1142468408611,-3.6042007321298446e-05,0.0006124640103482543,-0.0007874775462422141,2.97441857048554e-10,0.6110889971739804,0.018177830602063336,-0.6108185728526137,0.0003734492272208643,1.1108851283996541e-05,-0.0003732839652797998
329609.71217745775,-0.5318869339349568,-93.36124394609313,-95.29483410183315,-1622.5322622735744,-3.6073407644585695e-05,0.0006142018952563616,-0.0007834539466721931,2.9759579516208565e-10,0.6101215472761741,0.018342986636113487,-0.6098457487692606,0.00037390672067377117,1.1241310868451338e-05,-0.000373737700392899
330369.5410368147,-0.5435093829742346,-93.26092595166561,-92.26058079236604,-1619.3048022996936,-3.507126682091264e-05,0.0006155507617456581,-0.0007800972294528857,2.975031221480917e-10,0.6090429568559718,0.019500272401744966,-0.6087306979873143,0.00037402074558757505,1.1975356320533324e-05,-0.0003738289835885947
331131.1214825911,-0.5543892332889228,-93.21769513447602,-90.90799454803845,-1617.047991627564,-3.465658990601967e-05,0.0006164624946662454,-0.0007772183415803735,2.9723313512611855e-10,0.6087378714891587,0.020073646038277146,-0.6084068087389238,0.000374364294968459,1.2344979174997593e-05,-0.00037416069654147305
331894.4575526103,-0.5659831969335406,-93.17650728691315,-89.61349477963834,-1614.7337216419048,-3.426383977966692e-05,0.0006173956016469822,-0.0007743210159987215,2.9697453882815806e-10,0.60782062227383,0.02060426444433202,-0.6074712940938477,0.00037434412388464346,1.2689739438005033e-05,-0.00037412897989858637
332659.5532940045,-0.5998172859901528,-93.19369559605504,-89.86560113943659,-1610.543596986265,-3.4538101287317814e-05,0.000618981202763493,-0.0007705354377687885,2.9706237308319907e-10,0.6070846020852687,0.020521596866174496,-0.6067376518323971,0.0003748504245019731,1.2671264054994775e-05,-0.0003746361966182099
333426.41276323487,-0.6311124544771163,-93.26811552834371,-91.79397144381888,-1607.5631522404374,-3.5404978435812116e-05,0.0006200378722486504,-0.000767340595158951,2.9692863970387427e-10,0.6070232506474139,0.01985608395236237,-0.6066984116977973,0.0003754729880615848,1.2281940048991011e-05,-0.00037527205959480653
334195.04002611426,-0.6412454356341155,-93.33933514144931,-93.77583620885002,-1607.1685948374147,-3.618195315449281e-05,0.0006201010959824581,-0.0007653878592286785,2.963184506498176e-10,0.6071255252755567,0.019230032158850902,-0.606820903812888,0.0003755945273967066,1.1896542872660314e-05,-0.0003754060751746491
334965.43915782764,-0.6826236123902698,-93.35750013645075,-93.9890524151641,-1602.0879682652048,-3.649323620572521e-05,0.0006220445163124101,-0.0007612135152167696,2.9657447670362156e-10,0.6061442054591598,0.019131836651667348,-0.6058421994530012,0.0003761626352864101,1.1872887718705093e-05,-0.000375975215569904
335737.61424295465,-0.7224150088114843,-93.419262758054,-95.47136067230628,-1597.8914596342413,-3.7258978982002575e-05,0.000623598573339527,-0.0007574734362086744,2.966694702358491e-10,0.6056277896888428,0.01858815068810654,-0.6053424653015758,0.0003767981222280923,1.1564826439965455e-05,-0.00037662060446028427
336511.56937549065,-0.7747492366478558,-93.52911607041396,-98.23904231292052,-1592.9094886865896,-3.8570316796404165e-05,0.0006254033239751911,-0.0007533750458949867,2.969128764242296e-10,0.6053592496745485,0.0175451426400174,-0.605104940598136,0.00037775791949402134,1.0948567457228151e-05,-0.00037759922485498565
337287.3086588689,-0.8153909253815,-93.55534414581956,-98.67249593060421,-1588.1048841061495,-3.897305249255687e-05,0.0006272598501560567,-0.0007493751942783903,2.971262010458447e-10,0.6041254950438689,0.017358357068059407,-0.6038760644386375,0.00037811070153141084,1.0864266815887423e-05,-0.0003779545876413314
338064.83620598156,-0.8602507795843749,-93.63251690861009,-100.53299720661938,-1583.5843183434808,-3.992817278979387e-05,0.0006289440287955845,-0.000745523476785413,2.9728906779753495e-10,0.6038493012082038,0.016663042701032037,-0.603619351559888,0.0003789774619808835,1.045777086945549e-05,-0.00037883314495687145
338844.15613920253,-0.896158606185511,-93.63831686914399,-100.40754147405517,-1579.0800860830664,-4.010565599412022e-05,0.0006307299410968785,-0.0007416931845649126,2.974513709988341e-10,0.6030612110774631,0.016706029125377796,-0.602829771077274,0.00037955277974588344,1.0514388384761089e-05,-0.0003794071167620891
339625.2725904084,-0.9433560503232663,-93.69278624957141,-101.58510486978828,-1573.9704108240203,-4.083491070830496e-05,0.0006327004462504415,-0.0007375928453508697,2.9773066529278097e-10,0.6022613703035343,0.016237410104114874,-0.6020424442454217,0.0003802494699440492,1.0251805760416033e-05,-0.0003801112467046734
340408.18970100087,-1.0036776666393934,-93.7332168843534,-102.25188613106994,-1567.0957796208436,-4.1460561072200445e-05,0.0006354178170725709,-0.0007326822537500525,2.9834900282545877e-10,0.6010052490705717,0.015905497970369102,-0.6007947441054179,0.00038109623393815415,1.0085644650845401e-05,-0.00038096275315812857
341192.91162192845,-1.0534975246726843,-93.79034436545189,-103.4682563964678,-1561.769383616101,-4.223488424956901e-05,0.0006375013114050945,-0.000728512547902856,2.986779946833031e-10,0.6003135491378391,0.01541488823149165,-0.6001156042791084,0.00038192343870241505,9.807053545667825e-06,-0.000381797504877952
341979.4425137089,-1.1026869007883986,-93.85488201428487,-104.89083411532198,-1556.657571941287,-4.3090742544742154e-05,0.0006394984960182241,-0.0007244580126068601,2.989696087799841e-10,0.5994711739059521,0.014844385331189792,-0.5992873539199033,0.0003826037059279781,9.474211750550595e-06,-0.0003824863855113388
342767.7865464503,-1.1425817368511701,-93.84094216379533,-104.16260922958199,-1551.4774331704239,-4.30792123216522e-05,0.0006416546806012539,-0.0007203865482007204,2.9927791436790424e-10,0.5982363978913087,0.015085492532612453,-0.5980461651720682,0.0003830892499624991,9.660211314463294e-06,-0.0003829674317147478
343557.94789987465,-1.1849666858685284,-93.83193332463445,-103.5571169258775,-1546.0959489143731,-4.3128370971318725e-05,0.0006439016614353964,-0.0007162367055347252,2.9962889276553713e-10,0.5971219489287352,0.015277476524619308,-0.5969264783903381,0.0003837030585152594,9.817114375728836e-06,-0.00038357745160436433
344349.9307633384,-1.233580487353057,-93.87031800959119,-104.2341978583355,-1540.7243551241975,-4.37096319456989e-05,0.0006460882884500222,-0.0007121067122520117,2.9998199143909006e-10,0.5961455832853902,0.014979551572635828,-0.5959573554419485,0.00038438631708073847,9.658604914581743e-06,-0.00038426495040531347
345143.7393358563,-1.28119470781785,-93.87154530840218,-103.87519008044592,-1534.9295089794161,-4.388847778163964e-05,0.0006485255969115908,-0.0007077967548296504,3.004219745080526e-10,0.5949015406346442,0.015061883929130751,-0.5947108395699364,0.0003850241590637129,9.7481495636105e-06,-0.0003849007360902351
345939.37782612187,-1.3406713741526433,-93.92464086873919,-104.86787376049125,-1528.569526228466,-4.467173076413146e-05,0.000651141707000641,-0.0007032428556924082,3.009781264643639e-10,0.5938674644951252,0.014611939710887934,-0.5936876759742905,0.00038592206612243627,9.495502448642117e-06,-0.00038580523137129427
346736.85045253165,-1.3850349620813134,-93.96558592634501,-105.63546999438331,-1523.8098719273055,-4.5275797307236776e-05,0.0006531111841488038,-0.0006994407232255227,3.012238457116687e-10,0.5928959677068959,0.014290941819553553,-0.5927237109353789,0.00038646745093692694,9.315266349089312e-06,-0.00038635516878454153
347536.1614432058,-1.4373847684102417,-93.92475878696631,-104.0709430131136,-1516.9076273418032,-4.501650850541265e-05,0.0006561474618285445,-0.0006946711562408161,3.018985287538379e-10,0.5915860288926121,0.014807270090124731,-0.5914006884789775,0.0003873794890691808,9.696024655550339e-06,-0.00038725812536004783
348337.31503601186,-1.4718703744489805,-93.92185023761947,-103.7023482966148,-1512.6596065824278,-4.510968386025598e-05,0.0006579947104567153,-0.0006911325408193667,3.0205005684903264e-10,0.5905166065158189,0.014937009987295639,-0.5903276618146892,0.0003877586751120018,9.80828504888683e-06,-0.0003876346058713215
349140.31547858607,-1.5323826938328766,-93.9594149308399,-104.24243801592831,-1506.0662749031912,-4.5738379840702194e-05,0.0006608156203739967,-0.0006865374224866383,3.0267464945049904e-10,0.5892227161860664,0.014644640996626716,-0.589040697880686,0.0003885774720430229,9.657770179467825e-06,-0.00038845743557628916
349945.16702835733,-1.57854343375551,-93.9714830096424,-104.19230924531153,-1500.7531529136604,-4.603931319988018e-05,0.0006631357433495868,-0.0006825420241554617,3.0304761274550717e-10,0.5880545844586669,0.014618370483036892,-0.5878728583182559,0.00038916648515878265,9.67423774932279e-06,-0.000389046221283295
350751.873952568,-1.6200435964831206,-93.98301855214102,-104.16367479077589,-1495.9814832602408,-4.631945063583709e-05,0.000665232295281265,-0.00067880705853908,3.0331501772980424e-10,0.586749515290635,0.014594422110182692,-0.5865679811727409,0.00038952795883954907,9.688862635372313e-06,-0.00038940744299324623
351560.44052829815,-1.6733435836460686,-93.96162340130147,-103.1463505346318,-1489.3968980840452,-4.6275917960524054e-05,0.0006682079231029608,-0.0006742649377717207,3.039552763036818e-10,0.5854040307290789,0.014906069816249439,-0.5852142242602152,0.00039035498929929796,9.939560403043206e-06,-0.0003902284238876626
352370.8710424871,-1.7177532258612014,-93.94173584467116,-102.24546220109022,-1483.8610640532963,-4.621686220225265e-05,0.000670732967980147,-0.0006702138077049116,3.0438755515105294e-10,0.5840791932223123,0.015201586419139889,-0.5838813370245436,0.0003909258925058997,1.0174465735754973e-05,-0.00039079346678076157
353183.169791957,-1.7768187292514006,-93.97493444656003,-102.66860238944614,-1477.517988205157,-4.6803697488533515e-05,0.0006735584525783848,-0.0006658139782497603,3.04991232296068e-10,0.582695357828079,0.014954622277138268,-0.5825034242877386,0.0003916501734677452,1.0051530924867739e-05,-0.00039152116814213426
353997.3410834346,-1.8193418987021928,-93.95411922681991,-101.76335584660524,-1472.2245383798956,-4.672757604009064e-05,0.000676014302917948,-0.0006619027473687115,3.0538385954624694e-10,0.5816105731791764,0.01526462403845948,-0.5814102253029049,0.00039232834928702975,1.0296829231904238e-05,-0.00039219320361532864
354813.3892335755,-1.8613557708015311,-93.91874620474793,-100.47741951917634,-1466.7835652885374,-4.648397290861928e-05,0.0006785796036358965,-0.0006579398127164415,3.0581169959340607e-10,0.5800123391071499,0.015707189172726493,-0.5797996185966662,0.0003927100628195939,1.0634896588986424e-05,-0.0003925660357370604
355631.31856898527,-1.9141659626141816,-93.93231239920576,-100.42305846245728,-1460.9166007125366,-4.6831203663126544e-05,0.0006812826049147719,-0.0006538009627048814,3.063336513692313e-10,0.5786545504870161,0.015660000007817882,-0.5784426101171021,0.0003933495115645484,1.0645130758915897e-05,-0.0003932054417721026
356451.1334262443,-1.9738577290027957,-93.91215142882514,-99.42055644986492,-1453.8095417624513,-4.682036977500008e-05,0.0006846461411837519,-0.0006491239701262837,3.0712319473086147e-10,0.5769878555309873,0.01594430796533957,-0.5767675133654407,0.0003941351339910535,1.089141113816084e-05,-0.00039398462027034155
357272.83815192885,-2.03454815962543,-93.90935012097043,-98.87656339823519,-1446.8941023780878,-4.7010671355314175e-05,0.0006879230102171274,-0.0006445503937975206,3.078813521387061e-10,0.5753224656017945,0.016052785312613716,-0.5750984676643079,0.00039486881683221926,1.101772435850041e-05,-0.00039471507731075694
358096.43710263603,-2.086284242599913,-93.92972357004123,-99.01187137563186,-1441.339071474448,-4.7436252395264984e-05,0.0006905406698377584,-0.0006405990513412802,3.083571138324134e-10,0.5739879070856624,0.015937898727360306,-0.5737665909276484,0.00039545313184302406,1.0980530929183777e-05,-0.00039530065447070713
358921.93464500515,-2.152244807775688,-93.87809178984207,-97.15373966121987,-1433.1780439397348,-4.708342696729325e-05,0.0006945582743213719,-0.0006355069111320379,3.093997692160027e-10,0.5718332999957961,0.01651935049470173,-0.5715946413703643,0.00039622800008897927,1.144639392167731e-05,-0.00039606263156311775
359749.33515574236,-2.212175183358188,-93.85552205288603,-96.11289125769929,-1426.1489019903,-4.704179230757778e-05,0.0006980187524192655,-0.0006309355575002573,3.1020961859214405e-10,0.570304368134959,0.01682586365176597,-0.5700561048056473,0.00039711833230212203,1.1716303234330084e-05,-0.0003969454598417015
360578.64302164235,-2.2759348082863697,-93.88526650609234,-96.40822951145431,-1419.546227103,-4.7622970748375373e-05,0.0007012161595733987,-0.0006265701071411828,3.1093570255352215e-10,0.5686571799986426,0.016608226265466028,-0.5684145979690561,0.0003977905683596964,1.16178885943231e-05,-0.0003976208758862394
361409.86263961333,-2.345863354410747,-93.81871593836541,-94.1719847075311,-1410.8578961920907,-4.710039645685503e-05,0.0007056447462725888,-0.0006213029344003063,3.1213096747917046e-10,0.5662034302398107,0.017319710958993487,-0.5659384701781857,0.00039853574294209586,1.219089024533342e-05,-0.00039834924450466146
362242.99841669854,-2.4155141322961486,-93.76919262291185,-92.39687382476069,-1402.5051142207676,-4.6770018506853135e-05,0.0007099286743452911,-0.0006162041022615628,3.1326774294980316e-10,0.5637707867023758,0.017857875394789093,-0.5634878847192722,0.00039920099384567785,1.2645000013694468e-05,-0.0003990006735107481
363078.0547701014,-2.4787247121480753,-93.70399310015357,-90.28431843087031,-1394.6306089640566,-4.622507890914467e-05,0.0007140432698490557,-0.0006113350897630948,3.1431198320497214e-10,0.5617198183243174,0.0185571238668685,-0.5614132056267415,0.0004000155165670859,1.3215017963491078e-05,-0.00039979716956809136
363915.03612720704,-2.5688001447322084,-93.61614520613368,-87.44365700282269,-1383.655266258604,-4.549266958405895e-05,0.0007198483458224291,-0.0006051290914047661,3.1607651719646287e-10,0.5585348878010605,0.019432685045170133,-0.5581967320245421,0.00040093294947146147,1.3949359120580304e-05,-0.00040069021120063634
364753.94692560786,-2.655960958390482,-93.5950830077586,-86.33144373829472,-1374.080704602118,-4.554424979861196e-05,0.0007248978140984319,-0.0005995596159764765,3.175469096203766e-10,0.5560273312918266,0.0196743361507524,-0.5556791463070554,0.0004019145456177954,1.4221246743375062e-05,-0.0004016628662450924
365594.79161312483,-2.744696501453994,-93.49508431686358,-83.25958089907438,-1363.2014663014331,-4.463721390878757e-05,0.0007308410010594519,-0.000593444591578268,3.1934497522035723e-10,0.552636691934364,0.020642381357405176,-0.5522510347333471,0.0004026862806684003,1.5041353377852566e-05,-0.0004024052662765638
366437.5746478333,-2.853399960042153,-93.33180022362525,-78.55711112435506,-1349.3955421771402,-4.299694068979237e-05,0.0007385694211974759,-0.0005860833756747218,3.218702672020865e-10,0.5482327995295165,0.022162494898051128,-0.5477846532168138,0.00040362407478853273,1.631663867230887e-05,-0.0004032941371398007
367282.30049808463,-2.9603734077576154,-93.1253413531638,-72.90389152901705,-1335.1954641038997,-4.077257690843287e-05,0.000746727761799919,-0.0005785820820056674,3.2454526950793254e-10,0.5439263177890109,0.024069326495331125,-0.5433935099958163,0.00040478565103011286,1.7912201849089845e-05,-0.0004043891396968887
368128.9736425315,-3.0910550323242325,-92.84845841468493,-65.5607820651275,-1317.6463711676665,-3.766799892602993e-05,0.0007570547594250145,-0.0005696642976601711,3.2811135575135323e-10,0.5381607183925315,0.026533668405621488,-0.5375062076494617,0.00040592216252850847,2.001373138343445e-05,-0.0004054284802378005
368977.59857015027,-3.202011372377189,-92.30937058897298,-52.34843906968138,-1298.0680678645826,-3.101723386990331e-05,0.0007691247639001348,-0.000559909193053942,3.3229412664877023e-10,0.5307905672656716,0.031277297216163465,-0.5298682449223252,0.0004065646535314898,2.3957176879758285e-05,-0.0004058581909696197
369828.17978026625,-3.3043012778669105,-91.52465960512336,-33.94997346460907,-1275.5181746133412,-2.0852521248663183e-05,0.0007834400774099998,-0.0005489171285267666,3.373909898955792e-10,0.5221062396599265,0.038019064000052685,-0.5207201515827754,0.00040716024252504106,2.9648853323260974e-05,-0.0004060793131762144
370680.721782576,-3.3211816009357022,-90.18348550856327,-4.010561426094725,-1252.3466264897104,-2.557122997237317e-06,0.0007984927841456214,-0.0005377057514936186,3.4284323266874795e-10,0.5119416017155944,0.049335350253612104,-0.5095588550721906,0.00040675291231393834,3.9198411163375556e-05,-0.0004048597488490766
371535.22909717256,-3.1401407355898323,-88.2093233732778,38.70324555745626,-1237.9737037675206,2.522901378804112e-05,0.0008069828561332639,-0.0005303121183182629,3.460259836256488e-10,0.5030594188667755,0.06581363934769469,-0.49873574544681426,0.0004041316095309668,5.287123349879701e-05,-0.00040065819658457693
372391.7062545685,-2.690776036466962,-85.682012157442,93.71764874282148,-1241.1929611426901,6.048863995359153e-05,0.000801109237658324,-0.0005304682993172931,3.4433472941825997e-10,0.49892188829384204,0.08713245926116625,-0.491254501416317,0.0003988190430823654,6.965034976273743e-05,-0.0003926900277611617
373250.1577957206,-2.091950908766869,-83.43446649867104,145.6716390368516,-1265.6711419419908,8.974660844349699e-05,0.0007797653211368478,-0.000539685822930257,3.3689863673112396e-10,0.5017394173057225,0.10704388560349362,-0.49018776956712423,0.0003918382492413909,8.359695746469767e-05,-0.00038281687824755575
374110.5882720533,-1.496965922038119,-82.07731573186848,181.9327354230114,-1307.3164915402817,0.00010442845201004906,0.000750392925062855,-0.0005561614355135125,3.254163667390503e-10,0.509998595450025,0.1206903275003181,-0.49551227251084734,0.0003844324076474013,9.097529600009876e-05,-0.0003735127461911737
374973.00224548357,-0.9993555497103466,-81.39618522744539,204.61246369514006,-1352.3278926809016,0.00010938000116016344,0.0007229160130281532,-0.0005739871071045997,3.1386155775032646e-10,0.5195102320804872,0.12904886911950184,-0.5032268580027296,0.00037790611929002676,9.387371858377927e-05,-0.00036606114237392275
375837.40428844414,-0.5748930659644634,-81.22694000461439,216.05035030570332,-1399.953960060603,0.00010767260958280652,0.0006976924404992741,-0.000592835067245513,3.0248676567701395e-10,0.5296282083364656,0.1331954608627713,-0.5126060946489502,0.0003719829000461072,9.35494617258665e-05,-0.00036002746580991957
376703.79898390896,-0.22009803894200897,-81.50317400977274,216.44706805730536,-1448.8301772891646,0.00010086266659535038,0.0006751437034319635,-0.0006121214732589604,2.9161015816094664e-10,0.5402409443188787,0.13346315520599697,-0.5234958109870734,0.00036689635028723793,9.063945459490477e-05,-0.00035552414984756493
377572.190925416,0.05454406997317273,-82.27155093778984,203.26143782021504,-1497.7527233417788,8.897109197001625e-05,0.0006555926039185524,-0.0006313355569565227,2.814362359484339e-10,0.551494201483574,0.1291888650060819,-0.536149318220629,0.00036298960201137687,8.503120171836634e-05,-0.00035288970784468657
378442.5847170933,0.23966404095958688,-83.45114280710466,177.1502365714992,-1543.1275074694315,7.342635420720808e-05,0.000639605281614204,-0.0006489660005319763,2.7253251164368295e-10,0.5625472070877622,0.1206193491076528,-0.5494636774374515,0.0003602965091959788,7.72534818010366e-05,-0.00035191685678356605
379314.98497368186,0.2967375045321925,-85.05878780015159,136.51715515923954,-1579.0570069717319,5.434474724138198e-05,0.0006285909915388683,-0.000662548905366556,2.657188244818874e-10,0.5732910061823703,0.10729623236849385,-0.5631608085521583,0.00035982879767165017,6.734498513233505e-05,-0.00035347053146104123
380189.39632056124,0.20766558188200956,-86.70270795233901,91.91459625460416,-1595.4011180603288,3.5991967710388725e-05,0.0006247280395736828,-0.0006678670594472486,2.623917883895537e-10,0.5811873972801181,0.09248493746804558,-0.5737816022658531,0.00036178617041004015,5.7571398663776336e-05,-0.00035717610104241175
381065.823393773,0.039783206687575234,-88.23493245911891,49.26781616856466,-1598.7744546333292,1.9256470564275893e-05,0.0006248856884427211,-0.0006677399066591326,2.612359433956773e-10,0.5869723108245525,0.0780131281216233,-0.5817649400878281,0.00036503884260392184,4.851646572122706e-05,-0.0003618003719781557
381944.27084004664,-0.18876385038370214,-89.55023353736938,12.484544779075279,-1590.3743200268987,4.935682790916687e-06,0.000628744043245284,-0.0006627038385521287,2.6201175561625774e-10,0.5905569464662637,0.06517101467955129,-0.5869499517549985,0.0003693629493046826,4.076111259931298e-05,-0.00036710695991593463
382824.7433168226,-0.4216317931331769,-90.6205262405375,-17.08657660272965,-1577.6132981609385,-6.86440659825844e-06,0.0006337945502591882,-0.0006558744153118275,2.6352363547574693e-10,0.5922652765801252,0.05449143667046898,-0.5897532036132745,0.0003734083150705614,3.435547609744312e-05,-0.0003718245164401531
383707.24549227883,-0.647948572105258,-91.47664900037776,-40.280739421890104,-1562.5956854907943,-1.648601517423218e-05,0.000639535831563992,-0.0006481369072946862,2.654443652892441e-10,0.5926203048137019,0.04584012471788372,-0.5908447415720426,0.00037711066213480044,2.917011051475413e-05,-0.00037598079225979703
384591.78204535355,-0.8691548157528719,-92.0689013860235,-55.79402895588051,-1544.4780956721766,-2.335919273841775e-05,0.0006466240598182918,-0.0006391486633336239,2.6794050913704476e-10,0.5913781814296509,0.03978646881442457,-0.5900382956811532,0.00038060357840819566,2.560607218614039e-05,-0.0003797412447500557
385478.35766577185,-1.0575229484070134,-92.52614955893017,-67.44125789313561,-1528.6487304983466,-2.880485977908233e-05,0.0006529017060038979,-0.0006311430898045596,2.700924421096988e-10,0.5898838686153756,0.03512723241182972,-0.5888370368749973,0.00038344087092991556,2.2833675077376862e-05,-0.0003827604012720659
386366.9770540691,-1.2122669144613485,-92.86685611659284,-75.88391586598652,-1515.3181425503183,-3.2965094896208134e-05,0.0006582766031122462,-0.0006242002734875618,2.7184184472814116e-10,0.5882846438208671,0.03167878892468918,-0.5874310823302674,0.0003856478431558193,2.076691402863624e-05,-0.0003850882940475634
387257.6449216173,-1.3556376622640616,-93.19493153299261,-83.91678696349263,-1503.3477912454023,-3.7015090863805755e-05,0.0006631158926170383,-0.0006178450840174296,2.7337617820853853e-10,0.587165973096858,0.028400291102103122,-0.586478732289668,0.0003878521287074692,1.8759795125330694e-05,-0.0003873981722075762
388150.3659906482,-1.4838400109927332,-93.42064509204525,-89.16586412939816,-1491.7526845560917,-3.992602761470067e-05,0.0006679659246217456,-0.0006116696889149065,2.7486744376210513e-10,0.5855646362310054,0.02615795475321663,-0.5849800890692591,0.0003897023828566377,1.7408526176712576e-05,-0.00038931335761889307
389045.14499428065,-1.6037320745051487,-93.64778079252847,-94.43478259354563,-1481.284742293921,-4.2864065070243086e-05,0.0006723569837029997,-0.0006059805446644185,2.761732318235498e-10,0.5840714386664712,0.023917361069713917,-0.5835815326973449,0.0003913499237479596,1.602553525345371e-05,-0.0003910216682453469
389941.98667654337,-1.7227962759202344,-93.84541376522297,-98.84822973761901,-1470.6037902679616,-4.5500881437644534e-05,0.0006769344163304483,-0.0006002273941968977,2.775392757675958e-10,0.5820928602050186,0.021969316129354776,-0.5816781301118925,0.00039275832225101244,1.4823462601703113e-05,-0.0003924784894155679
390840.8957924021,-1.8378401466492986,-94.01478741773853,-102.47753099537549,-1460.0815841511062,-4.7834394583319614e-05,0.0006815359224772323,-0.0005945621452022348,2.7889646417460156e-10,0.5803904694194876,0.0203296748606005,-0.5800343104619203,0.00039434176116007777,1.3812838443676518e-05,-0.00039409977174436516
391741.8771077831,-1.9382948159741518,-94.10872269391609,-104.170193473827,-1450.1533653702845,-4.928109572129752e-05,0.0006860421818005983,-0.0005891611028262025,2.8016004393571084e-10,0.5786427102369937,0.019459427254410782,-0.5783154129031525,0.0003957897857397863,1.3310186765314593e-05,-0.0003955659153974447
392644.93539959996,-2.0246116409073798,-94.21255542332679,-106.21255391511225,-1442.0134902197917,-5.08027771178033e-05,0.0006897328728490192,-0.0005845066478193778,2.8109350339926956e-10,0.5767095869896478,0.018488795777400438,-0.5764131436361177,0.0003966318113370177,1.2715662655981083e-05,-0.0003964279325270898
393550.0754557774,-2.114285836285121,-94.30942607062056,-108.02103706219357,-1433.4795735283178,-5.227164395530189e-05,0.0006936642706135914,-0.0005797111325263363,2.821165880685429e-10,0.5753247272863513,0.01761109416154584,-0.5750551201315816,0.000397974629625009,1.2182283054807672e-05,-0.0003977881318047783
394457.3020752785,-2.1858243366568257,-94.35004531671444,-108.48343644658321,-1426.122071317872,-5.303276168989871e-05,0.000697168106267964,-0.0005754092417824627,2.8291985730553685e-10,0.5737157160466562,0.01729415321840772,-0.5734549983245291,0.0003988773785055498,1.2023806052875854e-05,-0.0003986961138153499
395366.6200681279,-2.2608415119557885,-94.41553641261184,-109.55910738299028,-1418.8179649491901,-5.410199075569549e-05,0.0007006343722330597,-0.000571145567196179,2.837222875883496e-10,0.5721088922215739,0.016730844769118212,-0.5718642001317342,0.0003997625428528248,1.169072031550983e-05,-0.00039959156363299404
396278.03425543953,-2.317352431263494,-94.482283492569,-110.80867675327119,-1413.5456809828047,-5.511800159659606e-05,0.0007031201471230605,-0.000567714490754731,2.8412554623519343e-10,0.5710609953450954,0.01617405617357872,-0.5708319019741493,0.00040047192924460163,1.1342493240375112e-05,-0.0004003112713376745
397191.5494694403,-2.3787068383285086,-94.51373147647828,-111.0934178669666,-1407.2637410041161,-5.574927436122748e-05,0.0007061978459407356,-0.0005638916057352579,2.8473747776328624e-10,0.5695040730408919,0.01595627718655719,-0.5692804989005958,0.0004011351111850108,1.1238941609586851e-05,-0.00040097763480885973
398107.17055349733,-2.4477790082156954,-94.58918881660414,-112.44526728305013,-1400.8697708145119,-5.69320049164699e-05,0.0007092724007546374,-0.0005600385151143103,2.8537923395103774e-10,0.5681746597184374,0.015309806616261046,-0.5679683563082849,0.00040197266164589547,1.0831394201691619e-05,-0.00040182670594465607
399024.90236214205,-2.5124850738157756,-94.65764029001872,-113.64100486445298,-1394.8696744297401,-5.8022268753866114e-05,0.0007121857398472917,-0.0005563572657753462,2.8594762855638317e-10,0.5669121372396264,0.014737508093634867,-0.5667205459525806,0.0004027551876505283,1.0470066607948078e-05,-0.00040261907416891884
399944.74976109754,-2.580091280653616,-94.7210661559129,-114.67222772069029,-1388.5334979905556,-5.9073616765506826e-05,0.0007153056791235848,-0.0005525562467962995,2.8659180662675424e-10,0.5655142382928775,0.014214102463721382,-0.5653355755682852,0.0004035480693729872,1.0143110851497067e-05,-0.00040342057656609384
400866.7176273028,-2.631899587914004,-94.7708713600176,-115.48081360373088,-1383.6600834822445,-5.9901315460689005e-05,0.0007177214687406349,-0.0005493505251535629,2.8693975243164766e-10,0.5641928630744785,0.013829346585636284,-0.5640233469610914,0.0004039832689324815,9.902331288668017e-06,-0.0004038618890319104
401790.81084894005,-2.6953658136352274,-94.79689694491238,-115.57686369825502,-1377.262695602153,-6.0504777368152057e-05,0.0007210004676405435,-0.0005455529594567115,2.876095795812549e-10,0.5629371770079914,0.013681682438273638,-0.5627708919475001,0.00040493026911868373,9.841466469086778e-06,-0.0004048106574514405
402717.0343254591,-2.755108342950725,-94.86187020412726,-116.69056741032523,-1371.863471924627,-6.155779824049545e-05,0.0007236994102641531,-0.0005421644335699035,2.8807743346972874e-10,0.5616367104697796,0.013152098467723512,-0.5614826950612194,0.0004055350810654166,9.496596676928917e-06,-0.0004054238727878388
403645.39296760503,-2.813204824854548,-94.88843167148293,-116.83731461657541,-1366.089204828865,-6.215244447610356e-05,0.0007267009151242947,-0.0005386407312976313,2.8862973604028035e-10,0.560344277036194,0.013000866356729585,-0.5601934364852819,0.00040628504731609987,9.42645052222598e-06,-0.0004061756783747613
404575.8916974427,-2.8674070025966865,-94.91580652565463,-117.03557170723025,-1360.7497563796483,-6.274231284725834e-05,0.0007294926292595541,-0.0005353014217685337,2.89095856012155e-10,0.5590316633198533,0.012842105293388747,-0.5588841390894855,0.00040689611668791586,9.347239372714142e-06,-0.0004067887398783491
405508.53544838395,-2.9281330717498566,-95.00457254564134,-118.71740491450748,-1355.700021819421,-6.410170382314382e-05,0.0007320129793460342,-0.0005320883309737768,2.895053065302562e-10,0.5579228930781934,0.012091238981807619,-0.5577918577396286,0.000407535810618878,8.832067909331937e-06,-0.0004074400956131232
406443.32916521275,-2.982476817019837,-95.04669855217259,-119.27346855020028,-1350.6223837261593,-6.487870727553123e-05,0.0007346699592011032,-0.0005288762619430268,2.899253490401592e-10,0.5566522980770446,0.01179327964681751,-0.5565273573775389,0.00040809879820083,8.64601344023627e-06,-0.00040800720035871063
407380.2778041128,-3.0299978007960187,-95.04179174400363,-118.70902576759293,-1345.545806971577,-6.506082364015905e-05,0.0007374529264398356,-0.0005256765680715477,2.903498756852591e-10,0.555351055959751,0.011952002727150548,-0.5552224283892183,0.00040867279749908316,8.795262632174207e-06,-0.0004085781427964028
408319.3863326921,-3.0711482131636663,-95.04312705859653,-118.35813307159242,-1341.2114404516149,-6.52881874953082e-05,0.0007398330957289684,-0.00052277809387515,2.9061824938878067e-10,0.5542348683702595,0.012053840657425296,-0.5541037756980224,0.0004091573383208973,8.898605341159364e-06,-0.00040906056070565334
409260.65973001096,-3.1199048786625716,-95.09481019272204,-119.19259037903647,-1336.8944250575876,-6.616320584072327e-05,0.0007421033534980347,-0.0005198969191914976,2.9088613376950537e-10,0.5532050906426744,0.011671373548513789,-0.5530819571749386,0.00040967175968824397,8.64314559008078e-06,-0.0004095805741491788
410204.1029866068,-3.181202659370771,-95.15516291649057,-120.12543666512403,-1331.49967849634,-6.720975252596156e-05,0.0007449693117837209,-0.0005166080836711694,2.9139296714246416e-10,0.5519477900523146,0.011202402027405632,-0.5518340956596017,0.00041034655579436714,8.328445500495683e-06,-0.0004102620294980331
411149.7211045223,-3.2220763410193936,-95.17299325175689,-120.1803822718153,-1327.4922634356608,-6.764327151267719e-05,0.0007471761855729738,-0.0005138686585374655,2.916004117795629e-10,0.550931730493315,0.011149250033369586,-0.5508189048027057,0.0004108045964847984,8.313485877760844e-06,-0.00041072046752700105
412097.5190973302,-3.2866809990492234,-95.16903702484127,-119.48916536602763,-1320.8728857783224,-6.793083057959299e-05,0.0007509299436992817,-0.0005101303434880067,2.9238770493913856e-10,0.5491748413600469,0.011290359762765717,-0.5490587711340745,0.00041153770857908024,8.460709478779271e-06,-0.0004114507284932616
413047.5019901614,-3.3228386802128576,-95.21654929135407,-120.31299432390884,-1317.800042821225,-6.870818714503263e-05,0.0007525675216604572,-0.0005077730522788758,2.92395452751852e-10,0.5483825138402675,0.010958283805511492,-0.5482730136545196,0.00041185953926479443,8.230156150794852e-06,-0.0004117772997788274
413999.67481973046,-3.3622026540620125,-95.20264416361836,-119.60027979815787,-1313.5142335467515,-6.875065464032829e-05,0.0007550564562903234,-0.0005049576021564661,2.926748122163409e-10,0.5469685496989014,0.01120156254815966,-0.546853837287624,0.00041213540573297787,8.44026686391834e-06,-0.00041204897106284844
414954.04263436305,-3.4190441867911354,-95.27083747613123,-120.74095832361913,-1308.790353420712,-6.989303599326045e-05,0.0007576164091234619,-0.0005019843954175886,2.9305561456577493e-10,0.5460051188393451,0.010670992912545838,-0.5459008332188436,0.0004128376009090458,8.068398923983502e-06,-0.00041275874995345653
415910.6104940221,-3.4592237847801814,-95.26710267218506,-120.26955728539568,-1304.6101784262407,-7.006786208463526e-05,0.000760053068452438,-0.0004992302515627216,2.933184417348225e-10,0.544929097931888,0.010824401034342783,-0.5448215800747149,0.0004133348710560696,8.210430352809842e-06,-0.00041325331754791676
416869.3834703355,-3.5130006230759703,-95.27544537067814,-119.97377236166811,-1299.3319719550666,-7.046266668768057e-05,0.0007631200874514505,-0.0004960669078944348,2.9383261934134487e-10,0.543341830566832,0.010852602408137589,-0.5432334358861639,0.00041378764379382276,8.264912669818927e-06,-0.0004137050946930722
417830.3666466218,-3.554342693644745,-95.31485633276418,-120.53879356970182,-1295.71585331959,-7.118113889443425e-05,0.0007651522583850122,-0.0004935485770299583,2.9397497301260883e-10,0.5425933485974679,0.010603452250738847,-0.5424897314627989,0.00041433247737201887,8.096956313785964e-06,-0.0004142533537627513
418793.5651179184,-3.6073083191919357,-95.35611329231841,-121.04218336476893,-1291.0467322211296,-7.198666413391049e-05,0.0007678161853170612,-0.0004906390315184904,2.943595761188455e-10,0.5411124234328234,0.010323829505246348,-0.5410139308166563,0.0004146560745158635,7.911181542384132e-06,-0.0004145805993284162
419758.98399100755,-3.642987846279949,-95.34813972853925,-120.5090624496377,-1287.2879679406328,-7.20906327656431e-05,0.0007700782187997025,-0.0004880854278150771,2.9454009438079566e-10,0.5400807937735018,0.010518224073372837,-0.5399783613862301,0.0004150673092976698,8.083551600162531e-06,-0.00041498858712154363
420726.62838444416,-3.683361792260408,-95.36402825786423,-120.50935927228538,-1283.4558439513908,-7.25181775511174e-05,0.0007723373465158836,-0.0004855132240842892,2.9474008189613526e-10,0.5390811364981413,0.010488277225498827,-0.5389790977106336,0.0004155130954033116,8.084156985578553e-06,-0.0004154344459207422
421696.5034285822,-3.731400612176987,-95.38019780646336,-120.44829897928467,-1278.9275618248464,-7.299173621121163e-05,0.0007750308141920897,-0.0004826875292205556,2.95103380707254e-10,0.5379062733209371,0.010452637629584918,-0.5378047054875992,0.00041605226260182096,8.084760769003044e-06,-0.0004159737033267879
422668.6142656029,-3.773678515325696,-95.38802804732697,-120.23795262912155,-1274.8277546360964,-7.33317892276494e-05,0.0007775032604962177,-0.00048003360527161906,2.9537152250095694e-10,0.536659748838384,0.010494069651339368,-0.5365571363102257,0.0004164053740199016,8.142565205636164e-06,-0.0004163257548417178
423642.9660495411,-3.834332816192835,-95.46961438228143,-121.62118797307242,-1270.1443766393934,-7.470320731290841e-05,0.0007801589531128837,-0.0004771700988395356,2.957787994664895e-10,0.5353725541794755,0.00984565459492917,-0.5352820143197908,0.0004168695539355473,7.666350482762464e-06,-0.0004167990547838342
424619.56394631276,-3.8642747786691327,-95.45013706807288,-120.8670294650717,-1266.8068420923225,-7.463653295943247e-05,0.0007822651970641952,-0.0004748216709278123,2.958759949054351e-10,0.5343781405549349,0.010148009541288914,-0.5342817749140426,0.0004171926256923404,7.922619629771357e-06,-0.0004171173923852507
425598.4131337431,-3.907109851454452,-95.45454092704657,-120.56834246863727,-1262.649861437639,-7.494203062810461e-05,0.0007848291073010809,-0.000472175084870316,2.961673614434805e-10,0.5330302583809834,0.010220426277018715,-0.5329322651485965,0.0004174948144094309,8.005127109799795e-06,-0.00041741806141891023
426579.5188015926,-3.950706206098907,-95.47141979379425,-120.55804801135497,-1258.623548477845,-7.541158467314517e-05,0.0007872953972240138,-0.000469586912646128,2.9643145017256205e-10,0.5318809899725531,0.010180718126315862,-0.5317835466358616,0.00041790299449885935,7.999068722790348e-06,-0.00041782643251795564
427562.8861515862,-3.988736249183913,-95.46342428949073,-120.01012360104951,-1254.747989475769,-7.553531299820251e-05,0.000789748225191301,-0.00046706426429371045,2.9666316323451954e-10,0.530747762685934,0.010372079811585024,-0.5306464053929949,0.0004182935985682509,8.174456670469894e-06,-0.00041821371673023784
428548.5203974394,-4.028472040861391,-95.44757846522643,-119.26552409529532,-1250.612133050623,-7.556796979451195e-05,0.0007924018329010776,-0.00046445406620728363,2.9695968501740457e-10,0.5291948417860746,0.010626963366783468,-0.5290881289753055,0.0004184473451195254,8.403000665132353e-06,-0.00041836296468186686
429536.4267648873,-4.073289460251015,-95.49574081370024,-119.9772113603426,-1246.9825915782435,-7.644976460010746e-05,0.0007945802749179387,-0.0004620410075438171,2.971390572160719e-10,0.5282767018665825,0.010303523156497251,-0.5281762122110363,0.00041889069798389496,8.170055562678185e-06,-0.0004188110159123533
430526.61049171054,-4.106703526507146,-95.49449275525221,-119.63006252508166,-1243.6586703332077,-7.663689775410932e-05,0.0007967072853393758,-0.00045974957198710717,2.972479921220035e-10,0.5272612022129815,0.010434219555850603,-0.527157948267252,0.0004191909316918317,8.29556621791289e-06,-0.00041910884122598765
431519.07682776527,-4.148177959277521,-95.51785242335365,-119.78707786288503,-1239.9865487438472,-7.718659379018082e-05,0.0007990038637784867,-0.0004573378077530792,2.974425924304012e-10,0.5262957880857855,0.010339660178259187,-0.526194211279672,0.00041963312476022346,8.244154727786882e-06,-0.00041955213419651865
432513.8310350086,-4.205817509589508,-95.57131698940417,-120.50110278005643,-1235.33281282453,-7.821863641380053e-05,0.0008018685796820071,-0.0004545734943415603,2.978764396809074e-10,0.5249604403670092,0.009962695230270486,-0.5248658958763399,0.0004200942020139667,7.972544559248759e-06,-0.00042001854375610875
433510.8783875289,-4.246964064775766,-95.56548301869921,-119.97989532863721,-1231.2870716446155,-7.839450749684481e-05,0.0008045193180442182,-0.0004520426904770902,2.981678489141941e-10,0.523814809272621,0.010133323536302785,-0.5237167843094405,0.0004205458732530072,8.135561118341311e-06,-0.00042046717369543146
434510.22417157143,-4.273087097702885,-95.54950704844838,-119.3561184044873,-1228.4340536602203,-7.835385243940041e-05,0.0008064315584211282,-0.000449958001046343,2.9817297915796183e-10,0.5227061650371357,0.010396656065050445,-0.5226027597616515,0.0004206287399345869,8.366330134760816e-06,-0.00042054552830702473
435511.8736855686,-4.315376353095766,-95.55252872757758,-119.03321383524286,-1224.4397704858181,-7.865171827160566e-05,0.0008090539502873331,-0.0004474634419079475,2.984576426130452e-10,0.5213369123554832,0.010480938067119226,-0.5212315475118346,0.0004208800987407525,8.461357989508675e-06,-0.0004207950367304716
436515.83224016585,-4.3564662473697116,-95.57105704387408,-119.07743228571485,-1220.7951888372834,-7.914644293742382e-05,0.0008114182082777646,-0.00044510547947172356,2.986601800540974e-10,0.5202606402722745,0.010430121969311546,-0.5201560788573198,0.00042123860647791964,8.444940292712107e-06,-0.00042115394640310824
437522.10515825206,-4.385493013107624,-95.56668333546041,-118.69928844167092,-1217.8805916116262,-7.927435541452655e-05,0.000813372178884772,-0.00044302153871874224,2.986863818896644e-10,0.5191776173552582,0.01058708381521159,-0.5190696600832808,0.0004213575361697455,8.592334111637264e-06,-0.0004212699195071402
438530.6977749856,-4.426359441797629,-95.55407861257864,-118.03333943305192,-1213.8135786635376,-7.936213394961344e-05,0.0008161324273502726,-0.0004405265857476869,2.989979013901631e-10,0.5180001494969515,0.010816050457938414,-0.5178872154546349,0.0004218061653974162,8.807481567019931e-06,-0.0004217142035024657
439541.6154378245,-4.469905404541249,-95.56530666571905,-117.89018702982607,-1209.880134828119,-7.977907955428008e-05,0.0008187545202822979,-0.00043808913022894954,2.992800622968215e-10,0.5165375253918927,0.010823270731695103,-0.5164241202235316,0.0004219611122390839,8.841563548642172e-06,-0.000421868471204071
440554.8635065532,-4.521945799684735,-95.62515164542612,-118.77866003401927,-1205.9472525254598,-8.08889084149977e-05,0.0008212565862833566,-0.0004356607592976036,2.995655162954454e-10,0.5156612747903551,0.010405458637191745,-0.5155562789346705,0.0004225623034841176,8.526827174152368e-06,-0.0004224762638825353
441570.4473533125,-4.541298951758838,-95.60629802869185,-118.15632448579078,-1203.68901583867,-8.0772525033611e-05,0.0008228505887232775,-0.0004338448326068801,2.9943725593211393e-10,0.5145025141927763,0.010690378886007223,-0.5143914393824625,0.00042240380983388443,8.77674383594017e-06,-0.0004223126180092405
442588.3723626264,-4.5733358978212575,-95.59663844284225,-117.6364354274587,-1200.4744021112995,-8.085105512957334e-05,0.0008250812914727829,-0.0004316910408906052,2.995485541356616e-10,0.5136281443000071,0.010897895868037941,-0.5135125183310709,0.00042280846543241824,8.970930973198516e-06,-0.00042271328443614176
443608.64393143257,-4.632512027951718,-95.64083131200127,-118.1032326191823,-1195.735086941815,-8.180419433756971e-05,0.0008282258093971239,-0.0004289978392409829,3.0004414643650655e-10,0.512324066559774,0.010614220455734435,-0.5122141031838745,0.00042336065244118345,8.771095465939822e-06,-0.000423269783849204
444631.26746910857,-4.660133288222471,-95.61875722304035,-117.34292795756373,-1192.7350006367933,-8.169316336560604e-05,0.0008303721149188955,-0.0004269372962243356,3.0010702931602815e-10,0.511094774194248,0.010924660849060066,-0.5109780034345924,0.00042340941528556085,9.05038457805785e-06,-0.00042331267816054103
445656.2483975033,-4.700585949706186,-95.62440434453862,-117.0993801938714,-1189.0566863119552,-8.202717811509786e-05,0.000832924687010115,-0.000424641750056246,3.003430399876539e-10,0.5098015420678865,0.010985785685673436,-0.5096831611968984,0.0004236265545150796,9.12878866506684e-06,-0.0004235281843134247
446683.592150963,-4.746885646695953,-95.63344082526206,-116.88299702264385,-1184.9433657455295,-8.244246018174787e-05,0.0008357900527582862,-0.00042219951047275576,3.0069245983186057e-10,0.5083583922760129,0.011013448422231993,-0.5082390765686001,0.0004238731888360793,9.183099116181225e-06,-0.0004237737024694772
447713.3041763626,-4.780784570289242,-95.64186027475556,-116.75685637454525,-1181.8867214090162,-8.277760919823453e-05,0.000837927297627272,-0.0004201418902057497,3.0077676106931133e-10,0.5074917046247975,0.011059107433281066,-0.5073711919352161,0.00042422472527901,9.244578325045344e-06,-0.00042412398577496604
448745.38993313204,-4.80507642678081,-95.63720377241367,-116.41990302666477,-1179.455642105513,-8.288065444131321e-05,0.0008396679000824685,-0.00041831336835948237,3.0070352517281565e-10,0.5064092595792116,0.01121567143873385,-0.5062850451097125,0.00042418173848158923,9.39454190287426e-06,-0.0004240776931691863
449779.854893288,-4.857844617465532,-95.63628865001837,-115.92995772113966,-1174.683912293225,-8.320399279753873e-05,0.0008430814062136732,-0.00041566279409367815,3.012306165251574e-10,0.5048985126923505,0.011329174711136626,-0.5047713917401739,0.0004246207421936712,9.527860457802234e-06,-0.0004245138331976955
450816.70454146,-4.883790445722897,-95.64596371022812,-115.89851512379923,-1172.3398400119167,-8.351161232593877e-05,0.0008447389522527553,-0.00041387925212584676,3.011387252320635e-10,0.5039663645673569,0.011362133148677405,-0.5038382662576849,0.00042466293908465354,9.574204146204734e-06,-0.00042455499814156344
451855.9443749224,-4.912119478186346,-95.58161812326755,-114.21339414314227,-1168.6989501495098,-8.282923622352941e-05,0.0008475576979596915,-0.00041164494396530096,3.0138211600104577e-10,0.5026532680637096,0.01203577639945434,-0.5025091521371424,0.0004249085860225087,1.0174219599278582e-05,-0.0004247867603059132
452897.57990362064,-4.960162801884077,-95.56978651300972,-113.53088423399574,-1164.1985427215438,-8.297539993646089e-05,0.0008508683812297759,-0.0004091166767858314,3.0185132065941007e-10,0.5011502274903459,0.012242035054789288,-0.5010006817274232,0.0004252698513017193,1.0388438719168232e-05,-0.0004251429486268878
453941.61665020324,-4.975062362580579,-95.52244730372448,-112.3418858617703,-1161.9433830487271,-8.243865495237995e-05,0.000852656592815413,-0.00040738506059387477,3.0174158309071423e-10,0.500203285079564,0.012770890407088705,-0.5000402291442138,0.0004253097830250388,1.0858754410642224e-05,-0.000425171140823851
454988.0601500485,-4.993705203546593,-95.51989421358032,-112.1061466187857,-1160.0447859357907,-8.253587787802756e-05,0.0008540594576907431,-0.00040578397118547113,3.015403088035524e-10,0.49950377993850686,0.01291423062519782,-0.4993368089979103,0.0004253974369360112,1.0998276346649493e-05,-0.00042525523779152956
456036.9159512962,-5.028077540042112,-95.4844989118335,-111.02842556882162,-1156.3533512587394,-8.227494587140329e-05,0.000856887854579692,-0.0004035623989557945,3.0180718057973477e-10,0.49797655809709235,0.01332110337594322,-0.4977983533711961,0.0004254613699743445,1.1381288536063238e-05,-0.00042530911536399604
457088.18961487495,-5.040747315202827,-95.49006039981515,-111.01897691415937,-1155.0764566689097,-8.244839546608273e-05,0.000857819114714375,-0.0004021896253386502,3.014459127341814e-10,0.49751067019357476,0.013399376761780402,-0.497330195804413,0.0004255145911714141,1.1460317670216616e-05,-0.00042536023370629445
458141.8867145335,-5.0621954456834874,-95.46352958357502,-110.24194015282337,-1152.595852282734,-8.22314138481353e-05,0.0008597416409518656,-0.0004004028721179008,3.013998828959299e-10,0.49651551055818427,0.013741440731557038,-0.49632532177139166,0.0004255815684860325,1.1778290457068383e-05,-0.0004254185507343803
459198.0128368685,-5.081099347412223,-95.47559512956079,-110.3246010462519,-1150.9029295895955,-8.253201999173482e-05,0.0008609715575006984,-0.00039889521544641366,3.011490074259558e-10,0.4961231739623458,0.013765387089580788,-0.4959321706249213,0.0004258474081551692,1.181552227752923e-05,-0.0004256834604090045
460256.5735813561,-5.122273546321214,-95.48905139124528,-110.26065655148773,-1147.3988267874652,-8.29850180070897e-05,0.0008635619928293147,-0.00039676607671261684,3.013739637907139e-10,0.49503085741401465,0.013758107195115204,-0.4948396349106064,0.0004261829844810037,1.1844657959008617e-05,-0.0004260183568098557
461317.5745603793,-5.146890979876013,-95.48808867989784,-110.01549671932943,-1145.049696030684,-8.314086068108008e-05,0.0008653364306800764,-0.000395043088013338,3.0129768571494514e-10,0.49421181367943634,0.013882967966635015,-0.4940167810720151,0.0004263364761233643,1.1976273082107823e-05,-0.0004261682294075319
462381.0213992603,-5.1604706746986295,-95.55034342005662,-111.22267621867803,-1144.5496636143866,-8.410894520252549e-05,0.0008655327151923448,-0.00039396239929385447,3.007360488671024e-10,0.4940144901442683,0.013480439031692265,-0.4938305318993695,0.00042629265561191837,1.1632476917744774e-05,-0.0004261339152302006
463446.9197362879,-5.189024148963393,-95.57829039626694,-111.56790270727123,-1142.3140830945313,-8.469252134420376e-05,0.0008671442011248181,-0.00039228857749541626,3.006315808654256e-10,0.4931656095769473,0.013356467548192556,-0.4929847089353138,0.0004263576386835552,1.154709869142324e-05,-0.0004262012442211162
464515.27522274945,-5.246234285120371,-95.6685824576966,-113.0243976022074,-1138.675902594915,-8.632051418820825e-05,0.0008696448863337763,-0.00039013980410160427,3.008984854237481e-10,0.4922208313955551,0.012695163359660665,-0.4920570898655999,0.00042681907895698894,1.1008347446442121e-05,-0.0004266770938873925
465586.09352295886,-5.294663071884863,-95.73936338071937,-114.12397701361834,-1135.4808120340726,-8.762987636447927e-05,0.0008718767587367797,-0.00038815030460593095,3.010511787239485e-10,0.4912502338466046,0.012203193616365671,-0.4910986401120504,0.00042710812621308083,1.0609833441685183e-05,-0.0004269763259380884
466659.38031428866,-5.333465891799466,-95.74727198762632,-113.94649174332824,-1132.1443604855524,-8.800760157211818e-05,0.0008744219174748483,-0.0003861196814334586,3.01243943420034e-10,0.4901271843178005,0.012247397282506811,-0.48997414020241886,0.00042736626312855485,1.0679114681143509e-05,-0.00042723281635437623
467735.1412871981,-5.36007045177996,-95.82443412293597,-115.35255960205218,-1130.8279513621926,-8.927677236101009e-05,0.0008752009486526711,-0.00038478369991718284,3.0090097638413726e-10,0.48964112967806456,0.011715940954405984,-0.48950094238925024,0.0004273657277518668,1.0225839556349517e-05,-0.00042724337029642785
468813.38214526523,-5.419630193516378,-95.83523296536747,-115.06289056021814,-1125.8863080925826,-8.983256576801432e-05,0.0008790084737711461,-0.00038222110997014093,3.015265745077203e-10,0.4879784178883335,0.011723956681026227,-0.48783756022321867,0.0004277601561504416,1.0277178983199228e-05,-0.0004276366808191242
469894.1086052153,-5.451837901158586,-95.8815603643572,-115.75540969185882,-1123.6786799783013,-9.071363137985736e-05,0.0008805892859461355,-0.00038059429367261,3.0142411241758143e-10,0.48709211973889005,0.011448732363331418,-0.4869575542477989,0.0004277710488937717,1.0054435399594773e-05,-0.00042765287161490334
470977.32639695297,-5.51366339137199,-96.01593066571361,-118.07649259242191,-1120.4259806110013,-9.30251509665712e-05,0.0008827141940350645,-0.00037861978313692896,3.016039054499133e-10,0.4860930154318534,0.0104253830026252,-0.4859812044111178,0.0004280126843402463,9.179716685014486e-06,-0.0004279142329459563
472063.04126359045,-5.54861914409936,-96.00009804927544,-117.41369105817985,-1117.0982593812562,-9.306031803585849e-05,0.0008853952069679122,-0.0003766270484212804,3.018066164701565e-10,0.48477639014103713,0.010670840038755347,-0.4846589332830277,0.0004281216647752577,9.423762986092027e-06,-0.0004280179348358198
473151.2589614805,-5.583401988325666,-95.95750226659653,-116.18765853646738,-1113.3951897244326,-9.271659815867866e-05,0.0008884783091233871,-0.00037451522045682273,3.0211395824675586e-10,0.48322497922828234,0.011135475511192813,-0.48309665879129565,0.0004281884591377712,9.867209490119354e-06,-0.0004280747536536777
474241.9852602446,-5.640557374739443,-96.0142135886358,-116.88215340001824,-1109.4119033239358,-9.392227107134396e-05,0.0008914832802331829,-0.000372317074039952,3.025013452614906e-10,0.48207806243611684,0.01077161608283655,-0.48195770620369227,0.00042864554221451923,9.577712773366374e-06,-0.00042853852601418475
475335.22594280535,-5.681361914512645,-96.07110056591937,-117.71096941622042,-1106.7320801708381,-9.50269241844811e-05,0.00089345407651052,-0.0003705634920874956,3.025363986985043e-10,0.481162096643405,0.010413191769051436,-0.48104940357873677,0.0004288060170456206,9.28011436970778e-06,-0.0004287055863081495
476430.9868054156,-5.727764356625791,-96.07555453452537,-117.38469846395476,-1102.8492601660746,-9.543039592774088e-05,0.0008965848438805014,-0.00036841413783263876,3.029032795298851e-10,0.47973124241074616,0.01048449344825752,-0.47961665978371887,0.00042901648867380395,9.376125978561423e-06,-0.0004289140191409396
477529.2736576909,-5.752457352431768,-96.09545494987827,-117.5636347614314,-1100.8971124758818,-9.59080200331057e-05,0.0008981081822792014,-0.0003669161807485956,3.027425042376788e-10,0.4789084378125457,0.010439835278183644,-0.47879463410466216,0.00042900811458977136,9.352046645447555e-06,-0.00042890616876819544
478630.09232263826,-5.815822592037224,-96.13474132278085,-117.82630433209465,-1096.23724516519,-9.692699043125185e-05,0.0009017933438107972,-0.00036452278945276373,3.033301489022887e-10,0.47754659968596797,0.010222318992349107,-0.47743717813556247,0.00042955885071530346,9.19509761117817e-06,-0.0004294604247282551
479733.44863668917,-5.853708208001623,-96.1628828839725,-118.06483034288992,-1093.401943138352,-9.761723078917236e-05,0.0009040361089638731,-0.0003627437789282459,3.034172656787983e-10,0.47634774722492035,0.0101022429691083,-0.4762406124778206,0.0004295525572516168,9.109824338706596e-06,-0.0004294559471493222
480839.34844972845,-5.889965661621107,-96.14745886928297,-117.4066487130041,-1090.0556919548283,-9.767561461360468e-05,0.0009068639710091055,-0.0003608019022973228,3.036487129302641e-10,0.47504166500358136,0.010341820375459044,-0.47492907916940247,0.0004296859270218656,9.35441036543444e-06,-0.0004295840905892059
481947.7976251274,-5.931281521273448,-96.18821417630392,-117.87727508121839,-1087.1615600577184,-9.857481680506816e-05,0.0009091383521239606,-0.00035901634383495555,3.037568241224498e-10,0.47400765265471456,0.010121650715433592,-0.4738995747645563,0.00042984253860865556,9.178577632798934e-06,-0.00042974453075073825
483058.80203977256,-5.965188133393571,-96.17363117924585,-117.2580169802577,-1084.0247411234532,-9.863071138043306e-05,0.0009118193717108263,-0.0003571571312957976,3.0393515577657475e-10,0.47289394382729055,0.010357616090641645,-0.47278050075848893,0.0004300688401155097,9.419634141245954e-06,-0.0004299656704097955
484172.3675840994,-6.002170812917792,-96.18138168152556,-117.07781621926685,-1080.9911449304382,-9.902973843984705e-05,0.0009143514441520255,-0.0003553385027169336,3.0408709886546527e-10,0.4716603187195785,0.010406167964235456,-0.4715455099170752,0.00043012779788442144,9.489842442168991e-06,-0.00043002309868578516
485288.50016212097,-6.034742282405009,-96.18519745064184,-116.85278388378117,-1078.242601647333,-9.934250665519443e-05,0.000916668985281502,-0.0003536198361327525,3.0416108218956436e-10,0.47050505247678714,0.01048867880508769,-0.47038812912647776,0.0004301482373708339,9.589029228500968e-06,-0.0004300413429330838
486407.2056914617,-6.075606717475649,-96.20727160294129,-116.93593496631887,-1075.1426894397687,-9.997892744070164e-05,0.0009192350748883166,-0.00035179222583720334,3.043364885618277e-10,0.46934668111666955,0.010421369583323053,-0.4692309688535492,0.00043029164744060587,9.554191958759828e-06,-0.00043018556376657485
487528.4901033863,-6.118068922731253,-96.22774021529045,-116.97167350210522,-1071.9086895966864,-0.00010060602923288829,0.0009219366854541097,-0.0003499273785133891,3.0455262002406303e-10,0.46821770127976503,0.010368341698890853,-0.4681028874960315,0.00043051810686153423,9.53351149967064e-06,-0.00043041253756614137
488652.35934283363,-6.14576543032869,-96.22558151235013,-116.66379664236011,-1069.4609964713927,-0.00010080188739366084,0.0009240543342567561,-0.0003483253498690028,3.0454759993422747e-10,0.4672006244890303,0.010502690969105112,-0.4670825590892336,0.0004305509721097454,9.678805141714067e-06,-0.0004304421683753527
489778.81936844613,-6.186603672179951,-96.23076100216657,-116.39909557437677,-1066.1404482248486,-0.00010119863506799227,0.0009269140590718016,-0.0003464452027223071,3.0479350720957725e-10,0.4659090091212418,0.010570745296211544,-0.4657890768622854,0.00043067669891010016,9.771379389676405e-06,-0.00043056583599831056
490907.8761526032,-6.235541647156941,-96.28127107752562,-116.99311115923553,-1062.8956661798527,-0.00010231727522428428,0.0009295640344430483,-0.00034459642527896647,3.0502082779043993e-10,0.46495684616577926,0.010278576630913337,-0.4648432205151222,0.00043104986349147735,9.52901132691822e-06,-0.0004309445239925352
492039.53568145086,-6.275153660589013,-96.33564023817269,-117.73871226289285,-1060.4159068547578,-0.00010342979033296528,0.0009315423347491098,-0.0003430017733747162,3.0503094335633376e-10,0.4640257399068086,0.009957028469823796,-0.46391889903313094,0.00043113024097258623,9.251159395658012e-06,-0.0004310309742128939
493173.8039549359,-6.323306654350608,-96.37009591175655,-118.00495724388526,-1057.017857478641,-0.00010431728578624021,0.0009344118797642495,-0.00034111628720957435,3.0530773491719394e-10,0.4628767583700394,0.009793299357443129,-0.4627731460735933,0.0004313991149191814,9.127312180928488e-06,-0.0004313025487119279
494310.6869868354,-6.360932410405599,-96.37770211968451,-117.81127307724958,-1054.0139559546137,-0.00010473743198885668,0.0009370471275250173,-0.0003393645648257806,3.0547366136603367e-10,0.4615857300572268,0.009843862313186518,-0.4614807521091449,0.0004313981923124237,9.200077322049293e-06,-0.00043130007988371067
495450.1908047903,-6.393935330012558,-96.35103275572708,-116.96263117617774,-1050.852052017766,-0.00010462051807592336,0.0009399642005115726,-0.0003375683401498287,3.0568811578521204e-10,0.4602758594900145,0.010169174523555369,-0.46016350867792744,0.0004314733202319894,9.532821253234083e-06,-0.0004313679999617157
496592.321450336,-6.431429693359783,-96.35072220941689,-116.61230925261788,-1047.7562349835555,-0.00010492459507054242,0.0009427426606408419,-0.0003357997632060919,3.058861953655167e-10,0.4589883285827757,0.010282186655717302,-0.45887314413984515,0.0004315204345317352,9.666855075185988e-06,-0.00043141214323592344
497737.08497893607,-6.480639856274043,-96.41050112199305,-117.37574635493719,-1044.699832457444,-0.0001062055936691989,0.0009452801737825835,-0.0003340501389200556,3.0607552746027974e-10,0.45804925559658344,0.009922361122288729,-0.45794177282962856,0.0004318294683491029,9.354382472743198e-06,-0.00043172813814161163
498884.4874600122,-6.504479833987658,-96.39327568308433,-116.79649467509495,-1042.3685473593007,-0.00010616187631310113,0.0009474582358422567,-0.00033253811454510014,3.060545449618528e-10,0.45697748039605773,0.010175476248334423,-0.45686417814515606,0.000431779480594029,9.614394664469814e-06,-0.00043167242589408613
500034.5349769786,-6.532726142748356,-96.37435401453939,-116.14920640456903,-1039.694399138674,-0.00010612514697175492,0.0009499653448339168,-0.00033092214907815573,3.0613601681102993e-10,0.4560290873003596,0.010443918829725158,-0.4559094789796294,0.0004319898429911693,9.89337518396917e-06,-0.00043187653973676823
501187.23362727225,-6.592134252153421,-96.43567768572768,-116.85374585406174,-1035.9508369773657,-0.00010751608815073197,0.0009531691148984378,-0.0003289722591532551,3.0653564711508955e-10,0.4546701961950121,0.010065178906188387,-0.4545587745073207,0.00043218921610393057,9.567510291669958e-06,-0.00043208330361557457
502342.5895223872,-6.624233903856945,-96.42473852327743,-116.33584279478553,-1033.1303408487554,-0.00010762944617109873,0.0009558124455612236,-0.0003273220388512694,3.0666556721272445e-10,0.4535276751693502,0.010265304941741774,-0.45341148602452575,0.00043227149221699326,9.784185019298412e-06,-0.00043216074868851083
503500.6087879047,-6.659641846537533,-96.42190012155717,-115.9538512674929,-1030.197001105788,-0.0001078890220712361,0.0009585446776892276,-0.0003256419996773034,3.0683143438373876e-10,0.45227970588067895,0.010398232664427739,-0.45216015869265824,0.0004322938584245299,9.938743792513539e-06,-0.0004321795939229365
504661.2975635284,-6.7217583108667975,-96.49529949178105,-116.86752412977667,-1026.4818010126696,-0.00010949593930018376,0.0009617350056258213,-0.0003237213818729029,3.072337188208663e-10,0.4511081360187462,0.009932270739685547,-0.4509987809077329,0.0004326537717795114,9.525951883256776e-06,-0.00043254889027225055
505824.66200311406,-6.739518649241234,-96.45052434001076,-115.79815588652025,-1024.209808444859,-0.00010899522495684462,0.0009640393460484214,-0.000322261973411251,3.072070663374708e-10,0.4500527046778291,0.010399354126611072,-0.4499325398563418,0.000432619191546577,9.99651847016813e-06,-0.0004325036815021226
506990.7082747045,-6.794579598920518,-96.55321487559506,-117.3415084423335,-1021.4575473117787,-0.00011099854639534559,0.0009662420780271645,-0.00032065679934533884,3.073263584430711e-10,0.449061893419856,0.009710521732513206,-0.4489568909032453,0.00043272318541391733,9.357213243198758e-06,-0.0004326220033182418
508159.4425605604,-6.82864580505788,-96.52270268589088,-116.42306857846745,-1018.2448526573096,-0.00011083932574556381,0.0009694090208278621,-0.0003189130969636089,3.0758695183409e-10,0.44782962987073727,0.010060940240516117,-0.4477166010677271,0.0004329053640168185,9.725651691312279e-06,-0.00043279610198534996
509330.87105719553,-6.876021610689943,-96.56902555074906,-116.91012465564539,-1015.2313739211008,-0.00011194398501075883,0.0009721061032089822,-0.0003172379698998746,3.077904221200843e-10,0.4466580465356119,0.009812171920354204,-0.44655025676536597,0.000432995816364775,9.512040416418535e-06,-0.00043289132363275013
510504.9999754062,-6.9112644174360485,-96.5854722826806,-116.90673474226097,-1012.6441609063622,-0.00011250601891976191,0.0009745252348129542,-0.0003157017537715723,3.078670914950707e-10,0.4456682328365862,0.009801110607864592,-0.44556044706699227,0.00043310721536584236,9.524869421019171e-06,-0.0004330024675039008
511681.83554030786,-6.965485760906769,-96.63261751463119,-117.34884496007264,-1009.1842690137844,-0.00011368548479763142,0.0009776798647827471,-0.0003138994854771862,3.0821208219004657e-10,0.444422034796062,0.009546603471929541,-0.4443194879525564,0.0004333169066579177,9.308054870511792e-06,-0.00043321692223424757
512861.38399136486,-7.008055803972594,-96.64836417288386,-117.26949419160104,-1006.091725992667,-0.00011430079447513691,0.0009806223211633821,-0.00031221783583980215,3.0844842303652243e-10,0.44319677207245145,0.00953693372801512,-0.44309414989424983,0.00043341793466124604,9.326507727185727e-06,-0.0004333175767720886
514043.65158242616,-7.061491857134983,-96.67655107940541,-117.3433020848838,-1002.4363061320809,-0.00011519514323855402,0.0009840850889714962,-0.00031036798677421006,3.088611926662451e-10,0.44185253783086953,0.009428999101727675,-0.44175192038464256,0.0004336353029729306,9.253645802922252e-06,-0.00043353655673285425
515228.64458175644,-7.099162970019357,-96.69791294584599,-117.41128133562934,-999.7888930052229,-0.00011586297662271347,0.0009866046585998772,-0.00030883637011161155,3.089668064501375e-10,0.440730855637366,0.009379048094581647,-0.44063104812040227,0.0004336419603692097,9.228191650547705e-06,-0.0004335437581971536
516416.369272071,-7.141241489750307,-96.70514773888713,-117.16860982187828,-996.6360698251342,-0.00011635275144903119,0.0009896963793783126,-0.00030715439404048337,3.092313601773338e-10,0.4394078430723593,0.00943358006819,-0.4393065673542796,0.0004336824961506965,9.310663467006853e-06,-0.00043358254002358424
517606.83195056766,-7.177664827386252,-96.70656824629074,-116.8597781682755,-993.7966738058939,-0.00011670945211990525,0.0009925182739218754,-0.00030557489449752317,3.0940162676598986e-10,0.4383025510478947,0.009537102299854303,-0.43819877902022325,0.00043380722580359775,9.43928772719558e-06,-0.00043370451808416393
518800.0389289612,-7.225773778360071,-96.71266647370068,-116.54734499551812,-990.2309880735617,-0.0001172342564520036,0.000996067251527704,-0.0003037782280819355,3.098015731298487e-10,0.436865459832783,0.009597313342934665,-0.4367600274424235,0.0004339172262180433,9.532544840019236e-06,-0.00043381250534952725
519995.9965335159,-7.273377338997534,-96.73746417383944,-116.59878887257236,-986.9882103888036,-0.00011804591312986199,0.000999237862333932,-0.0003020870420233648,3.101045700987868e-10,0.43565448183924305,0.009520092844463689,-0.4355504510144056,0.00043409469355730886,9.48600773830564e-06,-0.00043399103519750577
521194.71110508055,-7.307731319096321,-96.73402250787403,-116.21463739975917,-984.2438736198571,-0.00011831570608230345,0.001002038224014251,-0.0003005542350235641,3.102540157151328e-10,0.43450371194830906,0.009658869131790341,-0.43439634200112004,0.0004341389431358051,9.650760445658441e-06,-0.0004340316633264149
522396.1889991198,-7.346567672341174,-96.726731180235,-115.72206190041706,-981.1443319208042,-0.00011856333795717415,0.0010052339640335506,-0.00029891866288491315,3.105183232456834e-10,0.43325409933002546,0.009823948292949233,-0.4331427069987546,0.0004342450002470501,9.846416769040608e-06,-0.00043413335314897297
523600.43658575026,-7.380098056459028,-96.68308053895777,-114.58129725892047,-977.8760890731661,-0.00011820175565694556,0.0010087743227605774,-0.00029723774548816046,3.108395737225533e-10,0.4317226771667881,0.010255593151673315,-0.4316008489208126,0.0004341756249571519,1.0313863045498116e-05,-0.00043405310451143206
524807.4602497725,-7.434052087838906,-96.72901387955173,-114.98432139757395,-974.5556588371929,-0.00011940466708771203,0.0010120205310387308,-0.00029554715237527007,3.111812951690481e-10,0.43054627614257235,0.010020058784217013,-0.430429662456245,0.0004344072137904618,1.0109913985243623e-05,-0.00043428955436713296
526017.2663907063,-7.454006124131136,-96.71894712138734,-114.59344397460426,-972.7113923174352,-0.00011945538441826942,0.0010139813349449565,-0.0002943094004335043,3.1105424265010707e-10,0.4296485029277663,0.01021212909729544,-0.42952712194618275,0.00043431259069900903,1.03229877785581e-05,-0.000434189892055318
527229.8614228227,-7.502338252048846,-96.75161599508677,-114.78666072575511,-969.5933099472277,-0.00012041141960103459,0.0010171051771019589,-0.0002926912516876144,3.11336845928579e-10,0.4285196535367887,0.01007847172176838,-0.4284011179666119,0.0004345154318726809,1.0219488083350718e-05,-0.0004343952377717977
528445.2517751806,-7.562403833244506,-96.76572919437972,-114.53503168592037,-965.4308750076519,-0.00012117864509884569,0.0010214307679316046,-0.00029076445564576867,3.1196002606956726e-10,0.4267428712267324,0.010068768115212474,-0.4266240711111805,0.00043454683289518436,1.0252898385962567e-05,-0.00043442586024996534
529663.4438916577,-7.627490374598298,-96.83773469521334,-115.33110607453989,-961.8075554375133,-0.0001229051300790582,0.0010249713779356916,-0.00028900696945648386,3.124150502090053e-10,0.425726174383593,0.009647048020277849,-0.42561685824199197,0.00043505942597314316,9.858541538147852e-06,-0.0004349477132792187
530884.4442309885,-7.656499550913848,-96.79052569243633,-114.17336960606575,-958.8351691208593,-0.00012245100358592302,0.001028351262097547,-0.0002874511740440831,3.126627738506131e-10,0.4241783792940899,0.010098335902990894,-0.4240581576535832,0.0004348441902599539,1.0352254883940234e-05,-0.00043472094569005175
532108.2592667942,-7.727289503753827,-96.84647019827399,-114.6183261641125,-954.6320403068863,-0.00012398412502235819,0.0010326378180247468,-0.00028553288809705154,3.133171194775878e-10,0.4227031216614372,0.00978737211150913,-0.4225897968591701,0.00043516872698066067,1.0076003805012845e-05,-0.000435052060205776
533334.8954876211,-7.774676497728397,-96.83265710531727,-113.94494834544405,-950.9605573906327,-0.0001242164794675658,0.001036684594331132,-0.00028378055640961925,3.138033874379759e-10,0.42109388580736773,0.009988160989845445,-0.42097541175749137,0.00043517802976668243,1.0322230664117912e-05,-0.00043505559316681385
534564.3593969716,-7.820871912208353,-96.8446316660513,-113.7621840819584,-947.7583585236808,-0.00012485043312504947,0.001040135107412492,-0.00028217449398583883,3.141394712220888e-10,0.4197667667511902,0.010005405753067007,-0.41964750723013305,0.00043524092576633673,1.0374242097192819e-05,-0.00043511726989726193
535796.6575133418,-7.870299537693639,-96.79999154996152,-112.50813193712307,-943.5227225098934,-0.00012460845976529494,0.0010449992474430376,-0.00028026734228597344,3.148239532509471e-10,0.4178459490948805,0.010421177883432173,-0.41771597554621165,0.0004352143131657307,1.0854349036386065e-05,-0.0004350789370807498
537031.7963702526,-7.908463978102559,-96.76770867657896,-111.57606044834725,-940.2116592202613,-0.00012446473452483258,0.0010488199179265393,-0.00027864147733697587,3.152060170297265e-10,0.4163901067906246,0.010755329318730238,-0.4162511788864428,0.00043523386806812106,1.1242062444320372e-05,-0.0004350886529726288
538269.7825162885,-7.951084591371273,-96.72010890815642,-110.33422491031665,-936.3941627436031,-0.0001241094185483839,0.0010533026825055693,-0.00027687186708930914,3.157631413032948e-10,0.4147863403732912,0.011194073483220691,-0.41463526246463894,0.00043534714426421466,1.174895952267405e-05,-0.0004351885774800868
539510.6225151276,-7.9941316316491,-96.64338674225229,-108.56639082118936,-932.1292296177471,-0.0001232796210388075,0.0010584540695999952,-0.00027497692965247416,3.164783494286382e-10,0.4129678719085587,0.01183316462094092,-0.4127983035863126,0.0004354692563047474,1.2477918375097684e-05,-0.0004352904487117012
540754.322945581,-8.03363555989238,-96.60429437509954,-107.51964055935021,-928.6554750476306,-0.00012302560803181906,0.0010625817187953498,-0.0002733221039789202,3.1693157443559807e-10,0.41142297084433294,0.012204668905391673,-0.41124190812134725,0.0004354766467593476,1.2918209887067738e-05,-0.00043528499827823067
542000.8904016238,-8.056870720526705,-96.49061764323004,-105.25207007935553,-925.1324375173073,-0.00012140528269240386,0.0010671140721509795,-0.00027165896413275034,3.1740679727023967e-10,0.4097177511908543,0.013101503181123615,-0.4095082248933296,0.0004354013977478404,1.3922786555083318e-05,-0.00043517873704411925
543250.3314924333,-8.109972427420185,-96.47343759139356,-104.51645692925287,-921.1256637562421,-0.00012161615280653473,0.0010718289039708712,-0.00026986030950567583,3.1805428365143686e-10,0.4082270518507035,0.013310888975780474,-0.40800998284036066,0.00043569807360928836,1.4206625108459654e-05,-0.0004354663972683455
544502.6528424212,-8.138340582343123,-96.35564542267095,-102.16422335121894,-917.223932171267,-0.00011994804843699284,0.0010768859884093224,-0.00026809919467828423,3.1867262210414253e-10,0.40625247613335314,0.014215575118483651,-0.40600368445191654,0.0004355145485359572,1.5239512725759132e-05,-0.0004352478365694194
545757.861091271,-8.144947643522507,-96.19350348924196,-99.19347553424346,-914.0567361795456,-0.00011734164423415355,0.001081290072446193,-0.00026655895993606235,3.190413527696674e-10,0.4045717519869627,0.015434974211970608,-0.4042772119188469,0.00043532977051133055,1.6608435335747314e-05,-0.0004350128377061371
547015.9628939716,-8.184275313667918,-96.05620927751144,-96.46028977715201,-909.1775072201034,-0.00011539577564362382,0.0010876521715389963,-0.0002645262738888191,3.200158204046322e-10,0.4024457147233451,0.016451114667914865,-0.4021093310598091,0.0004354566979859882,1.78005326169361e-05,-0.00043509272214025085
548276.9649208538,-8.200527240037607,-95.9281620891025,-94.0660734941137,-905.9035452883662,-0.00011339961194098544,0.001092095233443459,-0.0002629675080694463,3.204336910016531e-10,0.4009801500892039,0.017419979979566593,-0.40060157895728765,0.00043551965591947465,1.8920496900251043e-05,-0.0004351084755428986
549540.8738576245,-8.202212383005099,-95.71239875747504,-90.25496931104682,-902.262509683939,-0.00010976937388415844,0.0010973444622847295,-0.00026130820329099284,3.2098683419506864e-10,0.3991829967817486,0.0189767021016422,-0.3987316763150415,0.0004354629362337346,2.0701408837140687e-05,-0.00043497059728844106
550807.6964054035,-8.190969667733635,-95.41071254446663,-85.07225897179904,-898.1780577571144,-0.00010451636773087517,0.0011034655633567294,-0.00025952701569280443,3.217049108421222e-10,0.39705364111071406,0.021096144859454886,-0.39649280774226486,0.00043531126702837507,2.312883851787361e-05,-0.00043469639523541415
552077.4392807573,-8.140168222954134,-95.06397896655113,-79.3937357560508,-895.9506109865303,-9.813437215542787e-05,0.0011074368758965253,-0.00025828798345841085,3.2176296977297933e-10,0.3955597702411497,0.023539175067254385,-0.39485875838125245,0.00043497114763583317,2.588448766456305e-05,-0.00043420029084971474
553350.1092157367,-8.079125552164353,-94.65721726658349,-72.78854956386762,-893.51377619027,-9.057075502020353e-05,0.0011117987350400212,-0.00025699305346291005,3.21898445045538e-10,0.3941704473400571,0.0263814313897571,-0.39328661512195945,0.0004348661750412822,2.910515549299989e-05,-0.000433891092463032
554625.7129579107,-7.97693565422723,-94.21147915074194,-65.77103730583883,-893.1811243880368,-8.199871908514387e-05,0.0011135556182621696,-0.0002563065283515278,3.212777096434864e-10,0.3935830703177388,0.029528521252880965,-0.39247382036685746,0.0004346201267711169,3.260732134624117e-05,-0.0004333952205425952
555904.2572704037,-7.81007562137082,-93.68894901061556,-57.76828908826274,-896.0016408288858,-7.165893549765282e-05,0.0011114492881699968,-0.0002565245512897754,3.195297699032495e-10,0.3941274749529153,0.0332848999490061,-0.3927194697849159,0.0004341026146444517,3.6660885155922454e-05,-0.00043255179983527244
557185.7489319298,-7.645564460018335,-93.25774120112371,-51.23673861160917,-900.1588813149705,-6.302870186383346e-05,0.0011073274236004546,-0.00025712203839379003,3.173225684629939e-10,0.3952886433986533,0.03647944580816862,-0.3936017805263038,0.0004335467934407428,4.0010121769870024e-05,-0.0004316966669534411
558470.1947368309,-7.501181159384023,-92.97114590094249,-46.98417677818167,-905.2337715209851,-5.7182317512082214e-05,0.001101719099818523,-0.00025797693547312,3.148178755197882e-10,0.3972400550996126,0.03877162115917141,-0.39534342383329574,0.00043334034987320934,4.229510005997191e-05,-0.0004312713569658347
559757.6014951101,-7.340441670269799,-92.76509767373315,-44.081864464915746,-912.7141111686461,-5.2793267901419155e-05,0.0010930835429314024,-0.00025951047745348876,3.1151959286123026e-10,0.40013310492780896,0.04062107812540223,-0.3980658609716474,0.0004329747221710087,4.3955123430254626e-05,-0.0004307378055886124
561047.9760324706,-7.215776867352298,-92.68329755914237,-43.10228590046791,-919.6793367781562,-5.0848081462098e-05,0.0010849524302142936,-0.00026088947605302164,3.0844923872616133e-10,0.4030647604819925,0.04162764331643642,-0.40090939182604035,0.00043285093315896766,4.470389381890202e-05,-0.0004305362844337483
562341.325190349,-7.095064176981129,-92.69735187513865,-43.713918098821786,-927.8627770840106,-5.0662818081268686e-05,0.0010753587215293564,-0.00026260554020977737,3.050256625184228e-10,0.40632929588309874,0.04200357976570876,-0.40415244151151747,0.0004324808330863611,4.470694915118659e-05,-0.0004301638753831685
563637.6558259543,-7.02674113617737,-92.952438542581,-48.27474248614727,-936.0026904530102,-5.495561484785973e-05,0.0010655386378882648,-0.0002643000399159102,3.016775792905581e-10,0.40998788494262783,0.0407053641800045,-0.4079621785493143,0.00043246247572524733,4.293673841373612e-05,-0.0004303257247769421
564936.9748123025,-7.027053705359369,-93.40212209427591,-56.0131186274381,-942.218575664464,-6.287156983818672e-05,0.0010575872658821568,-0.0002654433157607138,2.989981282514939e-10,0.41309811625495424,0.037927763695204106,-0.4113533011833896,0.0004326574350661711,3.972356278680089e-05,-0.00043083000670515184
566239.2890382531,-7.086173816272202,-93.8934604695452,-64.3114785983431,-944.9441806579104,-7.169175228173048e-05,0.0010533843350560913,-0.0002655989088165647,2.9745000244749487e-10,0.41497253174864285,0.03469699762803997,-0.41351943178220557,0.0004331074031218021,3.621330422878733e-05,-0.0004315908006847974
567544.6054085471,-7.18484345391751,-94.3583381311747,-71.98945208908026,-944.5648987715855,-8.022133831068939e-05,0.0010525744828144244,-0.0002648816873210819,2.968850502073743e-10,0.4153094258345367,0.03150875324615268,-0.4141124456664948,0.0004333565189705194,3.2877952616692774e-05,-0.0004321075245421915
568852.9308438414,-7.3152168712447265,-94.85707428414443,-80.09496877161911,-942.5644470851378,-8.95072924062502e-05,0.0010533294771303962,-0.0002637127855063472,2.968308783603242e-10,0.4151798617627046,0.02803714382762697,-0.4142321042354002,0.0004338133569340824,2.9295465900169854e-05,-0.0004328230635399523
570164.2722807475,-7.428745733054612,-95.20651353538629,-85.61859191824131,-939.6064886313649,-9.618003534954461e-05,0.0010555112302889,-0.00026228058210084733,2.9708048511585436e-10,0.4144243934410531,0.025606901872288743,-0.4136325234498464,0.00043413090098678065,2.6824548837466095e-05,-0.00043330137637822056
571478.636671867,-7.539827527427555,-95.52646842422098,-90.60639208178976,-936.4487494851035,-0.0001023632426005993,0.0010579599112614615,-0.0002607979334113842,2.9739668113255245e-10,0.4135472662092389,0.023390457159467803,-0.41288524786313957,0.0004344217171497,2.4571127400443906e-05,-0.00043372628238275477
572796.0309858292,-7.6777488224734105,-95.84998459316861,-95.45302082277614,-931.632806951948,-0.00010883406381643363,0.0010622333739813705,-0.00025885997519533834,2.9824650154356824e-10,0.41221907589454154,0.021134116428701413,-0.4116769554567366,0.0004349968896090824,2.230191528902765e-05,-0.0004344248134533953
574116.4622073274,-7.758952013814197,-96.02589675950205,-98.01130472007792,-928.478204007621,-0.00011243980657181277,0.0010651619215040894,-0.00025739010366076923,2.985715470919543e-10,0.4109589431731652,0.01995220152904382,-0.4104743142124112,0.00043497818757395743,2.1118344310022374e-05,-0.0004344652335903625
575439.937337157,-7.869720067206273,-96.25648112608323,-101.32548797762243,-924.2303604546271,-0.00011721129763629175,0.001069131193206482,-0.00025562325601285633,2.992539564147259e-10,0.4096284193753179,0.01838360885948988,-0.4092156948178095,0.00043535049742972543,1.9537983408810987e-05,-0.0004349118563762391
576766.4633922506,-7.9648931419327695,-96.40153025319414,-103.19762756643168,-919.8058087905688,-0.00012046052747159273,0.0010736709313111012,-0.00025381441267000103,3.000018851347462e-10,0.40794072367145046,0.017418600315431805,-0.40756867690321585,0.0004354963871220955,1.8595195492676003e-05,-0.0004350992092626545
578096.0474057181,-8.052565924887006,-96.56575251320001,-105.4515375467534,-916.1871013256894,-0.0001239849532459654,0.0010772096601442053,-0.00025223439362262684,3.0049410629329663e-10,0.406692423022231,0.016343000500706688,-0.4063639172937568,0.0004357128510898967,1.7509191075185762e-05,-0.0004353609041160898
579428.6964268809,-8.164773294144247,-96.73120155195248,-107.52898803217848,-911.0686485892022,-0.00012776603330022415,0.001082532528434137,-0.00025024835637791444,3.014873049477393e-10,0.4049119230988159,0.01524517235108843,-0.40462482645973047,0.00043607172125639896,1.6418357101248414e-05,-0.00043576253123646873
580764.417521312,-8.234154207249379,-96.84612036447899,-109.01068694321111,-907.9740266136847,-0.00013034875727960197,0.0010857035152242087,-0.00024882473886981394,3.0181909066900897e-10,0.4037512626162419,0.01453419996111597,-0.40348957743131336,0.0004361755376705227,1.5701405963592466e-05,-0.0004358928371892982
582103.2177708712,-8.313546580467422,-96.94697519577659,-110.15683272945532,-904.0715642117297,-0.00013280228965023796,0.0010899257972482148,-0.00024718547151161076,3.024247442552274e-10,0.4022822922233034,0.01391543254011877,-0.402041544337966,0.00043634744943665994,1.5093787656251675e-05,-0.00043608631508460166
583445.1042737447,-8.398241685817261,-97.02264743787444,-110.80619213265713,-899.5044999306831,-0.0001349014274537086,0.001095105234700331,-0.00024537113508831947,3.0326115962673086e-10,0.40046277399994884,0.01346536019981917,-0.4002363269799772,0.0004364844004808723,1.467656934843542e-05,-0.00043623758455147707
584790.0841444806,-8.473887343334033,-97.08075593481986,-111.20724720686907,-895.2766228315513,-0.00013663716032875922,0.0011000007510739713,-0.00024365614914061403,3.0399251272605985e-10,0.39885933469495,0.013148361525414485,-0.3986425585189007,0.00043671055899903184,1.4396123676224498e-05,-0.0004364732110500548
586138.1645140288,-8.54274928067072,-97.15174704358736,-111.88264650114664,-891.6809453081953,-0.0001385350373164227,0.001104094843084963,-0.00024211941603276477,3.0451637097395457e-10,0.39738852777026595,0.012748761539777323,-0.39718397636689895,0.0004367626299070217,1.4011935999797292e-05,-0.0004365378111147253
587489.3525297765,-8.581104576190429,-97.14767374023873,-111.46733426894959,-888.8825537198275,-0.0001388936733367617,0.0011075905229169852,-0.00024080445312493968,3.047724802374429e-10,0.3961324829251881,0.012877477139593044,-0.39592311704546085,0.0004367320921400765,1.4197289480354489e-05,-0.00043650126835607163
588843.655355589,-8.652812689388053,-97.1747403579531,-111.34346674999931,-884.5101426967548,-0.0001400977512293209,0.0011129335698660725,-0.0002390688260708116,3.055746438810317e-10,0.394431232435732,0.012776506684137568,-0.39422424836344183,0.0004369554402038803,1.4153960547089271e-05,-0.0004367261408761768
590201.0801718441,-8.694296510423113,-97.19404133713894,-111.31435930447799,-881.881453761044,-0.0001408853870041001,0.0011161561786024218,-0.00023781012489213104,3.0578059563287957e-10,0.3932620898247856,0.01274668495066692,-0.39305545832124783,0.0004369154566963735,1.4161608303171923e-05,-0.00043668588842607237
591561.634175474,-8.73131706473972,-97.20081735368477,-111.10028707383924,-879.3484450241114,-0.0001414214826570106,0.0011193378896023514,-0.00023658169096923748,3.059561107980548e-10,0.39210451618491804,0.01280316677032367,-0.3918954331620361,0.00043685276427302865,1.4264305980160537e-05,-0.0004366198200126635
592925.3245799997,-8.764897395560848,-97.21529029190543,-111.04648732523191,-877.1408989995988,-0.00014205631940592648,0.0011220832888423674,-0.00023544501149911593,3.0602067590663317e-10,0.3912731851603602,0.012817596441525728,-0.3910631849803759,0.0004369846441738376,1.4315043894123246e-05,-0.00043675011020267047
594292.1586155727,-8.814133277100852,-97.22445235835892,-110.78066600524268,-873.9196564453331,-0.00014275713286091246,0.001126173627616801,-0.0002340408352559425,3.0644223694564637e-10,0.3900331453823486,0.012854856959713048,-0.3898212502537459,0.00043717128899747215,1.4408453367333247e-05,-0.00043693378490942156
595662.1435290104,-8.834679335908994,-97.21801000730292,-110.46328787100677,-872.2020172898995,-0.00014291342494841128,0.0011284235689541667,-0.00023304362033819525,3.063395322071741e-10,0.38922253159056425,0.013012112414909925,-0.3890049665856074,0.0004371027671843988,1.4612798288498363e-05,-0.0004368584384058964
597035.2865838369,-8.864771907873019,-97.246315524636,-110.6743895236821,-870.4188867099492,-0.00014375577665105366,0.0011305934788459749,-0.0002320322960692877,3.062610912818973e-10,0.38856017336240223,0.01293841654513616,-0.388344699591387,0.00043720001278334036,1.455804342987526e-05,-0.00043695756607392306
598411.5950603196,-8.903945283376917,-97.29795023195094,-111.21765322227948,-868.436109645953,-0.00014508846121093409,0.0011329142016395346,-0.00023097129258619484,3.062543446407929e-10,0.3877655361443867,0.012703014339294294,-0.38755740793853927,0.00043722623060094885,1.4323323140227064e-05,-0.00043699155499818843
599791.0762555094,-8.962529262920437,-97.40372346967138,-112.54300922374397,-866.0924903764325,-0.00014754279718640003,0.0011354388827317253,-0.00022981819249251104,3.0637678790905507e-10,0.38708823103542844,0.01210697823847451,-0.38689884942200375,0.0004375136998831306,1.368413818562911e-05,-0.00043729964777889166
601173.7374832779,-9.012851769865675,-97.48925910441605,-113.57756977709762,-863.9588016625601,-0.0001495770827258235,0.0011377989280947126,-0.00022872475182961828,3.0642704860295397e-10,0.3861350632492062,0.011641337443099642,-0.38595953976162367,0.00043740307333493806,1.318698367481483e-05,-0.00043720424520401146
602559.5860743577,-9.06230007588553,-97.57288730141471,-114.58160131453718,-861.8599770705068,-0.00015157668611395629,0.0011401296344252044,-0.0002276443338948252,3.064667890799059e-10,0.3853566091473711,0.011196033482236028,-0.3851939317380589,0.00043747395892246174,1.2710235079500374e-05,-0.00043728928029339526
603948.6293763798,-9.156362356632638,-97.73137904432217,-116.51827102297693,-858.2474557807071,-0.00015532348152439243,0.0011440779344814005,-0.00022616878048814488,3.0704894320898057e-10,0.3841414331836213,0.010238778163894433,-0.3840049584446497,0.0004377412770169988,1.1667410597738168e-05,-0.0004375857597482083
605340.8747539136,-9.218513943068809,-97.80565619632392,-117.24839192405587,-855.3061684589904,-0.00015731792349158341,0.0011476062755612442,-0.0002248752896829847,3.0739622334400383e-10,0.38295598488579674,0.009851024824499718,-0.38282926177312737,0.0004377875205096648,1.1261491927546154e-05,-0.00043764265321557264
606736.3295885053,-9.28417415031345,-97.8954782716713,-118.21239299982548,-852.4049306621393,-0.00015962388250361824,0.0011510145513907249,-0.00022359705792266102,3.0773307637449054e-10,0.38193173213487197,0.009366179566748942,-0.3818168706223797,0.0004379817081061582,1.0740703062674768e-05,-0.00043784999021732017
608135.0012787179,-9.34718678342236,-97.93308822251707,-118.29678426782543,-848.9176328353509,-0.000161023527701726,0.0011555319344764769,-0.00022217013863619733,3.082865497281448e-10,0.38045627075491334,0.009220163111109863,-0.380344531377724,0.00043801558892031425,1.0615083744159808e-05,-0.0004378869444666216
609536.897240169,-9.392435577774913,-97.99380230415589,-118.91659186998353,-846.8001379859726,-0.00016262951390537,0.001158078049917779,-0.00022110626671097768,3.083466337307606e-10,0.3795181236152022,0.008935173931169464,-0.3794129265315345,0.00043793665907815104,1.0310549025758834e-05,-0.0004378152691984601
610942.0249055721,-9.46456006864559,-98.02059867771398,-118.73803986862612,-842.6667563340942,-0.00016396069854408417,0.0011636054474310257,-0.0002195209597351135,3.0914645482517754e-10,0.3779674636828234,0.008861471225115837,-0.3778635705258617,0.0004382311760374319,1.0274357794096165e-05,-0.00043811071799611283
612350.3917247733,-9.531375044073995,-98.08240647931882,-119.19639927296299,-839.3651279442112,-0.00016584040681365766,0.0011678260008902827,-0.00021815795494963165,3.0964866323408495e-10,0.3766797043860025,0.008564400479742383,-0.37658232929964836,0.00043836231197228023,9.966850752089228e-06,-0.0004382489913779247
613762.0051647943,-9.568498473128805,-98.10944045276536,-119.29957040049307,-837.2535165395726,-0.0001667998609475505,0.001170614191382463,-0.00021710864253085636,3.0971565031625586e-10,0.37566076066895915,0.008503313358973663,-0.37556450946315484,0.0004382227930712919,9.919443606231765e-06,-0.0004381105123205184
615176.872709868,-9.646541245015637,-98.17454047849347,-119.7166632403743,-833.3991489632919,-0.00016887994109959325,0.0011756458573087426,-0.00021561212719490953,3.104324260906643e-10,0.3741748518404991,0.008183679430043528,-0.3740853474019608,0.0004384098296528935,9.588580010686178e-06,-0.0004383049598962551
616595.0018614822,-9.701568642288048,-98.22219432259713,-120.0201932811051,-830.6031889052464,-0.0001704090372059116,0.0011793206280712274,-0.0002143945423869309,3.107610194601209e-10,0.3730663657642727,0.007988151405328965,-0.37298083422836575,0.0004385027384906893,9.389284556754471e-06,-0.00043840220460137535
618016.4001384157,-9.748508048094655,-98.26169948349686,-120.24896292721759,-828.1518162379717,-0.00017171180868044732,0.001182575240289517,-0.00021327015780695175,3.1096404217172355e-10,0.37213401619832687,0.00785054609126215,-0.3720511993502582,0.0004386305050031748,9.253357249464206e-06,-0.00043853288964335843
619441.0750767814,-9.804511061102392,-98.28037679359504,-120.05209228457652,-824.9049095232998,-0.0001727665008336021,0.0011871174589858367,-0.0002119454121041818,3.114700146349129e-10,0.37067852323964495,0.007837677677048103,-0.3705956535089891,0.00043858648235786137,9.27353290443781e-06,-0.00043848843096997776
620869.0342300634,-9.861479836690632,-98.3083713247534,-120.00341805615457,-821.7529876412653,-0.00017399899673116177,0.0011915010232750763,-0.0002106499805483578,3.1194558250868567e-10,0.3695126618523779,0.0077710330243039825,-0.36943093849184444,0.0004388251892927108,9.22870956788069e-06,-0.0004387281364096622
622300.2851691595,-9.907182711679855,-98.32173130273823,-119.7995490304826,-819.0212561710176,-0.00017485213813970562,0.0011953936302959813,-0.0002094668514919893,3.1226618570431876e-10,0.36830196128448706,0.0077980674831094,-0.3682193976823175,0.00043880361376808576,9.290800896258854e-06,-0.00043870524555176843
623734.8354824191,-9.942429116316848,-98.30210008143361,-119.12934313821142,-816.3924794427622,-0.00017501301473903658,0.0011993628544714557,-0.00020831432078964991,3.1255117525308716e-10,0.3670562184777758,0.008035613596109426,-0.36696824990363774,0.00043872175074408825,9.604519111018897e-06,-0.00043861660683175684
625172.6927756859,-10.007460095045495,-98.37701348952432,-119.79570928955583,-813.5132140213758,-0.0001771720264900513,0.0012031464695970362,-0.00020710221476121461,3.129359949273825e-10,0.36595738833603964,0.007671257651188079,-0.36587697643304096,0.0004388444602384627,9.199128178810093e-06,-0.00043874803284201457
626613.8646723352,-10.058671098514358,-98.36533375550368,-119.1311586347875,-810.146137496077,-0.00017766742252397369,0.00120821939252633,-0.00020577068219952452,3.1351387497201346e-10,0.36452704416804904,0.0078534007137004,-0.36444243719293284,0.00043893112661320927,9.456368404371022e-06,-0.0004388292503999044
628058.358813318,-10.117734723474248,-98.43430799523162,-119.74042337354649,-807.5343241299126,-0.0001796691747888401,0.0012116962805239148,-0.00020463556865079507,3.138044808402236e-10,0.363509057741232,0.007531713455373284,-0.36343102282598894,0.0004390148018439799,9.096152130850429e-06,-0.00043892055802220216
629506.1828571975,-10.15701361045229,-98.37920572213821,-118.45619882654128,-804.2033283756545,-0.00017926862113943446,0.0012170610168300035,-0.00020332276067727695,3.143795336964793e-10,0.36190801749969603,0.007983953687933433,-0.36181994087400604,0.00043892567278061285,9.683019094564214e-06,-0.0004388188525657574
630957.3444801933,-10.189113469211579,-98.40265668383627,-118.52651944717609,-802.402566149401,-0.00018015930260565575,0.0012196450836548108,-0.0002024009005830783,3.1436039276812964e-10,0.3611711360791211,0.007957363854709219,-0.36108346666271884,0.00043896008178157697,9.671218819833168e-06,-0.00043885353014898673
632411.8513762193,-10.255600250482653,-98.44069353361654,-118.56238657951329,-798.9758603153866,-0.00018172723678877085,0.00122463522829537,-0.0002010730148455835,3.1498253477258717e-10,0.35979158795887883,0.007825402248171772,-0.359706477347331,0.00043908713527825117,9.550066123120251e-06,-0.0004389832668837222
633869.711256927,-10.295996714789844,-98.42725969352635,-117.96121562660521,-796.2103416187427,-0.00018207663307472064,0.0012289742645591785,-0.0001999161805006103,3.153496239946628e-10,0.3586201208306518,0.00802106621974468,-0.35853040814035536,0.0004391641959354347,9.822552869537623e-06,-0.00043905433427622825
635330.9318517436,-10.33523872160835,-98.4052632204408,-117.23188981318728,-793.388485084994,-0.00018226107212766324,0.0012334854972974021,-0.00019874949079755049,3.15743369019155e-10,0.3572779944329447,0.008265036604074814,-0.3571823826506013,0.00043907289445701506,1.0157226588511327e-05,-0.0004389553933999339
636795.5209079159,-10.403777844680315,-98.4357778030816,-117.12897384179638,-789.7829604838394,-0.00018373854831859088,0.001238921249682094,-0.0001973912472743832,3.164552988130083e-10,0.35589178865771065,0.008180104525532743,-0.3557977671710939,0.00043930241380709496,1.0097281751889665e-05,-0.00043918635643421693
638263.4861905486,-10.445294554280299,-98.43981078801619,-116.80766680061784,-787.234575289095,-0.00018441889741395738,0.0012429058499111465,-0.0001963018044129557,3.167495245120019e-10,0.35482459275391,0.008267118166270378,-0.3547282711882477,0.00043936923057172626,1.023693797424849e-05,-0.00043924995830859465
639734.8354826482,-10.476721784188177,-98.4186721529477,-116.15915173391735,-784.858256058058,-0.00018452739461018757,0.0012468053267162469,-0.00019525913573845477,3.1697783923209217e-10,0.3535975636748596,0.008505282356011714,-0.3534952576893231,0.0004391703126624014,1.0563612126599173e-05,-0.0004390432480096126
641209.5765851615,-10.54639484464678,-98.48646181593399,-116.64761191507296,-781.7709584013132,-0.0001867041403375213,0.001251289009117697,-0.00019404375252454208,3.174977110224537e-10,0.3525010315045579,0.008198167072380441,-0.35240568563578917,0.00043943072945105705,1.021990353163319e-05,-0.0004393118704948595
642687.7173170197,-10.5869795080587,-98.44826528630102,-115.65614976670213,-778.6823808585673,-0.0001866256784169794,0.0012565015167132745,-0.00019283261010428666,3.1802391788806835e-10,0.35102700156253025,0.008533763699190369,-0.35092325471975633,0.00043934298236552064,1.0680799988934873e-05,-0.00043921313353021053
644169.2655151772,-10.63061536693871,-98.47430259042335,-115.67346202196919,-776.3709867009161,-0.00018774128503825686,0.0012600719660484153,-0.00019181803110050998,3.182371191849494e-10,0.35018452362391667,0.008490089612102741,-0.350081589010459,0.00043953405580789633,1.0656334788192058e-05,-0.0004394048574422237
645654.2290346556,-10.68750470479779,-98.44030820740528,-114.6301816538664,-772.513045481558,-0.00018794406228353358,0.0012665882391536018,-0.00019042587233601905,3.190908196108675e-10,0.3485680570611068,0.008793207718171318,-0.34845712778099414,0.00043969906871759476,1.109213872699325e-05,-0.0004395591376476904
647142.6157485831,-10.702462089461825,-98.3770380149485,-113.44817441007758,-770.4058471325361,-0.00018708606005547464,0.0012704672889907978,-0.00018946967140497835,3.192276944711788e-10,0.34742182369692615,0.009283215992656859,-0.34729777638466347,0.0004394937041312456,1.1743404428221234e-05,-0.00043933678246128914
648634.4335482385,-10.751796756406598,-98.35056312701441,-112.59352549953327,-767.0610391906197,-0.00018732495386672982,0.0012761806075602836,-0.00018821319024426116,3.198822979105324e-10,0.3454750878199392,0.009525708676763693,-0.34534373771417964,0.0004389365780747982,1.2102701808980485e-05,-0.0004387696937813006
650129.6903430906,-10.805441641876701,-98.35879849103814,-112.25729841797953,-764.0061803502832,-0.00018825415630680965,0.0012812292912974192,-0.0001870324674625098,3.2042268837632387e-10,0.34369050777533183,0.009561647538223458,-0.3435574770416447,0.0004383758829397844,1.2195843606678087e-05,-0.0004382062027652701
651628.3940608427,-10.848297218887941,-98.33486224102755,-111.49787931798834,-761.0481227547383,-0.0001884600662013892,0.0012863668840530256,-0.00018587982318019544,3.209282977812288e-10,0.34235303638943954,0.0098016957553204,-0.34221269451232966,0.00043836384929228146,1.2550521316266048e-05,-0.00043818414939501865
653130.5526474724,-10.89912437209482,-98.25918127817216,-109.87562470951951,-756.9448250072788,-0.0001878093422693859,0.0012938384659442644,-0.0001844524192895363,3.2192589179848704e-10,0.3405785852139797,0.010334440290552364,-0.3404217561352932,0.0004385098582984493,1.3306044901668375e-05,-0.00043830793398477383
654636.174067275,-10.935725164155565,-98.16751388473861,-108.12236881033041,-753.3426932830897,-0.0001866703134035261,0.0013006255615995606,-0.00018315244135262793,3.2272124125670954e-10,0.3387234862811103,0.010953237209501138,-0.3385463435824731,0.0004382773840267511,1.4172492741824804e-05,-0.0004380481774860103
656145.2663029054,-10.968343016779333,-97.9608509980658,-104.64424930485463,-748.2920582159244,-0.0001832997397292677,0.0013107432125856323,-0.00018150611771158232,3.2415221655294103e-10,0.3362429959527255,0.012217848544128771,-0.3360209465259827,0.00043819764648734053,1.5922510034762882e-05,-0.0004379082678612464
657657.8373554206,-10.99720811923143,-97.66841785571583,-99.9338046021092,-742.2073160098155,-0.00017818007714158856,0.0013233415594275206,-0.00017961614145273433,3.260580303413459e-10,0.33342687141963706,0.013947880559199363,-0.3331350104876302,0.00043836616984460413,1.8337691116955793e-05,-0.00043798245164472906
659173.8952443212,-10.856031632267271,-97.03371589925369,-91.28564446293795,-739.8623534284771,-0.00016426276753045963,0.0013313357043242735,-0.00017863685380335075,3.2633916806509117e-10,0.3315106321699087,0.017667253974364572,-0.33103952540247794,0.0004378226676783889,2.3332959835941067e-05,-0.0004372004818367831
660693.4480075961,-10.600272451795208,-96.20450515568567,-80.53792182888762,-740.8216301613627,-0.00014503418019546686,0.0013340853024467292,-0.00017845708133648882,3.2516700991639907e-10,0.3310881004623279,0.022558886874306867,-0.3303186747532521,0.0004374014794480578,2.980261289893722e-05,-0.00043638498884327566
662216.5037017618,-10.227091379537473,-95.49353290798948,-72.13689771928667,-750.0577026105873,-0.00012704848794358953,0.0013210118538496526,-0.00018026640880636842,3.204243089081013e-10,0.33561463597839153,0.02715360953175169,-0.3345143724450497,0.00043844762624976863,3.5473529360847505e-05,-0.00043701023978705793
663743.070401909,-10.01892974979856,-95.5125203454479,-73.46022772245128,-761.1701594758468,-0.00012562105040553765,0.001301643051420639,-0.0001825163965045576,3.150201816186766e-10,0.3403685642734508,0.027561260494015333,-0.33925084593196114,0.00043812123180215205,3.547675862321069e-05,-0.00043668250864149056
665273.1562017413,-9.990834553397805,-95.81154572655194,-78.01666770633568,-766.5234031376953,-0.0001314197937366767,0.0012912157170551731,-0.00018337729016679438,3.121006783260894e-10,0.34305455154199893,0.02613074067964072,-0.3420579040531228,0.0004382364453060374,3.3380821963114694e-05,-0.00043696327387955425
666806.7692136222,-10.035446471590106,-96.17669747730288,-83.20754556205226,-768.8507301586966,-0.00013913027026626594,0.0012855854497188825,-0.00018351102576369844,3.104403043239522e-10,0.34410344051453245,0.024161126457500442,-0.3432541591040712,0.0004379210084457148,3.074850064745628e-05,-0.0004368401759752017
668343.9175686146,-10.066225785201635,-96.43304230040435,-86.8636916387978,-770.3962715590585,-0.000144518535143715,0.0012817385324683363,-0.00018345700699161742,3.091049496071178e-10,0.3444160630645086,0.022783809051292767,-0.34366163961369006,0.00043719168291502636,2.892110122193586e-05,-0.0004362340398389189
669884.6094165265,-10.138411881702726,-96.76994783037424,-91.50847082535039,-770.8518082808649,-0.00015185952488682173,0.0012792388322945328,-0.0001831432965538422,3.082117817616622e-10,0.3449960487641942,0.0209363055653675,-0.34436019626574127,0.00043733955794366086,2.654023039895616e-05,-0.00043653350972488585
671428.8529259522,-10.23796921505104,-97.1589399370785,-96.78920528567838,-770.6062610552884,-0.00016045898328971808,0.0012775256992829025,-0.00018266387434803688,3.0760089756052203e-10,0.34539542509768345,0.01875863753181399,-0.344885652349238,0.00043759029228384504,2.376579735551409e-05,-0.0004369444481591654
672976.656284318,-10.358874490287738,-97.47943973080636,-100.86827029738372,-768.3009281129603,-0.00016798479276044272,0.0012795190381098367,-0.0001816985616802857,3.078142872575532e-10,0.3448543369274616,0.01694209081675566,-0.34443791785521527,0.00043786885972787873,2.1511731745741082e-05,-0.00043734012360712116
674528.0276979218,-10.458435140843065,-97.73304288007829,-104.04816683121874,-766.2285485587945,-0.00017401331648041912,0.0012814639121223614,-0.00018079168846023657,3.0793694899245186e-10,0.3442109124929299,0.015527990361162536,-0.34386048594533086,0.0004379427264427779,1.9756405703971915e-05,-0.00043749687550632163
676082.9753919819,-10.604195031787192,-98.05626181009085,-107.96668116541157,-762.7872665606411,-0.00018191484337693394,0.0012852328572896133,-0.00017956577582846944,3.086147628120393e-10,0.34322247730680666,0.013688247801916721,-0.34294941434668574,0.00043827976025160014,1.747928052953768e-05,-0.0004379310710584142
677641.507610675,-10.705288358365632,-98.24301915983212,-110.06943352597368,-759.787533732061,-0.0001867506908704885,0.0012891030896944173,-0.00017844825078591856,3.0912061450943554e-10,0.34218316458484266,0.012671462598859063,-0.34194846418854297,0.0004384404173070348,1.6235986818564675e-05,-0.0004381396949152111
679203.6326171847,-10.814003477042352,-98.41046272654475,-111.80177487135337,-756.1646286001863,-0.00019134815163206884,0.0012941717980656953,-0.00017718889100935869,3.0988729659564986e-10,0.3411592632621969,0.01177625858675161,-0.3409559541103557,0.0004390022148784875,1.5153636905917826e-05,-0.0004387405975707528
680769.3586937415,-10.911670934513317,-98.59103789479651,-113.81102365866158,-753.3372788219568,-0.0001960670193525897,0.0012978056964745596,-0.00017612037059066608,3.1033493854198647e-10,0.3424706681897147,0.010882718455726303,-0.3422977139995578,0.0004421021809487779,1.4048717191928585e-05,-0.00044187891095290706
682338.6941416697,-10.998921004180227,-98.66457828378698,-114.22186975309184,-749.5421184675171,-0.00019869510003413617,0.0013038689222181139,-0.0001748300869258753,3.11188894498257e-10,0.3416003805778932,0.010556720488241744,-0.3414372206767953,0.00044309181229555786,1.3693182674795278e-05,-0.00044288017665232725
683911.6472814293,-11.086443229217462,-98.80933074128767,-115.7323854398926,-746.7812969659208,-0.00020265661060962973,0.0013076734393276436,-0.00017378551058919837,3.116209872105931e-10,0.3406023205691754,0.009805551643290061,-0.340461145997716,0.00044322483788307747,1.2759936662171708e-05,-0.0004430411278119196
685488.2264526617,-11.162596960748285,-98.9093557527572,-116.62785334894542,-743.9750797466916,-0.00020565623829894267,0.0013118917299376322,-0.00017273427450624485,3.1207698603939823e-10,0.3398084930975785,0.009329479856796842,-0.33968039800207583,0.00044370523922821154,1.2181976542140535e-05,-0.0004435379789444092
687068.4400142321,-11.235510689901286,-98.98684399632356,-117.19294101894953,-741.028313427328,-0.00020821080748589685,0.001316547755923868,-0.00017165439741427592,3.1259737711131624e-10,0.33865061497078247,0.008979458355972908,-0.3385315470494921,0.000443823328302361,1.1768155490413564e-05,-0.00044366728216281483
688652.2963442762,-11.296806670780086,-99.03434463545543,-117.37987251394892,-738.2430080713467,-0.00021006426508168402,0.0013211675189353294,-0.00017061588926851678,3.1305510425900537e-10,0.33743138490798036,0.008806881973921914,-0.3373164365263202,0.00044380150835207177,1.1583117868455214e-05,-0.0004436503242374782
690239.8038402419,-11.354926006849928,-99.10763551937704,-117.9880471669618,-735.9959186525828,-0.0002123572260765242,0.0013246600434664198,-0.00016970535152755525,3.1328869639139693e-10,0.336523892039286,0.00849219473579831,-0.33641672452753935,0.0004438344140180851,1.1200180324345292e-05,-0.00044369307299920645
691830.9709189367,-11.440635975816615,-99.16832309930479,-118.1812169877759,-732.237701752165,-0.00021482070676553472,0.0013310052529501473,-0.00016845046644458652,3.1417241137044486e-10,0.33512944838467384,0.00824119792013057,-0.3350281030472772,0.0004441537850800519,1.0922225031141844e-05,-0.00044401947007007025
693425.8060165691,-11.50325774360605,-99.26347816204196,-119.08328196433386,-730.1161668093238,-0.00021760289650743506,0.001334153628149068,-0.00016757610687513714,3.1436064168653074e-10,0.3345328751545787,0.00781020969277546,-0.33444169175469707,0.00044449707220736305,1.0377501284918918e-05,-0.000444375915940546
695024.317588797,-11.555116037089903,-99.29730912713354,-119.12193623699214,-727.6485886675408,-0.00021911008263142358,0.0013384196683337037,-0.00016662563710295584,3.1470122997467153e-10,0.33345632702039524,0.007727193058797088,-0.33336678376431694,0.00044449155424968855,1.0300215573603578e-05,-0.000444372194627928
696626.5141107687,-11.632584978176084,-99.33412967964158,-119.00330185728079,-724.005341410593,-0.0002210537607953767,0.0013448711174979936,-0.0001654100534165269,3.155573944099572e-10,0.3321255852137737,0.007621675837153745,-0.3320381219243131,0.0004448636799769198,1.0208809292198948e-05,-0.00044474652778345874
698232.4040771715,-11.694643664280038,-99.38898466665037,-119.28052172232846,-721.3758974004693,-0.0002231164630499828,0.001349347206345855,-0.0001644302659518897,3.15979206440331e-10,0.33091881663750206,0.0074157369913048984,-0.3308357145920623,0.0004447576742358251,9.96681291958774e-06,-0.00044464598438745205
699841.9960022735,-11.731669998178194,-99.38069077042655,-118.78797404297377,-719.043781425774,-0.00022364949850507543,0.0013537883983179141,-0.00016352172742864165,3.1627495088025243e-10,0.32973375939967486,0.0075751937789628595,-0.3296467329233733,0.0004445777342853231,1.0213581081764427e-05,-0.00044446039709265166
701455.2984199714,-11.802836668243549,-99.4716423989582,-119.54006827324461,-716.5216333603934,-0.00022653332596409017,0.0013578378452932653,-0.00016257338142352891,3.166582624547339e-10,0.32903585083478476,0.007175277143052995,-0.3289576059806052,0.00044504564750160624,9.705100079616934e-06,-0.0004449398154723497
703072.3198838334,-11.841015949070812,-99.46010286419613,-118.98851369938897,-714.101654952668,-0.00022703423170939268,0.0013625308490210796,-0.0001616516609196031,3.170006057295879e-10,0.32797086634172007,0.007356239331871211,-0.3278883573898754,0.00044508788383357234,9.983121469650345e-06,-0.000444975911281914
704693.068967147,-11.913487384634864,-99.5203105503365,-119.2572675037261,-711.1047036218321,-0.00022938845508129504,0.0013677926115467783,-0.00016060301090117302,3.1760445115640986e-10,0.3270280818626158,0.007129575234623177,-0.3269503562984992,0.0004455648394392179,9.71380814329952e-06,-0.00044545894095399097
706317.554262962,-11.939605220418244,-99.54862223339421,-119.40459763171759,-709.8327473331443,-0.00023045742414792424,0.0013700161448623079,-0.00015994702357986467,3.1744179079578984e-10,0.32628233737442625,0.007090156875318465,-0.3262052932709742,0.000445272539030488,9.67582915888775e-06,-0.0004451673981152994
707945.7843841381,-11.997113200929526,-99.56276915040472,-119.09018023476165,-706.8966037271139,-0.00023174468117921886,0.0013755922422358949,-0.0001589190743411448,3.1802717871931554e-10,0.32501433090925297,0.007120158860522697,-0.32493633012359563,0.00044532983599354246,9.755936511272984e-06,-0.00044522296046904794
709577.7679633888,-12.00871921760208,-99.53397433526362,-118.48833364105066,-705.4882657145298,-0.00023153414316179024,0.0013785713419495655,-0.00015823768704600845,3.179291412957934e-10,0.3242375589884849,0.007403801132562771,-0.32415301693428783,0.00044515382680073313,1.0164863124783666e-05,-0.0004450377569071994
711213.5136533292,-12.087559257704052,-99.62998068939045,-119.23939008157896,-702.7491117071181,-0.00023468886194436242,0.001383161966411588,-0.00015726078418715778,3.184342889367612e-10,0.32321338803118643,0.0069765724896753405,-0.32313808447611775,0.0004453149844885868,9.61213979701703e-06,-0.00044521123321249753
712853.0301265195,-12.14647392266038,-99.66778237430083,-119.26765343163825,-700.1146813228361,-0.00023646137969448648,0.0013880551744472227,-0.00015631091901785146,3.1889737677867344e-10,0.32187913933064805,0.006872794239995445,-0.32180575668495026,0.0004450589953251035,9.502942333850355e-06,-0.000444957529891101
714496.3260755135,-12.185633572074535,-99.68781980653783,-119.18303165144552,-698.1430494445534,-0.00023760178744320164,0.0013918091706560604,-0.00015551223043322815,3.190624627050363e-10,0.3204541739323394,0.006867346652699624,-0.32038058171588624,0.00044427693789262035,9.520873780076628e-06,-0.0004441749098111093
716143.410212902,-12.241562670175268,-99.71682081280125,-119.10061674579438,-695.537750813167,-0.00023917817121872973,0.0013967807371489214,-0.00015457556345596342,3.195210134595239e-10,0.3192884114248112,0.0068176046903064514,-0.3192156166863805,0.0004442436021627304,9.485709964316957e-06,-0.0004441423188224594
717794.2912713619,-12.290268399015549,-99.76073159207405,-119.29615271655024,-693.4844497989931,-0.00024092822301190686,0.0014005479000940315,-0.00015376477562587245,3.197300123385816e-10,0.3186009850701185,0.006695622798915119,-0.31853062069914806,0.00044450422743293964,9.341567599858879e-06,-0.00044440605680000784
719448.9780036994,-12.33729593342498,-99.78414128892612,-119.19764496452241,-691.221383913625,-0.0002422740587761577,0.0014049355609623863,-0.00015291049592693764,3.200390454772661e-10,0.31753501372907944,0.006680159790804517,-0.3174647388436958,0.0004443990715273537,9.349069174528085e-06,-0.0004443007198733127
721107.4791828997,-12.370986066484658,-99.77066937666824,-118.65477494109071,-689.0407151950395,-0.0002427192459440249,0.0014094961024527165,-0.00015207751823504586,3.2031350275721475e-10,0.3162514485990201,0.00686388495513988,-0.3161769533414813,0.00044398418643963415,9.636181560979788e-06,-0.0004438796028354847
722769.8036021702,-12.438896165798672,-99.85808680071972,-119.3419019942155,-686.7640982586714,-0.0002456163671010921,0.0014134222770970102,-0.00015122643534797985,3.206361964282153e-10,0.31543028794086253,0.006501233849475759,-0.3153632833874132,0.0004441446806784443,9.154125467598266e-06,-0.00044405033426615136
724435.9600749902,-12.493332654857854,-99.90220857717456,-119.48925854067402,-684.48679654034,-0.00024749232352377356,0.0014177444045269379,-0.00015037831244497398,3.209630634049378e-10,0.31504235146447435,0.006387131780143812,-0.31497759882869203,0.00044497696220578833,9.02141087864796e-06,-0.000444885503292308
726105.9574351547,-12.526553110476705,-99.87156711321862,-118.69625073469886,-682.0972087051999,-0.0002476215485203949,0.001422976429462274,-0.00014950867889596084,3.213467110699884e-10,0.31423471797330477,0.0066751602114451915,-0.3141638111175664,0.00044539478470215503,9.461340123091031e-06,-0.00044529428166433286
727779.8045368242,-12.561215188058076,-99.89198174698153,-118.64654951324063,-680.3762384402094,-0.0002487407296860738,0.0014263986833582328,-0.00014878846710914787,3.2141859163150373e-10,0.3135552365321648,0.006685412645126201,-0.3134839575074077,0.00044549016982289304,9.498440043777973e-06,-0.00044538889865550625
729457.5102545688,-12.629017355273938,-99.96556514307517,-119.1202930578584,-677.9470926556708,-0.0002514137066285636,0.0014308661193423425,-0.0001479162657647795,3.218283725135748e-10,0.31266230193507805,0.006401202698062565,-0.31259676846595874,0.00044567477491664253,9.124395726630363e-06,-0.00044558136226689716
731139.0834834176,-12.66536942179071,-99.95502588290242,-118.60074776019441,-675.7194284298089,-0.0002519866170918113,0.001435676048329164,-0.00014709114805551684,3.221467287224286e-10,0.31175525999212017,0.006576145321209169,-0.3116858938827177,0.00044582287183648773,9.404158867406623e-06,-0.0004457236754408834
732824.533138904,-12.696557754706772,-99.94060728321637,-118.0659508684393,-673.6680571885673,-0.00025240267682292246,0.0014401749164241469,-0.000146307330685873,3.2238451731603947e-10,0.31073959593216716,0.006768924447183173,-0.3106658625306534,0.0004457046879562381,9.708905456611685e-06,-0.00044559892955549406
734513.8681571151,-12.727440282567102,-99.96742316761808,-118.13670376995674,-672.2213128198424,-0.00025360052429446866,0.001443037362080028,-0.00014565735165141393,3.2233528873355273e-10,0.31005673109928494,0.006744981961724744,-0.3099833571634295,0.0004456070350479762,9.693746698418885e-06,-0.00044550158356530584
736207.0974947361,-12.778632423576441,-99.98170746338096,-117.86702111448928,-669.7073248764624,-0.0002549024320362387,0.0014483273119940457,-0.0001447788693448462,3.2280115695675394e-10,0.30902633977770605,0.00678139165970442,-0.3089519240975267,0.0004457349165369103,9.78137671894503e-06,-0.0004456275804858228
737904.2301291011,-12.828360919011985,-100.05011226051896,-118.3955288757892,-668.0372337553943,-0.00025721872762633346,0.0014513359491290386,-0.00014408567342540554,3.2286388078848094e-10,0.30852465147290753,0.006538042305060257,-0.30845536884498587,0.00044599065858371085,9.451127420649698e-06,-0.0004458905064412235
739605.2750582378,-12.856848477778122,-100.03548367633525,-117.87936285286307,-666.1145133217369,-0.00025760120085249576,0.0014556568205338545,-0.00014334053722380328,3.2305110840207857e-10,0.30763634789067007,0.0067335602020385105,-0.3075626468063294,0.0004459710913710207,9.76143818084462e-06,-0.0004458642491423828
741310.2413009177,-12.913308367608487,-100.07991072644141,-118.00446959833067,-663.8213461058225,-0.00025958791463941524,0.001460283661418005,-0.0001425185336401837,3.234215230820981e-10,0.30675098328438144,0.006612095716430461,-0.3066797122996101,0.00044612295302107045,9.616294086781238e-06,-0.0004460193001432525
743019.1378967013,-12.970604217128109,-100.11947066131684,-118.05095671309203,-661.4323041458206,-0.00026150519701193485,0.0014651976555013246,-0.00014167901653712792,3.238431608447561e-10,0.3058898570192519,0.006518000725463156,-0.3058204052933703,0.00044638284977647493,9.511671184619425e-06,-0.00044628149937661843
744731.9739059892,-13.005828705478548,-100.15681477031579,-118.23410098837161,-659.971258119164,-0.00026301050450398735,0.001468099068754489,-0.00014104092708325355,3.2381361816380926e-10,0.3052959229138372,0.0064420501535267976,-0.30522794848707924,0.00044641054007080503,9.41971009881694e-06,-0.00044631114634071387
746448.7584100665,-13.028922785483532,-100.12911888992109,-117.57194735457738,-658.1077224907037,-0.00026306631226300544,0.0014725108797025853,-0.00014031920602888137,3.23983687870834e-10,0.30427113463273525,0.006702948304104172,-0.3041972942922481,0.0004461705055297743,9.828923920081734e-06,-0.00044606222913318676
748169.5005111545,-13.084211799488497,-100.2019290483451,-118.10932249312344,-656.2972332257285,-0.0002656076714641722,0.0014759002610959318,-0.00013961134306336495,3.241302455707077e-10,0.30372402263081955,0.006440540564897431,-0.3036557283508389,0.00044645491177386566,9.467183217089103e-06,-0.0004463545235448435
749894.2093324559,-13.144066747141174,-100.23408154526656,-118.02463227823122,-653.7219470675598,-0.000267458403804418,0.0014814147277530164,-0.00013874367609276251,3.2465871552854986e-10,0.3026327048391367,0.006382930883145336,-0.30256538505188096,0.0004465176490185186,9.417657927304017e-06,-0.00044641832243333076
751622.8940182052,-13.185756730506172,-100.27330811278287,-118.18001813191067,-652.0291472214125,-0.00026913624142033853,0.001484892934978283,-0.00013806612683855718,3.247529624741753e-10,0.3019315153411825,0.006296770240006104,-0.30186584874869055,0.00044654377704267064,9.3126534438278e-06,-0.00044644665896540153
753355.5637337174,-13.241210744894822,-100.31506788431543,-118.26423865603743,-649.7946455185198,-0.0002711117580509757,0.0014896047251528395,-0.00013727651962423506,3.251202373511291e-10,0.3010592232855073,0.0061943913958058035,-0.30099549073118775,0.0004466849329015022,9.190687715211266e-06,-0.0004465903721986637
755092.2276654337,-13.275724940990603,-100.33470884285947,-118.19202835207628,-648.1366176174881,-0.00027230022136286283,0.0014932288320231612,-0.00013661132072781765,3.252022736239445e-10,0.30042536405725495,0.006213579043144701,-0.3003611006845074,0.0004468158966114142,9.241316558076905e-06,-0.0004467203191404387
756832.8950209745,-13.33568360988375,-100.37814875813353,-118.26293142596089,-645.7509824287587,-0.0002744043977089539,0.0014983300960560394,-0.00013579544644017668,3.2565297953647957e-10,0.2995086393463017,0.006102655177005162,-0.29944646039461476,0.00044699504834843257,9.107772823692065e-06,-0.0004469022507464128
758577.5750291835,-13.4086829684348,-100.4601110072116,-118.78016094028817,-643.379838547668,-0.0002774936938588955,0.0015030611723340123,-0.00013498564281522237,3.2610141573453735e-10,0.29877672282611467,0.00579544732188458,-0.29872050966254765,0.0004473869993686881,8.67807827467949e-06,-0.00044730282601563903
760326.2769401819,-13.43481900581918,-100.45699646635586,-118.4454383300318,-641.7621917508462,-0.0002781140329320943,0.0015068800778452061,-0.0001343365712910534,3.2617149469264803e-10,0.29802045287685636,0.005931943280777609,-0.2979614108938273,0.000447342357373616,8.904118712033913e-06,-0.00044725373265132844
762079.0100254118,-13.493804751209241,-100.51171523459992,-118.67905518143401,-639.6049903193191,-0.0002804462928599147,0.0015114280119228303,-0.00013357708911595538,3.2651887245177435e-10,0.29690587866319906,0.005761009848288956,-0.29684998155683656,0.0004470517236086964,8.67436304730694e-06,-0.0004469675592335866
763835.7835776907,-13.528146157873092,-100.51708913814903,-118.40117331330457,-637.7738951061364,-0.00028138874225349904,0.0015157146602859282,-0.00013288833825731518,3.267032032053203e-10,0.295809200309841,0.005846526611300173,-0.29575141777264735,0.0004466296129486444,8.827419548695068e-06,-0.00044654236957624436
765596.6069112562,-13.568788446302474,-100.53036788469649,-118.1868432830159,-635.7982899307357,-0.0002826032921970953,0.0015202935023608504,-0.00013217200773668015,3.2696463117502353e-10,0.29488316830810213,0.005894293490839792,-0.2948242531673206,0.0004465536496829805,8.925969853549032e-06,-0.00044646443207422876
767361.4893618189,-13.636474416957833,-100.58085411834897,-118.28966510144079,-633.2454615546588,-0.00028504065415193224,0.0015259211398180187,-0.00013133855007598896,3.27527707746425e-10,0.2940796777243593,0.0057534700845821365,-0.29402339096141455,0.00044701653499244775,8.74557630535507e-06,-0.0004469309761604598
769130.4402866095,-13.668613596184795,-100.58836672561152,-118.05822573992737,-631.547705091175,-0.00028600052006383966,0.001529948218086033,-0.00013068516573878867,3.2765286538699117e-10,0.2935068588309966,0.0058381234457107745,-0.29344879024366616,0.0004472917473911287,8.897047407742936e-06,-0.00044720325337773835
770903.4690644301,-13.75144861536431,-100.66617080256873,-118.42587344090661,-628.7859574912711,-0.00028926940690567044,0.0015358851550702284,-0.0001298144285210659,3.2833508858426407e-10,0.2927310436361407,0.005559522697105,-0.29267824588733016,0.0004479119732370748,8.506705508869256e-06,-0.0004478311866434889
772680.5850957021,-13.776614701108937,-100.65215946706047,-117.94476724030211,-627.0745537300364,-0.0002896955854857998,0.0015402186484115208,-0.000129163352669096,3.28473965767739e-10,0.29195708325890996,0.0057504011934915,-0.29190044767208556,0.0004479246471436908,8.822346068052561e-06,-0.00044783775603298055
774461.7978025188,-13.832240127603272,-100.70974591405772,-118.23339217416087,-625.1496635700574,-0.00029208486103476374,0.0015443754869252145,-0.00012847071270877657,3.2872757035098467e-10,0.29131446195464483,0.005579188844148088,-0.29126103137180154,0.0004481868005489364,8.583572476763474e-06,-0.0004481045976887854
776247.1166286917,-13.913145200431376,-100.78652591555736,-118.5945267431355,-622.4895689361449,-0.00029533603821113396,0.0015501862368028619,-0.00012762983565028896,3.2937304385402893e-10,0.290378538625718,0.005306241667119715,-0.2903300526879326,0.00044849852741532477,8.195652423475124e-06,-0.0004484236394025948
778036.5510398041,-13.940214445411932,-100.75003870086432,-117.78548587618357,-620.391738178566,-0.0002953798874845213,0.001555804948770561,-0.00012690716349062666,3.297267075488042e-10,0.2892311102169686,0.0056032171721409636,-0.289176830113794,0.00044824766570296626,8.683813494180647e-06,-0.00044816354290744856
779830.1105232586,-13.965142361148011,-100.79076650217725,-118.06851701765916,-619.479207056772,-0.0002968823273113692,0.0015576754359039574,-0.00012642904732106065,3.29452947867728e-10,0.2888239076138998,0.005523940107186053,-0.2887710783562903,0.00044817165516014025,8.571566672910402e-06,-0.0004480896793430435
781627.8045883297,-14.035007469434744,-100.80839776387967,-117.68717656584506,-616.4468948498388,-0.0002988068332185434,0.0015651539094782099,-0.00012552082959827008,3.3031208423172556e-10,0.2875477031312499,0.00554463218575961,-0.2874942410379416,0.0004483159613282166,8.644642546268512e-06,-0.00044823260851581317
783429.6427662116,-14.088278234355142,-100.88890554071916,-118.30293977728442,-614.9797449098495,-0.000301642644629034,0.0015680431694860952,-0.00012493408592276556,3.303385967718926e-10,0.2870299825470829,0.0052650182322254435,-0.28698169011975844,0.0004484115249362738,8.225255192433516e-06,-0.0004483360802709212
785235.6346100719,-14.120011197277499,-100.86320502875938,-117.610485738261,-612.8619325608939,-0.00030200521109605247,0.001573732955475541,-0.00012421749816327932,3.307177352974545e-10,0.28593372056834937,0.0055065258175090006,-0.2858806931772064,0.00044823686869523854,8.632167919627093e-06,-0.00044815374162749094
787045.7896950984,-14.1788801882916,-100.86835422965572,-117.1401801908567,-610.1149449555293,-0.00030350179445439736,0.0015807640069850466,-0.00012337631509537678,3.3144270777245237e-10,0.28456118542620135,0.005587543491776578,-0.28450632261672576,0.0004480415250758493,8.79758602261117e-06,-0.0004479551435941635
788860.1176185545,-14.235184100529576,-100.92434374250418,-117.38886088524525,-608.1999258269625,-0.0003059493045185248,0.001585144816226477,-0.0001227061964746086,3.317216132452154e-10,0.2834990618554103,0.005422505989151929,-0.283447198789643,0.0004476458458991899,8.562152779346186e-06,-0.0004475639539670106
790678.6279998249,-14.2843315698129,-100.97018434664271,-117.55034287991586,-606.4287481744678,-0.0003080670346802639,0.0015892825288125311,-0.00012206746140230584,3.3192529545138325e-10,0.2829477497651096,0.005318447283408267,-0.28289776106507575,0.0004479660308172039,8.42022501199169e-06,-0.0004478868881501974
792501.3304804718,-14.284539912101422,-100.92093153538536,-116.77688222873283,-605.2229204254076,-0.0003073628910186497,0.001592978532928606,-0.00012154455236033194,3.3182168533604994e-10,0.2824574007571291,0.005684862447410551,-0.2824001869358933,0.00044811011972702413,9.018862260689086e-06,-0.0004480193517308048
794328.2347242814,-14.367463981398178,-100.99328690840467,-117.04467387890847,-602.5195380498216,-0.0003106864520357813,0.0015993436638783239,-0.00012072334659406901,3.325439087329211e-10,0.281564048025003,0.005444110076286064,-0.28151141150174264,0.000448542081050662,8.67267138761049e-06,-0.00044845822909637994
796159.3504173188,-14.409089916013425,-101.01298386773121,-116.90251687477588,-600.6845349243159,-0.00031216616517649667,0.0016040149755630366,-0.00012007886727945851,3.3279261537632273e-10,0.2807398731089433,0.0054642999531119025,-0.2806866897080231,0.0004485198841711469,8.729957575691726e-06,-0.000448434916501409
797994.6872679765,-14.473824367043587,-101.06450313552409,-117.01918998085111,-598.4139698318954,-0.0003147430487823936,0.0016095363275859872,-0.00011934984384427053,3.332870261032493e-10,0.2798003273147418,0.005326921739142874,-0.2797496149599168,0.0004485905563173756,8.54040025383245e-06,-0.000448509251610975
799834.2550070285,-14.468935894982174,-100.94797614669189,-115.37608293738649,-596.4493805760733,-0.0003126185105125239,0.0016161158552505219,-0.00011868442321459089,3.3361574558471733e-10,0.27869823577193825,0.00600483989818054,-0.27863353803910273,0.00044842685452470797,9.661817413401417e-06,-0.00044832275554916205
801678.063387679,-14.544509628938178,-101.05638272995171,-116.18154038067073,-594.577786278325,-0.00031655293253711887,0.001620010728478392,-0.00011803989414273187,3.3389618113007063e-10,0.27791532467958296,0.005594365436499205,-0.2778590123913941,0.00044836366829386097,9.025447631493793e-06,-0.0004482728190967846
803526.1221856172,-14.609756496226343,-101.0939355128914,-116.10264154907885,-592.111841424079,-0.0003188964937824715,0.0016263401731251965,-0.00011727997861420797,3.345156072831281e-10,0.27691796288712517,0.0055247422243297805,-0.27686284581523385,0.00044851134767069124,8.948172067759092e-06,-0.00044842207707251154
805378.4411990665,-14.626828396144084,-101.06034018722204,-115.42343938382851,-590.4813861780815,-0.000318857350343617,0.001631205336013823,-0.0001166880395681803,3.346677930592593e-10,0.27612126835329354,0.005802526687303394,-0.2760602932713697,0.00044846084516098755,9.42414192784229e-06,-0.00044836181281575615
807235.0302488382,-14.711500068326552,-101.14799447862669,-115.87305722741515,-588.0023123059436,-0.0003226104562158744,0.0016370992426367795,-0.00011593088883185272,3.3530582466330576e-10,0.2752605298999652,0.00549509256926666,-0.2752056745026614,0.0004487662269769317,8.958828787022125e-06,-0.0004486767944321121
809095.8991783821,-14.716774089661829,-101.06560452290688,-114.62906554720342,-586.1315048941868,-0.00032136891197851993,0.0016432520243010288,-0.00011529625400466217,3.3560240627220055e-10,0.27421013503905073,0.005999790136966356,-0.2741444886851581,0.00044856033995443995,9.81461864314263e-06,-0.0004484529538769172
810961.0578538409,-14.779353211032069,-101.11322675165495,-114.70376856565922,-583.9364236332923,-0.0003238950392100902,0.0016488918646176832,-0.0001146002848997361,3.360892070026695e-10,0.2733553616099448,0.005885245920075347,-0.2732920006172225,0.0004487227545247852,9.660844933710235e-06,-0.0004486187451539196
812830.5161640991,-14.787108826547614,-101.02615748346216,-113.3872832032927,-581.9085297488947,-0.0003226048427273074,0.0016556222569046384,-0.00011393964312995407,3.364847672723989e-10,0.2724060282809113,0.006409786375385787,-0.272330605849586,0.0004488087841553521,1.0560590189530784e-05,-0.0004486845202030646
814704.2840208396,-14.865324311765669,-101.09031796555995,-113.56649490179548,-579.3714744356766,-0.0003258081113960549,0.0016621445087819748,-0.00011318196780283402,3.371809445296822e-10,0.2713405977005842,0.0062118303966632125,-0.2712694843207274,0.0004488652190339657,1.027592124152705e-05,-0.0004487475797160893
816582.3713585923,-14.907177537116246,-101.1189815119141,-113.53987524932953,-577.7044548579566,-0.00032754998145031756,0.0016666134523836103,-0.00011259674818093298,3.373761788826158e-10,0.27064269371748984,0.006191313239673595,-0.27057186716846093,0.00044891074912270013,1.0269433201017368e-05,-0.00044879327024770953
818464.7881347899,-14.930845764270007,-101.03596307274357,-112.1713352831182,-575.1438873007171,-0.00032667498054540653,0.0016749833432984727,-0.0001118398665159462,3.3809879523515676e-10,0.2693894384228969,0.00668334631995976,-0.26930652130197524,0.0004489006553934127,1.1136882577190484e-05,-0.0004487624853517697
820351.5443298181,-14.993823645187254,-101.1219025065495,-112.74510358614498,-573.5060478808123,-0.00033003012295824063,0.001678780412444081,-0.00011126488764996011,3.382845237001212e-10,0.26887215222401517,0.006397847365007844,-0.268796022646668,0.00044913801540956037,1.0687296712003077e-05,-0.00044901084460737483
822242.6499470712,-15.039692435635244,-101.14306222517264,-112.589102454816,-571.5971436034156,-0.00033173021496392543,0.0016841420633619767,-0.00011063949415363889,3.3863362665144677e-10,0.2680466057852774,0.006409616442150122,-0.2679699604248066,0.0004491732186286701,1.0740774124191306e-05,-0.0004490447818474814
824138.1150130022,-15.052524145882963,-101.09698245105416,-111.79145790677124,-569.9647127017242,-0.0003313742519489338,0.0016894996616497549,-0.00011006978049182965,3.3882243784652734e-10,0.2672644178785758,0.006736058557882593,-0.2671795175141215,0.0004491675480741507,1.1320694801590197e-05,-0.00044902486357901577
826037.9495771788,-15.113535905200008,-101.1413581607326,-111.82984030022654,-567.8315538389569,-0.00033388162706616533,0.0016953303571414986,-0.00010940562559296544,3.3931308633656126e-10,0.26641285482985166,0.006638442999839206,-0.2663301340312986,0.0004493011070948524,1.1195630147497e-05,-0.00044916159976367135
827942.1637123341,-15.137968098921586,-101.07724235431508,-110.71786341105019,-565.5225567247246,-0.00033341301711946114,0.001703000546413033,-0.00010871014217845643,3.3991489801103313e-10,0.26531483178010495,0.007037731561622907,-0.26522147404946667,0.00044932584391307434,1.1918800965415971e-05,-0.0004491677372560759
829850.7675144225,-15.193920917580023,-101.0794243874792,-110.24507871620537,-562.9939624153006,-0.0003349731362906902,0.0017106237802092014,-0.00010797516319430355,3.4065627576319767e-10,0.2642288782854927,0.007128452599604806,-0.26413270392653937,0.0004494438443435053,1.2125242181610334e-05,-0.0004492802552086018
831763.7711026708,-15.210131653275717,-101.00264841359056,-109.03822593024367,-560.8146415390511,-0.0003340607390539545,0.0017181694953902421,-0.00010730982216371597,3.411935308033861e-10,0.2631144776469624,0.007580127023582653,-0.263005266148304,0.0004493554025873868,1.2945585742019833e-05,-0.00044916888766283495
833681.1846196344,-15.202374882583262,-100.96225947625649,-108.47442438677393,-560.0217328124488,-0.0003333663512388326,0.0017210729878267736,-0.00010691164519522584,3.40890776457495e-10,0.26265735289423614,0.007881373270082362,-0.26253908087137223,0.00044922153568678895,1.3479472646375328e-05,-0.0004490192556472079
835603.0182312478,-15.250652229296103,-100.9446137093826,-107.8087169364592,-557.5045112371837,-0.00033435902263577233,0.0017290500136659997,-0.0001061863071620375,3.4164238551773255e-10,0.26158018358027557,0.008058652108255548,-0.26145602033246196,0.000449376052486223,1.3844188130773702e-05,-0.00044916274890411425
837529.2821268826,-15.265952420872914,-100.84830571352099,-106.37482614099589,-555.0933628811122,-0.0003329996634957376,0.001737684654855476,-0.00010548389705931278,3.4233720221783864e-10,0.26036735994617416,0.008587454857483827,-0.2602257053874796,0.0004493305954729382,1.4819853784698182e-05,-0.00044908613423469824
839459.9865193974,-15.27003611454875,-100.78411144394336,-105.43446554417478,-553.5407427184365,-0.0003320521865166521,0.0017433048386696502,-0.0001049469263826103,3.425078578049849e-10,0.25961238949610793,0.008981884468232212,-0.2594569685540903,0.00044933013433018793,1.554560382300057e-05,-0.00044906113594806113
841395.1416451951,-15.240925914865306,-100.65656893980369,-103.92803934237148,-552.3181099040422,-0.00032903579523212574,0.0017486371306851818,-0.00010447428681192579,3.424765564996462e-10,0.2588608709498022,0.009660255727406086,-0.25868055583706184,0.00044915985499755515,1.6761896248902094e-05,-0.00044884698303048197
843334.7577642753,-15.224800615494036,-100.52103124265933,-102.24186272563277,-550.5198908831856,-0.000326103767723961,0.0017559012114807852,-0.00010389464100442112,3.428049753696128e-10,0.25797558280141797,0.010365345508706778,-0.25776726117607796,0.0004492336679550094,1.805001129150171e-05,-0.00044887090072390337
845278.8451602899,-15.179799376186267,-100.36768657381315,-100.53892288947063,-549.5388690400016,-0.0003221358113042044,0.0017607722893153818,-0.00010347097638798785,3.426271044406875e-10,0.25732977970435733,0.011155758991543039,-0.2570878537854631,0.00044907949939155303,1.9468491633617694e-05,-0.00044865730196585416
847227.4141405963,-15.14441272846085,-100.26785154082816,-99.44371081281177,-548.9540966002437,-0.00031950848884286417,0.0017637665812672645,-0.00010312314798394363,3.422032274843168e-10,0.25701987713813823,0.011718075091367958,-0.25675261237279895,0.0004491076528916206,2.0475759537708993e-05,-0.0004486406436750624
849180.4750363139,-15.061493441258445,-100.12360925501319,-98.11769837889894,-549.5179907522177,-0.00031488642492938466,0.0017635529410212633,-0.00010299165738873335,3.4106583379340203e-10,0.2571055168335491,0.012497168502752018,-0.25680161129880047,0.0004489480481534271,2.18220887511617e-05,-0.0004484173796624171
851138.0382023763,-15.043159294505848,-100.06172580641447,-97.38546647292704,-548.8422054363238,-0.0003134271025783466,0.0017664034321839843,-0.00010262841754450983,3.4070039009946795e-10,0.2567828010751555,0.012887221465547705,-0.2564592101112783,0.00044897122447152345,2.2532629043676506e-05,-0.00044840544268757396
853100.1140175896,-15.006021512533007,-99.9941028726748,-96.70756488451613,-548.7861415175229,-0.0003114388974429806,0.001767321419480492,-0.00010238191941097469,3.3995152680151854e-10,0.2565983041600221,0.013309314000597025,-0.2562529060491466,0.00044873621158671016,2.32751777647031e-05,-0.0004481321832776733
855066.7128846832,-14.978188968172553,-99.96556155018746,-96.44965287389148,-548.9223047685769,-0.00031050866585346506,0.0017671928040400313,-0.00010217179181561357,3.39085527053316e-10,0.25678688728916826,0.013576087118845746,-0.2564277585250893,0.00044894179692286956,2.3735140881444554e-05,-0.00044831393031186643
857037.8452303697,-14.961266506867917,-99.96274310990125,-96.43636568715777,-549.0051270587372,-0.00031037758778083656,0.0017669567470904204,-0.00010195218360597064,3.3825461557583147e-10,0.25683372885664935,0.01372071708008342,-0.25646696902568017,0.0004489074382558159,2.3981787683699715e-05,-0.0004482663962209225
859013.5215053955,-14.969093013017549,-100.00005502722613,-96.75372937295167,-548.7145847474073,-0.0003116574242835733,0.001767487157937036,-0.00010166386945355908,3.376553441675149e-10,0.2567724498351548,0.01368024053763936,-0.2564077651187253,0.00044893388351314263,2.3918156001156478e-05,-0.00044829627879305027
860993.7521846007,-14.97836035321898,-100.0525679982983,-97.24780530030425,-548.5760724318365,-0.0003133055659332813,0.0017673605723025558,-0.00010140444500083324,3.3696381838252545e-10,0.2568432881547936,0.013579022994174711,-0.25648408294607683,0.0004490454721380633,2.3740541695284314e-05,-0.000448417464788907
862978.5477669701,-15.032608613627666,-100.1776571382901,-98.33720813498225,-547.7607267880052,-0.0003175117582938248,0.0017686130691043367,-0.00010102085101130586,3.3668924250281716e-10,0.2566615044094841,0.013140087213718326,-0.25632492261533113,0.0004491674758792706,2.2995656556282715e-05,-0.00044857844483133674
864967.9187756934,-15.067858421033009,-100.24600754872357,-98.85258420831197,-546.8795766483582,-0.00032006757567003003,0.0017707015115804568,-0.00010062637701382822,3.364561156984639e-10,0.2563250354115752,0.012947846459853458,-0.2559978067304432,0.0004491515175123243,2.2688165736998223e-05,-0.00044857812342903467
866961.8757582165,-15.079993916581294,-100.28639034030499,-99.17618344734503,-546.4691137455832,-0.00032151580860099896,0.0017715791521123103,-0.0001003195908973423,3.3593442518536307e-10,0.25619970798389596,0.01289175086442497,-0.2558751514521939,0.00044915818215282864,2.2601256764103136e-05,-0.00044858918376117435
868960.429286302,-15.16262162411145,-100.4809390053371,-100.92859361124512,-545.574824644651,-0.0003278621853686033,0.0017722762984201373,-9.992506821053581e-05,3.357111841292847e-10,0.25607655916190364,0.012147877076491228,-0.25578825859435844,0.0004493446385950549,2.1316216730254993e-05,-0.00044883874959547474
870963.5899560805,-15.219656634143522,-100.57957671413946,-101.66646887781162,-544.3229795954468,-0.00033156768265924777,0.0017752156729230952,-9.946649187194237e-05,3.357093695105473e-10,0.2556498693568513,0.011818863401528195,-0.25537652627066404,0.0004494296587826285,2.0777431880212922e-05,-0.00044894912464324166
872971.3683881117,-15.27576584348801,-100.6771859843696,-102.39562051528767,-543.0987563293535,-0.00033523848972477605,0.0017780800187257415,-9.901453219076102e-05,3.3569225648572916e-10,0.25526454788500286,0.011497572607217172,-0.2550054807863483,0.00044956572117541243,2.0249245591514185e-05,-0.0004491094584941885
874983.775227436,-15.38080595488285,-100.8866458710202,-104.1744323706979,-541.6500146689499,-0.0003424120504510311,0.00178035519780566,-9.852328660374675e-05,3.3581599078437795e-10,0.2548870156364599,0.010680670096035818,-0.2546631383344684,0.000449733651875498,1.8845435318755845e-05,-0.0004493386331008254
877000.8211436349,-15.436917646159454,-100.94370674873257,-104.39449894408973,-539.8946252472387,-0.0003452376934972217,0.0017854578261995296,-9.797812759718198e-05,3.3613298144381134e-10,0.25405564648718854,0.010523918269293827,-0.2538375832225885,0.0004495830462785005,1.8623381529659002e-05,-0.0004491971562259239
879022.5168308843,-15.495397695466808,-101.04476373467786,-105.14259721697829,-538.6645656500724,-0.0003490622270358086,0.0017883090002339067,-9.753007078901901e-05,3.3612570323148966e-10,0.2536492451403693,0.010191019836851679,-0.25344443705665365,0.0004496796677676119,1.806705323294988e-05,-0.00044931657569142444
881048.8730080143,-15.56694120285444,-101.12591034946647,-105.54978427444378,-536.7069108567817,-0.0003527791617534579,0.001793836107016914,-9.695212203473421e-05,3.3657584451193473e-10,0.2528651503762527,0.00993248687062318,-0.25267000213592783,0.00044974459859912255,1.766586781164841e-05,-0.00044939750898680695
883079.9004185627,-15.653612927116088,-101.21829154707343,-105.98795855320185,-534.382873273272,-0.0003571040878662206,0.001800490462657534,-9.631028375210356e-05,3.372621473889048e-10,0.2519989347603048,0.0096230944143091,-0.2518151289621449,0.0004499542916959464,1.7182424343310076e-05,-0.0004496260990081506
885115.6098308356,-15.749966372168945,-101.37398890576578,-107.14113980328672,-532.608643688688,-0.0003630042602182311,0.001804528186306607,-9.576974740364768e-05,3.3760737200935515e-10,0.2513206121089212,0.009045278630655003,-0.2511577850780195,0.0004499378277058344,1.619370963614826e-05,-0.00044964631942101476
887156.0120379608,-15.78496844202454,-101.41938356943636,-107.35186230018846,-531.4778697482002,-0.0003651508985664188,0.0018077899865774447,-9.534662332960343e-05,3.3754753904605095e-10,0.25098232426190425,0.00896504344549654,-0.25082215828735704,0.0004501601924938166,1.607964104646997e-05,-0.0004498729198894802
889201.1178579485,-15.819413330551079,-101.43952342155892,-107.25165372168021,-530.0216919844635,-0.0003667652202279958,0.0018124990696250806,-9.486669610635074e-05,3.3769644401236177e-10,0.25027565942833535,0.008982446563355192,-0.25011441652976457,0.00045003769826802264,1.6151948557128486e-05,-0.0004497477564370807
891250.9381337455,-15.887303012127624,-101.54182508452075,-107.93395439314291,-528.5371566206481,-0.00037090544812925645,0.0018162709967550197,-9.438340817913179e-05,3.378660913534515e-10,0.24969996889695292,0.008646754626958688,-0.24955021158388233,0.0004500436831341081,1.5584372383639754e-05,-0.0004497737698736127
893305.4837332955,-16.00216218550352,-101.72468673301387,-109.28166854547968,-526.5585910758153,-0.00037786735047240147,0.0018207015167918499,-9.381382306866097e-05,3.3835564675550737e-10,0.24909016239999385,0.007961587482954582,-0.24896289307687314,0.0004502786930822118,1.439211076079243e-05,-0.0004500486291409783
895364.7655495937,-16.080915841416033,-101.80485827710639,-109.60558493907052,-524.430192988558,-0.0003818472261114405,0.0018270256446611547,-9.321972533678234e-05,3.389475072535018e-10,0.24822758787725172,0.007717167350653017,-0.24810759906024793,0.0004503521671720961,1.4001034576845388e-05,-0.0004501344749154208
897428.7945007486,-16.155597201972938,-101.88201128183472,-109.91842202291663,-522.4131250127341,-0.0003856820127077497,0.001833044377928291,-9.264760802344809e-05,3.3947363607504867e-10,0.2473445434918577,0.007486921190510477,-0.2472312059718242,0.00045029820132134357,1.3630165832352392e-05,-0.0004500918669478708
899497.5815300351,-16.280070328241642,-102.05134666505406,-111.01774602272694,-520.0055229834621,-0.00039266253137077296,0.0018392256400131643,-9.200852911369468e-05,3.402610010251437e-10,0.24647689043227447,0.006862446562217179,-0.24638133927784414,0.0004504562507820768,1.2541670515995468e-05,-0.0004502816233973062
901571.1376059571,-16.318082782436594,-102.06440562469825,-110.79128156955785,-518.3661163238485,-0.00039430569976699057,0.001844862802712934,-9.150750983817185e-05,3.405520712927225e-10,0.24572150307956836,0.006915236077389979,-0.24562417752671722,0.00045041619156544957,1.267587190668207e-05,-0.00045023779039051034
903649.4737223014,-16.428080872098278,-102.17019541204508,-111.1982933826842,-515.610862499465,-0.00039967811253518206,0.001853251251053049,-9.081178030308214e-05,3.415844354196206e-10,0.24450973645099577,0.006559277100201144,-0.24442174024267602,0.00045035329639829893,1.2081286033603388e-05,-0.0004501912194885506
905732.6008982003,-16.50217850609258,-102.22061405411851,-111.17368175622654,-513.304473682732,-0.000403035275596881,0.001860870367408202,-9.019764135328126e-05,3.423300963242786e-10,0.24355745120829084,0.006448676649502953,-0.24347206535565663,0.0004504709075413468,1.1927129341889749e-05,-0.00045031298240977513
907820.5301781857,-16.598190600045232,-102.34143750488042,-111.86116758735368,-511.2648785869844,-0.00040839448485998145,0.0018665794504109739,-8.963262005148203e-05,3.429052795648316e-10,0.24283710195222155,0.006046763888109653,-0.2427618065739236,0.0004506647344723748,1.1221774680000263e-05,-0.0004505249989402224
909913.2726322517,-16.676213459050405,-102.37145111454416,-111.55205615088656,-508.5760025394637,-0.0004114893663273045,0.0018760175673604052,-8.895615348913086e-05,3.4392541323058386e-10,0.24158444378185634,0.0060177375797416605,-0.24150948286104684,0.0004505997975080388,1.1224196775420666e-05,-0.00045045998148673786
912010.8393559096,-16.74052269873308,-102.41412779087108,-111.49695308669581,-506.52167129279775,-0.0004144933260974395,0.0018830097725750104,-8.839305882192153e-05,3.445260781503586e-10,0.24067370887356657,0.005944295402277658,-0.24060028988995158,0.0004505888263745634,1.1128897715799393e-05,-0.00045045137150333747
914113.2414702504,-16.760959664014823,-102.38726312143632,-110.89956671347511,-504.9353391583526,-0.000414952578864789,0.0018893150564335483,-8.791356641938532e-05,3.448135824861518e-10,0.2398451796776325,0.006164525965538658,-0.23976594594357226,0.0004504354257443441,1.1577138558846847e-05,-0.0004502866227507517
916220.4901219996,-16.827124785045452,-102.43910969074237,-110.94264075847362,-502.95884764180624,-0.000418216100616018,0.0018959841463392988,-8.736803819279141e-05,3.4537244040969974e-10,0.239053706091289,0.006056044201098735,-0.2389769836712622,0.0004505638371897569,1.1414315879277018e-05,-0.0004504192322449896
918332.596483581,-16.927511046342424,-102.50447712459882,-110.90604279593265,-500.0799012669993,-0.00042269234807640587,0.0019059371551224192,-8.666815109505146e-05,3.465618326120311e-10,0.23782666889649262,0.005881425575216634,-0.2377539342925898,0.0004506580235583565,1.1144719966566317e-05,-0.00045052019867525473
920449.5717531712,-16.974652126243296,-102.54033945670201,-110.88610923457658,-498.51366934303655,-0.0004251578761932436,0.001911393720766396,-8.619800270394288e-05,3.4685108740993893e-10,0.23711312776410876,0.005843001949371387,-0.2370411244621874,0.00045059471856104315,1.110366955956941e-05,-0.0004504578880621557
922571.4271547634,-17.03481838423614,-102.53119488542801,-110.22488013713384,-495.9143900094386,-0.0004270947812246345,0.0019215484529783106,-8.555134507451419e-05,3.478671516540082e-10,0.23591540973687292,0.005978331396661464,-0.2358396491369259,0.0004506239988100619,1.1419260840909238e-05,-0.00045047928785396776
924698.1739382225,-17.086920833030817,-102.50573542697157,-109.42566968794686,-493.3535804462713,-0.00042849562324556386,0.0019319036432366558,-8.491382727155129e-05,3.488685717468125e-10,0.23475379999582383,0.0061800049444042104,-0.2346724401189164,0.0004507164369626571,1.1865323624167197e-05,-0.00045056022976246656
926829.8233793494,-17.1316262433995,-102.53531059873733,-109.34576136379353,-491.7923398068363,-0.00043080686309218366,0.0019375923909850043,-8.445043510749316e-05,3.491711648927321e-10,0.2340206245105384,0.006166638929093002,-0.23393936235832694,0.0004506224980845131,1.1874279221436567e-05,-0.00045046602232898583
928966.3867799363,-17.169854097160933,-102.46975688906322,-108.16615601978882,-489.12767853957524,-0.0004310339309570633,0.001949136715020591,-8.379968204498474e-05,3.5026592714441835e-10,0.23275952761596364,0.006525877767554487,-0.23266802662886338,0.0004506889183666119,1.263596305842535e-05,-0.0004505117463241693
931107.8754678305,-17.163527657125645,-102.42278935282582,-107.52527482922679,-488.1271731725095,-0.00043039407387149634,0.0019538386947883374,-8.343593101803014e-05,3.501766203498368e-10,0.2321711822101709,0.006825816411100603,-0.23207082125762887,0.0004504911595717906,1.3244408374839902e-05,-0.0004502964251458554
933254.300796991,-17.21437771055384,-102.3835353985521,-106.58335427702914,-485.4339836658819,-0.000431500787637433,0.001965270728423198,-8.278474364301006e-05,3.5130954936261196e-10,0.23102814330948454,0.007076241679602206,-0.23091974754169378,0.00045076641660030424,1.3806681987826263e-05,-0.00045055492214286823
935405.674147552,-17.16897423270821,-102.2239632637923,-104.88381108264826,-484.1264653856933,-0.00042743588665485977,0.0019729739303823942,-8.237187583660768e-05,3.5144818684771536e-10,0.2302220419653471,0.007818027096142988,-0.23008925889536436,0.00045061840411782776,1.5302387483576224e-05,-0.0004503585050457029
937562.0069258802,-17.11280558550345,-102.09869224616493,-103.67234860472226,-483.6421588205723,-0.0004237444858423479,0.001976811567204831,-8.2100212780929e-05,3.5099100002035904e-10,0.22982176497478352,0.008432252501167393,-0.2296670215200284,0.0004504353042456729,1.6526651517346126e-05,-0.000450132017413243
939723.310564638,-17.063531340868728,-101.9535402986227,-102.18870391624378,-482.6842917540245,-0.0004197925785762846,0.0019828736025438547,-8.174915969606512e-05,3.508786683148087e-10,0.2292221457810129,0.009116098578522103,-0.2290408017431798,0.0004503320891531983,1.790957720862768e-05,-0.00044997581886729464
941889.5965228414,-17.028348666830915,-101.92118649108019,-101.9317051530341,-482.81571545981444,-0.0004186088290337885,0.001982807223565098,-8.158334904808137e-05,3.4997637934373565e-10,0.2292613411495763,0.009372841493350806,-0.2290696671059766,0.000450277436435132,1.8408594395272884e-05,-0.00044990098178930956
944060.8762859236,-16.980620023204825,-101.85670605159731,-101.38560112489174,-482.91735442208847,-0.00041638813056413184,0.0019833295082709846,-8.141284740398276e-05,3.490979663636592e-10,0.22924735865309204,0.0097561091819322,-0.22903966857959263,0.0004501988051946685,1.9159168170400075e-05,-0.0004497909408533318
946237.161365793,-17.014265682622167,-101.96718147247591,-102.32999277657194,-482.78437256360365,-0.0004201563447115678,0.0019822625972727714,-8.120323580412961e-05,3.483910004051746e-10,0.22932683561810818,0.009444068571382089,-0.22913229170816113,0.00045023238635032457,1.8541334328749216e-05,-0.00044985044252508793
948418.4633008973,-17.04644949810785,-102.06425990780126,-103.1283519192441,-482.5190907379735,-0.0004235944175468139,0.0019819224237814068,-8.097195636604874e-05,3.4778082300399324e-10,0.22928788195339286,0.009180902420981067,-0.22910400223786892,0.00045017738039972844,1.8025525668307664e-05,-0.00044981635613652713
950604.7936562814,-17.134911729397516,-102.20307755555042,-104.03173606069144,-481.0407408094879,-0.00042948780046937713,0.001985943304703643,-8.053821339775371e-05,3.480473023582963e-10,0.2288106528594007,0.008734457928557652,-0.2286438805361723,0.0004503224405882422,1.7190294081370187e-05,-0.0004499942158369893
952796.1640236521,-17.234865555763673,-102.41194037466046,-105.67746178299197,-480.1715057636084,-0.0004371671377107575,0.0019863762740252107,-8.02077837419376e-05,3.478754226347716e-10,0.22867610602888963,0.008023079804287996,-0.22853531818734277,0.00045044970699047426,1.5803985863508398e-05,-0.0004501723809371585
954992.5860214359,-17.32260437427043,-102.49574795435856,-105.93511862144867,-478.01031583535956,-0.0004419190600152772,0.0019940683712870054,-7.966313637162406e-05,3.4864453538768584e-10,0.22776109197216535,0.007784584123442368,-0.22762801951073205,0.0004504656780266106,1.5396343312887728e-05,-0.0004502024874348938
957194.0712948447,-17.438033426685923,-102.63312133580766,-106.6290551324821,-475.7389913844594,-0.00044859169918470067,0.0020014485005837687,-7.91022577040873e-05,3.495033832588865e-10,0.22684964599988747,0.007336145988025645,-0.22673099226245325,0.0004504994703053219,1.4568812162438659e-05,-0.0004502638364976152
959400.6315159331,-17.51112595696276,-102.72421236569693,-107.06842878140567,-474.16570505830805,-0.00045311000808993357,0.0020066533982074403,-7.865933513660624e-05,3.4985653620474833e-10,0.2262531292736663,0.00708357088491489,-0.2261422152753544,0.00045057940789947927,1.4106815606861202e-05,-0.0004503585244851921
961612.2783836648,-17.428277364861387,-102.49778205373964,-104.85971495819066,-473.07827208678634,-0.0004465942722530625,0.0020148256813932136,-7.829844435695142e-05,3.498542304269592e-10,0.22553094492742282,0.008077828609855384,-0.22538623694628301,0.0004505064664425436,1.6135763651970337e-05,-0.00045021740685796945
963829.0236239705,-17.68556263045882,-102.90138032733802,-107.68550392997227,-470.12755469180877,-0.00046293231926588656,0.0020210449067110106,-7.763111753117152e-05,3.512403694014262e-10,0.22461900764481343,0.006589595359339103,-0.22452232812872072,0.0004507191710447267,1.3222643039087784e-05,-0.0004505251745000566
966050.8789898136,-17.706321799413157,-102.9017545973092,-107.41574985973554,-468.9358021162246,-0.00046412135564779074,0.002026175123053804,-7.725623207092696e-05,3.513231275718201e-10,0.22400426643424334,0.0066958481676712206,-0.22390416922884437,0.00045056137151072207,1.3468004792395822e-05,-0.0004503600363537321
968277.856261249,-17.76532340726105,-102.90517727861334,-106.91736749869897,-466.6319772238103,-0.0004665280350778017,0.0020361228912724847,-7.669987008344468e-05,3.522456470715141e-10,0.22290956932986847,0.006775201118128138,-0.22280658147513585,0.0004505007596027948,1.369269726443032e-05,-0.0004502926209081376
970509.9672454898,-17.820277549971344,-102.9628701465612,-107.08139353083587,-465.1956521137856,-0.00046991612152635193,0.0020414651825508964,-7.62879208225986e-05,3.525205870184109e-10,0.22226714158031766,0.006657244218199721,-0.22216742183701063,0.0004504187099942847,1.3490736109524695e-05,-0.00045021663047042
972747.223776965,-17.84483185855891,-102.93830900976317,-106.49456093258861,-463.55519041464214,-0.0004707472359351943,0.0020490936126703945,-7.584406117751199e-05,3.5295446757808927e-10,0.2214883326483553,0.006853905404151861,-0.22138226098777525,0.00045040651992421494,1.3937725947284713e-05,-0.0004501908184155477
974989.6377173872,-17.89387299299951,-102.97479497997398,-106.45032847343086,-462.0142088416435,-0.00047355707986341427,0.002055325734847897,-7.541807858388024e-05,3.533172158577176e-10,0.22070089532913903,0.0068139525905890124,-0.22059568275280636,0.0004501691882670583,1.3898591131771826e-05,-0.00044995458351879694
977237.2209558106,-17.948969300002172,-103.01820991499682,-106.44388228434846,-460.39148324495136,-0.0004767055744472231,0.002061848758058355,-7.498034125652368e-05,3.5374706935255774e-10,0.22015941538305875,0.006755325261059065,-0.2200557514868164,0.0004505013766975394,1.3823089622815899e-05,-0.0004502892543684092
979489.9854086991,-18.044633893218354,-103.11686600878559,-106.79794183932457,-458.325607746588,-0.00048222706300389583,0.0020694875567511266,-7.447221217686042e-05,3.545243003738195e-10,0.21934457873523017,0.006477433997627331,-0.21924891577689037,0.00045060930905897316,1.3306880320343883e-05,-0.00045041278439532026
981747.9430199844,-18.01849457835384,-103.02600111285211,-105.7925460541713,-457.2909796871521,-0.00048020488064036014,0.0020756978493185994,-7.413320329927522e-05,3.545091891175179e-10,0.21869409405316984,0.006929388095599771,-0.21858428661355614,0.0004503874076352403,1.4270660368710765e-05,-0.0004501612657804234
984011.105761134,-18.11056811819863,-103.13543944860893,-106.29236258450203,-455.48778516545536,-0.00048586976492170296,0.002082066271949766,-7.367105117272835e-05,3.550940511440857e-10,0.21788254582719227,0.006611991351280464,-0.2177821970375658,0.000450224400399523,1.3662773354677576e-05,-0.0004500170433876574
986279.4856312105,-18.082875680552092,-103.07961861658725,-105.70448917732008,-454.97106190468645,-0.00048450047541369513,0.00208537686060348,-7.341822933644128e-05,3.5467972011580756e-10,0.21761638905382794,0.0069402079685235004,-0.2175056925650008,0.00045021880426436757,1.4358349325251443e-05,-0.00044998978823734543
988553.094656939,-18.181135759456982,-103.20950629211833,-106.39382445566277,-453.2740927409769,-0.0004907983798586186,0.002090969015235132,-7.297616367308622e-05,3.5518877662321365e-10,0.21697116579407488,0.006552262509776592,-0.21687220809048563,0.00045025722755862426,1.3597214823873555e-05,-0.00045005187114132984
990831.9448927676,-18.236493219451603,-103.2456442253773,-106.29498820320117,-451.57254901238036,-0.0004938981991253597,0.0020982256313468047,-7.25350082931628e-05,3.557071527048515e-10,0.21625717031582384,0.0065184671748257355,-0.2161589075164333,0.0004503307009961996,1.3573958671395776e-05,-0.0004501260800106074
993116.048420934,-18.309932516919204,-103.33385048590794,-106.67023667162302,-450.05901598528885,-0.0004986182879019662,0.0021037513650246403,-7.212562639685884e-05,3.560825286494748e-10,0.21568281916336046,0.006293282439766393,-0.21559098561486326,0.00045041188455887635,1.3142304123953108e-05,-0.00045022010794076276
995405.417351527,-18.358173946087582,-103.3694951010651,-106.61182552354094,-448.56883783605497,-0.000501513705839876,0.0021101169507483216,-7.172147811747636e-05,3.5644377282715884e-10,0.21500276698628573,0.006263620213794781,-0.21491150940230358,0.00045034712751531436,1.3119846831130634e-05,-0.0004501559783901825
997700.0638225536,-18.438501581597627,-103.46708952508081,-107.04417985167852,-447.00205038382757,-0.0005066717463355219,0.002115792841771971,-7.13065864887543e-05,3.568704729430658e-10,0.21432926059617127,0.006002812432700787,-0.21424518242098073,0.00045025696789223994,1.2610541916934973e-05,-0.00045008033879305904
1e+06,-18.52177906559976,-103.52388247538862,-106.98537906409294,-444.80929666673575,-0.0005111551601258092,0.002125211587341508,-7.079359829774033e-05,3.578048936579195e-10,0.21354016844809315,0.005892661236730432,-0.21345884869077023,0.00045063315446017423,1.2435264711887222e-05,-0.0004504615456287834
