Frequency (Hz),Trace M (dB),Trace th (deg),Trace Rs (Ohm),Trace Xs (Ohm),Trace Gp (S),Trace Bp (S),Trace Ls (H),Trace Cs (F),Trace Vrms (V),Trace Vreal (V),Trace Vimag (V),Trace Irms (A),Trace Ireal (A),Trace Iimag (A)
10000,32.64202215801972,-89.1356970403982,660.5951491980558,-43788.39921346864,3.4444383257806146e-07,2.2831902513748735e-05,-0.6969140184904796,3.63463716305349e-10,0.7109907908935766,0.012643664926707121,-0.7108783598286663,1.6235060443146893e-05,2.8871072162552395e-07,-1.623249314528891e-05
10023.052380778994,32.610680008729105,-89.1428387586135,652.8307547781991,-43634.32997116337,3.4280470942385556e-07,2.2912605904651854e-05,-0.6928647122238977,3.6390818189576354e-10,0.7109872714837232,0.012559417394361155,-0.7108763333003735,1.6292334699285803e-05,2.878001337350924e-07,-1.6289792541238033e-05
10046.157902783953,32.58082415134873,-89.12645884183468,663.0678441650775,-43487.413256984575,3.505337688696793e-07,2.298981469469202e-05,-0.6889436587703971,3.642978063922943e-10,0.7109984439039705,0.012767278682943159,-0.7108838047310542,1.6347562302539503e-05,2.9355040857373144e-07,-1.6344926472549115e-05
10069.31668851804,32.57623711651774,-89.17915596085462,622.76188005843,-43466.46190525253,3.2955226351340376e-07,2.30015217155731e-05,-0.6870279766674665,3.636351367052069e-10,0.7110060283634061,0.012118019370859505,-0.7109027542326954,1.6355838659857027e-05,2.787604630624833e-07,-1.6353462962672675e-05
10092.528860766844,32.55674406118483,-89.13728428737045,653.0809698782699,-43369.97089492792,3.4712852314331083e-07,2.3052201242873225e-05,-0.6839262334450185,3.636059664072377e-10,0.7110267097242231,0.012642364504229687,-0.7109143074667978,1.639252820748187e-05,2.914662893961218e-07,-1.6389936803881656e-05
10115.794542598982,32.51832317251422,-89.26984764734921,550.3793423414752,-43186.47508075025,2.950503120845045e-07,2.3151637371046762e-05,-0.6794662500184036,3.643110747734333e-10,0.7110297310117941,0.011002024387367835,-0.7109446067325387,1.646277787670224e-05,2.547346134535876e-07,-1.64608069575688e-05
10139.113857366794,32.50100139632514,-89.14904060066382,640.1550511831879,-43098.984266707215,3.445524202982915e-07,2.3197285273380583e-05,-0.6765301667169288,3.642110320673963e-10,0.7109688898739959,0.01250441645678003,-0.7108589184484764,1.649430554733069e-05,2.9009942441469384e-07,-1.6491754236971224e-05
10162.486928706954,32.48524739630346,-89.12008956466534,660.751822931223,-43021.78145501645,3.569103638292683e-07,2.3238558167839463e-05,-0.6737651154899257,3.640254453501835e-10,0.7109912623788173,0.012868494908126272,-0.7108747970056497,1.6524298219466455e-05,2.990794103237061e-07,-1.6521591423110023e-05
10185.91388054117,32.467152513375474,-89.02682124518073,729.2687794061532,-42931.48070720013,3.9555837860058063e-07,2.328621131058241e-05,-0.6708045491979184,3.6395212889949523e-10,0.7109674637233732,0.014029692560451845,-0.7108290245902351,1.655806443474486e-05,3.2674428193806706e-07,-1.6554840258950958e-05
10209.394837076798,32.42530079317805,-89.18005102212693,611.6022604560874,-42734.16635691062,3.348340863205836e-07,2.339568780553151e-05,-0.666185794863537,3.6479165542817135e-10,0.7110020894688511,0.012133725292038109,-0.7108985468684048,1.663602324876103e-05,2.839048422533069e-07,-1.663360055952597e-05
10232.929922807542,32.42452624907832,-89.12896768665013,649.6323415364305,-42728.98188069537,3.5573137698095747e-07,2.3397910771290854e-05,-0.6645729747879366,3.639968177167643e-10,0.711027827433973,0.012772516148848528,-0.710913098920468,1.663842483944012e-05,2.988835904216221e-07,-1.6635740131929044e-05
10256.519262514073,32.3889988018288,-89.14936869305494,631.8916143622315,-42559.05264627146,3.4878914475566563e-07,2.349158500716387e-05,-0.6604076323161898,3.64609667409251e-10,0.7110266702578253,0.012523890381068523,-0.7109163649738647,1.6704920417782496e-05,2.9423733438988946e-07,-1.670232889615989e-05
10280.162981264735,32.387952953697464,-89.07518327646085,686.893836941993,-42551.89043103238,3.792614908222172e-07,2.3494596303300112e-05,-0.6587778532641848,3.6383231737717635e-10,0.710998841988706,0.01344837021374887,-0.7108716442845888,1.670674275486597e-05,3.160039768909683e-07,-1.6703753918321943e-05
10303.861204416158,32.35423435394355,-89.11381133900301,655.7232007166587,-42391.849076370556,3.6479756523292834e-07,2.3583797724222976e-05,-0.6547906841387103,3.643659381991214e-10,0.7110633670786096,0.012974831413159848,-0.7109449808184665,1.677151580758312e-05,3.060312205937047e-07,-1.6768723486778366e-05
10327.614057613975,32.31716898702043,-89.1575731781176,620.7613371883984,-42216.654035082014,3.4822756907538277e-07,2.3682213966027602e-05,-0.6505848430238517,3.6503652559091807e-10,0.710997881212456,0.012435229087188153,-0.7108891278998088,1.683975872264196e-05,2.945244465875621e-07,-1.683718293501494e-05
10351.421666793436,32.30583922873515,-89.27837004741737,531.1035141471674,-42166.18321947742,2.986631891909366e-07,2.371192511606854e-05,-0.6483125416701546,3.6463289045919196e-10,0.7111178804578175,0.010942847747260296,-0.7110336799266257,1.686324559922982e-05,2.594955550804425e-07,-1.6861248891966377e-05
10375.284158180128,32.28807520767379,-89.12492326344773,642.7021231492063,-42077.74508855103,3.6291382186829994e-07,2.3759988859008333e-05,-0.6454648396038034,3.64558873300766e-10,0.7110302385939494,0.012850057773704248,-0.710914113103813,1.6895974870636267e-05,3.053516453253396e-07,-1.6893215419270227e-05
10399.20165829059,32.268588537700786,-89.13899509735505,630.9865199977417,-41985.9898642103,3.5786004423276333e-07,2.3812090613308867e-05,-0.6425760406490386,3.6451527744753473e-10,0.7110531627273159,0.012680455281890046,-0.7109400862789795,1.693350758339675e-05,3.01981057018593e-07,-1.6930814703320014e-05
10423.174293933042,32.24191116315578,-89.1776420657217,600.8696792865463,-41861.25181606613,3.4282019467406327e-07,2.3883519158303276e-05,-0.6391934896857155,3.647605990909327e-10,0.7110377775191684,0.012205247526737377,-0.7109330158265331,1.6983766509096493e-05,2.9153313752622204e-07,-1.6981264183364907e-05
10447.202192207998,32.23049510175337,-89.23501749214292,558.2458421508442,-41809.09989654007,3.1930553085130634e-07,2.391397450529106e-05,-0.6369288918060907,3.6437562234492817e-10,0.7110743428640438,0.01149852235729006,-0.7109813675920984,1.700606184011971e-05,2.749987877364065e-07,-1.7003838242488645e-05
10471.285480508996,32.193553263248745,-89.23837967918267,553.4884159905939,-41635.814471057616,3.1922556577769206e-07,2.4013540387020964e-05,-0.6328301997935577,3.6505060033610714e-10,0.71108475392202,0.01146159058500067,-0.7109923763315621,1.7077102976641177e-05,2.752565873710491e-07,-1.7074884476502787e-05
10495.424286523219,32.17978462191517,-89.14790128048693,618.2549451541622,-41568.87763067876,3.5771318095898565e-07,2.4051138713426945e-05,-0.6303596856203192,3.647974828924541e-10,0.7110365356814583,0.012588115213726297,-0.7109250976222852,1.7103061072505555e-05,3.0279077443152467e-07,-1.710038057461804e-05
10519.61873823223,32.152280366762426,-89.15307328930923,612.6057814648631,-41440.621605924534,3.566429743551345e-07,2.412564000509727e-05,-0.6269694689041578,3.650848997294452e-10,0.7110665948251417,0.012529113277783901,-0.7109562037120815,1.7156741850373696e-05,3.02304683816413e-07,-1.7154078313873553e-05
10543.868963912586,32.11884623965867,-89.11886604507673,634.9456326772628,-41284.11661075329,3.724498740263559e-07,2.4216662403251882e-05,-0.623165106876046,3.6562605414848654e-10,0.7110345484234856,0.01295764203488021,-0.7109164708773358,1.722085024429125e-05,3.138266818350216e-07,-1.721799047363177e-05
10568.175092136586,32.10222177153525,-89.12229915544518,631.2913889046856,-41207.09591113384,3.7169261367487823e-07,2.4261970700622432e-05,-0.6205719480933461,3.654669620333979e-10,0.7110666386178738,0.012920291678912076,-0.7109492461619562,1.725383215699457e-05,3.135072466353774e-07,-1.72509836620422e-05
10592.537251772887,32.10092296508201,-89.1775612684184,591.4739410837816,-41202.62292353956,3.4833442816160925e-07,2.426529910773631e-05,-0.6190774647061267,3.6466599546197886e-10,0.7110863537023787,0.01223958551519988,-0.710981008866032,1.7256430309075758e-05,2.970265894645776e-07,-1.725387383219025e-05
10616.955571987246,32.05893001272714,-89.13042658110172,622.4107104773826,-41007.197253187296,3.7004696285150533e-07,2.438034651903049e-05,-0.6147240704679283,3.65561157978895e-10,0.7110731571422765,0.012828921566807445,-0.7109574203703884,1.7338135572368553e-05,3.1280829424993334e-07,-1.7335313556347352e-05
10641.430182243159,32.051994403105695,-89.04032117245957,686.337419007047,-40972.62416720955,4.087222412529518e-07,2.4399693672340483e-05,-0.6127931636989098,3.65028145145599e-10,0.7110390922061938,0.013951010634855597,-0.7109022154612223,1.735149837657644e-05,3.404467363829549e-07,-1.7348158171172554e-05
10665.961212302578,32.0336640928077,-89.06813967048575,665.0796983946649,-40889.06733373253,3.9768975027451105e-07,2.4449946399146018e-05,-0.6101369632841548,3.649328233376226e-10,0.7110703131375943,0.013611153407771798,-0.7109400303320291,1.738785865082503e-05,3.3283461165005125e-07,-1.7384672835068214e-05
10690.548792226577,31.97966771783413,-89.08038093961805,652.374538060882,-40641.93481160593,3.948538410240083e-07,2.4598789699410882e-05,-0.6050545157035349,3.663074544233467e-10,0.7110480361117681,0.013463556844996559,-0.7109205597642284,1.7493101479761812e-05,3.312284883816848e-07,-1.748996532500077e-05
10715.193052376066,31.980602548148322,-89.09363390951111,643.0448304495036,-40646.57963251471,3.891208979250149e-07,2.4596160042416768e-05,-0.6037319194037819,3.654232077495529e-10,0.711090999947043,0.013304647727457422,-0.7109665228085874,1.749222349627085e-05,3.272828254121755e-07,-1.7489161466339094e-05
10739.894123412445,31.96805946375229,-89.07206290225369,657.413734117814,-40588.67684858748,3.9894687365949254e-07,2.463095139995589e-05,-0.6014853107285321,3.6510286227193265e-10,0.7110734503847892,0.013576720119326743,-0.7109438265523731,1.7516639229956327e-05,3.3444998983950726e-07,-1.7513446066286935e-05
10764.65213629835,31.921078298211793,-89.26431124476431,518.5178873192807,-40380.192859660965,3.17947460711403e-07,2.4760534008078242e-05,-0.5970195056232497,3.661438491294163e-10,0.711107855041974,0.011196463937513043,-0.7110197048589393,1.7608787469851396e-05,2.772521109021996e-07,-1.760660465352124e-05
10789.467222298286,31.904895800478684,-89.14507711918641,601.4229836941631,-40303.56661878499,3.7016586214542344e-07,2.480617616796085e-05,-0.5945160886495349,3.659962632861862e-10,0.7110943654407742,0.012680612257574683,-0.7109812927457306,1.7641421129743995e-05,3.1459118773948526e-07,-1.7638615928172326e-05
10814.33951297938,31.869836307085983,-89.18054382264052,574.2162027225072,-40146.04141716018,3.5620593142102873e-07,2.4903961274630573e-05,-0.5908304367034518,3.6658728994239095e-10,0.7111200118927461,0.01224571959204925,-0.7110145664232289,1.7711441225855545e-05,3.049968207836066e-07,-1.7708814958552343e-05
10839.269140212033,31.862277797516573,-89.2059932145802,555.9178738912427,-40112.64072072389,3.4543371524195916e-07,2.492500990359653e-05,-0.5889811359594648,3.660487077111468e-10,0.7111018004846569,0.011934381743506554,-0.7110016464009917,1.7725845615842936e-05,2.9749187551170613e-07,-1.772334904527648e-05
10864.256236170655,31.841182163188535,-89.17496222889645,576.2668354954427,-40016.804818204924,3.5978972350012623e-07,2.498432020388987e-05,-0.5862225775158757,3.6608144972306876e-10,0.7111261706519818,0.012324670992439866,-0.7110193619523167,1.7768769700150753e-05,3.0795412900359433e-07,-1.7766100892188615e-05
10889.300933334333,31.79930642350174,-89.18503184974136,566.564068248568,-39829.21380383354,3.570735582274122e-07,2.5102119762553706e-05,-0.5821325257840069,3.669597217073596e-10,0.7110814965770517,0.012203750301644058,-0.7109767670274709,1.785138159086074e-05,3.063696700348941e-07,-1.7848752402557565e-05
10914.403364487567,31.798297713735685,-89.1979373470364,557.532633280212,-39825.043672423715,3.514573766784812e-07,2.510490783806961e-05,-0.5807328488463308,3.6615407421628765e-10,0.7112143333207379,0.012050675173993938,-0.7111122338623578,1.785664239232215e-05,3.025594213819112e-07,-1.785407895478816e-05
10939.563662720937,31.760976609309928,-89.07667443094296,639.0986747931755,-39655.01239908793,4.06311344017818e-07,2.521094475767908e-05,-0.57692348947997,3.66878314049126e-10,0.7111332260007102,0.013558954041544294,-0.7110039520899137,1.7930590515470418e-05,3.4187694210869366e-07,-1.792733098902154e-05
10964.78196143185,31.739906273233053,-89.10097521203016,620.8149215503995,-39561.92988978873,3.965521224952794e-07,2.5270602756495646e-05,-0.57424550003479,3.6689573446301024e-10,0.7111320868444586,0.013262214146000486,-0.7110084096659478,1.7972870236364466e-05,3.3518393882440426e-07,-1.7969744468421077e-05
10990.058394325208,31.727796094535776,-89.15801866525273,580.6508945746133,-39509.72472225715,3.718889730272897e-07,2.5304759002077213e-05,-0.5721687514412322,3.665355710331383e-10,0.7111633847735748,0.01255973419031289,-0.7110524684716848,1.7997682179157622e-05,3.1785396865436366e-07,-1.799487517813276e-05
11015.39309541415,31.70447275351824,-89.15383129727803,582.0102677884088,-39406.21705238693,3.7471961771803247e-07,2.537117196522134e-05,-0.5693572783208711,3.666531213236862e-10,0.7111730765641774,0.012616734523051239,-0.7110611526723507,1.8045182520176044e-05,3.2013483746740296e-07,-1.804234258272209e-05
11040.78619902073,31.684696627474686,-89.04895039284554,652.660978340784,-39315.80936846769,4.2211767934735934e-07,2.5428053404497056e-05,-0.56674454969568,3.6665103139919323e-10,0.7110934557612897,0.013921636894016973,-0.7109571652727922,1.8084133335924822e-05,3.5404732782444275e-07,-1.8080667272010947e-05
11066.237839776664,31.662259082889868,-89.00597998918511,680.4164013684922,-39215.58550851766,4.423098833306597e-07,2.549239115360802e-05,-0.563999651036729,3.667426577987881e-10,0.7111418251134595,0.014460700658336762,-0.7109947844831017,1.813135326503953e-05,3.686916770145841e-07,-1.8127604300319438e-05
11091.74815262401,31.637047197488755,-89.13044889178036,593.5727689757467,-39108.22843404716,3.8800529174443996e-07,2.556417742907051e-05,-0.5611620265082492,3.6690361298506467e-10,0.7111719944980578,0.012921552251632515,-0.7110545965295167,1.81825394980879e-05,3.303654193494208e-07,-1.8179537983381886e-05
11117.317272815913,31.61935743071679,-89.02858490707223,661.754462975748,-39027.70816671168,4.34336109286529e-07,2.5615456892084267e-05,-0.558718665650422,3.6681499663825195e-10,0.7111290266653381,0.014189737853183561,-0.7109874428607366,1.8218431308943365e-05,3.6352722878206587e-07,-1.821480407011346e-05
11142.945335917299,31.59401472391049,-88.96739774206017,701.4137744226443,-38914.98153215855,4.630198019973216e-07,2.5688698598171948e-05,-0.555823571278697,3.670314698717328e-10,0.7111267201234392,0.014953875115107781,-0.7109694745153002,1.8270804483619135e-05,3.8420624731013583e-07,-1.8266764410758817e-05
11168.632477805611,31.57827588940064,-88.95006248928004,711.9225532401288,-38845.732564011436,4.716287538623236e-07,2.573420993428519e-05,-0.5535584027743877,3.6684011061630567e-10,0.7111129874163348,0.015173619725615699,-0.7109510828014869,1.830292073318361e-05,3.905449119730645e-07,-1.8298753565118427e-05
11194.378834671514,31.54337325959814,-89.08457248361273,618.3338649246674,-38697.663684954794,4.12802836654871e-07,2.583475731676402e-05,-0.5501800995418082,3.6739681388705193e-10,0.7111511811516317,0.013510187080906044,-0.7110228388022425,1.8374679530683297e-05,3.4907536483201766e-07,-1.8371363429124662e-05
11220.184543019635,31.54152269723788,-89.02373409360784,659.2686503178039,-38687.87729157039,4.4033836609631414e-07,2.5840386413175607e-05,-0.548775903380018,3.6664454674069517e-10,0.7111397071911411,0.014269887036692895,-0.7109965214175537,1.8378708430595388e-05,3.687912382516146e-07,-1.8375007934676566e-05
11246.049739669263,31.53552798449958,-89.08542101351539,617.216788039884,-38663.59703323084,4.127837159088217e-07,2.5857532657953267e-05,-0.5471701377814463,3.660310063450546e-10,0.7111682044762341,0.013509896934167178,-0.7110398707124509,1.8391313343512098e-05,3.49375501029061e-07,-1.8387994541507968e-05
11271.974561755105,31.493236363950995,-89.05040764003054,637.7978534490953,-38479.43681872529,4.306320417702309e-07,2.5980768599025728e-05,-0.5433114263645781,3.6693693121003387e-10,0.711153757775251,0.013949101961069375,-0.7110169405522909,1.847877353273466e-05,3.624564917297219e-07,-1.8475218444329637e-05
11297.959146727977,31.478507023010337,-89.1094361542292,597.181899183443,-38417.51165937615,4.045230241192649e-07,2.6023508108396518e-05,-0.5411895017916596,3.6668310472938745e-10,0.7111726056062362,0.013221912545150068,-0.7110496860230032,1.850935583773983e-05,3.4412051620723016e-07,-1.8506156667401222e-05
11324.003632355572,31.451344802685014,-89.03941804770697,642.14766675969,-38298.55831622139,4.376712117976965e-07,2.61033050434461e-05,-0.5382729525009795,3.669760363725867e-10,0.7111819487528536,0.014096021834875435,-0.7110422395331638,1.856672190026724e-05,3.6800275621053126e-07,-1.856307453234201e-05
11350.108156723149,31.429272687102813,-89.09053420234964,606.4889598948554,-38205.21818123964,4.154015406465003e-07,2.6167840707230742e-05,-0.5357261130456166,3.670265212976183e-10,0.7112304836585138,0.013467592517466511,-0.7111029635973309,1.861362353653521e-05,3.524605635209817e-07,-1.861028620712266e-05
11376.27285823431,31.423300226661905,-89.10779372302007,594.5859702413527,-38180.08669515054,4.077890151704702e-07,2.6185313363883633e-05,-0.5341423857297886,3.6642341794494556e-10,0.711145904132319,0.013256827799507515,-0.7110223298046747,1.8623748503406674e-05,3.471746451134172e-07,-1.862051229381009e-05
11402.497875611685,31.392503427357834,-89.18733656355197,539.7312247929169,-38050.49679067332,3.7270868124114264e-07,2.627557908079788e-05,-0.5311050892007371,3.6682573830382506e-10,0.7112314528618375,0.01227622381572401,-0.711125497974012,1.86898097135769e-05,3.2259581068011805e-07,-1.8687025420666744e-05
11428.783347897719,31.361462912723542,-89.03093726801397,641.3104202028326,-37913.826881918016,4.4601432803498197e-07,2.636805747616731e-05,-0.5279803436730294,3.673013367560363e-10,0.711186621288811,0.01422147118200435,-0.7110444149683015,1.8755202981904846e-05,3.750444267869388e-07,-1.8751452758930134e-05
11455.129414455356,31.334876469810947,-89.14945605841162,561.2362131162181,-37804.165817546454,3.926184088989509e-07,2.6446282485274447e-05,-0.5252424168805649,3.675195721212747e-10,0.7112174048568413,0.012756224473976365,-0.7111029993668073,1.8811039125937052e-05,3.3739027762896996e-07,-1.8808013207090644e-05
11481.53621496883,31.30986532069892,-89.21321955295474,517.7243294487838,-37699.91313220409,3.6419667777062804e-07,2.6520258628000733e-05,-0.5225892612961314,3.6768827585483793e-10,0.7112123535449179,0.011969825886093435,-0.7111116192997818,1.886322342802782e-05,3.1747128541646095e-07,-1.8860551690728287e-05
11508.003889444357,31.31599123061533,-89.16873799951397,547.3572483755303,-37724.64008036779,3.845291305232747e-07,2.6502294602765344e-05,-0.5217293114282276,3.666021660578875e-10,0.7112407855760726,0.012527474333888065,-0.7111304503772023,1.885140587570708e-05,3.3204015862834396e-07,-1.884848144609272e-05
11534.532578210923,31.283788967759026,-89.1905061105345,531.1073691273414,-37589.14843639478,3.7581201506145137e-07,2.659811262181619e-05,-0.518659836426171,3.67077397969316e-10,0.7112713359963648,0.012262915839278684,-0.7111656166499984,1.892027171553211e-05,3.26201391735883e-07,-1.8917459513412308e-05
11561.122421920987,31.265870738596785,-89.22751406392365,505.818701970852,-37514.62572472227,3.593475599803607e-07,2.6651425036736292e-05,-0.516441043043626,3.669606646197716e-10,0.7112238675591184,0.011807879882804599,-0.7111258424206109,1.8956760213783274e-05,3.1472389746942254e-07,-1.8954147479410362e-05
11587.773561551261,31.24542706713841,-89.13198712726906,567.0371367272814,-37426.114529899394,4.0472714958447516e-07,2.6713179212799023e-05,-0.5140375842276546,3.669825291365821e-10,0.7112264294787358,0.012998656471155284,-0.7111076352557438,1.9001206609358396e-05,3.4727359250909223e-07,-1.8998032889314383e-05
11614.486138403427,31.21712178371185,-89.18663773807386,529.6674118797658,-37308.92132707104,3.8044365445946027e-07,2.6797839654204395e-05,-0.5112494155894045,3.672885914608009e-10,0.7112852959918727,0.01232652007299156,-0.7111784791436929,1.9062736395956957e-05,3.3035577166436337e-07,-1.9059873660805574e-05
11641.260294104915,31.20853802933507,-89.01201576591488,642.7004079997333,-37268.176721485106,4.6259735287022397e-07,2.6824566599101746e-05,-0.5095165296020658,3.6684447739978354e-10,0.7112332113758781,0.014498015785555242,-0.7110854298200227,1.9081265213582357e-05,3.8895889540889555e-07,-1.907730046753865e-05
11668.096170609622,31.16852702624081,-89.10973289727406,576.5718541304044,-37104.00519226114,4.1870389122089374e-07,2.6944761945258378e-05,-0.5061053447374163,3.6762017679344686e-10,0.7112639321607634,0.013290974180434421,-0.7111397409779081,1.9167056013069896e-05,3.58163594505271e-07,-1.916370932381646e-05
11694.993910198713,31.152156891746458,-89.05912888481842,608.2096735393949,-37034.52512084747,4.433254321796977e-07,2.6994550677277462e-05,-0.5039957936962874,3.674627758419104e-10,0.7112088958987146,0.013923137676617193,-0.7110725981520499,1.9201257767066645e-05,3.758976539758539e-07,-1.919757799283734e-05
11721.953655481304,31.123587787282517,-89.17730197556526,530.1523784298413,-36919.26478241323,3.8887057551332376e-07,2.7080545759290135e-05,-0.5012716871382588,3.677621992159399e-10,0.7112113685113746,0.012461732977212304,-0.7111021838744603,1.926188123121821e-05,3.375036327732432e-07,-1.925892416163014e-05
11748.975549395296,31.103236621256084,-89.14955243415639,546.7764090836517,-36834.34593382205,4.029101026212696e-07,2.714259403593446e-05,-0.49896845952891294,3.6776226806585404e-10,0.7112259719045588,0.012811582637298929,-0.7111105725988836,1.930654750278754e-05,3.4777614786836267e-07,-1.9303414936957804e-05
11776.059735208071,31.080110765055025,-89.23834918292184,488.44220943634366,-36741.2835640198,3.617660357467919e-07,2.7212530461981818e-05,-0.4965631141689721,3.6784580468904694e-10,0.7112427277190826,0.011714966276797384,-0.7111462418507283,1.9356326846195697e-05,3.188204355678315e-07,-1.9353701002821674e-05
11803.206356517298,31.05280876876787,-89.17945052783556,524.5878017116422,-36627.42241142609,3.909456606794823e-07,2.7296349261076722e-05,-0.49388574201064706,3.68140649835562e-10,0.7112443157262713,0.012451239311468893,-0.7111353199585438,1.9416265823454857e-05,3.3990650885703976e-07,-1.941329034688086e-05
11830.415557251647,31.02750876134992,-89.19880946696772,510.7658421459307,-36524.17047982371,3.8280376490419646e-07,2.737377642744668e-05,-0.4913607849245711,3.6833227074269827e-10,0.7112869717833679,0.012216917550479196,-0.7111820464229383,1.9472415020029356e-05,3.344541630109668e-07,-1.9469542550484065e-05
11857.687481671603,31.01124267769771,-89.1477886652619,542.2864742229951,-36456.25641523127,4.079327266561204e-07,2.742406604267349e-05,-0.4893191378232992,3.681697150981022e-10,0.7112243267239067,0.012854309485600181,-0.7111081560856426,1.950672072949417e-05,3.5255462430692213e-07,-1.950353452211566e-05
11885.022274370183,31.00069376662413,-89.15195574885601,538.9981417039123,-36413.26904179495,4.064178571278139e-07,2.745650055156294e-05,-0.4876180816786782,3.6775658821687936e-10,0.7112872197991851,0.012808970226991696,-0.7111718774891047,1.9531496840767323e-05,3.517262148933351e-07,-1.9528329613939353e-05
11912.420080273749,30.9857787942298,-89.20319681567216,505.5988112024839,-36353.78351721296,3.824924044824878e-07,2.750213363133459e-05,-0.48570183958154634,3.675111459008341e-10,0.711231711050754,0.012177255028777423,-0.7111274578190238,1.956218008140599e-05,3.349311512252743e-07,-1.955931263263861e-05
11939.881044642732,30.948260077740926,-89.16253134788776,529.1598832264648,-36200.1237330765,4.037141895500441e-07,2.761831362838917e-05,-0.4825365186734786,3.6822229177328727e-10,0.7112674224211629,0.012687879932345951,-0.7111542476147262,1.964600332594863e-05,3.5045346306119356e-07,-1.964287731095964e-05
11967.405313072437,30.926157012573444,-89.14385853534831,539.6139628180715,-36110.03882559755,4.137426540595673e-07,2.7686947209210364e-05,-0.4802286731323748,3.6829190756709055e-10,0.7112475935972871,0.012924568842687433,-0.7111301532899321,1.9694370458431575e-05,3.578799409583822e-07,-1.9691118548772234e-05
11994.993031493788,30.91676849968414,-89.12887434640183,548.4759810870145,-36071.64737306964,4.214298212060556e-07,2.7716196200447494e-05,-0.47861478283634024,3.6783593530574744e-10,0.7112278565999974,0.01311547691800036,-0.7111069176073594,1.9714706100993608e-05,3.63551245094389e-07,-1.9711353762254508e-05
12022.644346174131,30.883598045169514,-89.28925939531877,445.87444882038,-35941.96471603155,3.4509775045149956e-07,2.781834932036303e-05,-0.475797269243122,3.6831407715644264e-10,0.7113119234622469,0.011131487279464128,-0.7112248185001059,1.978894189756706e-05,3.096817974519921e-07,-1.9786518607617964e-05
12050.359403717974,30.870187412515296,-89.22554661966437,485.09682389524096,-35886.35374126469,3.766087572045217e-07,2.7860654651530326e-05,-0.4739684847660564,3.680364202804324e-10,0.7113246769974206,0.011927894824717896,-0.7112246631202656,1.9819676868490725e-05,3.3234756053332977e-07,-1.9816890176573968e-05
12078.138351067804,30.84128359151979,-89.12507465804383,546.2261121620263,-35767.644105180014,4.2686496597395333e-07,2.795171055351749e-05,-0.4713141377112823,3.684086308886461e-10,0.7112622475489546,0.013179231394258485,-0.7111401357315217,1.988320898911731e-05,3.6842305778353754e-07,-1.9879795375088973e-05
12105.981335504823,30.802846499071247,-89.11380470127295,550.8805311722551,-35613.6085576734,4.3423173752690187e-07,2.8072437213733806e-05,-0.46820507038698367,3.6915108628714167e-10,0.7112791093074752,0.013324771115492143,-0.7111542883312699,1.996962014697075e-05,3.741015506286701e-07,-1.99661157174879e-05
12133.888504649774,30.80802063585569,-89.11289620253179,551.7646573283893,-35634.22910689336,4.344252201361348e-07,2.8056178696002023e-05,-0.46739869939120304,3.680889360656396e-10,0.7112653951848533,0.013341146954664275,-0.7111402647758033,1.9957674077174774e-05,3.743444634582336e-07,-1.995416299405746e-05
12161.86000646368,30.76817283822775,-89.18302097513981,505.9048265559119,-35477.345209917694,4.0186324983459703e-07,2.8181271443129296e-05,-0.4642706670636794,3.688663325447258e-10,0.7112806563658564,0.012476403660257923,-0.7111712251433896,2.0046723146429844e-05,3.5163477004729157e-07,-2.00436389385286e-05
12189.895989248667,30.752380098660353,-89.19076961426308,500.22286144256816,-35414.82563532446,3.9875549837183156e-07,2.8231129631380684e-05,-0.46238659981764674,3.6866764416010793e-10,0.7113181483690147,0.01238625979651492,-0.7112102985526693,2.0083209222811477e-05,3.4971109278159295e-07,-2.0080164213442216e-05
12217.996601648718,30.73355377961407,-89.1163971990723,545.0215764711045,-35338.231593834855,4.3633573016516663e-07,2.829123423897913e-05,-0.460325405355413,3.686169649786279e-10,0.7112330527818258,0.01331323239099371,-0.711108439840689,2.012394447982411e-05,3.7669052139163945e-07,-2.012041862581733e-05
12246.16199265049,30.69592524135063,-89.20061779625063,491.0227344250198,-35191.80779315088,3.964002379707091e-07,2.8410173309306648e-05,-0.4573637168919737,3.692993596899431e-10,0.7113466268572852,0.01227530713729539,-0.7112407049486994,2.021133762689637e-05,3.4877564278589506e-07,-2.020832809065105e-05
12274.392311584072,30.664585823563595,-89.15059759822176,519.904363545422,-35067.17596629336,4.226943335182342e-07,2.8510429249636432e-05,-0.45469578074685385,3.697594984115446e-10,0.7112798151259436,0.012900435360148177,-0.7111628183286267,2.0281010157857012e-05,3.678353511741598e-07,-2.027767418067284e-05
12302.687708123818,30.657512048302138,-89.13420189477316,529.5150002507107,-35038.96029863885,4.3119793615083457e-07,2.853314326976674e-05,-0.45328499468019834,3.6920614493369703e-10,0.7113309075408968,0.013110313505222442,-0.7112100812718776,2.029871228395867e-05,3.741191040257277e-07,-2.029526435607424e-05
12331.048332289089,30.63467530718052,-89.20987086572688,482.0232550449295,-34951.43538793904,3.9450759161981837e-07,2.8605687493783434e-05,-0.45111279756981193,3.69279428955899e-10,0.7113045253062696,0.01217601940930419,-0.711200303903564,2.0349177171041836e-05,3.483345984496455e-07,-2.0346195579173348e-05
12359.474334445107,30.620091013543586,-89.10656259685834,544.1246497501195,-34891.66553791964,4.468372742603439e-07,2.8653171163128625e-05,-0.4493056009342296,3.6906123512411477e-10,0.7112412473096978,0.013462601276369847,-0.7111138236889565,2.0381681698685325e-05,3.857909747067951e-07,-2.0378030184253802e-05
12387.965865303691,30.586585050599027,-89.12468455635438,531.0970547504774,-34761.47096567122,4.394163751430691e-07,2.8760768732850067e-05,-0.4465995461633723,3.695915095995636e-10,0.7113034763461145,0.013244311320838115,-0.7111801626027713,2.045990795128088e-05,3.8095890082589685e-07,-2.0456360959143443e-05
12416.523075924113,30.560856624878518,-89.22002690479727,471.9130308914851,-34663.958127453756,3.926677034336307e-07,2.884306204495698e-05,-0.44432247654032897,3.6977877571043633e-10,0.7113616472761952,0.012067331523154139,-0.711259286565323,2.0519634183811214e-05,3.480890899558938e-07,-2.0516681530473863e-05
12445.14611771385,30.554672284689005,-89.09833551352526,545.12412415191,-34636.75646884533,4.5426932401219043e-07,2.8863914198544097e-05,-0.4429526943713838,3.692180425852864e-10,0.711298153899273,0.013582240165764387,-0.7111684656202026,2.0533275567430455e-05,3.9208295230041576e-07,-2.052953181362283e-05
12473.835142429432,30.532785290677445,-89.0403182820241,578.7596066083834,-34550.39424242031,4.846970220208943e-07,2.8935110549759647e-05,-0.4408320269321742,3.692896401159819e-10,0.7112621504467366,0.014307139039839815,-0.7111182408225869,2.058321953983841e-05,4.140343805150485e-07,-2.057905493838182e-05
12502.590302177201,30.515745813171083,-89.14210954291438,516.4170990521952,-34487.28075419335,4.340955561819292e-07,2.8989697180187252e-05,-0.4390147220030106,3.6911456210740487e-10,0.711291352344854,0.013049804923972258,-0.7111716322464061,2.062231512428933e-05,3.783501494366305e-07,-2.0618844105572787e-05
12531.411749414161,30.48527894666329,-89.1093087245996,534.3258212610821,-34368.97734922127,4.522389720692372e-07,2.9088975993709493e-05,-0.43650250614402414,3.69533250143817e-10,0.7112936154135707,0.013462511125117786,-0.7111662028825011,2.06931848753793e-05,3.9165574604087466e-07,-2.0689478148644056e-05
12560.299636948748,30.45940316822541,-89.11211868955256,531.1003349970046,-34269.63884844676,4.5211948520604636e-07,2.917334155785133e-05,-0.43423983331255345,3.697520614912808e-10,0.7112987859421865,0.013433276082383403,-0.7111719271572262,2.0753334983180127e-05,3.9193835835100625e-07,-2.074963366537687e-05
12589.254117941675,30.430089989872936,-89.11158571032148,529.678130117806,-34157.36269669484,4.5387781792292663e-07,2.926922665908396e-05,-0.4318217000969178,3.701142448156911e-10,0.7113408505258694,0.01344624467878942,-0.7112137541772553,2.0822779526266174e-05,3.9360622716335826e-07,-2.081905908866748e-05
12618.275345906706,30.412757065415896,-89.11959879203138,523.8858014754775,-34091.369547705195,4.5065602912333407e-07,2.9326011860743517e-05,-0.4299961628313884,3.699778149903077e-10,0.7112760189667976,0.013351132183881934,-0.7111507030346415,2.086123072018428e-05,3.915794170429359e-07,-2.0857555291090772e-05
12647.363474711517,30.404675101081562,-89.15897265770239,500.0154531175941,-34061.576943194916,4.308839796071584e-07,2.93522684818455e-05,-0.42863228773758744,3.6944975346607187e-10,0.7113344323782068,0.012869064061761701,-0.7112180129025135,2.088140713737599e-05,3.7777472018638716e-07,-2.087798961340974e-05
12676.518658578456,30.364408514193496,-89.07501582147741,547.4299649064216,-33906.20329725155,4.76054908844687e-07,2.9485442074223527e-05,-0.4256957293700264,3.702891356674667e-10,0.7113229945777848,0.013916587073891254,-0.7111868469110787,2.097628363813718e-05,4.103877984572232e-07,-2.0972268764310146e-05
12705.74105208542,30.346303703969753,-89.11930828638798,520.1754889793474,-33838.75697588047,4.541700253284868e-07,2.9544931351869836e-05,-0.4238718087138083,3.701738452122323e-10,0.7113411959736741,0.01337275221557825,-0.7112154853400182,2.1018886193970085e-05,3.9514140121557505e-07,-2.10151716649689e-05
12735.030810166616,30.321030843925577,-89.08405424563053,539.4587432363245,-33742.256021604444,4.736952286137769e-07,2.9628856479755826e-05,-0.421690918299424,3.703787104812317e-10,0.7112959037319428,0.013815102814764989,-0.7111617295665303,2.107745296750782e-05,4.0937558938794333e-07,-2.1073477055870908e-05
12764.388088113441,30.29420160113961,-89.21855008425239,458.9032952085487,-33644.62792149528,4.0533016658424067e-07,2.9716898489227577e-05,-0.4195037635356787,3.7059913547535176e-10,0.711341057483327,0.012152095471853693,-0.7112372505972538,2.1140690788637857e-05,3.6115403448434683e-07,-2.1137605701312844e-05
12793.813041575246,30.259427639490212,-89.05655216893932,551.830492268938,-33509.74960827022,4.912986490380536e-07,2.983397065366065e-05,-0.4168610463977243,3.712350292453297e-10,0.711279978045029,0.014167426199597223,-0.7111388691406312,2.1223056589971217e-05,4.227253644826452e-07,-2.1218846205374685e-05
12823.305826560218,30.263628180128627,-89.08768742430033,533.880092148853,-33526.32821114855,4.7485566952932335e-07,2.9819742791844034e-05,-0.4161080559642922,3.7019806070025866e-10,0.7113363882398526,0.01378773670751962,-0.7112027527720927,2.1214430345460792e-05,4.111964252623069e-07,-2.121044488883388e-05
12852.866599436155,30.226871958203997,-89.17614101863384,480.16515748050654,-33391.079695691566,4.30566188004512e-07,2.994192659327317e-05,-0.4134762737658749,3.708426446004741e-10,0.7113210336552022,0.012695162032284412,-0.7112077374306887,2.1300395974239918e-05,3.8015462140245215e-07,-2.1297003336696045e-05
12882.495516931342,30.19863667878663,-89.1285911948112,506.26224259850625,-33284.553801094306,4.568667988195141e-07,3.003701691674747e-05,-0.41120924583982726,3.7117386764615566e-10,0.7113444278335469,0.013291514345831713,-0.7112202406120278,2.136900685040732e-05,3.9928120611472155e-07,-2.1365276227823468e-05
12912.192736135341,30.19442542800725,-89.14274563211403,497.8086017808196,-33269.24259485965,4.496549147604218e-07,3.0051064585103366e-05,-0.4100747657736828,3.704906205924608e-10,0.7113228823233269,0.013121116525957948,-0.7112018554657163,2.1378272866178628e-05,3.9434526341211165e-07,-2.137463549523158e-05
12941.958414499863,30.156407375610982,-89.03948216225851,555.3718074943192,-33125.33968715216,5.059890164325108e-07,3.017988637722915e-05,-0.4073619605284554,3.712442972979255e-10,0.7112976041695993,0.014408086455111904,-0.7111516636710583,2.1469766740064113e-05,4.348928683979825e-07,-2.1465361680292736e-05
12971.79270983956,30.129154840392175,-89.07536854448706,533.0072583128937,-33025.49899238143,4.885637474624797e-07,3.0271748269634973e-05,-0.40520007760584414,3.7151020118302477e-10,0.7113188139283562,0.01396880738212871,-0.7111816416842918,2.1535536283934808e-05,4.229126972753293e-07,-2.1531383324978355e-05
13001.695780332906,30.11993831847738,-89.03733385988814,554.3475891469376,-32990.44924430471,5.091937897650533e-07,3.0303246926012106e-05,-0.40383909612742364,3.7104954390759645e-10,0.7112781283008528,0.014445822061894403,-0.7111314182513105,2.1556946686996622e-05,4.378144127417618e-07,-2.1552500295928782e-05
13031.667784522993,30.086893825320683,-89.15295425014497,486.00397536999924,-32871.83476052015,4.4967320424101693e-07,3.0414531598822796e-05,-0.4014616607131588,3.715319666822268e-10,0.7114163657247334,0.013019044311726926,-0.7112972303518389,2.163962640406295e-05,3.960089598960948e-07,-2.1636002583913238e-05
13061.708881318418,30.05925152717706,-89.05650566121847,539.6398063766463,-32767.858076991164,5.024468168216788e-07,3.05094357204581e-05,-0.3992713843856873,3.718536747748805e-10,0.7113234034062982,0.01422029318529757,-0.7111812479918487,2.1704883512247708e-05,4.3390925367964747e-07,-2.1700545869627646e-05
13091.81922999407,30.04759472761775,-88.98108329935619,581.9914309928275,-32723.12389549025,5.433375543829031e-07,3.054976613455246e-05,-0.39780926010984574,3.7150560886277305e-10,0.711283872943836,0.015161394364853104,-0.7111222679897574,2.1732856735094863e-05,4.632474096058198e-07,-2.1727918991602754e-05
13121.998990192029,30.006538530896346,-89.10947728739329,506.3662839212549,-32576.726346665193,4.770292222709358e-07,3.068934667794635e-05,-0.3951186882196119,3.7231685032261827e-10,0.7113295554619018,0.013574470075640903,-0.7112000212568841,2.183273942861825e-05,4.166393280968021e-07,-2.182876365322198e-05
13152.248321922383,29.978155798479715,-89.09178444839351,514.7852188904693,-32473.073100006703,4.880565665696833e-07,3.078700782690447e-05,-0.3929556357779529,3.7264623820793337e-10,0.7113431967040322,0.013800158134193581,-0.7112093216013009,2.1902742208503765e-05,4.249162815506477e-07,-2.1898620102779207e-05
13182.567385564074,29.950800674321844,-89.01465169443927,556.7725657582242,-32371.875991921053,5.31145663397635e-07,3.088187638293474e-05,-0.39083009633723415,3.7295141873979815e-10,0.7112815698238546,0.01476213095241111,-0.7111283646858919,2.1968819092466125e-05,4.559468402831346e-07,-2.1964087160552337e-05
13212.956341865753,29.94305719563801,-89.0263085338384,549.7138662224083,-32344.18033456218,5.25313984132807e-07,3.090853492894161e-05,-0.389597607629297,3.7241227043377495e-10,0.7112925818622436,0.014623510804105972,-0.7111422431159737,2.198804679551848e-05,4.5205369502605816e-07,-2.1983399403611895e-05
13243.415351946644,29.92328130277012,-89.03700183577635,542.4801427359749,-32273.058207727878,5.206920091040178e-07,3.0976845407392925e-05,-0.38784683602763814,3.723745662704131e-10,0.7112962374521352,0.014496708755831748,-0.7111484956384376,2.2036685331499396e-05,4.4912287226340557e-07,-2.2032108138921488e-05
13273.944577297396,29.90013949755283,-88.8481131470634,647.1304434480166,-32184.45249699298,6.244879104542677e-07,3.105834641602099e-05,-0.3858924282660853,3.72540940024395e-10,0.7113045945720974,0.016847147544992832,-0.7111050554446741,2.2096267990151988e-05,5.23346945688906e-07,-2.2090069421960934e-05
13304.544179780914,29.86091676206499,-88.97866338182602,571.3265525417112,-32047.35082738111,5.561118283671328e-07,3.119391315466074e-05,-0.3833648284568164,3.732742202885192e-10,0.7112988661778473,0.015232580819494392,-0.7111357433763744,2.2191577638428014e-05,4.7523624170226044e-07,-2.2186488424195275e-05
13335.21432163324,29.870564313637118,-88.8863883303512,623.5785759374277,-32079.334716240155,6.057262684655393e-07,3.1160941800019434e-05,-0.38286483951791145,3.7204440574270476e-10,0.7113408855196172,0.016384701786502136,-0.7111521616076271,2.2170095763086337e-05,5.106558825042351e-07,-2.2164213875391172e-05
13365.955165464418,29.840292632094737,-88.96984467603465,574.9297425656639,-31973.33193176925,5.622100224590182e-07,3.126595535522601e-05,-0.3807220479990441,3.724193478835708e-10,0.7113180658824744,0.015354237373288072,-0.7111523312522211,2.2243489345835334e-05,4.801393804084664e-07,-2.223830669034113e-05
13396.76687425935,29.821674222724326,-88.79765910604478,669.5560373283464,-31902.020424139555,6.575961956257745e-07,3.133217549258259e-05,-0.37899922367657973,3.723933722262806e-10,0.711284560071866,0.017496413156499944,-0.7110693362276882,2.229085480480895e-05,5.483178282923558e-07,-2.22841099326011e-05
13427.649611378642,29.778804450516464,-88.96251277046852,575.0550317895351,-31754.246440027404,5.701161976855628e-07,3.14815265322024e-05,-0.37637601749794947,3.7326590366293146e-10,0.7112903419946797,0.015456480252413805,-0.7111223859738316,2.239603025142935e-05,4.866701807632154e-07,-2.2390741907272624e-05
13458.603540559483,29.773610762200025,-88.90799008969341,604.9028092783135,-31734.310270140457,6.004401246770193e-07,3.150018965505486e-05,-0.3752746211658446,3.7264137018099195e-10,0.7113517712025086,0.01614051247579183,-0.7111686341859889,2.241163826490829e-05,5.085182066900435e-07,-2.240586840429458e-05
13489.628825916534,29.754411412293056,-88.98935674219553,558.6613697796037,-31668.562211731027,5.568738409001347e-07,3.156723344159061e-05,-0.37363579692621746,3.7255619146480254e-10,0.7113089892495115,0.015135599877540805,-0.7111479394637297,2.2457401636195827e-05,4.778601853651798e-07,-2.2452316982722603e-05
13520.72563194277,29.722267268563343,-88.81987077743767,649.9385520760121,-31550.332823673933,6.52649710266765e-07,3.168194210117049e-05,-0.37138475861229847,3.730922146533866e-10,0.7112514912707775,0.01724374345531917,-0.7110424299200098,2.2538459220371348e-05,5.464275484046699e-07,-2.2531834389651605e-05
13551.894123510363,29.706813624849072,-89.07097476095252,510.8489895754227,-31502.83189283903,5.146111138393258e-07,3.173483307256968e-05,-0.36997274118605666,3.727953923410983e-10,0.711396776308695,0.014136248895374216,-0.711256310910189,2.257887496933613e-05,4.486674763979658e-07,-2.2574416767140104e-05
13583.13446587154,29.672427583812766,-88.9157051520258,593.8824553264898,-31377.900647870218,6.029720507011338e-07,3.1858151273287535e-05,-0.36765799561968054,3.7341885940854743e-10,0.7113399282747934,0.016068387955212905,-0.7111584214972843,2.266588136016968e-05,5.119973736401055e-07,-2.266009789305141e-05
13614.446824659497,29.653896763972632,-88.97142631794854,562.219399362306,-31314.565772127648,5.731562989950415e-07,3.192373056309878e-05,-0.36607201141534723,3.733135363824998e-10,0.7113234868693138,0.015382421271439718,-0.7111571444397833,2.2711605598763885e-05,4.911400952168478e-07,-2.2706294507926068e-05
13645.831365889246,29.632150404678463,-88.94750842053641,573.8885964647651,-31237.965781460727,5.879163666411362e-07,3.200152687582476e-05,-0.36433666318658714,3.7336825222238645e-10,0.7113638136805119,0.015686203154596866,-0.7111908453043211,2.2768415125411805e-05,5.020637517637479e-07,-2.2762878976795662e-05
13677.288255958494,29.62676454320249,-88.88348824479885,608.4045038296139,-31217.40333633026,6.240709134992887e-07,3.202125114878398e-05,-0.36325943845673553,3.727548956278531e-10,0.7112852695184513,0.01648506937257961,-0.7110942111434442,2.278041417777309e-05,5.279691906327939e-07,-2.277429512947937e-05
13708.817661648536,29.594215864784474,-88.92514819539049,583.5950529883957,-31105.321429422394,6.029611993111474e-07,3.213752724256934e-05,-0.3611227302121334,3.7323764294139747e-10,0.7113750094534899,0.015976093161707304,-0.7111955909046689,2.2865700641787076e-05,5.135189721403682e-07,-2.2859933598002287e-05
13740.41975012515,29.586912704378243,-88.85022423290944,623.7349222046471,-31077.86955535213,6.455392889847023e-07,3.2164281815439236e-05,-0.3599741966000976,3.727081522373568e-10,0.7113218425733989,0.01691089047237661,-0.7111207952981312,2.2883606309000003e-05,5.440324431827832e-07,-2.2877138510007525e-05
13772.094688939465,29.56947934951712,-88.8556286274008,619.598237470107,-31017.591047746646,6.43755245513399e-07,3.222691049236515e-05,-0.35844968028113,3.7257358947181566e-10,0.7113695617202392,0.016851024417912638,-0.7111699489700841,2.292965822568009e-05,5.431610395600282e-07,-2.29232240845742e-05
13803.842646028852,29.53851909598722,-88.86141285216895,614.3419835719654,-30910.7382701116,6.427172048803321e-07,3.233844313592543e-05,-0.3563932823968675,3.730016507271255e-10,0.7113335839917072,0.016784474301586645,-0.7111355349980104,2.300780373087757e-05,5.428871898467344e-07,-2.3001397914424333e-05
13835.66378971781,29.525424723258823,-88.8892549967398,598.4551879052034,-30866.365150505935,6.279100422200427e-07,3.2385550391290916e-05,-0.3550631660067702,3.726787601971924e-10,0.7113104866405474,0.016444479205539004,-0.7111203748371094,2.3040350387193123e-05,5.326598861489804e-07,-2.303419239761442e-05
13867.558288718881,29.496868562892576,-88.88563773531575,598.492055172632,-30768.041950209277,6.319669673994995e-07,3.248896287935803e-05,-0.3531181094524891,3.730098262288475e-10,0.7113465464310079,0.016496332514673823,-0.7111552433420479,2.311512143963313e-05,5.360463634755792e-07,-2.310890506850534e-05
13899.526312133534,29.47188738874356,-88.99676295610898,537.3500661962672,-30685.414368823025,5.705059311488238e-07,3.2578782433384365e-05,-0.35135984262701236,3.7315403264698676e-10,0.7113443471284938,0.015123105842902124,-0.7111835711413246,2.317812265599131e-05,4.927644446480815e-07,-2.317288400390138e-05
13931.568029453028,29.453349865296197,-88.9593336130997,556.2319390975815,-30620.99275222462,5.930265114904404e-07,3.264656204332079e-05,-0.3498157815828423,3.7307905234614367e-10,0.7113722081648731,0.015594455453200333,-0.7112012594958517,2.322752396893521e-05,5.091857450491686e-07,-2.3221942201385705e-05
13963.683610559377,29.418327288852343,-88.96843348736525,549.2210557415024,-30501.812444768344,5.901400659574851e-07,3.277431085317041e-05,-0.34765283711926653,3.73675380453071e-10,0.7113832226826198,0.015487905128509342,-0.7112146049604439,2.3318708579642457e-05,5.076840930250447e-07,-2.3313181393451646e-05
13995.873225726178,29.38096007145191,-88.98556486915564,537.8594024547475,-30375.380936269205,5.82759217022856e-07,3.291107886262254e-05,-0.34541553401758074,3.7436772350116095e-10,0.7113343069491199,0.015280380564652555,-0.7111701668465742,2.34142822284457e-05,5.029690535148371e-07,-2.340887939232706e-05
14028.137045619582,29.368068456741256,-89.04664712887545,504.76751486675676,-30333.34248536369,5.484418855759765e-07,3.2957896573209856e-05,-0.3441441569429581,3.740243380610453e-10,0.7114021057626704,0.01452978113309252,-0.7112537110931556,2.344939498808154e-05,4.78933888612816e-07,-2.344450356986477e-05
14060.475241299137,29.346588489008205,-88.9337574835627,563.1445285924705,-30257.731697431478,6.14889000252922e-07,3.30379599706965e-05,-0.3424967850481841,3.740966025595742e-10,0.7113513840479504,0.015936203990617234,-0.7111728545081738,2.3505499296026635e-05,5.265870568089598e-07,-2.3499600065258767e-05
14092.887984218749,29.32671399358993,-88.93969865055291,558.7687742588768,-30190.886546463287,6.128182043254919e-07,3.31112362263582e-05,-0.34095416323303757,3.740625804601182e-10,0.7113575787485187,0.015868820309158586,-0.7111805575133158,2.355779214138314e-05,5.255224398252688e-07,-2.3551929788063086e-05
14125.37544622754,29.29867277779092,-89.02017568595886,514.7739737169954,-30098.764045220036,5.680574254736813e-07,3.321424020334657e-05,-0.33913201790560144,3.7434451081288916e-10,0.7114260166867636,0.014877556012536548,-0.7112704376999575,2.363275847347166e-05,4.942153922867129e-07,-2.3627590317496907e-05
14157.937799570816,29.26593152593344,-89.07462771463581,484.41232980695554,-29990.490506464106,5.384368330571541e-07,3.33352058494596e-05,-0.33713489050637124,3.748319159011383e-10,0.7113985967225486,0.014207285200260418,-0.7112567162888866,2.371753877495029e-05,4.7366109404257343e-07,-2.3712808579104686e-05
14190.575216890918,29.23477099669736,-88.89881244398377,574.3792083180946,-29881.78727838239,6.430209757346661e-07,3.345284044787361e-05,-0.335140336532253,3.7533024461979485e-10,0.7113734209271593,0.016395430491399424,-0.711184458393609,2.3801682821360985e-05,5.48571010380662e-07,-2.3795360366576517e-05
14223.287871228198,29.229751643533962,-89.03921772388617,500.91167314120827,-29868.821844699713,5.613100797914716e-07,3.3470313574024775e-05,-0.33422445527038674,3.746295573437718e-10,0.7113824892766061,0.014659067678145928,-0.7112314375673984,2.3813367521533332e-05,4.907089665612873e-07,-2.3808311099818798e-05
14256.075936021878,29.201288418403664,-88.92422054021189,559.045108235034,-29771.121655811206,6.305265002752357e-07,3.3577757627055385e-05,-0.33236503468251827,3.749945312515537e-10,0.7114026457092641,0.01609328528004619,-0.7112205920043625,2.389133990053888e-05,5.404676958413449e-07,-2.3885225912953664e-05
14288.93958511103,29.16732850911382,-88.92226473841889,557.9443281873959,-29658.568296029585,6.340694544466203e-07,3.370514094161578e-05,-0.33034695970442807,3.7555188751970623e-10,0.7113387393221382,0.016122423245173607,-0.7111560092758215,2.3979836260230008e-05,5.435006532974817e-07,-2.3973676274349477e-05
14321.878992735432,29.13829251466683,-88.95999489039049,536.6856202770576,-29563.742990180737,6.138440135799547e-07,3.3814072834987355e-05,-0.32853341629071775,3.758899492960994e-10,0.711416114407397,0.01566213889033985,-0.7112436890714028,2.405966001588321e-05,5.296840051718697e-07,-2.4053828695959285e-05
14354.894333536562,29.105412514377957,-88.93332729862922,548.423438086268,-29454.88155016867,6.319037237792409e-07,3.393846440986761e-05,-0.3265708467072132,3.7641147196862485e-10,0.7113122362426257,0.015997178351260213,-0.711132327849946,2.4144847876011813e-05,5.430096911827328e-07,-2.4138741049007377e-05
14387.985782558451,29.081238835251185,-88.92930614575896,549.0082020558008,-29375.522359641804,6.359983198432088e-07,3.403006147319798e-05,-0.32494191057034405,3.765603020060719e-10,0.7113584557025562,0.016054482069595716,-0.7111772677082716,2.4211616762075672e-05,5.464262975531399e-07,-2.4205449893256807e-05
14421.153515248689,29.071255383782905,-88.79167770138089,618.8289677480474,-29339.052610043003,7.185968259190606e-07,3.406910661886312e-05,-0.3237920769364332,3.761612420206125e-10,0.7113206101202193,0.017768152373298193,-0.7110986592189865,2.4239264175360162e-05,6.054751305626274e-07,-2.4231700881885463e-05
14454.397707459273,29.037457954296073,-88.86301650366967,580.134109341573,-29230.74339513067,6.786996863724595e-07,3.419708659645149e-05,-0.32185480126819915,3.7668668674419065e-10,0.711324208684822,0.016889218392395874,-0.7111236771217664,2.432982067454604e-05,5.776714046889774e-07,-2.4322961781077826e-05
14487.718535447617,29.00907958945855,-88.80113045382596,609.7525559398258,-29136.7391340609,7.179291381042635e-07,3.430590624002146e-05,-0.32008187123588316,3.770328456952615e-10,0.711280204618321,0.01766260675143559,-0.7110608706746735,2.4406268060355105e-05,6.060597669121063e-07,-2.439874202070345e-05
14521.116175877421,28.980246290512824,-88.90423168491141,555.5680848701013,-29046.126883196055,6.582668324615909e-07,3.441540732698756e-05,-0.31835257118970817,3.773391801100483e-10,0.7113988394110599,0.016392199852519832,-0.7112099580991522,2.4487370844466075e-05,5.642430863080416e-07,-2.4480869278151884e-05
14554.590805819662,28.95066401210343,-88.71941478057855,647.0500259990331,-28945.40843309274,7.719008668769473e-07,3.453053854238617e-05,-0.3165190209331415,3.7778129378780584e-10,0.7112718075012392,0.018689322158213267,-0.7110262255243096,2.4566544789089798e-05,6.455086016841383e-07,-2.455806265810695e-05
14588.142602753482,28.9343999765514,-88.66801261579903,671.7785239296663,-28891.519857797855,8.043602545683672e-07,3.459352962304345e-05,-0.31520312928242666,3.776154394376443e-10,0.7112486532580877,0.019333012076930892,-0.7109858517618173,2.4611060831002974e-05,6.689727060884962e-07,-2.4601967212925017e-05
14621.771744567182,28.905721464332387,-88.64165123137076,682.8752127614789,-28798.595753008558,8.229142940402863e-07,3.4704402283988536e-05,-0.313466722656205,3.779625931642485e-10,0.7112980493670589,0.019667948942014127,-0.7110260802655535,2.4691920160262128e-05,6.827509585109449e-07,-2.4682479055585394e-05
14655.478409559113,28.8770618065966,-88.64821287126539,677.4138166509254,-28706.998330279515,8.21555137600353e-07,3.4815324671003926e-05,-0.31175104339239496,3.782965212387576e-10,0.7112717117312718,0.019592263892591923,-0.7110018221528666,2.4769855404985617e-05,6.822955780071494e-07,-2.4760456569460248e-05
14689.262776438669,28.85747305398596,-88.46688487203187,766.5024333623394,-28638.992414476998,9.338714174501883e-07,3.4892435139615425e-05,-0.3102972066948332,3.78322697158992e-10,0.7111725664268123,0.021845757071054506,-0.7108369588985165,2.4823233611329184e-05,7.625186302049789e-07,-2.481151934608627e-05
14723.125024327186,28.8460461775893,-88.41904062275975,789.3883189010414,-28601.076382179464,9.642624143436299e-07,3.4937105483776825e-05,-0.3091736758637449,3.77952962512802e-10,0.711166669054792,0.022445637105040495,-0.7108123694403727,2.4855370214538027e-05,7.844780193206297e-07,-2.4842987395620254e-05
14757.065332758946,28.826145113984076,-88.46571036417293,764.4167342002733,-28539.18988766667,9.378544452571224e-07,3.5014416747675297e-05,-0.307795150325542,3.779013910520668e-10,0.7111916932836327,0.02187392568869344,-0.7108552285596599,2.4910695778494275e-05,7.661713620368762e-07,-2.489891053063742e-05
14791.08388168207,28.804601018393875,-88.35574053547178,817.173373295025,-28467.363291227288,1.0075393179141085e-06,3.5099023941032375e-05,-0.3063143729583357,3.7798353986324256e-10,0.7111281194521003,0.023242703147371528,-0.7107481825695258,2.4969985413328607e-05,8.161257341410563e-07,-2.4956644612766278e-05
14825.180851459538,28.79044786974307,-88.36813057869699,809.7460043564389,-28422.913069374838,1.0015192350794302e-06,3.5154349639049344e-05,-0.30513267645007436,3.7770396581138486e-10,0.7111121617102988,0.02309502835996423,-0.7107370302702305,2.5008628178676494e-05,8.122136114803693e-07,-2.4995435431866714e-05
14859.356422870067,28.786315863682475,-88.28992703570779,848.1086716709011,-28407.336172479234,1.0500344598681487e-06,3.517082526157312e-05,-0.30426405042446747,3.7704190488958776e-10,0.7110844683902358,0.02407071654750195,-0.7106769461511426,2.502036977235884e-05,8.469573664961873e-07,-2.5006030607933476e-05
14893.610777109154,28.75992657928929,-88.29799158055935,841.637308287227,-28324.231579456093,1.0481547738920804e-06,3.527431383388721e-05,-0.3026761967003001,3.7727844647052754e-10,0.7110978939117026,0.023977709930228203,-0.7106935233644395,2.5094358733998653e-05,8.461637416741137e-07,-2.5080088659988636e-05
14927.944095789959,28.75411612323382,-88.38755200759476,796.8898754225156,-28308.740700444967,9.936037017020405e-07,3.529680877871849e-05,-0.30181490406660844,3.7661670654303605e-10,0.7111135359617077,0.022873868240565254,-0.7107455572704455,2.510977758545469e-05,8.076878233836878e-07,-2.5096784072286242e-05
14962.356560944336,28.733001002390516,-88.38732239432463,795.1314891590376,-28242.25189895656,9.96084547775057e-07,3.537989765777551e-05,-0.30041350608488065,3.766351158789048e-10,0.7111238764201154,0.02288365097801336,-0.7107555881825258,2.516925402072568e-05,8.099354324688422e-07,-2.515621896380788e-05
14996.848355023732,28.716798365598393,-88.46521968230817,755.4058956521496,-28193.7529006665,9.49648595042598e-07,3.5443405969160076e-05,-0.29920787569672236,3.764152781695687e-10,0.7111794466509617,0.021925642799225993,-0.7108413828180017,2.521546136677726e-05,7.773919810944431e-07,-2.520347503117708e-05
15031.419660900225,28.685359271397083,-88.42899271784131,770.5132740326944,-28094.13750347982,9.754885303967014e-07,3.556786083982443e-05,-0.2974649737983849,3.7688116000264806e-10,0.711158480919505,0.022381062124696233,-0.7108062134238194,2.5303688952541685e-05,7.963392824881836e-07,-2.5291154943065498e-05
15066.070661867418,28.653332799676768,-88.48251023065873,741.6475135777162,-27995.797371427358,9.455993910438159e-07,3.569459677482452e-05,-0.29574197794911183,3.7733517354740656e-10,0.7111542026898438,0.021723636577252767,-0.710822329149336,2.5393058275045853e-05,7.756820777626476e-07,-2.5381208124794068e-05
15100.801541641486,28.62359689105382,-88.58110920902476,691.2203566160852,-27906.2441359762,8.870485157223792e-07,3.581230240583454e-05,-0.2941179436814875,3.776754386854035e-10,0.7112278136519771,0.020509153828219297,-0.7109320484557029,2.5478306123757097e-05,7.346991913765172e-07,-2.5467710930393194e-05
15135.61248436208,28.60794848683635,-88.5341150423371,712.8453941396998,-27856.292827374677,9.180459171295871e-07,3.58750384119418e-05,-0.2929162400446358,3.7748249119316574e-10,0.7112090870701042,0.021098379587608528,-0.7108960711031312,2.5522793138961796e-05,7.571466500803405e-07,-2.5511560096640647e-05
15170.503674593368,28.58174149642649,-88.55775471772776,699.3201120317156,-27775.8772067958,9.058686751113113e-07,3.597965602944574e-05,-0.2913989048088445,3.777046643898788e-10,0.7112515121429354,0.02081300553691322,-0.710946926518522,2.5598479721078865e-05,7.490758066245146e-07,-2.5587517454149703e-05
15205.475297324954,28.56908411987648,-88.452299667914,749.335565249556,-27733.61314750053,9.735236522645366e-07,3.603102483578866e-05,-0.29028633014843125,3.774102390538111e-10,0.711164622368467,0.02212550143798829,-0.7108203586663805,2.563312569586066e-05,7.974887130283194e-07,-2.5620717099495563e-05
15240.527537972916,28.539310306652602,-88.53549649772309,706.7558780160549,-27644.392637305536,9.242118940598824e-07,3.615007285284839e-05,-0.28868697136881166,3.7775748553625645e-10,0.7111754314164858,0.02110037176006372,-0.7108623414994015,2.5717226648099497e-05,7.630227633593948e-07,-2.570590482228381e-05
15275.660582380724,28.516003267574877,-88.40546600898105,767.436186112282,-27568.87111809766,1.0089459509304081e-06,3.6244708536922283e-05,-0.2872361617519522,3.7792110740863226e-10,0.7111433771031674,0.02271930627606376,-0.7107803710852124,2.5784949935824164e-05,8.237666183312762e-07,-2.5771787903664768e-05
15310.874616820303,28.479317711336808,-88.42011134270646,757.2994981956127,-27457.04088225659,1.0037601620925228e-06,3.639284572645524e-05,-0.28541307328626786,3.785876139528239e-10,0.7111336453200082,0.02254407077648904,-0.71077621399351,2.5889797942036575e-05,8.207478875952027e-07,-2.5876785163240225e-05
15346.16982799294,28.450890062760106,-88.4681178553494,731.997892704725,-27371.81581285329,9.763198681450103e-07,3.650782040717469e-05,-0.28387277326164295,3.788929484360931e-10,0.7111513908081549,0.021955842998881026,-0.710812381438718,2.5971646690502542e-05,8.018396708907103e-07,-2.5959265878650683e-05
15381.54640303035,28.42356073810282,-88.4822853662477,723.0352028946555,-27289.172032165436,9.702283394248207e-07,3.661886441911422e-05,-0.2823647576129646,3.791663365489639e-10,0.7111390499067366,0.021786489186884708,-0.7108052456131466,2.6050018786728686e-05,7.980695936886587e-07,-2.6037791068225182e-05
15417.00452949559,28.399544817476535,-88.36712315243284,775.7519625428305,-27212.878599151463,1.046697372394045e-06,3.6717468856467574e-05,-0.2809277338232909,3.793548557631556e-10,0.7111595688450053,0.023222606626299377,-0.7107803056509754,2.612236077786608e-05,8.530143375274875e-07,-2.610842965689374e-05
15452.54439538414,28.381253991820333,-88.4135355406191,752.1987116208301,-27159.005424739713,1.0189945309423106e-06,3.679197739385749e-05,-0.27972674610778697,3.7923312938398275e-10,0.7111452941933142,0.022653195943943053,-0.7107843992145725,2.6174247030584377e-05,8.33768220798798e-07,-2.6160964014577922e-05
15488.166189124811,28.35321060139845,-88.42921156546515,742.4568015324455,-27074.92750079585,1.0120690086677657e-06,3.690678700622641e-05,-0.27821941558401175,3.7953587161417754e-10,0.711157787189908,0.022465954485633783,-0.7108028412787163,2.625618616277919e-05,8.294506422128305e-07,-2.624308143962233e-05
15523.870099580825,28.33376211311263,-88.39667574802438,756.1785539939723,-27015.45247925065,1.0352845656256171e-06,3.698687411516229e-05,-0.27696977457013366,3.794965968952736e-10,0.7111291993738575,0.022875515538917254,-0.7107611757763168,2.6312516802551544e-05,8.464177641907648e-07,-2.6298899548327484e-05
15559.656316050743,28.28249785527627,-88.43645707075626,733.24971315034,-26863.14775906072,1.0153473646189292e-06,3.7198004708852644e-05,-0.2747748835848092,3.807704443011517e-10,0.7111583100244053,0.022389799883807703,-0.7108057672655246,2.646328970212897e-05,8.331587388433431e-07,-2.645017104622755e-05
15595.525028269538,28.264495209280813,-88.40281088982026,747.5108800392383,-26808.42472937678,1.0392915606299414e-06,3.727272782111451e-05,-0.2735844612126373,3.80670161345068e-10,0.7111480466432033,0.022813759416519846,-0.7107820176578251,2.6516494831930553e-05,8.506540044938998e-07,-2.650284675155554e-05
15631.476426409537,28.229642638769903,-88.41574865217574,738.5971119174421,-26705.176540913882,1.0348671913145882e-06,3.7417301793545156e-05,-0.2719039927314421,3.8126301535267665e-10,0.7111782472803116,0.02266111920955326,-0.7108171164799469,2.662030981613615e-05,8.48234625349743e-07,-2.6606792229192766e-05
15667.510701081494,28.193942234122524,-88.33592963517802,772.6875525341407,-26597.00441069156,1.0913701609500165e-06,3.7566512996470464e-05,-0.2701797882356836,3.819331953844279e-10,0.711098528150995,0.023655600740127007,-0.710704952348114,2.672452384582847e-05,8.890254177726036e-07,-2.6709732469510224e-05
15703.628043335524,28.16731081245715,-88.3272046467509,774.4381299655146,-26518.14404742627,1.1003484454837587e-06,3.767789504501699e-05,-0.2687591488491699,3.8218796424823586e-10,0.7111079995956006,0.02377107135838636,-0.7107105762934243,2.6804234962383862e-05,8.960177390215416e-07,-2.6789254639314623e-05
15739.828644662197,28.149535386346063,-88.33693038236228,768.4224284175169,-26466.118049114466,1.096108618494805e-06,3.775233389722592e-05,-0.2676149535718531,3.820585176705518e-10,0.7111248621921559,0.023657936041637715,-0.7107312232412915,2.6857694118580085e-05,8.935106103934019e-07,-2.684282720125296e-05
15776.112696993485,28.116932182479978,-88.32021422946792,773.3292381998646,-26369.91377120965,1.1111524985170955e-06,3.788941905360523e-05,-0.2660289138524523,3.825704501655054e-10,0.7110978127919622,0.023871344672800884,-0.7106970228311251,2.695442202247429e-05,9.048520287642369e-07,-2.6939229932789247e-05
15812.480392703836,28.073664408044365,-88.25476073159987,799.5662752904793,-26241.446990631764,1.1600478394502369e-06,3.807230848308488e-05,-0.2641240272696293,3.8355915454035396e-10,0.7110910811582354,0.024689956572479615,-0.7106623190709053,2.7085196569750026e-05,9.404313241771519e-07,-2.7068865180249152e-05
15848.931924611134,28.048521712863803,-88.21643016539129,814.8219161101134,-26167.05836099024,1.1888634771779942e-06,3.817896815917546e-05,-0.26276954839200545,3.83764880518111e-10,0.7109980997087132,0.025169080589799393,-0.7105524717933683,2.715808279668979e-05,9.613864999841336e-07,-2.7141061091812642e-05
15885.46748597779,28.02255347737113,-88.15276862797808,841.4295611452958,-26089.670377939132,1.2348922985990978e-06,3.828951882657084e-05,-0.26138985257767666,3.8401796288446497e-10,0.7110422737314339,0.025967182176949176,-0.7105679562736815,2.7239371812585736e-05,9.947787302871837e-07,-2.7221201149509524e-05
15922.087270511702,27.984079127898063,-88.09191699144814,865.397074924596,-25976.473909511278,1.2810712473774454e-06,3.845369345236675e-05,-0.2596571766349516,3.84804314486744e-10,0.7109761533646535,0.02672637173291538,-0.7104736389952785,2.7354573906285674e-05,1.0282883713540376e-06,-2.733523983102733e-05
15958.79147236733,27.947635032597553,-88.0539739201879,879.0124518217565,-25870.32942744021,1.3118676251542871e-06,3.860974615046408e-05,-0.2580014166437415,3.854944880088679e-10,0.7109706509432615,0.027203691767129525,-0.7104500162973635,2.746598242434824e-05,1.0509239994113265e-06,-2.7445869439354038e-05
15995.58028614669,27.92542725605172,-88.01618593632466,893.8447112800994,-25805.37329765823,1.340667355993403e-06,3.8705181283500286e-05,-0.25676172074925663,3.855759930058851e-10,0.7109776001717508,0.027679570136861946,-0.7104385894241814,2.7534763490567596e-05,1.0719752873437343e-06,-2.7513888664905557e-05
16032.453906900419,27.88412888516803,-87.80107894677234,986.044465519962,-25680.069635772932,1.4930153580776316e-06,3.888337666648142e-05,-0.25492728968447215,3.8656625022290065e-10,0.7108620852713007,0.03034872430716172,-0.7102139531220081,2.7660827764522467e-05,1.1809194122556029e-06,-2.7635607863051156e-05
16069.412530128773,27.848470474916283,-87.76655522105246,997.5375475229444,-25577.41289835118,1.5224952220049586e-06,3.903761720617537e-05,-0.253324238620587,3.872251148533966e-10,0.7107994052086873,0.030781030365106984,-0.7101326091756991,2.7768748934282737e-05,1.2025202861505466e-06,-2.7742699261907177e-05
16106.456351782705,27.821589190403717,-87.68087368317826,1032.6389009553056,-25498.195421148626,1.5856884956584548e-06,3.915424365861309e-05,-0.25195882648325485,3.875347811023815e-10,0.7107781875124991,0.03184909468136307,-0.7100642696344682,2.7852532169576473e-05,1.2480376434862848e-06,-2.7824556605590923e-05
16143.585568264862,27.807823791516583,-87.52159342348367,1101.7139332447362,-25453.524805132307,1.6973058604877969e-06,3.9213824494879595e-05,-0.2509389425737341,3.8732203027829397e-10,0.710661912737962,0.033824503762383835,-0.709856504627243,2.7893598917465368e-05,1.3276174290743498e-06,-2.7861986514432945e-05
16180.80037643066,27.772540941199175,-87.38246577381297,1158.8591595471378,-25348.87196334284,1.7997271097131478e-06,3.936721015425514e-05,-0.24933242984977258,3.8802659596106334e-10,0.7106224981777495,0.035553258677055576,-0.7097325557657813,2.800417683962786e-05,1.401081088440654e-06,-2.7969106032348682e-05
16218.100973589299,27.76009742885094,-87.24423944379099,1218.210097823911,-25308.609098166802,1.8974947579141059e-06,3.942091202465992e-05,-0.2483638649995598,3.877500420958318e-10,0.7105659777205096,0.037269566682603554,-0.7095879001879857,2.8043320994483712e-05,1.4708872287390399e-06,-2.8004720015739906e-05
16255.487557504843,27.732679703104807,-87.12766949298256,1265.7384327075874,-25227.148003728504,1.9838815534482474e-06,3.954029701353616e-05,-0.24699507109219693,3.881074473940478e-10,0.7104559134954124,0.03871432812523089,-0.709400314222099,2.8126703767259463e-05,1.5326868536704526e-06,-2.8084912957311327e-05
16292.960326397224,27.711078968219766,-86.96429769467538,1334.311086789031,-25160.188851812825,2.101888044046803e-06,3.963386099177827e-05,-0.2457729193880063,3.882453251018908e-10,0.7103751582238106,0.040739477609633916,-0.7092060070146037,2.8194202117459337e-05,1.6169161499927408e-06,-2.814779947356527e-05
16330.519478943344,27.691296548326708,-86.737345258572,1430.5913721433728,-25095.58601682919,2.2641849628848718e-06,3.971857345187033e-05,-0.2445780472272306,3.88349535579285e-10,0.7103167308962708,0.0435519689767539,-0.708980312977316,2.8258296350180723e-05,1.7326136249474201e-06,-2.8205130076659525e-05
16368.165214278086,27.684765035671667,-86.56854362687356,1503.2537431214503,-25070.140142675125,2.3831978297104353e-06,3.974518862963028e-05,-0.24376811178767663,3.8784961971863216e-10,0.7101735800018152,0.045638538425296166,-0.7087056071056567,2.8276403703017272e-05,1.8171525571622112e-06,-2.8217954620418678e-05
16405.8977319954,27.67334311260519,-86.48106135033957,1539.4830410262716,-25034.522029103966,2.44713025782276e-06,3.9794356101974946e-05,-0.24286192648296093,3.8750813808184274e-10,0.7101978577464724,0.04672938911636574,-0.7086588469358792,2.8314975411817564e-05,1.8630603984608028e-06,-2.825361637956317e-05
16443.717232149313,27.67462850568478,-86.39574260493947,1576.8913099171216,-25034.285647429788,2.506176393978183e-06,3.978735587869584e-05,-0.24230107166846235,3.8662054465548946e-10,0.7101523102100463,0.047788764026679614,-0.7085425447561128,2.83108014557093e-05,1.9051380819600544e-06,-2.8246626842036506e-05
16481.623915255084,27.654171989877735,-86.21179388165926,1653.2846315171607,-24969.117131226623,2.6402277392841127e-06,3.9874655832736085e-05,-0.24111449433068427,3.8673808729375845e-10,0.7100518711096391,0.050063463564019806,-0.708284765671459,2.8374790207945915e-05,2.000614790990193e-06,-2.830417389366831e-05
16519.61798229015,27.67826592334545,-86.16514382564606,1678.042586900448,-25033.83254669869,2.6656388647171954e-06,3.976726067039989e-05,-0.24118343406083542,3.84851150110303e-10,0.7099871537800295,0.05064277713602923,-0.7081786975450601,2.8297322221449694e-05,2.0184238196107956e-06,-2.822524420069698e-05
16557.699634695284,27.664975893311528,-86.0891434064943,1708.6331331100178,-24993.343755413764,2.722545337603468e-06,3.982453002568638e-05,-0.24023954358574523,3.8458803543645585e-10,0.7099317948811213,0.051585357229372984,-0.7080551562573699,2.8338407304027134e-05,2.0591370532073435e-06,-2.826349736188087e-05
16595.869074375605,27.682296052206247,-86.06915181999436,1720.635581252054,-25040.507732050908,2.731221284742328e-06,3.9747619102916676e-05,-0.24013931209183567,3.8298079918080737e-10,0.7099665181597077,0.05184223797613441,-0.7080712105921582,2.8285737400167286e-05,2.0654437809700354e-06,-2.8210226554547105e-05
16634.126503701696,27.682114273245524,-86.11067210303132,1702.5028258208665,-25041.949414254086,2.7023951049302452e-06,3.974926824709511e-05,-0.2396008009827749,3.8207797002828947e-10,0.7099986201274207,0.05133874278977866,-0.7081400808255428,2.8286787596462468e-05,2.04536751424005e-06,-2.8212742232173645e-05
16672.472125510627,27.68634138260627,-86.08107429024423,1716.2083885669076,-25052.301365826585,2.721707287590082e-06,3.973004190663e-05,-0.23914855386672457,3.8104169838339573e-10,0.7099255998803166,0.05170655701102374,-0.7080401043214241,2.827119312929795e-05,2.05909754424428e-06,-2.8196107501876046e-05
16710.90614310708,27.698214581991195,-86.16274773614585,1682.806825003112,-25089.184554460466,2.661409824564487e-06,3.967930321617824e-05,-0.23894980354696543,3.7960645213725474e-10,0.7100469579984954,0.05071322801263838,-0.7082336133419928,2.823718497495468e-05,2.016766333464043e-06,-2.816507178876014e-05
16749.42876026437,27.688450202686596,-86.27456240505032,1632.195741120972,-25067.149192372697,2.586574339984102e-06,3.972442964041461e-05,-0.23819085177715374,3.7906630838187427e-10,0.7101442048073804,0.049345112574211154,-0.7084277320140319,2.826952239769799e-05,1.9643373214767853e-06,-2.820119280245787e-05
16788.04018122561,27.679952653117557,-86.36299547967873,1592.0976227012914,-25047.513437324138,2.527489304473563e-06,3.976346765035796e-05,-0.23745687600682033,3.784909619574753e-10,0.7101264109375661,0.04825780721908172,-0.7084847941582622,2.829378328488615e-05,1.9227505388199922e-06,-2.822837584661169e-05
16826.740610704674,27.666896869566703,-86.61491289216305,1480.0647057524359,-25022.33098790886,2.3556369721856923e-06,3.9824966960089836e-05,-0.23667255332109305,3.78000493759457e-10,0.7102418443212596,0.04515703515275473,-0.708804852975117,2.833450343244547e-05,1.8015020908230803e-06,-2.827717586641255e-05
16865.530253887413,27.632228991750086,-86.69339359957155,1440.3139332778521,-24929.568794238123,2.3098318903499938e-06,3.9979557014044973e-05,-0.23525285259489148,3.7853441056342744e-10,0.7103253296624498,0.0441987263538361,-0.7089489026359845,2.8445554700624907e-05,1.769973891812997e-06,-2.8390434562516723e-05
16904.40931643264,27.628948068373504,-86.7677304720815,1407.5280270618523,-24923.616366804265,2.2586662120322393e-06,3.999503319792915e-05,-0.23465574396893896,3.7775400181469803e-10,0.7103299313362302,0.043286603336968814,-0.7090097893003181,2.845464004911382e-05,1.7339896047815518e-06,-2.8401757346599904e-05
16943.37800447329,27.580247283934874,-86.9018421651052,1342.0391094115967,-24794.80512614768,2.17657342647694e-06,4.021321999767119e-05,-0.23290608270586965,3.788431441571054e-10,0.7104428866260176,0.041640992819379566,-0.7092214907026753,2.8610714511125768e-05,1.6769519125923168e-06,-2.8561526869549457e-05
16982.436524617442,27.554020526168635,-87.0295522650939,1283.1447921471681,-24727.888746722714,2.0928290983513903e-06,4.033157086141348e-05,-0.23174329081474535,3.7899466233470154e-10,0.7104664599247996,0.04006887043205561,-0.7093356584159406,2.869247866990818e-05,1.6181977264919157e-06,-2.864681078830787e-05
17021.58508394951,27.508040031759183,-87.12134999984184,1237.2783632275693,-24605.689998270056,2.038447789723813e-06,4.0538504416065344e-05,-0.23006771532130627,3.800008635219936e-10,0.7104666583583362,0.038939848099881665,-0.7093987319334727,2.8837340474527625e-05,1.5805409648320334e-06,-2.8793994094295376e-05
17060.823890031235,27.47446406697567,-87.16673873999927,1213.2983410373408,-24515.98915793966,2.013753736954633e-06,4.06900455659824e-05,-0.22870178394803573,3.8051406213404487e-10,0.7104911804088512,0.03838670081461486,-0.709453436554741,2.8944994022569998e-05,1.5638516793210963e-06,-2.8902716946538045e-05
17100.15315090288,27.44474114767808,-87.28355379624503,1159.5806578897573,-24439.758698161986,1.9370042062989425e-06,4.0825030218615116e-05,-0.22746629053320794,3.8082304212651285e-10,0.7104959736814738,0.036947964385365885,-0.7095346196947426,2.9038340652620077e-05,1.5100825563919804e-06,-2.8999049614263023e-05
17139.573075084252,27.395387145722466,-87.26876180893068,1159.5164234761078,-24305.850949458476,1.958249406905737e-06,4.104893836986437e-05,-0.2256996897014098,3.820404089575874e-10,0.7105856784807594,0.03714338118765302,-0.709614244287634,2.920164738432215e-05,1.5264139891227456e-06,-2.9161726119900705e-05
17179.083871575876,27.3649406831365,-87.35311966711059,1120.010715100849,-24227.09823636683,1.904110732554084e-06,4.118806824660996e-05,-0.22445099342407562,3.824007464454212e-10,0.7106197048624238,0.03610785751843455,-0.7097017595893268,2.9299997867734747e-05,1.48878526877245e-06,-2.9262149501920513e-05
17218.68574986007,27.31582026492616,-87.34789617043937,1116.12315882053,-24095.38693735727,1.9182864955793398e-06,4.14128629106993e-05,-0.22271734280436936,3.8360673792333736e-10,0.7105394129508228,0.03617605692800712,-0.7096178903196011,2.9456704452253587e-05,1.4997442756211468e-06,-2.941850105452618e-05
17258.378919902043,27.262174235448352,-87.38405668959814,1094.420526459195,-23953.921297220935,1.9033794317290109e-06,4.165985560769338e-05,-0.22090052597527374,3.849847382454675e-10,0.71055010237345,0.035736336075069125,-0.7096508735053103,2.963197272915535e-05,1.4903074849742592e-06,-2.9594472311930755e-05
17298.163592151013,27.23014458747173,-87.31478362151617,1119.3457971608711,-23866.541609634416,1.960789854456289e-06,4.180769943285398e-05,-0.2195885159396495,3.855055543085702e-10,0.7105730560397783,0.036603110647944276,-0.709629678255218,2.973975530512706e-05,1.5319572629776368e-06,-2.970027192726092e-05
17338.039977541375,27.180414291802286,-87.30735737404511,1116.267694670887,-23735.17199576799,1.9770791888836773e-06,4.2038585208042764e-05,-0.21787756592763846,3.867477078947421e-10,0.7105778176707773,0.03670297090372057,-0.7096292883559733,2.9904375984619273e-05,1.5446294752841957e-06,-2.9864457517483172e-05
17378.008287493754,27.13447780684211,-87.2319315918439,1141.6266421746725,-23611.94907606226,2.0428964987837665e-06,4.225266502633687e-05,-0.21624793528231137,3.8787187870291817e-10,0.7104435758642103,0.03763765793046637,-0.709445897297486,3.0052869692428235e-05,1.5921315467404398e-06,-3.0010666335287283e-05
17418.068733916145,27.077018617186624,-87.24537888813178,1128.8916058552256,-23462.71211490781,2.0459338931126865e-06,4.252238008614592e-05,-0.21438694889052173,3.894412224095369e-10,0.7104653295953963,0.0374799690004547,-0.7094760295322317,3.0245290928670087e-05,1.5955635260370264e-06,-3.0203175336283326e-05
17458.22152920504,27.031099947947922,-87.19926957376012,1141.9146825621233,-23342.043775984985,2.0908253721130146e-06,4.2738864916159794e-05,-0.2127938199547284,3.9055414594245947e-10,0.7104626830295883,0.03805846125516361,-0.7094425822464355,3.0400344284817866e-05,1.6285025980163834e-06,-3.035669468047719e-05
17498.466886246566,26.979985943479665,-87.08571616550898,1181.3707556906738,-23206.104798640285,2.188052085594491e-06,4.298072028497399e-05,-0.21106799313459076,3.919384605342048e-10,0.7104043495820574,0.039468880962330366,-0.7093070895886263,3.057288958106343e-05,1.6985787604754548e-06,-3.052566801120589e-05
17538.805018417614,26.939741022188844,-87.00887379862141,1207.0349003920592,-23100.05080993386,2.255847876139468e-06,4.3172074429146236e-05,-0.20962016900320238,3.9283230610406656e-10,0.7103111275832565,0.040422551073991085,-0.709160006862533,3.0707095724431524e-05,1.7474865549100905e-06,-3.065733221547187e-05
17579.23613958693,26.89285060396361,-86.96127748122557,1219.8345377031596,-22978.678753639917,2.3037145609175183e-06,4.3396309252794796e-05,-0.20803920490759392,3.9399896228484506e-10,0.7102618353640909,0.04101653711878574,-0.7090765251068113,3.086579456123126e-05,1.7824525341032604e-06,-3.081428462352813e-05
17619.76046411629,26.82252572596028,-86.83145931902051,1261.9145865312232,-22795.559801253898,2.4210322638229633e-06,4.3734168968159355e-05,-0.20590665975880634,3.962505424891603e-10,0.7102404583332812,0.042629495436804665,-0.7089599669743509,3.1108982371159945e-05,1.8671989274549282e-06,-3.1052896037800585e-05
17660.37820686164,26.766427196341187,-86.65811966030543,1322.4656811668265,-22647.656213093665,2.5695647564803354e-06,4.4004634714378835e-05,-0.2041001836732619,3.979210076986954e-10,0.7100616828466466,0.044770646429705414,-0.7086488429859163,3.129887455155307e-05,1.9734494622742825e-06,-3.123659785273847e-05
17701.08958317421,26.72564907478189,-86.48421175232426,1384.7558668032955,-22538.633055789345,2.7156999818562202e-06,4.420141257243415e-05,-0.2026505116822311,3.9892619864834404e-10,0.7099574994052233,0.046922274113210004,-0.7084052167748078,3.1439938074085826e-05,2.0779178945929865e-06,-3.137119639614788e-05
17741.894808901663,26.664376647192135,-86.26878280238043,1459.3233897144332,-22377.373309084473,2.9019520756645637e-06,4.4498748789962076e-05,-0.20073783628603953,4.0087689380867363e-10,0.709857395293518,0.04958630801038415,-0.7081233788760242,3.165450143835861e-05,2.2111904005572465e-06,-3.157717685803357e-05
17782.79410038923,26.601983089875205,-86.03064190221119,1541.3600386192861,-22213.186865416457,3.1088251212447474e-06,4.480258448374599e-05,-0.19880669322812503,4.0291112730083746e-10,0.7096628695316329,0.05252249254032025,-0.7077165931142377,3.187081569778926e-05,2.358774499285597e-06,-3.178340881818642e-05
17823.787674480893,26.55346972625853,-85.79468679431646,1623.789868179041,-22083.77302325196,3.3116284555377827e-06,4.503861773164795e-05,-0.1971938682708957,4.043401397182171e-10,0.7095953226877487,0.055439103683149284,-0.7074263408745389,3.2045098253253456e-05,2.503612224880152e-06,-3.194714772695832e-05
17864.87574852051,26.49653034026636,-85.38894291681243,1768.3992842574614,-21926.203579632507,3.6545810416883204e-06,4.531278011230933e-05,-0.19533657731858126,4.0630923127050175e-10,0.7092904323801813,0.06042922369565665,-0.7067115581265138,3.224390893149632e-05,2.7470755232172442e-06,-3.212667488633657e-05
17906.058540352948,26.44450254972142,-85.1099609141395,1863.9720109341667,-21786.797802729263,3.898389809764824e-06,4.556582933828515e-05,-0.19364823121926747,4.0796859119299055e-10,0.7091699283403138,0.0638665813580988,-0.7062882181148395,3.2431585240213226e-05,2.920730835504673e-06,-3.2299799574916074e-05
17947.336268325267,26.38136522891044,-84.66026591903935,2020.0303779463713,-21612.300450296323,4.2872457375590235e-06,4.586923246103667e-05,-0.19165542991037002,4.1031664522163584e-10,0.7088547134959933,0.06938498110555334,-0.7054507277212695,3.2655953884149794e-05,3.196469883173546e-06,-3.2499136978844264e-05
17988.709151287872,26.32743916282109,-84.10076442432192,2216.7210156427864,-21453.5652033947,4.76540682815873e-06,4.61199065589047e-05,-0.1898102259783381,4.124018995985509e-10,0.7084979636551754,0.0762398716287192,-0.7043840191809909,3.284943915105049e-05,3.534854230252123e-06,-3.265869651577413e-05
18030.17740859569,26.2895780674476,-83.55125060118591,2411.1859772237535,-21332.341632159805,5.231670465688414e-06,4.6285845527953325e-05,-0.18830361684986327,4.1379153449353917e-10,0.7081169926463088,0.08295513097767994,-0.7032411545970049,3.2984105359289755e-05,3.8640518567927625e-06,-3.275698871387209e-05
18071.741260109276,26.277954158743896,-82.92803145294789,2638.3568815195217,-21266.81841215609,5.745069120130978e-06,4.630887602769779e-05,-0.1872934780005758,4.141118028815481e-10,0.7077930232889705,0.09056581102693996,-0.7019749266815545,3.302797669851884e-05,4.22610197876875e-06,-3.275648495890471e-05
18113.400926196024,26.25054889865622,-82.21361210044377,2892.8634455823335,-21155.796940756332,6.344883685156082e-06,4.640076290530163e-05,-0.1858872153213515,4.153275514843687e-10,0.7073585682232773,0.09925836432518302,-0.7003598511839282,3.312701417959993e-05,4.648467397098576e-06,-3.279925028584535e-05
18155.15662773135,26.25378928606089,-81.38916968290249,3196.000589206923,-21105.5857781347,7.014000331792818e-06,4.6318697859581076e-05,-0.18501951662093086,4.153581355074223e-10,0.7068668272206388,0.10925725342246893,-0.698372081343141,3.311401584105569e-05,5.118285766510557e-06,-3.271606938392848e-05
18197.008586099837,26.26582818312796,-80.61869025353089,3482.0164685330233,-21075.821220915732,7.630735170547992e-06,4.61870332010172e-05,-0.184333656334705,4.149880832101711e-10,0.7064859965116446,0.11858233261098346,-0.6964629880040931,3.3072429526284946e-05,5.5511444780273014e-06,-3.260322667705071e-05
18238.95702319638,26.309221572659936,-79.76227686649436,3812.3609762700494,-21108.46149165297,8.285917580699476e-06,4.587786237029616e-05,-0.1841945229208472,4.133934118556278e-10,0.7060086888812807,0.12889961335292158,-0.6941420304615852,3.291380411138086e-05,6.009241374427628e-06,-3.2360585890651284e-05
18281.002161427426,26.394871369894474,-78.93254073036357,4154.262978412863,-21238.29598255992,8.87050591013397e-06,4.534966395084802e-05,-0.18490123017463833,4.099212786008773e-10,0.7056617127021616,0.13887762112603316,-0.6918608668830186,3.260757257287111e-05,6.4173272094842295e-06,-3.1969856123878155e-05
18323.144223712112,26.483148240939002,-78.1861919548456,4471.64042463831,-21378.795582497438,9.373555767478007e-06,4.481472426313465e-05,-0.18569634953276146,4.062907145014617e-10,0.7053388137353347,0.1478181102880507,-0.6896757560132434,3.2293210136930694e-05,6.767699727591048e-06,-3.15760931931917e-05
18365.383433483465,26.60731299693442,-77.61444571735844,4747.8195930333595,-21620.31164850908,9.689829835864344e-06,4.412491603088945e-05,-0.18736224498171747,4.008281200354372e-10,0.705100043104452,0.1546482868845306,-0.6879316667733649,3.1853442615683574e-05,6.986356588777611e-06,-3.107784786765471e-05
18407.720014689563,26.76616398599379,-77.11607483059612,5021.879242632311,-21954.979635052514,9.90039283895833e-06,4.3283183974853024e-05,-0.1898248958378365,3.9381032016668805e-10,0.7049510038531253,0.1606000289510086,-0.6864135404655595,3.130016693136409e-05,7.130719281018003e-06,-3.0477094554215243e-05
18450.154191794736,26.954878324887673,-76.92202715472224,5203.766824081287,-22400.86381672007,9.839259559436561e-06,4.235545536520307e-05,-0.193234602209716,3.850839037878564e-10,0.7050615242169789,0.16295722833108983,-0.6859713511990269,3.0658007414154384e-05,7.085826899876507e-06,-2.9827914371463044e-05
18492.68618978078,27.116844139445433,-77.00787084753208,5264.750079273282,-22818.43871047251,9.600222810318516e-06,4.1609210789806644e-05,-0.19638397997679996,3.771674503549685e-10,0.7053546903693616,0.16200449721178856,-0.6864982025535199,3.0119927686379583e-05,6.917886571835444e-06,-2.9314721373602618e-05
18535.316234148115,27.280401560356434,-77.38983254932528,5208.064888246025,-23280.136874738102,9.151587039467182e-06,4.0907746633630444e-05,-0.1998967167684132,3.688371030027895e-10,0.7055813422702889,0.15748289736897977,-0.6877820640262539,2.9576832856841083e-05,6.60142928142944e-06,-2.8830715795550413e-05
18578.04455091699,27.408646836108712,-78.13297659227763,4978.972357600103,-23694.49668801501,8.493360805508144e-06,4.041916584835812e-05,-0.2029867170162424,3.6155356128665467e-10,0.7060376599376419,0.1486531849168143,-0.6902111328168422,2.9160323382093505e-05,6.139580350905506e-06,-2.850666611273658e-05
18620.871366628675,27.480881727207187,-78.98296887318759,4667.115157090376,-23972.180115147028,7.824856453856108e-06,4.0191609157540425e-05,-0.20489325590060462,3.5654356249325924e-10,0.7065512110760125,0.13850648292859719,-0.6928423832732306,2.8930243623141252e-05,5.6712467995156915e-06,-2.8368925884377224e-05
18663.796908346696,27.537626711161607,-79.83510153322894,4340.003556392776,-24205.802732325687,7.1764477701861676e-06,4.0025699699736326e-05,-0.20641422403359216,3.5229026476979173e-10,0.7069949066466682,0.1282757857659132,-0.6952604697596928,2.8748851252427742e-05,5.216135858409447e-06,-2.8271688577812808e-05
18706.821403658007,27.549007875303204,-80.66583378175525,3995.958385027793,-24310.953072307937,6.583234612221933e-06,4.005164526271902e-05,-0.20683408844520787,3.499597895061202e-10,0.7075025812769383,0.11827502940162957,-0.6975463568348518,2.871651150556987e-05,4.800613216849927e-06,-2.8312402684896464e-05
18749.945080674195,27.511304874468664,-81.41493637715493,3664.270595685016,-24271.653115373963,6.081372937941631e-06,4.028222549632635e-05,-0.20602479387020511,3.4972024582243375e-10,0.7078149101719456,0.10920156798646506,-0.6993403782215188,2.8835082274539054e-05,4.448671753232013e-06,-2.8489845373596393e-05
18793.168168032684,27.485001097214834,-82.09043981882252,3369.578652091752,-24253.518295842972,5.6198307698768325e-06,4.0450359665039105e-05,-0.20539737045077547,3.491768026779418e-10,0.7081205292087708,0.10100087938513724,-0.7008805220937008,2.8918477050663793e-05,4.1247096957625895e-06,-2.862280707504857e-05
18836.490894898,27.429214061890587,-82.52563544219716,3166.5219251286353,-24135.563769916436,5.343869102015336e-06,4.073153337933629e-05,-0.20392833780586508,3.5007627878686996e-10,0.7083492402404709,0.09571351958982342,-0.7018529534859711,2.909902752228078e-05,3.931916888699028e-06,-2.8832159688840823e-05
18879.913490962936,27.37363200216802,-82.937498858825,2975.370858213302,-24015.842120078774,5.080775691559564e-06,4.100971363593327e-05,-0.20245007943254797,3.5101228118065927e-10,0.7085248455301535,0.09069662209584023,-0.7026959367136915,2.927816833061348e-05,3.747830419063318e-06,-2.903730200872116e-05
18923.43618644976,27.316282614024388,-83.14643212557183,2869.852168539742,-23877.406750799742,4.961994945166249e-06,4.1284207214559205e-05,-0.20082015101077322,3.52235378201798e-10,0.7085936944572724,0.08815041592269542,-0.7030892745571234,2.9463885219373104e-05,3.66536388497726e-06,-2.9235007094425295e-05
18967.059212111464,27.259050356362845,-83.34352928219403,2770.4164967106085,-23739.063292589915,4.8500132679086225e-06,4.1558650864765754e-05,-0.199197420387367,3.5347325021577355e-10,0.7087244207079577,0.08575537573858485,-0.7035171071408032,2.9653136543181264e-05,3.588017841332327e-06,-2.9435261758965776e-05
19010.782799232995,27.215795230649135,-83.555315317388,2670.19860762359,-23638.914925281617,4.718263424809406e-06,4.1770161730928497e-05,-0.19790085444767389,3.5415436098647347e-10,0.7087224547428205,0.08316241628526408,-0.7038263495879404,2.9791322639854818e-05,3.4957526158293586e-06,-2.9585513655856112e-05
19054.607179632472,27.16289632652979,-83.71977480793564,2587.402353735396,-23510.78973052373,4.624888081582144e-06,4.202468590024441e-05,-0.19637552043616546,3.5526540123751957e-10,0.7087618073233842,0.08115467580842278,-0.7041002898129923,2.9964924814573083e-05,3.431045146371575e-06,-2.9767845880187195e-05
19098.53258566239,27.1298836354547,-83.75926739647569,2561.8630798163886,-23427.218770612133,4.6126640053025895e-06,4.218097743744239e-05,-0.19522744239718454,3.5571272246892994e-10,0.708824280550834,0.0806847970278038,-0.7042171712099823,3.007674046889306e-05,3.4236069031167083e-06,-2.988125219943236e-05
19142.55925021086,27.082882925413976,-83.97118210370485,2462.701182646746,-23318.210657747957,4.479236009856186e-06,4.241187262164852e-05,-0.19387211718818756,3.565536693697905e-10,0.708952429222737,0.07810211629955272,-0.7046372161121999,3.023482166599857e-05,3.330834990780681e-06,-3.005078999691901e-05
19186.68740670289,27.051352814398264,-84.03012207556176,2430.299872721123,-23240.283873228414,4.450958846091288e-06,4.256328540041389e-05,-0.19277981544594192,3.5692642584835543e-10,0.7089948304430039,0.07739023914258487,-0.7047584128482308,3.034129423391477e-05,3.3119000531936335e-06,-3.015999757670159e-05
19230.917289101588,27.010826817037497,-84.11356028169733,2385.849467358911,-23140.950669099326,4.4084768106033125e-06,4.2758919116959075e-05,-0.19151435323992907,3.576341111465938e-10,0.7089646186874324,0.07636899833211853,-0.7048394190483144,3.0474842667727443e-05,3.2827212353305377e-06,-3.029752096977327e-05
19275.249131909357,26.97418752310962,-84.2971802811445,2302.6142702996203,-23057.73793934849,4.288231240493893e-06,4.2941153210941154e-05,-0.1903867983469913,3.5809926753875215e-10,0.7090294227637193,0.07412497089801134,-0.7051441065725658,3.0597566132030326e-05,3.198800538130193e-06,-3.0429898592029964e-05
19319.68317016924,26.935123873252977,-84.31372196993742,2286.0608856847875,-22959.012171689876,4.294343741596737e-06,4.312828711174332e-05,-0.18913562108893658,3.588119787864783e-10,0.7090396840691519,0.07393091493851713,-0.7051747963457262,3.073046584264035e-05,3.2042373752548247e-06,-3.056295786975968e-05
19364.219639466068,26.892239035595978,-84.39161546386303,2244.2813754748436,-22854.51404464092,4.255646041757187e-06,4.333713378955517e-05,-0.18784174884870514,3.5962356365434165e-10,0.7090161910954288,0.07297822311856203,-0.7052504081430417,3.0874100779182365e-05,3.1778357723637414e-06,-3.07101198097141e-05
19408.85877592778,26.825312468065935,-84.40216072006716,2223.5370504466846,-22686.194373791608,4.279262544784896e-06,4.3660249262756335e-05,-0.1860294835578186,3.614585340168658e-10,0.709010093667667,0.07285629178370433,-0.7052568848796598,3.110346258870293e-05,3.1961222641045345e-06,-3.093881360814823e-05
19453.600816226623,26.78302270641302,-84.4137243911591,2208.602944051192,-22580.768603929773,4.2904735566109175e-06,4.3865825156151355e-05,-0.18473911210987778,3.623109095591774e-10,0.7090247338815144,0.07272397115609665,-0.7052852595050031,3.1249940153834265e-05,3.2052756945951183e-06,-3.108512453473302e-05
19498.445997580457,26.737949256681066,-84.35651835867904,2219.935460640245,-22465.092324954945,4.35615873544824e-06,4.4083042011401436e-05,-0.18337002297393604,3.63338922460182e-10,0.7089740251249618,0.0734313991855828,-0.7051609730519248,3.140551963086717e-05,3.252800761266803e-06,-3.123661234020561e-05
19543.39455775394,26.67250909819829,-84.24179196930135,2248.3563168415344,-22296.403373069817,4.477150088999357e-06,4.439880974308254e-05,-0.18157453657849587,3.652458742064903e-10,0.708926298192308,0.07484674674334978,-0.7049641556636664,3.1634669541847246e-05,3.3399129155537537e-06,-3.1457865451082266e-05
19588.4467350599,26.608985825999515,-84.14012236572002,2271.6979307845727,-22134.347321320554,4.588455014458921e-06,4.4707729659819785e-05,-0.1798402311294973,3.6707381988603577e-10,0.7088711365410151,0.07610021444611306,-0.7047744643374971,3.1858048633321795e-05,3.420091759780957e-06,-3.167393621067288e-05
19633.602768360466,26.56978899989483,-83.92062197298891,2345.8699854537463,-22025.882593353806,4.781219440827845e-06,4.489190735622346e-05,-0.17854736759486386,3.6803304228323456e-10,0.7086711322068944,0.07878599445989767,-0.7042780279835276,3.1993077113636884e-05,3.5568069329712615e-06,-3.179474968671217e-05
19678.862897068448,26.515625308644502,-83.74076857346,2400.2185882563936,-21883.658284739435,4.952421554328212e-06,4.5153012941052926e-05,-0.1769864654867347,3.69572975916619e-10,0.7085437646468363,0.0809903970353569,-0.7038997243982744,3.2184291952930367e-05,3.6788392102623405e-06,-3.1973345001367854e-05
19724.227361148536,26.479442443054857,-83.45686054663382,2498.036273992854,-21779.177865307844,5.198039528295915e-06,4.531920877862379e-05,-0.17573635459956982,3.7049184235788765e-10,0.7083693948725065,0.08446512510038041,-0.7033156064199189,3.231275986364293e-05,3.85293509851929e-06,-3.208222780811912e-05
19769.69640111861,26.438175503889973,-83.02240486993306,2650.056629939148,-21652.97494740366,5.568818507019946e-06,4.550147580125849e-05,-0.17431618197886303,3.717941552656525e-10,0.7081177410181718,0.08977238402186936,-0.7024041957532063,3.2460353629327235e-05,4.115196051023477e-06,-3.2198442807108213e-05
19815.27025805098,26.408063961101924,-82.55717217707542,2815.34097836928,-21550.78849505845,5.960126398765475e-06,4.562339851921174e-05,-0.17309451104371992,3.7269791828184144e-10,0.7078248631771791,0.09544191296078901,-0.7013607332765197,3.25673061049875e-05,4.391320729661257e-06,-3.2269888893288794e-05
19860.949173573717,26.38767912155556,-82.08145023234788,2986.2961153414935,-21470.016207141365,6.355450134180108e-06,4.5692594476325726e-05,-0.17204913913058464,3.732396378523423e-10,0.7075849720121263,0.1012362095109586,-0.700305449429929,3.2642174591683074e-05,4.670209454081347e-06,-3.230635704824871e-05
19906.733389871864,26.416113493354224,-81.46398002933542,3226.081276138649,-21493.771952983516,6.829277536541279e-06,4.550007312579026e-05,-0.17184336500672284,3.719696404286689e-10,0.7072349474951235,0.10873212450537842,-0.6988265851117693,3.253922258021679e-05,5.0026639851882434e-06,-3.215236164228362e-05
19952.6231496888,26.4577129124617,-80.94664850754225,3434.436748358591,-21554.262344414212,7.209423884985306e-06,4.52457928780683e-05,-0.17193064646572706,3.7007263051618394e-10,0.7069826262123003,0.11500500658141694,-0.6975659698030355,3.239104522983795e-05,5.2690578689240165e-06,-3.195961264244825e-05
19998.618696327438,26.519634596470148,-80.48668845930807,3630.928975543885,-21666.651497933362,7.523254444533906e-06,4.4893120542402705e-05,-0.17242964319224566,3.673062631105423e-10,0.7067545042776426,0.12057090392820449,-0.6963939879426531,3.217038483457339e-05,5.488203266829065e-06,-3.169878996596742e-05
20044.720273651616,26.60924641950501,-80.10998712065002,3809.9264552604236,-21852.38324539696,7.743088923473804e-06,4.4411604435385856e-05,-0.1735077748336099,3.6334678611246036e-10,0.7066494860879622,0.12513688993930408,-0.6954813117292941,3.1856386975131675e-05,5.641282232921221e-06,-3.1352915747628105e-05
20090.928126087278,26.725252338316622,-79.99061441535102,3905.1053125785993,-22125.75804130567,7.735960621301226e-06,4.383082637301719e-05,-0.17527431982381242,3.58032105777623e-10,0.7066665252020162,0.12659733880184174,-0.6952342710550046,3.145204465091565e-05,5.634546155337344e-06,-3.0943222236001295e-05
20137.242498623884,26.83113240970579,-80.02318299277873,3938.706977594647,-22390.490672540054,7.620636822825204e-06,4.332127235433136e-05,-0.1769635176728516,3.529852195567558e-10,0.7067821687563084,0.1262314728754312,-0.6954183268562673,3.1088370948327764e-05,5.55239086041268e-06,-3.058852340264295e-05
20183.663636815607,26.920950926977888,-80.41224220849617,3825.6889905827934,-22648.25990092038,7.251397112163924e-06,4.292861412554436e-05,-0.17858910951560705,3.481651449928859e-10,0.7070520714924516,0.12156158262439283,-0.6965238067945847,3.078229304033253e-05,5.292317793358735e-06,-3.032393340572761e-05
20230.191786782718,26.98238261230921,-80.85776163860555,3675.6886829586097,-22840.25956411511,6.868030845691443e-06,4.267706564411129e-05,-0.17968886550575644,3.4444437479471104e-10,0.7073058732597775,0.11619239770458509,-0.6976968719031467,3.057366817337164e-05,5.022477468363517e-06,-3.0158314038672963e-05
20276.82719521282,27.032067874286486,-81.4489170983543,3460.3966832820784,-23013.67925481671,6.389166441463427e-06,4.2491725847458856e-05,-0.18063678192218488,3.410625821007451e-10,0.7076777809698915,0.10905388544343363,-0.6992246361135741,3.0408024968713543e-05,4.685908418594595e-06,-3.0044803956598728e-05
20323.57010936222,27.042889402924967,-81.96537534553305,3257.965536569265,-23080.416563676376,5.996403090836062e-06,4.248033923831854e-05,-0.18074395221718392,3.3929424143751323e-10,0.7079017897747403,0.10278816177247066,-0.700399555800628,3.0369569983732088e-05,4.409696821703969e-06,-3.004771796555364e-05
20370.420777057177,27.02736958687046,-82.52940611588494,3026.6383862771413,-23081.1337453086,5.585241624268467e-06,4.259303308717134e-05,-0.18033385603248722,3.3850336796523835e-10,0.7082020281388943,0.09593796513190253,-0.701673727245358,3.0422248997162686e-05,4.121209128973912e-06,-3.0141812642252096e-05
20417.379446695293,27.01191947238156,-82.97704529367044,2842.279573924125,-23072.08858157484,5.259586410010525e-06,4.26944782869025e-05,-0.1798485919703108,3.378572332045027e-10,0.7084655061462382,0.09049563012180241,-0.7026620199839346,3.0475757941589115e-05,3.892811851018126e-06,-3.0226111857248607e-05
20464.446367246735,26.960435222843415,-83.35035118464411,2677.2978024335066,-22964.89899566809,5.008465470467714e-06,4.2960818011368354e-05,-0.17860132285896851,3.386535183873409e-10,0.7086731614750471,0.08594972445665126,-0.7034417493018621,3.065090920049326e-05,3.71742199837914e-06,-3.0424644755573552e-05
20511.621788255656,26.928227782556768,-83.67376651768195,2539.1509629546713,-22903.19385153396,4.7817963507145945e-06,4.313190132324131e-05,-0.17771176514919182,3.387849293031473e-10,0.7087971263714751,0.08200098962007565,-0.7040377859559734,3.0758600344606593e-05,3.558473325785263e-06,-3.0552066423548304e-05
20558.905959841413,26.86209610305199,-83.83422796118572,2457.2077370756174,-22745.528885629188,4.694730677341254e-06,4.3457510987166826e-05,-0.176082490112003,3.4034869679475026e-10,0.7087962033283629,0.08003784000911862,-0.704262736497805,3.098126171204448e-05,3.4984291063428486e-06,-3.078310528614822e-05
20606.299132700005,26.836007002999427,-83.92903767806827,2412.749016758699,-22685.464358910373,4.635875421156821e-06,4.358803419192089e-05,-0.1752135968620447,3.404649885252047e-10,0.7088739906358738,0.07889002541434406,-0.7044705093118895,3.1072208976879357e-05,3.458001546462397e-06,-3.08791903392483e-05
20653.80155810529,26.78964552121584,-84.17660092280612,2303.2741942212065,-22583.5732854171,4.469575092141822e-06,4.3824125195910373e-05,-0.17402546020113568,3.4121449531316884e-10,0.7089821615976628,0.0758660382995685,-0.7049113771932064,3.123121340125989e-05,3.341957753496447e-06,-3.1051892194983554e-05
20701.413487910424,26.747427803223545,-84.16566263930648,2296.794935645556,-22477.5309504095,4.498979353377719e-06,4.4029158237575835e-05,-0.1728099465936439,3.4203577038019166e-10,0.7090349019850575,0.07601532370543397,-0.7049483405150466,3.138027340574454e-05,3.3642654744137866e-06,-3.119941148222103e-05
20749.135174549097,26.704957769553364,-84.25171256359803,2252.5583816862945,-22376.886644968377,4.4534648088549316e-06,4.4240663423116156e-05,-0.17164050889803545,3.42783942740931e-10,0.7090562004748534,0.07496784195598714,-0.705081922973705,3.1527158685949985e-05,3.3333366919389175e-06,-3.135044818351478e-05
20796.96687103696,26.694357888665266,-84.20133679879775,2269.4760778463974,-22347.761805965532,4.497815322030711e-06,4.429044502612625e-05,-0.1710228602331919,3.424412690779267e-10,0.7089868756827898,0.07558944786218709,-0.7049458314383691,3.1562351970496335e-05,3.365056308530681e-06,-3.138245461957862e-05
20844.908830972887,26.670778041836044,-84.24004436132671,2248.5630336371387,-22291.64205986606,4.4794471100404135e-06,4.440801974832977e-05,-0.17020103336653916,3.425137973775169e-10,0.7090864795231611,0.07513286365879876,-0.7050948079804435,3.1648417846225786e-05,3.3533797804975754e-06,-3.147025891563419e-05
20892.961308540394,26.639147105334168,-84.23491148368014,2242.6792990974723,-22213.383090403735,4.499180090594502e-06,4.4563665872919507e-05,-0.16921343362592295,3.429299571148466e-10,0.7090063296183494,0.07519667390891212,-0.7050074011469102,3.175603764077614e-05,3.3680212818381884e-06,-3.157692764167338e-05
20941.124558508924,26.62564747849951,-84.26800401685371,2226.5735488184846,-22182.04269904869,4.480021419412051e-06,4.46318184597064e-05,-0.1685860629674064,3.4262464194500596e-10,0.709074265766555,0.0748058002313105,-0.7051172999041595,3.1805798909453334e-05,3.3554429405862984e-06,-3.16283076837989e-05
20989.398836235243,26.625132942182795,-84.29548537122183,2215.8533373356904,-22182.301655091564,4.458775788965226e-06,4.463558480913206e-05,-0.1682002893512403,3.4183263653718664e-10,0.7090422447336354,0.07447341369732216,-0.7051202843977615,3.1805516508790814e-05,3.3406548148707556e-06,-3.162958908678464e-05
21037.784397664753,26.61971312424196,-84.34132924928821,2196.8617594024577,-22171.530573805354,4.425561275918298e-06,4.466437941091042e-05,-0.1677319540895145,3.412121259859241e-10,0.7090213138277169,0.07391623176210645,-0.7051578646970282,3.182255922636367e-05,3.3175359007766185e-06,-3.164915846057336e-05
21086.281499332898,26.594739623940683,-84.479210515333,2137.8088088387435,-22117.871134767807,4.329560038833962e-06,4.47938331123198e-05,-0.16694117082138032,3.412532594840713e-10,0.709101739228751,0.07223649524611622,-0.7054127623822788,3.19108937966153e-05,3.250776299809501e-06,-3.174488299470416e-05
21134.890398366464,26.579410663313375,-84.6106452745227,2083.738716231505,-22087.4532600959,4.233541349435641e-06,4.487517842421958e-05,-0.16632815691947778,3.4093727695587716e-10,0.7092217158292109,0.0706393183241165,-0.7056950679368775,3.196724656178023e-05,3.1839754133626957e-06,-3.180828749412253e-05
21183.611352485023,26.557092900113297,-84.7144430131651,2038.8431618961833,-22038.461432678763,4.16217290847937e-06,4.499016345835714e-05,-0.16557753145992526,3.409093084723638e-10,0.7092536941968636,0.06937316679369823,-0.705852793761498,3.2045175684271996e-05,3.134386660045112e-06,-3.1891517757880206e-05
21232.444620002192,26.51924279886805,-84.7861662089794,2002.9586136555772,-21950.091974447634,4.122854738362814e-06,4.5181682780347546e-05,-0.1645343106541785,3.4149455805260407e-10,0.709295485964712,0.0685028627994106,-0.7059797760546701,3.217978164352687e-05,3.1078826955218828e-06,-3.202935234711974e-05
21281.390459827122,26.483899384017697,-84.92379119073507,1942.8267964389295,-21871.513810671964,4.029609854903472e-06,4.536362569977119e-05,-0.16356823781989743,3.419332139588296e-10,0.7093575341664679,0.06682207075187369,-0.7062031734134046,3.2305203301543084e-05,3.043177067550232e-06,-3.216154899393943e-05
21330.449131465764,26.455565667289775,-84.89236621671226,1948.656004689235,-21801.456133321564,4.067319881412249e-06,4.550495098232443e-05,-0.16266931318856911,3.422430442249586e-10,0.7093718450025821,0.06722009810460916,-0.706179773778019,3.240808163192906e-05,3.0709908238217776e-06,-3.2262249928078176e-05
21379.620895022326,26.417079863891612,-84.83608647337121,1961.613603510116,-21705.95946527896,4.129742372911839e-06,4.569708345622566e-05,-0.1615842844180541,3.4295816276964067e-10,0.709283472497991,0.0679146322111963,-0.7060245371730548,3.25437321317235e-05,3.11609629182774e-06,-3.23942038791113e-05
21428.906011200583,26.373707188479642,-84.80453916988392,1964.0711395470646,-21600.467787250796,4.17498595150661e-06,4.591567369527153e-05,-0.16042915208276703,3.4384045683055383e-10,0.7092695445932544,0.06831141198899814,-0.705972264242436,3.270039130824934e-05,3.149451319160053e-06,-3.254837243397694e-05
21478.304741305343,26.354217213752268,-84.66270564335107,2012.9638681385206,-21546.59771368711,4.298376950041613e-06,4.6009469136660495e-05,-0.15966099625874955,3.439073268256798e-10,0.7091161122434004,0.0700530614954881,-0.7056473830592049,3.2767575957039806e-05,3.2370848355349145e-06,-3.260728930573535e-05
21527.817347243727,26.327941856108893,-84.49226211164698,2070.7421801820205,-21475.079943445628,4.448740810661052e-06,4.613662940319175e-05,-0.15876505598142265,3.4425903134277654e-10,0.7090169265752005,0.07215124282086154,-0.7053362321117131,3.2862818524058826e-05,3.3441982980018305e-06,-3.2692218937980726e-05
21577.444091526668,26.33249512025424,-84.2459250211151,2163.7141902637704,-21472.544407525216,4.645637625148772e-06,4.610297453154678e-05,-0.15838120440594203,3.4350781508172547e-10,0.7089217063719147,0.07518242972168314,-0.7049238171791412,3.284835511435583e-05,3.4836274974522166e-06,-3.2663110280220125e-05
21627.1852372702,26.3546870145802,-84.0952350441082,2225.3675813922046,-21516.935844237174,4.7557622488587785e-06,4.598315894182366e-05,-0.158343615326327,3.4201071044825925e-10,0.7088381558451372,0.07703652377655779,-0.7046395569270568,3.276792013443292e-05,3.5612172365846625e-06,-3.257382878524455e-05
21677.041048196952,26.362803122645452,-83.81182721503791,2333.3375664840296,-21520.11070309338,4.979809233882283e-06,4.592822210243486e-05,-0.1580027452393924,3.411737668983949e-10,0.708681308715573,0.0805126535309712,-0.7040929696739054,3.273867594744396e-05,3.7194118727310705e-06,-3.25267102257934e-05
21727.011788637443,26.39985185929016,-83.69180732331098,2387.9539851103814,-21601.497333981406,5.055721836683894e-06,4.573419858901951e-05,-0.15823552324335277,3.3910662600586614e-10,0.7086724903286007,0.08199584296252942,-0.7039129067472799,3.260744084033703e-05,3.772792982714061e-06,-3.238844286571466e-05
21777.09772353159,26.45714953864889,-83.64564263284983,2420.573170731123,-21736.19421052946,5.060558883257292e-06,4.5442662932216334e-05,-0.15885600535617134,3.3623012792901907e-10,0.708648653318567,0.0825697147020255,-0.7038218212475688,3.2401386690515244e-05,3.775316925329932e-06,-3.218069050815435e-05
21827.299118430015,26.495820786713352,-83.66547969517529,2423.4377812667603,-21830.628121676906,5.023196023285853e-06,4.524957282349514e-05,-0.159179216700803,3.340057166548636e-10,0.7086104582661875,0.08233113036274452,-0.7038113145846755,3.226072673992989e-05,3.7482682732637616e-06,-3.2042237355404377e-05
21877.61623949553,26.56411557204911,-83.94049565354437,2336.726442917043,-22012.531827249775,4.768714170608701e-06,4.492244814268474e-05,-0.16013642491588273,3.304837688687714e-10,0.7088733620081726,0.07899080653198538,-0.7044585834867769,3.202268876381078e-05,3.568335542487202e-06,-3.18232552879198e-05
21928.049353504484,26.602971134226514,-84.28312158504784,2215.1478409920164,-22126.962401671186,4.479486309046008e-06,4.47452866598167e-05,-0.160598664526066,3.2801849656756417e-10,0.7090767194123879,0.07480784159181046,-0.7051195507493809,3.188587712994202e-05,3.3639711755440866e-06,-3.17079305265397e-05
21978.598727848253,26.630197984033444,-84.62703216482545,2089.1364189388787,-22212.606375100302,4.197038865093679e-06,4.462474130754748e-05,-0.1608494766808033,3.260022601483021e-10,0.709279371454549,0.07060392859242554,-0.705756552954541,3.179053103403354e-05,3.164530752444169e-06,-3.163263518176575e-05
22029.264630534562,26.639449560426982,-85.1723038701968,1880.3684391547324,-22263.64042246031,3.766722423776401e-06,4.45981499518644e-05,-0.16084823909844273,3.2450691258973436e-10,0.7096211804513781,0.06392474944997742,-0.7067360512616891,3.175990717774485e-05,2.861025241101844e-06,-3.163077992254928e-05
22080.047330188994,26.64312020417046,-85.6063033496253,1712.9448948282609,-22293.768884789773,3.4262576922914462e-06,4.4592325977501397e-05,-0.16069546704781512,3.233230277416039e-10,0.709843761063617,0.05859770655618009,-0.7074210018845194,3.174631876220388e-05,2.620663268603213e-06,-3.163796578454519e-05
22130.947096056378,26.608049239960554,-86.18704661917924,1481.8042393837866,-22233.62029243754,2.9843219705014103e-06,4.4778034614140503e-05,-0.15989331848343108,3.234520791793244e-10,0.7101715320245222,0.05145795956085534,-0.7083047954771239,3.1870063768511e-05,2.3092568184573354e-06,-3.178629103175402e-05
22181.96419800219,26.57452873075108,-86.52802696110551,1344.8267350452247,-22165.655769634363,2.727152611305246e-06,4.494937856170648e-05,-0.15903793059626462,3.2369765055390217e-10,0.7103351841579951,0.04726243469283976,-0.7087611276866684,3.1987264110399265e-05,2.1282853710989817e-06,-3.191638241793081e-05
22233.09890651403,26.528978818990545,-86.90127171196093,1194.7263472921386,-22069.060974936234,2.4458499671959607e-06,4.517989595185068e-05,-0.15798068268964763,3.2436671089323064e-10,0.7105932748247455,0.042669630511125926,-0.709311007145808,3.2150961014735904e-05,1.9305975382538502e-06,-3.209294450991302e-05
22284.35149270303,26.472068593575205,-87.28822525269926,1039.419249382007,-21944.986723582188,2.1535100171606424e-06,4.5466493682688217e-05,-0.15673119831590274,3.25450399661485e-10,0.7107769117715081,0.037897888864979946,-0.7097658545795366,3.235217822672826e-05,1.7249846395836742e-06,-3.2306158298491494e-05
22335.722228305316,26.425791585409783,-87.53429392697277,940.5296676959541,-21841.658311186315,1.9678714580082893e-06,4.569933034802234e-05,-0.15563445184432848,3.262379826314717e-10,0.7109461319998742,0.03486745375586985,-0.710090602158742,3.251927967213805e-05,1.5948669373204675e-06,-3.248014701085839e-05
22387.2113856834,26.3674316002475,-87.69254757400748,874.6585098816062,-21706.685887350202,1.8533050792051302e-06,4.5994077406486176e-05,-0.15431695790946806,3.2751154210187123e-10,0.7109473356657051,0.03291594487269072,-0.7101849439852289,3.272530457439706e-05,1.5151394024203366e-06,-3.269021125778e-05
22438.81923782766,26.324934675626427,-88.02063517946878,747.0351407357037,-21615.485681962367,1.5969547874716734e-06,4.620793783454398e-05,-0.15331517033734307,3.281369472601781e-10,0.7111361008263122,0.028866317265542604,-0.7105499909408034,3.28791480132823e-05,1.3346248585458188e-06,-3.285204941196633e-05
22490.546058357806,26.27092593624824,-88.09689399028588,714.0442258712953,-21489.435529707727,1.5445282810124808e-06,4.6483172492750615e-05,-0.1520705579994849,3.2930257275997317e-10,0.711160226297056,0.02793144153804531,-0.7106114986689187,3.307461776934433e-05,1.2990346175964989e-06,-3.304909756181723e-05
22542.39212152429,26.22043164147446,-88.28486911417167,640.0640593650761,-21375.636596592605,1.3995747657878454e-06,4.674032410586956e-05,-0.15091735640759005,3.302942963169314e-10,0.7112273583946778,0.025612294767744893,-0.7107660414551342,3.325728146250974e-05,1.1976413532716987e-06,-3.323571009419729e-05
22594.35770220978,26.18026898970935,-88.30272287460991,630.6152987245355,-21281.748951660407,1.3911331837988496e-06,4.6947397622307784e-05,-0.14990891035447534,3.309884322783191e-10,0.7112398493825033,0.02540122926514858,-0.7107861147359769,3.340489484586522e-05,1.1930228505822478e-06,-3.33835842314947e-05
22646.443075930594,26.12021789319353,-88.45085789910337,571.864932807245,-21145.55048286636,1.2780208890203332e-06,4.7256709891750204e-05,-0.14860695220276232,3.323541729335615e-10,0.7112634484823909,0.02357422423158293,-0.7108726672892564,3.362363175907346e-05,1.1144267799221727e-06,-3.3605158318656464e-05
22698.648518838214,26.06243713386563,-88.55341392854224,530.6727571853916,-21014.199593911606,1.200948042717607e-06,4.7556543142403466e-05,-0.14734417944376868,3.3366240725417835e-10,0.7114454832104404,0.022317494962964923,-0.7110953557710211,3.384403911698144e-05,1.0616613505102604e-06,-3.382738327048964e-05
22750.974307720706,26.03538606606869,-88.58200376415186,518.6521673273223,-20952.462429708004,1.1807012528879288e-06,4.769786033927999e-05,-0.14657341353963915,3.3387589180133233e-10,0.7113751161268922,0.021970534802338758,-0.711035759610618,3.394082499610885e-05,1.0482487507534407e-06,-3.3924633763285215e-05
22803.420720004186,25.991705360808798,-88.6632435673619,486.6308994794067,-20854.0889775524,1.118357920826789e-06,4.792612966957582e-05,-0.14554971314211954,3.346793442933636e-10,0.7115031076677648,0.02097617298887427,-0.7111938360163337,3.4108226874332586e-05,1.005561408726627e-06,-3.4093400926927536e-05
22855.9880337543,25.96059511279797,-88.75691327596998,451.025717373082,-20785.207271678486,1.0434896404239304e-06,4.808849612475578e-05,-0.14473530855860617,3.35016172019557e-10,0.7115084847931811,0.019823694827248405,-0.7112322722262289,3.42227761869394e-05,9.534979354017288e-07,-3.420949066602032e-05
22908.676527677722,25.916228219391108,-88.78863394998122,437.38991954997334,-20684.798181672886,1.0218144752027615e-06,4.832307571337673e-05,-0.1437048479642229,3.3586816670249124e-10,0.7114814200722951,0.019439307259150017,-0.7112158072212498,3.4387998666448116e-05,9.39559141314471e-07,-3.437516081276726e-05
22961.48648112362,25.864587452016586,-88.78633654512481,435.7365826471951,-20567.590572799218,1.0295852347533876e-06,4.8598369775513626e-05,-0.14256192471869433,3.3700528619010657e-10,0.7115441113685363,0.019479678839600056,-0.7112774174227282,3.458697893459309e-05,9.468748752372545e-07,-3.4574015384282896e-05
23014.418174085087,25.836931893350233,-88.79691023920878,430.6330398732673,-20505.39380864333,1.0237163028819194e-06,4.874615738982749e-05,-0.14180392308880388,3.3725004575002854e-10,0.7115108382296476,0.019357671833564946,-0.7112474628843605,3.4690397533118384e-05,9.438019705966515e-07,-3.4677556413999016e-05
23067.47188720069,25.789783766249382,-88.91404393989346,386.740497184195,-20402.24795533514,9.287687301110005e-07,4.8996601242567685e-05,-0.14076612418371742,3.3817547620502567e-10,0.7115639490600811,0.017915102789084654,-0.7113383883174268,3.486980234818694e-05,8.779198189115791e-07,-3.485874886729565e-05
23120.647901755943,25.762116624361028,-88.88104884327171,397.2682361506051,-20339.49319196906,9.599264062190563e-07,4.914668434926693e-05,-0.14001038791131706,3.3843868927871947e-10,0.7115529612322499,0.018334666681254164,-0.711316706282139,3.4976457566705044e-05,9.012423896964906e-07,-3.496484443080696e-05
23173.946499684786,25.717352960677783,-89.00807846578846,350.48296947512625,-20242.718797410627,8.550648703308514e-07,4.938567414437583e-05,-0.13902374195396328,3.3927455497912303e-10,0.7115806399718559,0.016768458767071732,-0.7113830374512264,3.514646899942389e-05,8.282295542052889e-07,-3.513670899405642e-05
23227.367963571076,25.679423989244718,-88.98246697201638,358.0285241973523,-20157.937056151586,8.80822659003238e-07,4.9592606504257545e-05,-0.1381230680141413,3.3991790926564306e-10,0.7116015886876399,0.017097209293602523,-0.7113961670244954,3.52950497892344e-05,8.480122344689526e-07,-3.5284860987039845e-05
23280.91257665008,25.661231715668194,-88.9567699668285,366.3281238115655,-20117.07412041434,9.048917789038721e-07,4.9692540113372705e-05,-0.1375260431165919,3.398249921855618e-10,0.7116008036425365,0.01742652865576368,-0.7113873908382926,3.5366415577894844e-05,8.660949388548312e-07,-3.535580900481918e-05
23334.58062281002,25.61460009662997,-89.05536158819807,330.0448859091873,-20016.617299308717,8.235189162156727e-07,4.994491261157197e-05,-0.13652457006446467,3.407449638272595e-10,0.7116669003596047,0.016214195773822614,-0.711482169082863,3.5548267456466234e-05,8.099106023732494e-07,-3.553903999790399e-05
23388.37238659355,25.58723731625463,-89.0679201361125,324.6839404689407,-19956.850374253976,8.150079918507659e-07,5.009484769617932e-05,-0.13580386583157492,3.4097939072315176e-10,0.7116579852522994,0.01606837561890418,-0.7114765598938111,3.565440576182754e-05,8.050333111160932e-07,-3.5645316264511306e-05
23442.288153199228,25.55631227339005,-89.11331481780661,307.837549133617,-19890.243603331182,7.779243642677924e-07,5.026386532052601e-05,-0.13503931732620086,3.413343767577844e-10,0.7116281887340389,0.015514381393862865,-0.7114590522095102,3.5772750996610726e-05,7.798905541620235e-07,-3.576424869319979e-05
23496.32820848307,25.52220176631601,-89.03879520918707,332.43784053501406,-19814.19409176415,8.465164325764913e-07,5.0454668066500566e-05,-0.1342136058496131,3.4185640308457774e-10,0.7116359999527595,0.01645025800382359,-0.7114458415370573,3.590968919576474e-05,8.300924238608787e-07,-3.590009365871169e-05
23550.492838960086,25.485647760777393,-89.05388583340718,325.91329482076725,-19735.20708279706,8.365661263265432e-07,5.0657048987790136e-05,-0.13337112652577637,3.42435233904841e-10,0.7115975416225152,0.016272397583948897,-0.7114114634443819,3.6051618290790376e-05,8.244073820644344e-07,-3.604219102459295e-05
23604.78233180577,25.45103421351368,-89.09953032861748,309.0277062287771,-19661.434559209858,7.992078480733814e-07,5.0848427138985286e-05,-0.1325669711497265,3.429295657437831e-10,0.71173929376488,0.015719204109620154,-0.7115656884020549,3.619455897260367e-05,7.993793024106811e-07,-3.618573050184509e-05
23659.196974857587,25.427295684504728,-89.13111120439198,297.42310306418176,-19611.004598510197,7.73170252025087e-07,5.098005236204963e-05,-0.13192283424359866,3.430206694015187e-10,0.7117028215562861,0.015336658506107246,-0.7115375556617133,3.628607969332132e-05,7.81937623297521e-07,-3.627765363227531e-05
23713.737056616555,25.383203468769967,-89.14340648886568,291.8032229960416,-19516.663669417387,7.659172556232038e-07,5.1226814163063675e-05,-0.1309862502158051,3.438860460069135e-10,0.7116438902248626,0.015193183275593457,-0.7114816889255341,3.6458576980249625e-05,7.783694199260799e-07,-3.645026716597441e-05
23768.40286624876,25.35540540116104,-89.15555479151419,286.79254403898585,-19457.52359798829,7.573530598704192e-07,5.1382838712969176e-05,-0.1302889840084481,3.441379488019445e-10,0.711684084582163,0.015053676888212601,-0.7115248576541067,3.657156794936291e-05,7.735687492973049e-07,-3.656338569751137e-05
23823.194693586902,25.33152956380149,-89.10323718657655,303.7486908308475,-19405.46221367959,8.064176767068074e-07,5.151925992165624e-05,-0.12964152264270018,3.442675906081032e-10,0.7116354124078491,0.015712821774171847,-0.7114619226808857,3.666666281618747e-05,8.095953740343307e-07,-3.665772384377305e-05
23878.11282913178,25.292539188683456,-89.18284421706812,275.6254076198659,-19324.469282247173,7.379310028621421e-07,5.173733844194235e-05,-0.12880351269405396,3.4491537671788214e-10,0.7116951672902356,0.014736081716382536,-0.7115425911636805,3.682419406645119e-05,7.624673565920933e-07,-3.681629954481833e-05
23933.157564053876,25.261779787895264,-89.15378951261073,284.45655729119903,-19258.772355742913,7.667680617808515e-07,5.191306430800469e-05,-0.12807038979685925,3.452959877054614e-10,0.7116315334346414,0.015106123665474702,-0.7114711831173083,3.694623217562501e-05,7.842743414202442e-07,-3.693790716503276e-05
23988.329190194898,25.230281523634943,-89.18013213916778,274.6587378870289,-19192.986019880773,7.454515077706968e-07,5.2091699238153795e-05,-0.12733936463595985,3.45682651642899e-10,0.7116599421201147,0.014790197269390772,-0.7115062355897787,3.7074594205268456e-05,7.705092411762902e-07,-3.7066586718965466e-05
24043.628000069333,25.213467335342532,-89.11731132461574,295.14099432122487,-19156.239291164886,8.040923863560609e-07,5.2189924346720224e-05,-0.12680325008485763,3.455491891616806e-10,0.7116955548521021,0.015581704065537598,-0.7115249632266288,3.7146963131206204e-05,8.132873424566694e-07,-3.713805909804378e-05
24099.054286865958,25.180811991224417,-89.21929189099028,260.1361768994546,-19090.08298983311,7.136815743149693e-07,5.23734939306555e-05,-0.12607470134304474,3.4594918773478455e-10,0.711682481839608,0.014325620731216172,-0.711538285370541,3.727597000183954e-05,7.503365928780759e-07,-3.726841738758743e-05
24154.608344449403,25.140457110283528,-89.22217221568133,258.0339923537783,-19005.942936335083,7.141970264466214e-07,5.2605425378738576e-05,-0.12523033796717814,3.46681534858396e-10,0.7116850897464059,0.014300572348266873,-0.7115413976697784,3.74411513252485e-05,7.523410298224929e-07,-3.7433591806491174e-05
24210.290467361778,25.111651747510013,-89.21004231296006,261.2292465461943,-18945.805780547787,7.276341569908863e-07,5.277209807058943e-05,-0.12454698323005159,3.4698208371263556e-10,0.7116839295208264,0.01446188022238767,-0.7115369769440222,3.755982208616477e-05,7.632400081733339e-07,-3.755206651882523e-05
24266.100950824155,25.08439799387313,-89.25878945689652,244.3905679742889,-18890.404472188446,6.847455894925213e-07,5.292807023314286e-05,-0.1238971705774564,3.471993270276895e-10,0.7117116793758379,0.013867759889187096,-0.7115765593354177,3.767186999618339e-05,7.340394471844308e-07,-3.766471790813413e-05
24322.04009073816,25.06025894697869,-89.10630009342152,293.84607351796956,-18837.16703389714,8.279098452568711e-07,5.307362408284113e-05,-0.12326384777377604,3.4737978564869677e-10,0.7116061995082058,0.015769933356390663,-0.7114314389879375,3.7771300836645323e-05,8.370513036420097e-07,-3.776202473394978e-05
24378.108183687527,25.031807917094152,-89.11931566026448,288.6697243260262,-18778.86723982672,8.183891114907896e-07,5.3238767976402165e-05,-0.12259973269315394,3.476568092905789e-10,0.7115873166284157,0.015618672742209449,-0.7114158883861119,3.788768756822239e-05,8.315991295220793e-07,-3.787856005915498e-05
24434.305526939715,25.00978462436049,-89.17603737700792,269.44260180522343,-18734.90280308217,7.674914670565791e-07,5.336527312742568e-05,-0.1220313950060599,3.4767117659327074e-10,0.7116342167571984,0.01492615187209902,-0.7114776654610616,3.7979655635590574e-05,7.966032193478169e-07,-3.797130055066552e-05
24490.632418447454,24.965110109449796,-89.26350768640039,239.68564208841028,-18645.4346761921,6.893269111623217e-07,5.362357035920186e-05,-0.12116931258082746,3.4853598118619535e-10,0.7116905618284015,0.01385187470595718,-0.7115557471925557,3.816570814407932e-05,7.428321178205893e-07,-3.815847846264021e-05
24547.08915685031,24.945035587145096,-89.15486472366871,274.4087377035479,-18602.137064679428,7.928257760318346e-07,5.3745569028082514e-05,-0.12060990396861276,3.4854374368513666e-10,0.7116250860756972,0.015210527684394346,-0.7114625098905814,3.8250016734632283e-05,8.175694615813246e-07,-3.824127822621963e-05
24603.676041476276,24.915969259550295,-89.21069133638665,255.4830221193199,-18544.295236821803,7.427778704321686e-07,5.3914706387960325e-05,-0.11995834476605262,3.488267636880889e-10,0.7116434053960914,0.014528541707442817,-0.7114950863636381,3.837084015704194e-05,7.833591196716336e-07,-3.836284299744858e-05
24660.393372343387,24.908266579230354,-89.28327141615566,231.81185350159484,-18530.23354940468,6.75003294223947e-07,5.3957416325568555e-05,-0.119591695943607,3.48288583144376e-10,0.71171963947968,0.013639588842340613,-0.711588931081209,3.8404706974415554e-05,7.35998255049634e-07,-3.839765389134194e-05
24717.241450161306,24.861998338529926,-89.17153640808174,266.5673492167689,-18434.267706952356,7.842677738311694e-07,5.4235457340211544e-05,-0.11869871618791099,3.4929650606720306e-10,0.711637033706298,0.015036435257240424,-0.7114781608433625,3.859913603251789e-05,8.155750508311902e-07,-3.8590518781085115e-05
24774.220576332864,24.84274104215599,-89.29445254308212,226.5685064190443,-18398.143026320264,6.692458752617779e-07,5.4345069963378273e-05,-0.11819364396665853,3.491774113026541e-10,0.7117747739411432,0.013523633267780995,-0.7116462886590529,3.868351798213775e-05,7.349820896312084e-07,-3.867653506717342e-05
24831.331052955706,24.813505112563085,-89.19152480625682,258.76510515004253,-18337.19143363678,7.694025098401006e-07,5.452312089869206e-05,-0.11753114051202927,3.495322984011275e-10,0.711604945154069,0.014809466860532035,-0.711450825889627,3.8801913834426326e-05,8.075206067205482e-07,-3.879351012326633e-05
24888.573182823904,24.781756082954274,-89.1945990755862,256.8886323267056,-18273.712543258505,7.691401646732422e-07,5.471260502036705e-05,-0.11685489797008825,3.4993980278572735e-10,0.7116960775743861,0.014784178147922006,-0.7115425039386313,3.8941715078412545e-05,8.089425686692751e-07,-3.89333120241376e-05
24945.947269429547,24.763050930794115,-89.23987220033867,241.9643799799363,-18237.360093633255,7.273627401058321e-07,5.4822847111222685e-05,-0.11635421082628537,3.4983089275997296e-10,0.7115907453574264,0.014230849857154372,-0.7114484322778993,3.9013979620236486e-05,7.8022668215955e-07,-3.900617710225746e-05
25003.45361696432,24.731732015663383,-89.22656055541343,245.35697672265502,-18174.745842130476,7.426472502377202e-07,5.501137650014642e-05,-0.11568804392091533,3.5022874289981395e-10,0.7115846223859417,0.014407060286660917,-0.7114387615459532,3.9147924931908214e-05,7.926063841859948e-07,-3.913990037792723e-05
25061.092530321137,24.70579862378805,-89.2350141004873,241.99052472805008,-18123.486816024903,7.366096903345481e-07,5.5167184857081e-05,-0.1150964392051665,3.5041151999262484e-10,0.7116551498263157,0.01431457942768777,-0.7115111700389,3.926261250333348e-05,7.897473732251647e-07,-3.925466901749908e-05
25118.864315095794,24.68862162403711,-89.19428622421052,254.38523853399332,-18088.606916568897,7.773127288120418e-07,5.527248547815264e-05,-0.11461072317222748,3.5027973334906104e-10,0.7116104057336835,0.014830505049996423,-0.7114558494161248,3.933546104554959e-05,8.197810894551222e-07,-3.932691768536305e-05
25176.76927758856,24.652899465474512,-89.20870539781644,248.86327321219588,-18018.458140279283,7.663774555920578e-07,5.5488059467356205e-05,-0.11390368034522179,3.508346716474969e-10,0.7115478885571653,0.014661289273349315,-0.7113968261856412,3.948526547784633e-05,8.135852955442919e-07,-3.947688271410088e-05
25234.807724805756,24.610802029215666,-89.22875726483237,241.44920572273202,-17936.227182374547,7.503862995790432e-07,5.574298371992505e-05,-0.11312308172207802,3.5163252198583557e-10,0.7115727252360283,0.014423967515531998,-0.7114265193686128,3.9667860434696743e-05,8.04089181651721e-07,-3.9659709934069486e-05
25292.979964461447,24.592878576841237,-89.1806786172361,255.98624723790033,-17900.09652896249,7.987614148040782e-07,5.5854197570684006e-05,-0.11263555533627762,3.515319138953552e-10,0.7115190198003768,0.015030977554625862,-0.7113602359223078,3.974446132603037e-05,8.39609468598413e-07,-3.973559187978158e-05
25351.286304979072,24.576514011373142,-89.07895279458539,287.2241066612276,-17865.87202820519,8.996223085713794e-07,5.59581757446699e-05,-0.11216163991558965,3.5139527119001974e-10,0.7114789048129079,0.01630421319435191,-0.7112920670342725,3.98172741268067e-05,9.124505614851939e-07,-3.980681791932276e-05
25409.72705549305,24.545559732979886,-89.07659152255792,286.9879059114815,-17805.524308354918,9.049847327482646e-07,5.614775858397817e-05,-0.11152568470447106,3.517753185935942e-10,0.7115342403877815,0.016346017656449167,-0.7113464577482566,3.9955302075637446e-05,9.17889872511531e-07,-3.994475737987876e-05
25468.302525850417,24.526739436952546,-88.98750749967817,313.99819784714657,-17766.9452092804,9.944111899015433e-07,5.626672142582362e-05,-0.11102809662441077,3.5172834504044304e-10,0.7114342907463572,0.017460798441459743,-0.7112199874634846,4.0035380120440474e-05,9.825920846138448e-07,-4.002332037929155e-05
25527.01302661247,24.504378973011605,-88.99031084510726,312.3660647644199,-17723.67702541871,9.940799509901568e-07,5.640418078731216e-05,-0.11050297210327314,3.517760793563578e-10,0.711456998019954,0.017437826855590494,-0.7112432651534348,4.013442830553851e-05,9.83695730996889e-07,-4.012237129235047e-05
25585.85886905645,24.483732154676154,-88.95974937385901,321.08539370952565,-17683.062152946593,1.0265082339447335e-06,5.6532652238231205e-05,-0.10999618050916149,3.517731261124355e-10,0.7114091614128292,0.01782729791631569,-0.7111857580063788,4.0223517002257545e-05,1.0079665257854568e-06,-4.02108856345368e-05
25644.840365177177,24.472300350032224,-88.90569499272382,337.3284510649074,-17659.74410486825,1.0812490227092834e-06,5.66053085484056e-05,-0.1095984817220492,3.5142748575579587e-10,0.7114088530346667,0.018509555009373055,-0.7111680199147421,4.02758986352973e-05,1.0479050944642111e-06,-4.026226404207467e-05
25703.95782768863,24.452165927276216,-89.00112658532198,307.2667754932229,-17623.15979724369,9.890449779190108e-07,5.672626877588503e-05,-0.10911988781775533,3.513470831798684e-10,0.7114951669789128,0.017338462935620563,-0.7112838746501857,4.0365628769050664e-05,9.836721186132062e-07,-4.035364141045853e-05
25763.211570025753,24.439051387342772,-88.99070467895041,310.0248758213142,-17597.703250669754,1.00080574764708e-06,5.680796585112986e-05,-0.10871165855218752,3.510460912448267e-10,0.7114478043694252,0.017478054601873783,-0.7112330813097841,4.042119673274333e-05,9.930227899067664e-07,-4.040899715466675e-05
25822.601906345957,24.42038015185115,-88.99082925705474,309.35547405596395,-17561.874638044414,1.002723796439481e-06,5.692386618789376e-05,-0.10824080271779535,3.509532422346491e-10,0.711423132860361,0.0174873025837994,-0.7112081750213459,4.0502253921087525e-05,9.955751182790882e-07,-4.049001608881026e-05
25882.129151530917,24.39045482535818,-89.07800857844958,281.7365002431099,-17506.582675928123,9.190262024118188e-07,5.7106580723419166e-05,-0.10765185326169718,3.512519569577731e-10,0.7115454452635711,0.016419382030445486,-0.7113559759846486,4.063819730796734e-05,9.377532961102329e-07,-4.0627376228313324e-05
25941.793621188135,24.37307828819284,-89.10689787028475,272.40022809490875,-17474.059028556512,8.91896262746809e-07,5.7213784480226645e-05,-0.10720472573657604,3.510963650585838e-10,0.711449147037593,0.016069985276391807,-0.7112676320441801,4.070864576734726e-05,9.195138413294812e-07,-4.06982596004665e-05
26001.595631652723,24.333837765005264,-89.09372632338031,275.2330615671013,-17399.134549139955,9.089429937060788e-07,5.745974467945419e-05,-0.10649955134467205,3.5179728630849904e-10,0.7114838841493712,0.016245769483466743,-0.7112983849118216,4.088579006629077e-05,9.335715613017674e-07,-4.0875130256486394e-05
26061.53549998895,24.310909345474087,-89.22580510354872,234.56748479377202,-17358.56048072187,7.783252160280127e-07,5.7597946057917964e-05,-0.10600682778141311,3.5180857818304503e-10,0.7116000597042985,0.014619930730203583,-0.7114498595098641,4.098942969170636e-05,8.421340254135409e-07,-4.098077789323404e-05
26121.613543992065,24.28246433406936,-89.13441823731318,261.41793002875744,-17302.81901193864,8.729764317260207e-07,5.77808614664714e-05,-0.10542339471245399,3.521301944770895e-10,0.7115145085667764,0.015764315906046097,-0.7113398500330456,4.111559120658819e-05,9.109570650219241e-07,-4.1105498385166904e-05
26181.83008218985,24.2620468898569,-89.11889735113934,265.5091209536796,-17263.996268828014,8.906233328651513e-07,5.791031901385253e-05,-0.1049449307049434,3.5211035581363555e-10,0.7116037026135612,0.015970573478273895,-0.7114244656715881,4.1213041526680234e-05,9.249472783061608e-07,-4.1202660889950096e-05
26242.18543384442,24.225284043592467,-89.19395022117408,241.94139230143895,-17196.588234585517,8.179742545414823e-07,5.813956143691355e-05,-0.10429474438209022,3.5267756958049866e-10,0.711542865419017,0.015048953969566896,-0.7113837068088692,4.1371846384138435e-05,8.750042226960567e-07,-4.1362592288721616e-05
26302.679918953814,24.21382019088302,-89.24138380206512,227.43118861689402,-17176.12384001629,7.707677922067789e-07,5.8210147567492304e-05,-0.10393104507678894,3.522856629303599e-10,0.7115807952052841,0.014472400996138394,-0.711433607383283,4.142381013081799e-05,8.424932137581758e-07,-4.141524177086053e-05
26363.3138582538,24.18502981765869,-89.28148647972975,214.74313904881222,-17123.171957720173,7.322890854311797e-07,5.839121095156163e-05,-0.10337234056144567,3.525623348083651e-10,0.7115691012138811,0.0139858613656243,-0.7114316421724521,4.1551596789335956e-05,8.166949228467089e-07,-4.1543569961506084e-05
26424.08757321946,24.160843734017817,-89.224462970239,231.16136333327628,-17076.891394797574,7.925342558172452e-07,5.854793905906834e-05,-0.10285583827991926,3.5270475546004805e-10,0.7115601375876589,0.014705389403816695,-0.7114081675987775,4.166313656754434e-05,8.610272198316588e-07,-4.1654238449076935e-05
26485.001386067008,24.13376569553771,-89.23256514210077,228.0745905382866,-17026.76107480174,7.865655160647642e-07,5.8720539978190424e-05,-0.10231803088841694,3.5292960473116024e-10,0.7115185198099838,0.014615630635475324,-0.7113683907608754,4.178343217994837e-05,8.582927842660351e-07,-4.177461595553958e-05
26546.05561975539,24.098511500842704,-89.25894878698229,219.39596918322442,-16962.06943215096,7.624270902625636e-07,5.8945208930371145e-05,-0.10169485191561728,3.534608317080919e-10,0.7115729659638546,0.014300873943428192,-0.7114292451783599,4.194624886992356e-05,8.430168741386888e-07,-4.193777672704504e-05
26607.2505979881,24.08711995917995,-89.20595272832067,234.78062512287593,-16939.895376133485,8.180077002705512e-07,5.9020904523967636e-05,-0.1013283230690152,3.5310950488872513e-10,0.7114817440793458,0.014968739343852198,-0.7113242643131497,4.199524603365454e-05,8.835305990488118e-07,-4.1985950782466774e-05
26668.586645214793,24.054037929493436,-89.2854453677418,210.53537397825966,-16880.672833824436,7.387168767771323e-07,5.923013163092989e-05,-0.10074184132672447,3.535333420703257e-10,0.7115693264139091,0.01399532683539877,-0.7114316812736938,4.2148530712383975e-05,8.289880424223497e-07,-4.214037754978348e-05
26730.064086633116,24.037075353693247,-89.30990130425296,202.95994345753826,-16850.033059987647,7.147362579921897e-07,5.9338455515779495e-05,-0.10032770756056503,3.5336161759766767e-10,0.7116738729577012,0.01370547870826023,-0.7115418900556676,4.2231592593247804e-05,8.132997642546305e-07,-4.222376056742845e-05
26791.683248190315,24.006693331803675,-89.2831686678351,210.11978060990907,-16793.83689527011,7.449019245457137e-07,5.95363339304932e-05,-0.09976312912484983,3.5372862076414385e-10,0.7115773896939419,0.014047392102791824,-0.7114387199884151,4.2366917133725146e-05,8.363738165147506e-07,-4.235866081753508e-05
26853.444456585075,23.970096003414078,-89.27688965893455,211.11629446018364,-16726.94987276374,7.544302034707357e-07,5.9774240677258275e-05,-0.09913725441832,3.54326289417205e-10,0.71147751230177,0.014135233176042828,-0.7113370830303831,4.253029805055808e-05,8.449679288475561e-07,-4.252190354944759e-05
26915.348039269153,23.96168836949494,-89.25634373162006,216.91109220504927,-16711.204827970192,7.765922867050681e-07,5.983000979351506e-05,-0.09881614198382932,3.538444346312113e-10,0.7114915581419461,0.014402482769100392,-0.7113457709140752,4.257100929739254e-05,8.617505307724066e-07,-4.256228634156529e-05
26977.394324449204,23.931545543650007,-89.23794073716877,221.54647729144358,-16656.09252926693,7.98439050598206e-07,6.002747084192695e-05,-0.09826373246975714,3.5419873584939246e-10,0.7114898223720281,0.01464283793474715,-0.7113391277275536,4.2711580162006156e-05,8.790269749244491e-07,-4.2702533783287765e-05
27039.583641088433,23.90263551914771,-89.36993688295672,182.62419609087786,-16606.54878834382,6.621357345363056e-07,6.020992626087335e-05,-0.09774611778213217,3.5443838245320117e-10,0.7116005255900393,0.0130180062996615,-0.7114814400474563,4.284686472840075e-05,7.838397175052237e-07,-4.283969435408163e-05
27101.916318908432,23.881515911747464,-89.27257080823286,210.3390358362526,-16566.41171863089,7.662896722104873e-07,6.035337261627627e-05,-0.0972856045783039,3.544799543800647e-10,0.7115576910229602,0.014238161314403912,-0.7114152250383116,4.2947218717595746e-05,8.593673230163768e-07,-4.293861995198656e-05
27164.392688390824,23.849256902614076,-89.32878841404597,193.41600780323407,-16509.568982384997,7.09514608222729e-07,6.056262096144426e-05,-0.09672881488663454,3.5488234679577325e-10,0.7116162466686514,0.0135532382739112,-0.711487169424066,4.309914398130463e-05,8.208538949395517e-07,-4.309132639875906e-05
27227.01308077913,23.820124474924395,-89.39623947996209,173.44223614233377,-16458.74475634096,6.401963861164346e-07,6.075122846303335e-05,-0.09620925282137179,3.5515948816152904e-10,0.7115893119483638,0.01272717931841937,-0.7114754864264423,4.323115771594568e-05,7.732138287563763e-07,-4.322424247845172e-05
27289.777828080405,23.810715844195933,-89.26558151486651,210.72945614904637,-16439.192965868053,7.796378271838788e-07,6.082024278324354e-05,-0.09587395095123262,3.5476407790148797e-10,0.7115041939832214,0.014359936080632987,-0.7113592694914952,4.3276239025947896e-05,8.73422857486995e-07,-4.3267424198153916e-05
27352.687263067124,23.773181209236736,-89.31433277880924,195.9508136752679,-16373.275995485596,7.308255265202664e-07,6.10663861293917e-05,-0.09526990106043429,3.553730986390457e-10,0.7115075566550652,0.013766800383310886,-0.7113743588185245,4.345112240729908e-05,8.407260372950459e-07,-4.344298813599615e-05
27415.74171927882,23.75035056575033,-89.31849560814601,194.27933829101585,-16332.779812161454,7.2819041168184e-07,6.121790284004012e-05,-0.09481569633073536,3.554348637104829e-10,0.7114554684880658,0.013726217029864233,-0.7113230451824419,4.3555700367489995e-05,8.403266579740033e-07,-4.3547593338902975e-05
27478.941531023975,23.731182042407013,-89.34265514636799,187.00718004470443,-16299.28641005151,7.038237752941559e-07,6.134430396191644e-05,-0.09440363625729453,3.553460894422533e-10,0.711590284384817,0.013440957046467836,-0.7114633325088088,4.365368299231041e-05,8.245577418570598e-07,-4.364589491949357e-05
27542.28703338166,23.702410008484417,-89.27970371462206,204.26184957126094,-16247.099396040518,7.736899330058012e-07,6.153972104749695e-05,-0.0938849477768916,3.5566759171138043e-10,0.7115397347813649,0.014233792980412604,-0.7113973526167537,4.379020717630027e-05,8.759886666179763e-07,-4.378144456729651e-05
27605.77856220346,23.679638214405617,-89.32874697512885,189.89439068742251,-16207.970687847494,7.227618830944667e-07,6.168957057173607e-05,-0.09344343057186273,3.557062442226307e-10,0.7115892829929901,0.01363799632615996,-0.7114585811743965,4.389943137613148e-05,8.413565214332919e-07,-4.3891368107539314e-05
27669.41645411511,23.646537401064197,-89.3142277670397,193.30234012351275,-16149.50102491988,7.410656408461647e-07,6.191254756011261e-05,-0.09289219817288077,3.561730237516285e-10,0.7115052147711889,0.01382887118133257,-0.7113708125643374,4.405302736704967e-05,8.562180964514229e-07,-4.404470582003399e-05
27733.20104651841,23.625648088363363,-89.37952124388798,174.51437875335233,-16114.244665795408,6.719862328519512e-07,6.204961817803505e-05,-0.09247622329826619,3.561313272850796e-10,0.711526338585238,0.013030827855185487,-0.7114070058875743,4.4151289621424456e-05,8.08582653152618e-07,-4.4143884846351295e-05
27797.132677592883,23.594877779266497,-89.30009665520097,196.1786164418413,-16058.856894982426,7.606022463622313e-07,6.226164120162553e-05,-0.09194640630334051,3.5653773701631843e-10,0.7115495127082709,0.014029714188972989,-0.7114111864141254,4.430429906746697e-05,8.735536208766755e-07,-4.429568624517525e-05
27861.211686297705,23.58312111298712,-89.3586952798492,179.5364779631976,-16039.571447759887,6.97770766621314e-07,6.233799499884888e-05,-0.09162476886251446,3.561454261350408e-10,0.7115908403890695,0.013315196518729058,-0.7114662533580141,4.4360670698564214e-05,8.300711792904091e-07,-4.435290392594114e-05
27925.43841237338,23.552229963181304,-89.33565525801045,185.3590776292141,-15985.400684129421,7.25284534302212e-07,6.254867060794958e-05,-0.0911053032942352,3.565304317023718e-10,0.7114870054446195,0.013611639890675363,-0.7113567896464043,4.450429383222061e-05,8.51423028948269e-07,-4.44961486909868e-05
27989.81319634363,23.522970375693475,-89.3783259118719,172.91208438571894,-15935.590795068902,6.808287364120933e-07,6.27452279204785e-05,-0.0906125392239572,3.5682227885737017e-10,0.7116397085866122,0.013097028153482662,-0.711519179425815,4.465334991599309e-05,8.218009393525799e-07,-4.4645787056968756e-05
28054.33637951713,23.50203838353731,-89.37291080245986,174.0213487511075,-15899.31821745627,6.883249355140446e-07,6.288824483483503e-05,-0.090198358352426,3.5681378962029407e-10,0.7115600839685907,0.013175191545527265,-0.7114380980978784,4.475016211087971e-05,8.285905446183831e-07,-4.4742490394024596e-05
28119.00830398941,23.472456428890503,-89.34000637849883,182.5586330686097,-15847.693385552753,7.26796166314005e-07,6.309229316594856e-05,-0.08969870884662778,3.5715281013791764e-10,0.7114231538703976,0.013593563187266846,-0.7112932720775427,4.488700339849418e-05,8.576812740278761e-07,-4.487880855068024e-05
28183.829312644535,23.446096302479415,-89.36924610922408,173.9784208365162,-15803.036164038003,6.965650538861587e-07,6.327131079958405e-05,-0.0892402268501616,3.573383252783931e-10,0.7115609952245948,0.013245577746338435,-0.7114377025398511,4.502282239851758e-05,8.380916020430843e-07,-4.501502126174152e-05
28248.799749157075,23.42652301716722,-89.30078954078337,192.435996452892,-15768.103767661056,7.738605274759156e-07,6.340972231733298e-05,-0.08883816941228025,3.5730629062934873e-10,0.711459002794347,0.014106041559286213,-0.7113191493617014,4.511546584878866e-05,8.945007846271182e-07,-4.510659737887039e-05
28313.91995799379,23.39593789926044,-89.2956533346306,193.20643882520562,-15715.778071058392,7.821394433006109e-07,6.362070532573761e-05,-0.0883397201184072,3.5767142444426585e-10,0.7114054418998499,0.014181241259942827,-0.7112640825748535,4.5262214314420216e-05,9.022623996772746e-07,-4.5253220517512726e-05
28379.190284415567,23.367925524471858,-89.28153016161805,196.47945713747814,-15667.816511387871,8.002614640321115e-07,6.381506729640734e-05,-0.0878675684631341,3.57941171236252e-10,0.711425961747045,0.014369508917257426,-0.7112808279865167,4.540193326884742e-05,9.170363748960271e-07,-4.539267109166403e-05
28444.611074479155,23.352091558504554,-89.31053092372369,188.23156651437398,-15641.533651960444,7.692560139265315e-07,6.392309245264644e-05,-0.08751841927911873,3.5771800355798285e-10,0.7114623719466104,0.014022763022957168,-0.7113241657733126,4.548082750731635e-05,8.964168610605711e-07,-4.547199256203174e-05
28510.182675039097,23.320554554062607,-89.32500464154867,183.65432353860734,-15588.449139051594,7.556750080721095e-07,6.414116042581575e-05,-0.08702079407540167,3.581106371797351e-10,0.7114492950466605,0.013855406425626582,-0.7113143658996147,4.5634999040717114e-05,8.887372063538916e-07,-4.562634418430096e-05
28575.905433749467,23.295236870135483,-89.32633801639503,182.78951172247156,-15545.756190450546,7.562537293410784e-07,6.431734503621451e-05,-0.08658287127761526,3.582682145619566e-10,0.7114747791269881,0.013851966799646438,-0.7113399218022126,4.5761970790137695e-05,8.909568106534899e-07,-4.575329678349928e-05
28641.77969906581,23.285530878574004,-89.35325942776917,175.3056973017907,-15529.951909567553,7.267758248633927e-07,6.438349570427503e-05,-0.08629591590873496,3.5780797883119837e-10,0.7114721960393916,0.01353032823139346,-0.7113435287925696,4.580861654574127e-05,8.711592963720037e-07,-4.5800332218392324e-05
28707.805820246904,23.241617015425774,-89.30849747037333,186.53927536592877,-15455.321987692416,7.808199652074924e-07,6.469320711698637e-05,-0.08568369546666209,3.587088356715472e-10,0.7114660303509924,0.014098610725415836,-0.7113263256192706,4.602898978778845e-05,9.121233922890484e-07,-4.601995145370726e-05
28773.984147356696,23.230876889022518,-89.31998583374452,183.2292270344445,-15437.573181682772,7.687329812461879e-07,6.476789673369248e-05,-0.08538845606590768,3.5829529256903496e-10,0.7115118237108345,0.013969587139988256,-0.7113746733722364,4.6084980266306124e-05,9.048172162722128e-07,-4.607609696958893e-05
28840.31503126606,23.200436141018855,-89.32248825140864,181.95452463336713,-15386.80389754156,7.684317396207042e-07,6.498166786462117e-05,-0.08491189836257058,3.58650724797064e-10,0.7114390356076871,0.013949825904386856,-0.7113022590598409,4.623232663856842e-05,9.065188659656502e-07,-4.622343831824859e-05
28906.79882365476,23.16539061374851,-89.35099359859808,173.6447431009711,-15329.102106491215,7.38877567483439e-07,6.522702313863568e-05,-0.08439891211378363,3.5917277873599284e-10,0.7114734561665235,0.013609364838442979,-0.711343281417792,4.640886033093816e-05,8.877282862851503e-07,-4.640036913329736e-05
28973.435877013228,23.153056987603236,-89.36731844531656,169.05422046102447,-15308.96479930615,7.212426695442673e-07,6.531323861480527e-05,-0.08409418309143146,3.5881807106259616e-10,0.7113829109970408,0.013417772750292536,-0.7112563598541984,4.6464133817692835e-05,8.763848259036661e-07,-4.645586810151536e-05
29040.226544644513,23.138415170673532,-89.28876192788832,189.72557601636018,-15283.091323262928,8.121505445818229e-07,6.54217064546501e-05,-0.08375897226844194,3.585988755489319e-10,0.7113973680754503,0.01440605613795845,-0.7112514891732935,4.6542986026465646e-05,9.425124404654349e-07,-4.653344193759305e-05
29107.171180666053,23.098887089940416,-89.3492330246483,172.86613255273267,-15219.07883814589,7.462376470205348e-07,6.569852298010742e-05,-0.08321631845849306,3.592789434122829e-10,0.7113858668144378,0.013668009865222742,-0.7112545514860719,4.6738573079034957e-05,8.979982703217216e-07,-4.6729945565673306e-05
29174.270140011675,23.07854877622574,-89.29647027931789,186.4587707755484,-15184.52367583747,8.0856509583934e-07,6.584659863497451e-05,-0.08283641681205338,3.5926834931505654e-10,0.7113511309840154,0.014335167277627207,-0.7112066749766626,4.6842131389606785e-05,9.4396390173968e-07,-4.6832619030686264e-05
29241.523778433355,23.05012036992889,-89.26963224674121,192.9707626946466,-15137.32136779259,8.420209143470706e-07,6.605115200297524e-05,-0.08238898694573554,3.595597754016924e-10,0.7114230630327337,0.014682697582779002,-0.7112715325433527,4.699266724985388e-05,9.69857680599287e-07,-4.698265798499348e-05
29308.932452503213,23.028120077265378,-89.3970703659859,158.94616008698233,-15103.931655854845,6.966616820026632e-07,6.620059538690853e-05,-0.08201818292246074,3.59525848433619e-10,0.7114791168822623,0.013114616330802496,-0.7113582364730584,4.710147523856956e-05,8.682163140297139e-07,-4.709347269082664e-05
29376.496519615306,22.99655948168195,-89.29164093541212,186.07934703472037,-15050.302262328094,8.213747463397867e-07,6.643369293826172e-05,-0.08153899490625913,3.5997712946595205e-10,0.7113062554277464,0.01443302111273372,-0.7111598110918542,4.725682743916385e-05,9.588820328033073e-07,-4.724709816340127e-05
29444.2163379876,22.981656999468463,-89.31137083030983,180.60936735050106,-15026.45642607522,7.997686608719767e-07,6.653967681649125e-05,-0.08122256642569889,3.5971914734267196e-10,0.7113993325368502,0.014202987882966062,-0.7112575380753953,4.733820582142954e-05,9.451006388852494e-07,-4.732877048027346e-05
29512.092266663854,22.952225603548257,-89.2500992173618,196.0393988724058,-14977.43309338381,8.737640820041786e-07,6.675567846510867e-05,-0.08077138313682954,3.6006652175384297e-10,0.7112728787634689,0.014973959914167168,-0.7111152428326658,4.748406421051348e-05,9.996507603186947e-07,-4.7473540549505694e-05
29580.124665515465,22.92771022327272,-89.26031227959963,192.8599127202893,-14937.986434600107,8.641426881541751e-07,6.693227001470031e-05,-0.08037337258682763,3.601870305833778e-10,0.7113926411405284,0.014862761925359281,-0.7112373641597063,4.761757484952476e-05,9.948495915234774e-07,-4.760718127384081e-05
29648.313895243424,22.896798840434105,-89.26165874501125,191.86684094674817,-14888.172129240373,8.654560953112041e-07,6.715625927707677e-05,-0.0799211110737648,3.605610007006262e-10,0.711321729739227,0.01485765632743653,-0.7111665439597548,4.777214346457451e-05,9.978355221649837e-07,-4.776172123647341e-05
29716.660317380254,22.87341588157144,-89.26855723314874,189.59589786182732,-14850.72396500361,8.595336920539758e-07,6.732581107116884e-05,-0.07953673468957168,3.606388469675365e-10,0.7113214872984835,0.014785144492991939,-0.7111678126819633,4.7892658126355864e-05,9.954709413333163e-07,-4.788231134785539e-05
29785.164294291895,22.86496801082471,-89.16307731311532,216.71028860116564,-14834.94473641514,9.844983619309e-07,6.73940258517914e-05,-0.07926949007120443,3.6019211286633045e-10,0.7112417116748394,0.016105700593435482,-0.7110593356637335,4.793700728573124e-05,1.085508729333759e-06,-4.792471531799423e-05
29853.826189179603,22.836952540563846,-89.218213244219,201.83544750536615,-14791.247772983004,9.223738003114216e-07,6.759496207598251e-05,-0.07885422064996371,3.604253422371295e-10,0.7111696458531049,0.015433051951647304,-0.7110021702430229,4.8074399776297415e-05,1.04325980955198e-06,-4.8063078582432056e-05
29922.64636608189,22.82129925041746,-89.26229586659763,190.14303562976542,-14767.15520392504,8.717957494093845e-07,6.770662462083469e-05,-0.07854471550931952,3.601830673711113e-10,0.7112515150486177,0.014900933628109153,-0.7110954083918449,4.8158860456185e-05,1.0089426427639044e-06,-4.814829046998358e-05
29991.6251898765,22.79670569274426,-89.30369288332092,179.00592745644005,-14728.815744373447,8.250259527267327e-07,6.788409420126734e-05,-0.07816061373019649,3.6029007810040257e-10,0.7113404781237079,0.0144021933395754,-0.7111946657872757,4.8290687871023596e-05,9.777200153913058e-07,-4.828078912598808e-05
30060.763026282308,22.766450716102202,-89.23499286808283,196.00856936609952,-14679.33556903888,9.094625837659006e-07,6.811083055072681e-05,-0.0777188794267992,3.6067308376784473e-10,0.7112159555430192,0.015265532680875648,-0.7110521070434564,4.844423300636864e-05,1.0398065684480322e-06,-4.843307252152757e-05
30130.060241861218,22.7436829028616,-89.28600083891556,182.50176226293348,-14644.330161567015,8.508648732027995e-07,6.827520990241077e-05,-0.07735522314837395,3.607037189241361e-10,0.7113098323289273,0.01464774000562126,-0.7111589985935174,4.8566993150403214e-05,1.0001221073982391e-06,-4.8556694486359e-05
30199.51720402016,22.715437868408447,-89.29204510537684,180.4070617209145,-14599.852704773835,8.46233623814136e-07,6.848338498315602e-05,-0.07694290973860374,3.609704553956571e-10,0.7112029402152502,0.014583857869513822,-0.7110533969122562,4.870768487521698e-05,9.987950178583932e-07,-4.869744320203825e-05
30269.134281013045,22.698361295679543,-89.2155610535067,199.50962892661664,-14571.364057827977,9.39468091797542e-07,6.861489172199368e-05,-0.07661615280651117,3.608443608597031e-10,0.7112159813701824,0.015546673835151225,-0.711046041469197,4.880295274876288e-05,1.0667977217210529e-06,-4.8791291637124275e-05
30338.911841942703,22.664208694955825,-89.31001224839041,174.86264126201377,-14519.68819281209,8.29314902472137e-07,6.886201484000805e-05,-0.07616885404717598,3.6129574056630856e-10,0.7112771851041305,0.014389134668932558,-0.711131624140802,4.8981889578597563e-05,9.909034343369824e-07,-4.897186556660614e-05
30408.8502567628,22.638689619468995,-89.26416962578791,185.95664075875746,-14478.805564573999,8.86899863927167e-07,6.90550798974026e-05,-0.07577969756209081,3.6148259857707375e-10,0.7112753282352992,0.01497149400388132,-0.7111177447677173,4.911957089739029e-05,1.0339081533842042e-06,-4.910868842754932e-05
30478.94989627983,22.615903992070635,-89.33697069479504,167.16253126341607,-14444.731071637743,8.010541207916679e-07,6.92201252350574e-05,-0.0754274789488348,3.615019722081728e-10,0.7113448211325623,0.014082753258464023,-0.7112054067657094,4.924100837170212e-05,9.748422291070774e-07,-4.923135777215969e-05
30549.211132155124,22.581775455417418,-89.24361888575648,189.9747402786336,-14389.728015393348,9.173076171757347e-07,6.948190637474957e-05,-0.0749674462456804,3.620491618004975e-10,0.7112850870566856,0.0152537039201274,-0.7111215083134204,4.942407040049985e-05,1.0599127552869322e-06,-4.9412704033525076e-05
30619.634336906773,22.569111809219265,-89.36557457817023,159.1512024699868,-14372.563293965744,7.703502287083863e-07,6.956848109721473e-05,-0.0747058069984406,3.6164786183767465e-10,0.7113699762153399,0.013755186614739163,-0.7112369773161453,4.949027252321296e-05,9.569534235797185e-07,-4.9481019740573125e-05
30690.21988391158,22.548234047327433,-89.30598605097025,173.69455922164454,-14339.017908009884,8.446634055918428e-07,6.972955142231529e-05,-0.07436002699802476,3.616602053077642e-10,0.7112167885725911,0.014505302074570892,-0.711068855005783,4.9594764387782054e-05,1.011487707152915e-06,-4.958444864368156e-05
30760.96814740708,22.514813008104262,-89.27346231850147,181.17265004782627,-14286.76323003718,8.874729161285989e-07,6.998360636913398e-05,-0.0739186418953987,3.6214816107890533e-10,0.7113206662192786,0.01492469239695431,-0.7111640765305111,4.978307205606381e-05,1.0445317734985092e-06,-4.9772112841564133e-05
30831.87950249353,22.47625169978415,-89.29583805399079,174.86949670160914,-14227.948175261847,8.637019739775512e-07,7.027358776924344e-05,-0.07344502893393501,3.6280883726744955e-10,0.7112841284675293,0.014659818118162922,-0.7111330403957863,4.998653184370902e-05,1.0302401471622127e-06,-4.997591390861513e-05
30902.954325135903,22.451597655836153,-89.27148379303897,180.43161406024214,-14189.68137375076,8.959775586128353e-07,7.04623529582927e-05,-0.07307903017202864,3.6295057441391927e-10,0.7111469068147994,0.014972844855212742,-0.7109892664374047,5.011139197424887e-05,1.0550704647929809e-06,-5.01002837508046e-05
30974.19299216581,22.438740135323513,-89.26756323615012,181.1503022322293,-14169.93644777922,9.02053478132586e-07,7.056041475023734e-05,-0.07280949755599699,3.626203971396237e-10,0.7112203706613607,0.01503671892222243,-0.7110613987045966,5.0186351130083685e-05,1.061046739948258e-06,-5.017513347832467e-05
31045.595881283556,22.406346574741768,-89.24427809309887,186.25226205522378,-14120.07458191076,9.340110570232639e-07,7.08088355006795e-05,-0.0723864239916922,3.6306396060297744e-10,0.7111932497771782,0.015338812927701591,-0.7110278189681419,5.036137849059815e-05,1.0861798304335487e-06,-5.0349663919923455e-05
31117.163371060167,22.384989902593446,-89.26347685170049,181.10782779574427,-14088.006088426855,9.123603298534226e-07,7.097063687556515e-05,-0.07205591912555684,3.6305347749965603e-10,0.7112596247567716,0.015115704645949673,-0.7110989869787468,5.0480938956727614e-05,1.0728219864596562e-06,-5.046953785144291e-05
31188.895840939367,22.353014102914386,-89.32038078072031,166.5531336475146,-14040.72133212134,8.447201671651612e-07,7.121139189065009e-05,-0.07164890401954122,3.6343831617222156e-10,0.7111741734308517,0.01442149626064259,-0.7110279357385751,5.0645471105811704e-05,1.0270106810085982e-06,-5.063505695257686e-05
31260.79367123956,22.33240126323013,-89.23424592766573,187.22456165325903,-14007.811231953065,9.539918942721796e-07,7.137598963391885e-05,-0.07131656422129161,3.634543332355369e-10,0.7111914615615266,0.015504568037804256,-0.7110224352072032,5.076472119706532e-05,1.1067133342572772e-06,-5.075265612568026e-05
31332.857243155857,22.298477874750176,-89.25741482237196,180.90328791109766,-13957.206319533749,9.284884598734636e-07,7.163554156145924e-05,-0.0708954935155955,3.6393316404106853e-10,0.7112402233715935,0.015231921813482435,-0.7110771012341364,5.095253590248544e-05,1.0911995941205817e-06,-5.0940849996244265e-05
31405.086938762164,22.28060864670905,-89.19321058984247,196.1496006539194,-13929.039391176813,1.0107854486094655e-06,7.177822581729657e-05,-0.07058969382731767,3.6383038422928866e-10,0.7111718842542052,0.016041047900964858,-0.7109909519367427,5.1049883159968915e-05,1.1514707474220263e-06,-5.103689533821889e-05
31477.48314101316,22.259353545893003,-89.20162798633397,193.66150071415507,-13897.366521356766,1.0025220731009854e-06,7.194210849475499e-05,-0.07026719918886613,3.638208801267336e-10,0.7111442652568611,0.015949868198010583,-0.7109653772949756,5.11643384043011e-05,1.1475371367752728e-06,-5.1151468042174135e-05
31550.046233746278,22.239309693650668,-89.09899336615585,218.056393670565,-13865.24882333633,1.1339818084307795e-06,7.210492510842656e-05,-0.06994357063961215,3.638249378962286e-10,0.7109316042631185,0.0172321715197183,-0.7107227294837603,5.126615015130615e-05,1.2426330286422044e-06,-5.125108793471994e-05
31622.776601683792,22.210491110702854,-89.11819108199583,212.7547128082632,-13822.705109748018,1.1132436567848827e-06,7.232760477979555e-05,-0.06956858573262847,3.6410537376648503e-10,0.7110322147971057,0.01701039180699192,-0.7108287114698238,5.143147482009931e-05,1.2304218004397649e-06,-5.141675470470216e-05
31695.6746304349,22.1859277152489,-89.15685816353825,202.8989056372891,-13787.01815146843,1.0671978963314837e-06,7.251629436697673e-05,-0.06922938586695664,3.6420825429491007e-10,0.711067643501498,0.016545482656571114,-0.7108751230971826,5.1567686988960974e-05,1.1999031013616139e-06,-5.155372512184544e-05
31768.740706497705,22.168275728018184,-89.17525996085912,198.09872772380191,-13761.229667102167,1.0458688096954217e-06,7.265286888638704e-05,-0.0689409676252666,3.640515534713116e-10,0.7110676222595951,0.016331186983607422,-0.7108800572231723,5.1664555870473896e-05,1.1865868954411623e-06,-5.165092782160729e-05
31841.975217261253,22.149606207760996,-89.15172531039472,203.3361776203672,-13733.11464603039,1.0779071830286248e-06,7.280073371866621e-05,-0.06864188119770272,3.639578459340605e-10,0.7109901742408248,0.01663542354893363,-0.7107955335751245,5.1764367810756e-05,1.2111590489899448e-06,-5.175019679774447e-05
31915.378551007616,22.11073472392791,-89.16159293452854,200.13499786896534,-13676.020548011613,1.0698196131214256e-06,7.310502994230795e-05,-0.06819929359646154,3.646367080200088e-10,0.7110950728066,0.01652952857120055,-0.7109029309652883,5.1988263668153e-05,1.2084762256587337e-06,-5.197421615033184e-05
31988.95109691397,22.08920287073797,-89.12337979327079,208.7618054257041,-13643.578996968825,1.1212249613368694e-06,7.327739526959162e-05,-0.06788103280578758,3.646631018781048e-10,0.7110339003002578,0.017016310341427688,-0.7108302557985002,5.2106868735636276e-05,1.2470103731357926e-06,-5.209194500651824e-05
32062.69324505466,22.060977352576,-89.15876246786407,199.7381068720515,-13602.969122551753,1.0791948887269676e-06,7.349751621493295e-05,-0.06752332874951045,3.649105498912281e-10,0.7110149782671077,0.016591044230314704,-0.7108213816223619,5.226151099184259e-05,1.2194863215427291e-06,-5.2247281118370684e-05
32136.60538640318,22.034401682897347,-89.16648288477707,197.34241080362304,-13564.316080258692,1.072340509266826e-06,7.370724596972319e-05,-0.06717660212946577,3.6510874091986224e-10,0.7110035966099623,0.016509178959313416,-0.7108119029689861,5.2409691231714885e-05,1.2169291067895798e-06,-5.2395561057715e-05
32210.687912834346,22.024056619403275,-89.11829834164726,208.50449936787982,-13548.216325033682,1.135660020957889e-06,7.37929765653777e-05,-0.06694255037466179,3.6470188600471587e-10,0.7109228169160867,0.017119217838782914,-0.7107166692800247,5.2465340132093734e-05,1.263379885039147e-06,-5.245012665802023e-05
32284.94121712635,21.990777826748015,-89.16321660645268,197.18788434128314,-13500.782099527345,1.0816076131380752e-06,7.405398537008311e-05,-0.06655475047315601,3.651415071100302e-10,0.7109919241717909,0.016577885834654322,-0.7107986282617312,5.265540198589789e-05,1.2277428378907021e-06,-5.264108667020949e-05
32359.365692962827,21.96116245478738,-89.07697258967887,216.79430672278528,-13456.072998473363,1.1970119541441331e-06,7.429660159666838e-05,-0.06618178343273738,3.655121325178936e-10,0.7109314938740579,0.017660566704803916,-0.7107121030105402,5.2824633876767056e-05,1.3122403189002e-06,-5.280833238760658e-05
32433.961734934936,21.92766792603247,-89.1643102177137,195.5996470492293,-13409.56866534171,1.087542044046523e-06,7.455775067128575e-05,-0.06580137065157096,3.659361572395877e-10,0.7110391148076544,0.016594008494129515,-0.7108454555446981,5.301708492223475e-05,1.2372961475847048e-06,-5.30026451405458e-05
32508.729738543436,21.908128656588502,-89.17403700730648,192.92017722670417,-13381.648247803032,1.077130136241323e-06,7.471368110631391e-05,-0.06551334003154677,3.658562864821943e-10,0.7109136936592357,0.016484768302686,-0.7107225423793905,5.311845362713023e-05,1.2317182921784293e-06,-5.310417107710371e-05
32583.67010020087,21.87089598304817,-89.09757602048631,209.91577205212153,-13326.655217464071,1.181666725346462e-06,7.501897011689054e-05,-0.065094050063063,3.665210902057969e-10,0.7108893411172381,0.017446986757631594,-0.7106752127147674,5.3334739069172996e-05,1.308966715971814e-06,-5.331867400557938e-05
32658.783217233584,21.858299747083937,-89.13504899057718,200.93741683397846,-13309.414303620191,1.134080670664158e-06,7.511766468097812e-05,-0.06486031834037692,3.661518117337066e-10,0.7108510959328934,0.01699567566676018,-0.7106478928397846,5.340148458784116e-05,1.2767713482770245e-06,-5.338621929964376e-05
32734.06948788383,21.821454255679598,-89.1084114757389,206.3002564861695,-13256.31677847524,1.1736776978441649e-06,7.54174697766159e-05,-0.06445298050299819,3.667729159230069e-10,0.7109386277196731,0.017342637882401646,-0.7107270680755108,5.362159184331202e-05,1.3080451866840784e-06,-5.3605635241085787e-05
32809.529311311904,21.801392050985193,-89.12936955031242,201.0233107619692,-13228.231103388302,1.1485306568086299e-06,7.557844361433739e-05,-0.06416850264719698,3.6670628887037164e-10,0.7108999636287745,0.017096206922229254,-0.7106943632788044,5.3732809379859867e-05,1.2922032278376703e-06,-5.3717269240629894e-05
32885.163087598296,21.77138245583626,-89.04679823635969,219.35526427239742,-13183.957275877054,1.2616424141318911e-06,7.582876909985472e-05,-0.06380664630973058,3.6709151363531644e-10,0.7108126816729323,0.018132680340173363,-0.7105813636247059,5.390538710755681e-05,1.3751149609966946e-06,-5.388784480807889e-05
32960.97121774578,21.72878035373781,-89.11651613136465,202.40432234046753,-13125.303925122658,1.1746210526061229e-06,7.617059820673809e-05,-0.06337668224236241,3.678838840777012e-10,0.7107790932694719,0.017281749380659822,-0.7105689696062703,5.414476298870349e-05,1.3164655982519861e-06,-5.4128756474091424e-05
33036.954103681484,21.71512781398568,-89.15199438561035,194.0015649439999,-13106.822712540705,1.1290553825585702e-06,7.627942968453197e-05,-0.06314188700275856,3.675553144795472e-10,0.7109130628575103,0.016859502331826755,-0.7107131208318653,5.4231826838223556e-05,1.2861229576555328e-06,-5.4216574310342187e-05
33113.11214825911,21.683477843173353,-89.07343127301326,211.23285149912542,-13060.764371832254,1.2379716231235107e-06,7.654517540183771e-05,-0.06277528977127271,3.680031509009046e-10,0.710726590902614,0.0178439316945384,-0.7105025553210433,5.440763300158595e-05,1.3659909441531521e-06,-5.4390482601055824e-05
33189.44575526103,21.64469128395269,-89.03284261698344,219.55815849434956,-13005.702302873311,1.2976519068737428e-06,7.686744373013182e-05,-0.062366868827745336,3.6871119386527695e-10,0.7107331716311126,0.01836205883329427,-0.710495936689453,5.463783399462299e-05,1.4115889934200936e-06,-5.4619596484573506e-05
33265.95532940045,21.61993677230582,-88.98628233072009,229.50254591650602,-12970.233787928682,1.3638165108052462e-06,7.707548044114745e-05,-0.06205373631888335,3.68869143530755e-10,0.7107893165328404,0.018955591667852295,-0.7105365142212918,5.479079515347299e-05,1.4611811347310657e-06,-5.4771308029308055e-05
33342.641276323506,21.593822394172932,-88.91670846819478,244.5434675536942,-12932.473469943809,1.4616305615004935e-06,7.729709015970258e-05,-0.061730774778419296,3.690953174133199e-10,0.7106323726168586,0.019828703413566254,-0.7103556795943865,5.4937409249968284e-05,1.5329129889142476e-06,-5.491601872738881e-05
33419.50400261143,21.56792910114534,-88.88595076951121,250.77836763879458,-12895.957274451694,1.5073659445920744e-06,7.751436856954712e-05,-0.061414895504448314,3.6928914838973485e-10,0.7105644356483354,0.020222838416347887,-0.7102766038767035,5.508712567715681e-05,1.5677931310673254e-06,-5.506481126880439e-05
33496.54391578276,21.522102515930037,-88.78793291629606,271.4670562596664,-12830.639932642072,1.648261560812982e-06,7.790356182805865e-05,-0.06096329739111025,3.703154350178865e-10,0.7104243256193741,0.021448440525888544,-0.71010047657409,5.535470902098176e-05,1.6712155558993361e-06,-5.5329475411965354e-05
33573.761424295466,21.490392475900123,-88.75668065899158,277.50920692998034,-12786.425814351633,1.6965808027156226e-06,7.817111659812413e-05,-0.060613490609939306,3.707412999589015e-10,0.7103703364389615,0.021848903173420406,-0.7100342529220135,5.55412388035131e-05,1.7082852232161712e-06,-5.5514961671832306e-05
33651.15693754908,21.478110871459215,-88.60618396639724,310.62078127104195,-12766.210531063905,1.9048003751966916e-06,7.82854338010046e-05,-0.0603784741886088,3.704743369369837e-10,0.710193809423742,0.023722780062081526,-0.7097974898870328,5.5611991567033505e-05,1.8576211553146846e-06,-5.5580957617651144e-05
33728.730865886886,21.439348493075947,-88.56940674284661,317.478009532906,-12712.467150718154,1.9632842447331717e-06,7.861390622113648e-05,-0.059986009968031336,3.711848891976527e-10,0.7101972933898013,0.024193361802530122,-0.7097850919700212,5.584647710334598e-05,1.9024488526407077e-06,-5.58140635791521e-05
33806.483620598156,21.429922651808116,-88.46987419910441,339.1719172699691,-12697.321542022417,2.1022573382918827e-06,7.870061178184602e-05,-0.05977674312772311,3.707729257867897e-10,0.7100301006456056,0.025435247152005475,-0.7095743738503563,5.5897408761719904e-05,2.0024001879895814e-06,-5.586153148421497e-05
33884.41561392025,21.411186543441826,-88.2123476175729,395.30439214004497,-12665.730543664247,2.461774740843064e-06,7.887637007501524e-05,-0.0594908776607626,3.708428305048081e-10,0.7097629475883,0.02862844059086641,-0.7091853454200581,5.6008442529046335e-05,2.259112531836243e-06,-5.596286308881978e-05
33962.52725904085,21.405318195592447,-88.12995030980447,413.21134615769336,-12655.737883698486,2.577119580797992e-06,7.893139966461462e-05,-0.05930722491005992,3.702820506178491e-10,0.7096897103421437,0.029660182428192638,-0.7090696429433727,5.604429721411464e-05,2.342268818620882e-06,-5.599533040357325e-05
34040.81897010009,21.387373909451853,-88.06144384466288,427.47957859922224,-12629.723852793546,2.6768892792572785e-06,7.908768997178123e-05,-0.05904919569717978,3.7019135860080497e-10,0.7096551034878709,0.030521463467927633,-0.7089984528714831,5.6154752409516925e-05,2.4151523969796773e-06,-5.6102791883056143e-05
34119.29116219284,21.372295881790855,-87.95707919336635,449.69167856004134,-12606.712642360168,2.8259137063575524e-06,7.922201754373812e-05,-0.05880604680890907,3.7001410350930776e-10,0.7095075752677212,0.03182125583226642,-0.7087936279620032,5.62419853523055e-05,2.5224404457344706e-06,-5.6185391433776355e-05
34197.94425137089,21.37569051639312,-87.8160862810873,480.79344797661236,-12607.683600837518,3.0203468085032113e-06,7.920153048395994e-05,-0.05867531543015132,3.6913466424297857e-10,0.7094646731861349,0.033578364442166435,-0.7086696098609692,5.6229136014337203e-05,2.6612775698589347e-06,-5.616612269522438e-05
34276.778654645044,21.383005397078712,-87.80131000106775,484.4136359941742,-12617.163714463453,3.03845764741139e-06,7.914045916187636e-05,-0.05858438429086249,3.6800896056840866e-10,0.7094121778962336,0.03377370443448031,-0.7086077723510021,5.6182164440053024e-05,2.6747212345786185e-06,-5.611845924013286e-05
34355.79478998746,21.383853556861098,-87.79249838101053,486.3914436314195,-12618.059233672746,3.050394209401121e-06,7.913390608376512e-05,-0.058453792483666285,3.671365054669e-10,0.7094339343790523,0.03389883332813979,-0.7086235787408803,5.617955653371199e-05,2.684423920392243e-06,-5.611538506096316e-05
34434.99307633384,21.38467526224384,-87.77461266701117,490.3605303466949,-12618.68391230665,3.074907483089228e-06,7.912807656288337e-05,-0.05832223969105553,3.662739819151061e-10,0.7093948739922546,0.03413330613934957,-0.7085732175706928,5.617299256881287e-05,2.7028246501477154e-06,-5.6107930215313235e-05
34514.37393358563,21.38988165531602,-87.79232293384197,486.7424139667226,-12626.159680675959,3.048678999580709e-06,7.90831182146809e-05,-0.058222575015093175,3.6521520832974674e-10,0.7094015736839965,0.03392978420919757,-0.7085896996773577,5.6140924005868606e-05,2.6851497198293473e-06,-5.6076673574801265e-05
34593.9377826122,21.384612940564015,-87.8895507214074,465.11446428221296,-12621.503292490761,2.9157367245838976e-06,7.912241715846213e-05,-0.058067244349968114,3.6450966379613666e-10,0.7094931193247602,0.0327467407954131,-0.7087370015290978,5.617246556537049e-05,2.5926469469628035e-06,-5.611260169962838e-05
34673.685045253165,21.37784518232793,-87.95949491354627,449.4227813664292,-12614.102940805711,2.8209240860295406e-06,7.917584128954636e-05,-0.05789972519733905,3.6388467091900056e-10,0.7096382112923758,0.031903299463609355,-0.7089207081257944,5.621939025932142e-05,2.5274626063867426e-06,-5.61625477867876e-05
34753.61614432058,21.366734048725387,-88.06414867846486,425.93512741647265,-12601.689939076157,2.679106705595491e-06,7.926388279453393e-05,-0.05770971391255162,3.634053711557502e-10,0.7097663134663893,0.0306291886907186,-0.7091051209318807,5.628848405935664e-05,2.4290679434311915e-06,-5.6236047750767846e-05
34833.73150360118,21.353025050038443,-88.08729565311943,420.23936769093353,-12583.75199685919,2.6508939574414087e-06,7.937902703810625e-05,-0.05749502698944552,3.630863992515876e-10,0.7097940880799716,0.030359235115178688,-0.7091445299207347,5.637168192742252e-05,2.411123414823185e-06,-5.6320094168999634e-05
34914.03154785863,21.3135363610473,-88.31973210133043,367.7466318031578,-12536.26832718304,2.3379681309910096e-06,7.969997083805853e-05,-0.0571463386994596,3.6362342437829207e-10,0.7099212476021345,0.02750244652512446,-0.7093883232983919,5.6602528523241094e-05,2.1927897202052835e-06,-5.6560038087569245e-05
34994.51670283573,21.292774052239423,-88.3217458381163,366.4912239180783,-12508.471711927778,2.3403586410366023e-06,7.987724656597987e-05,-0.05688848685591728,3.635933076277351e-10,0.7099187274099138,0.027492826148611156,-0.7093861741235684,5.6728157414208814e-05,2.196895657633992e-06,-5.6685602167399816e-05
35075.18739525679,21.282982158202657,-88.43414775918141,341.6462530103876,-12497.995791447296,2.1856041341015184e-06,7.995308313520438e-05,-0.056710112095353475,3.630611321129219e-10,0.7099586487207116,0.026118026831734423,-0.7094780698286279,5.6782042767030646e-05,2.088903232916886e-06,-5.674360637182313e-05
35156.04405282981,21.254962985482496,-88.52318259054292,321.2995772472804,-12462.63257243627,2.067292879023538e-06,8.01865716463602e-05,-0.05641958961197851,3.6325394578690054e-10,0.7101084453508313,0.025036266550470004,-0.7096669567591465,5.695751756877882e-05,2.0081490387014107e-06,-5.6922105943439156e-05
35237.08710424873,21.224024564297995,-88.62752494944368,297.659823095253,-12423.824719116259,1.9273490070702294e-06,8.044433403006066e-05,-0.056114545175222935,3.63550558449243e-10,0.7103191435969713,0.023766411871972135,-0.7099214346863084,5.7154963197328336e-05,1.912335332814627e-06,-5.712296203509431e-05
35318.3169791957,21.195240471050255,-88.62239590213719,297.85148087592336,-12385.5207192839,1.940528981143397e-06,8.069277289352981e-05,-0.0558128759760061,3.638361617373746e-10,0.7102850519680993,0.023844382422795685,-0.7098847092846845,5.7328836342027375e-05,1.924538174927778e-06,-5.72965237090716e-05
35399.73410834346,21.164684302966595,-88.68456785145041,283.5087953869427,-12346.515410487518,1.858869043772444e-06,8.095182819175312e-05,-0.055509144546828995,3.641461551712358e-10,0.710285585847783,0.02308968577916137,-0.7099101914142013,5.751144854906232e-05,1.8695596562293658e-06,-5.748105306014532e-05
35481.33892335755,21.130993544409073,-88.70055266557563,279.06385359179603,-12302.491281143353,1.8428672403054565e-06,8.124254669444262e-05,-0.055184002609606875,3.6460873231756975e-10,0.7102563890987241,0.02290632268443424,-0.7098869196122963,5.771523452604704e-05,1.861361342400642e-06,-5.768521153943729e-05
35563.131856898544,21.099299602296547,-88.76794364315165,263.72411525198976,-12262.38525272861,1.7530693582820738e-06,8.151249962662003e-05,-0.054877597252176294,3.649599220858056e-10,0.710243048519284,0.02208659867753318,-0.7098995493228768,5.7904406088488973e-05,1.8006672245559345e-06,-5.7876401425857927e-05
35645.11334262443,21.067633445533133,-88.78735821852541,258.6995876406342,-12221.400839918091,1.7312476913769533e-06,8.178703407479727e-05,-0.054568387438803836,3.653416141445258e-10,0.7103926204745389,0.021866360640511916,-0.7100560101125977,5.8111231180471325e-05,1.7887026154741555e-06,-5.80836959246188e-05
35727.28381519288,21.044503740995232,-88.82879816057293,249.25836304632585,-12192.145295964414,1.6761311515799585e-06,8.198575279641449e-05,-0.05431255845769534,3.653759874311339e-10,0.7103804635951794,0.021368179127537825,-0.7100590144336423,5.825053869891052e-05,1.7521708562965336e-06,-5.822418016600678e-05
35809.643710263605,21.00419124325179,-88.7757046367222,259.417567561889,-12138.630877687932,1.7597933104519102e-06,8.234400475404981e-05,-0.05394979972945743,3.661427393353656e-10,0.7103416301441653,0.022040728889201874,-0.709999604074469,5.8502997900538254e-05,1.815251508868506e-06,-5.847482898914655e-05
35892.19346450054,20.96877438888347,-88.79495099909875,254.383621914747,-12093.24994115753,1.73864519738176e-06,8.265418493796471e-05,-0.05362448823543297,3.666714557277665e-10,0.710371352771236,0.02181896152817667,-0.7100361904550131,5.872539803118941e-05,1.8037427823782404e-06,-5.869769063512332e-05
35974.93351557424,20.93281555128023,-88.85220468512595,241.3911450929914,-12048.17919144207,1.662280073456018e-06,8.296678895842014e-05,-0.053301760036465,3.671966526330055e-10,0.7101642205849823,0.02111913263681095,-0.7098501267420779,5.8929091570868616e-05,1.752455650366047e-06,-5.890302821214983e-05
36057.864302164235,20.914561886880442,-88.80426263710184,250.96549155754337,-12023.690387134046,1.735198942084435e-06,8.313292281828333e-05,-0.05307107884379136,3.6709827783305195e-10,0.7103813869168685,0.021735622216777658,-0.7100487853695568,5.906614650001927e-05,1.8072537791245687e-06,-5.9038491648581086e-05
36140.986263961335,20.879009150043778,-88.80728733934978,249.38436230439487,-11978.247493039877,1.737378502224756e-06,8.344849491137606e-05,-0.05274890076800144,3.6764346401253496e-10,0.7102010793465606,0.02170855578069167,-0.7098692215548835,5.92752341007929e-05,1.8118526756880674e-06,-5.924753638410127e-05
36224.299841669876,20.84796619118731,-88.75588504210911,259.25128410250574,-11937.53818519889,1.8183881203459568e-06,8.372987504107829e-05,-0.0524487214059863,3.680487591254355e-10,0.7102747649020447,0.022363680032401266,-0.709922606677702,5.9482396996058705e-05,1.872860137673031e-06,-5.94529052889886e-05
36307.80547701014,20.81831004491608,-88.68932828653448,272.2294167983316,-11898.384390976087,1.921904397596532e-06,8.400105159190506e-05,-0.05215646238466175,3.6841061621298863e-10,0.7101066439590255,0.023198842192606057,-0.7097275952896807,5.966245030495629e-05,1.949143528262422e-06,-5.963060301470724e-05
36391.503612720706,20.792847587610026,-88.6692882583593,275.63355746847844,-11865.680105882446,1.9566472326651994e-06,8.423121754875763e-05,-0.05189347662288495,3.685763762860512e-10,0.7100257844403162,0.023460438672146994,-0.7096380925425274,5.9819584356239996e-05,1.9765390510277445e-06,-5.978692136189214e-05
36475.39469256078,20.765288981005728,-88.68079681136967,272.4532039588986,-11831.126735186466,1.9454024375571498e-06,8.447800376446106e-05,-0.05162335646050298,3.6880264329998766e-10,0.71004278301757,0.02333452475965548,-0.7096592518029882,5.9995991986644124e-05,1.971681135244771e-06,-5.996358501592767e-05
36559.47916131248,20.748825905218506,-88.50951060207453,307.2038526778698,-11806.533878363147,2.2023578736717804e-06,8.464155843465707e-05,-0.051397565573413996,3.687208650408244e-10,0.709846382355202,0.02546500699417435,-0.709389469869376,6.0099913325535896e-05,2.156022417281575e-06,-6.0061228334701136e-05
36643.75746478333,20.72883540938699,-88.534485578734,301.425358250187,-11781.96143338787,2.170003477201823e-06,8.48199946651091e-05,-0.051172628878026,3.686400657288265e-10,0.7098663112710869,0.025172627547188242,-0.709419846564776,6.022761229025449e-05,2.1357363043814928e-06,-6.0189732617975314e-05
36728.230049808466,20.701219978969547,-88.49532949032611,308.5497869263103,-11746.449579451304,2.2346651771520197e-06,8.507340773708217e-05,-0.05090105109377955,3.689041261466946e-10,0.7097571286607066,0.02566966548203367,-0.7092927815498556,6.0399317117321845e-05,2.1844518401252895e-06,-6.035980184192938e-05
36812.897364253135,20.683138742015828,-88.4673778491006,313.6620633199267,-11723.19338456813,2.280653726700959e-06,8.52399694064398e-05,-0.05068343731585764,3.6878581036953593e-10,0.7097669536107066,0.026032257658273297,-0.7092893979181109,6.051917714429465e-05,2.219673379652819e-06,-6.04784577540646e-05
36897.75985701503,20.67597918445507,-88.42140366576474,322.7997765174148,-11713.181095657219,2.351006319456874e-06,8.530911351280714e-05,-0.05052368159824651,3.682521352817143e-10,0.7097913136984273,0.026618541986826387,-0.7092920147754624,6.057165336263335e-05,2.271553718857974e-06,-6.052904455536494e-05
36982.81797802663,20.660874059924588,-88.46858848456536,312.6714894089208,-11695.41319311477,2.284266906327481e-06,8.544253703259348e-05,-0.05033101648155436,3.6796334807217294e-10,0.7097418649636247,0.026048877868249016,-0.7092636821689441,6.0660791019255026e-05,2.226366535011903e-06,-6.061992130590001e-05
37068.0721782576,20.63432168494917,-88.44040590046095,317.511416762289,-11661.733580737931,2.3329814883663707e-06,8.568702455978397e-05,-0.050070652055216575,3.681773064655833e-10,0.709716806828438,0.02641313331181933,-0.709225135118184,6.083301292235417e-05,2.2639882057438484e-06,-6.079086953330707e-05
37153.52290971724,20.611107782007533,-88.39529555093591,325.8640585401959,-11631.894692210635,2.406549660250522e-06,8.590309819687096e-05,-0.04982767158549898,3.682728221703256e-10,0.7096652245926192,0.02698590953894656,-0.7091519524632562,6.098329274038635e-05,2.318966132550549e-06,-6.0939185993379844e-05
37239.17062545685,20.59815552778769,-88.37479415335963,329.56069393092946,-11615.373186751132,2.440729217092623e-06,8.602354961140915e-05,-0.04964246054569118,3.6794843829762356e-10,0.7095312696044316,0.02725090171188241,-0.7090077650508251,6.105787672372428e-05,2.3450442124447426e-06,-6.1012827156682305e-05
37325.015779572066,20.565969473846188,-88.40923836459238,321.49087118998926,-11576.427564442825,2.397092058408487e-06,8.63158648230105e-05,-0.049362220798703976,3.683371920193104e-10,0.7096207057811611,0.02684447674424129,-0.7091127696930024,6.127203065510753e-05,2.3178799443046633e-06,-6.122817303467601e-05
37411.05882720533,20.549017930730965,-88.44465154430054,313.78533784530765,-11556.355166107363,2.3478525186645494e-06,8.646872339428204e-05,-0.04916329840613986,3.6812833868481726e-10,0.7097260534813428,0.02642657575893679,-0.7092338874333762,6.138859453678325e-05,2.2857979304878403e-06,-6.134602405227703e-05
37497.30022454834,20.52946047234743,-88.44712665700109,312.6355706240667,-11532.371657434158,2.3489949051158617e-06,8.664875277352735e-05,-0.04894842945658039,3.6804549106985597e-10,0.7096673570298704,0.026410261165751514,-0.709175758002851,6.151123249708899e-05,2.2891396916922084e-06,-6.146862258732382e-05
37583.740428844416,20.512123098922146,-88.36991881197044,327.5321146258148,-11509.331221083314,2.470598301321658e-06,8.681571331300416e-05,-0.04873828242256223,3.679341026346799e-10,0.7096780870262914,0.027382831043138815,-0.7091496088762648,6.163298111609136e-05,2.3781000702144715e-06,-6.158708469567723e-05
37670.37989839089,20.48338078353658,-88.43330747054628,313.86737041311824,-11475.636164095687,2.3815947777139795e-06,8.707600004225762e-05,-0.048483828025263985,3.681657305148097e-10,0.7096429172688821,0.02661351713953143,-0.7091437024576566,6.181277967860573e-05,2.3181454100180156e-06,-6.176929604143038e-05
37757.2190925416,20.47192384575458,-88.36896351508473,326.3241766130356,-11460.165049840069,2.4826501291109653e-06,8.718808558998404e-05,-0.04830710418213289,3.6781484996562846e-10,0.709471771184352,0.027419883372855683,-0.7089417071263903,6.187934421624091e-05,2.3915319403979985e-06,-6.183311261460226e-05
37844.25847170932,20.44948642149151,-88.411983925682,316.98228036134805,-11433.823868250254,2.422804264566644e-06,8.739263657489446e-05,-0.04808522245017662,3.678143202510767e-10,0.709571493352959,0.026908004199013225,-0.7090611140721047,6.203191307881758e-05,2.352342213904817e-06,-6.198729487827858e-05
37931.498497368186,20.426855459897414,-88.3882641900415,320.9305118226281,-11405.78581720324,2.4649997595670235e-06,8.760544186779504e-05,-0.04785698600284087,3.678704636462309e-10,0.7096049378367852,0.027219521871594245,-0.7090826929430937,6.218659875095476e-05,2.385396992841953e-06,-6.214083154737139e-05
38018.93963205612,20.409755341459743,-88.43848612998673,310.391316104058,-11386.199921526153,2.3923754517675107e-06,8.776039717568695e-05,-0.04766492748302442,3.676557196006387e-10,0.7095915616808172,0.026614206210210715,-0.7090922848518529,6.229389172641955e-05,2.336417975597649e-06,-6.225006102379487e-05
38106.5823393773,20.38377954654858,-88.54084780717162,289.29408266506215,-11357.106193897413,2.2414160477266722e-06,8.799350420246931e-05,-0.047433789099227096,3.6774979981913865e-10,0.7097035519395711,0.025368113669124708,-0.7092500197000448,6.246625508615587e-05,2.2328351819282834e-06,-6.242633636165939e-05
38194.42708400464,20.356576993317738,-88.52823292948375,290.94649994077383,-11324.033686709168,2.2673796223096008e-06,8.824950026488894e-05,-0.04718688234320118,3.6797556348346997e-10,0.7095893794165944,0.025536975543185205,-0.7091297132830737,6.263824483817726e-05,2.2542492502011814e-06,-6.259766830102706e-05
38282.474331682264,20.339271310484882,-88.58405018627846,279.4239465790645,-11304.46383952911,2.1852363694076756e-06,8.8406615901129e-05,-0.04699699615747337,3.677648030086243e-10,0.709748631867342,0.02486856454625812,-0.7093128188147825,6.276228961840702e-05,2.199099766264895e-06,-6.272375115028449e-05
38370.72454922788,20.30798356060792,-88.57842713413602,279.6000768094293,-11266.828004817944,2.201235871767748e-06,8.870149911348777e-05,-0.04673279931507199,3.6814462753975225e-10,0.7095733533238006,0.024948908216471083,-0.7091346104414796,6.295622145114595e-05,2.21356817203325e-06,-6.291729440585864e-05
38459.178204535354,20.27712717779682,-88.56476762029287,281.356591378956,-11229.661163768988,2.229724726713454e-06,8.899401662051228e-05,-0.04647150997236222,3.6851356534298497e-10,0.7096498998103425,0.025137607893297668,-0.7092045409966239,6.317101065468642e-05,2.2376781797407836e-06,-6.313136608294184e-05
38547.83576657716,20.255870977919955,-88.50325165880494,292.72356847038094,-11202.958609947946,2.3307506960168594e-06,8.920123416788116e-05,-0.04625437990407433,3.685423495018231e-10,0.7096016756512523,0.025914242826628003,-0.7091283311966795,6.33155219656587e-05,2.3122462463281574e-06,-6.327328693121727e-05
38636.697705406914,20.236568950926053,-88.56774645615833,279.56706044749404,-11181.453280461514,2.2346941087142417e-06,8.937793934920223e-05,-0.046059411549747936,3.6840191421333437e-10,0.7096149055228496,0.025133474842899857,-0.7091696712229901,6.344028949102503e-05,2.2469580437774778e-06,-6.340048509478901e-05
38725.764492161725,20.208438729541903,-88.53297821739132,285.4828428038624,-11147.337826537516,2.2958998501385653e-06,8.96487193206736e-05,-0.04581327032982932,3.6867948211862045e-10,0.7095543130511138,0.02557867109126917,-0.7090931213561747,6.362801627580524e-05,2.2937216652384756e-06,-6.358665973391394e-05
38815.03659906482,20.199376064575333,-88.51779352468007,288.152504436517,-11136.26172871262,2.3219500168225917e-06,8.973665926968128e-05,-0.045662486937663005,3.6819738716449143e-10,0.7095772546810699,0.025784514079083148,-0.7091086229869368,6.36929092390713e-05,2.3144635826168795e-06,-6.365084402944955e-05
38904.51449942805,20.17711595089148,-88.44607549000139,301.34490003796657,-11108.362937855534,2.4403057209630974e-06,8.995606570533624e-05,-0.04544333463522616,3.6827316213814786e-10,0.7095288780160743,0.026687400013421365,-0.7090268058538217,6.384638734916142e-05,2.4014442983113007e-06,-6.380120878808855e-05
38994.198667654346,20.156645200657458,-88.43535450965707,302.75967476921153,-11084.005540700415,2.462525016796333e-06,9.015282815021575e-05,-0.045239403073660936,3.682335861285213e-10,0.70945241236527,0.026834339468368565,-0.7089447394798818,6.397945349857931e-05,2.4199598792788936e-06,-6.393367081718015e-05
39084.089579240215,20.13765422558363,-88.46899564418906,295.6706212709906,-11062.441788643408,2.4143267549235977e-06,9.033142714787234e-05,-0.04504754523600631,3.6810281039782177e-10,0.709541416888771,0.026438595102872827,-0.7090486746123366,6.411321010255919e-05,2.3889559683204498e-06,-6.406868657180606e-05
39174.1877107783,20.125835390042926,-88.54766803192844,280.16333889666885,-11050.323997095527,2.292884657430241e-06,9.04369517166502e-05,-0.04489470719569906,3.676589307810735e-10,0.7095498192060369,0.025482525371614488,-0.7090920862878141,6.418655526172694e-05,2.305173616707725e-06,-6.414514830416686e-05
39264.49353995997,20.107072667149964,-88.59656014946457,270.21598532964833,-11029.428160382966,2.2199564118437904e-06,9.061214396232881e-05,-0.04470675291954086,3.675082860332221e-10,0.7096054055271588,0.024896660771804198,-0.7091685186440365,6.431454940663876e-05,2.2564900250146736e-06,-6.42749524943114e-05
39355.00754557775,20.089145283216038,-88.58222156075281,272.4512695760781,-11008.152748587096,2.246953016899804e-06,9.078615073960889e-05,-0.04451789069584716,3.673716885893186e-10,0.7096959264553123,0.02509465797120134,-0.7092521174931892,6.44466561685599e-05,2.278816509508962e-06,-6.440635439632155e-05
39445.73020752785,20.0622985084386,-88.67831928541695,253.3042856740084,-10978.969424407003,2.1003335521942613e-06,9.103477183277315e-05,-0.044297754021947064,3.6750102611686763e-10,0.7096972153687344,0.02392246057434125,-0.7092939118462845,6.462065457389694e-05,2.178231825989321e-06,-6.458393224069866e-05
39536.66200681279,20.05158101026904,-88.70737082281262,247.46714590445427,-10967.11849557681,2.0564180672362874e-06,9.113525166097396e-05,-0.04414816606785944,3.670520008051205e-10,0.709771902660297,0.023582702413604044,-0.70938001801072,6.46980223599908e-05,2.1496401905255505e-06,-6.466230079687195e-05
39627.803425543934,20.01509659524739,-88.80098918287314,228.69551626862062,-10926.819737605068,1.9146080927811333e-06,9.147786471426245e-05,-0.043884778443029814,3.675584006894817e-10,0.7099124679372543,0.02244547537266169,-0.7095575471856094,6.495178359722389e-05,2.0535963586862867e-06,-6.491931095179764e-05
39719.15494694403,19.991456203281437,-88.89036327492641,211.1514268821016,-10901.381263123692,1.7761026421299023e-06,9.169709317242901e-05,-0.043681914100969464,3.675687681126212e-10,0.7098993643924586,0.021355729902062078,-0.7095780720718241,6.510417655618628e-05,1.95851310730494e-06,-6.507471115162624e-05
39810.717055349734,19.949138442695418,-88.96198009971029,196.6647693209729,-10854.154556066329,1.6687528178000119e-06,9.210038515190687e-05,-0.04339264596213129,3.6831900632627047e-10,0.7100664984850948,0.020491135214951245,-0.7097707697901384,6.540435590686705e-05,1.8874422373027088e-06,-6.537711628232757e-05
39902.49023621421,19.930494227594654,-88.96033854227244,196.58671559475252,-10832.711730936984,1.674699114856492e-06,9.228259749093624e-05,-0.04320731886310855,3.6819928883485456e-10,0.7099367607214744,0.02052529945073795,-0.7096399906333897,6.552179531991516e-05,1.894329951479775e-06,-6.549440568460625e-05
39994.474976109734,19.90208441129478,-89.00511230020693,187.5702015328561,-10801.119342957516,1.607294152211131e-06,9.255508505826898e-05,-0.042982225304470933,3.684269297610754e-10,0.7099626869815082,0.019989092867622592,-0.7096812334226773,6.571673527576729e-05,1.8502633285832051e-06,-6.569068290800589e-05
40086.67176273028,19.86545768100052,-89.07656665666887,173.4466801305757,-10760.822460983967,1.497484182297582e-06,9.290556274530491e-05,-0.04272337939494845,3.689560749129246e-10,0.7101357181842056,0.019126343940202316,-0.7098781030631094,6.598026604316339e-05,1.7770705363678782e-06,-6.59563304576247e-05
40179.081084894,19.840556514886714,-89.0925716878531,169.9968478754878,-10732.845118513478,1.475374270839078e-06,9.314857150971244e-05,-0.04251429619412974,3.690670465110967e-10,0.7100629603816724,0.018943808847676637,-0.7098102139391396,6.614575667959977e-05,1.7647062873829223e-06,-6.612221214112613e-05
40271.70343254591,19.79919449045612,-89.10703085734477,166.56248674063983,-10686.320898969705,1.458193905601102e-06,9.355484727146103e-05,-0.04223265095766362,3.698212993968957e-10,0.710016639434759,0.018781198739045338,-0.7097681979689939,6.64296419886705e-05,1.7571817885086226e-06,-6.64063976353564e-05
40364.539296760486,19.771214430107108,-89.17931782190645,152.64599225729384,-10656.223830347664,1.3439701799489648e-06,9.38226208697888e-05,-0.042016847630157284,3.7001284214238195e-10,0.710144974231375,0.017906728039667228,-0.7099191739324933,6.663054361256771e-05,1.680128800315493e-06,-6.660935752070155e-05
40457.589169744264,19.73268408834577,-89.19670878878496,148.80892949608761,-10613.292973687598,1.3208190314170996e-06,9.420294462921004e-05,-0.04175132710349631,3.706550988596928e-10,0.7101298330391528,0.017708696317189118,-0.7099089954684056,6.689890777500565e-05,1.668275837207222e-06,-6.687810342122228e-05
40550.85354483839,19.70305469453628,-89.1774922103914,151.88770889281105,-10579.750097495435,1.3566952674504343e-06,9.450071367005581e-05,-0.04152365184697053,3.709750672398393e-10,0.710102875661293,0.01796398028514991,-0.7098756154670708,6.710812392564573e-05,1.6976822042172852e-06,-6.708664674846484e-05
40644.33291652127,19.670962600397065,-89.21654211977835,144.19696918684605,-10544.744051503749,1.2965905188061606e-06,9.481624501206666e-05,-0.04129107353988581,3.7135056489817484e-10,0.7102449603222394,0.017501571504662153,-0.71002929422525,6.734500389868323e-05,1.6594885807845834e-06,-6.732455456788336e-05
40738.02778041126,19.64891473987703,-89.17791422141083,150.94457882736242,-10519.454346239285,1.3637717288467485e-06,9.504239603532287e-05,-0.041097305123802504,3.7138718884472113e-10,0.710083223219917,0.017994113411127798,-0.7098551935295916,6.749087829432596e-05,1.710276314849092e-06,-6.746920488538742e-05
40831.938633269216,19.608669103987456,-89.1614054340088,153.31893691448965,-10474.550014702836,1.3971145386616915e-06,9.544904501680864e-05,-0.04082775560759033,3.7212149480133184e-10,0.7099421538286913,0.018213017341804406,-0.7097084949345247,6.776644375313809e-05,1.738495747311458e-06,-6.774414020034358e-05
40926.065973001096,19.580594512102365,-89.24655844133123,137.3635291154188,-10445.265097896185,1.2588019435586452e-06,9.572060423090209e-05,-0.04061997000474276,3.7230653977497784e-10,0.7100094778575465,0.017177887188936352,-0.7098016475320905,6.796426614364114e-05,1.6443195944611785e-06,-6.794437199293961e-05
41020.41029866068,19.55586666458106,-89.22539033587394,140.84969549659138,-10417.635863201825,1.297592076597112e-06,9.597352486496318e-05,-0.040419348097405765,3.7243540392574086e-10,0.7100692629277692,0.017459667338165806,-0.7098545753682411,6.814990126560979e-05,1.6757162538204815e-06,-6.812929632360108e-05
41114.97211045221,19.519132575516615,-89.2175669965657,141.72038701672187,-10377.214723335665,1.3157995406265697e-06,9.634700167970358e-05,-0.04016991703917517,3.730261934173353e-10,0.7100119483774854,0.017573290245521317,-0.7097944394743732,6.840968897951403e-05,1.693187449577521e-06,-6.838873198513361e-05
41209.75190973302,19.490461582854802,-89.17300463719438,149.32809591906138,-10345.010232092562,1.395048147494168e-06,9.664482273926026e-05,-0.039953152796945175,3.733268338304385e-10,0.7098529423111622,0.01813942718621021,-0.7096211389813374,6.860651456317602e-05,1.753155902075399e-06,-6.858411102354758e-05
41304.75019901615,19.4603984929157,-89.27939779758535,129.72973354329676,-10314.392975667053,1.2192239372842207e-06,9.693656551211874e-05,-0.03974328906869497,3.7357384100657905e-10,0.7100290783904694,0.01684406635295287,-0.7098292538270852,6.88289466549263e-05,1.6328336116705641e-06,-6.880957601979021e-05
41399.96748197304,19.43134823355418,-89.25575081904138,133.57187757046407,-10282.408905620905,1.263141514570522e-06,9.723706662450481e-05,-0.03952892487015308,3.7387399701312743e-10,0.7098812404337306,0.017151692719199637,-0.7096740061159055,6.902828362949027e-05,1.6678168717677236e-06,-6.90081323302957e-05
41495.404263436285,19.41051213925286,-89.26885931504073,130.93453074613015,-10260.116760034196,1.2435947164927378e-06,9.744890763855452e-05,-0.039352509706678966,3.7382455807275474e-10,0.7100234611212675,0.01701101492357425,-0.7098196536542885,6.919230467726864e-05,1.6577358241131187e-06,-6.917244349081087e-05
41591.06104940221,19.372123181736747,-89.25022536398923,133.72554541773837,-10218.366479323111,1.2804925507652597e-06,9.784624259253194e-05,-0.03910223722297115,3.7448864784963393e-10,0.7099349758736437,0.017258037935588964,-0.7097251792738686,6.946604085427651e-05,1.6886723559759522e-06,-6.944551258103129e-05
41686.938347033545,19.34926838110903,-89.25824121808856,131.9797520651565,-10193.96128641534,1.2698386966326748e-06,9.808085188002927e-05,-0.03891912893468392,3.745218428701385e-10,0.7099660840503724,0.017177862406918914,-0.7097582416181931,6.963550608119376e-05,1.6848539232671874e-06,-6.961512030041479e-05
41783.03666466218,19.314744453243573,-89.22085543252908,138.11974303103338,-10156.254513650645,1.33877716713545e-06,9.844328803476567e-05,-0.038685989295602165,3.750477427477537e-10,0.7098947207979167,0.017657612003245646,-0.7096750829464812,6.988638820937276e-05,1.7383235727154977e-06,-6.986476571282334e-05
41879.356511791826,19.28540493580059,-89.24439488369028,133.5396256422269,-10125.412352325446,1.3022944306267789e-06,9.874423453575535e-05,-0.03847980391634201,3.75324930602903e-10,0.7098542292635371,0.01738350361192105,-0.7096413464599598,7.009562999105006e-05,1.7165603681666914e-06,-7.007460855648525e-05
41975.89839910075,19.24625915230507,-89.2147167840808,138.20712442752614,-10083.227203042874,1.3590947681625805e-06,9.91559689459887e-05,-0.038231354488825406,3.7602834086499206e-10,0.7098022066495747,0.017768268877575374,-0.7095797778866726,7.038321918210326e-05,1.7618823260637448e-06,-7.036116338652377e-05
42072.66283844442,19.223729630395464,-89.2298015216687,135.23506387195525,-10059.655920521847,1.3361172713354544e-06,9.93890166815571e-05,-0.03805425797988068,3.760425640250752e-10,0.7097897235472231,0.01759967257945052,-0.7095714926477386,7.054712814602672e-05,1.7492594152893543e-06,-7.052543783026048e-05
42169.65034285822,19.193380812105275,-89.20410953516104,139.29450228771873,-10027.100595329384,1.385158364725946e-06,9.971048415737498e-05,-0.03784386665887142,3.763957921694709e-10,0.709804059564079,0.017936784836921463,-0.7095773916376992,7.077715055487541e-05,1.7885422093145815e-06,-7.075454866955905e-05
42266.86142656028,19.165865930458136,-89.21709524143506,136.62924331651374,-9998.395969340532,1.366475684252118e-06,9.999736983083249e-05,-0.03764874153893687,3.7660822392711894e-10,0.7098308902083349,0.017795252290696006,-0.7096077942707983,7.098322981808867e-05,1.7795287588155053e-06,-7.096092018008321e-05
42364.296604954114,19.139792046035424,-89.11022423482484,154.82470797704843,-9968.904026707045,1.5575453422412376e-06,0.00010028773983768299,-0.03745135598152685,3.768536419500556e-10,0.7096092812408211,0.019131501409501657,-0.7093513358533505,7.116904040448413e-05,1.9187609756603377e-06,-7.114317021621526e-05
42461.9563946313,19.112115740542393,-89.1093121095625,154.5330380818912,-9939.9326438727,1.5636858411578947e-06,0.00010057999331541184,-0.037256630372143,3.7708277126820177e-10,0.7096333187532989,0.01916213916350677,-0.7093745551593316,7.137885158174508e-05,1.9274341426691026e-06,-7.135282370554417e-05
42559.84131337431,19.079275365582085,-89.11846448231618,152.42096710529313,-9905.884494990136,1.5529425277166045e-06,0.00010092620194629697,-0.03704361751413793,3.7750861932429004e-10,0.7096789554183422,0.01906879023127001,-0.7094227237710851,7.162895381991484e-05,1.924641395167374e-06,-7.160309197817857e-05
42657.95188015926,19.057920245576973,-89.12007982381215,151.80113383982444,-9883.715292475154,1.5535746576144766e-06,0.00010115266739488415,-0.036875707238115674,3.774851790608288e-10,0.7096295705738768,0.01906624686258813,-0.7093733894525786,7.178463136001982e-05,1.9287013382815866e-06,-7.175871661785523e-05
42756.28861515862,19.027200715029863,-89.15681064525437,145.00584956520026,-9852.61892780882,1.4934410705487248e-06,0.00010147387711169066,-0.036675143132175396,3.7780564776478094e-10,0.7095342865335633,0.018627807323424315,-0.7092897211725362,7.200219753535833e-05,1.8903146585127664e-06,-7.197737950504014e-05
42854.852039743964,18.996155665306524,-89.16591958422666,142.97511413378385,-9820.746033907519,1.4821066392052416e-06,0.0001018036809201858,-0.036472422648827475,3.781600540604658e-10,0.7096098108796183,0.018535883792591433,-0.709367679492543,7.224371305458403e-05,1.8870949208906328e-06,-7.221906222509832e-05
42953.64267648873,18.974621181664787,-89.12354748548142,149.88730611158454,-9797.724394408426,1.5610355329826663e-06,0.00010204063518665464,-0.03630323696098731,3.781768262821046e-10,0.7094581898360857,0.019075315164269434,-0.7092017029568382,7.239716948994717e-05,1.9465542082766592e-06,-7.237099610251595e-05
43052.66104917105,18.931507054384163,-89.08147392787609,156.36147461974136,-9752.673712509883,1.643503936647084e-06,0.00010250963466752087,-0.03605320070542353,3.790499441886174e-10,0.7095105309956204,0.019616491329948867,-0.7092393015489126,7.273610147435067e-05,2.0110020099965058e-06,-7.270829614702044e-05
43151.907682776524,18.90579455687099,-89.16864240706113,141.16453492373606,-9728.141667430215,1.4913321830650743e-06,0.00010277291500937457,-0.035879800375261894,3.7913182830387856e-10,0.7093860452586398,0.018553190506892726,-0.709143384887505,7.290840179460521e-05,1.9068368726582518e-06,-7.288346194703339e-05
43251.38310350088,18.886710689209142,-89.16784008183879,141.01792644785098,-9708.667422781085,1.4957653231673864e-06,0.00010297902139790065,-0.035725618472667774,3.7901858626007334e-10,0.7096044631175983,0.018587880189169737,-0.7093609693142752,7.307710154446841e-05,1.914233180147373e-06,-7.305202585467818e-05
43351.08783875289,18.83752443109255,-89.12715726027903,147.14037183286638,-9657.948378978517,1.5771075004941321e-06,0.00010351763175624867,-0.03545724689443014,3.801327188155483e-10,0.7092960863432761,0.01910233900090715,-0.7090388132863974,7.342814521678414e-05,1.9775229965952652e-06,-7.340151165183914e-05
43451.02241715714,18.813335397915278,-89.11241503899886,149.24248480942973,-9633.196650361082,1.607856897981386e-06,0.0001037827914998344,-0.03528503541209802,3.802329120575255e-10,0.709324659463166,0.01930467480848843,-0.7090619169389053,7.361946424069741e-05,2.00359567058814e-06,-7.35921946912587e-05
43551.18736855686,18.774219539444466,-89.0435500765168,160.14315451066952,-9592.4254236337,1.7399248414069763e-06,0.0001042198733684376,-0.035054886322431415,3.8097080903071753e-10,0.7092741879601825,0.020174628077951715,-0.708987205870806,7.392565915225676e-05,2.102744896305085e-06,-7.389574781404345e-05
43651.58322401661,18.741235414467432,-89.03592401493924,160.86096753093963,-9559.189145299022,1.7598903155553116e-06,0.00010458176809198592,-0.03485308188289667,3.81416148760506e-10,0.7093216067503277,0.020289560202554492,-0.7090313642919145,7.418746111082872e-05,2.122071207415865e-06,-7.415710485085956e-05
43752.21051582521,18.705312259569663,-89.03136331790648,161.01378167736803,-9523.210698349596,1.774892820706748e-06,0.00010497659344743047,-0.03464204525619891,3.819765822729956e-10,0.7091136186310181,0.02035928224212415,-0.708821291832125,7.44457801234297e-05,2.137404513812737e-06,-7.441509040598134e-05
43853.06977749856,18.679635844270003,-88.96191742165846,172.0712020204895,-9496.233792421892,1.907492445587158e-06,0.00010527034162530759,-0.03446446409541299,3.821806840822537e-10,0.7091834809108525,0.021239786365009967,-0.7088653476309885,7.466301204349372e-05,2.2361299548816174e-06,-7.462951889320853e-05
43954.16154378246,18.64828773649509,-88.91501094851075,179.24086840988178,-9464.16709873242,2.0003983823250622e-06,0.00010562381627757533,-0.03426908677374181,3.8259362746410393e-10,0.7089804008984582,0.02183319298596457,-0.708644142388954,7.489337378580093e-05,2.3063563973887104e-06,-7.485785300947335e-05
44055.486350655345,18.62067138337587,-88.87265402524044,185.68535778433682,-9435.980250730821,2.0846611276841983e-06,0.00010593630787593334,-0.03408844219464558,3.8285392903390527e-10,0.7090787429576095,0.022379546320314064,-0.708725489608523,7.512641543695925e-05,2.3710978658559203e-06,-7.508898848244742e-05
44157.044735331256,18.596903053605388,-88.75713862734291,204.1569219180399,-9410.136545988318,2.304453174951932e-06,0.00010621838748548362,-0.033916892659834386,3.8302242920376593e-10,0.7089532706632898,0.023823585815196745,-0.7085528750510309,7.531624417409442e-05,2.5309185818144507e-06,-7.52737078110547e-05
44258.83723626265,18.584757372785074,-88.63213612397068,224.34893516502828,-9395.52914723036,2.5400014961123557e-06,0.00010637295012422417,-0.033786357711189687,3.8273562435311743e-10,0.708634762654746,0.025377438738570252,-0.7081802118428744,7.539567708568806e-05,2.700049838406356e-06,-7.534731484319444e-05
44360.86439314325,18.558599017486785,-88.60034110925059,228.9215941157632,-9369.162790839831,2.6063095571415144e-06,0.00010666944120541166,-0.03361405579430729,3.829299602696724e-10,0.7086109696103572,0.025789057022228494,-0.7081415330214963,7.560427588753325e-05,2.7515280818472273e-06,-7.555418999428853e-05
44463.126746910886,18.55544043374484,-88.51108587968015,243.3951371390343,-9364.122930181093,2.7738589534114004e-06,0.00010671846831471533,-0.03351870552293148,3.8225486836430967e-10,0.7085513120686409,0.02690944325477832,-0.7080401427164356,7.563560253613401e-05,2.87249761565595e-06,-7.558103683102061e-05
44565.62483975033,18.559423933278193,-88.41300210849312,259.485163188063,-9365.861480470123,2.955859844959733e-06,0.00010668885081307146,-0.033447823435457255,3.813049131991356e-10,0.7082972748185489,0.028130981436714445,-0.7077384244187892,7.55909504159225e-05,3.0021965331981132e-06,-7.553130874517208e-05
44668.3592150963,18.548334645077368,-88.40919669590825,259.8030871066883,-9354.893306825785,2.9664142394882367e-06,0.0001068135449170604,-0.0333318155858168,3.8087397014725e-10,0.708267035100605,0.02819640590246382,-0.7077055572089179,7.567618154295947e-05,3.012700332199894e-06,-7.561618933556043e-05
44771.33041763626,18.535639389260385,-88.49240063770105,245.92836280350437,-9344.26317600072,2.8146070831794982e-06,0.00010694345712079945,-0.033217366116649015,3.80430273977339e-10,0.7083531925947739,0.027191634091879094,-0.7078310960212346,7.577443823203358e-05,2.9087619276134993e-06,-7.571858816320297e-05
44874.53899331323,18.53096511124663,-88.64624503614976,220.79177605697794,-9342.963165940559,2.5279655353026663e-06,0.0001069726839599539,-0.03313635759481605,3.7960812117831997e-10,0.7087318287267401,0.025324194236838845,-0.7082792459451315,7.583055062212302e-05,2.7095546089570316e-06,-7.578212666239607e-05
44977.9854893288,18.51085297956734,-88.71711318805038,208.8230539661041,-9324.813401978574,2.4003821916163963e-06,0.00010718699686236975,-0.032995923009636545,3.7947221447583144e-10,0.7087925164175971,0.02446998649838992,-0.7083699958992887,7.598678984767374e-05,2.6233286590360593e-06,-7.594149312530808e-05
45081.670454146006,18.476264125387118,-88.81965228966752,191.4777570400316,-9293.291459469516,2.2161282427526214e-06,0.00010755884124523336,-0.03280875039607682,3.798836251931155e-10,0.7087411463483279,0.02322035715271288,-0.708360662050655,7.62419112831677e-05,2.4978998596626083e-06,-7.620098117741997e-05
45185.59443749224,18.43866274408871,-89.0045533882745,160.90871721201614,-9260.629985172354,1.8757174137646726e-06,0.00010795142256172251,-0.032618250498487954,3.8034665365987463e-10,0.7090667974755289,0.02096376332769162,-0.7087568298854998,7.655063013240828e-05,2.2632413453781127e-06,-7.651716612813981e-05
45289.75799036209,18.398878190999973,-89.0939049769672,145.88418863834985,-9224.03420908617,1.7141854153044634e-06,0.00010838532303649797,-0.03241462760602992,3.8097741147154015e-10,0.7090638648810555,0.0198782893945345,-0.708785170619989,7.685598475488814e-05,2.1546232748948205e-06,-7.682577686679699e-05
45394.16166502032,18.374583354433767,-89.11474247408346,142.17405760763327,-9201.079909959824,1.6789550654612316e-06,0.00010865695178493106,-0.03225959673536757,3.8104944125459066e-10,0.7090984738647047,0.019641444689513142,-0.7088263957329483,7.705189260809587e-05,2.1342740714641255e-06,-7.702232811774398e-05
45498.80601500485,18.32865483563389,-89.13056203663314,138.97043364121635,-9157.419493625104,1.6568232735214337e-06,0.00010917592573401241,-0.03203267747061035,3.8198562730531353e-10,0.7090727458360244,0.019465046428342077,-0.7088055240014581,7.741674939018362e-05,2.1251989024546827e-06,-7.738757403981275e-05
45603.69159512962,18.297787292082393,-89.1961324369892,128.09338523211318,-9129.275924460791,1.536627301124054e-06,0.00010951615182626993,-0.03186078449804581,3.822819548724954e-10,0.7092430914147853,0.018678413429702154,-0.708997094205153,7.767533517337349e-05,2.0456343406388666e-06,-7.764839389478905e-05
45708.81896148752,18.245927557100096,-89.28553843965373,113.25345517838409,-9081.816326962777,1.372898719674447e-06,0.00011009301206719779,-0.03162225569439145,3.833958585185011e-10,0.7091688712529506,0.017590326496280284,-0.7089506811957643,7.80746656366588e-05,1.936575215449474e-06,-7.805064439651332e-05
45814.18867145335,18.21788719010096,-89.27755064153472,114.18370638186718,-9055.164445184377,1.3923307104011643e-06,0.00011041666052246045,-0.03145693995142304,3.8363991842146744e-10,0.7093424331784699,0.017713657911614857,-0.709121226470441,7.832346100236134e-05,1.955888904647649e-06,-7.829903602204241e-05
45919.80128368686,18.174875310276192,-89.28233940852947,112.92105887319399,-9014.79308261017,1.3892975776962037e-06,0.0001109113775417837,-0.031244666569533522,3.844716919328089e-10,0.709259495352543,0.01767253475476752,-0.7090392889417945,7.866507667750776e-05,1.9600883889170808e-06,-7.864065324109286e-05
46025.6573581356,18.134950038641712,-89.28010405119156,112.8025161439856,-8977.364012914664,1.3994344265368864e-06,0.00011137368818253936,-0.031043377555108536,3.8518671180125647e-10,0.7091290204770315,0.017717193411166884,-0.70890765882472,7.897845459455955e-05,1.973232676933147e-06,-7.895380068715873e-05
46131.75745603795,18.111940952092954,-89.27474412476437,113.36921809043466,-8955.778254011404,1.4132496929458344e-06,0.00011164186435048273,-0.0308975087220368,3.8522707201701447e-10,0.709132692307912,0.01780390136350333,-0.7089091594810342,7.916910157773155e-05,1.9876659062773574e-06,-7.914414589134309e-05
46238.102139926035,18.06555992025938,-89.29773769292461,109.25173367658508,-8913.122229689105,1.3750021196770202e-06,0.00011217727670155508,-0.0306796212557427,3.861804367733527e-10,0.709153662744495,0.01754026959081939,-0.7089367082657057,7.955070719487877e-05,1.9676142472964214e-06,-7.952636989941872e-05
46344.6919736288,18.028977286620073,-89.29242754487917,109.65870887051048,-8879.178028883838,1.390693308522973e-06,0.00011260586228982718,-0.03049249037395563,3.8676517975923195e-10,0.7091070299929713,0.017625207575594694,-0.7088879545057666,7.984945064223029e-05,1.9846977717601565e-06,-7.982478150687756e-05
46451.52752227495,17.993105276988175,-89.30505271262653,107.3039632990543,-8846.372723421491,1.370949327936587e-06,0.00011302405211306985,-0.030309960134049196,3.873066003337158e-10,0.7089901429295594,0.01748655919500883,-0.7087744655521928,8.013253531756057e-05,1.976391824696887e-06,-8.01081587091812e-05
46558.609352295905,17.955705036684105,-89.298817016326,107.84548756778148,-8811.94059516735,1.3886532405128246e-06,0.00011346538588362169,-0.030122547117783782,3.8792571646335717e-10,0.7090390742092032,0.01758539362643926,-0.7088209665962535,8.045106451109066e-05,1.9953253474379875e-06,-8.042631694741183e-05
46665.93803142887,17.911176937235137,-89.26144539541824,113.06066761014968,-8770.563821536924,1.4695499622840896e-06,0.00011399881148404553,-0.029912151020310362,3.888594149853134e-10,0.7088283966249248,0.01806288610381983,-0.7085982133815059,8.080589845880236e-05,2.0591552868479616e-06,-8.077965774400708e-05
46773.51412871981,17.880006521364646,-89.30475475867671,106.09619159922934,-8743.05249825954,1.38774501114411e-06,0.00011435968910611544,-0.029749742963091658,3.891858532876175e-10,0.7090281816271914,0.017552776330894845,-0.7088108791381796,8.10837505510595e-05,2.0073178674316285e-06,-8.10589000567213e-05
46881.33821452653,17.849203256339877,-89.26206006253933,112.24205745184058,-8714.314339177588,1.477805003210188e-06,0.00011473468700008887,-0.02958375881657208,3.895712600566334e-10,0.7087637392452241,0.01809482507765767,-0.7085327200449397,8.132002048670971e-05,2.0761100837149887e-06,-8.129351449457198e-05
46989.41086052156,17.804237870096582,-89.2418137132881,114.7799927244352,-8673.363532521318,1.5255099436377775e-06,0.00011527533675152233,-0.02937701610116396,3.905103798371042e-10,0.7087421763930127,0.018365301059268438,-0.7085041907535246,8.170107562836115e-05,2.117081360131828e-06,-8.167364155800677e-05
47097.73263969529,17.77747908027849,-89.21140119814737,119.0454591353269,-8648.72182273132,1.591207080048184e-06,0.00011560211954034497,-0.02922618037782768,3.9072230376477533e-10,0.708847112935184,0.018764860916209894,-0.7085986942630792,8.194536973987884e-05,2.1692879012075847e-06,-8.191665161496241e-05
47206.30412635905,17.732991107538883,-89.23038620427376,115.64943517772143,-8609.286963363173,1.5600222323485408e-06,0.00011613268190091668,-0.029026008328213185,3.916092556367214e-10,0.7087311423051484,0.018547792632992038,-0.708488398960494,8.230759283583726e-05,2.15402438656005e-06,-8.227940214520324e-05
47315.12589614805,17.703995755270757,-89.20903704527409,118.49542340001013,-8583.026949378269,1.6081918478845674e-06,0.00011648681083291948,-0.028870918967494746,3.919039633038924e-10,0.7085943450215785,0.0188289551519657,-0.7083441368744751,8.254303004888421e-05,2.1933550864711853e-06,-8.251388369914273e-05
47424.198526024484,17.665927163253848,-89.18339565748227,121.84852132999835,-8548.7339790509,1.6669725006925416e-06,0.00011695262530285127,-0.028689430970498538,3.9257110354235177e-10,0.7084966432639103,0.019164163800812834,-0.7082374095894992,8.286217052323741e-05,2.2413433061343295e-06,-8.283185186874747e-05
47533.522594280534,17.622796513353645,-89.13391918473592,128.6414922486535,-8509.659908682279,1.776059148644332e-06,0.00011748666055158615,-0.02849261667513516,3.934666501975843e-10,0.7084753417535761,0.019796038820111637,-0.7081987197954251,8.323906153152631e-05,2.325844805479342e-06,-8.320656110301669e-05
47643.09868054156,17.590683897577687,-89.07624695435085,136.7352068865836,-8480.265889874241,1.9008529439627774e-06,0.00011789018168323871,-0.02832889279845083,3.9392238647881054e-10,0.7083322066036886,0.02052567475205592,-0.7080347530933939,8.350936196950655e-05,2.419889970493506e-06,-8.3474293462627e-05
47752.92736576909,17.560037693161284,-89.05592512006255,139.29434623799858,-8452.990362467084,1.948923651285719e-06,0.00011826921398054762,-0.028172831998131496,3.9428454836390547e-10,0.7083095973919938,0.020797123201610274,-0.7080042128576252,8.377563375487398e-05,2.4597890285663776e-06,-8.373951426277636e-05
47863.00923226385,17.531414184857244,-89.00202267977984,146.7945460078102,-8426.902284698048,2.0665324935377216e-06,0.00011863156952894723,-0.02802128773503873,3.9459554124888794e-10,0.7081293751621505,0.02147875299857092,-0.7078035568836625,8.401223341227256e-05,2.548232107879005e-06,-8.397357844014117e-05
47973.34486366891,17.49708367609871,-88.97798968216705,149.78854918287942,-8396.531131633772,2.1239320600296004e-06,0.00011905891178463958,-0.027856082126900897,3.9511200836859325e-10,0.7082244942561501,0.02179964628283655,-0.7078889105547019,8.432678432269427e-05,2.595637520747636e-06,-8.428682708506165e-05
48083.93484497285,17.464225761542544,-88.97735435221252,149.37268667373462,-8368.016527143316,2.13249378097157e-06,0.00011946456611694738,-0.027697633283619974,3.9554655133716277e-10,0.7081066836185761,0.021824991696403756,-0.707770262954548,8.460000903340519e-05,2.6075089211618245e-06,-8.45598156672441e-05
48194.77976251274,17.433986340464052,-88.91098919497188,158.54640379122372,-8340.547061410914,2.278297422565619e-06,0.00011985290374559474,-0.027543217324683133,3.959365499165198e-10,0.7079016394690201,0.02265938854602718,-0.7075388917039448,8.485221551017899e-05,2.7160543400896064e-06,-8.48087349617216e-05
48305.880203977285,17.406261096617367,-88.95501628343585,151.71550910803322,-8317.540607566389,2.1922781108708695e-06,0.00012018785895687899,-0.027404069576456313,3.961185693031651e-10,0.7079693907309514,0.022139029741355554,-0.7076231494051519,8.509624618562683e-05,2.661059008831161e-06,-8.505462879724023e-05
48417.23675840994,17.369667008253,-88.8810575189159,161.81337845097067,-8284.648342048167,2.356680029726734e-06,0.00012065915369865077,-0.02723292000314359,3.9677660123819834e-10,0.707592717134056,0.023061416216393005,-0.7072168157101827,8.53865308440997e-05,2.782864039422558e-06,-8.534117011928346e-05
48528.8500162121,17.34139817318284,-88.85558934497774,165.0040769048374,-8259.954505532476,2.4174978188399637e-06,0.00012101774923027177,-0.027089300258104024,3.9704750959618315e-10,0.7077650070935418,0.023402773068269586,-0.7073779862837382,8.56618679079474e-05,2.83247297501503e-06,-8.561502619473079e-05
48640.720569146164,17.302403223795643,-88.86934585913093,162.37007890041662,-8227.018569699307,2.3980151038504816e-06,0.00012150338857627237,-0.02691922851790606,3.977202045126514e-10,0.7077101414681444,0.023252487117620395,-0.707328047075546,8.599851437002606e-05,2.8255626567328683e-06,-8.595208356709253e-05
48752.84901033863,17.265763745605597,-88.8682890584551,161.9075635387127,-8195.921133160762,2.409362504034775e-06,0.00012196431490084262,-0.0267557976203041,3.9831105563278437e-10,0.707730041812726,0.023287592205800872,-0.7073468032963033,8.632717651280465e-05,2.8405634410533468e-06,-8.628043001753226e-05
48865.235934283366,17.23325816956346,-88.89111203179142,158.1188508009353,-8168.915081665264,2.3686026104523664e-06,0.00012236942963464543,-0.026606301803053553,3.987087348106383e-10,0.7077096636333452,0.02302661965235215,-0.7073349579848351,8.661071628066863e-05,2.8180370059860982e-06,-8.656485916400125e-05
48977.88193684462,17.207295884644566,-88.79101291184969,171.89197539682544,-8145.019153903752,2.589870216840362e-06,0.0001227197632326424,-0.026467458547789216,3.9895877499158324e-10,0.7076276886743079,0.02428102870137635,-0.707210985084187,8.685164935812311e-05,2.980165169592563e-06,-8.680050467473283e-05
49090.78761526029,17.17418989530171,-88.78025600919031,172.82556575635886,-8117.014425113902,2.6219144289426304e-06,0.00012314218181784582,-0.02631579226289517,3.9941448785647633e-10,0.7075601660063487,0.02443301927396529,-0.7071381874061744,8.714260052969012e-05,3.0091530595099553e-06,-8.709062994916038e-05
49203.95356814509,17.14899672516089,-88.82840850695165,165.58972022834908,-8096.909019064445,2.52472017917066e-06,0.00012345228653777967,-0.026190234741294113,3.994853636818349e-10,0.7075811942811092,0.023861023688369707,-0.7071787596137371,8.736307727326837e-05,2.9460540686418624e-06,-8.731338978690324e-05
49317.380395493594,17.11259635980932,-88.83713111568015,163.74424899064383,-8066.744477133492,2.5153043773420586e-06,0.00012391468903065486,-0.026032653151876566,4.0005696070901927e-10,0.7076006916106464,0.02377566605082793,-0.7072011428665148,8.769241273731977e-05,2.9465001167369043e-06,-8.764289696692204e-05
49431.068698683535,17.080424357025926,-88.80863524964752,167.1903227339114,-8039.451612806521,2.585654542142873e-06,0.000124332821655441,-0.025884903919958027,4.0049187153942493e-10,0.7074841241318104,0.024145106276207768,-0.7070719904942251,8.797468659538975e-05,3.002411057729978e-06,-8.792343833925894e-05
49545.019080479,17.03387295569238,-88.80190848887987,167.327205261468,-8000.845668040118,2.6127921333355944e-06,0.00012493214470905452,-0.02570135526470467,4.014987878512894e-10,0.7072716134853326,0.024242578793002695,-0.7068560197208558,8.837237936339434e-05,3.0290687891245915e-06,-8.832045163278116e-05
49659.2321450336,16.99772607588097,-88.82261949097223,163.83126530229885,-7971.525509497924,2.577095444924989e-06,0.00012539353853932661,-0.025548274389631635,4.0204872706956177e-10,0.7071996567931297,0.024006411064500202,-0.7067920817299261,8.868902695229566e-05,3.010614071253932e-06,-8.863791347193928e-05
49773.70849789361,16.960339530157434,-88.83995149952908,160.8057067616331,-7941.244979763807,2.5488614457159195e-06,0.00012587322656346442,-0.02539269085980594,4.026535550431897e-10,0.7072067669929631,0.02381467992444567,-0.7068056821367068,8.902861208343918e-05,2.9979745667589705e-06,-8.897812044542501e-05
49888.44874600122,16.932612890857705,-88.835295362335,160.98909623123822,-7918.509895629928,2.5664337695065965e-06,0.000126234208875405,-0.02526175945514056,4.0288089002788286e-10,0.7071835810570235,0.02389322100469569,-0.7067798322721557,8.928111334521573e-05,3.016491657673985e-06,-8.923014052572395e-05
50003.45349769783,16.87783382102878,-88.83221985027372,160.50615388806762,-7873.957915367172,2.587766502929765e-06,0.00012694818264149212,-0.025061855457362316,4.042286045647588e-10,0.7071514960163509,0.02395200828005767,-0.706745739016172,8.978206936242635e-05,3.0410186231435544e-06,-8.973055323987048e-05
50118.72336272722,16.834137502100553,-88.85914796558983,156.11185915638703,-7839.2011148814245,2.5393355087350277e-06,0.0001275134500268309,-0.024893842532564152,4.05087017846051e-10,0.7071806510662774,0.023642806536819088,-0.7067853216794945,9.018467181384089e-05,3.015097691185741e-06,-9.013425661801841e-05
50234.25895223871,16.79958345366886,-88.83187281258454,159.2671901111794,-7810.8561593137265,2.609447164358969e-06,0.00012797373044573054,-0.024746784235764173,4.056219901108711e-10,0.7071324155847047,0.023999662452839576,-0.7067250309510831,9.05048644613176e-05,3.0716824028150253e-06,-9.04527238858936e-05
50350.06087879047,16.760698289211472,-88.8866549786256,151.21208639941852,-7780.808040025046,2.496738801051776e-06,0.00012847283441187182,-0.02459488706081771,4.062519238632927e-10,0.7070018030657131,0.023341705690268895,-0.7066163841248222,9.083928785266351e-05,2.999064377171627e-06,-9.078976721217343e-05
50466.12975635282,16.708009460689375,-88.86104043382791,153.8472369198433,-7738.322338811129,2.5681739818047167e-06,0.00012917591821104516,-0.024404333310405903,4.0754288490328604e-10,0.7071285671242354,0.023683980842616328,-0.7067318299713272,9.135355764890396e-05,3.0597206927454858e-06,-9.130230339040743e-05
50582.4662003114,16.657988495274157,-88.81830061947538,158.78709768868126,-7697.846563188117,2.678501910018323e-06,0.00012985120971826356,-0.024220850103327005,4.0874352065039846e-10,0.706862581610073,0.024224233362698674,-0.7064473765245692,9.179793109933965e-05,3.1459219415719727e-06,-9.174400977315438e-05
50699.070827470445,16.614107174646247,-88.8435912282407,154.70014828633694,-7663.779630064126,2.632860128445527e-06,0.00013043077233411372,-0.02405820049527995,4.096161991506707e-10,0.706836994867175,0.02393376628732075,-0.7064316754960543,9.22034432952138e-05,3.12204324156599e-06,-9.215057135737953e-05
50815.94425605605,16.57155204169317,-88.80153110936446,159.61268884824855,-7629.567777870245,2.740801049866437e-06,0.00013101168538984465,-0.02389571704865021,4.105066493518219e-10,0.7067633801429725,0.024472074008336113,-0.7063395735089818,9.260581106909025e-05,3.2065275674389395e-06,-9.255028052212101e-05
50933.087105719525,16.525397814855175,-88.81658577135974,156.86961869017375,-7593.8658840375365,2.71911583477263e-06,0.00013162906332556503,-0.02372919768465713,4.114880324467743e-10,0.706750333751114,0.024308360960714294,-0.7063321724547981,9.303993950614217e-05,3.2000670183974445e-06,-9.298489078546234e-05
51050.49999754062,16.47939862498405,-88.75072396377662,164.79535633725317,-7556.842349478419,2.8844150959279768e-06,0.0001322675021605327,-0.023559197542504063,4.125530189990349e-10,0.7065879404903935,0.0251368799960469,-0.7061406764310637,9.347196864161088e-05,3.3252671381678863e-06,-9.341280169333381e-05
51168.18355403079,16.438416163273587,-88.68444160053379,172.78412251024955,-7523.84782474365,3.050667291671924e-06,0.0001328406576541826,-0.023402385803176044,4.1340919182768863e-10,0.7063472477904394,0.025967335319248094,-0.705869769828363,9.384742214271655e-05,3.4500983577838664e-06,-9.378398298299587e-05
51286.138399136486,16.378217785634963,-88.71273641313583,168.0412253730633,-7478.214308233111,3.003314346848003e-06,0.00013365427603172385,-0.023206948501232408,4.1497527821699013e-10,0.7063377450286732,0.0256408717707441,-0.7058721950516448,9.441984479860609e-05,3.427548860490727e-06,-9.435761230871524e-05
51404.365158242595,16.326652502424615,-88.6767024737926,171.8212248781479,-7438.146234158016,3.103957054252888e-06,0.00013437039859570695,-0.023029517764928408,4.162511240530182e-10,0.70618171931914,0.026101550985864037,-0.7056991779339614,9.490609792095859e-05,3.507873803561039e-06,-9.4841247587539e-05
51522.864458175645,16.28104915740827,-88.64928596265146,174.55336550733222,-7402.986918299653,3.183265629883965e-06,0.00013500555401502133,-0.022867943661177146,4.1726614514549454e-10,0.7061283055390877,0.02645979649561153,-0.7056323852069957,9.534851965656963e-05,3.572866866375735e-06,-9.528155552390189e-05
51641.63692720711,16.22968123348545,-88.57469876699666,183.1939094663112,-7362.705090061055,3.377282891770162e-06,0.00013573561484796556,-0.02269120382963138,4.1858409878435426e-10,0.7059579041931973,0.027394364345072666,-0.7054261912453924,9.584397631658542e-05,3.719180409910844e-06,-9.577178860840348e-05
51760.683195056765,16.179293291999258,-88.46979737462128,195.61555678643288,-7322.743238556284,3.645406570557621e-06,0.00013646346310525588,-0.02251613988588716,4.1990043557883245e-10,0.7059014800290816,0.02870623126227261,-0.7053175538677346,9.635472187377837e-05,3.9183668083635215e-06,-9.627501663946e-05
51880.0038928961,16.12650138677474,-88.3949723551035,204.039100475144,-7281.81923264762,3.844968311837854e-06,0.0001372205824122043,-0.022338809533824912,4.212891148021161e-10,0.7055094560171845,0.029633555094536815,-0.704886831301396,9.683892160617637e-05,4.0675309086746816e-06,-9.675345952550817e-05
51999.59965335159,16.070606611583976,-88.3330684484821,210.66983283727254,-7239.101381397625,4.016662871987413e-06,0.00013802180100305376,-0.022156685360529307,4.2280048109520915e-10,0.7053635290072192,0.0304115737055176,-0.7047076303249966,9.73871693570319e-05,4.198823666204592e-06,-9.729661163265315e-05
52119.47111050806,16.015424648280497,-88.23658144138449,221.55783355896324,-7196.43117222499,4.274066808467342e-06,0.00013882617968658244,-0.021975426251961545,4.243292361527103e-10,0.7050438383250572,0.03160673224640917,-0.7043350257063986,9.791523012348865e-05,4.389486572509848e-06,-9.781679149187779e-05
52239.61889991197,15.971088452858186,-88.13248679519444,233.51445928039027,-7161.745672297842,4.547937826401781e-06,0.00013948247207682792,-0.021819210187904177,4.2540367495667205e-10,0.7046555625566475,0.03289102292613595,-0.7038875211657739,9.832955784354748e-05,4.589702988527725e-06,-9.8222383254453e-05
52360.04365857501,15.921159774661964,-87.99559162761635,249.26962400983288,-7122.436111406188,4.907729476452047e-06,0.00014022964004116193,-0.021649541038930496,4.2676772655665006e-10,0.704498619186622,0.0345878730080313,-0.7036490485154069,9.884220071251086e-05,4.852729860600394e-06,-9.872300468782502e-05
52480.746024977256,15.868439809657922,-87.87730806152408,262.48237167243775,-7081.692133329781,5.226727140804243e-06,0.00014101546035360425,-0.021476186865522228,4.2823591653184374e-10,0.7041304794358513,0.03604451044219456,-0.7032073131997023,9.935149781588243e-05,5.085813219364398e-06,-9.922124078118067e-05
52601.72663907063,15.8224410037646,-87.74815017319503,277.05537419209503,-7045.731569125378,5.5724140835665555e-06,0.00014171078232758555,-0.02131798856374446,4.294316388383074e-10,0.7039080487324674,0.03764067033000973,-0.7029009325697735,9.981839045471389e-05,5.337673201412814e-06,-9.967557533199714e-05
52722.98614228227,15.787996283035003,-87.57630155346192,297.01576101707167,-7017.208656243136,6.0210654526513695e-06,0.0001422519548103146,-0.021182856398429078,4.3018547365532625e-10,0.7035220639105008,0.039749914533069614,-0.7023982052251446,0.00010015685458567426,5.6589929639905495e-06,-9.999685654624051e-05
52844.52517751802,15.75019424839504,-87.47041210061953,308.711032639381,-6987.836021551259,6.309863180144998e-06,0.00014282706012902152,-0.021045673901118434,4.310001551365728e-10,0.7032169982851204,0.04105318771517231,-0.7020176510997127,0.00010052615726284467,5.868628338706951e-06,-0.00010035470838708218
52966.34438916578,15.718517747195143,-87.32014412578309,325.86109245713925,-6961.885036994733,6.708545719692015e-06,0.0001433252546775339,-0.020919291856997757,4.3161177486654125e-10,0.7029709374046627,0.04290226340157749,-0.7016605551337568,0.00010085348955723323,6.1550808770660945e-06,-0.00010066549227648832
53088.444423098845,15.699055085289393,-87.21747286897941,337.5785719118158,-6945.707374906413,6.980993376235626e-06,0.00014363452307677546,-0.020822679473825535,4.3162207599753514e-10,0.7027851854338226,0.04417097800481678,-0.7013957096870143,0.00010105299555386421,6.3513143652498036e-06,-0.00010085320379761404
53210.82592667943,15.663847213615458,-87.19451483538943,339.1229123639604,-6920.29346222365,7.064256238989162e-06,0.00014415636479814766,-0.020698774976300245,4.322108053115099e-10,0.7027625674943798,0.044473751395416504,-0.7013539133049101,0.00010141880455475737,6.418205677445512e-06,-0.00010121551537782178
53333.48954876208,15.630150503303476,-87.25182146465896,331.1096844360431,-6897.89127951588,6.942880080958993e-06,0.0001446385720995792,-0.02058431772107649,4.3261720450025745e-10,0.7026462956226419,0.04378821439425166,-0.7012805494467846,0.00010173623363468989,6.340100329016699e-06,-0.00010153848709720964
53456.43593969716,15.562807081822447,-87.30870170912867,322.09316884094983,-6852.084997437749,6.845063225787747e-06,0.00014561921696356692,-0.02040059683474313,4.3450761294449165e-10,0.7028050026062943,0.04312500568010426,-0.7014806523158884,0.00010244425669582453,6.286109426538003e-06,-0.00010225121299152192
53579.66575133417,15.50347865787934,-87.33089594300034,317.53542085057046,-6811.378072390067,6.8293502609681415e-06,0.00014649479573530927,-0.02023275946736624,4.360990541498902e-10,0.7025364683402601,0.042860220715630296,-0.7012278451603392,0.0001030189374002044,6.28496112848613e-06,-0.0001028270427790309
53703.17963702527,15.422854072961707,-87.30705903947612,317.73690450435953,-6755.282268687027,6.947377869032197e-06,0.0001477055320525348,-0.020019979679216766,4.387090879110376e-10,0.702440576903515,0.043169429799364945,-0.7011128043413133,0.00010385815413528526,6.3827424574458486e-06,-0.0001036618385863891
53826.97825162881,15.339951820698808,-87.21201746061494,326.10647073212033,-6696.518047095456,7.254919948108951e-06,0.0001489780385334721,-0.019800181680588332,4.41541052001251e-10,0.7020749266534714,0.044332699222936096,-0.7006738288355616,0.00010470664285560577,6.611727506759565e-06,-0.00010449768474692507
53951.06225151276,15.263562473726257,-87.13859026309602,332.04193210936927,-6643.152849003942,7.50517486435715e-06,0.00015015580552038392,-0.01959721587510242,4.4406432720849427e-10,0.7017418228850065,0.045232597854824245,-0.7002825130454677,0.00010549096339465052,6.799694943264246e-06,-0.00010527158926609802
54075.4322945581,15.198901187664449,-86.95840365049813,350.46144378826574,-6595.5811520780835,8.03358964943114e-06,0.00015118979110104237,-0.01941213039590631,4.462385270210067e-10,0.7012793218308,0.04742687357072653,-0.6996737660444138,0.00010616453856775717,7.179809801325303e-06,-0.00010592147837205442
54200.089040162384,15.110955695996962,-86.75508418949477,370.3499977459832,-6532.311249310742,8.651369843921699e-06,0.00015259468313041287,-0.019181695889322548,4.495243916525907e-10,0.7006448352146523,0.04988778183519451,-0.6988665068069375,0.00010707491080801229,7.624019363214909e-06,-0.00010680314065275942
54325.0331492433,15.025218516985223,-86.54547793872494,390.6196217211663,-6470.860215026773,9.29501950319389e-06,0.00015397785609461647,-0.018957547369532365,4.5274963977526424e-10,0.7001108212756311,0.05242768711139544,-0.6981450420159039,0.00010798619318690261,8.086528841874211e-06,-0.00010768298830497131
54450.26528424212,14.95114752380003,-86.27389387689679,417.83687816661444,-6415.955254586138,1.0107554024942129e-05,0.00015520318513264795,-0.018753462230042036,4.555738684629344e-10,0.6993639939546071,0.05570042297669769,-0.6971423519772391,0.00010876170855218216,8.662260600190508e-06,-0.0001084162095282998
54575.786109127104,14.884264576992887,-85.95522877299621,450.0683879432753,-6364.801886758663,1.105458852877176e-05,0.00015633238816616262,-0.018561156041852298,4.581790648121186e-10,0.6986521070038502,0.059539812307548026,-0.6961104634835632,0.00010948279930998004,9.330230677720173e-06,-0.00010908450916720437
54701.59628939716,14.799174834384308,-85.65236332230542,479.1651990033381,-6302.603690186615,1.1993398352149051e-05,0.000157752768501049,-0.018337500177062472,4.6163649210484466e-10,0.6980696604246118,0.06318950209179974,-0.6952038101382381,0.00011042818259204558,9.995996489303501e-06,-0.00010997483150597681
54827.696492085364,14.740222216367734,-85.25128969791268,519.5900959136902,-6254.776637204699,1.3190175582763417e-05,0.0001587820913534136,-0.018156491763073292,4.640965354087584e-10,0.69694057796112,0.067967909069391,-0.6936184344043308,0.0001110306942706187,1.0828073971778063e-05,-0.00011050143838103332
54954.087385762454,14.674747061658257,-84.84160106555514,559.9427779836267,-6202.627857879492,1.4436676284355057e-05,0.0001599187167284927,-0.017963702623451705,4.669220743727744e-10,0.696163045229457,0.07286804466376647,-0.6923389586106147,0.00011176993017443522,1.1699064349691778e-05,-0.00011115596783142098
55080.769640540355,14.617555727438361,-84.38448187195793,605.1274612769787,-6154.403280778757,1.582327988305021e-05,0.00016092947660881427,-0.01778304316205462,4.694984693212051e-10,0.695165706208828,0.07830062146785732,-0.6907418995301833,0.00011239970501167322,1.2660242984676285e-05,-0.0001116844301336588
55207.74392807573,14.557900021920664,-83.87423070524468,655.007167272953,-6103.076935487969,1.7384994188375266e-05,0.00016198594817887075,-0.017594177795392168,4.723580128650167e-10,0.693725485254364,0.08429751665866207,-0.6885847642640559,0.00011300656777804266,1.3731905821961943e-05,-0.00011216915406416381
55335.01092157365,14.509052504039415,-83.32822770548587,708.5350527214877,-6057.223715982675,1.90507478334256e-05,0.00016286370186005552,-0.017421828960663473,4.748391485417567e-10,0.6926532416992489,0.0907386471631965,-0.6866840693852385,0.00011356454863425939,1.4877131713830984e-05,-0.00011258586793409017
55462.57129579107,14.476271194744932,-82.80982132041727,759.6749994588674,-6021.7478586836305,2.0621738092056706e-05,0.00016346320108813952,-0.01727995863464891,4.765380296127384e-10,0.6914749220812496,0.0968065395512746,-0.6846649266373864,0.00011391383968514809,1.5947945868703648e-05,-0.00011279195846505423
55590.42572704037,14.448039381230355,-82.13849391838242,826.2487171233633,-5983.98155145432,2.2642706650508343e-05,0.0001639863833536265,-0.017132091197880606,4.784426483691399e-10,0.6901978784909202,0.10465179240455276,-0.6822177906064026,0.00011424402797691182,1.7322339972183754e-05,-0.0001129231352127521
55718.574893192985,14.433302324482028,-81.54773745691222,885.1096170139423,-5956.350308865816,2.440905458076223e-05,0.00016426087458154407,-0.017013762398986717,4.795566302043645e-10,0.6890743797204127,0.11152193398572315,-0.6799899697989343,0.00011441789211946036,1.851774639612835e-05,-0.0001129094641979544
55847.01947368306,14.43359609119096,-80.94556213872367,946.0980950030917,-5936.914872725506,2.6177204618143444e-05,0.00016426609063548188,-0.016919243992158217,4.800199748664618e-10,0.6878812507047274,0.11848032188765424,-0.6776009359471826,0.00011440834038826385,1.9705635212395614e-05,-0.0001126985194724085
55975.760149511014,14.439060867077522,-80.31985485577103,1009.679832775003,-5919.220228952189,2.8002618970711492e-05,0.0001641645829644023,-0.016830019925964525,4.80347608827333e-10,0.6866629180559991,0.12567346844728125,-0.6750645468113474,0.000114340876052995,2.0926737269521064e-05,-0.00011240955299181117
56104.79760324706,14.452375999184408,-79.72124108867774,1071.145926310339,-5906.581717234982,2.9725103587987527e-05,0.00016391207685446097,-0.016755459733086304,4.802682920201742e-10,0.6854813941361826,0.13251446015128157,-0.6725508602014415,0.00011417821434077557,2.2072465516692503e-05,-0.0001120244209807063
56234.13251903491,14.48139060450819,-79.18797185939263,1127.762576010489,-5905.203060637041,3.1202559303900845e-05,0.00016338319130337084,-0.016713021344174617,4.792755734223679e-10,0.6846961550467928,0.13863270450973345,-0.6705145770049885,0.00011387650659042992,2.305695449344664e-05,-0.00011151787122576972
56363.76558259543,14.493786601768033,-78.7489576743101,1173.0488591580843,-5896.754213693095,3.2451500664890966e-05,0.00016312920113464085,-0.016650725365961308,4.788583950296053e-10,0.6838843391870797,0.1436191629912968,-0.668633924810152,0.00011373437536910274,2.3884792877791194e-05,-0.00011119813312185137
56493.69748123025,14.5715512061381,-78.36116047704621,1221.3697077579125,-5929.639503947574,3.3323077173004416e-05,0.00016178052684871866,-0.01670507472306589,4.751074501913837e-10,0.6832650169872474,0.14803061132495832,-0.6670367467758749,0.00011284639180600498,2.4448376471132084e-05,-0.00011016617008664766
56623.92890382535,14.601983319071845,-77.9024410673064,1271.1987829457498,-5930.845360032748,3.455201462318918e-05,0.0001612042572388701,-0.01667004346106183,4.739183569741385e-10,0.682689183034281,0.15326034329742977,-0.6652636979456853,0.00011253879391808603,2.5264402335342804e-05,-0.00010966626697018259
56754.460540854714,14.631066564086225,-77.50749260343692,1314.583733019312,-5933.375841098505,3.5593667228868276e-05,0.0001606520755789423,-0.016638799582159462,4.726267219640805e-10,0.6819873761902361,0.1577035381550335,-0.6635031087615388,0.00011220639883352727,2.594673555181184e-05,-0.00010916520898799641
56885.29308438413,14.61725937874116,-77.33438922467323,1329.9788897920203,-5918.14193142596,3.614736318428949e-05,0.00016084858745756475,-0.01655790963243581,4.727535026725559e-10,0.6817786071075324,0.15968191862923653,-0.6628150224401774,0.00011238494041181176,2.632209741242298e-05,-0.00010925896768310323
57016.42722807475,14.610543075163525,-76.7069607937327,1391.381523131977,-5889.153720622601,3.799712458352832e-05,0.0001608264188461707,-0.016438910167342013,4.739878846821812e-10,0.6804369945011276,0.16662534015490085,-0.6597200159946575,0.00011243169142219777,2.7532260854143644e-05,-0.000109008531080442
57147.86366718671,14.625087587174203,-76.18017513321224,1445.5938186527408,-5876.625202667195,3.947071468060907e-05,0.00016045627317051584,-0.016366210207782877,4.739059248175276e-10,0.6797571653922085,0.1725345641801539,-0.6574964852113011,0.00011230949819501664,2.8506165599870674e-05,-0.00010863158798254398
57279.60309858293,14.631479772502924,-75.65469160089484,1498.309841266818,-5858.742936777422,4.0971232900754846e-05,0.00016020713123355508,-0.01627888197982159,4.742591173482459e-10,0.6786505890584061,0.17829000368887016,-0.6548124133016603,0.0001122103794961931,2.9479071110898315e-05,-0.00010826889503970321
57411.64622073274,14.679443954984988,-75.08928634744319,1561.4606218920871,-5863.987510736246,4.240275492557226e-05,0.00015924143191204328,-0.016255980449934933,4.727451641125834e-10,0.6778780632767074,0.18455597090062542,-0.6522712336725477,0.00011169428684920173,3.0409374001372396e-05,-0.00010747503750916496
57543.993733715695,14.732465382369991,-74.51826929628959,1626.320201376619,-5871.590739222193,4.381192094386409e-05,0.0001581765196446422,-0.01623962171072387,4.710471221318361e-10,0.6769348315142998,0.19080468014495125,-0.6494877521186033,0.0001110932317441726,3.131336660841927e-05,-0.00010658883248732567
57676.64633922509,14.784346407905982,-74.13369562553484,1673.0262552639276,-5886.34079342042,4.467595460043578e-05,0.00015718694982946207,-0.016242973429597567,4.687861037599148e-10,0.6766333172280096,0.1950960273169468,-0.647896740312934,0.00011055701367337848,3.187728657534193e-05,-0.0001058616638494272
57809.60474057181,14.83880268931899,-73.75208724889104,1720.2321089127875,-5902.649397267409,4.5508222014599385e-05,0.00015615281092210153,-0.016250514652873797,4.664156816390982e-10,0.676341519922873,0.19934406422123108,-0.6462969871748928,0.00010999288516971725,3.2419167120851916e-05,-0.00010510676662874222
57942.86964268809,14.872383988075345,-73.32281774664654,1768.6376568799355,-5903.717381980554,4.6565204795373726e-05,0.00015543478217629872,-0.01621607300007653,4.652587746220849e-10,0.6756892100773516,0.20400682797701558,-0.6441561322798315,0.00010962388783284693,3.309808902339445e-05,-0.0001045079580060201
58076.44175213121,14.911532585900316,-72.87381847371809,1820.1878355909105,-5907.007301908452,4.764163894929942e-05,0.0001546101471758474,-0.01618779289184242,4.639301782733229e-10,0.6749117481399529,0.2088310495986013,-0.6417908230107952,0.00010917642706818707,3.378134684854657e-05,-0.00010381865358630579
58210.32177708716,14.948155631599606,-72.48162219058229,1865.853996535312,-5911.120978253321,4.856116224155821e-05,0.0001538442479355084,-0.01616180935240129,4.6254105202892775e-10,0.6743758262071086,0.2130730621220331,-0.6398301533770197,0.00010878126429176224,3.4370088878354334e-05,-0.00010320881963964247
58344.51042737448,14.98309149398863,-71.94540609147423,1925.518506394615,-5906.979368168154,4.988386452804292e-05,0.0001530304474317302,-0.0161133405405131,4.618007965432193e-10,0.6737015996274495,0.21885571464386055,-0.6371624765382133,0.00010842262769183444,3.522169411529305e-05,-0.00010254217892775087
58479.00841444806,15.021066507636727,-71.27267654125016,1999.3217007857945,-5897.479151481776,5.155874531136219e-05,0.00015208489230663071,-0.01605042534387132,4.614808855934372e-10,0.6727437920704729,0.2260228363507904,-0.633638609317096,0.00010802031351327591,3.629176208171483e-05,-0.0001017413197108757
58613.81645140288,15.10047125002372,-70.44831368439675,2097.1489949741313,-5905.231003652126,5.340362525792824e-05,0.00015037593625264934,-0.01603455910621318,4.598151119980686e-10,0.6718730389053026,0.23483440474855233,-0.6294967694549666,0.00010720217462366903,3.746951791147545e-05,-0.00010044073611600648
58748.93525297769,15.21106559966719,-69.50365834158961,2214.857895612483,-5925.059803803301,5.535493891953395e-05,0.00014808233258839374,-0.016051398239470136,4.5722228890092943e-10,0.670612395705068,0.24474347833902854,-0.6243569612679947,0.00010600399548677725,3.8686708953525655e-05,-9.869237867994615e-05
58884.3655355589,15.392090421889675,-68.53928764520975,2353.622955155965,-5987.05579428527,5.687225622987621e-05,0.00014466946392124798,-0.016182046211435507,4.514470570354651e-10,0.6700276958517817,0.25501726729619223,-0.6195993113208165,0.00010414050758346882,3.963661177470115e-05,-9.630256656374298e-05
59020.108017184415,15.624461958794537,-67.7430828040769,2492.889777780267,-6091.335767144434,5.754743204484017e-05,0.00014061621747038454,-0.016426032244658502,4.4269803293909886e-10,0.6700619224752902,0.2636385951422724,-0.6160175899296145,0.00010179378752947188,4.005118070184118e-05,-9.358353543216741e-05
59156.163417547396,15.9008496688872,-67.35831946957373,2607.244938116617,-6250.683202462678,5.68414005365588e-05,0.00013627319103934124,-0.016816964994019874,4.304201981791296e-10,0.6707705645977433,0.26807517768564787,-0.6148730352191285,9.902847914209498e-05,3.957698584742861e-05,-9.07761084891216e-05
59292.532458,16.187667861389464,-67.41689956975108,2682.148587592691,-6448.80873575713,5.498340654991211e-05,0.0001321990415150724,-0.01731010204492392,4.162369544143324e-10,0.6724164380319021,0.2681253086810856,-0.6166463208194657,9.626249541966201e-05,3.838456325421347e-05,-8.827849867438692e-05
59429.21586155727,16.463338761927453,-68.02701224941892,2695.070385132931,-6679.598210151054,5.194771979966449e-05,0.0001287498456846991,-0.01788835773115079,4.0093114287157455e-10,0.6746876697458117,0.26245023478554835,-0.6215491339934793,9.365804634511465e-05,3.6432526271143844e-05,-8.628151989091325e-05
59566.214352901035,16.69265655776172,-69.12594782061677,2636.285031642154,-6913.1406950702485,4.815879001767979e-05,0.00012628698608100898,-0.01847121771733989,3.864957618427673e-10,0.6772047790091653,0.25143908918827007,-0.6287962286313632,9.151778287141445e-05,3.397960068058952e-05,-8.497582785290792e-05
59703.52865838369,16.848026062262043,-70.53588303136999,2514.005089235533,-7113.486400743717,4.4165859389392536e-05,0.00012496921405960156,-0.018962807538116248,3.7474653510027465e-10,0.679936910886603,0.23686640095261716,-0.6373448916291479,9.01098983503413e-05,3.139115846001068e-05,-8.446531211833257e-05
59841.15950603199,16.926488036363956,-72.07769184168423,2348.68738407088,-7262.007622754467,4.031867664600206e-05,0.0001246630518511796,-0.019314204796046678,3.662380231999012e-10,0.6824615175236589,0.2204714744861815,-0.6458684477806486,8.940504988419552e-05,2.8882600217521957e-05,-8.461121881565286e-05
59979.10762555094,16.953192756473648,-73.6060580794269,2167.157483708508,-7366.244929533862,3.675756449643389e-05,0.00012494026166964483,-0.019546377713387252,3.602251048832244e-10,0.6847318028716339,0.20386671719582813,-0.6536788228814165,8.916444718471148e-05,2.6547128469707842e-05,-8.512078836434746e-05
60117.37374832779,16.899466680179682,-74.99506525531677,1982.4312555253318,-7395.986116889873,3.381220312992653e-05,0.0001261454006202746,-0.01958015921437017,3.57951382714778e-10,0.6865724027002291,0.18849127734680857,-0.6601914135413562,8.96534157051094e-05,2.461340825570421e-05,-8.620855573335624e-05
60255.95860743578,16.84434271781032,-76.33966703221765,1802.9670659852923,-7418.3846758818145,3.09346346150907e-05,0.00012728186982005808,-0.019594287738674526,3.5604982937593834e-10,0.6885583782992672,0.17347279145973613,-0.6663481304463034,9.018035341377224e-05,2.2719696883440366e-05,-8.727148168421028e-05
60394.862937638005,16.75287681576149,-77.3703522403599,1656.8885939517618,-7394.518219004601,2.885350053347384e-05,0.0001287701153569791,-0.019486328291743404,3.5637747653657963e-10,0.6895790934693671,0.16172300586475297,-0.6703469217682014,9.098692528128077e-05,2.1338638584370124e-05,-8.844932490136373e-05
60534.08747539136,16.640277832403353,-78.28410614602613,1523.6888086905633,-7347.350405905869,2.706125187560141e-05,0.0001304915405419243,-0.01931749836327408,3.578404070340624e-10,0.690809870916771,0.15130704425156,-0.674035945714991,9.205054697202627e-05,2.016169248652024e-05,-8.981541824168169e-05
60673.632958850525,16.52177964284418,-79.10673913345693,1403.099011128746,-7290.808059603881,2.5453242295730502e-05,0.00013226059073584103,-0.01912475131672371,3.597861711417709e-10,0.691698412414404,0.14182184840469908,-0.6770031440485941,9.31506616321619e-05,1.9099073780841863e-05,-9.117165756540504e-05
60813.5001278718,16.405368768168778,-79.72983380624092,1309.552629748148,-7227.392596373953,2.427339072722178e-05,0.0001339643176193339,-0.018914801071472823,3.6210830467615176e-10,0.6921847207058078,0.13457131586573196,-0.6789773549425213,9.42252401645404e-05,1.8318830476028485e-05,-9.242735706518848e-05
60953.689724016935,16.290847832561855,-80.29555470900598,1225.0083802538463,-7163.247824326583,2.319530859645657e-05,0.00013563478137490034,-0.01870381112276838,3.6451059406878036e-10,0.6930274546930727,0.12804228760814926,-0.6810963408670104,9.535033366320882e-05,1.76167260961467e-05,-9.370878876252001e-05
61094.2024905572,16.165196725917706,-80.70738511305,1159.348102063405,-7085.443361841002,2.249082789057543e-05,0.00013745439087359707,-0.018458107137235294,3.676656872634003e-10,0.6931792797437611,0.12319628255384917,-0.6821438190227862,9.653444951964362e-05,1.715672361643372e-05,-9.499761459536722e-05
61235.039172477336,16.04514646586959,-81.10306810032272,1097.6487891454465,-7011.895097384383,2.1791065671619542e-05,0.00013920360324778122,-0.018224496632511963,3.7066768145202874e-10,0.6935399642462238,0.11857013657902195,-0.6833292066919762,9.770565740885728e-05,1.670411762947576e-05,-9.626716960582993e-05
61376.200516479425,15.937543017819165,-81.26065393172036,1066.7937346678957,-6939.652430371488,2.1640211932156574e-05,0.00014077280775884543,-0.01799524861980917,3.7366499252865994e-10,0.6933824267796304,0.11668979673065981,-0.6834930000415269,9.874242063093413e-05,1.6617428632610834e-05,-9.73340983299091e-05
61517.68727098683,15.836730907405483,-81.44408665036686,1034.1790899204348,-6873.959648917818,2.1402337506964145e-05,0.00014225660318341053,-0.017783904195232444,3.763684003517527e-10,0.693482479443272,0.11454363141924703,-0.683957385950382,9.974895590641424e-05,1.6475697625369745e-05,-9.837888793931937e-05
61659.50018614822,15.735568374175893,-81.55487618797086,1010.5329367574984,-6806.219907127929,2.1343663082328373e-05,0.00014375549700349426,-0.017568153142980242,3.7924001468230866e-10,0.6933080617077827,0.11321858795182368,-0.6840011840422484,0.00010074542955887266,1.6451929390751867e-05,-9.939303595485695e-05
61801.64001384158,15.653945825332096,-81.61001825508833,995.6859173721023,-6750.939666625312,2.138198650589655e-05,0.0001449739303684046,-0.017385386831448635,3.814660610616106e-10,0.6931493189964429,0.1125607065411343,-0.6839488765749917,0.0001015615283164881,1.6492604221630903e-05,-0.00010021346236893254
61944.10750767815,15.56864544687367,-81.61331360560915,986.5808639956424,-6691.871985113606,2.1562491698956234e-05,0.0001462560641457234,-0.017193637099977416,3.8394808629512625e-10,0.6928585989497225,0.11250045830937704,-0.6836641609875074,0.00010241581958194574,1.662940556495201e-05,-0.00010105673144921125
62086.90342300637,15.503436240005506,-81.52658701883884,989.8117137133604,-6644.073337934107,2.1935645046178634e-05,0.00014724217988382716,-0.01703156472135229,3.858208682683109e-10,0.6924870080445834,0.11350059886970368,-0.6831221489358675,0.00010307410318557611,1.68941399674134e-05,-0.00010168017890558729
62230.028516915954,15.433429640268113,-81.55282968671315,979.7358696861547,-6597.171021172498,2.2025174296151e-05,0.00014830919852856553,-0.016872439294428356,3.8767017385859614e-10,0.6924848944861669,0.11321374200996402,-0.6831676058710768,0.00010381359248790728,1.6972392279797597e-05,-0.00010241679493884753
62373.483548241915,15.373778478401654,-81.50332571794151,979.2735520830935,-6555.075080357329,2.2292703155271503e-05,0.00014922321001734147,-0.01672621989391481,3.892624047621246e-10,0.692286686428373,0.11379782165907193,-0.6828696156599929,0.00010443685713005461,1.7167290770295015e-05,-0.00010301621840667411
62517.26927756858,15.32252657052683,-81.48340716095362,976.3335392503143,-6519.883557793651,2.2464016737751e-05,0.0001500130513624747,-0.01659816093373024,3.904633645060093e-10,0.6922008537165905,0.11404756191899519,-0.6827409285419394,0.00010498201632047362,1.7296920312080824e-05,-0.00010354728532622049
62661.386467233555,15.273006192623122,-81.50259158738187,969.2425540987398,-6487.360619316971,2.252728112678562e-05,0.00015078021061310466,-0.016477380543181895,3.9151832272698046e-10,0.691888737677706,0.11379417131265607,-0.6824667844668452,0.00010546595878610904,1.734586896448441e-05,-0.00010402975195846708
62805.835881331805,15.229840755961618,-81.41846766659481,974.2159977673858,-6455.775990537733,2.2854895786379262e-05,0.00015145110306346963,-0.016359445678414394,3.925289379861839e-10,0.6916484373385989,0.11478278850632774,-0.6820575286115076,0.0001059217137303389,1.757827967069532e-05,-0.00010445292491544066
62950.61828571976,15.197057360800155,-81.43794870223063,968.7934077076143,-6434.669877724798,2.287936894292158e-05,0.0001519634475081004,-0.016268458453516748,3.929107043192867e-10,0.6916895413103087,0.11458433402888832,-0.6821325765224978,0.00010628083523926778,1.760633636711605e-05,-0.00010481236977992794
63095.73444801933,15.166376759588836,-81.43507051859011,966.0529712694839,-6414.2794051259425,2.2959584856363963e-05,0.0001524442206320129,-0.01617960837811251,3.932531932601837e-10,0.6914616216698538,0.1146075337060093,-0.6818975637587584,0.00010658268405337397,1.766573613387942e-05,-0.00010510846924425017
63241.18513762197,15.134404422285641,-81.45599782756331,960.5962181531481,-6393.905334223825,2.2978148337270953e-05,0.00015294678705557796,-0.01609112222341923,3.935989486068908e-10,0.6913943489364993,0.11437409891830753,-0.6818685439569353,0.00010691770800336495,1.768689103419142e-05,-0.00010544463082697692
63386.971125692704,15.096201087107346,-81.58444304968297,942.8645948994957,-6373.0921363618745,2.2716729249760727e-05,0.0001535488863710533,-0.01600185492805396,3.9397615235712884e-10,0.6916865138643292,0.11291973580710774,-0.6824070388903106,0.00010734800793865985,1.7524859098569017e-05,-0.00010590785675281075
63533.09318517436,15.077164887298448,-81.69493782891239,929.0180982953557,-6364.251135094435,2.2458078370183485e-05,0.00015384937174177607,-0.01594290434240732,3.9361607187429526e-10,0.6916276371370175,0.11162091949058243,-0.6825610293474209,0.00010751837689819215,1.7352256397951955e-05,-0.00010610890899788497
63679.552090791585,15.03293490054708,-81.83134641699543,910.0472593469608,-6339.858256992425,2.2184376902597063e-05,0.00015454780357570418,-0.015845271315094913,3.942217516955984e-10,0.6918807705549217,0.11006283088363404,-0.6830704018778392,0.00010800870562108295,1.7181781033166917e-05,-0.00010663332917277815
63826.348619054894,14.982719235630917,-82.00322777183493,886.8472505725833,-6312.826507774552,2.1822954258292775e-05,0.0001553418855735934,-0.015741422865821218,3.949992560307721e-10,0.6919339544275952,0.108048573858222,-0.6834457571578111,0.00010852569168914834,1.6946770914992874e-05,-0.00010719436884539612
63973.48354826482,14.933504060676356,-82.21254495472883,859.9092875293177,-6287.729346280677,2.1350952760323646e-05,0.00015611997008180045,-0.01564278120839778,3.9566377687028067e-10,0.6923495109610256,0.10564160100941046,-0.6842424259457607,0.00010907945590002757,1.6643802264724905e-05,-0.00010780218710962593
64120.95765851615,14.879506750480985,-82.35141943661493,840.3208276449842,-6257.435370742465,2.108094150584438e-05,0.00015697888792892508,-0.015531610984906439,3.966648876579541e-10,0.6922712738933067,0.10399829928043475,-0.684414984059115,0.00010963108514333102,1.64696222899062e-05,-0.00010838692896900493
64268.77173170198,14.807176796980311,-82.47036263795779,821.4954591245207,-6215.033384178193,2.0902397331924467e-05,0.00015813732843479586,-0.015390885151850327,3.9845260072371387e-10,0.6923640549682709,0.1026183228660436,-0.6847170688863154,0.00011042429696546773,1.6366470900598008e-05,-0.0001092046885008958
64416.92655151775,14.757733017207777,-82.72547231606826,790.3584834415622,-6191.552046500268,2.028641742027628e-05,0.00015892080862817395,-0.015297471741734946,3.9904383322777797e-10,0.6926224142969759,0.09963316634782714,-0.6854188799194825,0.00011094852264725727,1.595985400527358e-05,-0.00010979461616008004
64565.422903465565,14.698427632508821,-82.79320324692137,778.4576482919714,-6156.253612109266,2.0216814770513317e-05,0.00015988003872708585,-0.015175277249549844,4.0040881414945604e-10,0.6926825612158135,0.09885889743615288,-0.6855917509788223,0.00011161104771534856,1.592900664261925e-05,-0.00011046851460709157
64714.26157485831,14.624530354964785,-82.98035965332396,753.0395091232675,-6115.682799722204,1.9833194386465296e-05,0.00016107192823663368,-0.01504059730067316,4.021380611800307e-10,0.6927994797604444,0.09666275210593953,-0.68602290888253,0.0001124161639006614,1.5684849803275967e-05,-0.00011131657285772429
64863.443354823845,14.562962052103206,-83.092442767831,736.670758829494,-6080.794193665235,1.963474047492889e-05,0.00016207351037494605,-0.014920398976542223,4.035151331211863e-10,0.6928344273625539,0.09535298940083076,-0.6862414670880236,0.0001130937947362029,1.556480305378619e-05,-0.00011201760269587652
65012.96903430906,14.499869346826275,-83.28868627886445,711.6472310979188,-6047.658051044112,1.919189671272149e-05,0.00016309489252200446,-0.014804964105626739,4.0479291682455386e-10,0.6929790318430175,0.09304910968229889,-0.6867035763423818,0.0001137836348802702,1.527819087666612e-05,-0.00011275323698281481
65162.83940608428,14.416335758897876,-83.50447979086032,683.4584567976983,-6002.810691097151,1.872445232926809e-05,0.000164456729606814,-0.014661377598653016,4.0687919565332315e-10,0.6932848763484458,0.09052984093681556,-0.6873487234828,0.00011473424485439719,1.4982113833756518e-05,-0.00011375184924818202
65313.055264747236,14.33380508090534,-83.62499832720553,665.4660147975601,-5956.221620648779,1.852663534279339e-05,0.000165821760289578,-0.014514129054819094,4.0911865500091185e-10,0.6931099133094435,0.08908922045225155,-0.6873605041948762,0.00011562985225941883,1.4862539405350458e-05,-0.00011467069222761076
65463.61740672747,14.25091317563336,-83.7967366652668,642.5100664273745,-5911.269867068399,1.8172624932714076e-05,0.00016719316285207357,-0.014371460920786564,4.1128166119162957e-10,0.6933309149483275,0.08708422356643912,-0.6878401672110429,0.00011658472202514289,1.4643353957504347e-05,-0.000115661443854705
65614.52663029054,14.158117610742952,-83.86822673724728,629.3313116035547,-5858.054652395487,1.8129628948266998e-05,0.0001687574656598407,-0.014209328371513516,4.140632747433757e-10,0.6931594484922862,0.08623259435153084,-0.6877746438373071,0.00011763047077792319,1.4633834526869521e-05,-0.00011671665923284492
65765.78373554205,14.063185376223093,-84.02626119467305,607.5993081407883,-5806.5211470844215,1.7826073613118105e-05,0.0001703548243344443,-0.014051935371777124,4.1677736020062905e-10,0.6930449509334429,0.0843493789693452,-0.6878927869092858,0.00011868947311359106,1.444550361970915e-05,-0.00011780712394908393
65917.38952443213,13.952928821061759,-84.0630148323049,597.2637081648962,-5743.340115696532,1.7912888674277525e-05,0.00017225190599154985,-0.013867068703202803,4.203931162646249e-10,0.6929902088658746,0.08392961029723721,-0.687888980940473,0.0001199936098433113,1.4532697263919131e-05,-0.00011911031489112978
66069.34480075957,13.860930570696482,-84.08698472012763,589.4172938589318,-5691.029471223281,1.800559545383054e-05,0.00017385030171713673,-0.013709163824134478,4.2328150922259e-10,0.6926492986425595,0.08362886795845378,-0.6875821866177287,0.00012104215816354247,1.4614349111885743e-05,-0.00012015666795032207
66221.65037017618,13.769607386854414,-84.05056420517288,587.548176175336,-5638.005751246053,1.8285269936936324e-05,0.00017546213442209496,-0.013550198152347207,4.2627966625801847e-10,0.6923138010628116,0.08405344069070426,-0.687192417194844,0.0001221131881318439,1.4825695516160196e-05,-0.00012120985714117977
66374.3070401909,13.673511572478574,-83.98478456819126,588.1956536913449,-5582.047855824058,1.8669776701781088e-05,0.00017717843774068095,-0.013384855502777076,4.295627125994959e-10,0.691816943280011,0.08480972369004411,-0.6865988594346165,0.00012323389187259164,1.5107222250746584e-05,-0.00012230439052598297
66527.31562017412,13.578269757358663,-83.98126222924249,582.9321829507029,-5528.835420334618,1.886033938419489e-05,0.0001788813784461906,-0.013226769763440943,4.3269957574106685e-10,0.6915625216140862,0.08484906461490387,-0.6863376410595657,0.00012437330546731046,1.5259587242140756e-05,-0.00012343364253745577
66680.67692136219,13.49044540191132,-83.89754963710811,585.676256235894,-5478.093404623655,1.9295800761638246e-05,0.0001804823018925457,-0.013075236849997384,4.357031489253262e-10,0.690966611937367,0.08580614915588262,-0.6856180887193994,0.0001253976292294801,1.557222518652489e-05,-0.00012442697142948678
66834.39175686146,13.412763440178637,-83.81128882041294,589.1594898897833,-5433.275491462792,1.9725711410931353e-05,0.00018191207338564807,-0.012938438263823562,4.3828681441231684e-10,0.6906003614142759,0.08682066138501335,-0.6851211804799188,0.0001263444137725118,1.588372404492708e-05,-0.00012534200493842548
66988.46094165267,13.327783321153149,-83.72433289376478,592.1813181647037,-5384.877241493068,2.0178198184839778e-05,0.00018348623444696308,-0.012793693404497672,4.412089610395074e-10,0.6901400035837724,0.0878302363509875,-0.6845283588932887,0.0001273737868612004,1.6210145400710097e-05,-0.00012633808913170384
67142.88529259522,13.241904088244532,-83.66772487180907,592.2827693022847,-5337.263858005957,2.053885572626579e-05,0.00018508269703967944,-0.012651406353564147,4.441211524717916e-10,0.6894760460672423,0.0884498480542411,-0.6837790889459108,0.00012837233662964018,1.646832219048868e-05,-0.00012731163016780483
67297.66562843176,13.161323751143534,-83.60831759065866,592.9070046963583,-5292.821146667717,2.090240332823441e-05,0.00018659365039634567,-0.01251720457949428,4.4682031762078495e-10,0.6891630215543998,0.08914684072659332,-0.6833728931311641,0.00012937642593156083,1.6735517251466958e-05,-0.0001282894463669966
67452.8027697922,13.076064442353488,-83.56813556005193,591.4821719343672,-5246.839089395479,2.1215916334916124e-05,0.00018819924661352943,-0.01237992110624408,4.4969948087600905e-10,0.6890579404923667,0.08964100746797825,-0.683202265171675,0.00013047996770458424,1.697441546217515e-05,-0.00012937113739898407
67608.29753919819,12.990097242336226,-83.57948707990873,585.4189707801535,-5202.3133587855655,2.1360370614986778e-05,0.0001898184837619266,-0.012246631208006351,4.525052512419395e-10,0.6886175031115865,0.0894770851400761,-0.6827795521443737,0.00013151544303183308,1.7088758912198726e-05,-0.00013040048341436501
67764.15076106749,12.90034021247543,-83.50883944222313,586.425551916684,-5154.0604695856555,2.1793535258494943e-05,0.00019154212875138927,-0.012105135112242501,4.556911792359016e-10,0.6882277692035422,0.09029648208234997,-0.6822785410859967,0.00013265296372698372,1.740426134825388e-05,-0.00013150627541100133
67920.36326171843,12.801658987644554,-83.52000808476828,579.715977431608,-5103.947619254145,2.1970296587732965e-05,0.0001934313479853956,-0.011959866730339629,4.591070089634035e-10,0.6878944593319541,0.09014856277468289,-0.6819618932237054,0.00013389339894205146,1.75467287399948e-05,-0.00013273867029159358
68076.93586937414,12.688835520109373,-83.5981623943547,566.5087991571774,-5049.077872122455,2.1945695162652652e-05,0.0001955936500879511,-0.011804081531315036,4.6302886199361296e-10,0.6873716234203013,0.08917923283726516,-0.6815620390793617,0.00013526630724360495,1.7549379546234865e-05,-0.00013412305227985055
68233.86941416697,12.593456619774301,-83.43686637941316,574.9343173381211,-4997.171757125149,2.2722633298445837e-05,0.000197498910644651,-0.011655862307884178,4.667623899322912e-10,0.6869950653337438,0.09107650253424635,-0.6809311936451761,0.00013655266693807482,1.8103098470440792e-05,-0.00013534736300966605
68391.16472814293,12.47379330048308,-83.46558541736884,565.7276373758281,-4938.950693097295,2.2891643612851313e-05,0.00019985005436939436,-0.011493566743865005,4.711784738328485e-10,0.686558824378531,0.09070644702867803,-0.6805404909330995,0.0001380824737723227,1.8243113551348704e-05,-0.00013687205109530866
68548.82264526613,12.354730120604188,-83.39743241168536,564.7672886182543,-4879.225985884438,2.3409258720926013e-05,0.00020224093314766804,-0.01132846494146989,4.758490409082429e-10,0.6859164463300657,0.09145917347125022,-0.679791579040239,0.00013962267474521524,1.8617099062671733e-05,-0.00013837591887860704
68706.84400142322,12.226579608362101,-83.26622365884369,568.4245877711923,-4814.273594991162,2.418793371305779e-05,0.00020485977049086439,-0.011151952198877903,4.811598314304577e-10,0.6849272398342277,0.09291046177541099,-0.6785963232729849,0.00014126439913232132,1.916253259103341e-05,-0.0001399586646367897
68865.22963442763,12.101215336346662,-83.20959077875813,566.0129648180763,-4753.494928326721,2.4699374783329522e-05,0.0002074305008245426,-0.010985837393145584,4.861912031988021e-10,0.6843207790063603,0.0935272720523292,-0.6778993863120998,0.00014292707435625184,1.9534083688603597e-05,-0.00014158590381278843
69023.98038402418,11.956183866709074,-83.12234270074937,564.9307945984665,-4683.649442523869,2.538362373541512e-05,0.00021044700748188848,-0.010799521504555319,4.923067038505866e-10,0.6835153297729678,0.09447714579954265,-0.6769544112835227,0.00014486120237685253,2.002306655243684e-05,-0.00014347071046002423
69183.09709189364,11.815240634061933,-82.99099681304622,567.4592541260437,-4615.5887173776255,2.6240078331675594e-05,0.0002134310236552867,-0.010618110355396396,4.984172085994135e-10,0.682479264383429,0.0959122098924705,-0.6757061449379375,0.00014673339810481405,2.0621175194207223e-05,-0.00014527717388838364
69342.58060165691,11.673210030157296,-82.85560089315838,570.0569901802929,-4547.954746698314,2.7134126367820608e-05,0.00021647796788354823,-0.01043845603401137,5.046659421369879e-10,0.6813708048037128,0.09737935466665874,-0.6743763303405336,0.00014862992129602507,2.1241717017993863e-05,-0.0001471041908396565
69502.4317588797,11.52011320285646,-82.59420653514461,581.4168663807972,-4473.12059190428,2.8575271806748732e-05,0.00021984335874823736,-0.010243084094057693,5.11928755637512e-10,0.6799533258023098,0.10027499193146427,-0.6725187367373245,0.00015071416305531616,2.2226321882456897e-05,-0.00014906625896238842
69662.65141107688,11.364421171499423,-82.42261227687341,585.4137062005595,-4400.719267557555,2.970280275490659e-05,0.00022328431158937927,-0.010054113795619353,5.191543136111447e-10,0.6789727581028326,0.10217016225325057,-0.6712415840745507,0.00015291245518709554,2.3009892768985423e-05,-0.00015117130609379974
69823.24040771712,11.201206878748938,-82.14183782810386,596.7017350052032,-4323.384431820123,3.132669823621858e-05,0.0002269766476439243,-0.009854713118336855,5.272253420911277e-10,0.6771463851950984,0.10520361241682451,-0.6689240815796955,0.00015512582738479215,2.4100841083758955e-05,-0.0001532421997390788
69984.19960022735,11.02219001987997,-81.81580273765313,609.7314254590186,-4239.525532385949,3.3236294411307065e-05,0.00023109538540277082,-0.009641339740939626,5.364174243413535e-10,0.675767868396915,0.10881537429179773,-0.6669493431104391,0.00015774553530667053,2.540094057442419e-05,-0.0001556870133541093
70145.52984199714,10.83669905051069,-81.49177907919687,621.5149376845173,-4154.575728442774,3.5219735672953955e-05,0.00023542967371654484,-0.00942642054483986,5.461267533957659e-10,0.6739632971294329,0.11231367869165962,-0.6645390608958385,0.00016040787235458372,2.673142337569391e-05,-0.00015816483970097092
70307.23198838334,10.65633665579768,-81.01703805918893,643.241898133884,-4069.1006147603184,3.7901656553461685e-05,0.00023976307269403795,-0.009211249802643045,5.563161951595802e-10,0.6712599104072737,0.11737224943307982,-0.6609187713955476,0.00016291251811788472,2.848584939431577e-05,-0.00016040275852925498
70469.30689671467,10.457678287385262,-80.52169898672005,664.0297976140976,-3977.3383324404103,4.083784967888937e-05,0.00024460641002240115,-0.008982819383828493,5.678421100524702e-10,0.6688105397491408,0.12266126890819383,-0.6574661597294335,0.0001658296595037259,3.041351062584966e-05,-0.00016301685294021904
70631.7554262962,10.260088491902376,-79.86608276878799,694.0686491467987,-3883.1634228874655,4.460397792747649e-05,0.0002495495738298691,-0.008749954604074494,5.80275805933957e-10,0.6658445595577949,0.12962757045575876,-0.6531046397557217,0.00016876388980875163,3.2855195259236774e-05,-0.00016553485025171556
70794.5784384138,10.040471566419178,-79.12544466484614,726.1660797438338,-3779.9666160601964,4.9014059960023304e-05,0.00025513655282799523,-0.008497831118405118,5.947468730925423e-10,0.6622130179708673,0.1373343923815032,-0.6478158270984798,0.00017201281313608308,3.567322679077305e-05,-0.00016827307798136668
70957.77679633888,9.825959930287036,-78.24881763901418,764.8019002048076,-3676.5463851654013,5.423390267386562e-05,0.00026071255677531256,-0.008246319954261923,6.10070579873259e-10,0.6586665046294532,0.1464693147442981,-0.6421746679518877,0.0001753666021386241,3.8996709053438716e-05,-0.00017097573461941296
71121.35136533288,9.620151119037997,-77.10979725569601,817.012452188521,-3570.068814326899,6.091243581916667e-05,0.00026616679701782275,-0.007989079060937335,6.268210091339325e-10,0.6536916412362939,0.15803126905128959,-0.6343018838252322,0.0001784561702936413,4.3142138100773053e-05,-0.00017316281539628224
71285.30301265194,9.421724721258801,-75.75155425933659,878.8028813329104,-3460.6881065958596,6.893297887851343e-05,0.0002714551183483487,-0.0077264961413758436,6.451454983549671e-10,0.648295065947664,0.1716213655740727,-0.6251660574683949,0.0001815348980856728,4.8057233110776766e-05,-0.00017505833761552767
71449.63260755134,9.243666960591382,-74.086544854164,954.9339081285643,-3349.3360835519134,7.872529003056409e-05,0.0002761211559700514,-0.007460687680526971,6.650608810805255e-10,0.6421728921273843,0.18794927572469117,-0.6140530051533117,0.0001843493868522771,5.3954837029002755e-05,-0.0001762769752236073
71614.34102129021,9.083039261074163,-72.12418158093507,1043.0896635926654,-3234.133988762831,9.032910396552131e-05,0.00028006837332007675,-0.007187504675635979,6.871667278206833e-10,0.6348804150953542,0.20652088004584643,-0.6003517865191528,0.0001867943943149333,6.076253383207122e-05,-0.00017663538781849232
71779.42912713616,8.982448535312162,-69.80595854195109,1149.5068719997787,-3125.2711019948943,0.00010366484566544672,0.0002818432445622158,-0.006929594598805466,7.094673852432046e-10,0.6274348669928755,0.22795710182020176,-0.5845597249623871,0.0001883853473023294,6.84434035396359e-05,-0.00017551222062902008
71944.89780036994,8.950710968050718,-66.94251425260222,1283.9008662282713,-3016.2633016266386,0.0001194743631781872,0.0002806806558190356,-0.0066725122808929975,7.334168466058351e-10,0.6192929989339812,0.253566498423202,-0.5650025215926389,0.0001888799742224655,7.733598436975203e-05,-0.00017232176352347577
72110.74791828997,9.030221194119676,-63.8117083886053,1439.2384297285207,-2926.428140664565,0.00013532541598089252,0.0002751594852482658,-0.006458891602646337,7.541926007325044e-10,0.6118338982252326,0.28064916023446396,-0.5436697231566003,0.00018757484552225435,8.60408732331316e-05,-0.00016667720541807077
72276.98036021703,9.238408582014047,-60.430067322074116,1621.8875570388223,-2858.530167078972,0.0001501509447924288,0.0002646367212337478,-0.006294524256554785,7.703309583544795e-10,0.6053756364713447,0.3089572532108008,-0.5206006885526784,0.00018416028276068767,9.398735542764067e-05,-0.00015837104143818335
72443.59600749899,9.602695920030905,-57.08481528400113,1831.7780949618727,-2829.853077476617,0.00016119869854659157,0.00024903050998477654,-0.006217045126495299,7.763476514961768e-10,0.6019245180728945,0.33690009782768354,-0.49881003352076175,0.00017852677434324068,9.992230908562988e-05,-0.00014794370991832748
72610.59574351547,10.10488505543169,-54.30637851772678,2053.974401314206,-2859.079453031394,0.00016573470326231902,0.0002306984373555806,-0.006266807522827081,7.6664429320086e-10,0.6014205690500835,0.36040302641808913,-0.48147311391728653,0.00017080638364768718,0.00010235622252725,-0.00013674071962935174
72777.98045368242,10.689030371273605,-52.51702928634579,2267.053507666909,-2956.300556018146,0.0001633412750905638,0.00021300154616460675,-0.006465002790989094,7.397271292115874e-10,0.6044935331211345,0.37720000062936676,-0.47236912590735425,0.0001622276832456525,0.00010122901051796446,-0.0001267695099020486
72945.75102545688,11.26910274949126,-52.106774581966846,2432.4298109985284,-3125.355975983069,0.00015508430408501855,0.00019926316244016031,-0.006818983223929114,6.981048275982569e-10,0.609809981957252,0.38394114197048895,-0.47376936751662285,0.00015394802725073744,9.692688400580415e-05,-0.00011960424010593932
73113.90834834172,11.750233949091758,-52.9458881192704,2519.5317704109907,-3336.969834700591,0.00014410987649295155,0.000190864952125991,-0.007263942745487078,6.523307497095899e-10,0.6162562553188254,0.3809685471002374,-0.48439110059941803,0.0001473546144964784,9.109436684613572e-05,-0.00011582399899117373
73282.45331389041,12.098062919478984,-54.88180884853442,2510.903402535822,-3570.244106413463,0.0001317971050051934,0.00018740180801536633,-0.007753861557370994,6.083061689194737e-10,0.6232787326506215,0.36856271187095513,-0.5026309839165233,0.00014276945358795406,8.442370039313798e-05,-0.00011513364273631163
73451.3868157115,12.243367318296489,-57.33083512158203,2409.8426210655825,-3758.1630118901635,0.00012090847526339707,0.00018855744171294146,-0.008143212078325291,5.765600115670674e-10,0.6292099101842206,0.3500718970421658,-0.5228334132162311,0.0001409107901420309,7.839817336044298e-05,-0.0001170879036971685
73620.70974947361,12.211283372509037,-59.97505424514327,2243.600970371985,-3882.1264908518515,0.00011159611401113775,0.0001930959364877314,-0.008392470309368126,5.568656760720284e-10,0.6337625844371074,0.32795930673098433,-0.5423077600043483,0.00014131640896756814,7.312838064727239e-05,-0.0001209238081909291
73790.42301291008,12.003231519122517,-62.453702895268336,2043.8936817657486,-3918.5492209103068,0.00010464050211321094,0.0002006165788805353,-0.0084517265627771,5.504207849438807e-10,0.6369644184834253,0.3057616720890905,-0.5587785521073726,0.00014409529636997737,6.91699841934009e-05,-0.0001264079416913205
73960.52750582379,11.691256180180725,-64.47059016768307,1855.3372966942568,-3884.662701972315,0.00010011057198593297,0.00020960922079224224,-0.008359368059062707,5.539452157378883e-10,0.6385380466576085,0.28663909278924415,-0.5705864242288571,0.00014829577930990264,6.656982754334982e-05,-0.00013251451325036067
74131.02413009177,11.286841922341981,-65.93525727971537,1691.4075362686108,-3787.4398954734015,9.830586713920727e-05,0.00022012883067999543,-0.008131410406123807,5.668581330321508e-10,0.6385448643613573,0.2719904588998124,-0.5777202905124016,0.0001539111499263392,6.555900240483745e-05,-0.00013925034748728845
74301.91378967013,10.84560356152176,-66.85572836171131,1562.7634768886712,-3656.0171615945274,9.885470340504082e-05,0.00023126627765368028,-0.007831200754043902,5.858843615657202e-10,0.6369340790192339,0.26203868588004486,-0.5805348810522404,0.0001601618975623922,6.58916119387549e-05,-0.00014597989213209722
74473.19739059889,10.400062780738883,-67.27681700362591,1469.4365547719683,-3508.812609161501,0.00010154347096306469,0.00024247185775810333,-0.007498602056821569,6.090598295779536e-10,0.6339339382857635,0.2565777172850895,-0.5796896696537476,0.00016661222310903327,6.74344459183056e-05,-0.00015235559849583933
74644.87584100665,9.959145936188477,-67.23356775813303,1406.9431793497054,-3352.48228405402,0.00010643641163374239,0.0002536180491278468,-0.007148034223698017,6.359949102877285e-10,0.6297315410443433,0.2553381084630209,-0.5756424794545743,0.00017317059465253698,7.021571764797743e-05,-0.00015829658191980262
74816.95005111545,9.51390793693016,-67.03274581634274,1354.646224150201,-3196.4244599325048,0.00011239829285448311,0.0002652151138280448,-0.006799618972312217,6.655116866967141e-10,0.625086007751682,0.2554821484488522,-0.5704922338743048,0.0001800189200854359,7.357646770928804e-05,-0.00016429642414900775
74989.42093324558,9.036403855720572,-66.55315967384699,1313.2682460407812,-3027.9898408050503,0.00012055636741862362,0.00027796564554764813,-0.0064265004956520775,7.009155869272975e-10,0.6191047321738385,0.25778431523243117,-0.5628835725264923,0.00018753983622741207,7.808828740645283e-05,-0.00017050926526770256
75162.28940182053,8.547660996796314,-65.76198977096776,1284.9657882739125,-2854.113024208852,0.00013115779364932583,0.0002913222830499524,-0.006043538582458276,7.419061382068414e-10,0.6117613409721004,0.26240829879107685,-0.5526244864585313,0.0001954087205691175,8.38184214975126e-05,-0.00017651923490692102
75335.55637337173,8.024484734593997,-64.63683718247164,1265.0360606570162,-2668.5863728443146,0.00014504517350320988,0.0003059719683061656,-0.005637692648088896,7.916603019871562e-10,0.6028214724262461,0.2692419524176908,-0.5393537787727618,0.000204079383007237,9.11492606723441e-05,-0.00018259300875854913
75509.22276654342,7.476039127963903,-63.067093964972635,1255.9728488791343,-2472.1378289816835,0.0001633481276596182,0.00032151896121086613,-0.005210660910964011,8.526041679276523e-10,0.5917597234504716,0.2787304551418691,-0.5220046969851757,0.0002133645058910042,0.00010049887392023083,-0.00018821367834160702
75683.28950209744,6.908122051235749,-60.893775020352855,1259.760325681729,-2262.7640337166417,0.00018782497068772265,0.0003373686086486866,-0.004758383037864379,9.293533410159731e-10,0.578132233381117,0.29147904988641565,-0.49927631903741515,0.00022318720108589166,0.00011252511028292531,-0.00019274497732592083
75857.75750291836,6.345155781310883,-58.004850955011115,1277.0089651965334,-2044.026609399562,0.00021984053430983597,0.00035188468851881944,-0.0042885124660426675,1.026440043591624e-09,0.5619585941965234,0.3074462970786853,-0.4703979549317127,0.00023311499607239409,0.0001275366958991749,-0.00019513326880097532
76032.62769401819,5.794572320054908,-54.31531325408171,1304.0277658581665,-1815.770547802938,0.00026093544180385203,0.00036333497070407863,-0.0038008532253614616,1.1528137934271685e-09,0.54340503754172,0.32597077499182997,-0.4347782063040233,0.00024302745503788133,0.00014578416170260138,-0.00019444619332570953
76207.90100254123,5.27951834569523,-49.50156691721097,1343.6481759043252,-1573.297007013893,0.000313888534211118,0.00036753660687847647,-0.0032857222456447875,1.3274232349171934e-09,0.5223543996467731,0.34732827043077374,-0.3901502164422161,0.0002524168484196736,0.00016783912885289624,-0.0001885319394479921
76383.57835776907,4.830632301913152,-43.422687650533014,1392.8640902852094,-1318.2112410852153,0.00037872710674387685,0.00035842860254314655,-0.002746661515062094,1.5806478351707455e-09,0.4999538787941002,0.37012436068026894,-0.3360979597562116,0.0002606432502888871,0.00019295863172717132,-0.0001752194919611779
76559.66069112561,4.499901445809638,-35.69238214131394,1455.4292802106618,-1045.5386332540481,0.00045320351194873823,0.00032556839889893763,-0.00217350286265329,1.9882914581732294e-09,0.47800514219750506,0.39389617049737224,-0.270803845679418,0.0002666803022660911,0.00021975568992162043,-0.00015108216428091813
76736.1489361819,4.335061008237514,-26.24980425230754,1529.4079741940745,-754.2140511745691,0.0005259443121228594,0.0002593647980339795,-0.0015642809296258252,2.749954527376189e-09,0.45964058314761924,0.41636118254842225,-0.1947121756417993,0.00026948427986018213,0.00024410984920528677,-0.00011415848024887651
76913.04402866098,4.409658082217444,-15.263376054829752,1619.1404949840983,-441.8344848732557,0.0005748087013891067,0.00015685501490802703,-0.000914281097362831,4.683392136334971e-09,0.44948294402218675,0.4359904274472802,-0.10930354130214703,0.00026775590001950104,0.00025971844060732855,-6.511185455622195e-05
77090.34690644301,4.77414048964019,-3.3334441521827953,1728.109268532203,-100.65425692337378,0.0005767106122705998,3.35906873453815e-05,-0.00020780322278271768,2.0511054312447632e-08,0.45116525807795194,0.4508501880889725,-0.016858172993627886,0.00026057636563334976,0.0002603943928613368,-9.736657181034209e-06
77268.05850957023,5.445507853929109,8.264436548481706,1859.0361445229166,270.02569018882855,0.0005267989261197324,-7.651773960141037e-05,0.0005561926128897089,-7.628076623068726e-09,0.46557976412274926,0.45924918874219517,0.07651600747706605,0.00024778681138621646,0.00024441760763496836,4.072268378860946e-05
77446.17978025188,6.427031003915648,18.460810595893122,2023.4669968568867,675.5039723410642,0.0004446472389176551,-0.00014843878187582114,0.001388187210542119,-3.0422312588172434e-09,0.4908149187788185,0.46220793437345337,0.16511544415373036,0.0002300290172240537,0.00021662185241153625,7.738424789877196e-05
77624.71166286919,7.632544066732327,26.664509178677946,2223.973604870413,1116.8166594893992,0.00035909126682991815,-0.00018032548056979908,0.002289823537858486,-1.8358544560180475e-09,0.5204474324837915,0.46010304058329937,0.2432503279031162,0.00020908321599324487,0.00018484061484235043,9.772276252122506e-05
77803.6551039804,9.002168589692676,32.92774316414543,2473.0838378591257,1601.6088790732886,0.00028487500213909595,-0.00018448963430490382,0.003276246722133016,-1.2772139808469297e-09,0.5502051082254623,0.4554370869937977,0.3087113877199814,0.0001866966921578005,0.00015453981861775727,0.00010475256237560595
77983.01105232586,10.455854864923333,37.37002685861398,2782.8677312600744,2125.357171953791,0.0002269598872646745,-0.00017333587892996399,0.004337625531351787,-9.602586031222304e-10,0.5766525681643739,0.4508172844747435,0.35957191268143585,0.00016464415358451943,0.00012871603166511537,0.00010266392015673198
78162.78045883297,11.954715420142723,40.46703272192394,3167.697317913949,2702.3184493789886,0.00018271489542355832,-0.0001558715316918569,0.005502457007061201,-7.535006050186975e-10,0.5995269356290598,0.447799149425927,0.39863325039212066,0.00014395515008004,0.00010752309851380591,9.571764999495772e-05
78342.9642766212,13.446458217338913,42.28308222847055,3646.962963610849,3316.5130578805133,0.00015008326497738356,-0.00013648427829769061,0.006737547549601932,-6.125455936135655e-10,0.6172807592459738,0.44780053403502956,0.42486494024952004,0.00012519475095054038,9.082135720950737e-05,8.616963931798077e-05
78523.56346100719,14.937488517163345,43.33608510742015,4237.526031513834,3998.284305433119,0.0001248427653597385,-0.000117794407791848,0.008103894971761182,-5.069282094600927e-10,0.6322787608930583,0.4505840288983596,0.44356562578516334,0.00010850170640078731,7.73221228297476e-05,7.611773520661315e-05
78704.57896950985,16.421060436191407,43.35869772351234,4995.051974525568,4716.769755213325,0.00010583082271367134,-9.993482075681518e-05,0.009538164510852284,-4.2872168857721913e-10,0.6445424587520183,0.4591229872982957,0.4523727043803442,9.379714860006255e-05,6.681394915193866e-05,6.583161310665547e-05
78886.01176185545,17.88245692398518,42.62584359417473,5944.100357672623,5470.830713130501,9.108012957944756e-05,-8.382832393062885e-05,0.011037568402395786,-3.6877957142178475e-10,0.6538715114820752,0.47157778329007033,0.45294850461733177,8.092127957780385e-05,5.836112596158411e-05,5.605561938829334e-05
79067.86279998253,19.36117612254426,41.1798738358058,7164.481503387187,6267.585423609039,7.906732129128575e-05,-6.916916320808229e-05,0.012615962618611589,-3.2115883199580734e-10,0.6617675666342997,0.4886664553417858,0.4462526276368316,6.95044684618303e-05,5.1323914839765374e-05,4.686925326567593e-05
79250.13304804718,20.811382386027905,38.794980167431596,8715.762271483678,7006.395624659761,6.969593844086239e-05,-5.602692030119913e-05,0.014070670345070244,-2.86632528646735e-10,0.6680754384898993,0.5116224957588545,0.4296128645035575,5.972789568928017e-05,4.5740545600728685e-05,3.8408645011470954e-05
79432.82347242814,22.273005872328223,35.34307313060191,10734.439959834443,7612.52896666953,6.198472360122655e-05,-4.3957626636408066e-05,0.015252782936719373,-2.632032050693144e-10,0.6735088179740384,0.5409055603408824,0.40129204163688864,5.116772739053244e-05,4.109360934397198e-05,3.0486908623159266e-05
79615.93504173188,23.67490153136471,30.767356370150928,13225.293307804048,7873.647979872643,5.58258408940403e-05,-3.323578609184254e-05,0.01573968823584626,-2.538891475775713e-10,0.6775352165219108,0.574592240591738,0.35902329545470857,4.400951645194555e-05,3.732282256159975e-05,2.332047285904398e-05
79799.46872679768,24.993040206530242,24.536204392969697,16230.551560047887,7409.077915157522,5.0987322229719705e-05,-2.327518209640695e-05,0.014776932638328785,-2.691881697935573e-10,0.6808955886734392,0.6131775286117397,0.2960272303024647,3.81543679261348e-05,3.435974827839707e-05,1.6588052630976713e-05
79983.42550070286,26.21956011348482,17.01616691862712,19590.09029607212,5995.336511292155,4.6674666694151065e-05,-1.4284279916767034e-05,0.011929814649699897,-3.318994762506549e-10,0.6839962680264596,0.6495797075960018,0.214236080419749,3.3379124484314194e-05,3.1699590971295476e-05,1.0454754114368531e-05
80167.8063387679,27.1586799424454,8.013816190787955,22562.668589420453,3176.524645582279,4.34595899658109e-05,-6.118534164794229e-06,0.0063062670950641934,-6.249825654562571e-10,0.6861550341426157,0.677225924984961,0.11033484221911952,3.0107048515748278e-05,2.9715257871892062e-05,4.84126222555415e-06
80352.61221856173,27.814293742754703,-1.5929038250202778,24548.651175541778,-682.6631638561568,4.070395856839809e-05,1.1319193441249962e-06,-0.0013521553810712519,2.9014404570281206e-09,0.6878503529931711,0.6878374873227533,-0.004207035339923231,2.8002470610459074e-05,2.8001946847468776e-05,-1.7126891474392037e-07
80537.84411990669,28.192410242779783,-11.418927785697308,25157.862130724883,-5081.364251402192,3.819098195175702e-05,7.713783047510995e-06,-0.010041543166428184,3.889016661229495e-10,0.6895806909256392,0.6787384905850822,-0.12180143962928447,2.686123932407248e-05,2.643890305221964e-05,-4.744531949563511e-06
80723.50302488382,28.233742712330997,-20.802597477399438,24144.842016552713,-9173.017655908729,3.619277957290508e-05,1.3750224822803461e-05,-0.018085576669747184,2.1493537636949344e-10,0.690912926939793,0.6510639410026522,-0.231249686137315,2.6743548879166684e-05,2.5201092135861293e-05,-8.95110952967328e-06
80909.58991783821,27.979694540277613,-29.052058865064094,21977.983500756265,-12208.71320976458,3.4770644892231285e-05,1.9315003653233712e-05,-0.024015411005030456,1.6112029175778166e-10,0.6919533149934178,0.612083215804127,-0.3227282557528216,2.7516025580087763e-05,2.433993314038671e-05,-1.2833523228075318e-05
81096.10578538408,27.677757808065124,-36.362158289091084,19608.831600387883,-14436.896754931346,3.3071058722446606e-05,2.4348389036233507e-05,-0.028333092683086408,1.3593969181212823e-10,0.6930040367028678,0.5669240442407232,-0.3985620691287773,2.8453122672485536e-05,2.3276573472080846e-05,-1.6364025092083323e-05
81283.05161640994,27.245563891093525,-42.60004964023505,17107.892411088247,-15731.540857309306,3.16718182052573e-05,2.9123780425363574e-05,-0.03080288498158964,1.2446546589579935e-10,0.6938837239357529,0.5209445227009724,-0.4583573132511407,2.9848357965495542e-05,2.2409141556954237e-05,-1.971686709182643e-05
81470.42840208396,26.68212465330551,-47.87943221031927,14659.925091478179,-16212.756914379905,3.068426336030273e-05,3.3934450541400476e-05,-0.03167211041699718,1.2049340036086505e-10,0.6945516563068473,0.47704436543137807,-0.5048075640169815,3.1768122257504e-05,2.1819548748699782e-05,-2.3089410650140786e-05
81658.23713585922,26.116756476316535,-52.47407935604759,12521.751103448181,-16303.386752502922,2.9630641329684992e-05,3.8579253119759234e-05,-0.03177590751172736,1.1954799604660064e-10,0.6950305783075915,0.4354007571307022,-0.5417505749628664,3.3801536228480636e-05,2.1174916507843347e-05,-2.63470446595278e-05
81846.478813479,25.488730950377896,-55.44279296662555,10883.449834602401,-15801.695171729121,2.9563100041652352e-05,4.2922703948548955e-05,-0.030727258304456866,1.2305987001390726e-10,0.6949774214523337,0.40675633009497214,-0.5635094535641835,3.621232752671707e-05,2.1194348182108288e-05,-2.936208899308416e-05
82035.15443298186,24.83892753459813,-57.32440602304487,9640.92695537921,-15031.367228841658,3.0232816576812642e-05,4.7136605269550847e-05,-0.029162088039391257,1.2906891122601493e-10,0.6945700273009255,0.387836356753541,-0.5762035084976042,3.888566277053094e-05,2.1713107658092904e-05,-3.225888598404358e-05
82224.26499470713,24.221571494917168,-56.81722873274726,9114.300539801638,-13937.256171436407,3.286593086176e-05,5.025738351865189e-05,-0.026977233703030554,1.3888100451129432e-10,0.6924888657309793,0.3917734091560155,-0.5710117556054792,4.157355457392091e-05,2.35201084265318e-05,-3.428067880767485e-05
82413.81150130021,24.068724762802567,-53.96090087176285,9607.70327759034,-13204.909932574838,3.602740900563029e-05,4.9516380479092105e-05,-0.025500903920933148,1.4624623297709821e-10,0.6904287150834004,0.41852050918864026,-0.5491196536276922,4.226862725935987e-05,2.5622177955265422e-05,-3.361756753870529e-05
82603.79495771787,24.701085294951206,-51.89089626546993,10805.905691194994,-13776.773698727337,3.524809412356114e-05,4.4938853801715996e-05,-0.026544078696786388,1.3985326409925742e-10,0.6911202371091579,0.4385480504280861,-0.5341561472149726,3.9462347966174953e-05,2.5040701800701843e-05,-3.049983869353738e-05
82794.21637123344,25.498827085895755,-56.26733832190354,10673.215228678955,-15984.06425601617,2.889276908062071e-05,4.326942421979431e-05,-0.030726093543018737,1.202632441368415e-10,0.6954043135354337,0.39899549177614946,-0.5695522424027462,3.6172282199956523e-05,2.0754224907898716e-05,-2.9625937082658633e-05
82985.07675144226,25.61218187624116,-63.65237679072436,8687.386128481226,-17540.869616017877,2.2673425528766877e-05,4.578035269374184e-05,-0.03364118242466001,1.093374677036688e-10,0.6999040724040191,0.3245959840156256,-0.6200831861360685,3.5747329831283476e-05,1.657861435590921e-05,-3.1670508933463806e-05
83176.37711026709,25.176834558191096,-69.64918889677944,6515.246851698471,-17565.112582085425,1.856292880163386e-05,5.004567619244292e-05,-0.03361019787743871,1.0893544050955717e-10,0.7024739039605566,0.25901880475711175,-0.6529769096436585,3.748681861215916e-05,1.3822279939972422e-05,-3.4845460922793926e-05
83368.11846196344,24.598310925804363,-73.55242238623593,4991.107408030157,-16906.483510519378,1.6061987454104342e-05,5.440710925236483e-05,-0.03227553254939331,1.1291895396977364e-10,0.7040218357089195,0.21447499170011375,-0.6705573973122607,3.9927984201455935e-05,1.2163762039548681e-05,-3.803007777321721e-05
83560.30182312484,24.075742799214005,-76.3069604758167,3948.8231892200297,-16207.280240039649,1.4190661697876254e-05,5.824318281885527e-05,-0.030869548194523835,1.1751951489394553e-10,0.705099591816216,0.18231597824954895,-0.6811213683729974,4.2257860749434055e-05,1.0926517772363716e-05,-4.08208035747556e-05
83752.92821268826,23.577128916125027,-78.21906235559928,3230.140403332484,-15487.549369109689,1.2905179027814542e-05,6.187644261663501e-05,-0.02943085204393064,1.2269798422559301e-10,0.7056826962563242,0.1596555922859249,-0.6873850155825526,4.4593323473470196e-05,1.0088916036802877e-05,-4.343706103791887e-05
83945.99865193974,23.126053525323055,-79.66178610586276,2706.3176403162884,-14835.65170529719,1.1900048859626654e-05,6.523438990583796e-05,-0.02812721679180589,1.277948941930044e-10,0.7063874556354439,0.14247641180084838,-0.6918697200770325,4.682917534532247e-05,9.44531618952991e-06,-4.586673811819151e-05
84139.51416451953,22.72852349701989,-80.75847190220102,2321.775233262196,-14269.533321643172,1.1108429133947687e-05,6.827194011164547e-05,-0.026991679073798368,1.3255934872476104e-10,0.7066269840062517,0.12928827795921824,-0.6946986653996907,4.886461535336782e-05,8.940533145731961e-06,-4.803974917401899e-05
84333.47577642757,22.365776003992014,-81.4247344261686,2073.7698120926543,-13752.314613429746,1.0721219164802468e-05,7.109833412277894e-05,-0.025953499835400344,1.372285051204383e-10,0.7070067937627456,0.12130302517647194,-0.6965229231760529,5.082213583441619e-05,8.719688236423156e-06,-5.0068518330697925e-05
84527.884516029,22.01617567204191,-82.26339841771814,1804.3397677876214,-13281.280677528399,1.0043747667116956e-05,7.392944178402235e-05,-0.025006913192281374,1.4176864117883056e-10,0.7072964488694101,0.11117722595884338,-0.6985040379349101,5.275664961227415e-05,8.292616150061095e-06,-5.2100831046155224e-05
84722.74141405964,21.720191622230836,-82.9203843146862,1601.1470389710337,-12892.170187170877,9.487057436259725e-06,7.638821174245578e-05,-0.024218439798145017,1.4571159150867862e-10,0.7077593291383669,0.10326496868982007,-0.7001854141753323,5.446559236611827e-05,7.946751754168879e-06,-5.388274202701431e-05
84918.0475036314,21.441524495014065,-83.48157495645572,1432.111009613559,-12533.640890144541,8.998888713656917e-06,7.875705080836261e-05,-0.023490776828328546,1.4953501009252125e-10,0.7076998553764907,0.0964309113897575,-0.7010992544771721,5.6084280646716736e-05,7.64202261214916e-06,-5.556119172637576e-05
85113.80382023768,21.17319790105981,-84.01162606082208,1279.5041191325543,-12197.476447710851,8.506461020443202e-06,8.109185144364298e-05,-0.022808153116975018,1.5330281988804416e-10,0.7080901733370465,0.0900276084552662,-0.70234373585326,5.7720170232274244e-05,7.338625900078742e-06,-5.725174775970958e-05
85310.01140175895,20.913683459858646,-84.34796182627453,1175.190871149422,-11874.464053054275,8.253673992015565e-06,8.3397478256412e-05,-0.02215308167889477,1.571108269500468e-10,0.7078504555914293,0.08591131553127097,-0.7026176153105474,5.930562128605372e-05,7.197881844728324e-06,-5.88671998066339e-05
85506.67128846832,20.6970047234068,-84.69891564116826,1077.6405181848145,-11614.222218579262,7.92082983963329e-06,8.536638736265261e-05,-0.02161773869103822,1.602617941354861e-10,0.7084577255854125,0.08171333334996486,-0.7037295503916922,6.072208680637686e-05,7.003670002772486e-06,-6.031683374161339e-05
85703.78452303697,20.463573781295345,-84.94984034308058,1001.7861232049678,-11336.156032338038,7.735082875616708e-06,8.752976745228504e-05,-0.021051640580966882,1.6381524537300588e-10,0.7082049765407274,0.07863997704669196,-0.70382529281573,6.221395094699003e-05,6.9083158640780265e-06,-6.182920721112805e-05
85901.3521505396,20.253224367931008,-85.33447736974163,905.612798568047,-11096.947019462596,7.3055461541829245e-06,8.951867591689646e-05,-0.02056002527505328,1.669616081230902e-10,0.7085948366524982,0.07399158202190391,-0.7047211422403024,6.362625246147676e-05,6.64386308541291e-06,-6.327842511941859e-05
86099.37521846007,20.053952140817422,-85.70765720996823,816.2664413836627,-10875.43513310021,6.8627624780633405e-06,9.143525248635282e-05,-0.020103273169130447,1.6997047545924357e-10,0.708602008732201,0.06943841801950452,-0.7051915433995638,6.495590619170027e-05,6.365259075464482e-06,-6.464327672764726e-05
86297.85477669702,19.858720263066566,-85.71347778466783,798.3990656420565,-10651.879556072861,6.997363817452862e-06,9.335566610864015e-05,-0.01964474422863963,1.731385932447024e-10,0.708552613591949,0.06939969961392932,-0.7051457210545052,6.631496343972129e-05,6.49526718883259e-06,-6.599610503777664e-05
86496.79187756934,19.670275671358958,-86.04162502192918,723.1438392225031,-10450.53831344498,6.589809224726459e-06,9.523285693111938e-05,-0.019229092714909454,1.760684211618107e-10,0.7087439695507751,0.06541556356380188,-0.7057186538686789,6.763867968171147e-05,6.242906522217184e-06,-6.73499599646505e-05
86696.18757582165,19.518469969352886,-86.30072535210071,665.3642024684517,-10291.091430933688,6.256405781556399e-06,9.676691906200329e-05,-0.01889215796959132,1.7838514878593559e-10,0.7085798289377391,0.06224709460599518,-0.7058404020673142,6.869144414011765e-05,6.034384055812637e-06,-6.842587746694856e-05
86896.0429286302,19.354941256242782,-86.39806478337222,636.8578630549132,-10117.112954778007,6.197432655761047e-06,9.845230756389049e-05,-0.018530055941608954,1.8103541121984193e-10,0.7087850553951328,0.06110361082864024,-0.7061463045964226,6.990041867836603e-05,6.026041247865765e-06,-6.964018493865366e-05
87096.35899560805,19.182809499117752,-86.6244365390431,586.341570213348,-9940.864710940985,5.912812065055425e-06,0.00010024611555095482,-0.01816537195813001,1.838213571994107e-10,0.7089803999284751,0.05836745883590511,-0.7065737380003444,7.117638839966415e-05,5.85966117035803e-06,-7.093477734220673e-05
87297.13683881113,19.02942233129703,-86.81091259843637,545.2632313213331,-9786.189274506853,5.675875123643469e-06,0.000101868574786966,-0.017841597714098247,1.862972827244659e-10,0.7089136859614069,0.05610052488563398,-0.706690416838197,7.230796515253576e-05,5.7221561366361075e-06,-7.20811955620069e-05
87498.3775227436,18.889239998714903,-86.83725346526457,532.8557796232985,-9643.318280276846,5.712585025740832e-06,0.00010338308734364654,-0.017540688359799095,1.8862255817735417e-10,0.7086984871106013,0.055797052011411684,-0.7064985736855319,7.335874915529391e-05,5.775660618097581e-06,-7.313103186783221e-05
87700.0821143635,18.769771049266744,-86.92989970379232,510.88018302307967,-9525.1802238606,5.614681435114893e-06,0.00010468374845265344,-0.01728595321600382,1.9052278884471362e-10,0.7087981712926745,0.054700724776958004,-0.7066842847670486,7.428548704588952e-05,5.732901334111383e-06,-7.406394148260248e-05
87902.25168308843,18.61066441222462,-87.01253709184301,488.9673698760292,-9369.278929253014,5.555028533268388e-06,0.00010644189161609387,-0.016963923292584372,1.932475351648548e-10,0.708598007897619,0.05370479660187035,-0.7065599278323289,7.550590693610064e-05,5.72260905202675e-06,-7.528873573039165e-05
88104.88730080138,18.502302790957955,-87.15497774375723,460.52505480674995,-9266.87034320353,5.349532671876109e-06,0.00010764544762458049,-0.01673991383789121,1.949337533458631e-10,0.7088640698634694,0.05200623354894772,-0.706953761723816,7.637856317615247e-05,5.603558656086352e-06,-7.617273162517749e-05
88307.99004185628,18.367203088643535,-87.28732716509049,433.0478926781228,-9139.795430870416,5.172364467432199e-06,0.00010916657008505878,-0.016472389655593712,1.97189441198284e-10,0.708791435993653,0.05040665519636478,-0.7069967955018321,7.74411368183225e-05,5.507330483110757e-06,-7.724505798213854e-05
88511.56098308356,18.24195459840588,-87.3825619294137,412.48492804915827,-9023.022508782065,5.0558868491054575e-06,0.00011059647938432565,-0.016224531778131917,1.9928200814105715e-10,0.708839690452209,0.04927362844839739,-0.7071250358316503,7.845466133757564e-05,5.453624966071485e-06,-7.826488267622413e-05
88715.60120379608,18.13712931608862,-87.58549757327917,376.52113618378604,-8929.50032266463,4.713717695163899e-06,0.00011178959063634251,-0.016019438479913488,2.0090603114218663e-10,0.7087557780019236,0.046802152019664055,-0.7072088174064576,7.927919632442664e-05,5.235141798537179e-06,-7.910615816860399e-05
88920.11178579481,17.988886829496323,-87.7033206636175,352.73715454099226,-8795.100059449287,4.552727290879608e-06,0.00011351708078151522,-0.015742036546481212,2.0350699755856567e-10,0.7086985311323158,0.04538310468128702,-0.707243933758777,8.049088365995905e-05,5.154414802007267e-06,-8.032567684377088e-05
89125.09381337455,17.858168516644202,-87.83218591487831,328.53144370956284,-8679.010967542144,4.35526531104671e-06,0.00011505563964996506,-0.015498525022879916,2.0575476158553225e-10,0.7085937274979114,0.04382494426679552,-0.7072371914070955,8.156249670111186e-05,5.044458811128068e-06,-8.140635296720837e-05
89330.54837332954,17.737392570644616,-87.98021584025186,302.37164151902624,-8573.907176044368,4.108125432352154e-06,0.00011648806067786678,-0.015275622209053206,2.0779799568616685e-10,0.7089091951322818,0.04205549384345139,-0.7076606406892241,8.260678489577284e-05,4.900584105081652e-06,-8.246129507984642e-05
89536.47655495937,17.628059995749005,-87.96686629818959,300.9201032213653,-8476.675481420789,4.182665361240633e-06,0.00011782229414076312,-0.015067655728287246,2.0969813818111503e-10,0.7088408179771384,0.0422556076982761,-0.707580220786695,8.354546596835387e-05,4.980334576390458e-06,-8.339688933873124e-05
89742.8794500748,17.50693703726257,-87.92578667937426,303.13368356325486,-8369.771994024832,4.321531101461798e-06,0.00011932105188427402,-0.014843412575615226,2.1188806960095046e-10,0.7085618805334046,0.042785466313254805,-0.7072689321731812,8.457697167533454e-05,5.107055956450839e-06,-8.442263983806725e-05
89949.75815300351,17.370407989927138,-87.95970092270485,294.0067353060505,-8252.821520856784,4.311233472962736e-06,0.00012101709285696349,-0.014602344313870422,2.1439649378311897e-10,0.7083930659381498,0.04239618446584491,-0.7071232561668368,8.575678060245547e-05,5.1324052484953785e-06,-8.56030597330662e-05
90157.1137605957,17.264893954736685,-88.0227516386053,281.8639616931895,-8164.479648149341,4.223429255785152e-06,0.0001223359736985119,-0.014412809367729257,2.1621788798513998e-10,0.7082440281810523,0.041648802190435395,-0.7070183736864446,8.666968193730901e-05,5.0966733149667604e-06,-8.651969537761223e-05
90364.94737223013,17.13865300223137,-87.93616255605066,290.3301616547974,-8056.592769584474,4.467100410706555e-06,0.00012396097141535682,-0.014189645443780085,2.1860934318042636e-10,0.7078003600946532,0.0427300967793378,-0.7065093690669283,8.777046733645974e-05,5.298726554975319e-06,-8.761037857101261e-05
90573.26008981997,17.009945630460916,-87.8575215824589,297.3541053296897,-7948.361859897319,4.700145253529691e-06,0.00012563625186109954,-0.013966827275856573,2.2107645954831115e-10,0.7078777177279395,0.04374424977188249,-0.7065248076802481,8.897073301176508e-05,5.4980653717227594e-06,-8.880069036791914e-05
90782.05301781857,16.89485516202414,-87.78689694455467,303.47550828018603,-7852.873166970369,4.9138101013230825e-06,0.00012715203184252274,-0.013767298055615987,2.232500416037995e-10,0.7075544886627155,0.04463450208398215,-0.7061452510995679,9.000712892046628e-05,5.677899649773642e-06,-8.982786155794057e-05
90991.32726322518,16.767945453997967,-87.57646001062314,327.84048237441505,-7745.971650197231,5.4542307684497085e-06,0.00012886851739619693,-0.013548650341281748,2.2581054996256004e-10,0.7071301504151852,0.047239244450697264,-0.7055504967115604,9.118090019993044e-05,6.091264573077732e-06,-9.097721174651619e-05
91201.08393559097,16.639430163191705,-87.40911750460312,345.72125785756197,-7640.202052377983,5.9105520953046745e-06,0.0001306191367261509,-0.013332910864475687,2.2841009139850842e-10,0.7064970987811944,0.04929546874333021,-0.7047752176031873,9.234849394538339e-05,6.443568281641529e-06,-9.212342135298893e-05
91411.32414702499,16.525607411694825,-87.0463250874819,389.17732829506065,-7542.6249455819225,6.822567462559123e-06,0.0001322278144039233,-0.01313235592175447,2.3083285258805757e-10,0.7055083123269216,0.053721691703547514,-0.703459990762012,9.338349696491517e-05,7.110787139561962e-06,-9.3112374105981e-05
91622.04901219998,16.430947274280438,-86.54083244042418,450.7621289166095,-7457.106349295577,8.076492242682493e-06,0.00013361207102224434,-0.01295359959145113,2.329430700047747e-10,0.7046082339251188,0.05988925905515677,-0.7020584305917131,9.428717602616435e-05,8.014083342673835e-06,-9.39459740018995e-05
91833.2596483581,16.325731220705592,-85.93979825180983,522.5318381408039,-7361.392234832175,9.594229870081737e-06,0.00013516284388738654,-0.012757926340609672,2.354291165405968e-10,0.7036547971374787,0.06719934742855414,-0.7004386634386788,9.531800770540084e-05,9.102912311619437e-06,-9.488234598898691e-05
92044.95717531712,16.23294405202173,-85.07082282063591,626.8053172954397,-7267.877255372452,1.1778750430837957e-05,0.0001365759191743514,-0.012566887165523828,2.379099181573753e-10,0.7017211049331983,0.07764038928612256,-0.6974127035408575,9.616428779871639e-05,1.0639886256272464e-05,-9.557386184667823e-05
92257.1427154763,16.195934253402804,-83.98820483067259,759.1681392397462,-7208.726554391081,1.4448765910653362e-05,0.00013719912245344448,-0.012435941876798282,2.3931040387672256e-10,0.6998373180636566,0.0905994874412637,-0.6939481281982911,9.651812500267989e-05,1.2495036243893508e-05,-9.570591686670542e-05
92469.81739382225,16.248459914254305,-82.63663487755689,931.1046609862898,-7205.175938157119,1.7640733503054686e-05,0.00013650945365584777,-0.012401228841197017,2.3887766302135455e-10,0.6980583363560328,0.10671027457365255,-0.6898538673201505,9.605402204603902e-05,1.4683516452138872e-05,-9.492507306197198e-05
92682.98233793494,16.42085509143602,-81.35951015316157,1107.9236377945185,-7290.952192727362,2.037168128358445e-05,0.0001340606421393457,-0.012520001536941343,2.355243864401741e-10,0.6962435060111338,0.12178144211836459,-0.6855102479308731,9.438083675580549e-05,1.6508354202554164e-05,-9.292586608823734e-05
92896.63867799363,16.70079328700445,-80.61150793986047,1236.5884441691312,-7478.947435183452,2.1519431731115605e-05,0.00013015057637884569,-0.012813288730067615,2.2907603148765662e-10,0.6958161036799853,0.13067935972187827,-0.6834346750663709,9.176156243737813e-05,1.7233493394270023e-05,-9.012874705874089e-05
93110.787546783,16.995303718964937,-80.82670007380237,1246.9009637903534,-7721.396092944618,2.038261836222812e-05,0.0001262187409877973,-0.013198238229325797,2.2137282137184485e-10,0.6971460788587962,0.12839604623116874,-0.6852204831880017,8.910471429658857e-05,1.6410754306999597e-05,-8.758046159362241e-05
93325.4300796991,17.197387432823774,-82.15346069702892,1093.69323079526,-7936.207807161452,1.704114586825347e-05,0.00012365631520300384,-0.013534217852900024,2.148854946729964e-10,0.6995990212976986,0.11293163962941673,-0.6904239533585935,8.729976654428019e-05,1.4092223509437453e-05,-8.615485172203526e-05
93540.5674147552,17.239433178006877,-83.64243226424342,893.802832639207,-8022.058910345599,1.3718666246572482e-05,0.00012312776910363386,-0.013649161691470449,2.1209688231704235e-10,0.7016825815125002,0.09527629970012445,-0.695184056141608,8.6903525705926e-05,1.1799988453907165e-05,-8.609868206080855e-05
93756.20069258803,17.194618187677094,-85.13414445477842,683.6212681800699,-8030.325325782404,1.0524785560439307e-05,0.00012363198157866898,-0.013631802065282955,2.1139124268280954e-10,0.7038109356709487,0.07742142956729409,-0.6995396739383498,8.730032002587259e-05,9.60331139447556e-06,-8.677051507787945e-05
93972.33105646375,17.09211265118878,-86.31523088858246,513.7553876063022,-7977.547945325643,8.039334208139433e-06,0.00012483406625231499,-0.013511064107671056,2.1230034926504652e-10,0.7055918713833381,0.0631861493743914,-0.702756998890426,8.823598833091164e-05,7.901582437370602e-06,-8.788148059584689e-05
94188.95965228413,16.947281383548738,-87.2452475396106,379.2457724105546,-7881.810272090113,6.090661682679655e-06,0.00012658134462314218,-0.013318217654665405,2.143848813326894e-10,0.7069163953294619,0.051909659185596126,-0.7050079270964514,8.95570155540057e-05,6.5762715164088624e-06,-8.931523771385759e-05
94406.08762859236,16.79570233730527,-87.85813579429596,290.72718981767684,-7773.453071295693,4.804527005424861e-06,0.00012846326905256028,-0.01310491211177874,2.1687333132940546e-10,0.7074997049445688,0.04444338473522584,-0.706102413287144,9.09217537389414e-05,5.711480095299578e-06,-9.074218587892679e-05
94623.7161365793,16.66313255247839,-88.34310360205622,222.11177839986024,-7678.524639851273,3.7640275005829472e-06,0.00013012447208572773,-0.01291510418298632,2.1904954197122468e-10,0.7079942426274063,0.03853359913402533,-0.7069448417884756,9.21358658582906e-05,5.014626259776125e-06,-9.199930054588286e-05
94841.84633008968,16.536536776351056,-88.62321568326959,182.300249048478,-7585.083810201534,3.166764027034032e-06,0.00013176158934262842,-0.012728596383059685,2.21238012250167e-10,0.7084054286814284,0.03513898751160761,-0.7075333935172088,9.333700132440894e-05,4.629789088451817e-06,-9.322210504611645e-05
95060.47936562814,16.427811678813274,-88.95159377157646,137.3892186404289,-7507.532474268818,2.436760214875103e-06,0.00013315496387718585,-0.012569481152173176,2.2300926800784126e-10,0.7086535802419224,0.031136001737260197,-0.7079692409882735,9.434548968023586e-05,4.145243053148283e-06,-9.42543812405228e-05
95279.61640236521,16.30239555997075,-89.18932228859126,104.94112068169864,-7416.3653298477,1.907552597500319e-06,0.00013480994730247336,-0.012388286672314053,2.2523144165029988e-10,0.7090412347909107,0.028255578281977736,-0.7084780130178849,9.556378260164775e-05,3.808255158839988e-06,-9.548787220260048e-05
95499.25860214359,16.21258417536889,-89.22128584811273,99.8899421722847,-7349.191851210029,1.8491083821423995e-06,0.0001360442498866076,-0.012247845983010585,2.267673614310401e-10,0.7086912776102523,0.027888539514397345,-0.7081423277312306,9.639026072133332e-05,3.793165909978002e-06,-9.631559714971398e-05
95719.40712948442,16.1079889496604,-89.3841545885542,78.18994814861566,-7274.198070329704,1.4775102588641083e-06,0.000137456316680163,-0.012094982769339421,2.285783057176261e-10,0.7088680658519144,0.0259239881494022,-0.7083938746368884,9.74115157248172e-05,3.562432984240275e-06,-9.734635312655069e-05
95940.06315159332,16.032388595945875,-89.45490199965306,68.68795190732929,-7219.639418095268,1.3176808759948202e-06,0.00013849853618633532,-0.011976657748446293,2.2977597848307513e-10,0.7090539789815345,0.0250980068298696,-0.7086096493576095,9.817447032716656e-05,3.4750295461697484e-06,-9.8112949164078e-05
96161.2278383665,15.9504679056719,-89.57416241148962,53.22961122226184,-7161.8288147378225,1.0377229747842788e-06,0.00013962142747000317,-0.011853430775233091,2.3109800456560774e-10,0.7088573944454334,0.02365870655867425,-0.7084624699050327,9.894109254041445e-05,3.3022414569570955e-06,-9.88859696541972e-05
96382.90236239704,15.867559424057907,-89.56036708297404,54.49049935778931,-7101.411755769436,1.0804528732955358e-06,0.00014080877999659915,-0.01172640329518183,2.3252809674299558e-10,0.709177558052737,0.023882428075763375,-0.7087753088778199,9.98275903728343e-05,3.361817107696309e-06,-9.977096764781226e-05
96605.0878989813,15.798514116659073,-89.61491056097452,47.40258563920015,-7052.717949974456,9.529483906895811e-07,0.0001417829033962605,-0.011619211248429595,2.335950392436563e-10,0.70903831630328,0.02324560327432726,-0.7086571638772889,0.00010049762206731245,3.2947836511430222e-06,-0.00010044359831207028
96827.78562612491,15.72188442606045,-89.66576789047434,40.828506799420246,-6998.9522906091925,8.334559513424236e-07,0.00014287366590278415,-0.011504113682986598,2.3484812574305215e-10,0.7090858325010353,0.022660658420773708,-0.708723650242902,0.00010127683268282814,3.236561225978335e-06,-0.0001012251031597205
97050.996724549,15.634933581489463,-89.78994067290179,25.44264744588506,-6939.7051160705005,5.282924805568775e-07,0.0001440964049790772,-0.011380494895456913,2.363083756711864e-10,0.7091569746185918,0.02116944046810405,-0.7088409338070577,0.00010215261391982595,3.049414666195793e-06,-0.00010210708888635797
97274.72237769651,15.572367869173213,-89.72972852690162,32.52365027124175,-6894.749386601208,6.841520758523955e-07,0.00014503467679629402,-0.011280766672318934,2.3730213565675933e-10,0.7090036442233774,0.021952376530346537,-0.7086637148088643,0.00010279583159853781,3.1827943613365017e-06,-0.00010274654648253823
97498.96377173866,15.498204009857163,-89.81775175035622,21.77196401181863,-6844.715627976739,4.6471040289871753e-07,0.00014609662938435672,-0.011173147735203035,2.3848700636652726e-10,0.7089293560158162,0.02090430931731459,-0.7086210846940457,0.00010353686643449202,3.053007557559545e-06,-0.00010349184439330147
97723.72209558106,15.436826922680938,-89.80924363834102,22.646737072798942,-6802.172407174621,4.894468676200334e-07,0.00014701022787524983,-0.011078163409558582,2.3942665402158757e-10,0.7089089714583182,0.021051889417457045,-0.7085963221510861,0.00010418121057232796,3.093784128353931e-06,-0.0001041352636530147
97948.99854086991,15.365532783814981,-89.8706034769827,15.254117657812106,-6754.393825368231,3.343583075863039e-07,0.00014805102064129633,-0.010975050086379196,2.405657260011877e-10,0.7093050488682969,0.020347439841561545,-0.7090131409515279,0.00010497692250151414,3.01141464981795e-06,-0.00010493372022231827
98174.79430199844,15.300716118699887,-89.84570171912024,18.069794879292346,-6709.864001823877,4.013494178738012e-07,0.00014903323635568857,-0.010877619158331133,2.416052759870868e-10,0.7085674635666933,0.02067724434133399,-0.7082657001378693,0.00010556342829125392,3.080526431879687e-06,-0.00010551847112949088
98401.11057611335,15.247352537672093,-89.81031531791449,22.09241429773231,-6673.166541992152,4.961060138561644e-07,0.00014985225282896625,-0.0107932464889407,2.423751930410594e-10,0.7086968327364966,0.021161769131528247,-0.7083808158455209,0.00010616295959620238,3.1700382131239346e-06,-0.00010611562018832211
98627.94856312104,15.16452280468928,-89.94057802949929,6.865599563587351,-6619.937616846821,1.5666435994023186e-07,0.00015105866282793672,-0.010682527721915058,2.437621292479921e-10,0.7084637164484248,0.01958810187768283,-0.7081928718850138,0.00010698173700866956,2.957906121265486e-06,-0.00010694083805904046
98855.3094656939,15.119591003749807,-89.89387575195802,12.20461744821642,-6589.184692361755,2.8109901220483884e-07,0.0001517633236860543,-0.010608447036410902,2.443365575445091e-10,0.7086971641963787,0.020215437365960588,-0.7084087849766488,0.0001075161542759304,3.0668756591662583e-06,-0.00010747240438352946
99083.19448927676,15.043437608955895,-89.9331464743609,7.630421483432543,-6539.531674984866,1.7842456278465555e-07,0.0001529159408112657,-0.010504291842271026,2.456255182053806e-10,0.7082887953595383,0.019762036976756298,-0.7080130503927137,0.00010827000774026317,3.020852384585103e-06,-0.00010822785698214298
99311.60484209335,15.001740638687622,-89.9482391825605,5.883265443881984,-6512.381462715371,1.3871979113812685e-07,0.0001535535333118665,-0.010436622212874226,2.460822563466909e-10,0.708503453989122,0.01962509859517599,-0.7082316004102369,0.000108754187035688,3.0124223547488264e-06,-0.00010871245793077267
99540.5417351527,14.944137164335489,-89.90327883047401,10.928723618241325,-6473.961667977326,2.607521860860024e-07,0.0001544644842829069,-0.010351189403685663,2.469733018683938e-10,0.7081665795800106,0.020214961967003592,-0.7078779977840278,0.00010934728095845107,3.121371707602027e-06,-0.0001093027213369796
99770.00638225536,14.884329842512056,-89.89246124868313,12.07782279577179,-6434.959034155289,2.916725446210951e-07,0.00015540059725678739,-0.010265164612255798,2.478987547244533e-10,0.7081607709592678,0.020392254934906467,-0.707867101555295,0.00011000891822101122,3.1678257218870574e-06,-0.00010996329827880249
100000,14.836857288551037,-89.90034650532591,11.139170549753356,-6404.459956944184,2.71572950289132e-07,0.0001561407178162337,-0.010193014599817743,2.4850642233983823e-10,0.708266959455405,0.020341797348762358,-0.7079747856645928,0.00011054921551138387,3.1750312632490058e-06,-0.00011050361182630995
100230.52380778994,14.77428142204908,-89.86419798336104,15.083250123699969,-6363.712237119872,3.724529576494861e-07,0.00015714010076789143,-0.010104868461969415,2.4952243433358724e-10,0.7082488876195393,0.020831949499956225,-0.7079424529538726,0.00011125390731624464,3.2723465146193322e-06,-0.00011120577161919165
100461.57902783951,14.742576305066347,-89.83959854639258,17.757561982219997,-6343.0266692305895,4.413537904048995e-07,0.00015765220844546915,-0.010048857068949849,2.4976040747305173e-10,0.708042413298482,0.02117384029690173,-0.7077257431495761,0.00011158387153591399,3.3368891908674974e-06,-0.00011153396593626189
100693.16688518038,14.689828415738962,-89.86912749913962,14.413189874140972,-6310.06137642135,3.6198508369820516e-07,0.00015847623707384412,-0.0099736406186914,2.504877825130166e-10,0.7077866475506981,0.020845766494848685,-0.7074796056921346,0.00011212625157310588,3.302347771498759e-06,-0.0001120776105697811
100925.28860766845,14.635704273150697,-89.88991691201133,12.058699490141784,-6276.275036163439,3.0612227743746736e-07,0.0001593295868650662,-0.009897422241641998,2.512569970156003e-10,0.7078103931632977,0.020634046688351667,-0.7075095679828259,0.00011273352371115008,3.2864010108729916e-06,-0.00011268561104563515
101157.94542598982,14.593084084948881,-89.92492496376748,8.189585602723904,-6250.125820836681,2.09644590539883e-07,0.00015999650435258176,-0.009833517428052432,2.517279108188907e-10,0.7075554439862114,0.020238855890540457,-0.7072659294966545,0.00011316431933380043,3.2369425893252286e-06,-0.00011311801524494571
101391.13857366794,14.539600117798273,-89.91770431400185,8.92912045207949,-6216.6146213410175,2.3104676626530418e-07,0.000160858923685361,-0.009758298015017363,2.5250279286972765e-10,0.7074966310683101,0.02037077882867197,-0.7072033048161764,0.00011376466904203507,3.2755985114346154e-06,-0.00011371750250790624
101624.86928706954,14.475673685313703,-89.86431752121182,14.625571840771252,-6176.051473081312,3.8343222186708433e-07,0.00016191484096967585,-0.009672328511973203,2.5357662937525907e-10,0.7075140728205288,0.021074825322071212,-0.7072001237109173,0.00011451427633148694,3.4110535228628123e-06,-0.00011446346228202393
101859.1388054117,14.427989948546626,-89.87994989758383,12.879503565658142,-6146.934503107825,3.4086314423772813e-07,0.00016268200179232935,-0.009604587497059778,2.541918055624841e-10,0.7073145487625421,0.020920658444873855,-0.7070050897563549,0.00011502413436034634,3.402136478148351e-06,-0.00011497380985568434
102093.94837076798,14.396160882367164,-89.91993928124319,8.562912380439805,-6128.079138493386,2.2801946472641994e-07,0.00016318295258425076,-0.009553103804033135,2.5438749951445513e-10,0.7073760811692593,0.020473759034725945,-0.7070797305830273,0.00011538802656459098,3.3397038919820587e-06,-0.00011533968550496674
102329.29922807541,14.318942580240414,-89.97920459078765,2.207474654732925,-6082.062355829352,5.967520668919495e-08,0.0001644178914591436,-0.009459561390779057,2.557226894252971e-10,0.7072619612752369,0.019784055092328945,-0.7069852000084573,0.00011624219649578833,3.2516127622351214e-06,-0.00011619670933640907
102565.19262514074,14.28172913550842,-89.82328110181624,18.68109433699306,-6056.762910449786,5.092335804616554e-07,0.00016510312550523505,-0.00939854673560523,2.5620025515341636e-10,0.7070673999983956,0.021746946530151533,-0.7067328904594055,0.00011669488338764238,3.5891308089993757e-06,-0.00011663967570638794
102801.62981264736,14.238173660938159,-89.846379218733,16.16998789434546,-6030.888747057173,4.445738754985493e-07,0.0001658118484997374,-0.009336872937527588,2.5670765211606114e-10,0.706997737545771,0.021504983343262937,-0.7066705997749197,0.00011718391898288501,3.5644219097123618e-06,-0.00011712969633972812
103038.6120441616,14.19971717459556,-89.78298210248234,22.75140099269075,-6006.661367379019,6.305733566934614e-07,0.00016647944547089493,-0.009277976761641197,2.571502689429481e-10,0.7067583247851122,0.022324496661743003,-0.7064056529373601,0.00011761609861131365,3.7151599192182846e-06,-0.00011755740827068659
103276.14057613975,14.153987510720649,-89.89798818992061,10.64946550068469,-5981.354335777382,2.9766472595035786e-07,0.00016718568636676543,-0.009217638300700074,2.576443368161915e-10,0.7067574490574798,0.02095176211181603,-0.7064468242285799,0.000118114033790804,3.501480092430779e-06,-0.00011806212184903972
103514.21666793435,14.102844284420895,-89.8021396862497,20.544783516751764,-5949.271407526153,5.804553604588656e-07,0.0001680858051635094,-0.00914711024999113,2.5843798700290407e-10,0.7067403094388617,0.022178348683914533,-0.706392232286987,0.00011874738066658664,3.7264335690943325e-06,-0.00011868889631313606
103752.84158180126,14.062414326352577,-89.78994995537376,21.722025964659867,-5925.134825487539,6.187255029183582e-07,0.00016877026253090847,-0.009089047409065718,2.588939457467417e-10,0.7064986612338506,0.02236644576516022,-0.7061445322517603,0.00011919003678329969,3.7733369357068416e-06,-0.00011913029336308193
103992.0165829059,14.025480842448118,-89.79902288916331,20.70797417907807,-5903.531260935954,5.941670125177069e-07,0.00016938805806311717,-0.009035079929683117,2.592437317226232e-10,0.7062633131662835,0.022292748377005484,-0.705911397339932,0.00011958620637573652,3.7746618837431803e-06,-0.00011952661913985379
104231.74293933042,13.985258514403974,-89.71829178424467,28.903285708417215,-5878.504239536995,8.363788569023873e-07,0.00017010718801177544,-0.008976085224378826,2.5974864810724924e-10,0.7062600748967692,0.023332903508933085,-0.7058745419740202,0.00012009384857146555,3.967572683680305e-06,-0.00012002829179700015
104472.02192207998,13.946827542368055,-89.69979574408923,30.68167318196945,-5855.727426629172,8.94757631110861e-07,0.00017076828794854195,-0.008920742110666922,2.601592540869441e-10,0.7061002189964249,0.023601170324071177,-0.7057056780458362,0.000120533267762703,4.028785299383733e-06,-0.00012046591852705447
104712.85480508996,13.904386544376852,-89.65928495319993,34.67106641521995,-5830.333528783889,1.0199174987346839e-06,0.00017151070919629524,-0.008861628333098066,2.6069141659058147e-10,0.7058001151743376,0.02413570553567897,-0.7053873193490249,0.00012100609582804498,4.137952706633441e-06,-0.00012093532393367816
104954.24286523221,13.849156777814873,-89.65080773296717,35.33835171938393,-5798.276568155803,1.0510716065222914e-06,0.00017245863406269605,-0.008792635266978878,2.6152981404195376e-10,0.7056918676243611,0.024282268777013533,-0.7052739775819037,0.00012165610921699304,4.1860852843853306e-06,-0.00012158406803446244
105196.1873823223,13.821454463302508,-89.6500792554994,35.31448338471952,-5782.297074335173,1.0561749375565074e-06,0.00017293520012419774,-0.008748236839245907,2.6164939277984694e-10,0.7057059216676626,0.024337741401351094,-0.7052861279085858,0.00012199450258719666,4.20723500425985e-06,-0.0001219219333635932
105438.68963912586,13.789444104192004,-89.67686098233341,32.51063905101373,-5764.400320979263,9.783706704534093e-07,0.00017347306516949176,-0.008701102111420016,2.6185809129979784e-10,0.7060147798487724,0.024064723196530774,-0.705604534043245,0.00012242692553734075,4.172958072477542e-06,-0.00012235578661203938
105681.75092136585,13.74994656606752,-89.64188211273581,35.8849431395468,-5741.2072632272875,1.0886514231359756e-06,0.00017417258913650103,-0.008646161776195389,2.6231124337419234e-10,0.7056758992506644,0.024529961586135896,-0.7052494280521017,0.00012286182344846123,4.270793168356213e-06,-0.00012278757260730412
105925.37251772886,13.71098611895382,-89.68896677755649,31.051017957795775,-5719.886732406465,9.490480177729944e-07,0.00017482348477768732,-0.008594241641546948,2.6268344474254506e-10,0.7054037762666404,0.02398747720998266,-0.7049958074402549,0.00012327258907806227,4.191923151837282e-06,-0.000123201294629147
106169.55571987247,13.666610870427158,-89.65714779406001,34.0739406370743,-5694.201915719994,1.0508508632238512e-06,0.00017561094744629008,-0.008535972254054993,2.632614497206259e-10,0.7053372978192513,0.02442311502357253,-0.7049143317790527,0.00012381633872369304,4.287283108090073e-06,-0.00012374209040779687
106414.30182243159,13.638976032108962,-89.77009974290921,22.79365118891423,-5680.606974745749,7.063458864423006e-07,0.0001760346921101689,-0.008496007250056538,2.6328455863950435e-10,0.705573069652011,0.0230876591948434,-0.7051952329752835,0.00012415513358746274,4.062586193902397e-06,-0.00012408864810907496
106659.61212302578,13.59366683374315,-89.6669755853974,32.85965958243898,-5653.335088894814,1.0281084572144116e-06,0.00017688076170655013,-0.008435772514479536,2.6394619372647626e-10,0.7054507720531127,0.02439929316735098,-0.7050286989075455,0.00012473109840740004,4.314051040401622e-06,-0.0001246564714466815
106905.48792226578,13.53545858401192,-89.77685008175143,21.89932410917782,-5622.823038594504,6.926523184819223e-07,0.0001778439094594628,-0.00837094613303683,2.647681348228997e-10,0.7055048566863924,0.02309576025109416,-0.7051267181624243,0.00012541848955421135,4.105762473986796e-06,-0.00012535126739114777
107151.93052376065,13.492092882420543,-89.66286948967752,32.93171391560074,-5596.7240764413955,1.0513117179997698e-06,0.00017866976553524894,-0.008312928171551237,2.653910271525372e-10,0.7052163092386762,0.0245352712529229,-0.7047893751190959,0.00012595034662243594,4.3819546971583986e-06,-0.00012587409696734197
107398.94123412446,13.442603096107861,-89.71542232123758,27.667112378784037,-5570.344596854271,8.916388745682807e-07,0.00017951767858163928,-0.00825471710546901,2.6603456636450357e-10,0.7049563959426358,0.023926944557903482,-0.7045502263888312,0.00012650055527940884,4.2935588500720786e-06,-0.00012642767038271226
107646.5213629835,13.40501281475554,-89.69055097160131,29.971178079937353,-5549.234789585397,9.732511939572797e-07,0.00018019976959559512,-0.0082045210189554,2.6643239658866685e-10,0.7049296584570994,0.02427889949811204,-0.7045114324207972,0.00012697642726761484,4.373270267855198e-06,-0.00012690109372583112
107894.67222298284,13.352935514386935,-89.58882069150633,39.60707927550859,-5518.95359709225,1.300280248609159e-06,0.00018118443688744767,-0.008140983494131466,2.672781084326014e-10,0.704448378281505,0.02555942378118871,-0.7039845406821204,0.000127584276994867,4.629126425819165e-06,-0.00012750027029319086
108143.3951297938,13.327259331496757,-89.4968854574416,48.32560010609647,-5503.283107189168,1.595511940624929e-06,0.00018169570353772133,-0.008099197446982826,2.6742270456350444e-10,0.7044191554015862,0.0267350942837862,-0.7039116288500432,0.0001279403747944555,4.855770824237029e-06,-0.00012784819510751113
108392.69140212034,13.277958074952604,-89.3950323028271,57.807862704355266,-5474.711268967805,1.9284840645821497e-06,0.00018263767152902017,-0.008038617264559265,2.6820008539867436e-10,0.7040585196458695,0.02801934587290537,-0.7035007571728603,0.00012853977507096975,5.1154844599430586e-06,-0.00012843794452588992
108642.56236170656,13.249336841805677,-89.31548934917713,65.20696243419114,-5457.776275357085,2.1887719940076563e-06,0.00018319865571283283,-0.007995320191554335,2.6841352928441677e-10,0.7034336513168332,0.029017606310428073,-0.7028348883834276,0.00012882191966394826,5.314081494344612e-06,-0.0001287122664075814
108893.00933334332,13.231892609865257,-89.21574393562243,74.55544562863574,-5446.493544850899,2.5128352351440836e-06,0.00018356996959896757,-0.007960440945548307,2.6835095080752174e-10,0.703227679303626,0.030279715443239503,-0.7025754819031474,0.00012904784778981667,5.556567559325284e-06,-0.0001289281644022839
109144.03364487566,13.21971325808252,-89.01970165278594,93.019723094641,-5436.220000458332,3.1466892455892763e-06,0.00018389750520645307,-0.007927151452209413,2.6823973266847373e-10,0.703083717546031,0.03272430853639654,-0.7023217450066329,0.0001292581899887033,6.01618951553882e-06,-0.0001291181054030334
109395.63662720936,13.216129971220504,-89.02886593678957,92.11906853657084,-5434.397367539314,3.118329356187789e-06,0.00018396018450468705,-0.007906267840616422,2.6771255593998153e-10,0.7029707475431215,0.03265438115304876,-0.7022119076837464,0.00012928085921424794,6.005351527542372e-06,-0.00012914130366464805
109647.8196143185,13.21238607513818,-89.14298486593447,81.29326867733778,-5434.459254482737,2.751976635338064e-06,0.00018396978172194436,-0.007888173758719022,2.670937924820218e-10,0.7032794079471808,0.031317191810324094,-0.7025817811042729,0.00012934000109171437,5.759539632704505e-06,-0.00012921170065293615
109900.58394325209,13.199918000035426,-89.24430367476623,71.61728636944308,-5429.602035575257,2.4288814115847544e-06,0.00018414352351303758,-0.007862997374334497,2.6671788130233223e-10,0.703478997264562,0.0301311795625096,-0.7028334166860063,0.00012949540685321665,5.546504403950403e-06,-0.0001293765693044033
110153.93095414151,13.171123587116618,-89.35377685466614,61.090253478306884,-5416.1868040319505,2.082233407667993e-06,0.00018460825521915034,-0.007825530102322419,2.667635553312261e-10,0.7035453928571652,0.028838989204205225,-0.7029540756779369,0.00012983117491685879,5.321902310511931e-06,-0.00012972205416231025
110407.8619902073,13.123462447382257,-89.59464238181084,38.17054259836417,-5395.173065524062,1.3112811996386547e-06,0.00018534158877588856,-0.0077772401959071424,2.671866477714653e-10,0.7041431927686551,0.025953776927528597,-0.7036647194407515,0.00013045236976643343,4.808299986928745e-06,-0.0001303637258938006
110662.37839776665,13.08596677487312,-89.54027270413727,43.12298529527644,-5374.299190591803,1.492922204548466e-06,0.00018605879302146112,-0.007729332174327459,2.676075065137134e-10,0.7039890209587457,0.026663950172488734,-0.7034838842444455,0.00013092916961584424,4.959010369235258e-06,-0.0001308352233630238
110917.4815262401,13.046878264380087,-89.67326599804845,30.5435804111842,-5356.036618165207,1.0646791442284423e-06,0.0001866991494224512,-0.0076853503292042095,2.6790239374451095e-10,0.7044162348447282,0.02509459329201929,-0.7039690996772027,0.0001314571498195334,4.683117093086865e-06,-0.00013137370609436156
111173.17272815914,12.988811337168276,-89.69598197388149,28.260482653670376,-5325.97098772283,9.962532576075135e-07,0.00018775390397491486,-0.007624632711821577,2.687950924436399e-10,0.703853077966408,0.024844153557299412,-0.7034144748274715,0.00013209356483023625,4.662553750642403e-06,-0.00013201125127079963
111429.45335917299,12.935680931933325,-89.76562380131836,21.678415580050615,-5299.49200559633,7.718835537236426e-07,0.00018869417403244462,-0.007569276552474494,2.695168302300756e-10,0.7039837550634144,0.02404222914445731,-0.7035730940072614,0.0001327787016464232,4.5346159588572865e-06,-0.0001327012466746848
111686.32477805612,12.907193209900152,-89.75646442537509,22.461891177550395,-5284.500286550081,8.04323246775502e-07,0.00018922923250167613,-0.007530504240750442,2.6965979861941546e-10,0.7040297897583309,0.024205022701422597,-0.7036135741606917,0.00013316372527863636,4.578259386554962e-06,-0.00013308500017309823
111943.78834671513,12.85898178713067,-89.81927696985392,16.593334080608333,-5260.6735132270105,5.995793088839255e-07,0.00019008783732081568,-0.007479309088857136,2.702581391332877e-10,0.7041472053748207,0.023486417243898564,-0.7037554085349649,0.00013378942558105782,4.462467859040376e-06,-0.00013371498337103602
112201.84543019636,12.818231288903565,-89.79567773885186,18.68383083575857,-5239.273039177692,6.806413661021668e-07,0.0001908637468469871,-0.00743175122651606,2.707379273395104e-10,0.7037504819936647,0.02381183155663708,-0.7033475226260727,0.00013425975082151836,4.542761466168121e-06,-0.00013418287524463656
112460.49739669263,12.777933451413011,-89.91048204943185,8.156626817089716,-5220.627912622818,2.992705974534555e-07,0.00019154737240391172,-0.007388271949452366,2.710799460880026e-10,0.7041789129468954,0.02246520812999042,-0.7038204713296904,0.00013482168510354383,4.3011756822027315e-06,-0.00013475305807999298
112719.74561755105,12.717072932982315,-89.85631731574912,13.011904231265191,-5188.695053670069,4.833056054923233e-07,0.0001927254735401016,-0.007326191710811281,2.7212095362910995e-10,0.7040669201480072,0.0231760734930004,-0.7036853683743519,0.00013562929696942026,4.464567876170736e-06,-0.00013555579600333677
112979.59146727977,12.673505984079188,-89.88898048082538,10.01225399292585,-5167.192071581452,3.7499114930732095e-07,0.00019352798031123175,-0.007279050573798641,2.726249045146498e-10,0.7036818220162612,0.022811738401065408,-0.7033119729019593,0.00013611909984442464,4.412666634108055e-06,-0.00013604755681611
113240.03632355572,12.645059140682184,-89.8461739288347,13.832131426576197,-5152.058049985451,5.21104088889399e-07,0.00019409579284972915,-0.007241038879647621,2.727968705576014e-10,0.7037182772663839,0.023387793219939074,-0.7033295279504967,0.00013652548983685437,4.537369610405276e-06,-0.00013645007018031028
113501.0815672315,12.599373766116537,-89.832602069696,14.984758690660405,-5128.862618159541,5.696445072218738e-07,0.00019497333784568408,-0.00719185955629693,2.734003495205478e-10,0.7034564463308451,0.023595120778156876,-0.703060624811179,0.00013709151755825623,4.598281714979908e-06,-0.00013701437877717564
113762.7285823431,12.559550566646836,-89.76244973073769,21.17682024605696,-5107.699835809525,8.117130917273221e-07,0.00019577947856038737,-0.007145711841030149,2.739017231629097e-10,0.7033423094236382,0.02450155023068788,-0.7029154133049509,0.00013763630131799235,4.7946820561276235e-06,-0.0001375527624749057
114024.97875611685,12.521433054202458,-89.75552371504716,21.71268874468056,-5088.583038831387,8.385171849383727e-07,0.000196514783370226,-0.007102594122782486,2.742983944951315e-10,0.7029192827949939,0.024621411452892213,-0.7024879388452844,0.0001380699105989983,4.836225383666757e-06,-0.00013798518448316746
114287.83347897718,12.491026195859236,-89.72202960520634,24.61125913608862,-5072.879126823411,9.563449797800846e-07,0.00019712207567856147,-0.007064389656928417,2.7451470746920075e-10,0.7027601332769576,0.025076183035673164,-0.7023126013164,0.000138465299228457,4.940777120283309e-06,-0.0001383771217068552
114551.29414455355,12.454006128114086,-89.6236516343219,33.18999915436208,-5052.817277307973,1.299934041223045e-06,0.00019790085417912152,-0.007020268537594095,2.7497077537442e-10,0.7022926687352042,0.026314406852536203,-0.7017995045247714,0.00013892092840117872,5.205268391686716e-06,-0.00013882337529687113
114815.3621496883,12.417691571784752,-89.68004038145773,28.12269093177069,-5035.9315862746425,1.1088777962153694e-06,0.00019856679906014933,-0.006980715733695004,2.752582282340265e-10,0.7025964938220145,0.02568478733571758,-0.702126858075168,0.00013944756403252293,5.097778110413601e-06,-0.00013935435326153814
115080.03889444355,12.388777221132361,-89.54429423671424,39.922130498114626,-5019.294330661214,1.5845316185383781e-06,0.0001992185905523935,-0.006941651317050688,2.755354409629761e-10,0.7024057433132531,0.027390873991719508,-0.7018714756003505,0.0001398692478239297,5.454313235524423e-06,-0.00013976285970872466
115345.32578210924,12.346508512969688,-89.58183295237691,36.48760327934507,-4999.314424212533,1.4598266911316515e-06,0.0002000167722157912,-0.006898117433792447,2.7600037983383277e-10,0.7022492647296458,0.02697521986890712,-0.7017309793121238,0.0001403973445918009,5.393026991395392e-06,-0.00014029372626136555
115611.22421920986,12.310252041204743,-89.6384852810552,31.439222653277,-4982.676417400681,1.266278230778818e-06,0.0002006873626600886,-0.006859347671581591,2.762850892911805e-10,0.7017727787163659,0.026313806686795473,-0.7012792714211218,0.00014077120807026977,5.278384212911843e-06,-0.00014067221360902825
115877.73561551262,12.299852933599624,-89.48148775018363,45.021458163164034,-4974.750589166524,1.8190362941099392e-06,0.00020099864031597914,-0.006832685698504261,2.7608881932388484e-10,0.7018977773459547,0.02829072838384479,-0.7013274018108111,0.0001410173160420284,5.683851287646219e-06,-0.0001409027226785815
116144.86138403426,12.270433831747196,-89.46757642760124,46.09448621754265,-4960.230232092314,1.8733020401660266e-06,0.00020158613699734393,-0.006797073507204437,2.7626018394233945e-10,0.7019161861055613,0.028512273417241867,-0.7013368538595112,0.0001414331992033719,5.74510479425718e-06,-0.00014131646615948078
116412.60294104915,12.235034390885506,-89.49063512283088,43.9498288066011,-4943.55514896058,1.79822527075242e-06,0.00020226758641853844,-0.006758643123914126,2.7655451190648797e-10,0.7013880355593413,0.02825937363181083,-0.7008185101919965,0.00014180368529377135,5.71336139472166e-06,-0.00014168854104855568
116680.96170609623,12.21167916113091,-89.4576591046174,46.68298368215726,-4931.691632383672,1.919233724567318e-06,0.00020275201269225737,-0.006726916624803504,2.7658219461566774e-10,0.7015913607984445,0.028721753947535768,-0.7010032085498542,0.00014218493519601802,5.820768259031563e-06,-0.00014206573990083077
116949.93910198711,12.180281261980593,-89.59563024192926,34.717527994871006,-4919.098827116323,1.434683377541122e-06,0.00020327914247778345,-0.006694307837222338,2.766524902462946e-10,0.7018383538422869,0.027094004363835134,-0.7013151858127582,0.0001426016208963566,5.50504103644935e-06,-0.000142495322047621
117219.53655481302,12.139120908398155,-89.66875206422141,28.333328476525853,-4900.746175749512,1.1796649098396851e-06,0.00020404373952578436,-0.006653993025680595,2.770498516532407e-10,0.7016587246353256,0.026243219581572778,-0.7011677825477045,0.00014309985459129724,5.352175885908566e-06,-0.00014299972936106107
117489.75549395298,12.105168512661866,-89.67319676599031,27.86140866010491,-4884.66346095302,1.1676687201557438e-06,0.00020471573427691372,-0.0066169031664301235,2.7732274109835444e-10,0.7018117258258543,0.026245638170924613,-0.7013208003358128,0.0001436020488151514,5.370282762618203e-06,-0.0001435015975066433
117760.59735208072,12.053975548447063,-89.83745160481446,13.79738695632256,-4863.351121441217,5.83340457310457e-07,0.00020561788085118624,-0.006572880813899898,2.778974143637446e-10,0.702245852815646,0.02430124178129263,-0.7018252542083827,0.00014432199739566667,4.994267661402471e-06,-0.00014423555810825944
118032.06356517298,12.009520974141644,-89.70833593261844,24.63899173881524,-4840.150714418335,1.0517049252655419e-06,0.00020659978295142954,-0.006526480078729594,2.7858725655332136e-10,0.701664234137074,0.025912627073676135,-0.7011855911421078,0.00014489204337614922,5.350897627789864e-06,-0.00014479320470344185
118304.15557251647,11.958475525528396,-89.75453406669014,20.637404602219963,-4817.079639549611,8.893638130129414e-07,0.00020759084770552994,-0.006480432003351802,2.792777295889743e-10,0.7015543625362971,0.02539471481362875,-0.7010945956525728,0.00014556340657368038,5.269073067801861e-06,-0.00014546801092453536
118576.87481671602,11.907838014603648,-89.86923193181764,10.945016155390602,-4795.529614016296,4.7592770853507045e-07,0.00020852645514705462,-0.006436602786116506,2.798875331456444e-10,0.7016583523566299,0.02404629829948569,-0.7012461899860225,0.00014623982648281163,5.011736095009643e-06,-0.0001461539234883444
118850.22274370183,11.848543217963712,-89.75590019089074,20.30547242954032,-4766.12757945281,8.93869026771233e-07,0.00020981013052989389,-0.0063824261003896385,2.8096645264731345e-10,0.701157853850451,0.025466827253775283,-0.7006952095781709,0.00014703571739135962,5.340499567076579e-06,-0.00014693869896377138
119124.2008027375,11.804686280003825,-89.70584039511867,24.36161574405303,-4745.061786796465,1.0819592336987717e-06,0.00021073985685653428,-0.006339602142604796,2.8156473484535627e-10,0.7010280188363651,0.02612594425126651,-0.700541018235634,0.00014766018111173003,5.50300637948889e-06,-0.0001475576023346009
119398.8104464273,11.765088472449467,-89.60157887043218,32.85748712917017,-4725.063140317508,1.4716282409527585e-06,0.00021162715000816278,-0.006298363881441396,2.8210612488395843e-10,0.7005706769468983,0.027434637930054996,-0.7000332949506631,0.00014818642470919058,5.80304177982909e-06,-0.0001480727563537404
119674.05313072437,11.72196158700018,-89.5133607757127,39.95264514709842,-4703.819149913562,1.805564371521744e-06,0.0002125778715250456,-0.00625562558912664,2.827284522970108e-10,0.700182598330634,0.02854857052707912,-0.6996003502900054,0.0001487710996646272,6.065849453118158e-06,-0.0001486473866767746
119949.93031493788,11.667661158421199,-89.4994786852599,40.87528737611979,-4678.9653288166655,1.8669299463028025e-06,0.00021370615476537833,-0.006208260885867556,2.835765434673105e-10,0.6998163088026874,0.028755064015175174,-0.6992252944221208,0.00014948243267575874,6.142150256671826e-06,-0.00014935619059445513
120226.44346174132,11.619254230337205,-89.45518570313881,44.277642641051415,-4656.349151800858,2.041992517904878e-06,0.00021474110999564937,-0.006164043141696101,2.8429851658471044e-10,0.6997066916645265,0.029343131051740162,-0.6990911492932786,0.00015018352784143245,6.2981460542851006e-06,-0.00015005140916091793
120503.59403717973,11.570799403381532,-89.3053573071445,56.15911219005681,-4631.910029876713,2.6171955085175714e-06,0.00021586192611138146,-0.006117588301842327,2.8514122862191907e-10,0.6996027809496217,0.031218750618831156,-0.6989058883156184,0.00015094887679629657,6.735872796988772e-06,-0.00015079851267080292
120781.38351067803,11.535459725579347,-89.1129709820002,71.41583277920893,-4612.5874259651,3.3558395478227524e-06,0.0002167461009619427,-0.006078056633793781,2.856771607346749e-10,0.6983523192782907,0.03355759133378683,-0.6975455898400063,0.0001513029007331474,7.270486214847333e-06,-0.00015112811717368934
121059.81335504823,11.488879021716269,-88.96421575011497,82.97064755043924,-4589.131423079977,3.938415667280364e-06,0.00021783495283533115,-0.006033240348218868,2.864769184763673e-10,0.6979956702374712,0.03540276252954017,-0.6970972672988567,0.00015199158113829602,7.709104917080275e-06,-0.0001517959500062392
121338.88504649774,11.454675338774706,-88.68164615054509,105.14162343774728,-4568.65817059232,5.03462808328704e-06,0.00021876678309253723,-0.005992510404791549,2.87098859002075e-10,0.6973059970068775,0.03885425215627807,-0.6962226659274544,0.00015250600965012047,8.49771403046619e-06,-0.00015226907708283733
121618.60006463679,11.427313877026524,-88.50150422195942,119.10796085901461,-4553.117531955306,5.7415079351123366e-06,0.00021947953982827306,-0.005958390914744343,2.8741621810025336e-10,0.6964808673408432,0.04104689911100328,-0.6952702716535667,0.00015283327037576085,9.007184725504458e-06,-0.00015256762158817006
121898.95989248667,11.391485945414653,-88.21182304435726,141.4795162552856,-4531.736674446651,6.88241958270094e-06,0.00022045108760180996,-0.005916771506214192,2.8810809791613296e-10,0.6958265752746251,0.04457219874659795,-0.6943975388473862,0.000153387457240424,9.825460067628425e-06,-0.0001530724415861403
122179.96601648717,11.379824665571842,-87.92914398574852,163.47384581144757,-4520.972231308522,7.98761535353156e-06,0.0002209025366011239,-0.005889141253295583,2.8812987586214443e-10,0.6951555908985586,0.048003837587322566,-0.6934961623069115,0.00015357849756688236,1.0605334044103884e-05,-0.00015321188532458526
122461.61992650489,11.344908577225619,-87.59067762665065,189.29202471256218,-4498.875230236838,9.335901258519562e-06,0.00022188496841147278,-0.005846878652067468,2.888791402125191e-10,0.6938367981363522,0.05205340503225578,-0.6918814533376748,0.00015400405986786472,1.1553777093469098e-05,-0.0001535700514119185
122743.92311584072,11.347197524331953,-87.28561558508007,213.03902776720048,-4493.506481731832,1.0527211236503259e-05,0.00022204425368237862,-0.00582646985878193,2.885590896267863e-10,0.693167927544266,0.055735318902581966,-0.6909235485948069,0.00015400234117473585,1.2382814114794704e-05,-0.00015350370354456658
123026.87708123817,11.379093116691594,-86.73962720451671,256.1040264836591,-4495.755267496909,1.2630019980509552e-05,0.0002217125581178241,-0.005815978514037057,2.8775141627199803e-10,0.6917217788311438,0.06223925005948795,-0.688916029035001,0.00015352741809754653,1.3813980791680888e-05,-0.00015290468286611084
123310.4833228909,11.412759407494022,-86.28759455129146,292.01380014447227,-4500.515439367072,1.4356689964494251e-05,0.00022126524435299284,-0.00580874601521974,2.867859531898923e-10,0.6906186011939918,0.06761706007754346,-0.6873005059663609,0.00015304647156442634,1.4984468192047725e-05,-0.00015231115576779748
123594.74334445107,11.502004673696764,-85.86080041264435,327.8335738651431,-4530.052583090788,1.589199368251034e-05,0.00021959790811886993,-0.005833421726163382,2.842607440590951e-10,0.6896168979949745,0.07268187429035294,-0.6857760648709259,0.00015175004917070107,1.5993630709234955e-05,-0.00015090487467291045
123879.65865303691,11.58244455547283,-85.70974075334887,342.24912792989903,-4562.140992696044,1.6351877509395916e-05,0.00021796862170073784,-0.005861230955627451,2.816121761837842e-10,0.6898501545994319,0.07456753826892196,-0.6858082224918077,0.0001507039922595229,1.6289951716567384e-05,-0.00014982099571164996
124165.23075924112,11.667602796158345,-85.72916793865028,343.56121089969827,-4600.54065212847,1.614251149340358e-05,0.00021616025906526297,-0.005896971166599819,2.7861933991861047e-10,0.6903102037064645,0.07443741132016417,-0.6862851077629568,0.00014954917345444765,1.612616078575726e-05,-0.0001486771745064466
124451.4611771385,11.730619457586076,-85.945736439243,328.4351350196369,-4633.771109579848,1.5219630905869727e-05,0.00021472820191990454,-0.00592590533104584,2.759850480851628e-10,0.6907923689353623,0.07194604281198559,-0.6870355623277631,0.00014862090317040736,1.5478870849041777e-05,-0.0001478126429519014
124738.35142429432,11.762567956452283,-86.21771217745457,307.6911659234339,-4654.270196016044,1.4142230578316588e-05,0.00021392152123803505,-0.005938431121809486,2.741375579477576e-10,0.6916827017184737,0.0688257341613325,-0.6882499387386246,0.00014820482328918247,1.4747088142852278e-05,-0.00014746929523627876
125025.903021772,11.791084706271779,-86.53793732959726,282.7817561514351,-4674.230143195807,1.2895689928364088e-05,0.00021315880982147327,-0.005950181638033864,2.7233912631344633e-10,0.6928965633680885,0.06514557497033698,-0.6898272983791607,0.00014788286303988666,1.3903827281468528e-05,-0.00014722779889613568
125314.11749414162,11.791921932083618,-86.93358344343798,250.87425613959405,-4683.091607058385,1.1406338390442817e-05,0.0002129231129790687,-0.005947751084392819,2.7119862197089456e-10,0.693872631659826,0.060519345499591336,-0.6912283542989492,0.00014786879711066738,1.2897068442579385e-05,-0.00014730528430624318
125602.99636948749,11.770785051261628,-87.15657805242176,232.35213232073593,-4678.118783665891,1.0590930851735433e-05,0.000213235110257641,-0.0059277704379060705,2.708625025729968e-10,0.6942971353005993,0.057917905345387787,-0.6918771771976739,0.00014814591069508176,1.2358254696282356e-05,-0.00014762955123056142
125892.54117941676,11.749233161938458,-87.42358616870658,210.30920303693034,-4673.824837442908,9.608043574538397e-06,0.00021352519076412336,-0.0059087084830910805,2.704878111414096e-10,0.6949605773667218,0.054799366878943566,-0.6927966754276136,0.00014845605698626165,1.1706128659868735e-05,-0.00014799380868031866
126182.75345906707,11.721040577666681,-87.65466503233604,191.0923632509859,-4665.7173494349045,8.763520016426918e-06,0.00021397038943445155,-0.005884892815190207,2.7033464461396773e-10,0.6953877373767436,0.05209104083078974,-0.6934339397225319,0.00014883083100849327,1.1148820259888393e-05,-0.00014841266814356307
126473.63474711515,11.716030241426775,-87.79612723875029,179.5746384648626,-4666.2376772080115,8.235094222415438e-06,0.00021398849673035498,-0.005872012719917808,2.6968281675395746e-10,0.6958010663514355,0.0504631759579245,-0.6939687253817958,0.0001489168933311068,1.0800241268212613e-05,-0.00014852473163731568
126765.18658578456,11.677518236272066,-88.0811777633128,155.93575721381433,-4654.480311887511,7.189788879731916e-06,0.00021460588248181046,-0.005843745977208821,2.697422240811515e-10,0.696494122136194,0.047111468479967035,-0.6948989651078268,0.00014946812715484705,1.011015418137059e-05,-0.0001491258053376626
127057.4105208542,11.639759724048119,-88.24840253369595,141.91630169412238,-4640.719116357048,6.583483722424555e-06,0.00021528251792194523,-0.005813068154321073,2.6991986528150347e-10,0.6966629078054536,0.04514881855446151,-0.6951983826902118,0.00014996129479285286,9.718581559225687e-06,-0.00014964604608350197
127350.30810166617,11.606591582395243,-88.4926852532642,121.84626968722273,-4630.530143584947,5.6787166704037925e-06,0.00021580856588127907,-0.005786964888213931,2.6989162982392247e-10,0.6972306919552255,0.04227374887147292,-0.6959479635437653,0.00015043159258281357,9.120808135035411e-06,-0.000150154836438809
127643.8808811344,11.55579456725621,-88.71207096975445,103.68871699659691,-4611.997298401439,4.8722992048453186e-06,0.00021671625824522058,-0.005750547245195392,2.703529341922595e-10,0.6974792152121964,0.03967789072469569,-0.6963497114529885,0.00015110362645165857,8.595916620440257e-06,-0.00015085892795687237
127938.13041575247,11.517163839229124,-88.91104978862181,87.40899456842101,-4598.523787564046,4.132019525365759e-06,0.00021738254938054468,-0.005720560315663092,2.705214423261611e-10,0.6981881379427946,0.03735252611047842,-0.697188256324784,0.00015171090192526846,8.116416073903743e-06,-0.000151493635355066
128233.05826560219,11.4796427085453,-89.04419537706158,76.48276992922386,-4584.340054573802,3.6382211481553007e-06,0.00021807320723765905,-0.005689799419650171,2.707343159193593e-10,0.6984157391168136,0.03579938773773045,-0.6974976333176255,0.00015223579202780965,7.803300872422808e-06,-0.00015203566972861652
128528.66599436155,11.418984852547121,-89.16817069361771,66.20583596170553,-4559.88798712292,3.1834378992070774e-06,0.000219257411729421,-0.005646434649277404,2.7156009830470535e-10,0.6981863810000946,0.03433438871095366,-0.697341646802953,0.00015300662596341605,7.524336071486201e-06,-0.00015282150357653215
128824.95516931341,11.388805457211488,-89.26786334534775,58.12387552455422,-4548.428870877846,2.809058828411535e-06,0.00021982024013081862,-0.005619291209150246,2.716181107355503e-10,0.698501221566323,0.033191654318669724,-0.6977121688871676,0.00015346449381656484,7.2923858565727546e-06,-0.00015329113467808022
129121.92736135342,11.338495798357272,-89.38365939815111,48.71622139769064,-4528.545103993428,2.375231499597217e-06,0.00022079592114797805,-0.005581858581603507,2.721832741544572e-10,0.6987171663320481,0.03184720289583212,-0.6979909986488354,0.00015418920997915892,7.0278723511721275e-06,-0.00015402896313425208
129419.58414499863,11.308537656425502,-89.45194036329194,43.205606849078755,-4516.704490972398,2.11766382101926e-06,0.00022138010291530957,-0.005554459558595329,2.722691617193745e-10,0.6986511235999313,0.03106844166739677,-0.6979599877068929,0.0001545802464242146,6.874056602408937e-06,-0.00015442732896219435
129717.92709839558,11.254533470654039,-89.5393675914289,36.13767641223158,-4494.889399489041,1.7885213716865143e-06,0.00022246050528119374,-0.005514919044592798,2.729613275072826e-10,0.6987067297530258,0.030061926407831795,-0.6980597215015475,0.0001553444847595381,6.683711877735148e-06,-0.00015520063447274236
130016.95780332906,11.196855633641468,-89.65005805795637,27.313978583640434,-4472.045350732053,1.3657033218008072e-06,0.00022360298672843905,-0.005474271474470008,2.7372466478682207e-10,0.6988957612633594,0.028777342138695778,-0.6983030500372479,0.0001561819489416586,6.430860837470149e-06,-0.00015604949600720903
130316.67784522993,11.167229276365266,-89.71307210697164,22.337289947681835,-4460.4298575115645,1.1227063049476133e-06,0.00022418801634101196,-0.005447495070283736,2.7380628789537177e-10,0.6990328925306429,0.028071261441750605,-0.6984690323277234,0.0001566199026153869,6.289429696765405e-06,-0.00015649356845999366
130617.08881318418,11.125075222234722,-89.75268580617961,19.178632334008764,-4443.1249499807,9.714769228119495e-07,0.00022506262589028027,-0.005413880411741201,2.742405081469483e-10,0.698792681239406,0.027635408395407703,-0.6982460136345764,0.00015717592850752676,6.21589362746171e-06,-0.00015705296930849556
130918.1922999407,11.083025537432112,-89.7883048982069,16.352693661988713,-4425.875039407566,8.348050674675912e-07,0.0002259409359244628,-0.005380458419521504,2.746761704395825e-10,0.6987111609573791,0.027254823583524223,-0.6981793902986821,0.00015777005735209554,6.154181184113303e-06,-0.0001576499827175272
131219.98990192034,11.055741274555961,-89.78086874721863,16.882299116867607,-4414.157083241718,8.664223967943996e-07,0.00022654050454941113,-0.005353871158709341,2.7477191949646036e-10,0.6989777254729773,0.027412693509084513,-0.6984399794842459,0.0001582486963214541,6.206239272555933e-06,-0.00015812695052245707
131522.48321922382,11.026302204584763,-89.82132262859142,13.728995813187717,-4402.409554617538,7.083594047105922e-07,0.000227146125895498,-0.005327341949318964,2.74871485345484e-10,0.6988042472314715,0.026969811760496797,-0.6982836137289395,0.0001586315219546408,6.122261424923264e-06,-0.0001585133359458774
131825.67385564072,10.979412473068225,-89.82450679642885,13.424156379619333,-4382.76288285466,6.988548416481969e-07,0.00022816443535544117,-0.00529136970670723,2.7546863476657165e-10,0.6987137002848297,0.026984581183391115,-0.6981924285926308,0.0001593215395444916,6.1530567045538385e-06,-0.000159202678545361
132129.5634186575,10.947847389716152,-89.91112735239912,6.780009220066441,-4371.0366722473955,3.5486268909144933e-07,0.00022877812954004366,-0.005265075239973802,2.75572376461453e-10,0.6989802215232561,0.025996125957980145,-0.6984966367248141,0.00015980997909507773,5.9435735346620105e-06,-0.00015969941562825847
132434.1535194665,10.923917659211863,-89.94666719728407,4.059946933823364,-4361.62634111431,2.1341407911425286e-07,0.00022927207773939748,-0.005241656881252486,2.7553176527387214e-10,0.6986340503196771,0.02560751836857129,-0.6981645875215101,0.00016007511059007708,5.867344045013015e-06,-0.00015996754453414248
132739.44577297394,10.889614637032105,-90.02140962502335,-1.6249462577501415,-4348.63095779889,-8.592782811832873e-08,0.00022995739810445048,-0.005214019906334814,2.757195610240779e-10,0.6989505778344826,0.02476541578503907,-0.6985116924119104,0.00016062580329418826,5.691339174096064e-06,-0.00016052494305343536
133045.44179780915,10.850235839327453,-90.05463341635102,-4.131546382477268,-4332.881131093482,-2.2006890798629458e-07,0.0002307931052155893,-0.005183187342044557,2.7608534668903717e-10,0.6989173115578864,0.02441682690719002,-0.698490677789681,0.00016120145910678807,5.631607715401283e-06,-0.00016110305835922948
133352.1432163324,10.827042347530165,-90.10529830323199,-7.946907088256691,-4324.131631206785,-4.250097144969884e-07,0.0002312595239401181,-0.005160823868950701,2.7600771759563824e-10,0.698998161554215,0.02385967439507329,-0.6985908285927704,0.0001615456418558941,5.514215382275798e-06,-0.000161451503032182
133659.5516546442,10.780241489570937,-90.18582670986153,-13.966514589432496,-4306.267571828924,-7.531499441837246e-07,0.00023221721930660448,-0.005127682697184124,2.7651527056961773e-10,0.699299815813812,0.022945582554553555,-0.6989232666312257,0.0001622847360215715,5.324923192484205e-06,-0.00016219735120705667
133967.6687425935,10.741282458972446,-90.26658249269535,-19.968236239688967,-4291.682448748721,-1.0841144779821968e-06,0.0002330038077345507,-0.005098562080762126,2.7681686863949494e-10,0.6990272804634929,0.02200993209269898,-0.6986806865238666,0.0001627713990646098,5.125103898191525e-06,-0.00016269069322946288
134276.49611378633,10.701285842396542,-90.24404469971886,-18.208937687704417,-4274.991306269122,-9.963370005602791e-07,0.00023391436054974037,-0.005067052073588874,2.772585168814399e-10,0.6988801618442725,0.022338223687064594,-0.6985230736217546,0.00016337232169668563,5.221850133369253e-06,-0.0001632888476833307
134586.03540559483,10.670072998761835,-90.31735141835748,-23.615214651078077,-4263.533158895301,-1.299090132094017e-06,0.00023454005972051018,-0.0050418483257155386,2.7736425213772476e-10,0.6987698239268626,0.02149937711150016,-0.6984390049350022,0.00016378399629993743,5.039218610632874e-06,-0.00016370645595019205
134896.28825916533,10.628722068283288,-90.35072044940142,-25.999438397149262,-4247.369911916677,-1.4411444772558772e-06,0.0002354309965438581,-0.005011182482075433,2.7777940634901147e-10,0.699073088830416,0.02116019533105963,-0.6987527671934116,0.00016447756541948438,4.9785601355021e-06,-0.00016440220030552495
135207.25631942775,10.595858797484457,-90.39583221573965,-29.257383282501923,-4234.869840062243,-1.6313029418983171e-06,0.00023612349614265404,-0.004984943018179151,2.779585675781462e-10,0.6990752275129235,0.02066866364747447,-0.6987696187337236,0.00016496220852186294,4.877226753711424e-06,-0.00016489009339436822
135518.9412351036,10.554084821257632,-90.50367138983586,-37.0970569492667,-4219.914188896796,-2.0830450181498937e-06,0.0002369533313713523,-0.0049559138852878,2.783021182337556e-10,0.6990746399819809,0.019412134852009114,-0.6988050667292157,0.00016554375218987263,4.596873434716811e-06,-0.0001654799161340347
135831.34465871542,10.51031905622051,-90.50365610921415,-36.94234498623342,-4202.442688396332,-2.0916417483880777e-06,0.00023793845722391464,-0.004924044068025464,2.788164108201962e-10,0.6992656600032766,0.019476488100507224,-0.6989943702713841,0.00016627690423495179,4.631272965279096e-06,-0.00016621239482264975
136144.46824659494,10.487223513006562,-90.51224476978669,-37.49108395714563,-4193.35398714034,-2.1319167048802632e-06,0.00023845353270872413,-0.00490209425166406,2.787780694051891e-10,0.6991449335004869,0.019427351635145737,-0.698874964530741,0.00016660778671855693,4.629580939003565e-06,-0.00016654345251490785
136458.31365889247,10.441939325100249,-90.5318644283488,-38.76360771994717,-4175.739545575022,-2.2229001811702613e-06,0.0002394579023562359,-0.004870275558320742,2.7931015714727987e-10,0.6989284706691402,0.019241201072567965,-0.6986635694618607,0.00016725774152670733,4.60453389826558e-06,-0.00016719434909169198
136772.88255958486,10.416596456941337,-90.5754586042073,-41.84744819571715,-4166.418791883226,-2.4104566615448093e-06,0.00023999006784619758,-0.004848228196333415,2.792911731551283e-10,0.6989507277197589,0.018769449217020406,-0.6986986672064505,0.00016763549760302513,4.5016420105817125e-06,-0.000167575043714219
137088.17661648538,10.363451130491319,-90.55629166459192,-40.247838051304534,-4145.23340951639,-2.3420903081224373e-06,0.00024121819862617407,-0.004812482036578993,2.8007293453245166e-10,0.6986819578423268,0.019055230868524575,-0.6984220617870931,0.00016842748255352485,4.593541494291871e-06,-0.00016836483081646874
137404.1975012515,10.336820928038978,-90.6888285997201,-49.73833029998347,-4136.963979617519,-2.90579485283675e-06,0.00024168822246024653,-0.0047918351747824155,2.7998733840848653e-10,0.6989365954807057,0.017505461882680737,-0.6987173414954245,0.0001688208849871429,4.228262744076676e-06,-0.00016876792646118864
137720.94688939466,10.29380617777768,-90.67267356219794,-48.37168992804979,-4119.927551684975,-2.849392253065324e-06,0.00024268926031782427,-0.0047611263924707105,2.804985060647849e-10,0.6987950571363127,0.017758528551185343,-0.6985693713167214,0.00016948468299186306,4.307126318600278e-06,-0.00016942994549880473
138038.42646028847,10.253867114797831,-90.68773892063008,-49.271956000175194,-4104.667423703261,-2.9240263339955276e-06,0.00024358999750607094,-0.004732581549809156,2.808938023422987e-10,0.6988719818710513,0.017636567517707938,-0.6986494103129011,0.00017013243832787438,4.293421847429949e-06,-0.00017007825581251705
138356.6378971781,10.21658880358097,-90.7379936425616,-52.69763759756247,-4091.0721627907587,-3.1480731303105427e-06,0.0002443941500413435,-0.004706057961148827,2.811790708731314e-10,0.6988152757726485,0.017082307440004097,-0.6986064589063917,0.00017068155538476476,4.172253962532448e-06,-0.00017063055308307084
138675.58288718882,10.186202525783886,-90.73732754358431,-52.49897588495178,-4079.3318051369274,-3.1542843774438597e-06,0.0002450975922187761,-0.004681760175673328,2.813397519367567e-10,0.6987757128457273,0.01714951637718785,-0.6985652374339013,0.00017116256325119743,4.200711512544966e-06,-0.0001711110080664261
138995.26312133533,10.142541336147708,-90.72596321855112,-51.47521427080319,-4062.4023674951864,-3.1186207646300265e-06,0.000246120245578824,-0.004651607566300104,2.8186243211132807e-10,0.6981302212128766,0.017332239881864896,-0.697915037258417,0.00017171696768000251,4.26315834092608e-06,-0.0001716640395370423
139315.6802945303,10.108540975056151,-90.77961692950191,-55.11503517601681,-4050.276349547256,-3.3590801452210926e-06,0.00024685102395331554,-0.004627056341079732,2.8205608635013473e-10,0.6985655946427558,0.01674939623256146,-0.6983647669695484,0.00017233579525502237,4.132067971735871e-06,-0.00017228625116490854
139636.83610559377,10.075564728272116,-90.77175358139726,-54.38800550747754,-4037.5772600040355,-3.33566666152888e-06,0.000247628346247978,-0.00460194026853442,2.822924649074241e-10,0.6982297775055205,0.01689756579670991,-0.6980252821105798,0.00017279448160143214,4.181726726980638e-06,-0.0001727438740838254
139958.73225726176,10.033615467443022,-90.76762723016358,-53.88324636025489,-4021.61069956518,-3.3310085030382634e-06,0.0002486119590233595,-0.004573199626090813,2.8276138744163304e-10,0.6981229147333395,0.017005795116913996,-0.6979157592490767,0.00017345355769205287,4.225209633088137e-06,-0.0001734020884522063
140281.37045619581,10.009255166425184,-90.80677225794018,-56.510249873303,-4013.0096149573187,-3.508332258480326e-06,0.0002491401315214811,-0.004552923277116101,2.827157029970835e-10,0.6982841719364181,0.016593493001043975,-0.6980869865331637,0.00017386326815153043,4.131554228432009e-06,-0.0001738141716661461
140604.75241299137,9.956848222903073,-90.83627678795787,-58.29688868917927,-3993.8074720227246,-3.654084639328523e-06,0.00025033429509013435,-0.00452071633441483,2.8342163983772144e-10,0.6977936920581709,0.016283411221408407,-0.6976036748721783,0.00017457462323859397,4.073797759093944e-06,-0.00017452708457633457
140928.87984218745,9.924714331224177,-90.82890668229369,-57.606933760975835,-3981.635050047506,-3.6329628571272295e-06,0.0002511005412556343,-0.004496572317275368,2.836342554251421e-10,0.6979410758985046,0.016437560252605996,-0.6977474844378188,0.00017514505395623402,4.124928990094554e-06,-0.00017509647308315153
141253.7544622754,9.889952600916393,-90.88650029628197,-61.42378530847733,-3969.5901238497468,-3.897097510041441e-06,0.00025185487527101146,-0.004472659099678554,2.8384056668433386e-10,0.6977773531171506,0.015793569587946633,-0.6975985935212652,0.0001756320576798154,3.975275368925187e-06,-0.00017558706350579256
141579.37799570817,9.869929665791595,-90.82669577740292,-57.15720919214859,-3961.1180849509005,-3.6420425942229265e-06,0.0002524014203989448,-0.004452848517315487,2.8379343342631454e-10,0.6977348887405709,0.01658191736776653,-0.6975378233344952,0.00017599914534226752,4.182682179087824e-06,-0.00017594943685899465
141905.75216890918,9.821085525391409,-90.86321329489665,-59.41894596608032,-3943.633931660398,-3.81973446713636e-06,0.0002535156793782722,-0.004422997830430392,2.8439603480513293e-10,0.6975833455650127,0.016195179408425263,-0.697395325603495,0.0001767387884806135,4.1031891114787235e-06,-0.00017669115199327463
142232.878712282,9.78364194966617,-90.8829116269828,-60.567076107686454,-3930.13643486585,-3.920290252677735e-06,0.00025438367752645904,-0.004397721864996929,2.8471641357768235e-10,0.6974012834959703,0.01601272120470147,-0.6972174287705717,0.00017729795905134234,4.070859712531813e-06,-0.00017725121828910612
142560.75936021877,9.752417047873314,-90.8764927218871,-59.949186863766585,-3918.5350471531633,-3.903320286930544e-06,0.00025513769485080017,-0.004374655587077971,2.8490258925372166e-10,0.6979044284442643,0.01616409737184893,-0.6977172157817725,0.00017795086844308824,4.121502956115534e-06,-0.00017790313317373594
142889.39585111028,9.725407131606334,-90.92315421921656,-62.9934643129603,-3909.365565660703,-4.1206922321122894e-06,0.0002557295823400364,-0.00435438088615384,2.8491403829162223e-10,0.6975961508515495,0.015650757319039428,-0.6974205642782827,0.00017828657766412646,3.999907334432966e-06,-0.00017824170251796447
143218.78992735432,9.685976469487038,-90.92445955691964,-62.85062742302046,-3894.992663333807,-4.141744108333102e-06,0.0002566730608238084,-0.004328393892942965,2.8530769667921127e-10,0.6971962300428592,0.015687784420351285,-0.6970197103425098,0.00017884120771944053,4.024150147807561e-06,-0.00017879592778957795
143548.94333536562,9.653298825608983,-90.86231984318412,-58.43100035220962,-3882.082685842943,-3.8762821581359474e-06,0.00025753534529333834,-0.004304125370675214,2.8559812395013554e-10,0.6969531698889784,0.01649998811113638,-0.6967578283813017,0.00017937580930849043,4.246624951124085e-06,-0.0001793255339922355
143879.8578255845,9.611884150779137,-90.93787630168798,-63.32624458413315,-3868.3166112939703,-4.23080818894176e-06,0.00025844112032789976,-0.004278998599499931,2.859552793335771e-10,0.6970958667230098,0.01564649854074233,-0.6969202497314301,0.00018004665278563604,4.041194080405251e-06,-0.0001800012942445578
144211.53515248687,9.580596419070618,-90.9106388651731,-61.30006966829043,-3856.5667089422964,-4.1204966110002425e-06,0.0002592324958239524,-0.004256189731582818,2.8616682407987363e-10,0.6969364705458193,0.01603643029170786,-0.696751947884154,0.00018055466836354008,4.154542738718655e-06,-0.0001805068642531361
144543.97707459272,9.549700107896353,-90.91144038752027,-61.17716814686572,-3845.4493721668287,-4.136045139536227e-06,0.0002599818309160834,-0.004234159654221627,2.8633407477100755e-10,0.6965967100678644,0.01608126575955483,-0.6964110635026864,0.00018098771051856282,4.1781872208079135e-06,-0.00018093947637345194
144877.18535447615,9.507633912972919,-90.92113066235493,-61.58813578408236,-3830.549097997505,-4.1962633745202225e-06,0.00026099171016608004,-0.0042080526496345826,2.867867605649112e-10,0.6962733138606416,0.016018582454435482,-0.6960890263541223,0.00018160624722513864,4.17806425652948e-06,-0.00018155818023505988
145211.1617587742,9.46923416000281,-90.93367370806305,-62.207068588247125,-3817.058314113841,-4.2684167459730475e-06,0.00026191228743090763,-0.004183588171895655,2.871384401687386e-10,0.6964013637297211,0.015931779372614453,-0.6962191018714134,0.00018228033405036674,4.170080958060833e-06,-0.00018223262772159245
145545.90805819663,9.433809803587804,-90.96313583099878,-63.96673911922336,-3804.945101900235,-4.41707421498475e-06,0.000262741623700891,-0.004160720347552319,2.873900556833042e-10,0.6964744862355691,0.01563822561441258,-0.6962988983739186,0.0001828776279367755,4.106225945133324e-06,-0.00018283152274230287
145881.42602753482,9.391651549728032,-90.93573820502397,-61.89614266195037,-3789.5988587331744,-4.308848859485517e-06,0.00026380979521681763,-0.004134408383072358,2.8789020616210636e-10,0.6961269832461063,0.016026139187449728,-0.6959424830157082,0.00018352738971549773,4.225142198302148e-06,-0.00018347874794969664
146217.71744567182,9.360014588992096,-90.9481847213686,-62.538159119512535,-3778.636571969818,-4.378807984172342e-06,0.0002645732497339301,-0.0041129672866098525,2.880613608368731e-10,0.6961292416713212,0.015938082626605156,-0.6959467642227214,0.00018405910724876085,4.214087103232206e-06,-0.00018401085954665073
146554.78409559114,9.32812532392557,-90.92287125608527,-60.681038221944526,-3767.0115821630766,-4.275101334963254e-06,0.0002653935515213956,-0.004090883267206228,2.882857503006593e-10,0.6959545944941926,0.016304678990878677,-0.6957635769717904,0.00018458146255685327,4.324335981780056e-06,-0.00018453080078389001
146892.62776438668,9.280845900703836,-90.93631261905375,-61.298817533709325,-3750.724718315095,-4.3561791420744015e-06,0.000266543947223812,-0.004063828036722824,2.888716626217257e-10,0.6956300583435011,0.0161972461051437,-0.6954414621588162,0.00018529515428126792,4.314464534685538e-06,-0.00018524491786793456
147231.25024327185,9.246394705302958,-90.95326454516871,-62.21371001848338,-3738.99786785334,-4.448928673166016e-06,0.00026737731632235537,-0.0040418049286116845,2.8911119855507963e-10,0.6956476702204708,0.016055357546587226,-0.6954623689152564,0.00018587943266320215,4.2900463549582e-06,-0.0001858299195217665
147570.65332758945,9.21895197187591,-90.92188568027593,-60.00357509719727,-3728.9384115672055,-4.314140337143313e-06,0.00026810341867140874,-0.00402165991207417,2.892243949268011e-10,0.6954716340143184,0.016495670124464363,-0.6952759787204581,0.00018633470217919225,4.419613438648146e-06,-0.00018628228110386988
147910.8388168207,9.173671033971422,-90.92023903354351,-59.64492176457521,-3713.283509365088,-4.324592781858751e-06,0.00026923396974145995,-0.0039955653713043895,2.8977573945682477e-10,0.6955421103929388,0.016581072179146488,-0.6953444436933778,0.0001871386385281738,4.461209791007292e-06,-0.0001870854554404995
148251.80851459538,9.1419825436516,-90.88905120172268,-57.44578155400531,-3701.8527873353582,-4.190977059747042e-06,0.0002700699631999596,-0.00397410443492114,2.900019963771339e-10,0.6949312841008793,0.017008508871530475,-0.6947231104893979,0.00018755256261353203,4.590366699662727e-06,-0.0001874963793689507
148593.56422870068,9.100984359987518,-90.92086995750996,-59.2846464593394,-3688.3248499194287,-4.356841040690715e-06,0.00027105576295457335,-0.003950474804479916,2.9039622536351257e-10,0.6947739786207713,0.016682903500133954,-0.6945736549130993,0.00018819550720196944,4.518948006719946e-06,-0.00018814124491965895
148936.10777109154,9.057502226809008,-90.93739055329462,-60.11027671952189,-3673.7706130416414,-4.452545885713029e-06,0.0002721270491646158,-0.003925836129341965,2.908761382606096e-10,0.6947497464849252,0.01654616938160749,-0.694552686640591,0.00018893290052645573,4.499628520464622e-06,-0.00018887931131947045
149279.44095789958,9.02522932324377,-90.89410518906692,-57.15171959053489,-3662.0819960354006,-4.260567112261439e-06,0.00027300221631996444,-0.0039043450855449227,2.911334235695612e-10,0.6945908120753365,0.017131219861822203,-0.6943795198056473,0.000189494159162198,4.673638128669415e-06,-0.00018943651565427052
149623.56560944335,8.986990699769928,-90.86342339743409,-54.98757058352031,-3648.635463098674,-4.129571156945852e-06,0.00027401282891260703,-0.0038810622319235145,2.915342988967998e-10,0.6944311266641131,0.01756340958811632,-0.6942089860579662,0.00019014963877664323,4.809225653391407e-06,-0.00019008881207346914
149968.48355023732,8.951868161783048,-90.83522240928183,-53.01180077848306,-3636.3216148886795,-4.008258215431493e-06,0.00027494474386436296,-0.0038590678920052395,2.9184875444724247e-10,0.6939008665693464,0.017955899809890513,-0.6936685074931015,0.00019064853823653728,4.933364715916856e-06,-0.0001905846978230628
150314.19660900225,8.904199548316583,-90.80645266059305,-50.95399548930918,-3619.8728550213978,-3.8878148029764905e-06,0.00027619807113257185,-0.003832776086608999,2.925006362280861e-10,0.6935231693561917,0.018358830678654278,-0.6932801308057007,0.00019141125914939384,5.067007206080681e-06,-0.00019134418090741598
150660.7066186742,8.881902425897986,-90.78043751160833,-49.20206918783942,-3611.9439624286106,-3.770689568019602e-06,0.00027680785877938426,-0.0038155850234157045,2.9246852026581966e-10,0.6936097901064489,0.018740687221004956,-0.6933565659702059,0.00019185588108303788,5.183766305166667e-06,-0.00019178583804087878
151008.01541641486,8.827854685255076,-90.74589019474462,-46.78260122297352,-3593.416563780773,-3.6223935452767143e-06,0.0002782395297792411,-0.0037872824640263125,2.9330033991460655e-10,0.6928472102648019,0.0192025077510602,-0.6925810569657455,0.00019263386858402824,5.338916430345096e-06,-0.00019255986938352044
151356.12484362078,8.788227973380584,-90.71894443579875,-44.922040445537796,-3579.8430453718265,-3.504799037709043e-06,0.0002792978755223678,-0.0037642990447378888,2.937353028781049e-10,0.692576718465455,0.019585538142121293,-0.6922997310818932,0.00019328920074064578,5.466070274429652e-06,-0.0001932118971458866
151705.0367459337,8.758534332560258,-90.72171062426054,-44.97166424127025,-3570.060068478146,-3.5279222350389135e-06,0.0002800628909003179,-0.003745377999445474,2.9386279718815643e-10,0.6928331709492062,0.01962446862590649,-0.6925551840818771,0.00019388977336275617,5.491919171578585e-06,-0.0001938119785732394
152054.75297324956,8.71767972435135,-90.68180379263364,-42.31704031957915,-3555.9693179330975,-3.346091217807548e-06,0.00028117745512612843,-0.0037220151515535566,2.9434870303965365e-10,0.6922943635291768,0.02015640714654098,-0.6920008706824081,0.000194507598586609,5.663160870213291e-06,-0.0001944251385929492
152405.27537972914,8.675224242019853,-90.56165645388825,-34.70368443794663,-3540.0838847099994,-2.768896649394914e-06,0.00028245203832686847,-0.0036968657929179164,2.949895141453975e-10,0.691773900191009,0.021656528073242472,-0.6914348297397904,0.00019523721234217554,6.112055064324438e-06,-0.00019514151753543993
152756.60582380724,8.633459651849467,-90.42492981417597,-26.137379984864786,-3524.191651504157,-2.1043555888799423e-06,0.0002837374060606393,-0.0036718053449486974,2.956382436951311e-10,0.6910766586024435,0.023348352612545375,-0.6906821284030726,0.00019592322228921785,6.6193589698799785e-06,-0.00019581137127097124
153108.746168203,8.589547146977543,-90.4340430801282,-26.591281143018257,-3510.1101853331447,-2.158106332778888e-06,0.00028487499263299166,-0.0036487228899337513,2.9614157519195037e-10,0.6906350822963585,0.023289141386217703,-0.6902423000599069,0.0001965825097010346,6.629025920986069e-06,-0.00019647070808569977
153461.69827992943,8.558330123468176,-90.39456625030259,-24.098498321194217,-3499.3373576326053,-1.9678761325796027e-06,0.00028575483725776506,-0.003629158573479699,2.963700534548605e-10,0.690435308595863,0.023823463960079023,-0.6900241719829874,0.00019713086334280022,6.801998622894016e-06,-0.00019701347694259884
153815.4640303035,8.52572364892341,-90.22547599042454,-13.718365420787457,-3485.960440577278,-1.1288876780976302e-06,0.0002868605454801761,-0.003606970463199794,2.968230868729284e-10,0.6898079153982349,0.025901954193279893,-0.689321440922178,0.0001977098841571894,7.423910698446734e-06,-0.00019757045286021577
154170.04529495593,8.478602028731204,-90.15257159769864,-9.23922148378342,-3469.6310044378074,-7.674776174558354e-07,0.0002882130427775387,-0.0035818172330733685,2.9753416494945347e-10,0.6892192526742035,0.02682198809729851,-0.6886971462197995,0.00019847091478869552,7.72378962640314e-06,-0.00019832056648484217
154525.4439538414,8.44661035569695,-90.03109298283051,-1.8761994420235952,-3457.317028285448,-1.5696414695993394e-07,0.0002892415411495759,-0.003560896385787296,2.97907149790321e-10,0.6887487555079393,0.0283286971334708,-0.6881659197696841,0.00019904172461101887,8.186719305606436e-06,-0.00019887329072336456
154881.6618912481,8.421908801845234,-89.82969535791621,10.242651118993864,-3445.9363212438893,8.625694009938191e-07,0.00029019432507725214,-0.003541011843551615,2.9820360128407406e-10,0.6878332173520152,0.030772537699292488,-0.6871445159617955,0.00019943198248947868,8.922262032107343e-06,-0.0001992322987869039
155238.70099580823,8.380184149667954,-89.73306808441879,15.984720985194615,-3431.0263011381207,1.357836689126168e-06,0.000291451655450054,-0.003517581583726204,2.988106583753316e-10,0.6870832766823821,0.031962551126774916,-0.6863394381951741,0.0002000781653872415,9.307472336424299e-06,-0.00019986156014459373
155596.56316050744,8.348364626178443,-89.44603243758233,33.0279127491553,-3415.905854578778,2.8302757116939613e-06,0.00029272074947862944,-0.0034940251304390346,2.994430509211548e-10,0.6861944860019026,0.03542078630260901,-0.6852796805079807,0.0002006958322719332,1.0359751253828493e-05,-0.00020042827306865352
155955.25028269537,8.33083757938865,-89.20335621162776,47.36022854595354,-3405.9969922283813,4.08170212504724e-06,0.0002935430336362028,-0.0034758769357662563,2.996234990936447e-10,0.6850876537574795,0.03832725326547249,-0.684014703780593,0.0002009441916306248,1.1241829979874326e-05,-0.00020062948290016814
156314.76426409537,8.33445730616867,-88.87579244772414,66.74181831016185,-3401.0923968089746,5.767584477139407e-06,0.00029390999840598643,-0.003462888930631513,2.9936546690314033e-10,0.6841305120543275,0.0422442964859172,-0.6828249973002792,0.00020093274141675264,1.2407372793019602e-05,-0.00020054930484453596
156675.10701081494,8.34088934429024,-88.5600446711029,85.39594208500822,-3397.1865647546733,7.394760322379904e-06,0.00029417534139693224,-0.0034509568539739985,2.990203419388221e-10,0.6828131296896838,0.045984126214744514,-0.6812629670053169,0.00020075080749186813,1.3519585473720007e-05,-0.00020029505115517926
157036.28043335525,8.385432312217537,-88.28966925945092,101.70163770947272,-3405.9749847461776,8.759069886828838e-06,0.0002933401427556739,-0.0034519268628484217,2.975628281040531e-10,0.6825716304655022,0.04924729141804045,-0.680792725434343,0.0002001351957332021,1.4439680565917842e-05,-0.0001996136072423956
157398.28644662196,8.407719488053,-88.16017181756477,109.55003729026983,-3410.4256751075754,9.409086574426265e-06,0.0002929162894550967,-0.003448488014035391,2.964910188233191e-10,0.6816963283297898,0.05078704231557151,-0.679801853771489,0.00019960289624944706,1.4870610735088367e-05,-0.00019904818795340236
157761.12696993485,8.44342147668616,-88.01976689588679,118.20968949689635,-3418.9001889914675,1.0100930026612276e-05,0.0002921424776932606,-0.0034491060977239665,2.950758789262336e-10,0.6815578881815378,0.052508540949656256,-0.6795321979640229,0.00019905060508348883,1.5335244488134078e-05,-0.00019845899742917223
158124.80392703833,8.461627446813035,-88.01452004236462,118.71529597231202,-3424.442798446336,1.0111258741545434e-05,0.00029166778296866236,-0.003446752091845491,2.939207285403856e-10,0.6819277500971587,0.05266591659556418,-0.6798909894841393,0.00019883481627276742,1.535619843689292e-05,-0.00019824094262233506
158489.31924611135,8.483956326415035,-87.98483092976016,120.71690090719864,-3430.837054920824,1.0243079665302207e-05,0.00029111364695520595,-0.0034452458931038465,2.926981918599921e-10,0.6819089624931906,0.05308351693621914,-0.6798396673909384,0.00019845434361188236,1.544876968865592e-05,-0.00019785212157955227
158854.6748597779,8.506564913865242,-87.96692801661634,122.02895067742742,-3437.5611035680654,1.0313714103753483e-05,0.0002905377964783445,-0.00344405880592574,2.914537885730698e-10,0.6817729778808168,0.053352217125349224,-0.6796822303814382,0.0001980236370347418,1.549636084414568e-05,-0.00019741637121843567
159220.872705117,8.506122544951303,-87.99504631149149,120.34984640959529,-3437.846726891881,1.0170460376701238e-05,0.000290523710333861,-0.003436423195534663,2.9075930457695026e-10,0.6818633289745579,0.05309274783724378,-0.6797931740811738,0.0001980360128818637,1.5419917229516043e-05,-0.0001974347703693059
159587.91472367328,8.527234579672502,-88.02500766970124,118.79743218902085,-3445.023721974715,9.997847171265933e-06,0.00028992899963432134,-0.0034356771649688175,2.8948623295793403e-10,0.6820099298714642,0.05281583902544512,-0.6799617868610838,0.0001976686853409982,1.530774994333164e-05,-0.0001970750668047863
159955.8028614669,8.52601684076604,-88.16931798709875,110.18251327847564,-3447.264187796942,9.262326695078849e-06,0.0002897890614540778,-0.003430004575118293,2.8863272125629775e-10,0.6826824504737034,0.0512209259185676,-0.6807582132687237,0.00019775070864978058,1.4837021796980877e-05,-0.00019719332026132708
160324.53906900418,8.523928739714803,-88.29469683796877,102.67903706492956,-3448.8519880459776,8.624777492140194e-06,0.0002896947794846591,-0.003423692000471485,2.878363078198696e-10,0.6831239955759385,0.04983096705908568,-0.6813040936715345,0.00019780002018127357,1.4428663542450306e-05,-0.00019727306367593877
160694.1253012877,8.498539778714814,-88.43309844295806,94.18830240148414,-3443.25829659576,7.9383989145312e-06,0.00029020544194154226,-0.003410277614181103,2.87640827207438e-10,0.6834277368043593,0.04827439440882527,-0.6817206570714942,0.00019822226596628625,1.4001567879892535e-05,-0.00019772714234953654
161064.56351782707,8.47266601831032,-88.58732768509842,84.77900428491161,-3437.8070173537985,7.169044668455219e-06,0.00029070631669738165,-0.0033970475457644838,2.8743433040772215e-10,0.683863361277656,0.046536852675024845,-0.6822781091615624,0.00019867618085316844,1.3519899854156116e-05,-0.00019821563295142612
161435.85568264863,8.448955159774105,-88.67343610631262,79.46999422992363,-3431.784666449614,6.744197737309502e-06,0.0002912373985512138,-0.0033832972915640337,2.872765008144344e-10,0.6837596837368554,0.045572765449327625,-0.6822392748539364,0.00019900094333955324,1.3263465996481017e-05,-0.00019855844459451294
161808.00376430663,8.421244912686788,-88.71055279006885,77.06177448723152,-3423.613590892368,6.5712734811100625e-06,0.00029194112579287486,-0.003367478823982074,2.872998438128348e-10,0.6838442748607979,0.045204790404040116,-0.6823485320453304,0.00019950265166883042,1.3187908249397115e-05,-0.00019906628820295054
162181.00973589296,8.386122748172955,-88.78680220029585,72.29683654268815,-3413.857592018191,6.200600661017812e-06,0.00029279244644666994,-0.0033501598717771636,2.874582192926119e-10,0.6837716288136787,0.04436054005895345,-0.6823311387121279,0.0002000564653842787,1.2978913533059409e-05,-0.00019963500981930114
162554.8755750484,8.35684238741725,-88.76637804017129,73.3062737921183,-3404.196092310614,6.3228177493107355e-06,0.0002936189545745267,-0.003332995294227347,2.8761104681585305e-10,0.6835254728759785,0.044656407246663456,-0.6820651562439987,0.00020054961245243364,1.3102401479134613e-05,-0.0002001211486332739
162929.60326397224,8.336518341521344,-88.82803698183696,69.53206799999995,-3398.860161317419,6.016401832318182e-06,0.0002940932017489169,-0.003320117306585257,2.8740004697959614e-10,0.6836114444619578,0.043996768702981706,-0.6821941742224574,0.0002008933711513816,1.2929361051680663e-05,-0.00020047687695931929
163305.19478943347,8.32099018062921,-88.82895303279324,69.37672324016303,-3393.920169596648,6.02045208556474e-06,0.0002945214592011676,-0.00330766680231498,2.8715640579972347e-10,0.6836271213514701,0.0440558979901225,-0.6822060677680766,0.00020118956297788068,1.296552840927129e-05,-0.0002007713508553922
163681.65214278086,8.305242408018751,-88.78872405021995,71.63908700987126,-3388.1675122488973,6.237724369290685e-06,0.0002950129034375018,-0.0032944658154317455,2.869823963979698e-10,0.6832023395021336,0.04457635029171026,-0.6817465699920018,0.00020140209000840708,1.3140719219784346e-05,-0.00020097294185571674
164058.97731995393,8.288705241055123,-88.83050669829908,69.07554991712858,-3383.677204305996,6.030669763887874e-06,0.00029541335293379705,-0.003282532670201918,2.8670231920827343e-10,0.68351614895255,0.044168757778444236,-0.682087565284131,0.00020176414184707825,1.303798238457994e-05,-0.00020134244448358945
164437.17232149316,8.271233219804275,-88.89396961931975,65.24165892488065,-3379.29901465564,5.710970368119108e-06,0.00029580910197169336,-0.0032707455058670924,2.864135168298121e-10,0.6836297821618399,0.04348995098490049,-0.6822450463154537,0.0002020626642965964,1.2854465377953666e-05,-0.0002016533734468283
164816.23915255087,8.250322472286317,-88.89445966199322,65.08576962280216,-3372.719174698107,5.719577898732763e-06,0.00029638629399378336,-0.0032568691718367826,2.863122632084765e-10,0.6837790330663518,0.04356329189810254,-0.6823899220095178,0.00020250018368464425,1.2901206654017894e-05,-0.00020208880042987286
165196.1798229015,8.23676743804285,-88.93499791804462,62.63231188635381,-3369.151941546341,5.5157832077013055e-06,0.0002967080592058504,-0.003245941801436377,2.8595621136765555e-10,0.6836389269784644,0.0431414761464992,-0.6822763336919779,0.00020267484584151433,1.2789927083310356e-05,-0.00020227088495897082
165576.99634695283,8.214084828466891,-88.96744122673383,60.60635373915733,-3362.6292618070593,5.358202520453632e-06,0.00029728976376819464,-0.003232206650739221,2.8585193982155135e-10,0.6834497623733752,0.04281327884120423,-0.6821074701563444,0.00020301297088589626,1.2717322339444785e-05,-0.00020261425433673816
165958.69074375604,8.197206591486506,-88.94124996514294,62.03708998237702,-3356.8441391861124,5.5035226786105475e-06,0.0002977971380317766,-0.00321922482966219,2.856859974868898e-10,0.6833612509355336,0.04318961993348758,-0.6819950557080148,0.00020333387079445332,1.2851054383307095e-05,-0.00020292735994314004
166341.265037017,8.181026826041263,-88.9309952519144,62.53971369945097,-3351.5715027026076,5.56554527964222e-06,0.00029826364485601467,-0.0032067759714484944,2.854773407052178e-10,0.6832230950060733,0.0433731939096258,-0.6818449703559862,0.00020361096155974446,1.292587704134571e-05,-0.00020320025927639894
166724.72125510627,8.17782049599506,-88.84444796613595,67.55034154547431,-3348.8969645912302,6.020704521220094e-06,0.0002984843397459553,-0.003196847484930579,2.8504822817122463e-10,0.6827770117160511,0.04444448018215049,-0.6813289483863423,0.00020363360839167934,1.3255264482084824e-05,-0.00020320173333445213
167109.0614310708,8.18255485717679,-88.88388319420454,65.28449569808738,-3350.9511767319614,5.811778344473813e-06,0.0002983095032606709,-0.0031914513747447457,2.8421829604285403e-10,0.6830870896984218,0.044066072365119974,-0.6816642526779381,0.00020360302685200977,1.3134468284240586e-05,-0.00020317893169861508
167494.28760264374,8.170978148533795,-88.89833225199406,64.37363093900089,-3347.545416701881,5.742413726279444e-06,0.00029861591570666616,-0.00318087504904444,2.838531079698453e-10,0.6830803081249006,0.043964465537598085,-0.6816640177668193,0.0002038081870200955,1.31175176739057e-05,-0.00020338561361731805
167880.40181225605,8.17303843066539,-88.99200695744388,58.93770103056685,-3349.7583659436655,5.250876533752715e-06,0.00029843660831550193,-0.0031756571722980197,2.8301317348497483e-10,0.6832226881496436,0.042929783496760625,-0.6818726239491848,0.00020372117218734855,1.280066655777337e-05,-0.00020331861432998214
168267.40610704673,8.194509903426217,-89.03986681828079,56.261779059906885,-3357.09754021392,4.990724309963566e-06,0.0002977927215388029,-0.0031752950873134836,2.8174497032455606e-10,0.6834729873555098,0.04244682189561094,-0.6821536423384597,0.00020335223004549214,1.2629110514248513e-05,-0.00020295968819470937
168655.30253887415,8.176309983882362,-89.2235527279209,45.464075128760015,-3354.6903405898406,4.039091819268158e-06,0.0002980353668798782,-0.003165720509288123,2.8129867949207286e-10,0.6840639040204234,0.0403658319136059,-0.6828718945729026,0.0002036830169324527,1.201910285987851e-05,-0.0002033280909101088
169044.09316432642,8.17297354726797,-89.38778041070134,35.866103515992094,-3356.4723927910004,3.1832331760003985e-06,0.00029789782629433784,-0.0031601173555640227,2.8050270404356835e-10,0.6847472011222365,0.03851830496475759,-0.6836629795647695,0.0002037843282765023,1.1463247882909364e-05,-0.00020346165830219763
169433.78004473285,8.153817839271646,-89.6244398325948,21.989274902165434,-3354.6544921959803,1.9538744534354995e-06,0.0002980804843073243,-0.003151141671144106,2.8000922165321283e-10,0.6855477301748208,0.03580771348247078,-0.6846119324135435,0.00020413942015301155,1.0662665115166673e-05,-0.00020386076236747862
169824.36524617442,8.11774412295503,-89.86396653834483,7.948190643532955,-3347.68311715081,7.092137437646323e-07,0.00029871237152369595,-0.0031373608564795635,2.7994698177378454e-10,0.6863909534534443,0.03305801949564318,-0.685594419704357,0.0002048189802150685,9.864509150304148e-06,-0.00020458129463752102
170215.85083949508,8.072407800476407,-90.06755399905448,-3.9347817516954593,-3337.275163066061,-3.5329379691430734e-07,0.0002996452378075065,-0.003120413498744112,2.801741837285839e-10,0.6866112532144937,0.030703869613804433,-0.6859244021257124,0.00020552313310625496,9.190579752329962e-06,-0.00020531753818324303
170608.23890031234,8.027207863842893,-90.31337032136132,-18.200246949811216,-3327.650601326564,-1.643572438755953e-06,0.0003005033299400778,-0.003104258302515489,2.8033828485487504e-10,0.6874610304206995,0.02786772690486404,-0.6868959587479357,0.00020636872029826538,8.365604571736854e-06,-0.00020619909160249234
171001.5315090288,7.9867596422097655,-90.47089308876362,-27.269972400064233,-3317.9912466915603,-2.476879571827705e-06,0.0003013668154066084,-0.003088128529531445,2.805077700416594e-10,0.687479844422181,0.02605263162854224,-0.6869860237821245,0.00020697026098499428,7.843313533122299e-06,-0.00020682159308210008
171395.73075084251,7.933171486204245,-90.61628024650994,-35.542072225807146,-3304.2308447200603,-3.255005575627642e-06,0.0003026072805883051,-0.0030682483732245554,2.8102810224749866e-10,0.6879113714035713,0.024397584851265797,-0.6874785907646633,0.00020795661253925228,7.375425542764728e-06,-0.0002078257823198648
171790.83871575884,7.866955336059922,-90.73447900981911,-42.13023069690083,-3286.3460379443736,-3.900280903010017e-06,0.00030423931890361005,-0.003044622289287029,2.819076367133933e-10,0.6878489021977072,0.023050366703831204,-0.6874625755991448,0.00020906324286694295,7.00587643155102e-06,-0.00020894582363251057
172186.8574986007,7.820328434591431,-90.86555830382777,-49.47229462076488,-3274.577851045879,-4.61266906436824e-06,0.00030531318727320495,-0.0030267423373901993,2.8227005746979e-10,0.6885213084628637,0.021571953603435452,-0.6881832917363987,0.00021001192994516112,6.579850983928267e-06,-0.0002099088284954222
172583.7891990204,7.771303578756491,-90.98587654058001,-56.13382365941587,-3261.984265960064,-5.273905123695654e-06,0.00030647111513444354,-0.0030081673523626564,2.8270811164838516e-10,0.6884320125609106,0.020197713599193673,-0.6881356612500407,0.0002107871826418399,6.184225991385205e-06,-0.000210696444476341
172981.63592151014,7.726318529851033,-90.99192085804484,-56.249444096420234,-3248.7811245074627,-5.327790720901128e-06,0.000307715502036244,-0.0029891009657442664,2.832041925891686e-10,0.6882897491818984,0.020194681475575096,-0.6879934256001148,0.0002115986493195975,6.208384374095758e-06,-0.00021150755153738954
173380.39977541383,7.68278088806603,-91.10198511280097,-62.28018973214121,-3237.749731594636,-5.938854855538092e-06,0.000308742246887771,-0.002972099931394992,2.835155316754423e-10,0.6887433140092435,0.018959399915908524,-0.6884823118623049,0.00021245097878260636,5.848249975478634e-06,-0.0002123704695994991
173780.08287493754,7.620520055010987,-91.13291834289342,-63.679376966032265,-3220.076760958288,-6.138984627421733e-06,0.00031043020011306815,-0.0029490786582871526,2.844159232168235e-10,0.6882532937707372,0.01864853015895941,-0.6880006022593141,0.00021346168159730046,5.783839529833718e-06,-0.00021338330935347406
174180.68733916144,7.5746066484443695,-91.1974201638847,-67.04850263730806,-3207.7603432021706,-6.513217137830218e-06,0.0003116078483424779,-0.0029310420269537904,2.8485130774923555e-10,0.6881803301883398,0.01794631792315646,-0.6879462889871079,0.00021425257462100714,5.587263470536992e-06,-0.00021417971010028247
174582.21529205036,7.529741871765586,-91.20142570424572,-67.00175305586629,-3194.8334323785216,-6.561433855247602e-06,0.00031286775776757025,-0.0029125162163149716,2.853460803023555e-10,0.6877235594471703,0.017960688969233717,-0.6874889874539345,0.00021497529012194332,5.614326089184397e-06,-0.0002149019653367042
174984.66886246574,7.494290744365696,-91.24373466296474,-69.15427500479403,-3185.2659954834085,-6.812758027243993e-06,0.00031379761378645877,-0.002897115681843899,2.8554491218853904e-10,0.687966175386562,0.017533721445493398,-0.6877427041330832,0.00021569256645448284,5.497208312532899e-06,-0.0002156225032887108
175388.0501841761,7.444287987594773,-91.29392803131627,-71.64039386566877,-3171.733112439636,-7.117757391546769e-06,0.00031512426979968716,-0.002878172158724154,2.8610371393473083e-10,0.687888989339798,0.017004032686378585,-0.6876787945889631,0.00021658324742223644,5.3537542765792605e-06,-0.00021651706717741142
175792.36139586932,7.4001324365599155,-91.23593143450424,-68.13610194541081,-3158.1893906313626,-6.82808385083672e-06,0.00031648981025258517,-0.002859290635543923,2.866698118380107e-10,0.6872765126971702,0.017759164313684916,-0.6870470267660453,0.00021732212207273388,5.61558441702334e-06,-0.00021724955685536285
176197.6046411629,7.371705829011201,-91.314017533321,-72.28458250885816,-3151.309064244936,-7.275037493781743e-06,0.0003171615689150131,-0.002846499620731544,2.8663494292189423e-10,0.6873491321298505,0.01689956898203172,-0.6871413493655292,0.00021781188343317733,5.355250741030762e-06,-0.00021774603981291764
176603.78206861648,7.328396702464567,-91.28923460163622,-70.63551326801336,-3138.6325890918615,-7.166749724182173e-06,0.00031844879723369105,-0.0028285288415239016,2.871307146191135e-10,0.6872876166853912,0.01727040330771159,-0.6870705940576078,0.0002186730316341407,5.494892323326009e-06,-0.00021860398194548276
177010.89583174212,7.293968721451805,-91.29037987592451,-70.47914449488694,-3128.9040079695706,-7.19541498757329e-06,0.00031943865032663235,-0.0028132761940358525,2.873610435083502e-10,0.6869215375066158,0.017322766376560068,-0.6867030802723373,0.0002192348606445243,5.5286580274187735e-06,-0.00021916513879319366
177418.94808901663,7.2523585978860705,-91.32524085578999,-72.12597479474844,-3117.7555050892192,-7.4160939511485025e-06,0.00032057199654146796,-0.0027968049936693117,2.8772531678959214e-10,0.6865636749338155,0.01697156228107965,-0.6863538779757606,0.00021989997029629436,5.435833816653485e-06,-0.00021983277427860674
177827.94100389228,7.220747219440482,-91.3107114666221,-71.12621244895372,-3108.632966889242,-7.356368740317327e-06,0.00032151649294071645,-0.0027822079035825873,2.87905978486909e-10,0.6864818772508401,0.017219154724189393,-0.6862658876153046,0.00022051913095937284,5.531323056683908e-06,-0.0002204497484333326
178237.8767448089,7.184145346879985,-91.3566776231815,-73.39649174775037,-3099.1321559482953,-7.637506454189382e-06,0.00032249009836585874,-0.0027673253907776895,2.881243980702341e-10,0.6867370147864703,0.016750569187147724,-0.686532698354375,0.0002212720648434026,5.397165074165848e-06,-0.00022120623248277877
178648.75748520507,7.152521533739703,-91.34919822594371,-72.78092448250568,-3090.182689638123,-7.617429015453587e-06,0.00032342605497900705,-0.0027529878015168725,2.882942471651823e-10,0.68634481177513,0.016906490664299105,-0.686136554356388,0.0002217856549598399,5.463168134623415e-06,-0.0002217183585991426
179060.5854035294,7.102440124904224,-91.44360994556179,-77.56488341665101,-3077.8396989697076,-8.182714894465063e-06,0.00032469699738024434,-0.0027356852488311188,2.88784669622701e-10,0.6863001571398253,0.015850920408886773,-0.6861170847693125,0.0002226504537133615,5.142377695964868e-06,-0.00022259106111970843
179473.36268325264,7.074539187040422,-91.40789112690113,-75.44071003635096,-3069.5301713873614,-8.002021259941924e-06,0.0003255860884347387,-0.0027220245525137084,2.8890045450439553e-10,0.6861567543578078,0.016351497359740712,-0.6859618940472826,0.0002232088048686348,5.319190054313907e-06,-0.00022314541623804504
179887.09151287875,7.03305903592646,-91.44814415531178,-77.32646584835227,-3058.76777204116,-8.259574687821096e-06,0.00032672023205380257,-0.0027062420465877694,2.892501720435379e-10,0.6860166398907206,0.0159427406562943,-0.6858313635488834,0.00022394330199128776,5.204348958547163e-06,-0.00022388282037413853
180301.77408595692,7.005223273649697,-91.3918859791657,-74.11315580051871,-3050.2036324650608,-7.961250964662303e-06,0.0003276535231712393,-0.0026924581746612976,2.8939518281204225e-10,0.6855483121611854,0.016681330644784303,-0.6853453301183058,0.0002244230077425313,5.460846930901557e-06,-0.0002243565589747746
180717.41260109266,6.967535106361886,-91.4192643679066,-75.32718637146189,-3040.3406016430727,-8.144056154950224e-06,0.0003287087409299156,-0.0026775794787555324,2.8966624691500156e-10,0.6856936779886219,0.016434031517343285,-0.6854967123492649,0.00022519492155239392,5.397250342446793e-06,-0.000225130234268367
181134.00926196025,6.9313260598499316,-91.42509517713415,-75.39373850936819,-3030.5710475073465,-8.203848596246679e-06,0.0003297667223496239,-0.002662837114726589,2.8993167311922343e-10,0.6849549651011506,0.016423456715146997,-0.684758040687544,0.0002256756791277637,5.4111218060429576e-06,-0.0002256107974157654
181551.5662773135,6.903181360836004,-91.40632034905141,-74.20444246212551,-3022.6025997127317,-8.117197910692375e-06,0.00033064143726656796,-0.002649727317757697,2.9002743392171877e-10,0.6851816396137729,0.016730365013861912,-0.6849773530200258,0.00022634609281365492,5.526786669836204e-06,-0.00022627860782918437
181970.08586099837,6.864182008939315,-91.40571534147199,-73.91362568654657,-3012.0529542627373,-8.142126722341992e-06,0.00033179967320255026,-0.002634406167679934,2.903738673707642e-10,0.684793858489757,0.016805274594092545,-0.6845876213978066,0.00022700911838295456,5.5709474062777045e-06,-0.00022694075080073822
182389.57023196376,6.842866054258589,-91.41357694523,-74.18711341777019,-3006.3775750996906,-8.203081956938324e-06,0.0003324237931076724,-0.0026233948096330783,2.9025292722149854e-10,0.6849526407039378,0.0167925607306408,-0.684746763344965,0.00022748836563739463,5.5771917187649245e-06,-0.00022741998907946744
182810.0216142743,6.810899182960574,-91.38643230713176,-72.54303232059472,-2997.3322840044984,-8.069964111691429e-06,0.0003334346964686146,-0.0026094863119418177,2.904592690952302e-10,0.6846843711635131,0.01718775293789589,-0.6844686035637583,0.00022808687652220888,5.725705225866567e-06,-0.00022801499850080883
183231.4422371211,6.772234645680198,-91.39928307315843,-72.96788505722954,-2987.1873056622167,-8.172365706191301e-06,0.0003345634463108939,-0.0025946727255590257,2.907754098957653e-10,0.6841745571649338,0.01709916106499546,-0.6839608492908835,0.0002286885582829917,5.71547487530993e-06,-0.00022861712542262226
183653.83433483465,6.7469315012185325,-91.41932443167423,-73.85295767885057,-2980.7118860887717,-8.30732810163958e-06,0.00033528449492670003,-0.002583093526590277,2.907368844703586e-10,0.6843980396611535,0.016943240469904686,-0.6841882805883253,0.00022925696903413546,5.6755801896656505e-06,-0.00022918670476323276
184077.20014689554,6.716093211175419,-91.40709686584393,-73.0094979013046,-2972.286546920194,-8.259163293608497e-06,0.00033623844365557483,-0.0025698679458965447,2.908904448762523e-10,0.6840496303615156,0.017158506365262064,-0.6838343969537064,0.00022978969844391774,5.7639794371906096e-06,-0.00022971739605871013
184501.54191794738,6.678412329755786,-91.4559355323634,-75.31051661818036,-2963.0748582438387,-8.572153126315959e-06,0.000337269382155207,-0.002556011215616569,2.911236637428494e-10,0.6839730765802379,0.016651871769038765,-0.6837703449647574,0.00023047205938767244,5.61102667733383e-06,-0.0002304037467968372
184926.86189780777,6.635119816514066,-91.44746325522279,-74.58032111302946,-2951.5281402289997,-8.555653509208386e-06,0.00033859135645456325,-0.0025401950174867636,2.9159038777933837e-10,0.6836152232293541,0.016822476691531252,-0.683408207229678,0.00023125218461633843,5.690678547497551e-06,-0.00023118215559921168
185353.16234148113,6.612179623973865,-91.47940989192448,-76.08303668566138,-2945.9503445755054,-8.760873637697923e-06,0.00033922277338100314,-0.0025295633131883983,2.9147056935965073e-10,0.6834378496367667,0.016515579203546547,-0.6832382673414151,0.00023162528902513039,5.597327991816723e-06,-0.00023155764819009371
185780.4455091698,6.59354203307419,-91.41560475715774,-72.65257467954709,-2939.972354068788,-8.4003886853864e-06,0.0003399316625377745,-0.002518624236372973,2.91391504025219e-10,0.6833226033455996,0.017352102222382898,-0.6831022506122137,0.00023206231933072875,5.892925343424468e-06,-0.00023198748561949187
186208.71366628676,6.558178538062695,-91.41026048036439,-72.1479296974532,-2930.6196290453167,-8.395408415620185e-06,0.0003410180832609153,-0.0025048376689857615,2.9164912478829315e-10,0.6832448335166551,0.01749259335969674,-0.6830208720857321,0.00023277561116037207,5.959575411826394e-06,-0.00023269930943600905
186637.96908346695,6.514365095731533,-91.40958710797115,-71.8326075127736,-2919.2057974813524,-8.424212634498355e-06,0.00034235163129043016,-0.0024893435931243853,2.92116049539698e-10,0.6827160935442734,0.017565953575980557,-0.682490074403518,0.00023350361098351961,6.007934526732139e-06,-0.00023342630756850299
187068.21403658006,6.488224972707278,-91.46170240952395,-74.33646487844776,-2913.206973709646,-8.753395197541756e-06,0.0003430409554020703,-0.0024785145488426326,2.9204433796354126e-10,0.6827200493487541,0.017024321855746476,-0.6825077569142471,0.00023397909238401373,5.834507687390444e-06,-0.00023390633636755678
187499.45080674184,6.449409470046833,-91.46610539139404,-74.30515542219042,-2903.23096430972,-8.809908157177148e-06,0.00034421835213607706,-0.0024643461989848543,2.923738620307677e-10,0.6828143248655565,0.01705346831051771,-0.6826013342062758,0.00023481366693679483,5.864533420225975e-06,-0.0002347404213766071
187931.68168032684,6.415804687737253,-91.46889000479071,-74.22484131689082,-2894.5927679799515,-8.85296728412976e-06,0.00034524472698298177,-0.002451362873694154,2.9257193156547226e-10,0.6822625011683872,0.0170859069488142,-0.6820485263412567,0.00023532239629059465,5.893181230256042e-06,-0.00023524859321775982
188364.90894898,6.384473898076094,-91.50746188756202,-75.9784482057105,-2887.1309653025746,-9.108708116425819e-06,0.0003461249061791094,-0.002439420203292957,2.926534491347555e-10,0.682307314066548,0.016707392818826855,-0.6821027296924594,0.0002359405605547437,5.777384392361701e-06,-0.00023586981567057193
188799.13490962936,6.361687447982858,-91.46464441219148,-73.6512662175999,-2880.554115767121,-8.870422696939023e-06,0.0003469286262203579,-0.002428265503374711,2.926470112434758e-10,0.6819773498796693,0.017288500497403658,-0.681758178168365,0.00023636807185923664,5.992060482111003e-06,-0.0002362921086401998
189234.36186449748,6.321608605166361,-91.48844363011466,-74.59255154748439,-2870.7012008879306,-9.045370414740529e-06,0.00034811191162353405,-0.0024143938857590285,2.9297606434082003e-10,0.6816905977808315,0.017078012633293636,-0.6814766412631357,0.00023707565936667972,5.939323673952575e-06,-0.00023700125041535537
189670.59212111463,6.298712602817648,-91.49545747731399,-74.7935226176348,-2864.929346089778,-9.10626452426247e-06,0.0003488110140525004,-0.002403997699063755,2.9289112733486483e-10,0.6814946740996892,0.01706971443658243,-0.6812808640166661,0.00023748282769720376,5.94834296796044e-06,-0.00023740832055131362
190107.82799232996,6.262146373176899,-91.47791113643503,-73.66870635610321,-2855.3609764587245,-9.029672795408674e-06,0.0003499854497996741,-0.0023904581863585434,2.931967228941969e-10,0.6811584185327856,0.017349976907934293,-0.6809374196204668,0.00023816152447681191,6.066278911933066e-06,-0.0002380842539969448
190546.07179632474,6.243993812485891,-91.44342359719043,-71.81744311156646,-2850.144508589929,-8.8352841082279e-06,0.0003506367727931822,-0.002380603193715681,2.930577773110104e-10,0.6811874666395515,0.017840939601067283,-0.6809537910761355,0.0002386098099540857,6.249415052531461e-06,-0.00023852795688938873
190985.3258566238,6.207691894619974,-91.49405807007923,-74.11979079913421,-2841.782845153187,-9.171852623628617e-06,0.00035165255005557177,-0.0023681598833379357,2.9324407327543184e-10,0.6809926854600785,0.0173147190298465,-0.6807725304057494,0.00023923658827380473,6.082758884291764e-06,-0.00023915924655602496
191425.59250210857,6.174515257666061,-91.53830248945366,-76.11015301932079,-2834.1257434527165,-9.468719934583877e-06,0.0003525882140499153,-0.002356347004173562,2.9336008087731846e-10,0.680842748689582,0.016865986330688944,-0.6806338126689551,0.00023982376112994565,5.9409669630428235e-06,-0.0002397501643671121
191866.8740670289,6.1470724388549725,-91.51139212296903,-74.58422864404821,-2826.7781851321092,-9.327415129641902e-06,0.0003535135254663112,-0.002344832704320499,2.934461395733788e-10,0.6806941984986277,0.01726274608387355,-0.6804752673443266,0.00024039619395252167,6.096567981459542e-06,-0.00024031887550857476
192309.17289101586,6.111398033964589,-91.53699368020428,-75.6197014371334,-2818.2616883445085,-9.513925871659148e-06,0.0003545733754600636,-0.002332391491698281,2.9365595671465e-10,0.680607976390557,0.017037549185467925,-0.6803946938683472,0.0002410877492700312,6.0351105609800555e-06,-0.00024101219946012314
192752.49131909356,6.083639322789462,-91.56933327631027,-77.03524121416845,-2811.8248962826588,-9.736145341815265e-06,0.00035537418244505347,-0.002321712307268691,2.9365125396311873e-10,0.6805196742483396,0.016732535836031202,-0.6803139343593971,0.00024160309782811175,5.9405078875497265e-06,-0.00024153005454017123
193196.8317016924,6.043629419269571,-91.54723463389335,-75.67235198119951,-2801.5482156842954,-9.634391476479081e-06,0.00035668525615326204,-0.0023079066199434423,2.940505732575696e-10,0.6800448319657229,0.01706438433183822,-0.6798306997118205,0.00024232118230860402,6.0805723274254375e-06,-0.0002422448803083579
193642.19639466068,6.021983891544334,-91.54178833256265,-75.25777630693487,-2796.046669486782,-9.619401123922539e-06,0.00035738890776291214,-0.002298076849208484,2.9395152362855876e-10,0.6801156629495981,0.017212299892084504,-0.6798978244720278,0.00024282236886151098,6.145324480874989e-06,-0.0002427445937740745
194088.58775927784,5.985526542897283,-91.59160005996361,-77.46237258870956,-2787.8394020421224,-9.959100679262701e-06,0.00035842399806121854,-0.0022860613625138187,2.9413884296081425e-10,0.6800475013134825,0.016701228861435217,-0.6798423883498504,0.00024350549766414246,5.980230848068105e-06,-0.00024343205259715802
194536.00816226623,5.951528417636371,-91.60934504999429,-78.09918154995825,-2779.749829928432,-1.0099325587976855e-05,0.0003594608551385713,-0.0022741852789687237,2.943163706082769e-10,0.6797631104086188,0.01656562207662665,-0.6795612308229586,0.00024410835953972152,5.948847132127419e-06,-0.00024403586296889342
194984.45997580455,5.914237764367979,-91.5900060904153,-76.89809125107435,-2770.307002267459,-1.001210195256631e-05,0.0003606929079169132,-0.002261247144247642,2.9464035688596193e-10,0.67930166727157,0.016865565773842836,-0.6790922675521074,0.0002447749049632446,6.0772223274896505e-06,-0.00024469945130414105
195433.94557753942,5.88484101395083,-91.61454800411406,-77.8935308652404,-2763.4912050634775,-1.0191551722749392e-05,0.00036157384623497203,-0.0022504958602615373,2.946877242357775e-10,0.6791022889610118,0.016651957721520026,-0.6788981007309759,0.0002453020881945125,6.014940706303687e-06,-0.00024522833229642947
195884.467350599,5.8515851565495725,-91.59643499026677,-76.78522735048132,-2755.0955194280646,-1.0108044510253282e-05,0.0003626821082819089,-0.0022384984196960047,2.949059066964057e-10,0.6787412055539142,0.016939892389760767,-0.6785297813380073,0.00024591938244145653,6.137608621705807e-06,-0.00024584277988339237
196336.02768360465,5.823905560453247,-91.58983648040943,-76.27742004787935,-2748.240204587117,-1.0091417920839833e-05,0.00036358912550967973,-0.002227792924835908,2.949615745477819e-10,0.6786633100322252,0.01709854359938249,-0.6784478817054972,0.0002465037234638973,6.210523835239357e-06,-0.00024642547570260967
196788.6289706845,5.779402105990647,-91.58317042013628,-75.65795294159433,-2737.40467163145,-1.0088926346889566e-05,0.00036503068137517516,-0.002213905788214489,2.954480497548592e-10,0.6784569879281322,0.017254879553384048,-0.6782375347915448,0.00024740342625023806,6.292095736354313e-06,-0.00024732340134245594
197242.27361148532,5.751711688066955,-91.62888503524837,-77.67381631157004,-2731.428377885042,-1.0402649160444535e-05,0.00036581299170422945,-0.0022039916701536563,2.9541348393714434e-10,0.6786126569093217,0.016800397476540822,-0.6784046615126985,0.00024799447017335085,6.139593225201472e-06,-0.0002479184596426617
197696.9640111861,5.7246747419156065,-91.61246341265036,-76.69915649981601,-2724.637149021894,-1.032355382382962e-05,0.0003667307378849816,-0.002193455385456032,2.9546868405755523e-10,0.6782999611870839,0.01706998927865892,-0.6780851368467133,0.0002484984396315434,6.253672332297179e-06,-0.00024841973770550535
198152.7025805098,5.6870421064593515,-91.55966573029876,-73.9184134323374,-2714.79130905804,-1.0022080450789312e-05,0.0003680795574892652,-0.0021805024643756885,2.9585824820646746e-10,0.6777515467708183,0.017763632144406738,-0.6775187174707978,0.00024920276116689635,6.531517633313642e-06,-0.00024911715206025234
198609.49173573716,5.664097507945773,-91.57860455375828,-74.67242581861828,-2709.5653517336705,-1.016321898241361e-05,0.00036878279652679706,-0.0021712996473136218,2.9574710455719715e-10,0.6776099309117855,0.017619295225782514,-0.6773808226588802,0.00024962732533806876,6.490839848872405e-06,-0.0002495429232687121
199067.33389871864,5.6415946114491735,-91.52014395662698,-71.7373876592735,-2703.221002273883,-9.810173915750857e-06,0.0003696687185066324,-0.0021612334698801403,2.9575941508599783e-10,0.6770406271431333,0.01837845154575228,-0.6767911371473091,0.00025000821655992626,6.786540880825409e-06,-0.00024991608833836184
199526.23149688798,5.603254008370531,-91.60516513394505,-75.53483501752638,-2695.4827579170837,-1.0388031602477958e-05,0.0003706999567375779,-0.0021500902499036563,2.9592630638072395e-10,0.6770201654140173,0.017457205679932943,-0.6767950578624757,0.0002507065526655321,6.464557599274309e-06,-0.00025062319334906116
199986.18696327438,5.585082244083552,-91.49013020315124,-69.95759024205634,-2689.2756653818224,-9.66652564925226e-06,0.00037159587840827825,-0.002140205391089652,2.9592714864708454e-10,0.6766837980916012,0.01889038276347482,-0.6764200736515175,0.0002511723070720206,7.011755022887688e-06,-0.0002510744175167602
200447.20273651613,5.55490354329857,-91.55624466535254,-72.89743291698865,-2683.182252145492,-1.011792482983732e-05,0.0003724169047609197,-0.0021304448893045276,2.959170296674363e-10,0.6766392751381701,0.018192570523889895,-0.6763946621886083,0.0002517167354280672,6.767822427072881e-06,-0.00025162573690733464
200909.28126087278,5.526528977855463,-91.52315998823134,-71.15445959911688,-2675.943315966427,-9.929819309041942e-06,0.0003734359555042554,-0.002119810510977706,2.9603511016801494e-10,0.6763948379785445,0.018660512632475413,-0.6761373840517285,0.00025230871454685037,6.96074199672482e-06,-0.0002522126791165326
201372.42498623882,5.494292906870939,-91.58773302316295,-73.99092436252143,-2669.3924113747635,-1.037576360908553e-05,0.0003743294853921392,-0.0021097575666147957,2.960790714902668e-10,0.6760965712787308,0.017974834512176255,-0.6758575878238816,0.0002528069204146752,6.72117379532354e-06,-0.00025271755940647455
201836.63636815606,5.459268951850876,-91.59322466022091,-74.02143080548534,-2661.2834390016155,-1.0443338618292577e-05,0.00037546807472260425,-0.0020985110627444567,2.9629819119149153e-10,0.6761484517697014,0.01799587037911532,-0.6759089269123928,0.0002535942865075175,6.749479196364283e-06,-0.0002535044510059631
202301.9178678272,5.426891539415254,-91.58194118871718,-73.28312957517677,-2653.5417801477643,-1.039970537167916e-05,0.0003765676065549118,-0.0020875941042106543,2.964791805641913e-10,0.6758195884764325,0.018204754017697777,-0.6755743505341286,0.0002542100921523779,6.8477331455918685e-06,-0.00025411784569936687
202768.27195212818,5.399245489507263,-91.58502468594754,-73.24870950164136,-2647.133063319158,-1.0445182403820385e-05,0.00037747815465517305,-0.0020777625019593867,2.965134234863278e-10,0.675694696473374,0.01824980921198554,-0.6754481973519295,0.0002547763165155153,6.881242656495847e-06,-0.0002546833719674617
203235.7010936222,5.36144676632108,-91.66989222375949,-76.95720370977784,-2639.735882531327,-1.103467047978527e-05,0.00037850408036197136,-0.002067191009754593,2.9666045311036746e-10,0.675512461566963,0.017329596035145084,-0.6752901382617077,0.00025540884637846047,6.552258297758124e-06,-0.00025532478673167533
203704.2077705718,5.338636123535076,-91.63498120414418,-75.1797634411,-2633.861412165145,-1.0828328560783724e-05,0.00037936161872653923,-0.0020578468542839863,2.9663829209678984e-10,0.6752159053643814,0.01781836710913301,-0.6749807587262064,0.0002558688501061668,6.752158926888796e-06,-0.00025577974275629823
204173.79446695297,5.309713606161079,-91.70585158781593,-78.27474434814934,-2628.2985647253518,-1.132106385341338e-05,0.0003801371198958627,-0.0020487776582174435,2.9658243994949756e-10,0.6753081150946199,0.01707108411218167,-0.6750923110211545,0.00025643438394214277,6.482393502584289e-06,-0.00025635243677847873
204644.4636724674,5.26617544986193,-91.77007885107933,-80.94738539503192,-2619.356720867893,-1.178688279138917e-05,0.0003814088683289603,-0.002037111399770499,2.9691045065889475e-10,0.6752501305879721,0.016398409207114405,-0.6750509840260581,0.0002572771457544404,6.247960162623151e-06,-0.00025720126889531057
205116.21788255658,5.235694711931012,-91.75273644813551,-79.93152686330315,-2612.09291649484,-1.1704001945236746e-05,0.0003824766243747362,-0.0020267900011373668,2.9705133614543595e-10,0.6749538772947794,0.016681107086730155,-0.6747477136986958,0.00025787999213025623,6.373359586422821e-06,-0.0002578012230938464
205589.05959841414,5.189754685420395,-91.72738596157744,-78.44836944707583,-2601.2707520208232,-1.1582918472637381e-05,0.00038407818107985455,-0.0020137506310558533,2.9760112852986364e-10,0.6747165870039284,0.017059499568375044,-0.6745008867693996,0.0002588634749344554,6.545090818831008e-06,-0.000258780718836073
206062.99132700005,5.165633618846863,-91.74932653897571,-79.28743527556259,-2596.0983563307536,-1.1753228646410515e-05,0.00038483446291937544,-0.002005124178300937,2.9750823360797744e-10,0.6742708930459408,0.016876072000702947,-0.6740596675390077,0.0002592030418001092,6.4874952208886445e-06,-0.0002591218425455255
206538.01558105292,5.132837816028061,-91.71391480165312,-77.44225264260803,-2588.1045451630175,-1.1551162013990197e-05,0.00038603751686161735,-0.001994352615630935,2.977407761735602e-10,0.674482668599519,0.017384288118726103,-0.6742585978448726,0.0002600883061060732,6.703582256676284e-06,-0.0002600019018354566
207014.13487910424,5.090076588710221,-91.76663896010814,-79.5554503956123,-2579.3311721193295,-1.1946557274418886e-05,0.00038732893125719835,-0.0019830206577610868,2.980664017855026e-10,0.67393171407632,0.016836440779144448,-0.6737213737887029,0.00026075064217064427,6.514180373670283e-06,-0.00026066925949651726
207491.35174549097,5.053602635978553,-91.77950154029443,-79.88709648810597,-2571.350197516874,-1.207077594619877e-05,0.00038852572540374247,-0.0019723380801774802,2.9830388088858555e-10,0.6738742614712749,0.016770275007668006,-0.6736655536314912,0.00026153396767201515,6.50862751773642e-06,-0.00026145296711665376
207969.6687103696,5.025684907161282,-91.77860316838918,-79.65133854930863,-2565.057573448706,-1.2094287126806787e-05,0.0003894792398356777,-0.0019629862116970743,2.9834791987132337e-10,0.6735677164349596,0.01685986631492156,-0.6733566763099993,0.00026205453836336475,6.559406539567188e-06,-0.0002619724322570695
208449.08830972886,4.977529098887098,-91.81816437421725,-81.10496208198899,-2555.0011774239274,-1.2411601320121053e-05,0.00039099526308351335,-0.0019507932142567772,2.9883332497730037e-10,0.6734152417847172,0.016478058423842076,-0.6732136076005517,0.00026301881252349245,6.435909213823844e-06,-0.00026294005935547266
208929.61308540398,4.946222475821044,-91.83186531843369,-81.50063009509228,-2548.250055394577,-1.2538132763112515e-05,0.00039202515944806147,-0.0019411637563530064,2.989359107220064e-10,0.6734805302070127,0.016405706435197374,-0.6732806824529285,0.00026373726996655166,6.4245305291330165e-06,-0.0002636590089052335
209411.24558508926,4.90502862161452,-91.86601422188386,-82.74247498290417,-2539.7010765255427,-1.281452675037471e-05,0.0003933296337801874,-0.0019302018818306902,2.992523217640946e-10,0.6730581159448852,0.016081578285949357,-0.6728659675441399,0.0002644520467821544,6.3186316195539455e-06,-0.0002643765495306404
209893.98836235245,4.868405874168334,-91.79919723063857,-79.49119337943253,-2530.5801252076867,-1.2400823083486203e-05,0.0003947767683081035,-0.0019188464565341053,2.9964017276871774e-10,0.6722258121464169,0.01693267517001632,-0.6720125199931147,0.00026508495179635306,6.677216643756941e-06,-0.0002650008423510521
210377.84397664753,4.824190163969732,-91.80450594863463,-79.42401050024739,-2520.9979969657848,-1.2484638174329131e-05,0.0003962749756917435,-0.0019071841652032952,3.000873103649957e-10,0.6719706967216215,0.016951458542954063,-0.6717568498391422,0.00026598879651433224,6.7099623227630975e-06,-0.0002659041486640815
210862.814993329,4.79623147808687,-91.81253826454996,-79.58737918641216,-2514.9812052485886,-1.2570137249833184e-05,0.00039721949954752366,-0.0018982564119291907,3.001134005230914e-10,0.6721445886790607,0.01694932082367219,-0.6719308510659113,0.00026669098110189795,6.725087244039854e-06,-0.00026660617510225254
211348.90398366464,4.752670497322903,-91.86327404309633,-81.53519742543135,-2506.3279032447913,-1.2966118068117416e-05,0.0003985682813929509,-0.0018873742294939228,3.004569417927361e-10,0.6716911372024598,0.016431099154401024,-0.6714901360235397,0.0002674216219155961,6.541743581769878e-06,-0.0002673415969483208
211836.11352485023,4.7243898658067724,-91.80468204349857,-78.74597011266825,-2499.2322609930857,-1.2594593812294216e-05,0.00039972604470747095,-0.001877702350431019,3.0061698402628626e-10,0.6713824702258484,0.017197880929310752,-0.6711621668554505,0.00026806439798968796,6.866636831407293e-06,-0.00026797643696452
212324.44620002192,4.681197001979386,-91.77564953661368,-77.17547008231303,-2489.462534913979,-1.2440874651309226e-05,0.0004013074531708391,-0.0018660605274834292,3.011026216663677e-10,0.6704508553997794,0.017601682337876606,-0.6702197626787593,0.0002687452057017593,7.0555025808253e-06,-0.0002686525739147364
212813.90459827124,4.645167483031889,-91.7805312248831,-77.14898937588592,-2481.78093986144,-1.2513646277685643e-05,0.0004025474484029385,-0.0018560239519866723,3.013399325987865e-10,0.6707031532216634,0.017639468436163527,-0.6704711544091749,0.00026967571836664935,7.092461544691883e-06,-0.0002695824364935621
213304.49131465761,4.616951871985352,-91.71665992646184,-74.16690815017196,-2474.677203621139,-1.2099937914027387e-05,0.0004037304677774311,-0.0018464548359281008,3.01509898126785e-10,0.6701539403759575,0.018460232895186578,-0.6698996369627901,0.0002702355261230082,7.443977343452446e-06,-0.0002701329798086291
213796.20895022326,4.582452797534479,-91.65712774442912,-71.35221634303228,-2466.340257965418,-1.1720284263484753e-05,0.0004051199863906369,-0.0018360018885700952,3.0183329146585034e-10,0.6694264411040464,0.0192239926988475,-0.669150355416437,0.0002708608722204872,7.778341443135202e-06,-0.0002707491634418047
214289.06011200586,4.543878040341464,-91.7239232794612,-74.01479901061892,-2459.1905400229925,-1.222759317057135e-05,0.0004062698521684112,-0.0018264690238732277,3.020146097200152e-10,0.6694256510440878,0.0185325842084233,-0.6691690710114736,0.00027163661065540435,7.520070904379541e-06,-0.0002715324967328015
214783.04741305343,4.495978589870382,-91.70764299590131,-73.00602348690074,-2448.8130274097116,-1.2163585395023165e-05,0.00040799847673785033,-0.0018145784907808236,3.025969209964785e-10,0.6688281102230069,0.018794857727027048,-0.6685639792476854,0.0002725444722779013,7.658820708123127e-06,-0.0002724368400833495
215278.17347243728,4.471319169467284,-91.65823389925819,-70.7173061532379,-2442.762647162044,-1.1841298899679917e-05,0.00040902975833582024,-0.0018059320358636316,3.026487337166514e-10,0.6685732610867163,0.01945301924638633,-0.6682901955605262,0.00027312022817292225,7.946792617146211e-06,-0.0002730045924967732
215774.4409152667,4.425636694030796,-91.59678469228047,-67.80071341235814,-2432.1932438854296,-1.1452511919231944e-05,0.00041083228646966085,-0.001793982529520667,3.032648344130406e-10,0.6675342629558569,0.02022747299257171,-0.6672277284078907,0.0002738870378822282,8.299263377503353e-06,-0.000273761267799687
216271.85237270204,4.410088807911859,-91.5450128481696,-65.48857386689495,-2428.01176998603,-1.1100642743172429e-05,0.0004115602103294142,-0.0017867793281422602,3.030884201520783e-10,0.667578811355672,0.020921036275997316,-0.6672509120354878,0.00027438168875030194,8.598758927290359e-06,-0.00027424691879103746
216770.4104819695,4.365041243633746,-91.53267778165522,-64.70870064611577,-2418.4150800871003,-1.1055800326493009e-05,0.0004131981320139139,-0.0017756238666894039,3.0359127732450323e-10,0.6670320677725784,0.021136846626903818,-0.666697092502759,0.0002752443084854087,8.721914604213357e-06,-0.0002751060841916217
217270.11788637444,4.33345577467556,-91.4719624397455,-61.94928265924583,-2410.8302136436273,-1.0651637106226567e-05,0.00041452116082939,-0.0017659839705031794,3.03845987832139e-10,0.6664035351767744,0.02191226809919295,-0.6660431849383728,0.00027585559265519134,9.070512660649197e-06,-0.0002757064268369888
217770.97723531592,4.3006045163141104,-91.41415458523291,-59.32336811770264,-2403.052980161107,-1.0266786163239396e-05,0.0004158838560430119,-0.001756238435257971,3.041282660196011e-10,0.6659821783889123,0.022659646562627235,-0.6655965762752223,0.00027657822896457287,9.410409345210419e-06,-0.0002764180908210157
218272.99118430013,4.277492755254542,-91.36011908090383,-56.9199120886305,-2397.33282154308,-9.898349902455569e-06,0.00041689521697301375,-0.0017480283140613579,3.0415278701741517e-10,0.6653388274127355,0.023354651481384676,-0.6649288048484115,0.00027697446585667255,9.722327711550368e-06,-0.00027680377721494025
218776.1623949553,4.233976853143576,-91.29533695680333,-53.98148387067719,-2387.3203161868687,-9.46676151289195e-06,0.000418665632504025,-0.0017367240786449042,3.0472594864156687e-10,0.6645702018230059,0.024168483172509986,-0.6641305877402507,0.00027781985531521937,1.0103499193548402e-05,-0.00027763607710709246
219280.49353504486,4.218523214816055,-91.22321920726527,-50.88029225329135,-2382.878773445083,-8.956694030298291e-06,0.00041946921174886666,-0.0017295060288704033,3.0459178290928164e-10,0.6641754060432185,0.02507957940972266,-0.6637017287074861,0.00027817781085810777,1.0504126521337576e-05,-0.0002779794197055475
219785.98727848253,4.202534929720882,-91.04470249776692,-43.338464601342984,-2376.596143579452,-7.670405983634683e-06,0.00042062997496754984,-0.0017209787969992057,3.0469459027064164e-10,0.6635210741758951,0.027210747134912602,-0.6629628881889947,0.00027865334558570845,1.1427467823004054e-05,-0.00027841892892772657
220292.64630534558,4.190349148626683,-90.97035744877556,-40.188985815081615,-2372.774192414196,-7.136243389970897e-06,0.0004213267342555097,-0.0017142594085512858,3.0448347085020257e-10,0.6626735102990906,0.028125329910880185,-0.6620763906601134,0.00027874977430483326,1.1830757142183577e-05,-0.0002784985993868518
220800.47330189004,4.17409576011006,-90.92268498406447,-38.146532016178654,-2368.572573090771,-6.797810230941729e-06,0.00042208573149600184,-0.0017072881567779636,3.0432206036211456e-10,0.6622832492948243,0.02874968166604033,-0.6616589439436391,0.0002790813644751572,1.2114907626197828e-05,-0.00027881828672187954
221309.47096056375,4.1695727339576125,-90.75352943488527,-31.101666707650413,-2364.727128545233,-5.56091781006128e-06,0.0004228086336552374,-0.00170059604741698,3.0411587977580813e-10,0.661371666393377,0.030751167097774437,-0.6606563757582886,0.00027916021483718887,1.2979846052859231e-05,-0.0002788582958141814
221819.64198002193,4.161624437507867,-90.7315015496234,-30.165405499186917,-2362.614974289394,-5.403217772145499e-06,0.00042319083753611814,-0.0016951693205552757,3.036876839306079e-10,0.6614076346210764,0.0310975002370622,-0.6606761722765951,0.0002794240761199387,1.3137722969222862e-05,-0.0002791150561160491
222330.98906514028,4.168266365761149,-90.71011428962088,-29.29358498127709,-2363.4404657185255,-5.243442113788263e-06,0.0004230470008809278,-0.0016918614647655178,3.028833949818121e-10,0.6611283993408211,0.03142170183657516,-0.6603812815856076,0.0002792075627379979,1.3270004428213233e-05,-0.0002788920401742729
222843.51492703042,4.14368425558708,-90.6553546217194,-26.96594271056634,-2357.452403833859,-4.851465206106455e-06,0.0004241312248939281,-0.0016836936147632032,3.029543539517896e-10,0.6606297875929894,0.03211961939478958,-0.6598485025406151,0.00027970652641104806,1.3599246263622252e-05,-0.0002793757351990249
223357.22228305315,4.129414479257526,-90.68369289595873,-28.101776158466887,-2354.9122107540975,-5.066668456213489e-06,0.00042458381805111824,-0.0016780111923760026,3.025836170124391e-10,0.6606235837304915,0.03188412244926251,-0.6598537126640708,0.00028000166240064897,1.3513909448351557e-05,-0.0002796753567952471
223872.113856834,4.1162011146532675,-90.77318739183688,-31.762917822093605,-2353.595885902681,-5.732941477559662e-06,0.0004248044071794877,-0.0016732160733592208,3.020565344912805e-10,0.6609284490700285,0.030959069226565127,-0.6602029618403252,0.0002802796412906456,1.3128799085170788e-05,-0.0002799719842351984
224388.1923782766,4.096618870206626,-90.74220693838357,-30.430852800520185,-2349.0239921425177,-5.51399463753905e-06,0.0004256372892679171,-0.001666125012320983,3.0194836276473804e-10,0.6604847157190192,0.03138658453857531,-0.6597385406427584,0.00028063625860591876,1.3335984082137802e-05,-0.00028031921299277555
224905.46058357815,4.078712838361095,-90.79034854679057,-32.36456377394606,-2346.098187866435,-5.878882087667926e-06,0.0004261585204389893,-0.0016602225780068286,3.01629592644108e-10,0.6607119013476386,0.030934656971650386,-0.6599873207724963,0.00028107735892814097,1.3160095441302694e-05,-0.00028076911081882704
225423.92121524294,4.0539168728339074,-90.8550257478409,-34.95351798097259,-2342.0819764064763,-6.370741589797431e-06,0.00042687545962984434,-0.0016535686260004657,3.014519098443662e-10,0.660671690942683,0.03027980522291113,-0.6599774364391002,0.0002815352667108027,1.2903281851262219e-05,-0.00028123942063549645
225943.5770220978,4.030396882189377,-90.89228385107266,-36.41139789213082,-2337.8779802361873,-6.660216380360898e-06,0.00042763459028358913,-0.0016468042234451074,3.01299416872869e-10,0.6607151349083927,0.029944831327848,-0.6600362085323519,0.00028205487455194904,1.2783248328080871e-05,-0.0002817650454202904
226464.43075930595,4.027108481818388,-90.87731218816779,-35.78422405405755,-2336.824681211818,-6.551451271718143e-06,0.00042783079511183545,-0.0016422764400882432,3.007419426224768e-10,0.6603293187909883,0.03019210715827172,-0.6596387237877368,0.000282015957565826,1.2894559985250543e-05,-0.00028172101562460076
226986.48518838224,3.9843244384304937,-90.97463715128073,-39.63550736043832,-2329.8190940868453,-7.299856909671147e-06,0.0004290936875764406,-0.0016335872376985977,3.009524834275805e-10,0.6608415000938723,0.02918680649750488,-0.6601966514401574,0.00028307315618099295,1.2502243628644693e-05,-0.0002827969336016903
227509.74307720707,3.95456459502161,-91.08069400606473,-43.868815880078984,-2325.5425786682667,-8.108729372177222e-06,0.0004298542150178999,-0.0016268384455083496,3.0081247031644075e-10,0.6609129061385414,0.028060639110205978,-0.6603169466500305,0.00028361248663671035,1.2041446854409898e-05,-0.0002833567471120295
228034.20720004186,3.9189488944966717,-91.1506973822754,-46.59075219909065,-2319.5451671185942,-8.656032379232098e-06,0.00043094513662008993,-0.001618910967809276,3.0089661213679887e-10,0.6611227467889443,0.027355661121745964,-0.6605565487725867,0.0002844268406676723,1.1768895118227674e-05,-0.0002841832521453184
228559.880337543,3.8717733654277495,-91.18921633643619,-47.96940717263046,-2310.8073811798527,-8.979450304936416e-06,0.0004325627783747928,-0.0016091031230190953,3.01339723574685e-10,0.6605241018192372,0.026980494441896725,-0.6599728342922766,0.0002852374128443103,1.1651121299996115e-05,-0.00028499935624237525
229086.76527677735,3.8372802826287034,-91.30388160849243,-52.482332382320585,-2305.805230737599,-9.86604187585992e-06,0.00043346341390302566,-0.0016019271119204986,3.0129887604024196e-10,0.6610415898946806,0.025773331716742735,-0.6605389609574184,0.0002860651922625621,1.115338763173958e-05,-0.0002858476800125423
229614.86481123618,3.80593830555864,-91.34315324121091,-53.93246425509293,-2300.211481080478,-1.0187697544477455e-05,0.0004345037665392702,-0.001594365537578093,3.013369337662491e-10,0.660940623699078,0.025410495965645704,-0.6604519776263117,0.000286709997449589,1.1022840739806132e-05,-0.0002864980272524895
230144.18174085088,3.764344647380942,-91.43347613896982,-57.39238648447033,-2293.484556562291,-1.0904123739012795e-05,0.0004357448945782571,-0.0015860466309456165,3.0152568415166874e-10,0.661085358594811,0.024468667723642187,-0.6606323755677281,0.0002876003754661559,1.0644915869010052e-05,-0.00028740330849594535
230674.71887200692,3.7209984059305423,-91.49597730547877,-59.70051660116686,-2286.004136639349,-1.1416368151129491e-05,0.0004371463817177361,-0.0015772376793338522,3.018165981139245e-10,0.6607639522266504,0.02383065248460461,-0.6603340825403011,0.00028839059540534766,1.040089435232339e-05,-0.00028820297867114894
231206.47901755953,3.671592672318145,-91.56917745069951,-62.39223483237283,-2277.5740906212623,-1.2018761711392755e-05,0.0004387344089975749,-0.0015678071666532854,3.022369917549316e-10,0.6607778669332247,0.023081903188140126,-0.6603746021570149,0.0002894516449001029,1.0110954345732118e-05,-0.00028927499604631195
231739.46499684785,3.633268554686029,-91.58183334443873,-62.695454868043356,-2270.322758815603,-1.215429534364202e-05,0.00044013036342291655,-0.00155922121199532,3.0250498017920056e-10,0.6604607012405795,0.023019614029115093,-0.6600594179717071,0.00029023240432499966,1.0115723636174273e-05,-0.000290056064676446
232273.67963571075,3.586049377928297,-91.6473913444051,-65.06346997162687,-2262.264464647776,-1.2702564035671326e-05,0.00044166963797571257,-0.001550113524246585,3.0288429696491336e-10,0.6603137744046228,0.022354191356398368,-0.6599352777335673,0.0002911894196568157,9.857895231454491e-06,-0.0002910225077578688
232809.12576650077,3.5397939378036987,-91.67179674506099,-65.7800013600661,-2253.7708699821624,-1.2939114465391537e-05,0.00044332317820789665,-0.0015407418990694745,3.033265114399263e-10,0.6602532959144604,0.02216606129952873,-0.6598811108770832,0.00029225378210898453,9.811560637913335e-06,-0.00029208903853937133
233345.80622810032,3.477961490291123,-91.77477215459933,-69.52089620805695,-2243.656959709366,-1.3797032294936814e-05,0.0004452734245431423,-0.0015303000362955619,3.0399306400567354e-10,0.6596897212377693,0.02105727748447965,-0.6593535617342999,0.00029330209048065303,9.362194539640293e-06,-0.000293152631906526
233883.7238659355,3.441496998756815,-91.79793840043374,-70.22186849846476,-2237.059949373667,-1.4018108452369047e-05,0.0004465752571858278,-0.0015222912610191272,3.0418830229701505e-10,0.6601086154894875,0.020899299117848758,-0.6597776925145551,0.0002943474240785469,9.319155539008106e-06,-0.0002941998630212388
234422.8815319923,3.3860116017523896,-91.82307463522872,-70.88385760492429,-2226.993399096674,-1.427807698761457e-05,0.0004485814440353317,-0.0015119556818982568,3.048605310935111e-10,0.6593312361899288,0.0206810973757805,-0.6590068066621719,0.00029532293866111,9.263329441277517e-06,-0.0002951776225039698
234963.28208483072,3.3486297207800138,-91.84275389900502,-71.43207636949116,-2220.234192609381,-1.4475927129951997e-05,0.00044993719932475974,-0.0015038998580546273,3.05085343914524e-10,0.6593311776870066,0.020550488288460872,-0.6590108339786538,0.00029621600159408096,9.232664369018557e-06,-0.000296072081610262
235504.92838960103,3.2906331702053127,-91.87821539078847,-72.47099063036639,-2209.967222693872,-1.4822646722163569e-05,0.000452009322966621,-0.001493502535033692,3.0579775953963167e-10,0.6590616423505153,0.020230297978759776,-0.6587510785277313,0.0002974617624488279,9.130769726128851e-06,-0.0002973215921580055
236047.82331805772,3.243644932176077,-91.86467654461104,-71.65602963745641,-2200.99217327277,-1.4775958942264503e-05,0.00045385950280901435,-0.0014840161589244223,3.0633853664567514e-10,0.6579737133704979,0.020448289290055044,-0.6576558940294479,0.00029818123400063355,9.266777699183297e-06,-0.00029803720429036123
236591.96974857588,3.1862113458753187,-91.93546087645831,-74.05741677713935,-2191.5004271971648,-1.540244874970476e-05,0.00045578788032044916,-0.0014742179379422008,3.0695772820910415e-10,0.6579363984541027,0.01973087878070706,-0.6576404768817814,0.00029944065512167,8.979936787360054e-06,-0.0002993059750071654
237137.3705661655,3.1483770409298577,-91.91451602034037,-73.00976630046692,-2184.1522516072037,-1.5287277366637505e-05,0.0004573325319775967,-0.0014658955966267149,3.072820722815489e-10,0.6579031274217887,0.02006668549542142,-0.6575970294980036,0.0003004337495342705,9.163521668820627e-06,-0.00030029396885359824
237684.02866248757,3.100371386301097,-91.96291459630504,-74.58087578772898,-2176.0995023587343,-1.5731138254793348e-05,0.0004589986610672737,-0.001457131951225912,3.077098382918182e-10,0.6575388846766752,0.019596976483539804,-0.6572467903113332,0.0003013671139972267,8.981802268347901e-06,-0.0003012332395786191
238231.94693586903,3.044247607228865,-91.97785982722614,-74.80403617174389,-2166.105467931294,-1.592385476620142e-05,0.00046110812524099884,-0.0014471039544182232,3.08418579789669e-10,0.6568660631758102,0.019502364382671656,-0.6565764865844443,0.0003024421999882478,8.97951396720121e-06,-0.00030230886963938735
238781.1282913177,2.9920557201644016,-91.9542871835926,-73.57576075648241,-2156.257106446351,-1.5806230641072753e-05,0.0004632272476087222,-0.0014372114727981297,3.09114649752704e-10,0.6564158565659508,0.019855796975076737,-0.6561154807483934,0.00030361672295400145,9.184043847982637e-06,-0.00030347778797784397
239331.57564053877,2.9523362601906293,-91.97674601472788,-74.18514899906957,-2149.395683318291,-1.603862692088969e-05,0.00046469348562668786,-0.0014293431476600546,3.0938820963409044e-10,0.6561665315251438,0.01968820929438437,-0.6558710936674356,0.0003044632527944955,9.135388587306189e-06,-0.00030432616873605166
239883.29190194898,2.9058366978443995,-91.94660247980751,-72.75176453650047,-2140.5321143724786,-1.585983422969042e-05,0.00046663451688850596,-0.0014201750532445412,3.0995481243889243e-10,0.6557232804932877,0.020116926724450455,-0.6554146243715057,0.00030552003548219844,9.373045535341192e-06,-0.00030537622385908865
240436.28000069334,2.842475905674613,-91.98622061630051,-73.86337718599817,-2129.8562342221053,-1.6263221202889085e-05,0.00046895125009356625,-0.0014098419246486437,3.1079200784022814e-10,0.6551598854339985,0.01974416610603028,-0.654862308723496,0.0003067773945741935,9.245168959078867e-06,-0.00030663805483443915
240990.54286865942,2.793703469757757,-91.93573606595608,-71.66368429957838,-2120.363601643642,-1.592145092133648e-05,0.00047107911557871333,-0.001400330255024324,3.114653873044708e-10,0.6542042569701824,0.020388944686678595,-0.6538864586244862,0.000307707633035553,9.590023058985747e-06,-0.00030755815529111025
241546.08344449406,2.725201476683644,-91.95843441810473,-72.10426080538898,-2108.6541081561872,-1.619730386191351e-05,0.0004736822893401791,-0.0013893941884642852,3.124746464161059e-10,0.6539632346263272,0.020220083786013344,-0.6536505644873377,0.0003092951849736671,9.563189830314465e-06,-0.00030914730606648397
242102.90467361774,2.6797604120527514,-91.98303271489743,-72.74652562370161,-2101.0265950806265,-1.6459961636247496e-05,0.00047538788767247125,-0.0013811844538809226,3.12887765568579e-10,0.653318974416262,0.020017541049283116,-0.6530122360129683,0.00031010461954475904,9.501533239342916e-06,-0.0003099590229838477
242661.00950824155,2.6283981696869056,-91.92950497513226,-70.44962050121083,-2091.1788038241907,-1.609176569746325e-05,0.0004776570704459932,-0.001371548911760021,3.136382076956098e-10,0.6523713082594492,0.020695484925985188,-0.6520429592778559,0.00031111990283917224,9.86980447769992e-06,-0.00031096331118353487
243220.40090738147,2.5736019280978235,-91.91274530851364,-69.5097929810137,-2081.373897567488,-1.60273488064236e-05,0.00047991662789171805,-0.0013619784482900115,3.143909440832081e-10,0.6519764571000156,0.020971542149438503,-0.6516390834139423,0.0003123963132934316,1.0048572122838757e-05,-0.0003122346597634862
243781.08183687524,2.507191980791863,-91.928528110387,-69.7064918943902,-2070.169149808303,-1.6246860058120256e-05,0.00048250525251694734,-0.001351530851966626,3.1536558581669935e-10,0.6511612916742183,0.02086411453083662,-0.6508269481971998,0.00031368844463570505,1.0051014578971303e-05,-0.0003135273790339547
244343.05526939713,2.444647276018643,-91.93446930684512,-69.56216505300172,-2059.533278338867,-1.6380995964489614e-05,0.0004849936211084798,-0.0013414946512332517,3.1626513489316996e-10,0.650632243129349,0.02087794657925601,-0.6502971837138479,0.0003150479843673637,1.0109482056849818e-05,-0.00031488574249476727
244906.32418447456,2.3845028926284133,-91.86968377612918,-66.86215307170335,-2048.2390335489567,-1.592049393123326e-05,0.00048770456237568643,-0.0013310696157341141,3.1727765964159353e-10,0.649625336092511,0.021678072625764627,-0.6492635354465397,0.00031630366279776625,1.0555089823265267e-05,-0.00031612750145804434
245470.891568503,2.32909867736756,-91.80188740646744,-64.10585571531098,-2037.7433013877226,-1.5423010410503024e-05,0.000490253749841598,-0.0013212031662733729,3.181783735297756e-10,0.6486947450853107,0.022512519086893494,-0.6483039864027202,0.00031748624955494595,1.1018148839778232e-05,-0.0003172950031951495
246036.76041476274,2.27126448565298,-91.79520545371426,-63.558556640348264,-2027.871119252218,-1.5440697159623506e-05,0.0004926440354569495,-0.0013117784189574276,3.1899199268257033e-10,0.6480787941966836,0.022665170039306487,-0.6476823400051268,0.00031872687564767733,1.1146790941687731e-05,-0.00031853189842122917
246603.93372343387,2.205268498855898,-91.77483488610233,-62.48431721719151,-2016.4932062223918,-1.535184954116429e-05,0.0004954347215654436,-0.0013014182565370047,3.200540804373414e-10,0.6474004517516784,0.022970089222498175,-0.646992828344633,0.0003201900784120713,1.1360502837747512e-05,-0.000319988476806278
247172.41450161304,2.1342959267580377,-91.73126876323477,-60.57206152153488,-2004.0026502596495,-1.506881803897769e-05,0.0004985458729294789,-0.0012903823770188585,3.2130822287643453e-10,0.6462574456102288,0.023519275027014345,-0.6458293348159879,0.0003216211418135107,1.170477205360745e-05,-0.00032140808510770145
247742.2057633285,2.0777965719434017,-91.65286114638968,-57.52074751831485,-1993.3808705668823,-1.446380236863042e-05,0.0005012429114921995,-0.001280590919250248,3.2227739563285554e-10,0.6452113024008057,0.024462268347594525,-0.6447474095900148,0.0003228212513450846,1.2239308346468077e-05,-0.0003225891499279019
248313.31052955706,2.0060128799402364,-91.63204165750516,-56.45071341034207,-1981.2685592398393,-1.4369124890097393e-05,0.0005043177251206339,-0.001269882327786227,3.2350186137712015e-10,0.6443665713004346,0.02476302808554287,-0.6438905735057104,0.000324369606213802,1.2465534412435838e-05,-0.00032412999226716024
248885.73182823902,1.9209053221627348,-91.5708943509862,-53.92848594932369,-1966.4596621117428,-1.3935470620611334e-05,0.0005081459337413337,-0.0012574918349754585,3.251884331399816e-10,0.6431045169653958,0.025499182214295216,-0.642598795087337,0.00032617862164611386,1.2933027040470082e-05,-0.0003259221226466979
249459.47269429546,1.8446193228068979,-91.52576223574712,-52.03104300576552,-1953.41999170245,-1.3625839409499502e-05,0.0005115597452715685,-0.001246280384770025,3.2660625929094327e-10,0.6424204285819237,0.02607664690534566,-0.641890968580768,0.0003280102641762276,1.33143459636447e-05,-0.00032773992981710207
250034.5361696431,1.7728583469661043,-91.4518469215719,-49.18737618613478,-1940.7182719208488,-1.3051180036453782e-05,0.0005149423598247197,-0.0012353289703763127,3.2798776004272023e-10,0.6414084438119483,0.02696134584035376,-0.6408415386222573,0.00032964457679326173,1.3856477140369415e-05,-0.0003293532223168115
250610.92530321138,1.676902817498016,-91.36639287378382,-45.89545090341666,-1924.12969479629,-1.238950448691696e-05,0.0005194199646770246,-0.0012219529204731178,3.3005459974681876e-10,0.6397592285802804,0.027944305491292516,-0.6391486418230463,0.0003316403488608266,1.4485854690008325e-05,-0.00033132383102703425
251188.64315095797,1.5761066225209337,-91.24054514298902,-41.28037656654359,-1906.2762542663454,-1.1354509151130016e-05,0.0005243370573123964,-0.001207830437552306,3.3237954851566105e-10,0.6378054218719812,0.029357369623297512,-0.6371294225022864,0.00033373722799995455,1.53614987007996e-05,-0.0003333835054569422
251767.69277588557,1.4761765774226776,-91.13089484994654,-37.28897147002723,-1888.9671598669074,-1.0446297374937515e-05,0.0005291836139626954,-0.0011941105608760303,3.346537716243013e-10,0.6358013944199463,0.030579356330885935,-0.6350655998499185,0.0003357468681822001,1.6148003463391573e-05,-0.00033535831803952913
252348.0772480574,1.3771985302789636,-90.90749639926183,-29.622406815423716,-1870.0867145484958,-8.468137421516812e-06,0.000534600425536794,-0.0011794563599480193,3.3725499197356655e-10,0.6333939938787142,0.03302873604077352,-0.6325322553650348,0.0003378723210082434,1.761856887484419e-05,-0.00033741264252292006
252929.79964461448,1.2718302106715242,-90.66659852083623,-21.5255033852452,-1850.086386758974,-6.2879707797289165e-06,0.0005404421411992991,-0.0011641585689524914,3.4011683112598136e-10,0.6306229764967031,0.035630166826442294,-0.6296156205952018,0.0003400467726791148,1.9212625754072103e-05,-0.000339503582633697
253512.8630497907,1.1541428468205719,-90.3849730161006,-12.280768395416212,-1827.7270875766876,-3.676065472926161e-06,0.000547102935601355,-0.0011474439486474945,3.4348579659784365e-10,0.6270657680189679,0.03860407462353679,-0.6258763478864483,0.0003422768761462928,2.107160483406082e-05,-0.0003416276443939832
254097.27055493052,1.0534417741669595,-89.93223051627477,2.135157049475868,-1805.1698752604402,6.552289268838721e-07,0.0005539637098359307,-0.0011306760916433005,3.469780917651236e-10,0.622457759327332,0.04332587322359602,-0.620948090307246,0.000344011096087557,2.3944727032894015e-05,-0.0003431767536979779
254683.02525850406,0.9781368043754762,-89.34924419882645,20.265239139438314,-1784.175789160892,6.365322674541388e-06,0.0005604105891852986,-0.0011149561141800422,3.502535048871742e-10,0.6176865293703712,0.04935806760505772,-0.6157113201232449,0.0003453653237052238,2.759743686374579e-05,-0.0003442609305404341
255270.13026612473,0.914702763394601,-88.6391814551403,41.873012215316464,-1762.6859575880014,1.3469122610176966e-05,0.0005669960681096071,-0.0010989933799788172,3.537082478555389e-10,0.6121795111937154,0.05657264432198288,-0.6095599148892541,0.0003463800589021886,3.200962383450341e-05,-0.000344897853265365
255858.58869056456,0.8873136038802387,-87.79436834370811,67.16676151765978,-1743.9316235463043,2.2052191759817865e-05,0.0005725676466974246,-0.001084799770537874,3.566897904020577e-10,0.6065698664204473,0.06504862892078794,-0.6030718686233382,0.0003467339054457577,3.7183787718796515e-05,-0.0003447343428156689
256448.40365177175,0.8847024490877874,-86.91674867171974,93.07584430521598,-1727.9500822298392,3.108252924291001e-05,0.0005770461644707088,-0.001072386464828072,3.5916080757702665e-10,0.6009503489205962,0.07368445749655156,-0.5964158973327465,0.0003464498052901019,4.247932628450823e-05,-0.0003438356793934623
257039.57827688634,0.912236995797286,-85.85494209471338,124.1258411565486,-1712.7565630546221,4.2091648409931725e-05,0.0005808036939945019,-0.0010605124516255907,3.6151347627192393e-10,0.5954395835320839,0.08404065185606784,-0.5894789788215257,0.00034590897800171593,4.8821772683784034e-05,-0.00034244628129708826
257632.11570025756,0.961581249841752,-84.77261771825005,155.53209993705875,-1700.0083824043918,5.337008444269287e-05,0.0005833496169531875,-0.0010501980182940583,3.6338673414637846e-10,0.5901515908373203,0.09440794962975167,-0.5825513189535546,0.0003448696490109315,5.5169615668509046e-05,-0.0003404282425356511
258226.0190634596,1.0534644198508658,-83.65213126228784,188.27393756251786,-1692.3993486835877,6.492960096473096e-05,0.0005836538811778297,-0.0010430928804362773,3.6418099834027134e-10,0.5850281351942397,0.10495511285050887,-0.5755365698679681,0.00034272884635980645,6.148617918157928e-05,-0.00033716837321548195
258821.2915153092,1.1885851239609462,-82.32877250258709,227.22568934640995,-1686.9772642133707,7.842064629211414e-05,0.0005822134271888184,-0.00103735967358512,3.6451122104660684e-10,0.5803029217265099,0.11735511512893003,-0.5683126409973646,0.0003400823144039004,6.877511324851132e-05,-0.00033305549742943414
259417.93621188137,1.3774204084541863,-81.0215907225792,266.93930277488755,-1689.5087070446286,9.123958156293098e-05,0.0005774723537345741,-0.0010365268726188956,3.631279662640568e-10,0.5766168080011994,0.12955173392719954,-0.5618748005614312,0.00033628740957862384,7.555557938003506e-05,-0.0003276897561194862
260015.95631652718,1.5718365060307329,-79.84661574851751,303.62148127049574,-1695.3703819789796,0.0001023512172200867,0.0005715116779890829,-0.0010377308396223167,3.610401823440477e-10,0.5732537215324538,0.14031279159384652,-0.5558166512132844,0.00033201689200035544,8.126631406481871e-05,-0.00032191769564889397
260615.35499988953,1.794187851812035,-78.81868706575922,337.7062947003993,-1708.465715195431,0.00011134762876233589,0.0005633108094047457,-0.0010433413014996691,3.5744881666112853e-10,0.5714042084583223,0.1498654169550687,-0.5514010575296037,0.0003272973348350595,8.584212511433859e-05,-0.00031583963485602517
261216.13543992068,1.9961227021214643,-77.9217611898754,368.327909510812,-1721.2855687317065,0.00011887337830181836,0.000555524100383977,-0.0010487526211772006,3.5397060977890036e-10,0.5698335737800594,0.15813123011508656,-0.5474530261759852,0.0003229209434077026,8.96119294485333e-05,-0.00031023803408323705
261818.3008218985,2.185384236773352,-77.20264518903892,394.3266221265594,-1736.0060813573843,0.00012442424059725925,0.0005477723953311747,-0.0010552889092102361,3.5016189944618546e-10,0.5688622889288738,0.16479647886654653,-0.5444689378822133,0.0003187497310232329,9.234015742403235e-05,-0.0003050814421663308
262421.8543384442,2.3491544611408504,-76.53131339644304,418.6201285371555,-1747.8860463313267,0.00012958977519820358,0.0005410828203786413,-0.0010600668337485597,3.4698205620325515e-10,0.5678754839583819,0.17095540084026686,-0.5415319161457709,0.00031516768847701253,9.487928258483637e-05,-0.0003005471570255323
263026.7991895381,2.4922367959988008,-75.77769346830591,444.75934411938846,-1754.7987483358975,0.00013571613243322677,0.000535468231239424,-0.0010618115560455694,3.4482029231513084e-10,0.5666737313590011,0.17777385658807887,-0.538066514221183,0.0003122443049230523,9.795561574861299e-05,-0.0002964813709159315
263633.138582538,2.651188776670479,-74.91148300853928,475.01660341926026,-1761.8936912477075,0.00014265147755483453,0.0005291114806132187,-0.0010636526639715535,3.426418696387851e-10,0.5648970237499552,0.18539191695548263,-0.5336089247465122,0.0003087850391214776,0.00010133926702230914,-0.0002916822815061511
264240.87573219463,2.837383616773112,-73.6915216076593,516.6064444384608,-1765.6863137616406,0.00015263755584613448,0.0005216931500273848,-0.001063490665500522,3.4111952709132043e-10,0.5622687526193408,0.19588161368712168,-0.5270451058414628,0.00030485471222134805,0.00010620443105161927,-0.00028575691485695107
264850.0138606701,3.0878594072486325,-72.31981479564067,566.333338011014,-1776.6780042593202,0.00016286497484666545,0.0005109334009729276,-0.0010676498843200735,3.3822943952564316e-10,0.5600156790455139,0.20769198449002402,-0.5200784559616016,0.0002995512041070319,0.00011109400390968226,-0.0002781888678169711
265460.5561975539,3.4352386755486295,-70.68263405990118,630.2974245360791,-1798.0996228875408,0.00017361474876435943,0.0004952846102943904,-0.0010780375331589924,3.3343131229572895e-10,0.5583822209990271,0.22190112534353362,-0.5123969118750422,0.00029230761294112554,0.00011616306146364718,-0.0002682347548971456
266072.505979881,3.8979167155806813,-69.11338368649328,702.8767901771316,-1841.943285419617,0.0001808373070501322,0.00047389822530690507,-0.0011017838077250442,3.2474605035250087e-10,0.5591043979376846,0.23623828525735802,-0.5067437225777187,0.0002828656461430771,0.0001195191728942598,-0.00025637500088466613
266685.86645214795,4.4696840548797745,-67.84657957641704,779.8543433678753,-1915.4244758365267,0.00018233575367181462,0.0004478405081323553,-0.0011431024729737062,3.1156961595843374e-10,0.5632378792061287,0.2492957943053522,-0.5050628827327158,0.0002716431545836917,0.0001202324958772342,-0.00024358602252040298
267300.6408663312,5.085791191421967,-67.41938500412803,841.7429785088863,-2024.0875760396611,0.00017516380756166385,0.00042120563605464387,-0.0012051731037139516,2.941648873860161e-10,0.5701694642088285,0.2562529004779716,-0.509340425366777,0.0002594232915813977,0.00011659335529572958,-0.00023174648587586104
267916.83248190314,5.665313914287601,-68.08452806706126,869.8990737368974,-2162.254549968087,0.00016014138475452315,0.0003980535768778007,-0.0012844788312194146,2.747345710240066e-10,0.5808605017301395,0.2551029239766975,-0.5218442494161727,0.0002485745055537749,0.00010916921189158471,-0.00022331898259277905
268534.4445658507,6.143023186721054,-69.92798080610568,847.2747341543485,-2318.795229951118,0.00013901860782499978,0.00038046181681646957,-0.0013743031120692219,2.5559816602731703e-10,0.5935815684511525,0.24348990182954164,-0.5413425404602621,0.00023980979363534324,9.837108531249406e-05,-0.00021870497639026856
269153.48039269156,6.445315280280476,-72.51935998081883,774.8688652753069,-2460.4686942563835,0.0001164458485750048,0.0003697546486051193,-0.0014549161855251934,2.4032684659483503e-10,0.606223522509585,0.2235182348011936,-0.5635126954694879,0.00023438920922125623,8.642070186373293e-05,-0.00021787556927922326
269773.94324449205,6.537736788764425,-75.610557350648,657.9448341779968,-2564.4875729237656,9.386489312993096e-05,0.00036585947553834504,-0.0015129366046988967,2.300485672204204e-10,0.6183479462762325,0.19675911251448594,-0.5862081834182685,0.0002329385916102059,7.412135971601281e-05,-0.00022083118324909578
270395.83641088434,6.480836707412204,-78.78094927599483,521.4989996511846,-2629.174002647933,7.258650641137744e-05,0.0003659499936289045,-0.0015475313685461712,2.2387252744560676e-10,0.6298385515265897,0.1671870665536668,-0.6072438437450745,0.00023435640582799856,6.220857698131811e-05,-0.0002259491489308534
271019.1631890843,6.256694041108107,-81.59360840574664,389.94944287872624,-2638.6955689566175,5.480840220593275e-05,0.0003708754831773521,-0.001549563647723053,2.225516630015683e-10,0.6380492810833654,0.13908056136376876,-0.6227065782065727,0.00023856938641633052,5.200282356036049e-05,-0.00023283268343773054
271643.9268839082,5.954425555221327,-84.03228103284603,273.6263174650961,-2617.5661136604185,3.950413345669966e-05,0.00037790473534756456,-0.00153362009833166,2.2383215287205487e-10,0.6448095625830744,0.11375641166037788,-0.6346958726860688,0.0002443484242614071,4.310761122632103e-05,-0.00024051587534587603
272270.13080779125,5.623355935968134,-85.86145300484793,186.39155965757587,-2575.993560574275,2.79427312681365e-05,0.00038617787170091655,-0.0015057917198699768,2.2692134999515116e-10,0.649984134895378,0.09429713996278082,-0.6431076309689792,0.0002509888558435527,3.641247531739717e-05,-0.0002483335204899162
272897.77828080405,5.302974086581932,-87.316011904589,118.61082803492816,-2530.163289363894,1.848731634099971e-05,0.0003943647464553595,-0.0014756001198278676,2.3050034590641117e-10,0.653192021891841,0.07843597447372606,-0.648465585340894,0.00025718203682059833,3.088268533460681e-05,-0.0002553210915880536
273526.87263067125,5.004812795555419,-88.30226340876554,73.55979792485927,-2481.793947223696,1.1932397662201293e-05,0.0004025806640220457,-0.0014440620427431685,2.344522530525602e-10,0.6551921836673488,0.06757867999001127,-0.6516977209946314,0.00026316727694280004,2.714393980223308e-05,-0.0002617636762148277
274157.41719278827,4.7351563321770325,-89.05110648388894,40.35873815373937,-2436.7053921630227,6.795359039089502e-06,0.00041027764419088874,-0.0014145658067266833,2.3824133131645094e-10,0.6565461823386729,0.0592883295167091,-0.6538637346776498,0.0002686685581712965,2.426167486177261e-05,-0.00026757086030198613
274789.4153102397,4.482019000633212,-89.62271595340681,15.759429999970367,-2393.251938307347,2.7513436331107407e-06,0.00041782339100489285,-0.001386144643220107,2.420091087696953e-10,0.6567052909132037,0.05288607657670333,-0.6545723046522199,0.00027364112775774777,2.203698651035299e-05,-0.00027275233825959136
275422.8703338166,4.283546952978103,-90.05139558560514,-2.1166390859887545,-2359.627824528673,-3.8015389515393074e-07,0.00042379530574960606,-0.0013635266805394407,2.448931418088953e-10,0.6570463520098603,0.048123565445598655,-0.6552816426074123,0.00027768698972005946,2.0338425108528753e-05,-0.0002769411719551522
276057.78562203463,4.1051924913518,-90.33530024439025,-13.625696317777914,-2328.3191492554133,-2.5133838026734347e-06,0.00042947967580619673,-0.0013423403395942386,2.47615383040956e-10,0.6568550573921588,0.044974641646327675,-0.6553135494024526,0.00028133081221292847,1.9262624715992336e-05,-0.00028067058483110917
276694.16454115114,3.946933283708312,-90.59407554386331,-23.86034620892247,-2301.135197827876,-4.505528897181048e-06,0.00043452140381168976,-0.0013236167884653185,2.4996430533743833e-10,0.6568243931310299,0.04212448825037025,-0.6554722045225031,0.00028462690936957,1.8254137673425006e-05,-0.00028404095478482157
277332.01046518405,3.804359629604317,-90.7734822804007,-30.72942313261618,-2276.1468984852495,-5.930272947644245e-06,0.00043925889264821504,-0.0013062323007343275,2.521272833860299e-10,0.6561851961000567,0.040144983698102675,-0.6549560228479075,0.00028745718661864244,1.758644379558392e-05,-0.0002869187186875924
277971.32677592884,3.679399330628468,-91.04464328868315,-41.144087222523595,-2256.388715297304,-8.07858346851544e-06,0.0004430387403020759,-0.001291915327172641,2.5375009445797226e-10,0.6565936890059749,0.037180418394394406,-0.6555401505098621,0.0002901293173859292,1.6428926426660693e-05,-0.0002896637899070103
278612.1168629771,3.557939465750799,-91.21224187997414,-47.313101212259916,-2235.887532104604,-9.459911707460228e-06,0.0004470495084782121,-0.001277232867467127,2.554878063526241e-10,0.6562256235312,0.035355644277041076,-0.6552724985810616,0.0002926047871367323,1.5764746752949326e-05,-0.0002921797977532803
279254.3841237338,3.4527850173383516,-91.33688780859319,-51.7622297726826,-2218.0014258324372,-1.0516055474528006e-05,0.000450610921111162,-0.0012641015173809847,2.569557323304721e-10,0.6557252021102085,0.034017037627056344,-0.6548422572143258,0.00029472134765109467,1.5289250954943524e-05,-0.00029432450045233094
279898.1319634363,3.335081929459556,-91.56288171508413,-60.015004028856026,-2199.6249118707633,-1.2394796470825889e-05,0.0004542847832133376,-0.0012507449593055465,2.5850652044120426e-10,0.6556933957935787,0.031545492588704954,-0.654934127362936,0.0002971356081078787,1.4295231862238044e-05,-0.00029679153618599656
280543.3637951713,3.2320511011817104,-91.64187598322707,-62.5396840539906,-2181.820736817093,-1.3126860568847932e-05,0.0004579565284291122,-0.001237767846322581,2.600165948475509e-10,0.6552488734438177,0.030735068892935834,-0.6545276477655765,0.00029934175436766464,1.4040908448522958e-05,-0.00029901227198536763
281190.08303989406,3.1372628633450548,-91.82985921320483,-69.24467642076749,-2167.422880515032,-1.4725024882235583e-05,0.000460906996690632,-0.0012267718031702451,2.611418508929504e-10,0.6555704306968358,0.028715153553665232,-0.6549412413036946,0.00030144416918754553,1.3203791996653256e-05,-0.00030115485553794196
281838.2931264454,3.0396314974939926,-91.93395509806881,-72.64382401821159,-2151.3445243996007,-1.5677754887791344e-05,0.0004642962094654243,-0.001214870809617997,2.6248843051984897e-10,0.655225485736332,0.027624597364933987,-0.654642894087179,0.000303515122611791,1.2796332314358849e-05,-0.00030324525310934555
282487.9974915708,2.952194208694601,-92.01344322296445,-75.1224564974939,-2136.850818499816,-1.6431792841561815e-05,0.00046740071637676187,-0.0012039108685471007,2.636610201659763e-10,0.6543350867789608,0.026794051712446643,-0.653786268273402,0.0003051398958411527,1.2495026346432678e-05,-0.00030488396210780167
283139.1995799379,2.8699115588266952,-92.14766193778983,-79.66236365113636,-2124.2539481431695,-1.762909340633847e-05,0.000470092394378321,-0.0011940611428267085,2.646145360275242e-10,0.6546449728704977,0.025388726193926507,-0.6541524692966194,0.0003070645203545984,1.1908709841562434e-05,-0.00030683350907374676
283791.9028441557,2.7777621121248424,-92.20859245204097,-81.33280980149797,-2108.908057214481,-1.826017819709566e-05,0.0004734748131782603,-0.001182708662467825,2.6592703146140525e-10,0.6541062730653745,0.024787226900037176,-0.653636450824218,0.0003090277772602912,1.1710546051588496e-05,-0.00030880581314089565
284446.1107447915,2.702797605803575,-92.26516238035782,-82.93153409668167,-2096.605130640226,-1.8836813600676333e-05,0.00047621644131230214,-0.001173104702959385,2.668722931559225e-10,0.6540365086809207,0.024254021486329873,-0.6535866408742369,0.000310791835724586,1.1525276894164157e-05,-0.0003105780628852767
285101.826750391,2.624266345297816,-92.31859470581092,-84.36895833005858,-2083.739018010528,-1.9399237047503346e-05,0.0004791210885570028,-0.0011632242718675344,2.6790252548802897e-10,0.6532663034716778,0.023731517998988778,-0.6528351080518066,0.0003123266942748506,1.1346041464803068e-05,-0.00031212053969537946
285759.05433749466,2.555937413371363,-92.38153634695597,-86.20943250215694,-2072.860104867367,-2.002922992498201e-05,0.00048159221604517636,-0.0011544898648705349,2.6868915568832236e-10,0.6528605845773953,0.023115106172018965,-0.652451250869668,0.0003137524659915111,1.110868343786006e-05,-0.00031355574794290046
286417.7969906581,2.4819196935013412,-92.40102063719422,-86.39409223795414,-2060.4233414209357,-2.0314598365917882e-05,0.00048448535727933236,-0.0011449238248968084,2.6968927173364114e-10,0.6520886758677793,0.0229813480584551,-0.6516835879753379,0.00031526429909759386,1.1110756644140479e-05,-0.000315068451883542
287078.0582024691,2.4215274900615795,-92.4685033006764,-88.42371051738294,-2051.1094147458793,-2.0978995847316754e-05,0.0004866366231700594,-0.0011371269689615154,2.702908248227641e-10,0.6522376083847532,0.022334335904125514,-0.6518551029417383,0.0003167480141515536,1.0846287386808215e-05,-0.0003165622569398879
287739.84147356695,2.355111615729118,-92.45806418603753,-87.55702058987272,-2039.6414568782059,-2.1007953109101673e-05,0.0004893804265700798,-0.0011281684814132432,2.711853978567766e-10,0.651335720216971,0.02253763541487569,-0.6509456777800021,0.0003180866038779414,1.1006489719570334e-05,-0.0003178961225788314
288403.15031266055,2.2793944655574347,-92.51181551904436,-88.95047397661816,-2027.7051847721534,-2.159253868475438e-05,0.0004922211280737952,-0.0011189867480285503,2.721543748867844e-10,0.650644947636331,0.022019418839339586,-0.6502722453547142,0.0003196022830104729,1.0816124150633133e-05,-0.00031941920850798013
289067.9882365476,2.2342457419529764,-92.52427281015713,-89.06338326816429,-2020.2467405888108,-2.1779460485445703e-05,0.0004940288864282594,-0.0011123066825610788,2.7253087895152446e-10,0.6503721088520434,0.021984801001614998,-0.6500004219210735,0.0003206401675148717,1.0838733980123088e-05,-0.00032045692201865933
289734.35877013224,2.171556029303747,-92.58342834484498,-90.72141762839756,-2010.6736504955197,-2.2394605376304654e-05,0.0004963353100126862,-0.0011044898222612061,2.7319864752285704e-10,0.6498789959269884,0.021413649478922728,-0.6495261079918685,0.0003219031919417305,1.060677781800632e-05,-0.0003217283967053484
290402.2654464451,2.1226125603524273,-92.5690894421344,-89.83974765765885,-2002.2612340832873,-2.2364211214696067e-05,0.0004984318668911492,-0.0010973391418821477,2.7371550076196267e-10,0.649426543847513,0.021677478915902892,-0.6490646522200822,0.0003230297066220327,1.0782543030999988e-05,-0.00032284969897167497
291071.7118066605,2.072015674825205,-92.598283482495,-90.5005090511944,-1994.2944048060692,-2.2708008569402824e-05,0.0005003999967406885,-0.0010904591536405436,2.741768994337124e-10,0.6491062678555546,0.021452738485630785,-0.6487516681911762,0.00032414818367901185,1.0712985776630179e-05,-0.0003239711050667206
291742.7014001168,2.018261422569719,-92.60636496855787,-90.38354116444252,-1985.5327166072516,-2.2878958909568486e-05,0.0005026016999512345,-0.0010831713869863995,2.7475340549790656e-10,0.6486669959582695,0.02146347223085809,-0.6483118007604989,0.00032535155126144614,1.0765422056737257e-05,-0.0003251733961998886
292415.2377843335,1.9713703198607313,-92.72152782194804,-94.09977820245564,-1979.573636129298,-2.395879917646134e-05,0.0005040203931299119,-0.0010774367703667404,2.7494667396304136e-10,0.648695527320169,0.020278201599272905,-0.6483785018838081,0.00032631014605668347,1.0200444811082765e-05,-0.0003261506742982301
293089.32452503213,1.9186871627976445,-92.71936163139068,-93.61329426718903,-1970.9105898168307,-2.4045012812200808e-05,0.0005062376103183252,-0.0010702544805064056,2.755200500373423e-10,0.6484921429473752,0.020413551207091738,-0.6481707694671169,0.0003276375773129063,1.0313535074529404e-05,-0.00032747520984303084
293764.9651961531,1.8592685249548073,-92.711582435603,-92.88217118214239,-1961.1362706372083,-2.4095932544866393e-05,0.0005087672551914934,-0.0010624974674577161,2.7625640742585733e-10,0.6477648030760752,0.020595896211976068,-0.6474372936149199,0.00032889861745524687,1.0457440350576034e-05,-0.00032873232652917933
294442.1633798762,1.8087904035470324,-92.72426869177639,-92.93704955495365,-1953.143364840495,-2.430739562889564e-05,0.0005108385591804045,-0.001055733382451935,2.767489673555539e-10,0.647128977091148,0.020549953992644098,-0.6468026069690318,0.0003299121959563348,1.0476552107107925e-05,-0.000329745809521028
295120.9226666385,1.761002160385573,-92.77482325606431,-94.3277026298388,-1946.1971845546464,-2.484543270483057e-05,0.0005126183489163795,-0.0010495592767690155,2.770979365058364e-10,0.64699270438288,0.020092769363351914,-0.6466806322629308,0.0003310011444377532,1.0279450771453385e-05,-0.0003308414884970439
295801.2466551547,1.709161906719443,-92.77931480100818,-94.07986310196503,-1937.9418599444946,-2.4991531681760517e-05,0.0005147981065589066,-0.0010427036056221877,2.7763830731885297e-10,0.6466629604130035,0.020149800111245314,-0.6463489536818224,0.0003322356431638713,1.0352350775290228e-05,-0.00033207431611303
296483.13895243424,1.6742653910866174,-92.77322538632498,-93.59525801859765,-1932.1995585020982,-2.5011057228077374e-05,0.0005163333565911985,-0.001037222932346662,2.778229721615089e-10,0.6463361143136279,0.020326422794652414,-0.6460164155827715,0.00033305143894710794,1.047403078751891e-05,-0.0003328867009416286
297166.60317380266,1.6309247472530541,-92.7827597856367,-93.58741704977813,-1925.407697777482,-2.5185304225331857e-05,0.0005181463508126242,-0.001031199836373427,2.78161761457288e-10,0.6463261387033191,0.020337023766052877,-0.6460061013918376,0.0003342135099082849,1.0516220352122722e-05,-0.00033404801947432773
297851.64294291893,1.5880519108950317,-92.80015797199835,-93.85213448424223,-1918.8379291195733,-2.5429033432767503e-05,0.0005199049986426951,-0.00102531763261122,2.7847219443469937e-10,0.6455637263423145,0.020235645764212117,-0.6452464981768441,0.00033495230684616394,1.049931393705753e-05,-0.00033478771224227733
298538.261891796,1.5338442652142037,-92.80267164126884,-93.51978537129685,-1910.3253273869689,-2.5565203665832988e-05,0.0005222195054099888,-0.0010184212798742581,2.7906977226668287e-10,0.6453549261868067,0.020319577267257083,-0.6450349568304485,0.00033633036199690926,1.0589662371218229e-05,-0.00033616360816101975
299226.4636608189,1.5066333821687363,-92.8438421010139,-94.70978949909924,-1906.5806469768322,-2.5990471264515835e-05,0.0005232081053163427,-0.0010140872256327769,2.7897478483949086e-10,0.6453371461206692,0.01997457309297855,-0.6450279440403517,0.00033696469990945427,1.042978243009186e-05,-0.0003368032491285224
299916.25189876516,1.4584205506529364,-92.86694832520688,-95.11922861994758,-1899.364939876149,-2.6300478970837346e-05,0.0005251746506350708,-0.0010079257692869772,2.793905512024863e-10,0.6445438784812206,0.019809380675070373,-0.6442393962843973,0.00033781720366913724,1.0382457749561412e-05,-0.0003376576189958016
300607.6302628231,1.417969365589031,-92.87887991996107,-95.2051738636082,-1893.1888404603146,-2.6495722948320203e-05,0.0005268769014334217,-0.001002337704808874,2.7965732283003303e-10,0.6445071444660458,0.019793532744041317,-0.6442031320393335,0.0003388913061428349,1.0407729724030265e-05,-0.00033873145195152486
301300.60241861216,1.3859849985845916,-92.87558645663643,-94.8395720052425,-1888.0823329957225,-2.6537092169618627e-05,0.0005283049452370622,-0.000997334999826023,2.797687504468633e-10,0.6439923994987681,0.019934333767380002,-0.6436837988868693,0.00033953233486838674,1.0509985666526804e-05,-0.0003393696312613545
301995.1720402016,1.349051964689986,-92.91889101130093,-96.00921354054377,-1882.9627434013953,-2.7008585391913823e-05,0.0005297008294258429,-0.000992343110141888,2.798842142798725e-10,0.6437336872816927,0.019559849658789527,-0.6434364556213843,0.00034030054035570943,1.0340032749054817e-05,-0.00034014341312031357
302691.3428101306,1.3114468682480738,-92.96619572712694,-97.30161924475557,-1877.8230474858522,-2.7519862241295973e-05,0.0005311055661915573,-0.0009873583350110196,2.8000479370730476e-10,0.6435194452264869,0.019142344180862116,-0.643234674938989,0.0003410987215526812,1.0146436406930081e-05,-0.00034094777851324045
303389.1184194271,1.270410204592207,-93.02425344455939,-98.92074193679161,-1872.355138858699,-2.8138463332898284e-05,0.0005326000936649259,-0.000982219062850187,2.8017662832979365e-10,0.6431153324480013,0.018599204768800597,-0.6428463272133329,0.00034185666104456655,9.886659078930365e-06,-0.0003417136676704587
304088.502567628,1.229123217891077,-93.02737850574937,-98.68864168931617,-1866.0301620607838,-2.826290600788336e-05,0.0005344022794865232,-0.000976649632402644,2.804797246146506e-10,0.6427866090136375,0.018675135269926712,-0.6425152636707557,0.00034283380791771793,9.960487116855322e-06,-0.0003426890843720554
304789.4989627983,1.1863639729148,-93.08906247849742,-100.4000367717468,-1860.4102806006103,-2.892367091122944e-05,0.000535954930358178,-0.0009714688115705309,2.806799567205104e-10,0.6423210354602209,0.018091046196825583,-0.6420662167114811,0.00034359529499630384,9.67740119290396e-06,-0.0003434589853967263
305492.11132155143,1.1340284155285492,-93.14113055800725,-101.70303597765435,-1853.254895208027,-2.952280711314522e-05,0.0005379710278731508,-0.0009655066905185971,2.8111561879487166e-10,0.6418929413350399,0.017616754461052427,-0.6416511498454655,0.00034466963257444067,9.459459508335337e-06,-0.0003445398006686747
306196.3433690677,1.089680783414135,-93.22303024605831,-104.05127076791548,-1847.7670393028009,-3.0379314854241798e-05,0.0005394830476359643,-0.0009604336052859135,2.8130206210143206e-10,0.6420318898701688,0.01682433611178724,-0.6418114125852377,0.0003457352650650737,9.059933621566547e-06,-0.0003456165376720124
306902.1988391158,1.048973842369397,-93.24737066843838,-104.50918419494826,-1841.9585244899,-3.0704280466420924e-05,0.000541158287466438,-0.0009552124593818897,2.81540115674358e-10,0.6416108207159552,0.016662194272750633,-0.6413944313305338,0.00034658431136320495,9.00055756755664e-06,-0.00034646742248959007
307609.6814740708,0.9913140066361316,-93.3139903317781,-106.21741682965475,-1834.351020995381,-3.14613325671155e-05,0.0005433301735149261,-0.000949079466413637,2.820575218324429e-10,0.6409854423986693,0.016022429265387116,-0.6407851583233287,0.00034765382428195217,8.690148699093864e-06,-0.0003475451954112646
308318.7950249355,0.942051387170762,-93.34441374863322,-106.79160376650398,-1827.452548954834,-3.1868698777766384e-05,0.0005453475063511495,-0.0009433356354695248,2.8247110093887636e-10,0.6402370780843306,0.015785533088927564,-0.6400424463260695,0.00034854248766375397,8.593580659801485e-06,-0.0003484365309181596
309029.5432513591,0.898522965390176,-93.38075446768109,-107.60330745022877,-1821.5042786251092,-3.231858221567762e-05,0.0005470876052038026,-0.0009381025734825053,2.8274174624726756e-10,0.6394923447075767,0.015483484701379422,-0.6393048729996481,0.0003492553676911918,8.456223420460194e-06,-0.00034915298100771363
309741.9299216581,0.8513649276484088,-93.45105163123267,-109.48872546113655,-1815.5781005217098,-3.309504606398664e-05,0.0005487929521187031,-0.0009328999446103706,2.83012225178329e-10,0.6396995526401159,0.014825982647096943,-0.6395277225316448,0.00035047764023124256,8.122837339527056e-06,-0.00035038349820677326
310455.95881283557,0.8051872731161978,-93.39019457102435,-107.09417335223594,-1807.8258884198701,-3.265361333117634e-05,0.0005512162397145044,-0.0009267801703396516,2.835721202221946e-10,0.6383848516810624,0.015595529270979134,-0.6381943264575533,0.00035127382645455376,8.5815025656934e-06,-0.0003511689891857465
311171.63371060183,0.7633101896546025,-93.49722401826767,-110.20504010950336,-1803.2702800410088,-3.376453502749142e-05,0.000552484554916726,-0.0009223185782613792,2.8363466409058645e-10,0.6383920490893972,0.014525934634340123,-0.6382267665677758,0.00035211996963437054,8.012116801345743e-06,-0.0003520288042187338
311888.9584093937,0.717841255026414,-93.49813157187522,-109.82687122517277,-1796.6149589605195,-3.3898362093831264e-05,0.0005545300866959271,-0.0009168011365637278,2.840305928289729e-10,0.6378983793824597,0.014627209884766887,-0.6377306540772174,0.0003531449964369936,8.097725514900712e-06,-0.00035305214253700474
312607.9367123956,0.666463415999681,-93.53940948695963,-110.702658908462,-1789.7688646892075,-3.442752491930354e-05,0.0005566019172116862,-0.0009112070691580813,2.8446129507805746e-10,0.6370489561039313,0.014271622801911079,-0.6368890745300225,0.0003540023432849352,7.930611715076722e-06,-0.00035391349854032103
313328.5724315585,0.63338705606788,-93.55176929684934,-110.79959371015082,-1785.0864546546447,-3.4637751777466844e-05,0.0005580470058346548,-0.0009067329254395763,2.845514985449054e-10,0.6365760641679568,0.01424665498074256,-0.6364166232063917,0.00035465691894484645,7.937267901118079e-06,-0.0003545680892772463
314050.8693876218,0.585599822415107,-93.57533705952844,-111.12714126244747,-1778.5315209228384,-3.4994903148276554e-05,0.0005600750420985045,-0.0009013255831820129,2.849433757017243e-10,0.6359596412925584,0.014094405702819725,-0.635803439028796,0.000355604405517924,7.881054764564814e-06,-0.00035551706316231025
314774.8314101316,0.5395776150906211,-93.56275291662782,-110.3098826146015,-1771.703737452367,-3.50067590605428e-05,0.0005622488610594216,-0.0008958003606791984,2.8538361196406055e-10,0.6347743303442744,0.014330643381963385,-0.634612545671988,0.0003563085116380405,8.044008665998767e-06,-0.00035621769943434446
315500.46233746276,0.5050217180862853,-93.56187177327368,-109.96925465679045,-1766.6709228139111,-3.5097847003981065e-05,0.0005638516506165652,-0.0008912012619550681,2.855383663660067e-10,0.6341094833970564,0.014448656268906571,-0.6339448503348732,0.00035694373353405026,8.133228485315557e-06,-0.00035685106067326284
316227.76601683797,0.4426347456155484,-93.60843610316574,-110.89752282572452,-1758.5338641666294,-3.5718783758053994e-05,0.0005664030108597925,-0.0008850562384256547,2.861998459628077e-10,0.6334024061444533,0.014041324312924717,-0.6332467523178641,0.00035817132810321334,7.939975801641065e-06,-0.00035808331022192175
316956.746304349,0.4024855586418501,-93.61843396268704,-110.85201988511622,-1752.942529636319,-3.593146900213967e-05,0.0005681971355274927,-0.0008802130631406073,2.8645239236224867e-10,0.6323107612060236,0.014030300316305883,-0.632155083353741,0.0003586845782698329,7.958827621966682e-06,-0.0003585962684572885
317687.40706497704,0.3640009979976671,-93.65192160016116,-111.56246326518942,-1747.956460677172,-3.636564868246826e-05,0.000569775610010853,-0.000875690709922557,2.8660880008665724e-10,0.6319806051704143,0.013777390829793143,-0.6318304114344974,0.0003595005343438217,7.837233175595202e-06,-0.000359415097025215
318419.75217261235,0.31782988987920113,-93.67010573034871,-111.71884672166918,-1741.710406903842,-3.6676794968099635e-05,0.0005717956939437978,-0.00087055472784576,2.869750794806309e-10,0.6313037972037271,0.013686174076444249,-0.631155426977376,0.0003603899903544231,7.812973983755375e-06,-0.00036030529080932237
319153.78551007615,0.2794437973164438,-93.68113102614318,-111.71624121766239,-1736.4390219384095,-3.689804289957875e-05,0.000573517340233036,-0.0008659237842893416,2.8718423442673755e-10,0.6306046362262254,0.013673692804209263,-0.6304563722852725,0.00036107312926233283,7.829316128935804e-06,-0.0003609882359360849
319889.5109691397,0.2362925077698464,-93.64212783858036,-110.10569810463713,-1729.7834075247608,-3.664968698167624e-05,0.0005757742017278019,-0.0008606208404640912,2.876261742429967e-10,0.6293779269828549,0.014199459554889719,-0.6292177288678259,0.0003617669298038572,8.161860573458649e-06,-0.0003616748478007399
320626.9324505466,0.18764818044094825,-93.65680919863,-110.13178128058514,-1723.2280131907878,-3.693659902520517e-05,0.0005779456339679655,-0.0008553874569349895,2.8805630506623966e-10,0.6287160662697066,0.014147648920562047,-0.6285568677658964,0.0003627491313905514,8.16274250410329e-06,-0.0003626572789279311
321366.0538640317,0.14785668685166928,-93.73620447094456,-112.24505427755358,-1718.869981551932,-3.782972053153592e-05,0.0005793072260570795,-0.0008512618268387785,2.881224536268199e-10,0.627960014430741,0.013384990846804798,-0.6278173474378416,0.0003631927755516778,7.741467393894078e-06,-0.0003631102613470469
322106.8791283435,0.10367932657637044,-93.73728070219782,-111.8782904148658,-1712.758755480395,-3.7975573055866975e-05,0.0005813728025752793,-0.0008462843854694971,2.884854641629781e-10,0.627135957279363,0.013480084721023902,-0.6269910655094034,0.00036400363900273983,7.824140579986164e-06,-0.0003639195406012455
322849.4121712634,0.06789570478694132,-93.74749649189549,-111.86842117872821,-1707.9257585956593,-3.8186539950886726e-05,0.0005830043414089338,-0.0008419554648910997,2.88636429199298e-10,0.626529904914734,0.013479971614999083,-0.6263848753903023,0.00036467034827082726,7.845987725345011e-06,-0.00036458593415624276
323593.6569296283,0.029768762682271604,-93.72512254832687,-110.83262567420076,-1702.3041560951888,-3.808519909239477e-05,0.0005849594585196933,-0.000837254115729919,2.889235698202351e-10,0.6257136169706663,0.013831408432553535,-0.6255607265512163,0.0003654008919307033,8.07719193068136e-06,-0.0003653116078011599
324339.6173493492,-0.01874992738580009,-93.75710126070602,-111.38300823521348,-1696.1551393243403,-3.85495245340587e-05,0.0005870372437676879,-0.0008323111338675101,2.8930408037971375e-10,0.6250469654399208,0.013592762840822916,-0.6248991485063864,0.0003663150792273462,7.966175779207385e-06,-0.0003662284496223521
325087.2973854344,-0.05826571197022717,-93.70760022768745,-109.51124701644254,-1689.9804508138875,-3.818348323200784e-05,0.0005892485198016636,-0.0008273738919943142,2.8969329986003104e-10,0.6234057819980033,0.014220354451918282,-0.6232435724079342,0.00036670236985150814,8.36475667731869e-06,-0.00036660695424451723
325836.7010020087,-0.09410190673603748,-93.70610996492478,-109.1467657792515,-1685.0349565857832,-3.828024302842372e-05,0.0005909799267891376,-0.0008230553580936587,2.898753037740341e-10,0.6225926500791368,0.014342934631039883,-0.6224274159761379,0.000367293057701713,8.461488127720131e-06,-0.0003671955792960181
326587.8321723358,-0.14544303987042664,-93.73454881472588,-109.56271844949912,-1678.5398412679294,-3.8721582934879984e-05,0.0005932284320155398,-0.0008179971407309079,2.9032770271951907e-10,0.621793984735898,0.014141049885517504,-0.6216331636599526,0.0003682229031309248,8.374250266149074e-06,-0.0003681276657936025
327340.6948788381,-0.18210807320632863,-93.76456119185448,-110.14725523109725,-1674.0035277429688,-3.913674799046185e-05,0.000594795159107371,-0.0008139102175859288,2.904449052025523e-10,0.621297655529099,0.013929646955745929,-0.6211414828375603,0.0003689067860300518,8.270981297364398e-06,-0.0003688140556532534
328095.293113119,-0.22304756469376874,-93.73775481671926,-108.97295915105857,-1668.06846132445,-3.8997919624269726e-05,0.0005969480895929058,-0.0008091592491817521,2.908079403642426e-10,0.620229713536191,0.01432112330992503,-0.6200643539023409,0.0003695877374708921,8.53379231378601e-06,-0.00036948920157103127
328851.630875983,-0.2557329023809706,-93.6954897251755,-107.40870647887944,-1662.981068768505,-3.867736993046634e-05,0.0005988316598596168,-0.0008048360795953117,2.910266943501064e-10,0.6194358204582986,0.014885037494340083,-0.6192569509707886,0.0003702549537278452,8.897223387285776e-06,-0.00037014803819013486
329609.71217745775,-0.3120641706039185,-93.69557058463512,-106.92896816005837,-1655.5170808084727,-3.885259431492436e-05,0.0006015314150025212,-0.0007993809558678198,2.916664432913237e-10,0.6181141536854203,0.014977856392545614,-0.6179326587939237,0.0003711239780424523,8.992904650067417e-06,-0.0003710150060900629
330369.5410368147,-0.35074636454916586,-93.73498189906623,-107.77377881674076,-1650.9406513625634,-3.9373440968130884e-05,0.0006031449856541018,-0.0007953377438824642,2.918022728412182e-10,0.6173583012849173,0.014660590715449378,-0.617184202037992,0.00037167431878105,8.826260302568896e-06,-0.00037156950409099625
331131.1214825911,-0.3793469711003159,-93.66738455072199,-105.50355498458221,-1646.0370390124822,-3.877996020220099e-05,0.0006050341230073347,-0.0007911516443946106,2.9199843795083007e-10,0.6162024419278741,0.015485548160914414,-0.6160078304989565,0.0003721052285501976,9.351234343723382e-06,-0.00037198770884350944
331894.4575526103,-0.4130747276669221,-93.67814860311468,-105.53426451187184,-1641.6844475248145,-3.8996274411414616e-05,0.0006066236165925762,-0.0007872448270072251,2.920992539326787e-10,0.6155240737511299,0.015478673558609692,-0.6153294207431109,0.00037266974800538463,9.371580447521195e-06,-0.0003725518951210858
332659.5532940045,-0.4517194008250379,-93.62962487775516,-103.76627159960434,-1635.8203399617887,-3.862255297295638e-05,0.0006088641016051944,-0.0007826286380090429,2.9247215674422226e-10,0.6142523995833065,0.016092529901383823,-0.6140415628239045,0.0003732463299084411,9.778517314231095e-06,-0.000373118216372849
333426.41276323487,-0.49005925959083885,-93.60393486363435,-102.68594221355387,-1630.3595950469046,-3.8479088401169294e-05,0.0006109380664106507,-0.0007782220563110322,2.927768459688138e-10,0.6129426917464328,0.01645876003507343,-0.6127216762800793,0.00037370167807208117,1.0034651406916691e-05,-0.0003735669283609445
334195.04002611426,-0.522513530009063,-93.57966592741073,-101.69966755131694,-1625.6763275864887,-3.833143284206787e-05,0.0006127306457749978,-0.0007742018654216152,2.929449730391862e-10,0.6118772183396789,0.01681510373283847,-0.6116461253123058,0.00037412977832891646,1.0281525187708782e-05,-0.0003739884774592109
334965.43915782764,-0.5512790159851684,-93.52908444655236,-99.974560453164,-1621.0648319711158,-3.790007323403433e-05,0.0006145410949579067,-0.0007702301518906022,2.9310265169572653e-10,0.610885798326469,0.01745289763751277,-0.6106364343543725,0.0003745997168907201,1.070224669135466e-05,-0.00037444680504761295
335737.61424295465,-0.5729869096398953,-93.51790823192833,-99.46543300247238,-1617.9462206335852,-3.7853475504286985e-05,0.0006157404213832235,-0.0007669803076766488,2.929921939175719e-10,0.610430303834086,0.017685048384212726,-0.6101740693462995,0.00037503939803060264,1.0865433544989846e-05,-0.000374881971331026
336511.56937549065,-0.6072087550728112,-93.51963590845462,-99.23909926769387,-1613.4701954631785,-3.7977035008760796e-05,0.0006174462943623728,-0.0007630993419215099,2.9312926851655477e-10,0.6093649062846102,0.017762021631173547,-0.6091059838803305,0.00037541568370354385,1.0942772427248587e-05,-0.00037525616757383846
337287.3086588689,-0.631108271199619,-93.4657546704624,-97.47200878911303,-1609.4392900405433,-3.7492181311635085e-05,0.0006190637745326637,-0.0007594422085870193,2.931875554404571e-10,0.6084450184212872,0.018433439192567444,-0.6081657247504288,0.00037580225926098877,1.1385298399666447e-05,-0.0003756297552724145
338064.83620598156,-0.6635124066309348,-93.44553164620363,-96.62706608521276,-1604.8750441911889,-3.7380477847729624e-05,0.0006208508492316059,-0.0007555467737917083,2.933451470150993e-10,0.6076289031724503,0.018749493829012354,-0.6073395594325393,0.00037636641620690986,1.1613469605010222e-05,-0.00037618719618318536
338844.15613920253,-0.6912459634016432,-93.44606212335762,-96.42173139142528,-1601.217528165209,-3.747160311558296e-05,0.0006222683087233722,-0.0007520911308506856,2.933389925231338e-10,0.6067340039476006,0.018842776033117053,-0.6064413420419594,0.00037666315922727336,1.1697678889048668e-05,-0.00037648147341891737
339625.2725904084,-0.7171008789618374,-93.43697866950723,-95.95287711233507,-1597.6529242937172,-3.7456692391308054e-05,0.0006236685749743979,-0.0007486909272303308,2.933173096859897e-10,0.6061192349232793,0.01904639658937861,-0.6058199086535053,0.0003771174241028403,1.1850354858209952e-05,-0.00037693118821834846
340408.18970100087,-0.7420211232459326,-93.46660565015705,-96.6093945892038,-1594.8034238439782,-3.7845500320891245e-05,0.0006247439366066641,-0.0007456367262714592,2.931655752625245e-10,0.6058557135836022,0.018851887843306634,-0.6055623436167735,0.0003776079432844773,1.1749699533960665e-05,-0.00037742509639979513
341192.91162192845,-0.7721460521895583,-93.49128197704458,-97.0817686753612,-1591.246305346143,-3.8198765733817516e-05,0.0006261077200393703,-0.0007422625340270329,2.931451567799652e-10,0.6052339764848701,0.018699060949415754,-0.6049450482575243,0.0003780464838649763,1.1679969265043774e-05,-0.0003778660110153325
341979.4425137089,-0.8259830075149359,-93.51379644501178,-97.31171895701995,-1584.769969196637,-3.860097324490014e-05,0.0006286361379280477,-0.000737541334085088,2.9366615618265845e-10,0.6039729884377373,0.0185499638083069,-0.6036880565367527,0.00037878408171789467,1.1633684190421466e-05,-0.00037860538553357404
342767.7865464503,-0.8495234297658888,-93.5388782724718,-97.83979908400202,-1582.0485286778248,-3.894198584345084e-05,0.0006296835437543099,-0.0007345814088518918,2.934947455601538e-10,0.603340683937047,0.018393785473856183,-0.6030602370821387,0.0003790208166496649,1.155504307464726e-05,-0.0003788446389132648
343557.94789987465,-0.8787475316338227,-93.57402817562357,-98.61098895573821,-1578.7965569518674,-3.9407782672302684e-05,0.0006309324372364335,-0.0007313854262762827,2.9342287025054574e-10,0.603347238874767,0.018151540442644533,-0.6030741349430966,0.0003797837218329706,1.1425691777699674e-05,-0.0003796118134841224
344349.9307633384,-0.9202785317561534,-93.55296366472976,-97.6811807104867,-1573.2060026982988,-3.9315936377619085e-05,0.0006332035163896677,-0.0007271193906623931,2.937883274765898e-10,0.6020314315006515,0.018460724092172302,-0.6017483246181217,0.00038030335447589316,1.1661642450805273e-05,-0.0003801245158115515
345143.7393358563,-0.9648035754378613,-93.60201530976389,-98.72732923161367,-1568.3456719684852,-3.997939624071743e-05,0.0006350978351186323,-0.0007232058349106295,2.940209942617407e-10,0.6011884665784187,0.018048074978374334,-0.6009174979450053,0.0003809198508888353,1.1435465601527995e-05,-0.00038074816208046074
345939.37782612187,-1.0063497249050548,-93.62695422222515,-99.10529919476647,-1563.4960683206336,-4.0379583051308176e-05,0.0006370327303797773,-0.000719311369933275,2.942546524398526e-10,0.600477408604724,0.017893265248967435,-0.6002107540717466,0.0003816313728794498,1.1372003816307893e-05,-0.0003814619014987677
346736.85045253165,-1.0586499716792634,-93.69481365419878,-100.61207426887509,-1558.0364064838145,-4.127505113002472e-05,0.0006391681396827485,-0.0007151509719414138,2.9460663938607183e-10,0.5996858843389736,0.017287644210643674,-0.5994366498914319,0.00038242725997005364,1.1024548983841996e-05,-0.00038226832001606655
347536.1614432058,-1.0804478901615537,-93.69380534993753,-100.40034583354932,-1555.183252232047,-4.133955284143075e-05,0.0006403422189435505,-0.000712199562136526,2.9446830802267085e-10,0.598757157698526,0.017399406424957096,-0.5985042978553092,0.00038252828645460627,1.1115967532896337e-05,-0.0003823667417594068
348337.31503601186,-1.1370545637832765,-93.70052147975525,-100.13972797441708,-1548.3233080084435,-4.159778754117549e-05,0.0006431695523283167,-0.0007074272474898739,2.950927095124283e-10,0.5977717852040609,0.01742881293653743,-0.5975176513423458,0.00038358016026449483,1.1183777864548684e-05,-0.00038341708681436195
349140.31547858607,-1.1718586437636531,-93.73041745109411,-100.6967420362389,-1544.4232938574937,-4.2037843619657215e-05,0.0006447500047853801,-0.0007040223960007359,2.951574763334307e-10,0.5969073094430205,0.01722046862123248,-0.5966588569081758,0.00038397188947982924,1.1077391363145854e-05,-0.00038381206769889074
349945.16702835733,-1.2165981054148258,-93.71608338634148,-99.93658251245849,-1538.6934936412572,-4.203316545336727e-05,0.0006471720022263109,-0.0006997972782304478,2.9557521507061973e-10,0.5959102968364114,0.01746898623138423,-0.5956541919567994,0.0003847564392546108,1.1279054876979822e-05,-0.00038459108214955934
350751.873952568,-1.2633099127862157,-93.74312284028126,-100.3185470711047,-1533.3853722292304,-4.248383556777873e-05,0.0006493723635137017,-0.0006957792096873876,2.9591625062842053e-10,0.5947726258540659,0.017283371435151497,-0.5945214559098563,0.00038533153907368254,1.1197267369065354e-05,-0.0003851688152075121
351560.44052829815,-1.3029467200281766,-93.74436280842629,-100.03425615473388,-1528.5321445836682,-4.26327632321591e-05,0.0006514323344593201,-0.0006919818570023798,2.961730620367744e-10,0.594063002721787,0.01737834265195793,-0.5938087608056124,0.0003860853405063479,1.1294295907128538e-05,-0.0003859201070608589
352370.8710424871,-1.3535930441353028,-93.7523965925695,-99.85525953543052,-1522.521039039566,-4.2892390180657906e-05,0.000653992256077152,-0.0006876753138182587,2.9665852220731467e-10,0.592496970382002,0.01737788293736501,-0.5922420696779874,0.00038657634835704565,1.1338249584249424e-05,-0.00038641003766133353
353183.169791957,-1.395588050716404,-93.77039481989416,-100.0171520445886,-1517.6889145018147,-4.323415056471209e-05,0.0006560473848596857,-0.0006839162040507782,2.969185764331807e-10,0.59129484022297,0.017285385268879377,-0.5910421334646236,0.00038700432705207166,1.131333886034913e-05,-0.00038683892968632014
353997.3410834346,-1.4448485115358927,-93.79275712603481,-100.24196509533334,-1512.1057796312077,-4.3649652272109014e-05,0.0006584357301533109,-0.0006798330986599397,2.9732947106306084e-10,0.5904005260184002,0.017157428752339554,-0.590151170261834,0.0003878277008932585,1.1270528824109413e-05,-0.0003876639018017743
354813.3892335755,-1.4941632040630077,-93.80700710622999,-100.24125311545234,-1506.418528713536,-4.397809416672916e-05,0.0006608997179431413,-0.0006757184550669486,2.977655721080568e-10,0.5893727499037086,0.017109627493529272,-0.5891243493322035,0.00038859966749802164,1.1281138390071075e-05,-0.0003884358859531352
355631.31856898527,-1.5309783285558696,-93.82857769844362,-100.53489885235761,-1502.2940633661608,-4.434721352569195e-05,0.0006626808836234898,-0.0006723185323621981,2.9789634902732e-10,0.5882232991488815,0.016983525583410448,-0.587978068911037,0.0003888886542217326,1.1228219653368714e-05,-0.0003887265265785267
356451.1334262443,-1.5859993164143014,-93.80615690582523,-99.48872924472931,-1495.4446077528344,-4.4290980470037677e-05,0.0006657508686544301,-0.0006677139700924301,2.985724972235753e-10,0.5868550164650584,0.017302185587170064,-0.5865999017423299,0.00038976306337362905,1.149134397476175e-05,-0.0003895936274941484
357272.83815192885,-1.6388404143303916,-93.81934908320443,-99.43209946661162,-1489.4157609300098,-4.4623482854645986e-05,0.0006684251768576749,-0.0006634925898570101,2.990915796161087e-10,0.5856221911697745,0.017259695821729235,-0.5853677935201332,0.00039050438316990473,1.150910428633433e-05,-0.0003903347458188088
358096.43710263603,-1.6771222324452757,-93.78957892082443,-98.32248814947235,-1484.3988312570068,-4.442734995597126e-05,0.0006707306496376911,-0.000659736839120441,2.9941222451474725e-10,0.5842832990301551,0.017652317962817965,-0.5840165829803989,0.0003909335763939593,1.1810852379834325e-05,-0.0003907551214229103
358921.93464500515,-1.7429465949358158,-93.85423464347652,-99.55716141346805,-1477.7508402776607,-4.5384060832455234e-05,0.0006736465069734349,-0.0006552716013887802,3.0006747007301935e-10,0.5826181496560189,0.017073398755209544,-0.5823679312630022,0.0003915352625009436,1.1473788908483228e-05,-0.000391367108926857
359749.33515574236,-1.801785191502694,-93.84797056185614,-98.93028512698102,-1470.8436578195167,-4.552352738919498e-05,0.000676819959186686,-0.0006507087457326292,3.0078323048818714e-10,0.5814509855918838,0.017231326494671143,-0.5811956039346884,0.0003925803541709246,1.1634136712704643e-05,-0.00039240792721849887
360578.64302164235,-1.8571607540349155,-93.85307906318191,-98.63669045954441,-1464.528492172515,-4.578015921839919e-05,0.0006797303035936583,-0.0006464247213171352,3.0138546692028407e-10,0.5798800806753227,0.017261624342282664,-0.5796231053789046,0.0003931971494783439,1.1704526009666004e-05,-0.000393022903186041
361409.86263961333,-1.9336206039821229,-93.84426492883722,-97.81796676334386,-1455.7123743148138,-4.595268901849286e-05,0.0006838610559049998,-0.0006410556103812528,3.025133590152672e-10,0.5778755809578243,0.017419188754015165,-0.5776129836927967,0.00039420656636882556,1.1882763027067486e-05,-0.0003940274316734075
362242.99841669854,-2.002204322941724,-93.85556878950322,-97.59492763310615,-1448.1221486559227,-4.6328556497103655e-05,0.0006874272096489058,-0.0006362463847936784,3.033995523204228e-10,0.575731839460807,0.017369222455213874,-0.5754697742542397,0.00039478889014905064,1.1910364488904834e-05,-0.0003946091876817627
363078.0547701014,-2.045097561475827,-93.7941814611286,-95.6477751908932,-1442.261239235487,-4.578056415396828e-05,0.0006903195924612433,-0.0006322139342723853,3.039318402359689e-10,0.5743784814921906,0.01807166928391294,-0.5740941166486273,0.0003954810854242564,1.2443020785289039e-05,-0.00039528528958473124
363915.03612720704,-2.118281716617258,-93.79999024907426,-95.25696711132485,-1434.1661753345672,-4.6109040622410155e-05,0.0006942067172945544,-0.0006272195797370337,3.049443956224526e-10,0.5720956836225143,0.018069823529664405,-0.5718102418609855,0.0003961213286905507,1.2511617742771501e-05,-0.0003959236876786057
364753.94692560786,-2.1874942718760773,-93.70746726193342,-92.3401695522191,-1425.047180174173,-4.5280633385990785e-05,0.0006987970591359607,-0.000621798077239568,3.061899194537981e-10,0.5697363952202323,0.019042552226710665,-0.5694180724592764,0.00039704541562729853,1.3270625023939804e-05,-0.00039682357866201477
365594.79161312483,-2.27573584569035,-93.68509442654157,-91.13548362684257,-1415.0184085143565,-4.532789440916826e-05,0.0007037852047923588,-0.0006160021407509618,3.0765079511117126e-10,0.5670496174786777,0.019301432151977892,-0.5667210278431507,0.0003979749813621974,1.3546410868068277e-05,-0.00039774436582161015
366437.5746478333,-2.3611463930427683,-93.67086790910666,-90.17132114804117,-1405.4891815862984,-4.546000767360749e-05,0.0007085794925327367,-0.0006104465431161661,3.0902429517931667e-10,0.5647931979142821,0.019491946414473243,-0.5644567480642044,0.00039907637206643723,1.3772784956206139e-05,-0.00039883864047539266
367282.30049808463,-2.4598184688805675,-93.61321554372542,-88.02424790227033,-1393.974529436579,-4.511950881941583e-05,0.0007145240950514562,-0.0006040528950160704,3.1086032247555804e-10,0.5615737685436651,0.020072279344811567,-0.5612149330855674,0.0004000959408074046,1.4300592261347728e-05,-0.00039984028675401994
368128.9736425315,-2.559205014665287,-93.45749201505848,-83.43540721863182,-1380.9699580587824,-4.3591267346865345e-05,0.0007214950180801303,-0.000597041283960132,3.1306599736058206e-10,0.5575506712790502,0.021568880122107427,-0.5571333183843861,0.0004010286988010104,1.5513818520065205e-05,-0.0004007285099627402
368977.59857015027,-2.6849450055261057,-93.34140246112104,-79.75084832058532,-1365.9550652876258,-4.259754718378282e-05,0.000729601459668708,-0.0005891915973338049,3.157793443599785e-10,0.5532092791535921,0.022646302635687888,-0.552745557665161,0.0004023192887528335,1.6469435189538453e-05,-0.00040198204911055845
369828.17978026625,-2.813284905756756,-93.00631500213095,-70.76483516136318,-1347.4319401414089,-3.886938003982782e-05,0.0007401111588790148,-0.0005798650981134644,3.1938410152087806e-10,0.5471528261541502,0.025719493616163856,-0.5465480059579412,0.0004035065773007478,1.8967250725746788e-05,-0.0004030605430017568
370680.721782576,-2.943784691921346,-92.5329344497728,-58.68743289554033,-1326.663388627691,-3.327933074184508e-05,0.0007522985333473819,-0.0005696142899036141,3.2363790960694603e-10,0.5400645657954385,0.029965352787836564,-0.5392326147963568,0.0004046666783581503,2.2452833506349587e-05,-0.0004040433031754824
371535.22909717256,-3.0625441521520322,-91.70433670405504,-38.72882888861805,-1301.5878315248535,-2.2840366408877887e-05,0.0007676127535604725,-0.0005575625702004742,3.2911422354570804e-10,0.530371901830975,0.037203324285132025,-0.5290654656221107,0.00040526766132164123,2.8427795994424844e-05,-0.0004042693875722126
372391.7062545685,-3.061702350557826,-90.22807104899286,-5.087251854522665,-1278.0075435695062,-3.1146519478589006e-06,0.0007824555966141811,-0.0005462023306415203,3.3441574314750755e-10,0.5195853463982241,0.0499059897866386,-0.5171830665974848,0.00040451734514498786,3.885374873496034e-05,-0.00040264707714373114
373250.1577957206,-2.8358439612277646,-87.85355742616652,47.29992965151495,-1262.0036714778648,2.965716340002974e-05,0.0007912791704386339,-0.0005381220029537129,3.378776876067595e-10,0.5094575069373813,0.07001681068403504,-0.5046232234018644,0.0004013743455927021,5.5162503616316074e-05,-0.0003975656719269783
374110.5882720533,-2.250185366018752,-84.91625621345021,113.30640265797074,-1273.6545321771634,6.929910217683573e-05,0.0007789772995420937,-0.0005418408912820757,3.340169348181657e-10,0.5068163263017498,0.0954011643389416,-0.49775637258479777,0.00039435212998128734,7.423133472096785e-05,-0.0003873026095526879
374973.00224548357,-1.4396011542946399,-82.64490504797048,170.82505434327666,-1323.3999645346014,9.593848171669693e-05,0.000743245677804623,-0.0005617088291210644,3.2072219310910117e-10,0.5152768351680411,0.11708964508845457,-0.5017970026553092,0.0003841918561334066,8.730236837808707e-05,-0.00037414125513609024
375837.40428844414,-0.7987927241869666,-82.11650032587072,192.28152361511212,-1388.6356065918874,9.783919982072447e-05,0.0007065837322127326,-0.0005880421118832922,3.049522448259634e-10,0.529502959019501,0.12519151722250454,-0.5144904932318328,0.00037577925076511047,8.884629206064094e-05,-0.0003651251589423318
376703.79898390896,-0.4214475717226452,-82.84061427738979,181.80863713083514,-1447.4140848684456,8.54339039517601e-05,0.0006801560027980807,-0.0006115231832782373,2.9189545795116806e-10,0.5435408084972595,0.12194843622730984,-0.5296840467708729,0.00037068631498529984,8.316692277126281e-05,-0.00036123622060106283
377572.190925416,-0.24592922631326075,-83.81542230107905,161.08596388172774,-1486.5481529981553,7.204930227877707e-05,0.0006648919287962303,-0.000626612585301651,2.835575073627295e-10,0.5537054389443169,0.11515671178668214,-0.5415982319459671,0.00036840125380813073,7.661813307725443e-05,-0.0003603458692577992
378442.5847170933,-0.1739186822544185,-84.81349416374593,137.3388598380567,-1513.0479782940054,5.950103072250732e-05,0.0006555166858619311,-0.0006363159818832434,2.7795048235765947e-10,0.5614401238364634,0.10731000200423747,-0.5510894447577034,0.00036763338216714794,7.026704594535265e-05,-0.000360855713461447
379314.98497368186,-0.14189186064708012,-85.74612307409555,114.03684710405959,-1533.1474086103267,4.8248215632336886e-05,0.0006486642576086816,-0.0006432859186562151,2.7367568788622603e-10,0.567825013081887,0.09957432679803199,-0.5590261164956105,0.0003674245444312857,6.443191268071655e-05,-0.0003617310112208274
380189.39632056124,-0.12417915513027125,-86.60739386349499,91.88667829580876,-1550.0073897767525,3.811197487959586e-05,0.000642898881513427,-0.0006488643299876136,2.7007623016999753e-10,0.5737452134087755,0.09224281714703676,-0.5662815841913453,0.00036757735302819853,5.9096563719155006e-05,-0.00036279568163885957
381065.823393773,-0.16268006490210876,-87.49863182842934,68.14455632912451,-1559.9121651803564,2.79513555499085e-05,0.0006398406843386945,-0.0006515087857172861,2.6774414755894796e-10,0.5785037717474342,0.08424936588953987,-0.5723361409811701,0.00036855883209799224,5.367440873108353e-05,-0.0003646294976613996
381944.27084004664,-0.2233482624478495,-88.42672435386817,43.049185354662214,-1567.3773977721644,1.7510166833213782e-05,0.0006375275048643119,-0.0006531210953820558,2.6585605245395493e-10,0.5829922235554315,0.07568514463795714,-0.5780585537877956,0.0003698534869712122,4.8015073829895506e-05,-0.00036672353961789025
382824.7433168226,-0.3338652148131371,-89.35413200816532,17.678951070418677,-1568.2560380189993,7.187326438074461e-06,0.0006375699575629249,-0.0006519842430296408,2.6509599301872246e-10,0.5864014252178902,0.06684381295766637,-0.5825792102082371,0.0003719154306336002,4.2394585709106955e-05,-0.00036949125381520123
383707.24549227883,-0.462143449943419,-90.16401403174406,-4.4796413548512435,-1564.8895375939692,-1.829246836000865e-06,0.0006390175035406786,-0.0006490883563622525,2.650552706592609e-10,0.5886360836462353,0.05896394620872158,-0.5856754152411323,0.00037414898212049814,3.74786749720556e-05,-0.0003722671214922745
384591.78204535355,-0.6035070818032475,-90.85716355920016,-23.31042612372234,-1558.0333294837412,-9.600625326159607e-06,0.0006416911541063578,-0.0006447582019836789,2.6560936757530053e-10,0.5897306172412816,0.0521096700914101,-0.587423853103317,0.0003764444048290536,3.3263312383479974e-05,-0.000374971921583976
385478.35766577185,-0.7430703737102194,-91.43788935731104,-38.89975695920068,-1549.7186663957357,-1.6187046351703904e-05,0.0006448720980791442,-0.0006398423705346243,2.6642027207973064e-10,0.5905382227671837,0.04635579700105212,-0.5887160033780474,0.00037889616083644376,2.9742416052104895e-05,-0.0003777270037791576
386366.9770540691,-0.8765428915573983,-91.97339755995839,-53.115999826733656,-1541.5642440532763,-2.2324760630472058e-05,0.0006479225253642436,-0.0006350117481713903,2.672135662266066e-10,0.5908761755986076,0.04101473223885371,-0.5894509705051063,0.00038100291730851747,2.6446713001754992e-05,-0.00038008393069031976
387257.6449216173,-1.009712088856884,-92.44800983513696,-65.52258559774819,-1532.625759406761,-2.7843622763155343e-05,0.0006512846386129626,-0.0006298777279630656,2.68153834141477e-10,0.5910838010129079,0.036283636144877555,-0.5899691157746929,0.0003832275544828363,2.3524395565769905e-05,-0.00038250485137859423
388150.3659906482,-1.1496963699183882,-92.86486598962986,-76.17213647903435,-1522.1319946549515,-3.279482064028094e-05,0.0006553320946863773,-0.0006241262464595967,2.693815310163956e-10,0.5907627210290213,0.032113610190932666,-0.5898892341771614,0.00038552018737993853,2.0956713376717067e-05,-0.000384950166959191
389045.14499428065,-1.2865566460080147,-93.19548152683953,-84.35055075598919,-1510.8579309050779,-3.683741105882581e-05,0.0006598189834378245,-0.0006180786757194244,2.707674799609786e-10,0.5891686252662175,0.02877234932050808,-0.5884656497304352,0.00038722090793416695,1.8910129883871436e-05,-0.0003867588893989842
389941.98667654337,-1.422531539037434,-93.55332279356783,-93.16246510854954,-1500.2777121788995,-4.1231224353452387e-05,0.0006639829342349135,-0.0006123388146502335,2.7204983955889215e-10,0.5881559661888393,0.02519410102814594,-0.5876161143441444,0.00038912828817406846,1.666860147435669e-05,-0.0003887711182459031
390840.8957924021,-1.5364316317685065,-93.73904835763575,-97.35912877886263,-1489.7764550571014,-4.368009989373926e-05,0.0006683870859613001,-0.0006066542408351216,2.73337378801967e-10,0.5868367295746933,0.02337767349137151,-0.5863708993120759,0.000390901597570319,1.5572252817026983e-05,-0.0003905913003706435
391741.8771077831,-1.6412074051587,-93.91630544896788,-101.3404584005117,-1480.3072037304423,-4.603080076551233e-05,0.0006723842287881796,-0.0006014118544273459,2.7445318750852937e-10,0.585371256828683,0.021650338578132793,-0.5849707438501895,0.00039232852004576166,1.4510526770422551e-05,-0.00039206008755564807
392644.93539959996,-1.7518311074894055,-94.08598373361896,-105.0223018337733,-1470.1797313125314,-4.834261271369896e-05,0.0006767355897689543,-0.0005959235695572461,2.75708211235516e-10,0.5835625064772023,0.01999692861106834,-0.5832197885978138,0.000393718883826358,1.3491559730650318e-05,-0.0003934876583801676
393550.0754557774,-1.8386917906025002,-94.22377337312219,-107.99635034882358,-1462.3232548231438,-5.022963377941325e-05,0.0006801337389609873,-0.00059137575855829,2.765519627865516e-10,0.5822944175203294,0.01869449760511017,-0.5819942477676495,0.0003948949060196037,1.2678057100892526e-05,-0.00039469133974332166
394457.3020752785,-1.9373502812293288,-94.31165543300868,-109.51091737590251,-1452.496590158717,-5.161375556891143e-05,0.0006845783577156478,-0.0005860507865659073,2.7778258183273266e-10,0.5801237512182886,0.017875837422739647,-0.5798482742614783,0.00039602894021484856,1.2203170332387753e-05,-0.0003958408823271477
395366.6200681279,-2.0234621058634343,-94.4107967890688,-111.40671845773154,-1444.3014468051492,-5.3090810200705274e-05,0.0006882810574303809,-0.0005814039499192062,2.7871624692842893e-10,0.5786868299616557,0.016971060662656707,-0.5784379225734206,0.00039722685764612093,1.1649411648776437e-05,-0.0003970560006392662
396278.03425543953,-2.096242282788994,-94.49403768014966,-112.97386603046326,-1437.3813831894456,-5.4344971213102854e-05,0.0006914382293566631,-0.0005772874912753907,2.7941397003936576e-10,0.5774211922124626,0.01623578450671694,-0.577192890217398,0.00039821089676753265,1.1196794290441048e-05,-0.00039805345131278553
397191.5494694403,-2.170711492989716,-94.54033047894836,-113.53872986157837,-1429.7786379254594,-5.5192031942447496e-05,0.0006950261672930257,-0.0005729133413261154,2.8025368230611993e-10,0.5758255857585687,0.015866174200787623,-0.5756069576806981,0.0003991862112707201,1.0999090910887699e-05,-0.00039903464920706575
398107.17055349733,-2.2392650229307587,-94.59207352014057,-114.2891308693818,-1422.9427763976612,-5.6083792370064376e-05,0.0006982643635393064,-0.000568862842349032,2.809523676505789e-10,0.5742909221922254,0.015445709297059391,-0.5740831763574922,0.000399995569804663,1.0757988769403694e-05,-0.0003998508741280859
399024.90236214205,-2.2917066095461136,-94.63507502154596,-114.94146533628484,-1417.7307173201932,-5.6812505050138705e-05,0.0007007465347848125,-0.0005654756139253305,2.8133669580237806e-10,0.573163731217772,0.015125681535033438,-0.5729641145321225,0.0004006432899558374,1.0572899998652525e-05,-0.00040050375725110955
399944.74976109754,-2.3422123217459765,-94.6518686932664,-114.92254232090835,-1412.3575834375906,-5.7233449573285675e-05,0.0007033789446234386,-0.0005620368587203321,2.817574872096577e-10,0.5717627655804541,0.015061460668306423,-0.571564355525033,0.000401164313823914,1.0567530622692875e-05,-0.0004010251039303527
400866.7176273028,-2.4246447539675726,-94.74455823700464,-116.59477424808341,-1404.7908343307029,-5.867786526954568e-05,0.0007069796038487946,-0.0005577400054992526,2.826236277325281e-10,0.5703150112049319,0.014241248416531585,-0.5701371754667645,0.0004022397083951085,1.004426588412132e-05,-0.00040211428193068574
401790.81084894005,-2.475111252233691,-94.76181128289889,-116.57937837302185,-1399.4927739526586,-5.911221269632998e-05,0.0007096204807008189,-0.0005543586034865678,2.8304107904488587e-10,0.5690664667593729,0.01417901749520689,-0.5688897951737815,0.00040285769681900734,1.0037713808378037e-05,-0.00040273262617748805
402717.0343254591,-2.5269389270119484,-94.85416592738162,-118.48645846715152,-1395.1982233035992,-6.0433246791607375e-05,0.0007116117710235547,-0.0005513863951737986,2.8325932578034865e-10,0.5681757810189638,0.013381605494972871,-0.5680181782046121,0.00040339972789841155,9.500820337387406e-06,-0.0004032878313083959
403645.39296760503,-2.600259362600539,-94.88996242313443,-118.73710736131812,-1387.865315856946,-6.119622055488135e-05,0.0007152954443399277,-0.0005472269204919552,2.8410103062037586e-10,0.5664315505752424,0.013126971565181321,-0.5662794222860303,0.000404253769937523,9.368524295120996e-06,-0.00040414519824096825
404575.8916974427,-2.654844718998968,-94.92654489866794,-119.16864679448423,-1382.5156361770119,-6.188808731366604e-05,0.0007179845597457241,-0.0005438638384413617,2.8454442419668815e-10,0.5654711172445879,0.012884079936361183,-0.5653243183536649,0.00040509676076264973,9.230001123769893e-06,-0.00040499159578890855
405508.53544838395,-2.7023910056276126,-94.94281997856635,-119.14000474302937,-1377.609728480738,-6.23116232972175e-05,0.0007205060855656565,-0.0005406875041403448,2.8490097178156955e-10,0.5641526317127992,0.01283413470951059,-0.5640066283783687,0.00040557049227861767,9.226485953461188e-06,-0.00040546553017990425
406443.32916521275,-2.758431580211274,-94.97395868944349,-119.41326925567773,-1372.0822019977313,-6.295282546752601e-05,0.0007233404790594912,-0.0005372794904147288,2.8539082093851547e-10,0.5627031032929292,0.012635682125494763,-0.5625612162180365,0.0004061278477479351,9.119733579615264e-06,-0.0004060254415376046
407380.2778041128,-2.8035783805732564,-95.00719412894948,-119.8327665544983,-1367.7168347123977,-6.357144810053754e-05,0.0007255756691105686,-0.0005343383242994127,2.85643232478871e-10,0.5616893842365834,0.012427504255804165,-0.5615518867407038,0.0004066583515203711,8.997407706123e-06,-0.0004065588044992206
408319.3863326921,-2.851061510564412,-95.03114561066212,-119.99331430393123,-1362.9959252832828,-6.409364169263953e-05,0.000728035332388284,-0.0005312692617200326,2.859733574062167e-10,0.560546717071473,0.012308305758194795,-0.5604115698564482,0.0004072105393955701,8.941398948914077e-06,-0.00040711236136927543
409260.65973001096,-2.8991102876983064,-95.0311994583218,-119.54443220269552,-1357.8824957086827,-6.433568302307851e-05,0.000730776801703114,-0.000528058845119798,2.8639006084252356e-10,0.5589361512589812,0.012412680701868491,-0.5587983057794612,0.0004075582604035312,9.050927449232003e-06,-0.0004074577479143835
410204.1029866068,-2.9547660045512494,-95.10533006555416,-120.89080300636925,-1353.1332032207283,-6.550273496417825e-05,0.0007331734373302751,-0.0005250016671856169,2.867342558314233e-10,0.5583291568862553,0.011817419968725283,-0.5582040809727205,0.00040848633145038494,8.645893682418842e-06,-0.0004083948230624698
411149.7211045223,-3.0117848669871976,-95.15572054114425,-121.6202836838096,-1347.9223356195705,-6.639799395967271e-05,0.0007358915502224778,-0.0005217770841276821,2.8718070798499976e-10,0.5570238657269353,0.011440425736758362,-0.5569063688344214,0.00040906306977136803,8.4015353009379e-06,-0.0004089767832718163
412097.5190973302,-3.0594140980391544,-95.13648974494461,-120.68868470462147,-1342.632379899709,-6.641363668078753e-05,0.0007388356190371662,-0.0005185340122511273,2.876490969314394e-10,0.5554160888662829,0.0117341117038666,-0.555292123475599,0.0004094902947630842,8.651180541433868e-06,-0.0004093988990952432
413047.5019901614,-3.1098971985566504,-95.19013627109464,-121.5503590373696,-1338.1658747692109,-6.732367240656392e-05,0.0007411762638307626,-0.0005156203889873254,2.8794542397337447e-10,0.5543397692979568,0.01133282235150828,-0.5542239141022888,0.0004100146427605611,8.382265471963667e-06,-0.00040992895104350463
413999.67481973046,-3.152311168595932,-95.20131222519532,-121.42344033056841,-1333.8805303326583,-6.768379691500379e-05,0.0007435310569205197,-0.000512787069190142,2.882061195922189e-10,0.5534247818135167,0.0113466446157364,-0.5533084517530008,0.00041063403394512676,8.419063626015227e-06,-0.0004105477185440307
414954.04263436305,-3.196374504699,-95.23052668166369,-121.72817332923614,-1329.717902747747,-6.827279622672527e-05,0.0007457892197871454,-0.0005100111226692423,2.8844340635475766e-10,0.5522114518734594,0.011180722815553976,-0.5520982512356979,0.0004109855848244647,8.321297737526217e-06,-0.0004109013347964091
415910.6104940221,-3.261278136773378,-95.28342589426082,-122.42814711055487,-1323.8990365252175,-6.925854692986394e-05,0.0007489398942612804,-0.0005066114460684445,2.89044869774769e-10,0.5509647455719197,0.01078735635234051,-0.5508591324522611,0.0004118132637854793,8.062905045699495e-06,-0.0004117343242819
416869.3834703355,-3.2958738212231515,-95.25669344213716,-121.43373571356868,-1319.8615857299258,-6.91228744306552e-05,0.000751295561485893,-0.0005039048294151665,2.8926223843568575e-10,0.5495822153665166,0.01115707900530897,-0.5494689536591104,0.0004120423766872906,8.364880124749876e-06,-0.00041195746014195407
417830.3666466218,-3.3591458891000956,-95.29039128451608,-121.67105271432791,-1313.969911217643,-6.987285434428686e-05,0.0007545823445355487,-0.0005005016943183862,2.8989098590442777e-10,0.5481180468298233,0.010945415190871527,-0.5480087509765149,0.00041275294073648655,8.242298048282801e-06,-0.0004126706369606406
418793.5651179184,-3.3853681062386523,-95.24166320338261,-120.21996313069378,-1310.4370029842464,-6.942316999581204e-05,0.0007567353079960372,-0.0004980079542930593,2.9000399712522535e-10,0.5469984117624715,0.011528553474676555,-0.5468769102142162,0.0004130407183591977,8.705257467713772e-06,-0.0004129489720475193
419758.98399100755,-3.427375242674999,-95.23876963357924,-119.75379843062179,-1306.0806895691478,-6.961670267299208e-05,0.0007592663633575545,-0.0004952108370508499,2.90302063724389e-10,0.5457031211280091,0.011669178273538777,-0.5455783414756041,0.0004134269135445209,8.840617123936585e-06,-0.0004133323799701842
420726.62838444416,-3.4676467561361073,-95.25317598279749,-119.7246624450132,-1302.1619235317257,-7.001607380159778e-05,0.0007615161611460059,-0.0004925894698700926,2.905060221161426e-10,0.5448018593279349,0.011653407108804734,-0.5446772108597269,0.00041396457286544265,8.854774655458134e-06,-0.00041386985944070565
421696.5034285822,-3.501657114700664,-95.24348412975873,-119.16578173517749,-1298.4924626733937,-7.008584487440197e-05,0.0007636918919539374,-0.0004900716328491893,2.906569410477419e-10,0.5436262772930675,0.011860661692807624,-0.5434968758582958,0.0004142328928997664,9.037598824658205e-06,-0.0004141342914654543
422668.6142656029,-3.5374926475871646,-95.24586196276107,-118.88470052176594,-1294.8391735643986,-7.031510217680663e-05,0.0007658407548837059,-0.0004875688613403856,2.9080662873118785e-10,0.5426684926285092,0.011957780659922798,-0.5425367308979067,0.0004146559269740806,9.13700480393899e-06,-0.00041455524712388683
423642.9660495411,-3.5614028340632125,-95.24011231036235,-118.51175241830987,-1292.201421004962,-7.038227388604403e-05,0.0007674181882661554,-0.0004854565285034403,2.9073004623330306e-10,0.5416005567970997,0.012129153967301874,-0.5414647234557076,0.0004146761996478815,9.286680763123802e-06,-0.0004145721989169239
424619.56394631276,-3.626433631933615,-95.3264477944359,-119.99701917710088,-1287.0688612854087,-7.18138421788704e-05,0.0007702638008138718,-0.00048241623506336927,2.912180894367564e-10,0.5405569110808546,0.01143205727072331,-0.540436011183409,0.0004154573161142012,8.786367788475336e-06,-0.00041536439574655525
425598.4131337431,-3.6599327786685745,-95.3373679408987,-119.93885728740959,-1283.797744094207,-7.21427198738946e-05,0.0007721989613840393,-0.0004800834556650691,2.912886236241278e-10,0.5396541682963722,0.01145083125346133,-0.539532667985224,0.0004158004717395081,8.822800446496118e-06,-0.000415706856439822
426579.5188015926,-3.6976996441643006,-95.33237571914644,-119.4622646607959,-1279.9004854787652,-7.22954931252673e-05,0.0007745628882199015,-0.0004775252443013014,2.915036035454442e-10,0.5382591318440092,0.011608765852162127,-0.5381339327424504,0.0004159793117422687,8.971527176540368e-06,-0.0004158825549331111
427562.8861515862,-3.74102578389362,-95.34454520731286,-119.34848258538784,-1275.7529940255226,-7.269413255178309e-05,0.0007770501580082917,-0.00047488311483485826,2.9177866668803466e-10,0.537033120967972,0.011608927735898207,-0.5369076324782719,0.0004163602597214815,9.00036883850736e-06,-0.0004162629688503535
428548.5203974394,-3.778371008982695,-95.34159526411062,-118.9266151986033,-1271.9496659121542,-7.287172315384657e-05,0.0007793811651428106,-0.0004723784287162219,2.919780515397427e-10,0.5358523291725288,0.011751632018587898,-0.5357234527482663,0.0004166764071222087,9.138017212482702e-06,-0.0004165761933832717
429536.4267648873,-3.8265740460111615,-95.32281713673328,-118.03747664046215,-1266.9196798622697,-7.290681958388623e-05,0.0007825233744054033,-0.0004694282416723887,2.924630799536514e-10,0.5342506971236121,0.01203209886178927,-0.5341151897990223,0.00041708039858178136,9.393254170877289e-06,-0.0004169746103268386
430526.61049171054,-3.837563415345379,-95.23578524998535,-115.85798433129399,-1264.315724756663,-7.18758850578144e-05,0.0007843551934197737,-0.0004673859694619492,2.923913982900247e-10,0.5333583475834967,0.01296256319360603,-0.5332008054124167,0.0004172871251586768,1.0141606959476242e-05,-0.0004171638678402921
431519.07682776527,-3.8726714753681577,-95.29189014419613,-116.85734917642756,-1261.6254964968427,-7.279223793888343e-05,0.0007858859025811734,-0.0004653187886253828,2.923409638290541e-10,0.5326079600888186,0.01256366921481326,-0.5324597575083335,0.0004175380795187193,9.849290113476308e-06,-0.0004174218960864906
432513.8310350086,-3.902689020100556,-95.29785507905076,-116.71523919389828,-1258.6643753004766,-7.30447923617526e-05,0.0007877195692862429,-0.0004631589619767068,2.9235477489169895e-10,0.5316361457156468,0.012626203878370847,-0.5314861902317032,0.0004177397944102905,9.921198652196564e-06,-0.00041762196500095086
433510.8783875289,-3.9521436391916147,-95.34759013173822,-117.43562680589805,-1254.586947527799,-7.39621743392609e-05,0.0007901518564735237,-0.00046059677897892793,2.9263034999014865e-10,0.5305202048713211,0.012280125303703978,-0.5303780597830512,0.00041817094380178297,9.679540083679944e-06,-0.00041805890104606357
434510.22417157143,-3.977257880756061,-95.3852973583194,-118.07773164957246,-1252.5624866393896,-7.459793959631487e-05,0.0007913310953181193,-0.0004587959044236867,2.924291964560587e-10,0.5300170397224923,0.01206075261538679,-0.5298797982963159,0.000418410653877679,9.521104058660254e-06,-0.0004183023115592969
435511.8736855686,-4.0206274746717545,-95.3923866981869,-117.8440870200472,-1248.430792369478,-7.49421842159192e-05,0.0007939314800467103,-0.0004562308026926205,2.927221994639019e-10,0.5289770119800564,0.012112685828846757,-0.5288383137078482,0.0004189536339747431,9.593335117143138e-06,-0.00041884378393617494
436515.83224016585,-4.063717173388554,-95.43379485306305,-118.41376225945811,-1244.8493442296124,-7.572801988030035e-05,0.0007961065849866558,-0.00045387569454718367,2.9288918582590174e-10,0.5280732747288628,0.011851555954025463,-0.5279402656592255,0.0004193992271060148,9.412582770211329e-06,-0.00041929359043839024
437522.10515825206,-4.101683490678338,-95.47830718113902,-119.0962002486066,-1241.7891699308138,-7.652894526103127e-05,0.0007979500203449066,-0.00045171862711024675,2.9293567401814896e-10,0.5269611384366972,0.011558437239626036,-0.5268343610197399,0.00041950293408328304,9.20143437868157e-06,-0.00041940200918672065
438530.6977749856,-4.14855074027102,-95.48968419529345,-118.92797767147304,-1237.4495124516393,-7.695486055856285e-05,0.0008007178507822178,-0.00044910472113491434,2.932868848768203e-10,0.5258695381580026,0.011571252464589588,-0.5257422156141845,0.0004200807128321708,9.24347130033859e-06,-0.0004199790036798323
439541.6154378245,-4.181215697620373,-95.48658371370585,-118.546345576765,-1234.1799427908782,-7.711568444299021e-05,0.0008028474479839489,-0.0004468879206451985,2.93387527676262e-10,0.5248754250817287,0.01171897556101373,-0.5247445830749715,0.0004203861325437838,9.386026813319702e-06,-0.0004202813378390473
440554.8635065532,-4.21163706416256,-95.48457628505551,-118.2102841735287,-1231.134435557134,-7.72785102752498e-05,0.0008048389003849547,-0.00044475988636237984,2.9343685051290073e-10,0.5238599154784469,0.011855894896051423,-0.5237257381505126,0.00042059864130081036,9.518905984876033e-06,-0.00042049091249745084
441570.4473533125,-4.261660227732131,-95.52269359853459,-118.63247034988652,-1226.9513478531906,-7.807421934569658e-05,0.0008074793382980387,-0.00044222925948632087,2.9376008798474775e-10,0.5224525865347773,0.011617738271769613,-0.5223233991832337,0.00042085830690392895,9.358594033459662e-06,-0.00042075424086722945
442588.3723626264,-4.300240278763625,-95.53781173607776,-118.62044264006553,-1223.456870131661,-7.850888011743449e-05,0.0008097443122638908,-0.00043995554492708947,2.9392157599361436e-10,0.5214110705371944,0.011598246554307533,-0.5212820591154165,0.0004211946171056132,9.369035857840658e-06,-0.00042109040198731507
443608.64393143257,-4.339740324920923,-95.56854587392037,-118.95801342120825,-1220.1243472090089,-7.915471446813526e-05,0.0008118712774479693,-0.0004377480549614832,2.940465161164271e-10,0.5204892063806331,0.011439893395393278,-0.5203634718135425,0.00042156263510326284,9.265574666952108e-06,-0.00042146079822600094
444631.26746910857,-4.3886310582684915,-95.5763193256873,-118.68714432027267,-1215.6383713383489,-7.955631408536368e-05,0.0008148456906456595,-0.00043513551557442193,2.9445282926391864e-10,0.5192280464423381,0.011483001125126036,-0.5191010546102629,0.0004220737121146367,9.334381962428782e-06,-0.0004219704821093636
445656.2483975033,-4.417970644868474,-95.58004027102177,-118.49141746145106,-1212.8192394751145,-7.979377342198565e-05,0.000816729394160436,-0.0004331279494756413,2.944584718487281e-10,0.5181709290811366,0.011567261549486625,-0.5180418035304237,0.0004221769728999899,9.42436403054184e-06,-0.0004220717685531913
446683.592150963,-4.464405362886683,-95.62740487242704,-119.14346238080618,-1209.1635780665556,-8.070564552067602e-05,0.0008190657309928295,-0.00043082925775105686,2.9466942427855313e-10,0.5171366971453322,0.011258094126513912,-0.5170141379604832,0.00042255997108841793,9.199153637463623e-06,-0.0004224598261830336
447713.3041763626,-4.511884507630047,-95.62683879380509,-118.69377529072722,-1204.7217617572649,-8.099516440445696e-05,0.0008220872317537594,-0.0004282593830593795,2.9507565257035393e-10,0.515836488312196,0.011376161031499223,-0.5157110291960447,0.00042303803834362063,9.329601444816576e-06,-0.00042293514919252047
448745.38993313204,-4.546229049229694,-95.64115756333513,-118.69466174592453,-1201.6530539388752,-8.140596758355882e-05,0.0008241459903649906,-0.0004261860460434861,2.951488103854438e-10,0.5147027129251902,0.011363841008972088,-0.5145772496040547,0.0004231616925214255,9.342756651838244e-06,-0.00042305854313054827
449779.854893288,-4.575772048843274,-95.63872164136534,-118.35725735524458,-1198.7582020889106,-8.156777219016081e-05,0.000826143137514518,-0.0004241814998132111,2.951810953248663e-10,0.5136497459648057,0.011503733429954385,-0.5135209106228119,0.0004233034423734913,9.480331683801427e-06,-0.0004231972679926145
450816.70454146,-4.620861434745296,-95.67630354742273,-118.79030710443104,-1195.1265931528646,-8.235379861989277e-05,0.0008285458399502547,-0.0004219238173845485,2.953970959918169e-10,0.512468330400108,0.011282513522332175,-0.5123441173193,0.00042357142918134674,9.325357478541085e-06,-0.0004234687631061187
451855.9443749224,-4.642785641233921,-95.63866237864424,-117.72607229092198,-1192.3779814332695,-8.200337737103017e-05,0.0008305638647210648,-0.00041998528987278116,2.9539707043304865e-10,0.5115743875778346,0.011740199489038263,-0.511439656011923,0.00042382056125976386,9.726323400013346e-06,-0.00042370894111366076
452897.57990362064,-4.689771831366779,-95.63620001628368,-117.24342645555343,-1188.0117050117808,-8.226928594879005e-05,0.000833623492803458,-0.00041748497605991283,2.958008461934926e-10,0.5101422291454626,0.01187053540507383,-0.5100041022841861,0.00042417482061862983,9.870153730516881e-06,-0.0004240599704194948
453941.61665020324,-4.722869930641263,-95.64027608973112,-117.02545155085897,-1184.9404921329442,-8.254139583238334e-05,0.0008357723973956037,-0.00041544799964446437,2.95885437446564e-10,0.5090225321215522,0.011949567654037147,-0.5088822516460151,0.0004243234054565051,9.961211774969395e-06,-0.00042420646703955357
454988.0601500485,-4.7521205927801216,-95.63688065236012,-116.67346902856316,-1182.0927273044617,-8.269108045426703e-05,0.00083779564996055,-0.00041349634687433434,2.95916094310708e-10,0.5078893318546138,0.012094343988698658,-0.5077453104216809,0.0004243867179873424,1.0105900300821882e-05,-0.0004242663752681538
456036.9159512962,-4.794378880120202,-95.6977569406312,-117.64353630423902,-1179.1033103440425,-8.378425589002157e-05,0.0008397426376163523,-0.00041150203786860355,2.959840258573244e-10,0.5070851499494647,0.011677949543157776,-0.5069506630765351,0.0004247296586404537,9.781338545568029e-06,-0.00042461701372541974
457088.18961487495,-4.827302710091118,-95.6725010100131,-116.77419536165345,-1175.6356040931353,-8.366380303674549e-05,0.0008422934991691872,-0.00040934817813581927,2.961743209767058e-10,0.505768436647714,0.01201183729340986,-0.5056257778969634,0.0004248803497455503,1.00907713105582e-05,-0.00042476050656135535
458141.8867145335,-4.868868738122954,-95.68659679162673,-116.70749682986174,-1172.0324982336474,-8.412680073294748e-05,0.0008448415663920935,-0.0004071550123825661,2.9640155492949234e-10,0.5047396982392416,0.012004621652282764,-0.5045969203608225,0.00042529454218064754,1.0115114954242277e-05,-0.0004251742372934995
459198.0128368685,-4.906672987548132,-95.6940665235913,-116.52538281106334,-1168.6583621356117,-8.447905364078599e-05,0.0008472587695565496,-0.0004050491289596176,2.965736489970989e-10,0.5033397841161551,0.012047003179471232,-0.5031955961537138,0.00042531916221566084,1.0179646952603472e-05,-0.0004251973242339984
460256.5735813561,-4.9319225269932545,-95.67064220693415,-115.76745666909866,-1165.884715694943,-8.433624334020783e-05,0.0008493435022117367,-0.0004031584256022361,2.965954762273697e-10,0.5024626883013203,0.012372719513264262,-0.502310331316046,0.0004255905473134576,1.0479807937994104e-05,-0.0004254614995368572
461317.5745603793,-4.95980633865605,-95.6621016821704,-115.31748378873938,-1163.1163043726363,-8.441132047078847e-05,0.0008513902652702948,-0.00040127608276812737,2.966176487644833e-10,0.501327035603957,0.012560800582063924,-0.501169654823782,0.00042563069160253964,1.066422087606889e-05,-0.00042549707405241063
462381.0213992603,-4.985309542838396,-95.62945805170182,-114.36021226687778,-1160.1932761382361,-8.414242218268124e-05,0.0008536314380609602,-0.0003993470456044889,2.96681036381519e-10,0.500168556617799,0.01295797458748992,-0.5000006759232656,0.0004257259806514562,1.1029374728830128e-05,-0.0004255830864763485
463446.9197362879,-5.034971765498799,-95.69719352365621,-115.40281850945131,-1156.760459479339,-8.539421711354064e-05,0.0008559639625876878,-0.0003972496897900378,2.9687709830617856e-10,0.4992534120392847,0.01248561978568448,-0.4990972637987861,0.0004261430719111056,1.065723386536815e-05,-0.0004260097899158804
464515.27522274945,-5.067042433946005,-95.66829561793936,-114.47641319702761,-1153.3631275066657,-8.521703047782403e-05,0.0008585714562839394,-0.00039517202708692293,2.9706676614503536e-10,0.4979634714511378,0.012845767365667964,-0.4977977552786425,0.0004263002655353491,1.0997099893755797e-05,-0.0004261583980041176
465586.09352295886,-5.087859295515295,-95.6578503664391,-114.04721639584058,-1151.1741121844698,-8.522379548580987e-05,0.0008602351745688558,-0.00039351486838287144,2.9694711969557043e-10,0.4970855745521722,0.0130551078775075,-0.4969141098682647,0.0004263503902044564,1.1197368466689238e-05,-0.00042620332491302015
466659.38031428866,-5.123285990305262,-95.70132347091386,-114.67089367250337,-1148.5857421643516,-8.606350372081471e-05,0.0008620436287586001,-0.0003917270414819785,2.9693179982432615e-10,0.49627416320221907,0.012798859437071642,-0.49610909511837503,0.0004265661699292048,1.1001097486731898e-05,-0.0004264242877489023
467735.1412871981,-5.145228064616908,-95.67108407741131,-113.80369751442537,-1146.0179692344911,-8.580484880681744e-05,0.0008640659374674274,-0.0003899523652934414,2.9691265217651576e-10,0.49524405959896023,0.01317508464119619,-0.49506877876993594,0.0004266415822930443,1.1350038126083823e-05,-0.0004264905818140055
468813.38214526523,-5.166027646798369,-95.64057114520905,-112.9429095505252,-1143.5425286101358,-8.5533935074497e-05,0.000866027737255248,-0.000388215125667454,2.9687102426956576e-10,0.49432458581460087,0.013555333067401386,-0.49413869418029643,0.0004267783742327249,1.170308573496363e-05,-0.00042661788347068605
469894.1086052153,-5.222053217434231,-95.73290126662768,-114.44995662699891,-1140.0163478108918,-8.718428601492418e-05,0.0008684276889082496,-0.0003861279246471895,2.971043787270355e-10,0.4932858290060864,0.0128737916114709,-0.49311781004924815,0.00042711476781061465,1.1146856835629447e-05,-0.0004269692874957182
470977.32639695297,-5.250472181386955,-95.74493178224101,-114.44486942855264,-1137.5624374544825,-8.755324638442081e-05,0.0008702643015927653,-0.0003844106177713383,2.9706048687402115e-10,0.492245137070172,0.01288489936162225,-0.49207647204237803,0.00042710847250374527,1.1179896499256728e-05,-0.0004269621261877316
472063.04126359045,-5.279863978017296,-95.7387437823903,-114.03960144704286,-1134.7646419378445,-8.767584196475953e-05,0.0008724289119858134,-0.00038258322771230754,2.97107993559624e-10,0.49124811595299933,0.013053456280096465,-0.4910746569580995,0.00042728325590385364,1.1353780541912262e-05,-0.00042713238280795823
473151.2589614805,-5.3097337298784595,-95.76095237425054,-114.24076930074358,-1132.3546249177934,-8.819788008107319e-05,0.0008742174797058033,-0.00038089264791179114,2.9705555173138977e-10,0.4904056052761652,0.012982738269513107,-0.4902337260871668,0.0004274258424936895,1.1315445384431875e-05,-0.00042727603668728275
474241.9852602446,-5.3615258921864495,-95.79481618266426,-114.51110345891819,-1128.3562032882471,-8.902360077182165e-05,0.0008772104113552511,-0.0003786747544572209,2.974225623314716e-10,0.48922090548136604,0.012803992465328503,-0.48905332238617444,0.0004278628085915094,1.1198115444411734e-05,-0.0004277162437718589
475335.22594280535,-5.379317653568587,-95.79764152720522,-114.39358343646362,-1126.6451197203655,-8.920168037299865e-05,0.0008785338726530383,-0.0003772309101607209,2.9718917873810527e-10,0.4883236770691627,0.012898157858805246,-0.48815330697455817,0.0004277086778700244,1.1297125869174508e-05,-0.0004275594555993591
476430.9868054156,-5.409340966618838,-95.81539472910025,-114.49476692441617,-1124.1755557304082,-8.96676202754531e-05,0.0008804083327295241,-0.00037553832885065224,2.971570196741785e-10,0.4875263205394211,0.01286789221158345,-0.4873564717624435,0.0004279188654767425,1.1294598064295806e-05,-0.0004277697832777211
477529.2736576909,-5.456258243684471,-95.90250105910701,-115.93370263630301,-1121.3885052192943,-9.121794480373396e-05,0.0008823211235953781,-0.0003737457231994094,2.9721042010663507e-10,0.48671338528691194,0.012248619634805837,-0.48655923661409184,0.0004281841984352852,1.0775675251208396e-05,-0.0004280485867428465
478630.09232263826,-5.483112263098009,-95.92611735864904,-116.1812451464739,-1119.2725836509658,-9.175082621315997e-05,0.0008839136142691882,-0.0003721825418264922,2.97087422371712e-10,0.4860687776646795,0.012174127057423283,-0.4859162965478986,0.00042839104369800905,1.0729524783094711e-05,-0.0004282566562455258
479733.44863668917,-5.5256045392178335,-95.98210700123113,-116.98567196149467,-1116.3979584781625,-9.284355721633796e-05,0.0008860089957707491,-0.0003703728686303476,2.9716735448635545e-10,0.4851070148068553,0.01181818676531491,-0.4849630359897532,0.00042858437000407607,1.0441180965852779e-05,-0.0004284571669978565
480839.34844972845,-5.566392511573612,-96.03440311529843,-117.72174122234325,-1113.614917903376,-9.387724162141893e-05,0.0008880525860026087,-0.0003685998649166866,2.9722483289606137e-10,0.4842192834697412,0.011496831836836245,-0.4840827794310236,0.0004288116732528232,1.0181287415349607e-05,-0.0004286907889195335
481947.7976251274,-5.608507942049447,-96.07111952818038,-118.11289489438033,-1110.5075351494522,-9.470414715441739e-05,0.0008904164877080403,-0.00036672594922263244,2.973710059037985e-10,0.4829231953268118,0.011298724080667498,-0.4827910017997508,0.00042881503209158756,1.003278114642349e-05,-0.0004286976499237863
483058.80203977256,-5.672112834892694,-96.15552619222618,-119.32798286606508,-1106.4310178420278,-9.635433725679518e-05,0.000893415147762863,-0.0003645393996262532,2.977801808210504e-10,0.48172944860382433,0.01070332221912504,-0.48161052786003156,0.00042924682939335075,9.537235350362078e-06,-0.00042914086461920187
484172.3675840994,-5.710714690738592,-96.19889192570764,-119.88127409250478,-1103.7246888677944,-9.726046376302329e-05,0.0008954590774798241,-0.000362811370096129,2.9782378203241285e-10,0.4806997355043327,0.01045873114584646,-0.48058594513026937,0.0004293278260345023,9.341016801714318e-06,-0.0004292261963261585
485288.50016212097,-5.7526240033565,-96.191318044776,-119.33157365344012,-1100.0182404967288,-9.747080623146722e-05,0.000898502060166582,-0.00036076136238096874,2.9813999850752424e-10,0.47921815095192627,0.01063173494475329,-0.47910020080756355,0.0004294362336751146,9.527293995516807e-06,-0.00042933053637284014
486407.2056914617,-5.797270224576208,-96.21341126559378,-119.38303765967432,-1096.5489053801386,-9.812262972173323e-05,0.0009012692617280548,-0.0003587964499521797,2.9839540142861863e-10,0.47805420041129404,0.01056349682296501,-0.4779374761051417,0.00042971383815412447,9.495326597318512e-06,-0.00042960891689297994
487528.4901033863,-5.85920887067897,-96.3135896598812,-120.92088055149716,-1092.9109560211834,-0.00010001096608870514,0.0009039223007812903,-0.00035678362299026636,2.987000890097248e-10,0.4770670125031125,0.009849651007792762,-0.4769653224225736,0.0004301545185241767,8.881083319213198e-06,-0.00043006282816100656
488652.35934283363,-5.89286024171118,-96.28197559320805,-119.93764243012673,-1089.5238790370227,-9.982763316160403e-05,0.0009068428219329042,-0.00035485986642651307,2.989395514548079e-10,0.4755274150619621,0.010221947020340398,-0.4754175367764897,0.0004301085478694383,9.245622124108369e-06,-0.0004300091643464068
489778.81936844613,-5.941952842205693,-96.32998285053223,-120.48589095213511,-1086.1362250316847,-0.00010089181730442685,0.0009095028199372309,-0.0003529428841121922,2.991822562431916e-10,0.47441537300637254,0.00994236927075564,-0.4743111799631752,0.00043038425200022496,9.019604770789562e-06,-0.00043028972925178205
490907.8761526032,-5.978294593385389,-96.36919706047745,-120.95603187181099,-1083.6059887553854,-0.0001017435611563094,0.000911487674323835,-0.00035131082195305664,2.9919114449102244e-10,0.4733394000993803,0.009737665533233821,-0.4732392265613704,0.0004303609772485337,8.85350185114953e-06,-0.00043026989929959616
492039.53568145086,-6.029814465210032,-96.38134968685806,-120.73301840836116,-1079.5311876334147,-0.00010231923484028651,0.0009148848141216293,-0.0003491847956806358,2.996297542149461e-10,0.4718935880925611,0.009749472201118903,-0.4717928637386023,0.0004306385679096871,8.89713031180585e-06,-0.00043054664932330034
493173.8039549359,-6.077216921239737,-96.43297321410228,-121.36111712302862,-1076.3664652208763,-0.00010343630049147021,0.0009173890927739489,-0.0003473603872396811,2.9981956727684393e-10,0.47081864621818126,0.009444755450767027,-0.4707239044505772,0.0004308600450880521,8.64317458972797e-06,-0.000430773344099063
494310.6869868354,-6.108418085600203,-96.41554456325004,-120.69807963829004,-1073.4185687803847,-0.00010344407806390123,0.0009199715070606102,-0.00034561233597722263,2.999514929410795e-10,0.46956130653327827,0.009703885682783997,-0.46946102628002545,0.0004308869583449626,8.904647226689017e-06,-0.00043079493744650917
495450.1908047903,-6.155952422430167,-96.4786517035322,-121.55676409544289,-1070.4359122677329,-0.00010473531978143756,0.0009223052983614171,-0.00034385932201127514,3.000954845300342e-10,0.46846244127322434,0.00930683632098752,-0.46836998375361705,0.00043100536313117984,8.562685104973326e-06,-0.0004309202982822151
496592.321450336,-6.2022654180083014,-96.45709303118433,-120.68189853403096,-1066.3103747034925,-0.00010479662347831301,0.0009259526756393355,-0.0003417462567858179,3.0056367826181705e-10,0.46696925533240835,0.009594235931855618,-0.466870684518302,0.0004312947159767769,8.861275585045305e-06,-0.0004312036755693237
497737.08497893607,-6.25048844639906,-96.51831789682086,-121.48934569759396,-1063.2758689089899,-0.00010607502811073404,0.0009283696198737529,-0.00033998995757842195,3.0072821325774615e-10,0.4658596358873271,0.009215104647640828,-0.4657684856185592,0.00043142781945833324,8.534013676972839e-06,-0.00043134340613151074
498884.4874600122,-6.296055173950064,-96.51664510193304,-121.02949990017915,-1059.5255596137993,-0.00010642364705716575,0.0009316619030681303,-0.0003380115725852452,3.010985705346106e-10,0.4644551673888873,0.009342139928643892,-0.4643612030906468,0.00043163341757991396,8.681956985385488e-06,-0.0004315460934762592
500034.5349769786,-6.31717051035513,-96.47416262070578,-119.94665729893077,-1056.9958886807558,-0.000105994822779357,0.0009340493051007632,-0.00033642900388689776,3.011250142612269e-10,0.46315871754425925,0.009800579323584732,-0.46305501431489227,0.00043147740367571074,9.130193086895958e-06,-0.0004313807940288119
501187.23362727225,-6.3714185724150845,-96.49734157344757,-119.9234945268476,-1052.989378773878,-0.00010677250867212309,0.000937517023001838,-0.0003343829479498685,3.0157555868421375e-10,0.46173110116708166,0.009724671865575145,-0.4616286825383283,0.0004317464205744934,9.093154562495565e-06,-0.0004316506529810767
502342.5895223872,-6.414838071688016,-96.56816951216138,-120.95540063034329,-1050.4980935498334,-0.00010817201547434341,0.0009394743470655256,-0.0003328245858190713,3.0159550400557614e-10,0.4608583297454211,0.00927780716244682,-0.4607649318144728,0.00043187323436714916,8.6942913439234e-06,-0.00043178571057964565
503500.6087879047,-6.4641857877485185,-96.55759685208365,-120.28612767824389,-1046.3846127667582,-0.00010842551381311947,0.0009432075957159467,-0.00033075885230415033,3.020847398656978e-10,0.4594185467681148,0.009474552606686145,-0.4593208399010757,0.00043220762183079334,8.913383838884164e-06,-0.0004321157020488503
504661.2975635284,-6.486800184501346,-96.54657302471178,-119.83475569955255,-1044.2288838083027,-0.0001084698950693435,0.0009451965483122958,-0.0003293182761979142,3.020121602812874e-10,0.45843941263460564,0.009683528795544433,-0.45833712955293954,0.0004321683014644501,9.12860909515228e-06,-0.000432071879768466
505824.66200311406,-6.527588844141472,-96.5673547615442,-119.8721980568064,-1041.2207721380419,-0.00010912253294937807,0.0009478482071494719,-0.00032761437941653616,3.021880651884396e-10,0.45729668737402407,0.009634505779989581,-0.45719518433775225,0.00043230029411748286,9.107871973189084e-06,-0.00043220433936065725
506990.7082747045,-6.565194329149717,-96.57762994429338,-119.7244264793981,-1038.2983588145917,-0.00010959786636631312,0.0009504767583689822,-0.00032594348084187476,3.023416397170446e-10,0.4561097983326969,0.009668611271584167,-0.45600730925191585,0.0004323646899242321,9.1652626839364e-06,-0.000432267536432256
508159.4425605604,-6.6200788928806915,-96.59868603289164,-119.64790660237864,-1034.2943867812423,-0.00011036810144023593,0.0009540752616650408,-0.0003239397922804858,3.028140096789067e-10,0.45460175841945566,0.009610351755994286,-0.4545001649033663,0.00043256668747950145,9.144526935083992e-06,-0.0004324700183181745
509330.87105719553,-6.658928086680309,-96.59909350933366,-119.29242344402364,-1031.1571766387406,-0.00011071060198429661,0.0009569763818208513,-0.0003222144407349481,3.030367243792201e-10,0.453377207667888,0.009721908825736475,-0.45327296072180984,0.0004326951995502487,9.278418077079078e-06,-0.00043259570810609815
510504.9999754062,-6.701517873739656,-96.63160414253132,-119.5454293852961,-1028.233111132656,-0.00011156262795913474,0.000959571508692624,-0.00032056176197178127,3.0319954605846857e-10,0.4522711064034048,0.009582258147827087,-0.4521695854611943,0.00043282002940516205,9.170148600231587e-06,-0.0004327228746310218
511681.83554030786,-6.733081207041309,-96.57452566985924,-118.11031322740004,-1024.7880351953906,-0.00011099127062267413,0.0009630194268155012,-0.0003187529243647137,3.0351914169926245e-10,0.4507937248382245,0.010140419886241057,-0.45067965811433247,0.000432887767946849,9.737632732518718e-06,-0.00043277823206207077
512861.38399136486,-6.775232161448471,-96.64546230671363,-119.12709719042344,-1022.4790024891504,-0.00011242068869344797,0.0009649172719341689,-0.00031730325685148215,3.0350491849423e-10,0.44996619481426164,0.009705385814337266,-0.4498615142038947,0.0004329880588765131,9.339181949284398e-06,-0.000432887328077606
514043.65158242616,-6.8130777476349005,-96.65942310427924,-119.04892647005043,-1019.6465871222052,-0.0001129655283543742,0.0009675426638809031,-0.0003156965250863685,3.0364802569264353e-10,0.4488819120725345,0.009713161389665197,-0.44877681032080174,0.0004331134581373883,9.371954640588558e-06,-0.0004330120484304588
515228.64458175644,-6.855507909176252,-96.66015890944496,-118.67176324919663,-1016.3028977517672,-0.00011334948711972958,0.0009707230183860745,-0.00031393757229300246,3.039463747269482e-10,0.44749690112931007,0.009817835350104893,-0.4473891892182619,0.00043317813754968935,9.503689569682666e-06,-0.00043307387214605857
516416.369272071,-6.899413419238741,-96.67805276572457,-118.6205838420674,-1013.117878013664,-0.00011400578059765672,0.0009737036421450165,-0.0003122339410889136,3.042006603200638e-10,0.4464906668324375,0.009796734258530554,-0.4463831757205265,0.00043352803965488373,9.512313052927707e-06,-0.0004334236692514491
517606.83195056766,-6.9165419511400845,-96.6396034589719,-117.68461952823255,-1010.9974425078493,-0.00011359897574434552,0.0009758987572840172,-0.0003108638265496372,3.041375720866733e-10,0.4452077915666502,0.010207564000297653,-0.4450907585075584,0.0004332039492908484,9.932344225170734e-06,-0.0004330900717164741
518800.0389289612,-6.958184587268365,-96.62580972152183,-117.03392013810377,-1007.5193694719538,-0.00011375855887475198,0.00097932250217954,-0.00030908187332315886,3.044855783049573e-10,0.44384494380921086,0.010423309507249744,-0.4437225357855037,0.0004333617233506597,1.0177120262567978e-05,-0.00043324220649495235
519995.9965335159,-7.002390585410188,-96.66535372053613,-117.4042053570146,-1004.6568268924791,-0.00011475126094241583,0.000981954925292038,-0.00030749486760837144,3.0465084841149175e-10,0.4427716383210313,0.010232735678675768,-0.4426533799961551,0.000433491447362374,1.0018264531680746e-05,-0.00043337566765117204
521194.71110508055,-7.053620372547828,-96.74919586948941,-118.5764448897319,-1001.9678007013079,-0.0001164798258545113,0.0009842514257030353,-0.0003059665129034225,3.047658956903043e-10,0.44191757660042036,0.009706674512742307,-0.4418109606814798,0.00043372243618510344,9.526669089084701e-06,-0.0004336177974050514
522396.1889991198,-7.092062340685415,-96.69850537282665,-117.23521761791118,-998.2005627472419,-0.00011605741363060942,0.0009881721376134027,-0.000304115070331424,3.05212503558966e-10,0.4401866032259734,0.010197934997813268,-0.44006845806238026,0.00043367984293951704,1.0047190931634654e-05,-0.00043356344417677493
523600.43658575026,-7.154006957230871,-96.75075384571862,-117.70025114717951,-994.3323185856178,-0.00011740086615306998,0.000991803112637107,-0.00030223982357778116,3.056951695116883e-10,0.43889746530477575,0.009907778265412394,-0.4387856207543728,0.00043402576269457996,9.797803264296058e-06,-0.0004339151596035865
524807.4602497725,-7.18086095560588,-96.75053438190106,-117.43526861241938,-992.1262987766369,-0.000117658156100795,0.000994009315194946,-0.00030087568600228724,3.0567024833957975e-10,0.4377734775264613,0.010023871208564468,-0.43765870222309666,0.00043385743668249746,9.934204083709926e-06,-0.0004337436880854066
526017.2663907063,-7.199488052439222,-96.66905666278679,-115.67369961275816,-989.2938639424618,-0.00011659682536005117,0.0009971888533869212,-0.00029932669263365,3.0584037411155774e-10,0.43645223832714164,0.010753774783172104,-0.43631973673979596,0.00043383932198928543,1.0689394969398496e-05,-0.0004337076136515372
527229.8614228227,-7.270005451511392,-96.76927128129245,-116.9874068069705,-985.5814512335736,-0.00011876208643528883,0.0010005325589749277,-0.00029751759386350434,3.0628632729907226e-10,0.43524849213088246,0.010102647023407943,-0.43513122897044204,0.00043416315057268247,1.007745492542123e-05,-0.0004340461798212534
528445.2517751806,-7.330516025744911,-96.77120712169847,-116.49279277680485,-981.1312784195504,-0.0001193342417599288,0.001005062668567589,-0.00029549303784637775,3.069679334053029e-10,0.43360433103135376,0.010189216070865434,-0.43348459691782476,0.0004344632633872296,1.0209400019082603e-05,-0.0004343432920908663
529663.4438916577,-7.380471080630072,-96.81678754082037,-116.91696718580086,-978.0576474538922,-0.00012049986945980741,0.0010080300719318821,-0.0002938898483863612,3.072243814110934e-10,0.43245268891119776,0.009957534376796046,-0.4323380340146586,0.0004346098579341394,1.0007204745956154e-05,-0.0004344946311137864
530884.4442309885,-7.422781376405228,-96.78409675025067,-115.91134510935643,-974.3619588643098,-0.00012038776342931405,0.0010119911634845736,-0.00029210598238302077,3.0768038603670363e-10,0.43078555908100447,0.010303954855069412,-0.4306623113613244,0.0004345859834640239,1.0394857162371163e-05,-0.00043446164844318166
532108.2592667942,-7.465224923133258,-96.77213506327242,-115.30245360186825,-970.9716342969787,-0.00012059909715737058,0.0010155751140037742,-0.000290420102505678,3.0804459210235116e-10,0.42932445732258134,0.010497528778411702,-0.42919609917248247,0.00043461488485400907,1.0626886457234865e-05,-0.0004344849449876124
533334.8954876211,-7.518372676326802,-96.77801626003343,-114.94768010118004,-967.1362724398016,-0.00012118053568261653,0.0010195777023875837,-0.000288607626661168,3.0855490868548804e-10,0.4278505745786581,0.0105563323049031,-0.427720326867401,0.0004348148861283793,1.0728162358108308e-05,-0.00043468251831797137
534564.3593969716,-7.5469481409361325,-96.72512803957487,-113.68335719897055,-964.0911553624671,-0.00012063230109923179,0.0010230216401618066,-0.00028703722997957566,3.088175925449785e-10,0.4263099775632055,0.011050260199445995,-0.4261667381664896,0.0004346447771458849,1.1266304179052796e-05,-0.00043449873727128483
535796.6575133418,-7.597432925723102,-96.69443667150234,-112.66994065721097,-959.9178617125385,-0.0001206139600060964,0.0010275987890504292,-0.00028513741269457006,3.094468447047348e-10,0.4246581407694663,0.011373153077866127,-0.42450581610956434,0.0004348499015485755,1.1646107825098273e-05,-0.0004346939211092467
537031.7963702526,-7.642084640794219,-96.70230271681689,-112.42676966250865,-956.711646948125,-0.00012115776743752986,0.0010310093189875849,-0.00028353141984241854,3.0976979658720344e-10,0.42347219882341486,0.01142150518448804,-0.4233181456016958,0.0004350611489429628,1.173407175731372e-05,-0.00043490287982440987
538269.7825162885,-7.665688455988574,-96.6139880749396,-110.55871168316374,-953.4921429464792,-0.00011999376172383395,0.0010348629001226946,-0.00028192737671396976,3.1010089019955947e-10,0.42180298615865014,0.012164376896479834,-0.421627545432073,0.00043486705509461314,1.2541131598446018e-05,-0.0004346861806233225
539510.6225151276,-7.718597150929542,-96.6016432372129,-109.8838955651714,-949.4602622571632,-0.00012028239785552242,0.0010393093221298432,-0.00028008956209813596,3.1070149196376973e-10,0.420220653983721,0.012347013244188878,-0.4200392235237728,0.00043506555230907315,1.2783189225769407e-05,-0.0004348777125574695
540754.322945581,-7.741695661496491,-96.52297402978334,-108.21591909738346,-946.4247969035188,-0.00011925531420550798,0.0010429721197030629,-0.0002785519750844352,3.109811183921121e-10,0.4187944829710537,0.013017465310264029,-0.41859212195631235,0.00043502751081204327,1.3522039475858367e-05,-0.0004348173060168325
542000.8904016238,-7.786875838770875,-96.51913125496048,-107.76536924132328,-943.0448057818033,-0.0001196134551008748,0.0010467263122524593,-0.00027691881149142253,3.113779135867699e-10,0.4175122358972341,0.013143073604161,-0.41730531597397996,0.00043523236602835267,1.3700894320691878e-05,-0.00043501666397214163
543250.3314924333,-7.8159293110425,-96.42294910877429,-105.74826606661428,-939.3703037689846,-0.00011833969699877444,0.001051220991629707,-0.0002752054045284123,3.118769690328579e-10,0.41567195314849836,0.013919727760677934,-0.41543882078274297,0.00043507075277920694,1.4569341013864964e-05,-0.00043482674046830134
544502.6528424212,-7.858575080803165,-96.34849742802054,-104.04100720237903,-935.1339570868632,-0.00011752061612828244,0.001056290416196721,-0.00027333419028636086,3.125692883961213e-10,0.41390040219278945,0.014534795970524591,-0.41364511678665816,0.0004352212343905654,1.5283512193738407e-05,-0.0004349527987258748
545757.861091271,-7.900139080947742,-96.2862940247449,-102.57527160769486,-931.1573347445195,-0.00011688481723225354,0.0010610564630269116,-0.0002715458689399999,3.131821946062006e-10,0.41223628598168344,0.015060235726673504,-0.41196109619699445,0.0004353536707350854,1.5904783563944464e-05,-0.00043506304885878005
547015.9628939716,-7.907683046556922,-96.12333131875789,-99.54732315103645,-927.9115502008426,-0.00011430009144116509,0.001065426690342555,-0.00026997696591013877,3.1355487040063743e-10,0.41048616757008755,0.016299296817878704,-0.4101624393939804,0.000435134999189647,1.727803533459746e-05,-0.00043479183181696326
548276.9649208538,-7.925224004992058,-95.96043431617267,-96.4732646982924,-924.0193746317551,-0.00011177285678910738,0.0010705586211275362,-0.0002682262075455874,3.1415143954521413e-10,0.40872002198550444,0.017526227367963134,-0.4083440800673835,0.00043519731880087737,1.866159412054109e-05,-0.0004347970229846942
549540.8738576245,-7.93342461244496,-95.80042409336522,-93.53592511841975,-920.776236382465,-0.00010919722646417325,0.0010749475250262414,-0.0002666700448923988,3.1453286385211106e-10,0.4071674158383006,0.018731412576250724,-0.406736325773022,0.0004351747884268942,2.0019869438776443e-05,-0.00043471404544832284
550807.6964054035,-7.896090483879291,-95.54299695197076,-89.19099072955136,-919.0541798245416,-0.00010460867572359161,0.0010779232283807654,-0.0002655591355075853,3.143974515694675e-10,0.40606958180830904,0.020638912097390265,-0.40554474546887076,0.0004349870920257774,2.2108674862667904e-05,-0.0004344248804164639
552077.4392807573,-7.8662528147628965,-95.2969529602777,-85.02021989255589,-917.0203658001284,-0.00010024139577694222,0.0010811945857097875,-0.0002643620509527956,3.1437004030919737e-10,0.4048710259032183,0.022449725265558232,-0.4042481384637725,0.0004348205067948629,2.4110396380176916e-05,-0.00043415154256979456
553350.1092157367,-7.843747567223068,-95.12658188584493,-82.14568750972195,-915.6265113102153,-9.720004826865775e-05,0.0010834280385672418,-0.0002633531337104933,3.141244728386513e-10,0.40414138479583295,0.02374461977196772,-0.40344324500055545,0.00043479374541619876,2.5545545575227174e-05,-0.00043404265476368824
554625.7129579107,-7.793458640448257,-94.87340301810464,-78.00153685702826,-914.8383568460414,-9.252703623260252e-05,0.0010852001794018646,-0.00026252127014739414,3.13672009697419e-10,0.40362613907289596,0.02563023354280907,-0.4028115580161942,0.000434759685476653,2.7607211711708242e-05,-0.0004338822720246394
555904.2572704037,-7.733701552762434,-94.67888565984228,-74.93226733081664,-915.5502368558813,-8.87983960925875e-05,0.001084971741427016,-0.00026212129865681264,3.127072514449634e-10,0.4035883822884379,0.027131002700792786,-0.40267541644685473,0.0004344822582879788,2.920782619216491e-05,-0.0004334994067540926
557185.7489319298,-7.69639874938605,-94.50134329675878,-72.03739293718087,-915.0475850703825,-8.550417488192109e-05,0.0010861079995963473,-0.0002613748585770898,3.1215942526275414e-10,0.4031901495056356,0.028486683542803228,-0.40218255247972773,0.0004343779571748606,3.069020267281264e-05,-0.00043329241989597134
558470.1947368309,-7.6334944963493605,-94.2820349637739,-68.55847132560483,-915.6382405732028,-8.131774115042788e-05,0.0010860457066019338,-0.00026094204031759145,3.112405753396646e-10,0.403068784960518,0.030153110740255076,-0.40193934283948146,0.00043407251475116506,3.247246399364556e-05,-0.00043285619684207114
559757.6014951101,-7.591568873349455,-94.0836242107755,-65.336576528145,-915.1599134561021,-7.761656165576058e-05,0.0010871638769908282,-0.00026020588832925776,3.1068704401200235e-10,0.4027222160147603,0.03165409388101097,-0.40147627777044487,0.0004340136247313907,3.411360852856893e-05,-0.0004326708774179746
561047.9760324706,-7.528887173142213,-93.87223815091204,-61.993301297822214,-915.8902118998892,-7.35652602054166e-05,0.0010868545527898258,-0.0002598145983596143,3.097253225503518e-10,0.40297890468932335,0.033292943163685064,-0.4016012668806043,0.000434032961288506,3.5858538854495524e-05,-0.0004325491609933955
562341.325190349,-7.445377154945985,-93.68535965996743,-59.15490225531565,-918.4044616063977,-6.984329741120568e-05,0.0010843462419885895,-0.0002599286292410252,3.0816701152692056e-10,0.40367695451154956,0.034799829383099674,-0.40217416063022593,0.0004336655048708377,3.7385056070643614e-05,-0.00043205107070515796
563637.6558259543,-7.34539193647993,-93.44371816597916,-55.43920103977746,-921.2735167569529,-6.508335719226379e-05,0.0010815374723716702,-0.0002601409480292061,3.065007521971435e-10,0.4045201119035895,0.03670966742915661,-0.40285099137489194,0.00043330925455632117,3.932224421150509e-05,-0.00043152134500430624
564936.9748123025,-7.25572551242366,-93.32408478916281,-53.74152243489473,-925.2793296070305,-6.256070582061403e-05,0.0010771211033622403,-0.0002606711644190776,3.044719378386108e-10,0.40604889365931307,0.03783122481178993,-0.40428270117727266,0.0004330946810360469,4.0351057468493486e-05,-0.00043121084738546357
566239.2890382531,-7.180605100165302,-93.32124321883923,-53.97163683435319,-930.0380795980794,-6.218763258543967e-05,0.0010716159408324603,-0.00026140919660155946,3.02217355412919e-10,0.4081541651544304,0.03818711826309895,-0.40636383516704605,0.00043309119706277834,4.052024007812306e-05,-0.0004311914831223845
567544.6054085471,-7.10071859477066,-93.32851506790645,-54.396433346276254,-935.305706029183,-6.197217646595011e-05,0.0010655649037625457,-0.0002622851578501813,2.9982410626625195e-10,0.4101687349062241,0.03846436048357569,-0.4083612176335577,0.0004327516614325197,4.058211776919653e-05,-0.0004308446265070196
568852.9308438414,-7.0719375469695835,-93.4715790024704,-56.96651602062722,-939.0383340444116,-6.43661680557789e-05,0.0010610144948663435,-0.000262726241726921,2.97945485925458e-10,0.41209113348470594,0.037761672173985655,-0.4103573545232669,0.0004329645270869748,3.9674390459628416e-05,-0.00043114292810772704
570164.2722807475,-7.025933616667057,-93.62003055620467,-59.726044641117376,-944.0515846797514,-6.674788212987314e-05,0.0010550413019539463,-0.00026352138066191644,2.9568167247481707e-10,0.41430120579784735,0.03703782618937392,-0.4126423252124241,0.0004328824995765847,3.869896238622673e-05,-0.00043114921865857673
571478.636671867,-7.05058165444325,-93.9171263083182,-64.79753358738054,-946.315951211043,-7.202025802056048e-05,0.0010517980423326568,-0.0002635459170251091,2.9429573684264127e-10,0.4157201246372345,0.03516073411551503,-0.41423054547541016,0.0004331545916622332,3.663530468158184e-05,-0.0004316025425422835
572796.0309858292,-7.084886804929537,-94.25887382708936,-70.63785337948592,-948.5592662510138,-7.807406553929347e-05,0.0010484163204015635,-0.0002635630972855065,2.929244753412223e-10,0.41692585764413925,0.03292855646496828,-0.4156234845884367,0.0004331755781091245,3.421194973036734e-05,-0.00043182244495373445
574116.4622073274,-7.164443487487937,-94.67346333829931,-77.55824268378291,-948.7397591437192,-8.559355964701995e-05,0.0010470326602790227,-0.00026300695471262865,2.9219516852747445e-10,0.41780002632757446,0.03012806906890578,-0.4167123245759611,0.0004337326450949251,3.127698962520782e-05,-0.0004326034643192596
575439.937337157,-7.2443030448311365,-95.02501640728084,-83.35708734728088,-948.0083664495954,-9.203931549397698e-05,0.001046750119363789,-0.00026219976720962896,2.9174804969335763e-10,0.41791267713349173,0.027723567852351753,-0.41699209764025286,0.00043393486977051003,2.87864510071835e-05,-0.00043297899653581414
576766.4633922506,-7.348565860127647,-95.40782653815496,-89.56354944075485,-946.1039687567761,-9.916968558600478e-05,0.001047578325101382,-0.0002610712183591293,2.916629521781447e-10,0.41755068578408944,0.025061035280888353,-0.4167979363065674,0.0004341431890324807,2.605690314427203e-05,-0.0004333605270231961
578096.0474057181,-7.468719794779842,-95.76077938906728,-95.10931590530336,-942.7521387138272,-0.00010593274201642992,0.0010500371929416925,-0.00025954798283105797,2.920267299376333e-10,0.41682111223997165,0.02259954728716507,-0.4162080009699264,0.0004346398490058753,2.3565658101405082e-05,-0.00043400052776707286
579428.6964268809,-7.578324159641917,-96.04216969348832,-99.40625006295632,-939.1377480402447,-0.00011145931400646622,0.0010530087302141429,-0.0002579582539948599,2.924764040831281e-10,0.41577643211720655,0.02064950512274037,-0.41526333746467436,0.0004349743400126102,2.1602967769512715e-05,-0.0004344375539165039
580764.417521312,-7.684156457958256,-96.28893742083831,-103.07886723068609,-935.3323879318112,-0.00011641121968967111,0.0010563094746735902,-0.00025632213076799123,2.929909180944556e-10,0.4144427293116353,0.01894601089879641,-0.4140094498321265,0.0004351165762250929,1.989110391464684e-05,-0.0004346616832559592
582103.2177708712,-7.8081113190760725,-96.55577618602597,-106.95703772949507,-930.6938013696971,-0.00012187020171270608,0.0010604616929701279,-0.0002544643535217134,2.937739686165035e-10,0.41301094752136897,0.01710442653668556,-0.41265661434823764,0.00043552201195484714,1.8036699277095428e-05,-0.00043514836593555725
583445.1042737447,-7.9047122066182975,-96.71447623030795,-109.05670118202954,-926.3355583717927,-0.00012535383683214812,0.0010647646148963916,-0.0002526902394016647,2.9447728231215875e-10,0.4113708140669434,0.016043275679040653,-0.4110578547742228,0.0004356687722770886,1.6990885058882877e-05,-0.0004353373277842614
584790.0841444806,-8.017778994681787,-96.8886879755207,-111.29227760638024,-921.1947195538187,-0.00012926147308003924,0.0010699303581891456,-0.0002507099507024469,2.954395898961338e-10,0.4096399570753876,0.014876121542517646,-0.40936975393961095,0.0004360742180801069,1.5836084731656613e-05,-0.000435786578607635
586138.1645140288,-8.09450434221626,-97.0184534137265,-112.99019352728924,-917.7874646659244,-0.00013213672363232294,0.0010733093269946635,-0.0002492081569717749,2.9585438457771335e-10,0.4081598828770063,0.014043344462840642,-0.40791822031685404,0.00043596678899098364,1.5000082195740591e-05,-0.00043570866256849875
587489.3525297765,-8.165502804874267,-97.10889328068184,-114.01401062144589,-914.2022252682636,-0.0001343293180216313,0.0010770971110022887,-0.0002476637278795278,2.9633152605539645e-10,0.40677629988324016,0.013498663037253052,-0.40655226508151004,0.00043608300399073307,1.4471190993264941e-05,-0.0004358428283232594
588843.655355589,-8.272015500612326,-97.2524328119886,-115.70153625473542,-909.1800177494466,-0.00013774071937414068,0.0010823634131329636,-0.00024573669541844736,2.972831195001106e-10,0.4049685117252426,0.012568976020553853,-0.4047734135670878,0.00043638067365508657,1.3543912833216051e-05,-0.00043617044233284927
590201.0801718441,-8.351465621102003,-97.31686701124461,-116.17239862584019,-904.7540874014137,-0.00013961753582361207,0.0010873455115286662,-0.00024397801042757414,2.9805030998329194e-10,0.40322537889436505,0.012205647579593405,-0.403040603849869,0.0004365402691217642,1.3214090575873657e-05,-0.0004363402277754767
591561.634175474,-8.423175177800971,-97.37252034191124,-116.54281894122836,-900.7120419765038,-0.00014128724352468778,0.0010919516343991034,-0.00024232939646730503,2.986992709518061e-10,0.40158999420851377,0.011909997507947984,-0.40141334732137995,0.0004366412299589119,1.2949515764025314e-05,-0.00043644916512866497
592925.3245799997,-8.523407764898923,-97.50856127117999,-118.11075371462785,-896.1055369839107,-0.00014457431892781687,0.0010968844378888205,-0.00024053556127667789,2.995442385956695e-10,0.4001254668478489,0.011060462144299813,-0.39997256830608213,0.00043712462697582564,1.2083210866569937e-05,-0.0004369575900747219
594292.1586155727,-8.564017733170717,-97.52841700422151,-118.08345651753785,-893.5082489753681,-0.00014536914400639346,0.0010999722835595485,-0.00023928677579911016,2.997240313550383e-10,0.3987807194856154,0.011028532020987436,-0.3986281898146782,0.0004368767519821228,1.2082101799391596e-05,-0.0004367096509565118
595662.1435290104,-8.61821260379158,-97.52479646963366,-117.52944017748345,-889.7490003513551,-0.00014591475504569066,0.0011046381846315369,-0.0002377319980048287,3.0029812661911403e-10,0.39728982390776285,0.011155557112841942,-0.3971331737920711,0.0004370607077711154,1.227228938149637e-05,-0.0004368883761222369
597035.2865838369,-8.694949787442965,-97.62585984060527,-118.64524125799235,-886.1536429425004,-0.00014842808222761953,0.0011085997582908848,-0.00023622679560563104,3.0082304602505635e-10,0.3958738489728604,0.010560747791898537,-0.3957329590856225,0.0004371419512484167,1.1661659158267427e-05,-0.0004369863742119993
598411.5950603196,-8.73538242619679,-97.62831793497485,-118.30807145561538,-883.3472159387003,-0.0001489465000120992,0.00111210904286325,-0.00023493708518287768,3.0108470013050626e-10,0.39459713762373594,0.010652584538367869,-0.3944533222873126,0.0004370884415200995,1.17996841083934e-05,-0.00043692913975313156
599791.0762555094,-8.80360964252071,-97.67958081065085,-118.60520934011683,-879.5837746521281,-0.00015056489504599262,0.0011165988361850248,-0.00023339811334518513,3.016775012006454e-10,0.393193765026672,0.010405654171793791,-0.393056050986506,0.0004373192028587533,1.1573409327393672e-05,-0.0004371660341169657
601173.7374832779,-8.859522942614694,-97.70726406201456,-118.58496361418486,-876.2366264657848,-0.0001516716834351667,0.0011207178395399844,-0.0002319751874125663,3.0213339377949495e-10,0.39183506680316577,0.010322884044900069,-0.39169906515287595,0.00043741844084696664,1.1523776778846825e-05,-0.00043726661770794096
602559.5860743577,-8.89946453467738,-97.74255137826654,-118.8257724116481,-873.9655620814035,-0.00015274504453166506,0.0011234423811427266,-0.00023084179973559865,3.022218165899284e-10,0.3908596449833261,0.010198945194190104,-0.3907265585974642,0.00043740093702857556,1.1413376238501531e-05,-0.00043725200349033775
603948.6293763798,-8.949221814787412,-97.78000662593114,-119.023007635833,-871.1498447482936,-0.00015396178122735772,0.0011268727322347061,-0.00022956886930696724,3.0250131581599936e-10,0.38977615825744555,0.010058270607672413,-0.389646358559035,0.0004375332674158997,1.1290654675244373e-05,-0.0004373875640809162
605340.8747539136,-9.005446039753478,-97.78171908200652,-118.543258768115,-867.445179025522,-0.00015465250994480057,0.0011316761119097678,-0.0002280668526791125,3.030945267140489e-10,0.38823615421565827,0.010148993357774874,-0.388103477662837,0.0004376378673239457,1.1440417798168963e-05,-0.000437488308136863
606736.3295885053,-9.072448463831291,-97.85908294062851,-119.29104716348989,-864.2171411600774,-0.0001567347169822877,0.0011354819347450835,-0.00022669555655857398,3.035269484210064e-10,0.3870242708797106,0.009736833852977503,-0.38690177088828515,0.000437793871466279,1.1014105597640483e-05,-0.0004376553020029768
608135.0012787179,-9.109628067150764,-97.8632779630961,-119.00721603983663,-861.6951144787213,-0.0001572752408290159,0.0011387822617870671,-0.00022551413192639164,3.037151814287755e-10,0.3858975392689825,0.00982206916670999,-0.38577252075690965,0.0004377661354292181,1.1142256229916104e-05,-0.0004376243131439791
609536.897240169,-9.131777455927644,-97.84942357313426,-118.53309789848113,-859.796191762204,-0.00015735186902605488,0.0011413735079390066,-0.00022449963995637177,3.0368589032193984e-10,0.3849381105367853,0.010032480038836819,-0.38480735217495604,0.00043763028794757274,1.1405774092105305e-05,-0.0004374816307531498
610942.0249055721,-9.211169519190674,-97.95935356282473,-119.73366717609362,-856.3569222058027,-0.00016013954369393154,0.0011453470857072186,-0.00022308734980390463,3.042042792725986e-10,0.38384268717485076,0.009409398757009413,-0.3837273403246658,0.00043799417412365634,1.0736851255157952e-05,-0.0004378625544521801
612350.3917247733,-9.246327847505633,-97.93466622396848,-118.96709277926327,-853.5559052388601,-0.0001601795535552117,0.0011492438845190202,-0.00022184625560768808,3.0450060533586096e-10,0.38252161139677326,0.009683292948649409,-0.38239902853335633,0.00043791867944651476,1.1085634731282708e-05,-0.00043777834404043324
613762.0051647943,-9.296517239295634,-97.95098623413647,-118.78614194043885,-850.4857175859314,-0.00016107991106385693,0.001153300894463887,-0.00022053989142992807,3.0489696886464834e-10,0.3812585402647627,0.009684106786238097,-0.381135530488264,0.00043800403316422275,1.1125463122792473e-05,-0.00043786271494434067
615176.872709868,-9.341023940783755,-98.02202796349955,-119.5879484183567,-848.5452282684053,-0.00016285308038954088,0.0011555362066245137,-0.000219530631769459,3.048913730179332e-10,0.3804501952205022,0.009333355900452565,-0.3803356931855775,0.0004379716983888065,1.0744496353903075e-05,-0.0004378398844185813
616595.0018614822,-9.393289929477307,-98.04199833731148,-119.44937499601826,-845.4294590101896,-0.0001638494398435716,0.001159680770960006,-0.0002182214857901267,3.053112131356553e-10,0.3792301828759074,0.009312500336336441,-0.37911582523231585,0.00043812748452489917,1.075880172842532e-05,-0.00043799536627855344
618016.4001384157,-9.44380765427317,-98.06980633530543,-119.45804483452615,-842.5386311228801,-0.00016496504258392225,0.0011634998827773741,-0.00021697512858728768,3.0565415851140396e-10,0.37795637195972276,0.009238884926874611,-0.3778434359761517,0.00043809670042106264,1.070897411001973e-05,-0.00043796579409051254
619441.0750767814,-9.503066979513054,-98.14131646695616,-120.13841017668746,-839.7947861411976,-0.00016693111918049424,0.0011668864547676279,-0.00021577111492098827,3.059475344235284e-10,0.376957521490721,0.00888511150211526,-0.37685279327878457,0.0004382612183112672,1.0330075856688641e-05,-0.00043813945840162725
620869.0342300634,-9.573983457226886,-98.20860756882959,-120.6477096052085,-836.347063900393,-0.00016896674393299048,0.0011713014747448253,-0.0002143910583738619,3.065021992335673e-10,0.3757600341232212,0.008556536954731492,-0.37566259984143574,0.00043856838701216555,9.986763545523836e-06,-0.0004384546665737958
622300.2851691595,-9.590558743288147,-98.19710976104436,-120.25882277843702,-834.8367234938515,-0.00016904184006179203,0.001173488419644351,-0.00021351169907076416,3.063504952261088e-10,0.3749085772913326,0.008753194556430671,-0.3748063805642433,0.00043835129108671524,1.0234426117071657e-05,-0.0004382318004429213
623734.8354824191,-9.668179708074288,-98.29662493837648,-121.25359150264981,-831.506050029252,-0.00017172181948204573,0.0011775958967634513,-0.00021217076639725766,3.0687020125546956e-10,0.37383504578791676,0.008219730838366619,-0.37374466883716034,0.0004387086813246378,9.646145586331853e-06,-0.00043860262076842393
625172.6927756859,-9.708987800035809,-98.23964414834025,-119.89996062779989,-827.9894498645947,-0.00017129972183359786,0.0011829391911415959,-0.00021078753966173618,3.0746474735636334e-10,0.3721909594360354,0.00869405284585506,-0.3720894028738658,0.00043866984843386856,1.0246941113094727e-05,-0.00043855015234613474
626613.8646723352,-9.768205373516079,-98.3063236671887,-120.48322327487935,-825.2448379486111,-0.00017322125819310978,0.0011864718195718487,-0.00020960563215317933,3.0777781717650816e-10,0.37110029641935033,0.008377126125766195,-0.37100573278643917,0.00043873675052316603,9.903934679125562e-06,-0.0004386249517953789
628058.358813318,-9.829184989066365,-98.3501672952596,-120.66479079820179,-822.0873247778217,-0.0001747783383744806,0.0011907620746111705,-0.00020832341382860718,3.082493571017342e-10,0.3698357336309651,0.008205789452132815,-0.3697446887919033,0.00043884375845681375,9.736916032760926e-06,-0.00043873572546884444
629506.1828571975,-9.848312010106474,-98.31916679431247,-119.92997233480675,-820.1692475473278,-0.0001745551100812199,0.0011937360653363966,-0.0002073593452675095,3.082596282754501e-10,0.36873406236891093,0.008520830555901813,-0.36863559811515423,0.00043856625392124453,1.0134536292068381e-05,-0.0004384491421506698
630957.3444801933,-9.917290824630966,-98.37966532620396,-120.32323358796913,-816.8332444125786,-0.0001765061641164693,0.0011982399275254395,-0.00020604094661447143,3.0880670880906725e-10,0.3675718057857357,0.00824584502015433,-0.3674793034287648,0.0004388729314331757,9.845363869524572e-06,-0.0004387624855830608
632411.8513762193,-9.97176538650984,-98.43518538271297,-120.74710707415692,-814.2375020628867,-0.00017820805306118998,0.0012017155813341198,-0.0002049138121338166,3.090786669327496e-10,0.3664328144749759,0.00800506651273608,-0.36634536496887576,0.0004388163659147726,9.586352688030832e-06,-0.0004387116420119123
633869.711256927,-10.020722366803572,-98.42361046674004,-120.09722560111723,-810.9841950956295,-0.00017868454503567073,0.0012066085724001447,-0.0002036256680618622,3.096048398582234e-10,0.36499916810915317,0.008186984328293054,-0.3649073389341219,0.00043883743571972124,9.843187390036062e-06,-0.00043872702977029477
635330.9318517436,-10.0756310280763,-98.4266593472643,-119.64432988490502,-807.6293378265682,-0.0001794898519337453,0.0012116016730862947,-0.00020231692627729222,3.101758956601128e-10,0.36374256050857257,0.008278786010776175,-0.3636483356589445,0.0004391109738241582,9.994172202975042e-06,-0.00043899722533835886
636795.5209079159,-10.127851930206281,-98.45991824966795,-119.71282196319486,-804.8684148310521,-0.00018079566259959862,0.0012155483095169796,-0.00020116157000643208,3.1052405356197023e-10,0.36251875006215706,0.008179723454514575,-0.3624264563616133,0.0004390680078327479,9.90694931277549e-06,-0.00043895622544569526
638263.4861905486,-10.182433840336751,-98.45953019411125,-119.20705205250884,-801.5052632417828,-0.00018154620481576554,0.0012206512632936498,-0.00019986028860973794,3.1110984398739704e-10,0.3610795461547791,0.008288614393846552,-0.36098440066403337,0.0004391312982134691,1.0080299584736001e-05,-0.00043901558586333664
639734.8354826482,-10.226702573917894,-98.4505193648418,-118.64386107175035,-798.5816633449526,-0.00018202242376084705,0.0012251773384643152,-0.00019867328170117195,3.1153066183199857e-10,0.3597127726179491,0.008452489179298674,-0.35961345109876824,0.0004390517083259278,1.0316786325847369e-05,-0.00043893048026290266
641209.5765851615,-10.294820591283017,-98.52864264523774,-119.31779549640359,-795.6529317492026,-0.0001843314317168328,0.0012291866728584221,-0.0001974894039291154,3.119582420070628e-10,0.35829041845997484,0.008069109404534982,-0.3581995441561051,0.0004388067154114286,9.882428364449856e-06,-0.00043869541951083553
642687.7173170197,-10.326565497614403,-98.51303484718801,-118.74678296098224,-793.3186374320045,-0.00018454551626916096,0.0012329041163072329,-0.00019645712714305672,3.1215656593253285e-10,0.3566024467471331,0.008266302766628687,-0.3565066244330003,0.000438012975642538,1.0153457738164786e-05,-0.00043789527758037063
644169.2655151772,-10.346273026833973,-98.44229330815317,-117.37622834921329,-790.8304222675852,-0.00018363278547034416,0.0012372385389963715,-0.0001953905248035644,3.124185151072471e-10,0.35522377953104256,0.008810656686421224,-0.3551144968500621,0.0004377434158300521,1.0857400815653652e-05,-0.00043760874642777666
645654.2290346556,-10.41128743001674,-98.43230815034696,-116.64159328279258,-786.8249714358557,-0.00018435564259564722,0.001243601181507164,-0.0001939537881435207,3.132867280418962e-10,0.35370190186381706,0.008972088123656918,-0.3535880894724575,0.0004380685107633474,1.1112151962024754e-05,-0.00043792755131550004
647142.6157485831,-10.464770386303435,-98.43978175994467,-116.28196604530979,-783.6943080158837,-0.00018525137427683746,0.0012485207509847864,-0.00019273776746943182,3.138148125764496e-10,0.35236100142559346,0.00902945929321829,-0.3522452898060089,0.00043811283401640644,1.1226900776710951e-05,-0.0004379689624035443
648634.4335482385,-10.506282479007927,-98.40884283830287,-115.39911206927074,-780.6475408589289,-0.00018531236376425172,0.0012535940569151085,-0.00019154689993958044,3.143150205583971e-10,0.3510641203987635,0.009322851773484131,-0.3509403098336912,0.00043820904704029387,1.1637070705818515e-05,-0.0004380545028798931
650129.6903430906,-10.548821317435111,-98.36973844939018,-114.38225140831109,-777.4361727100032,-0.00018523732441449585,0.001259025720885426,-0.00019032019559042817,3.1488747608773874e-10,0.34959590896445003,0.00965921326511455,-0.3494624431377127,0.00043819295757266185,1.210711887619955e-05,-0.0004380256678994899
651628.3940608427,-10.573855118716462,-98.30212527389693,-113.0506714730237,-774.7330047734807,-0.0001844244785160409,0.0012638556545735225,-0.00018922224447239728,3.15259421065571e-10,0.3483319542055776,0.010171816872001952,-0.3481834063567635,0.00043817763493048627,1.2795445855907248e-05,-0.00043799077195601167
653130.5526474724,-10.595043739231723,-98.24142698670984,-111.86489046733082,-772.332475070811,-0.00018368281142908086,0.0012681744896573897,-0.00018820208397793946,3.155119662815891e-10,0.34722492361741836,0.010643660120998228,-0.34706175254607163,0.00043817980349979314,1.343174577374615e-05,-0.0004379738900900221
654636.174067275,-10.616869416659432,-98.17660771420272,-110.61506838360083,-769.8416838867541,-0.0001828674946081617,0.0012726929706275917,-0.00018716367081812653,3.158047870836712e-10,0.34606806025767106,0.011135838915078057,-0.3458888483634078,0.00043817392296782167,1.4099637566449832e-05,-0.0004379470139063689
656145.2663029054,-10.655642561489028,-98.12152235983908,-109.3992449851334,-766.6146966438736,-0.00018243354210513538,0.0012784021915105649,-0.00018595046658683188,3.1640474721075476e-10,0.3446288263406459,0.011556725970778387,-0.34443500116824277,0.0004382181258724377,1.4695134037133607e-05,-0.0004379716644701827
657657.8373554206,-10.711877278077306,-98.01613225735203,-107.27844633592892,-761.7694663843222,-0.0001812744090528077,0.0012872046023194763,-0.00018435023379188958,3.176848984401325e-10,0.34244640501475065,0.012248527467286299,-0.3422272839538218,0.00043829619036625436,1.5676855846323648e-05,-0.0004380157379368297
659173.8952443212,-10.741543644926445,-97.87901611829666,-104.87729908451396,-757.8485882589179,-0.00017917521851837666,0.0012947290556721161,-0.0001829795594255375,3.185940683154509e-10,0.3405874515762671,0.013131554547190021,-0.34033420992664,0.00043828774107575554,1.6898448115644055e-05,-0.000437961854992614
660693.4480075961,-10.731271571894174,-97.58431890202965,-100.3589968245288,-753.7292025164253,-0.00017357753552748857,0.0013036246033492046,-0.00018156639617806854,3.1959854223070684e-10,0.33834746043051106,0.014918361934226692,-0.33801841141715294,0.0004380596250097642,1.9314854695087784e-05,-0.00043763360411627766
662216.5037017618,-10.651441237695726,-97.13322958839916,-93.982286832937,-750.9836060647714,-0.00016407263005931779,0.001311054024440864,-0.00018048893740650978,3.200292510506107e-10,0.33660756784225626,0.017622613459255723,-0.3361459478017619,0.00043781410912620966,2.2921138884658893e-05,-0.00043721369551079576
663743.070401909,-10.456793229502601,-96.38576201359645,-83.94756693417779,-750.0920538440232,-0.0001473577945661611,0.0013166779552136881,-0.00017986004444602496,3.196727130383117e-10,0.33542008184255234,0.022062270467993805,-0.3346937219684014,0.0004374327979449278,2.8772161305363914e-05,-0.00043648552719620175
665273.1562017413,-10.119057137806083,-95.5853841919124,-73.96680531983861,-756.3584852039016,-0.00012807012696693153,0.0013095999862873494,-0.0001809455117007531,3.162950885751009e-10,0.33729542863164363,0.027019385983939544,-0.33621147951379515,0.000436842172767384,3.499367699096479e-05,-0.0004354383153545184
666806.7692136222,-9.782015061556443,-95.22493332176884,-70.35107867750287,-769.3189496107074,-0.00011788031194459292,0.0012890713187315656,-0.00018362278143817544,3.102513655369301e-10,0.3425352679566066,0.02972339150992493,-0.3412432120808442,0.00043638303474200787,3.78670023303091e-05,-0.00043473698157065133
668343.9175686146,-9.69644777249648,-95.60211144663741,-76.41014981565876,-778.9953962198182,-0.00012471617377792575,0.0012714714660492041,-0.00018550474493019578,3.056928216178795e-10,0.34717553474649154,0.027987639698712312,-0.34604558074133446,0.0004364965705287343,3.5188276600775754e-05,-0.00043507590288731644
669884.6094165265,-9.707524026627087,-96.08272011340134,-83.62673230172189,-784.7548752596404,-0.00013426816779548177,0.0012599750865491394,-0.00018644646519319508,3.027513645274751e-10,0.35008288534828924,0.02543466508148113,-0.3491577070980624,0.000436514946341198,3.1714236622002674e-05,-0.0004353613505752923
671428.8529259522,-9.848150007563733,-96.6394575205483,-91.30730648904895,-784.414318895421,-0.00014640961055765244,0.0012577941389509603,-0.00018593692502225074,3.0218619402582197e-10,0.3507367302391367,0.022223224422979405,-0.3500319731611483,0.0004370144706544284,2.7689916168236035e-05,-0.00043613635035842446
672976.656284318,-9.99041710593629,-97.1376118581667,-98.08122431572812,-783.2507574184426,-0.00015740805740508624,0.0012570191802400753,-0.0001852341066507228,3.019390665715799e-10,0.3509332025712591,0.01933156262558102,-0.35040034725064645,0.00043741701353734773,2.4095623693442987e-05,-0.0004367528416058174
674528.0276979218,-10.131141787798919,-97.50091362635162,-102.74780513454192,-780.3509087053499,-0.0001658547757041658,0.0012596368824073058,-0.00018412386048742303,3.023640760098116e-10,0.3501501498310882,0.017212947836111662,-0.34972681031560165,0.00043767393943762976,2.151550896779464e-05,-0.0004371447816647372
676082.9753919819,-10.26811453827582,-97.85257946328947,-107.24162253300993,-777.5753404389761,-0.0001740584556964197,0.0012620432230290625,-0.0001830469980189566,3.0274546928501873e-10,0.35053403500890423,0.015224884881775166,-0.35020324467366143,0.00043932161167250546,1.9081231195195996e-05,-0.00043890703468798853
677641.507610675,-10.39192476652881,-98.08987248863032,-110.00978684027739,-773.9497181378346,-0.0001800191938160971,0.0012664855401970277,-0.00018177446623736756,3.0346414478832506e-10,0.35150087879229297,0.013955348457997244,-0.3512237407140498,0.00044230755840942267,1.756057089933171e-05,-0.0004419588245253107
679203.6326171847,-10.513650433607037,-98.31952574241036,-112.65590560956176,-770.3901240173606,-0.00018584186289740217,0.0012708675593212332,-0.00018052229178174597,3.0416513040980375e-10,0.3504252745836974,0.012651936594294262,-0.3501968040509132,0.0004427024981803367,1.5983561527539042e-05,-0.00044241386467425094
680769.3586937415,-10.629871731145947,-98.50673390717162,-114.65724682361866,-766.5732406217846,-0.0001908470501826305,0.0012759615791809761,-0.00017921476477882428,3.0497657071223817e-10,0.34916669600101724,0.011608984672430088,-0.3489736567008204,0.00044306143761618994,1.4730767559275485e-05,-0.0004428164879378811
682338.6941416697,-10.741073727834289,-98.65319596304879,-116.03978406190943,-762.4886187813577,-0.00019507267266899187,0.0012818077347163238,-0.00017784984754971105,3.059051341626281e-10,0.34759081500863687,0.010810866001520961,-0.3474226530534035,0.00044322013937473547,1.3785155789679449e-05,-0.0004430057126349661
683911.6472814293,-10.826814776504479,-98.7558818501801,-116.92046853066515,-759.1261590335315,-0.00019818945920211224,0.0012867789944373427,-0.0001766583170805892,3.0655342622786385e-10,0.34625505941369916,0.010291156464050058,-0.34610209226211963,0.0004433173035195361,1.3175974212378009e-05,-0.00044312145660460546
685488.2264526617,-10.921282383302602,-98.89484751614134,-118.29631123870082,-755.8691542488846,-0.00020210115235148418,0.0012913507234591183,-0.00017549581099582598,3.071662592270824e-10,0.3450338910464785,0.009560278771133576,-0.3449014164083578,0.0004434565502445598,1.2287396552161003e-05,-0.00044328628654716554
687068.4400142321,-10.98396843269775,-98.94886622699399,-118.57978051378846,-753.0322260168232,-0.0002040543196588469,0.0012958320372602002,-0.00017443502582593982,3.0761433460542245e-10,0.34402927823366364,0.00935002897141232,-0.3439021972017761,0.0004437315710176845,1.2059738246253946e-05,-0.0004435676609394042
688652.2963442762,-11.068985106083883,-99.04442779844685,-119.33450778538314,-749.6856183336149,-0.0002070811648561429,0.0013009294126358163,-0.00017326039941504737,3.082768779451381e-10,0.3429777108187359,0.008891301510714721,-0.34286244308163294,0.00044419861561914337,1.151533670419532e-05,-0.0004440493296229063
690239.8038402419,-11.134067700981536,-99.08115304521968,-119.32081364966955,-746.5170650623647,-0.0002087761253247415,0.0013061840224297709,-0.00017213130906983852,3.088733167604058e-10,0.3415856688024616,0.00877776075425549,-0.3414728686841256,0.0004441938182891632,1.1414492531641634e-05,-0.0004440471343974097
691830.9709189367,-11.191295794282087,-99.135356626739,-119.6409117282502,-744.0029804650322,-0.00021068942210040705,0.0013102002962933343,-0.00017115705568779356,3.092042511873277e-10,0.3404025442756215,0.00856666706203599,-0.3402947316147646,0.0004440493520560981,1.1175072049688646e-05,-0.0004439087122665254
693425.8060165691,-11.26024020048628,-99.19707407245112,-119.98192541766099,-741.0305522584597,-0.00021291438099612956,0.0013149985781950604,-0.00017008117429542685,3.097305313584915e-10,0.3392741424129629,0.008313998194865741,-0.33917225880674146,0.00044424086831480937,1.0886234214570068e-05,-0.00044410746333035353
695024.317588797,-11.29921409618822,-99.20496555485789,-119.72144010634379,-738.7768090795566,-0.0002137408061112463,0.0013189513137220573,-0.00016917390950374443,3.0996087455467145e-10,0.3382725432624,0.008383836206199369,-0.33816863369579375,0.0004442359957636426,1.1010062446869109e-05,-0.000444099536654826
696626.5141107687,-11.37741080980833,-99.28592369653464,-120.28244427886145,-735.6543352381465,-0.0002164695864363604,0.0013239404192678464,-0.00016807144357631532,3.1056058277758844e-10,0.337167412030269,0.00802097593694204,-0.33707199183588094,0.0004445269368507582,1.0574983633004223e-05,-0.0004444011333323529
698232.4040771715,-11.4360382609797,-99.32909754331949,-120.40981124213458,-732.9646404335485,-0.0002182382146552967,0.0013284706028814418,-0.0001670718015311128,3.10983328569514e-10,0.33602448928145123,0.007881282396748767,-0.33593205084457606,0.00044455585711323175,1.0426830075778881e-05,-0.0004444335623107811
699841.9960022735,-11.481793771827748,-99.32497569226871,-119.90730861118494,-730.23418857205,-0.0002189608982754952,0.0013334694584771845,-0.0001660665998751573,3.114282242740395e-10,0.3348022210149604,0.008017110866039677,-0.3347062191383841,0.00044456508698660494,1.0645471761619297e-05,-0.00044443761148037437
701455.2984199714,-11.552534753029256,-99.39257652296573,-120.31209820778362,-727.3312935853277,-0.00022137118511480236,0.0013382709871287877,-0.0001650260122067269,3.1195206013023273e-10,0.3336749126661121,0.007736782471496359,-0.3335852058166343,0.0004447147019750964,1.0311416233142198e-05,-0.00044459514262761094
703072.3198838334,-11.593621236329385,-99.46655180370351,-121.04829609692014,-725.9592972446308,-0.0002234725708322407,0.001340225312588701,-0.0001643358831977511,3.118227950681035e-10,0.33302298197755226,0.007432081923166925,-0.3329400406732546,0.0004445538036306016,9.92111796074422e-06,-0.00044444308492859295
704693.068967147,-11.660360021822928,-99.49544306740869,-120.88312794457993,-722.7221930653361,-0.00022513335877927422,0.0013460015268939576,-0.00016322682111398183,3.1249907817364615e-10,0.3310106149514791,0.0073600290940423665,-0.33092877962227946,0.0004437736545940871,9.86731802984856e-06,-0.00044366394100342434
706317.554262962,-11.704608644343836,-99.47754638478719,-120.18019922989544,-719.9015431114248,-0.0002256051400434173,0.0013514163688515839,-0.0001622158311571708,3.130019384387575e-10,0.32831792206374893,0.007541569496710919,-0.3282312944826928,0.0004418757272908029,1.0150029231807267e-05,-0.0004417591371724749
707945.7843841381,-11.760824041231757,-99.5219262916996,-120.33548504656528,-717.40985008721,-0.00022740957097243237,0.0013557585790807936,-0.00016128258177781633,3.13366665515216e-10,0.32713858694554016,0.007399835830651988,-0.32705488453530873,0.0004417246720475081,9.991759413096377e-06,-0.00044161165138536525
709577.7679633888,-11.801550055040472,-99.54508973488902,-120.28850220399251,-715.3569626617808,-0.00022859631376097054,0.00135946463453678,-0.00016045118917635133,3.1354315428523383e-10,0.3270295169250184,0.007404126654920292,-0.3269456894480929,0.00044277854615899304,1.002474781685938e-05,-0.00044266504873310237
711213.5136533292,-11.838336934393734,-99.54620277064456,-119.93667754640417,-713.1799360325753,-0.00022931985898527082,0.0013636055767747746,-0.00015959498793898481,3.1377693395622304e-10,0.3255797924854592,0.007503595759475293,-0.32549331379546503,0.0004421237743729525,1.0189569976755428e-05,-0.0004420063399199996
712853.0301265195,-11.874726442837511,-99.52127688770794,-119.19404783611975,-710.6542601710935,-0.0002295562855467039,0.0013686518348392039,-0.0001586640352997718,3.141678701318659e-10,0.3240838035806399,0.007748339287494783,-0.3239911649745725,0.00044165242242814694,1.0559221961444792e-05,-0.00044152617710416594
714496.3260755135,-11.934636783563683,-99.5836228513316,-119.58794393269527,-708.2775232521453,-0.0002317783003819666,0.0013727417257923848,-0.00015776969704746954,3.144971192272103e-10,0.32342466204347003,0.007519031082840271,-0.32333724837931693,0.00044211578410828457,1.0278382303689906e-05,-0.00044199629117776826
716143.410212902,-11.986876176520537,-99.63129736935561,-119.81795403476119,-706.060555085998,-0.0002336188902253341,0.0013766641622274716,-0.00015691414018700068,3.147590181016588e-10,0.3234435763225714,0.007389003013374493,-0.3233591651690167,0.0004434307635321227,1.0130086011336118e-05,-0.00044331503854943183
717794.2912713619,-12.028422012926185,-99.65709187675849,-119.80055188912866,-704.0363196886766,-0.00023489414841171898,0.0013804111012546958,-0.0001561044184347211,3.1493800176231546e-10,0.32324077647697214,0.0073776861578162085,-0.32315657091322253,0.0004443559426247236,1.0142033201307279e-05,-0.00044424018605755406
719448.9780036994,-12.083693005802093,-99.68110050508793,-119.6471176179905,-701.3573797349686,-0.00023635510894106954,0.0013854859456217774,-0.00015515275894689755,3.154138507885752e-10,0.32240313570472556,0.007362243668750282,-0.32231906440730684,0.0004448284298379057,1.0157889079136052e-05,-0.00044471243436799984
721107.4791828997,-12.101473209507796,-99.67339535013636,-119.31249940667114,-699.963719111868,-0.00023664443605787944,0.0013883081855960379,-0.00015448832399834935,3.1531497847702853e-10,0.3218643600744316,0.007532013762771333,-0.3217762189081113,0.0004449421494910023,1.0412182301974326e-05,-0.0004448203040030703
722769.8036021702,-12.159653098240993,-99.7336237963486,-119.67810893935885,-697.6802725362512,-0.00023884003085902986,0.001392351360654674,-0.00015363019251557412,3.1561939899579426e-10,0.3209680652835183,0.007312442429792724,-0.32088475675475114,0.0004450378237052353,1.0139056862402083e-05,-0.00044492231238074924
724435.9600749902,-12.211132739721709,-99.78824511528732,-120.00996231008186,-695.634444359979,-0.00024083410224202284,0.0013959882469023138,-0.00015282739469947646,3.1581958147565717e-10,0.32010306165874547,0.007126284942302967,-0.3200237274737979,0.00044503310984689065,9.907536444962689e-06,-0.00044492281306040757
726105.9574351547,-12.247914960090323,-99.8168295406364,-120.0665416835072,-693.895885672515,-0.00024211480535550538,0.001399244660010595,-0.00015209482729767036,3.158826838049337e-10,0.31940322440966495,0.00709002283919504,-0.3193245235484279,0.00044509653488588745,9.880127552939077e-06,-0.0004449868632296482
727779.8045368242,-12.314518296847321,-99.89739735343707,-120.66197017959972,-691.5473872393084,-0.00024485121811292765,0.0014033105865611424,-0.00015123143617796288,3.1622644575666175e-10,0.31847412401437636,0.006760194422972649,-0.3184023671992531,0.000445162170837695,9.449379392843656e-06,-0.0004450618693777521
729457.5102545688,-12.385604281557828,-100.00399703431485,-121.6063692816278,-689.3827627644048,-0.00024815767599624226,0.0014067982235641788,-0.00015041133011025194,3.1648979531309766e-10,0.31772304362337783,0.006291738700408528,-0.31766074115859616,0.0004453232231041245,8.818552551435783e-06,-0.0004452358994586391
731139.0834834176,-12.425893142373706,-99.96722503398249,-120.65655510864259,-686.5736945956293,-0.00024829443340414426,0.0014128733108310075,-0.00014945391343484102,3.1705380662895835e-10,0.3163959735259946,0.006606685510819668,-0.3163269886842142,0.00044528955657188,9.298121049827625e-06,-0.0004451924686435343
732824.533138904,-12.504763086855244,-100.0334783101146,-120.93325199049991,-683.5108943625373,-0.0002509967652507894,0.0014186257350637358,-0.00014844499955399352,3.1774204806277306e-10,0.31536982625447535,0.006358713907280165,-0.31530571524985607,0.00044570478544424155,8.986621362624422e-06,-0.0004456141788637141
734513.8681571151,-12.560566776935072,-100.11383879499596,-121.59845281054014,-681.6960971230681,-0.0002535965170945779,0.001421693713625872,-0.00014771035408194845,3.1785520245029943e-10,0.3146761156253952,0.006041506700463571,-0.31461811445286386,0.0004457584904532204,8.558173859205732e-06,-0.0004456763281478268
736207.0974947361,-12.587915715757807,-100.07371485154275,-120.70432967336446,-679.435483764437,-0.0002534728987594892,0.0014267796528580597,-0.00014688192510113165,3.181792892163489e-10,0.31372076993478804,0.006380737869522596,-0.3136558746025916,0.00044590047575836445,9.069128742419426e-06,-0.0004458082381309134
737904.2301291011,-12.643761642888972,-100.12055857803587,-120.87030819779555,-677.1546228507043,-0.000255459823257884,0.0014311686869253385,-0.00014605215834765197,3.1851675603050763e-10,0.31282575895687864,0.0062446442904393095,-0.3127634247872232,0.0004460219642442579,8.903513961624763e-06,-0.0004459330891820445
739605.2750582378,-12.68214622637734,-100.10621568272558,-120.2723469593471,-674.7810940784926,-0.00025601029511446903,0.0014363310553097482,-0.00014520549034631062,3.189019872365701e-10,0.311728332324326,0.006438382240193638,-0.31166183662398356,0.00044600128256052875,9.211632177705684e-06,-0.00044590614469668306
741310.2413009177,-12.748818500463237,-100.21822507441233,-121.30735850804388,-672.9696531062225,-0.00025942347519366306,0.0014391882591121914,-0.00014448262127706937,3.190249513049975e-10,0.31117560719822834,0.005956434727983342,-0.31111859378783097,0.00044621298837404366,8.541281766778258e-06,-0.0004461312334946691
743019.1378967013,-12.777789732097233,-100.21990810532985,-121.01740035691506,-671.2481288312206,-0.0002601298147632049,0.0014428640087957056,-0.0001437815694049143,3.1910752352096517e-10,0.3104547910454773,0.006071169404416488,-0.3103954223005775,0.0004462790911598801,8.727312453309075e-06,-0.00044619374852616537
744731.9739059892,-12.793634673087698,-100.16884038606165,-120.05955465797894,-669.3513744744299,-0.0002596187859864837,0.001447416590328714,-0.00014304552999681955,3.1927577820168e-10,0.3094098977012258,0.006463932475134462,-0.30934237080044485,0.00044606912128628717,9.318902532398534e-06,-0.0004459717693091257
746448.7584100665,-12.896172738633837,-100.30201085560009,-121.11218876989189,-666.3043997787297,-0.00026407401154875945,0.0014528155881689344,-0.00014206687014195064,3.1999813751735643e-10,0.3083316754731202,0.0058621950334555445,-0.3082759425732914,0.00044632004146898325,8.485716319662528e-06,-0.00044623936629954237
748169.5005111545,-12.92422163367477,-100.28077456697768,-120.49497836901612,-664.3080461281832,-0.0002643452741033624,0.0014573776842801516,-0.0001413154495134928,3.2022159691226195e-10,0.30740968100520477,0.006095754179750526,-0.30734923744285064,0.0004463125361202192,8.850116556621461e-06,-0.00044622478117535807
749894.2093324559,-12.974898581296081,-100.2993097524073,-120.27997664094481,-661.9032873916303,-0.00026576321753602264,0.0014625006777311642,-0.00014048005535464799,3.206458280093146e-10,0.3064140419480618,0.006113921714194846,-0.30635303991346535,0.0004464166729919178,8.907413554652108e-06,-0.00044632779871854193
751622.8940182052,-13.020367607046717,-100.3266219239387,-120.2327000931694,-659.8548651714606,-0.0002672643461510794,0.0014667863148544404,-0.00013972321007126,3.209014714540931e-10,0.3055945197447567,0.006088865011629612,-0.3055338544595323,0.00044652553991983467,8.896866799469338e-06,-0.00044643689762591574
753355.5637337174,-13.048081672533252,-100.33404678782976,-120.03576090005606,-658.2903024788329,-0.00026808375038657635,0.0014702029779156995,-0.0001390713239173707,3.209243529563721e-10,0.3049321093392179,0.006173091285935335,-0.30486961844375415,0.00044656531544861813,9.040335120399487e-06,-0.000446473799122227
755092.2276654337,-13.103650616100072,-100.34253275989728,-119.63671090930261,-655.5516789685394,-0.0002694150698915639,0.0014762651034491785,-0.0001381742340039855,3.215238530084759e-10,0.30385664106372573,0.006243063036016249,-0.30379249905561884,0.00044679628978124187,9.1799125785027e-06,-0.0004467019742147269
756832.8950209745,-13.162909802665428,-100.42389249811185,-120.25856006720562,-653.7019591199393,-0.00027220852226644116,0.0014796721679959737,-0.0001374674631444384,3.2169206246473955e-10,0.30326965966481584,0.005937212291115801,-0.3032115366924937,0.0004470375120750261,8.751803969494145e-06,-0.0004469518353575793
758577.5750291835,-13.203687141984084,-100.39913969394945,-119.4957139105728,-651.1360062086737,-0.00027266107673626296,0.001485739017279502,-0.00013661294167473725,3.2221697802749734e-10,0.3021634106956115,0.006182623126175016,-0.3021001521589892,0.00044715622251004727,9.149348678383289e-06,-0.0004470626094276016
760326.2769401819,-13.24489065307161,-100.38482458639389,-118.88214033554524,-648.7054852663571,-0.0002733225809413215,0.0014914423394745988,-0.0001357899729658957,3.2268038127449327e-10,0.30117214953996085,0.006373963724548585,-0.3011046931632894,0.0004473381397822175,9.467399558472696e-06,-0.00044723794522537444
762079.0100254118,-13.291732900758326,-100.4419992509634,-119.24774872664497,-647.0581619324026,-0.0002754598449209045,0.001494691034790824,-0.00013513363258235383,3.227578485833391e-10,0.3004894625313637,0.006196098237549532,-0.3004255739097763,0.00044733663568520044,9.224089645643083e-06,-0.00044724152512525363
763835.7835776907,-13.329418400403938,-100.45109840558726,-118.9961346144095,-645.1180460147285,-0.00027651824355596653,0.0014990983492723356,-0.00013441858591662294,3.229839495873467e-10,0.2995570261533453,0.006265545659384716,-0.2994914937947757,0.0004472346662882014,9.354376554178913e-06,-0.0004471368273461732
765596.6069112562,-13.384608365948413,-100.49467644508086,-119.0999333296594,-642.9391178671542,-0.00027856016910492414,0.001503755916483328,-0.00013365646842209883,3.233331859765097e-10,0.2986508557606988,0.006155605358184614,-0.29858741127058924,0.0004472878798160701,9.219219086561087e-06,-0.00044719285932334513
767361.4893618189,-13.414925716781012,-100.46568056684399,-118.36363832538981,-640.7748270090696,-0.0002787635159219089,0.0015091175484167672,-0.00013290018138929793,3.2367912365085575e-10,0.2975706810297479,0.00641980654220837,-0.29750142233688326,0.0004471750092842938,9.647378700687282e-06,-0.00044707093062803106
769130.4402866095,-13.417890909879803,-100.42083894408525,-117.61584538175661,-639.5282189942398,-0.00027816354723308827,0.0015124955092036439,-0.000132336560833245,3.2356416660883223e-10,0.297036255742213,0.006776635786405299,-0.2969589440188185,0.00044726405619766605,1.0203958441464944e-05,-0.00044714764362402024
770903.4690644301,-13.468198766416767,-100.41582393163542,-117.07042600222164,-636.8758934059649,-0.00027919353806306156,0.0015188433155928747,-0.00013148461595929696,3.2416440187325224e-10,0.29594329981565626,0.006913326496328318,-0.295862540079907,0.00044743868525040046,1.0452305290069811e-05,-0.00044731658405734314
772680.5850957021,-13.50696967220719,-100.43875031675996,-117.0075308829405,-635.1044157497209,-0.00028056104797625933,0.0015228554872707837,-0.00013081732490216353,3.2432094689908586e-10,0.2952702413655843,0.006915191894482329,-0.29518925379686994,0.00044759044144305837,1.0482511811552872e-05,-0.0004474676750529724
774461.7978025188,-13.493862438819662,-100.38378022758555,-116.24509245775023,-634.3810928468097,-0.0002794673681544238,0.0015251294542972767,-0.00013036780770476887,3.239439704750872e-10,0.2947069291079939,0.00732039184912209,-0.2946159974058426,0.0004472817247068872,1.1110283364276535e-05,-0.00044714371611410703
776247.1166286917,-13.515793628814762,-100.4147555907911,-116.42324811533409,-633.4215980621598,-0.0002806885765291615,0.0015271366293333735,-0.0001298712436196819,3.2368849549042377e-10,0.29418949072862,0.007284318632411416,-0.29409929472412255,0.00044708518060640224,1.107011301899444e-05,-0.0004469481080792333
778036.5510398041,-13.57320928875103,-100.5028026470606,-117.13018491514732,-631.8054462586684,-0.0002836785302408389,0.0015301746558554128,-0.00012924194847923484,3.237701201080645e-10,0.293819358384009,0.006959664499748778,-0.2937369204428372,0.000447494483754389,1.0599749075581426e-05,-0.0004473689286373629
779830.1105232586,-13.624188896183028,-100.55752531019624,-117.41638019298445,-629.9914610469341,-0.00028591011854351214,0.0015340358220316817,-0.00012857448536326342,3.239555827764014e-10,0.2931263500368241,0.0067992256203662236,-0.29304748355321886,0.0004476013699237547,1.038235798901836e-05,-0.0004474809414938359
781627.8045883297,-13.720607019805147,-100.66876934629519,-118.1434641133098,-627.130122548398,-0.0002901005381891342,0.0015399140987724942,-0.00012769614691224084,3.246851830822582e-10,0.29202111845854994,0.006342389324888815,-0.29195223534584214,0.00044774143282065235,9.724469582275119e-06,-0.00044763581777560444
783429.6427662116,-13.774924030453061,-100.74376702049473,-118.6823715156055,-625.4893693360029,-0.00029280976078128757,0.0015431895256864765,-0.00012706913237257265,3.247881673709571e-10,0.2913036320503245,0.006081182458333394,-0.2912401505040459,0.0004476581201363046,9.34520001807978e-06,-0.0004475605654663871
785235.6346100719,-13.834015392762616,-100.76966301613194,-118.49575779216852,-622.9683886867681,-0.0002946696466064573,0.0015491683277243564,-0.00012626591825360415,3.2535248026601064e-10,0.2901544317504425,0.006061423774248461,-0.2900911122496709,0.0004476138456500312,9.350803947187145e-06,-0.00044751616427024315
787045.7896950984,-13.897587859835816,-100.79250934837786,-118.2318823597739,-620.2337637535118,-0.00029656675441766664,0.0015557623766566627,-0.00012542252390690476,3.260353776690964e-10,0.28902369706545,0.006057682022480013,-0.28896020825348173,0.0004477569132549399,9.384590368904493e-06,-0.0004476585560795187
788860.1176185545,-13.963499406782843,-100.83685256545309,-118.24846262723644,-617.7212806359117,-0.00029893766106165245,0.001561628377388941,-0.00012462715894809593,3.266085642431585e-10,0.2880462974649767,0.005949243535598598,-0.2879848537417133,0.0004479468669136453,9.251793984964095e-06,-0.0004478513144848532
790678.6279998249,-14.01903750837427,-100.90024306483228,-118.6070852487958,-615.9037894387063,-0.0003014884140200115,0.0015655713676571944,-0.00012397468337568588,3.2681896890334796e-10,0.2873828810419471,0.005752556357474285,-0.28732530068082063,0.0004480939348566112,8.969516918889898e-06,-0.0004480041542458314
792501.3304804718,-14.071687776585208,-100.92848876366125,-118.49867908531783,-613.711367362588,-0.00030331113295030323,0.001570865528426722,-0.00012324925396431092,3.272321487584803e-10,0.2864180670393995,0.005726806051248875,-0.28636080880427284,0.00044809731921143675,8.959513154089732e-06,-0.0004480077394515835
794328.2347242814,-14.13344319265039,-100.96567475155734,-118.44334744985976,-611.2931893880182,-0.0003054961193003384,0.0015766837153249292,-0.00012248127224545103,3.277710364671845e-10,0.285428807239475,0.0056563645060123055,-0.2853727554317765,0.000448214578880751,8.882302594395256e-06,-0.00044812655960327835
796159.3504173188,-14.163887260399143,-100.94941446130362,-117.88956424353395,-609.3610603992537,-0.0003060326976450692,0.0015818568025971129,-0.00012181333402593994,3.2805407234685523e-10,0.28449192246026306,0.005852908785897917,-0.2844317095611534,0.00044813905317881775,9.219653686373597e-06,-0.00044804420425881037
797994.6872679765,-14.231706249814131,-101.0119277056526,-118.13527900959902,-607.0785609391895,-0.00030885014159152437,0.0015871321511672447,-0.00012107794119453878,3.2853015279498564e-10,0.28359199874653973,0.005659287321067726,-0.2835355254991427,0.0004482604768273706,8.945368149516118e-06,-0.00044817121223274844
799834.2550070285,-14.227558867332014,-100.89803425601187,-116.50787615787137,-605.1286311383788,-0.00030679768339926614,0.0015934722038899757,-0.00012041146306150503,3.2883075525627595e-10,0.2827096826902021,0.0063376351093989034,-0.2826386368988056,0.00044843243987380493,1.0052719624222955e-05,-0.0004483197474563556
801678.063387679,-14.28375830871179,-100.97612103223088,-117.05331782821295,-603.5299157246908,-0.00030970596078853577,0.001596851895206062,-0.00011981713580326441,3.2894351555833264e-10,0.28199597029915113,0.006071450728899942,-0.2819306027216738,0.00044832105279131787,9.652475458651013e-06,-0.0004482171305220671
803526.1221856172,-14.350991139414663,-101.00213010679788,-116.80197643572906,-600.7748297451778,-0.0003118269227979605,0.001603892093016004,-0.000118995862361086,3.2969199508161793e-10,0.28088775712815567,0.006053914242781965,-0.28082251018539595,0.00044852123017805306,9.666882926215034e-06,-0.00044841704393892623
805378.4411990665,-14.421168182210577,-101.05727756779001,-116.92440001900935,-598.3298415949893,-0.0003145920490364721,0.0016098420076257254,-0.00011823901288871953,3.302778645103194e-10,0.27987846139035294,0.005896438871170795,-0.2798163418366944,0.00044860512872237036,9.451147850623202e-06,-0.000448505559965894
807235.0302488382,-14.464551503842127,-101.08296146766753,-116.84700628508035,-596.5130812249926,-0.00031624625168097284,0.001614461782237024,-0.0001176088771403655,3.305218383925266e-10,0.2790917492201191,0.005888289685738203,-0.27902962661216224,0.0004486205187352762,9.465014930255139e-06,-0.00044852066097636836
809095.8991783821,-14.499331212828517,-101.06206352817145,-116.20282575392262,-594.3736056629531,-0.00031681621139754724,0.0016205044298974792,-0.00011691753410278494,3.309486517575621e-10,0.27823867629418686,0.00610512726609309,-0.2781716887230009,0.0004488442505571421,9.848563502394646e-06,-0.00044873618870684126
810961.0578538409,-14.538918524595172,-101.07979255475693,-116.04609677404214,-592.5981149222454,-0.00031824907922613243,0.0016251628419038059,-0.00011630018278117216,3.311767699170603e-10,0.2774105120807587,0.006134392599838489,-0.27734267872136054,0.0004487747511355104,9.923778633012304e-06,-0.0004486650152111063
812830.5161640991,-14.595307829758642,-101.0913874103912,-115.68056403302464,-590.098271259647,-0.0003199148667456255,0.0016319181307152034,-0.0001155432220042221,3.3181482770388577e-10,0.2763329918749862,0.006187673078564462,-0.2762637057241758,0.0004488602216214572,1.0050918243674907e-05,-0.00044874767698175624
814704.2840208396,-14.616816155599896,-101.06539703586586,-115.07129600252546,-588.4040690217713,-0.0003201220035531128,0.001636907691297051,-0.00011494651244254931,3.3200487771703e-10,0.27553386695836146,0.0064276394479663755,-0.27545888493957676,0.0004488431385755025,1.0470588952656475e-05,-0.000448720993283457
816582.3713585923,-14.678261035630833,-101.07281632336836,-114.6143409495853,-585.6648487670436,-0.00032182405084753995,0.0016444803722435383,-0.00011414825857844737,3.327905403811724e-10,0.2743453492584296,0.006497006046997989,-0.2742684079002812,0.0004489381207140711,1.063168627750161e-05,-0.000448812214046341
818464.7881347899,-14.710833410212143,-101.10959243127147,-114.76417864216444,-584.4399646808204,-0.000323515507221781,0.0016475122625495698,-0.000113647539476172,3.3272101008601455e-10,0.2738321541795816,0.006441774723417034,-0.27375637380898166,0.00044893296878434564,1.0560940366875304e-05,-0.0004488087309757839
820351.5443298181,-14.763188531877361,-101.09147132824526,-114.03478958524683,-581.6984960866783,-0.00032453679581795054,0.0016554822150214661,-0.00011285428994584182,3.3352023694692603e-10,0.2725389711495107,0.006629809943144685,-0.27245832051040686,0.00044889828666376666,1.0919944079305285e-05,-0.0004487654471892528
822242.6499470712,-14.798225019032065,-101.08926989238398,-113.64709278265097,-579.838842613202,-0.0003255162869782746,0.001660816677943593,-0.00011223477401046404,3.3382036437864774e-10,0.27170834287825374,0.006752195511370578,-0.2716244308699476,0.0004489204353139325,1.1156074620967643e-05,-0.0004487817946859053
824138.1150130022,-14.842207604198396,-101.08609256701354,-113.18151486566933,-577.6331270769067,-0.00032667038174368916,0.0016671948096291997,-0.00011155068039350205,3.343243737099275e-10,0.270748461846562,0.006875312594605214,-0.2706611528627736,0.0004489989082311847,1.140175581302219e-05,-0.00044885411834712626
826037.9495771788,-14.868075327584823,-101.1009403715175,-113.08760667751851,-576.3622762820451,-0.0003278070009204953,0.00167070110317656,-0.00011104926272326606,3.3429092253445224e-10,0.27027030062565954,0.006925156494738807,-0.27018156415234507,0.0004491225225058458,1.1507900596050717e-05,-0.00044897506439209447
827942.1637123341,-14.917874110588015,-101.10580634071893,-112.68652948114533,-574.0601000641177,-0.00032925858636198335,0.0016773452683672887,-0.00011035131022603254,3.3485961168622075e-10,0.2692232300302261,0.007007234569813827,-0.2691320238314119,0.0004491201345909674,1.1689519261587997e-05,-0.00044896798375211746
829850.7675144225,-14.971881615830098,-101.12680571280818,-112.46726872970896,-571.8342223719577,-0.00033113351717620486,0.0016836318640476371,-0.0001096706139011017,3.353899067426068e-10,0.2682949669180186,0.007016357926529565,-0.268203206533754,0.0004492321132819987,1.1748164101195792e-05,-0.0004490784700295282
831763.7711026708,-14.984920091998957,-101.06203694412089,-111.42374761240892,-569.9301835072092,-0.0003304032134699098,0.0016900056596490405,-0.00010905404764407163,3.357364344092924e-10,0.2672583035423651,0.007422598358775325,-0.2671552092809483,0.0004490413653394905,1.2471282116264672e-05,-0.0004488681486899358
833681.1846196344,-15.065672330388546,-101.1149225920325,-111.42831088857676,-567.1728943065198,-0.00033351648350262895,0.0016976072574255534,-0.00010827684657151584,3.365926779080793e-10,0.2662887757652563,0.00728111124721131,-0.26618921375135524,0.00044945637049354127,1.2289447142211384e-05,-0.00044928832442671623
835603.0182312478,-15.11291503402104,-101.09827106214563,-110.76968616635416,-564.6880040017635,-0.00033450764488062026,0.0017052720906628649,-0.00010755452670792639,3.372962942477775e-10,0.2651123269506579,0.007456792531126035,-0.2650074379075808,0.00044941543357391895,1.2640670794121485e-05,-0.00044923762684831757
837529.2821268826,-15.117422740876458,-101.01948813853033,-109.61684925847298,-562.9075262454706,-0.0003333027356461293,0.0017115855790656059,-0.0001069688155596033,3.375849494958506e-10,0.26413765366490427,0.00792303533569425,-0.26401879780551657,0.00044924999757415233,1.3475638766202544e-05,-0.0004490478454243141
839459.9865193974,-15.180268414884209,-101.00427209999017,-108.87285295993904,-559.8793913685819,-0.0003346656983481131,0.0017210206438884148,-0.00010614868379975208,3.38630170924543e-10,0.26286479209555125,0.008084883400743148,-0.2627404300518551,0.0004494759709539898,1.3824448636232267e-05,-0.00044926332265714285
841395.1416451951,-15.179528089496106,-100.91393890179674,-107.62052424310987,-558.134166868641,-0.0003330915550494307,0.0017274565318835687,-0.00010557442890855116,3.3890776734485075e-10,0.2619172902853347,0.008598520850958516,-0.2617761111896728,0.0004493427584843091,1.4751538830618709e-05,-0.00044910055299945566
843334.7577642753,-15.209971506967186,-100.86340071469692,-106.66333081109816,-555.8066393009082,-0.0003330127007617327,0.0017352793002751348,-0.00010489236122858742,3.395442664594021e-10,0.2608645740608837,0.00892371518941012,-0.2607118971339524,0.00044943624793595367,1.537441826593714e-05,-0.00044917320514666954
845278.8451602899,-15.192501078333363,-100.69382685002614,-104.53817466919095,-553.579574607325,-0.00032938006146818275,0.0017442247761518363,-0.0001042317883594462,3.401261898261781e-10,0.25963388720855995,0.009778968064482831,-0.2594496621131372,0.0004493175317197815,1.6923298575314528e-05,-0.0004489987152276581
847227.4141405963,-15.167700989767155,-100.51824901784354,-102.40522709201024,-551.548707518827,-0.00032541330693304613,0.001752657495569894,-0.00010361055566953135,3.4059342545178296e-10,0.25853984725107987,0.010658553208800471,-0.258320049280165,0.0004492781355800683,1.8521922111992074e-05,-0.00044889618121741635
849180.4750363139,-15.108163013159658,-100.29460255995454,-99.92471716990113,-550.1447919141865,-0.00031961157127150024,0.0017596511288749408,-0.00010310913359808545,3.4067724434554823e-10,0.2575769909995368,0.011752227758304626,-0.25730874729610803,0.0004490174796692212,2.0486906334510656e-05,-0.0004485498675926016
851138.0382023763,-15.048820865053457,-100.10362631968238,-97.86435285219642,-549.2060054549108,-0.0003144694245277518,0.001764774317196284,-0.000102696444784107,3.4047470646341933e-10,0.2570391983574484,0.012712349527162773,-0.2567246495016381,0.0004490634227915061,2.2209263127451224e-05,-0.0004485138864300175
853100.1140175896,-14.974574464864807,-99.92368451691108,-96.04824895198955,-548.991650952205,-0.0003092175198311705,0.001767422504498913,-0.00010242025939223156,3.398242694088585e-10,0.25684790205242247,0.013637499488142487,-0.2564856007584865,0.00044910146909204996,2.3845322488236012e-05,-0.0004484679811715319
855066.7128846832,-14.849825476052473,-99.63848621831406,-93.28036306431737,-549.2626261830573,-0.0003005256777653958,0.0017695849113607057,-0.00010223513638807606,3.3887543071561585e-10,0.25662148164693704,0.015029998849442144,-0.2561809594354253,0.00044881705980379577,2.628665320287528e-05,-0.00044804661033682173
857037.8452303697,-14.764624579556948,-99.51547811035078,-92.24061501569581,-550.2949115657813,-0.00029627655315107024,0.0017675454525920024,-0.00010219170112665168,3.374618123835132e-10,0.25697200293644074,0.015730787750952473,-0.2564900633745888,0.00044869718157958553,2.7467428541718814e-05,-0.00044785566997278167
859013.5215053955,-14.686232788187061,-99.40438200431446,-91.30285397958919,-551.2541807065197,-0.0002924336023000868,0.0017656101514967769,-0.00010213439668069819,3.3609978562912615e-10,0.2572820673317198,0.016377625489910955,-0.2567602686433316,0.00044854916879856954,2.855298224466704e-05,-0.00044763945763842504
860993.7521846007,-14.622760894291373,-99.29999206758278,-90.35353475295685,-551.7566296769369,-0.0002890396143076795,0.001765061254875897,-0.00010199237192371751,3.350214172291025e-10,0.2575478792815036,0.01699314399064304,-0.2569866595364693,0.0004486855039828749,2.9604504595285223e-05,-0.0004477077783465842
862978.5477669701,-14.547711329010271,-99.25794508437323,-90.23028109001011,-553.5508685337425,-0.00028684594886909965,0.0017597620467731806,-0.00010208869873755741,3.331674732325059e-10,0.2582911862745983,0.017362293192077678,-0.25770698027459704,0.0004485226596105357,3.0149623112457047e-05,-0.00044750818585841004
864967.9187756934,-14.502621970037858,-99.2806127948988,-90.70450715411646,-555.0770621668918,-0.0002867330179412155,0.0017546969408546468,-0.00010213472236731315,3.314872666429954e-10,0.25901039395877656,0.017440006539876617,-0.2584225809610486,0.0004484526865520209,3.0195768080014797e-05,-0.0004474349423835638
866961.8757582165,-14.485724061561545,-99.3626513841341,-91.72552621659302,-556.319312782586,-0.00028853147439748247,0.0017499559629009433,-0.00010212786864405056,3.2998636464634276e-10,0.2597595333160762,0.01725161058254186,-0.2591860279430472,0.0004485865024624338,2.9792321976686485e-05,-0.0004475960988913069
868960.429286302,-14.563053807658811,-99.66057445839014,-94.79011417743793,-556.8518877236932,-0.00029708325644680803,0.00174523866332554,-0.00010199052513135645,3.2891254290488e-10,0.2604658850782649,0.016079874266240655,-0.25996906533890873,0.000448931002687797,2.771477760040639e-05,-0.00044807469943842045
870963.5899560805,-14.669617811178775,-99.96436295817831,-97.74866318310566,-556.3836273495667,-0.0003063092758544782,0.0017435068720222562,-0.00010167038618979227,3.2843224585988934e-10,0.2605846573088758,0.014841291305127735,-0.2601616799168943,0.0004490476515795409,2.557497849566782e-05,-0.0004483187636760778
872971.3683881117,-14.750839354349461,-100.16816165008387,-99.64190576199915,-555.5575617462918,-0.0003127760208156987,0.0017438956247196394,-0.00010128594742719321,3.281640995646312e-10,0.2603452058091361,0.014036519996487333,-0.25996654072051206,0.0004489642260653995,2.4205920432790593e-05,-0.00044831121969286536
874983.775227436,-14.86105950880901,-100.4045712131319,-101.74441141078437,-554.1127094773417,-0.0003205630530404078,0.0017458262268714793,-0.0001007901851899356,3.2826306493853145e-10,0.2600226014241851,0.013081311859977969,-0.25969334325589216,0.00044918606433246553,2.2597816337909225e-05,-0.0004486172746197453
877000.8211436349,-14.975943166180311,-100.63398394634889,-103.72548826522896,-552.4398347005517,-0.0003282984628401806,0.0017485109164308667,-0.00010025478692118841,3.2849982686026297e-10,0.2596696362443992,0.012158793184709549,-0.2593848178586982,0.00044954547246983407,2.1049555527311477e-05,-0.0004490523889594943
879022.5168308843,-15.077089296095924,-100.79075281170019,-104.88762617124469,-550.3227240431347,-0.00033418973719286245,0.0017534213827946803,-9.964088535869983e-05,3.290051419370863e-10,0.2587795494199571,0.011543365261858483,-0.25852196408898676,0.000449440265552526,2.0048157438593085e-05,-0.00044899289936840034
881048.8730080143,-15.186914042069166,-100.98902089575033,-106.50566804225562,-548.4852717927016,-0.00034116798427027555,0.0017569545172488757,-9.907979556330029e-05,3.293480993328957e-10,0.25818526744979914,0.010757803232015332,-0.2579610474427206,0.00044955560953489616,1.873162956583289e-05,-0.00044916519468687736
883079.9004185627,-15.296359878617984,-101.11977225128116,-107.27225529675104,-545.7742501029339,-0.00034673650845903225,0.0017641081318187728,-9.836331873818336e-05,3.302228262583029e-10,0.2570859881756403,0.010259072564768615,-0.256881211353334,0.00044960903885873785,1.794174699352487e-05,-0.00044925091156089865
885115.6098308356,-15.410402794772951,-101.3123648093831,-108.77966418648072,-543.7782799034582,-0.00035372298862457375,0.0017682246011243557,-9.777818878280117e-05,3.3067264940616737e-10,0.2564448033466545,0.009505336787400297,-0.2562685812503405,0.00044977815372576553,1.6671395851992726e-05,-0.0004494690780568832
887156.0120379608,-15.49200101850245,-101.41055208135197,-109.32524114562926,-541.677889475164,-0.0003580126899361008,0.0017738589575264471,-9.717649714790954e-05,3.311913786341986e-10,0.2555332178465559,0.009166962819569446,-0.2553687377414864,0.00044970623389737935,1.6132698365428733e-05,-0.00044941676965775827
889201.1178579485,-15.59115125877467,-101.55174619040285,-110.28325469767293,-539.5647406697088,-0.000363620111432388,0.0017790243103103392,-9.657477242330612e-05,3.3172375276117983e-10,0.2547139777367011,0.008643145685866294,-0.25456729264991124,0.00044973858063665755,1.526086674762516e-05,-0.00044947958447429684
891250.9381337455,-15.689186970569997,-101.67958056219356,-111.07674525234337,-537.3336119951375,-0.0003689455027393619,0.0017847733939802385,-9.595423329093343e-05,3.323350321961645e-10,0.25390141123580606,0.008182134117447058,-0.25376953975766675,0.0004499023611766516,1.4498389122716068e-05,-0.00044966869059917053
893305.4837332955,-15.77504671673891,-101.7519510304723,-111.25512158249659,-534.7882839029298,-0.00037286860547503355,0.0017923288277152324,-9.528005865930046e-05,3.331487955156195e-10,0.25278871478700266,0.007959573700346253,-0.2526633719203742,0.00044988797005479837,1.416564998784689e-05,-0.00044966489740744605
895364.7655495937,-15.910610516204201,-101.91629629316664,-112.22803602827415,-531.8104983165554,-0.00037989632137519404,0.0018001994789276104,-9.453160639316636e-05,3.3424369621251437e-10,0.25175479772670895,0.007337394169350656,-0.2516478508257516,0.00045022888087635504,1.3121921787570228e-05,-0.0004500376210315933
897428.7945007486,-15.966797203766333,-101.97453504744391,-112.43771048113207,-530.1363046817451,-0.00038284912139373355,0.0018051080691507443,-9.40172790527733e-05,3.34528085541825e-10,0.25103229618608475,0.0071933444460520425,-0.25092921217773473,0.0004502003800866148,1.2900516996848801e-05,-0.00045001550961199817
899497.5815300351,-16.05907372860353,-102.06384667299105,-112.77328490281637,-527.6646244346219,-0.00038734037025805177,0.0018123601806643661,-9.336371214100301e-05,3.3532208072227684e-10,0.25003947309557856,0.006907107319874078,-0.24994405368879313,0.0004503132487927131,1.2439483648181733e-05,-0.0004501414014338323
901571.1376059571,-16.14686092577835,-102.13245633800726,-112.87853395606749,-525.0799329574403,-0.0003913272266194578,0.0018203467631652478,-9.269270428337795e-05,3.361976787186788e-10,0.24895134134507715,0.006710562537932969,-0.24886088223732072,0.0004503870756321288,1.214032678424816e-05,-0.000450223422715914
903649.4737223014,-16.1784346613893,-102.14051834293805,-112.63214239359587,-523.5752391931553,-0.0003926968428597654,0.0018254677489148881,-9.221450332379651e-05,3.363884159887251e-10,0.24819880554241117,0.006786751481902556,-0.24810599967957753,0.0004502443648471396,1.2311487977013875e-05,-0.0004500760106253121
905732.6008982003,-16.265459372751437,-102.23873250248174,-113.11035209130452,-521.4492351415743,-0.00039729209089514,0.0018315534616834932,-9.162883533392589e-05,3.369830811464986e-10,0.2473491741665779,0.006470878904143009,-0.24726451764678248,0.0004503073542377073,1.1780449110999943e-05,-0.00045015323424286
907820.5301781857,-16.33739405299046,-102.27397171468199,-112.90796426829324,-518.9752665712163,-0.0004002642833618634,0.0018397928304070374,-9.098437000651552e-05,3.378107540303984e-10,0.2462371290131748,0.00642127628510625,-0.24615338899865105,0.00045030103270958614,1.1742775567945363e-05,-0.00045014789489819973
909913.2726322517,-16.398026086277895,-102.3169856356688,-112.88405447658758,-516.9966147368136,-0.0004031165803081996,0.0018462298181081437,-9.042902139355343e-05,3.38323708215354e-10,0.245409632289725,0.0063462326405342,-0.24532756256044747,0.0004503727896029969,1.1646529401147096e-05,-0.00045022217622824127
912010.8393559096,-16.484909161531192,-102.41110377129374,-113.30460424273039,-514.86311425547,-0.0004076849642941895,0.0018525456379686685,-8.984872340696744e-05,3.3894431369593623e-10,0.24456261728949935,0.0060532497105412605,-0.24448769282610516,0.0004504567899899191,1.1149404041542778e-05,-0.00045031878756891824
914113.2414702504,-16.516459947194836,-102.37145388022535,-112.46116804828146,-512.720608369288,-0.00040816315442951986,0.0018608526346017176,-8.926904845597482e-05,3.395778526882415e-10,0.24355049955861455,0.006326939306772619,-0.24346830527659882,0.0004504762138106376,1.170244228235999e-05,-0.00045032418550839054
916220.4901219996,-16.63226742341636,-102.53622644210289,-113.54475377694637,-510.63915803375403,-0.0004149348718883179,0.0018660659041643353,-8.870217050759675e-05,3.401778377212086e-10,0.24277459541940297,0.005738925770492219,-0.2427067549782156,0.0004505255197458599,1.0649930282315182e-05,-0.0004503996258071925
918332.596483581,-16.66307647129046,-102.49824197057261,-112.72693708389792,-508.55219814030346,-0.0004154565109325519,0.0018742753713711078,-8.813647306455533e-05,3.4078823701735555e-10,0.24173323825657123,0.00600433286567566,-0.24165865692096858,0.0004504403297627402,1.1188340070758483e-05,-0.0004503013565638318
920449.5717531712,-16.75770843602611,-102.58768897682091,-113.02464999425733,-506.1540503150639,-0.00042021832625896633,0.0018818479673540207,-8.751910104123397e-05,3.4161538012532014e-10,0.24070786483659848,0.00573272058782668,-0.24063958965402196,0.0004504381284050001,1.0727675782436027e-05,-0.00045031036463011407
922571.4271547634,-16.823427349146446,-102.6082226652226,-112.67858785020023,-503.75542328625943,-0.00042286292361453146,0.0018905055090031903,-8.690401996582615e-05,3.424525441164096e-10,0.2397393410985715,0.005753028951864586,-0.23967030339250672,0.00045066528626577546,1.0814622362799161e-05,-0.00045053550824342733
924698.1739382225,-16.84043346720265,-102.55117835288704,-111.73065866698475,-501.86257403867614,-0.00042266219124256483,0.0018984792336903993,-8.637835746003522e-05,3.429535651391345e-10,0.23868970560942301,0.006094371526725888,-0.2386118903148107,0.0004504238582505471,1.150049739125315e-05,-0.0004502770154483379
926829.8233793494,-16.88037512451416,-102.58244850638955,-111.7032385898124,-500.4516236391043,-0.0004248411213150587,0.0019033685292824587,-8.593740476554343e-05,3.4312947758464935e-10,0.23806116831748528,0.006077320835770137,-0.23798358353496815,0.00045038856758786156,1.1497699710286338e-05,-0.00045024178472818113
928966.3867799363,-16.988084866529324,-102.64773126540555,-111.60502821149639,-497.3456468486717,-0.00042956670782450944,0.0019142787344918902,-8.520762349171342e-05,3.444782535068426e-10,0.23673664022596458,0.0059022817468291884,-0.23666305139514032,0.0004505036227870403,1.1231887497931716e-05,-0.00045036358517033955
931107.8754678305,-16.99379493148854,-102.59393020407052,-110.78355673045097,-495.8638879470882,-0.0004291374925211017,0.0019208065870563221,-8.475837327430212e-05,3.44712990716332e-10,0.23593426222677447,0.006231996557631691,-0.2358519415044066,0.0004503515794355445,1.1895641888877846e-05,-0.0004501944455500769
933254.300796991,-17.02143037154371,-102.56026315339429,-110.05407529373116,-493.96258195154815,-0.0004297125253332835,0.0019287055744553559,-8.423919027524058e-05,3.4524395223054816e-10,0.23504322517891538,0.00647454167230496,-0.23495403382925756,0.0004503749631348794,1.240610727988413e-05,-0.00045020406031143694
935405.674147552,-17.09511306195975,-102.61620009560181,-110.0841741705645,-491.83502292433025,-0.0004333677699371892,0.0019362042606730701,-8.368345119935113e-05,3.459399199616826e-10,0.23418865318363383,0.006350264305767117,-0.23410254040315587,0.00045051833628227764,1.2216264413731503e-05,-0.0004503526775876049
937562.0069258802,-17.119545045305784,-102.59073697000792,-109.47912458982496,-490.15366237297934,-0.0004340339923202304,0.0019432321159599314,-8.320556684782854e-05,3.463282191029814e-10,0.23331014296527705,0.006557679553044116,-0.23321796596608418,0.00045035038564738064,1.2658058831608045e-05,-0.0004501724596189332
939723.310564638,-17.155475481763588,-102.58776370028782,-109.06530793136216,-488.42008245953895,-0.00043547838382911014,0.0019501745529661597,-8.272059398215797e-05,3.467581035043925e-10,0.2325148576221991,0.00667479738347627,-0.23241903126672103,0.0004503509504244626,1.2928211884091919e-05,-0.0004501653472733067
941889.5965228414,-17.187529224158244,-102.56435618990346,-108.4348398057153,-486.53112099094676,-0.00043640905464838463,0.0019581030132852814,-8.221115633892911e-05,3.4730377707950434e-10,0.231652877424513,0.006871843190557695,-0.2315509304455951,0.00045040164004404723,1.3360893581653343e-05,-0.0004502034249948208
944060.8762859236,-17.194217082770564,-102.4829784457197,-107.29308308557889,-484.6491517456723,-0.0004354487054114189,0.001966947352403567,-8.170480326340364e-05,3.478505342333448e-10,0.23067080463310907,0.007297084189588281,-0.2305553570672693,0.00045031274330228986,1.4245279131651398e-05,-0.00045008736796637086
946237.161365793,-17.18369739316878,-102.38979692911313,-106.13751074417442,-483.151308139683,-0.0004337448123193531,0.0019744609799264502,-8.126495353527961e-05,3.4812641030621213e-10,0.22983672759872792,0.007770979953524794,-0.22970531823154156,0.0004501735654882876,1.5220760361346296e-05,-0.00044991617832487426
948418.4633008973,-17.106508310396386,-102.2363139999885,-104.73656252304839,-482.94368686470204,-0.0004288890086294969,0.0019776211295620405,-8.104320821847613e-05,3.4747505983860925e-10,0.2295408325144975,0.008502252624786322,-0.22938331563510217,0.0004499867690696146,1.6667627918442826e-05,-0.00044967797646458405
950604.7936562814,-17.05591872633409,-102.16164923765345,-104.08555295691386,-482.97965243401876,-0.00042639988151021557,0.001978588389254755,-8.08628355449612e-05,3.4665007380626873e-10,0.2294981245356205,0.008926518778783244,-0.2293244566718936,0.0004499324407935921,1.7500493261348652e-05,-0.00044959196391182167
952796.1640236521,-17.058947543310932,-102.21267199418169,-104.54373626093275,-483.01671051393083,-0.00042804649259825886,0.0019776757192396135,-8.068304636076476e-05,3.45826266190582e-10,0.22960251414064078,0.00885357292544373,-0.22943175182645711,0.00044995186397209415,1.735033980584423e-05,-0.00044961722120108303
954992.5860214359,-17.128198607272584,-102.36410577655319,-105.72738237566783,-482.3162403700993,-0.00043365153757026414,0.0019782687751450302,-8.038074317225855e-05,3.455319778306838e-10,0.2294664067329984,0.008369760003352919,-0.2293137129271604,0.0004500145987018245,1.6414229179620484e-05,-0.0004497151455368198
957194.0712948447,-17.213242130240115,-102.47444653218209,-106.31628797876675,-480.5759947900184,-0.0004388584594122027,0.001983749101042313,-7.990651780643588e-05,3.459856273297408e-10,0.22876951078195162,0.0080314261741607,-0.22862848741358213,0.00045001689706168223,1.5798772631553483e-05,-0.0004497394872860968
959400.6315159331,-17.282029322555264,-102.60030408334165,-107.1991825246576,-479.5696186200278,-0.0004439281381742108,0.001985970815308559,-7.955579020150448e-05,3.459142629512979e-10,0.2284817079903011,0.0076472005169091785,-0.22835369760619031,0.00045010897152597345,1.5064985245405278e-05,-0.00044985679106547376
961612.2783836648,-17.3518010521888,-102.66479485265856,-107.34823783458994,-477.71013948387383,-0.00044778692496030706,0.0019926955364787183,-7.906505748010306e-05,3.464620512167826e-10,0.2276550372861644,0.007490702227141178,-0.22753176785211598,0.00045004729968993825,1.4808239476241869e-05,-0.0004498036104810847
963829.0236239705,-17.46836420935207,-102.81239176172753,-108.15013002386307,-475.5484878453738,-0.0004547126221238507,0.0019994233923481155,-7.852626416653287e-05,3.4723646525279663e-10,0.22688062187461086,0.007008162124697727,-0.2267723577640011,0.0004502272570752891,1.3907162209231753e-05,-0.00045001241522076317
966050.8789898136,-17.576717423477792,-102.96893955279499,-109.11294998105431,-473.79178314567275,-0.00046159137797134527,0.0020043285612907106,-7.80562451977773e-05,3.477223508099939e-10,0.2263467438224505,0.0065005687054678855,-0.22625337797595757,0.00045048550109936007,1.293772510821099e-05,-0.00045029968017950656
968277.856261249,-17.625883193130147,-102.97629980133713,-108.72345881349166,-471.8233778167395,-0.0004637619196215915,0.00201257132367354,-7.755317583715177e-05,3.483699419940644e-10,0.22543673136888667,0.006572297140321142,-0.22534090787202155,0.00045046666809567265,1.3132734743615009e-05,-0.0004502751940129178
970509.9672454898,-17.669850697696262,-103.00134357874943,-108.57928612525798,-470.25824679461624,-0.00046614100072420937,0.0020188625066734738,-7.711814101148732e-05,3.487255045060098e-10,0.22470099448524639,0.006579324023799791,-0.22460465137224692,0.0004503790167953531,1.3187255765401413e-05,-0.000450185911657536
972747.223776965,-17.74365411361541,-103.08060178181529,-108.86413368078318,-468.5342652134193,-0.00047050795191348277,0.0020249928977827195,-7.665870690137516e-05,3.4920364970816605e-10,0.22399563809638248,0.006375450898885515,-0.22390488943308373,0.00045040611053585985,1.2819633751277731e-05,-0.0004502236348732975
974989.6377173872,-17.840226170934198,-103.16565557069552,-109.05565370364293,-466.21801511986473,-0.0004757013075526243,0.002033645316544468,-7.610429772211233e-05,3.501314163346244e-10,0.2230391672903818,0.006143486141668307,-0.22295454183221755,0.0004504879954088838,1.2408433865695123e-05,-0.0004503170713802833
977237.2209558106,-17.915021942196933,-103.2530697618672,-109.42548430845444,-464.6018406334338,-0.0004802969641110331,0.002039258541891557,-7.566604906235722e-05,3.5054131023401457e-10,0.22235627362200697,0.005911651974040353,-0.22227767496985085,0.0004504422988580511,1.1975637394257559e-05,-0.0004502830761971041
979489.9854086991,-17.956622473107377,-103.2747520860258,-109.25298590076629,-463.08404182821215,-0.0004826023346133302,0.0020455774079388774,-7.524539854604155e-05,3.5088137519979995e-10,0.2216700476327466,0.005935508366522424,-0.22159056784514786,0.00045041616920158073,1.2060487960656817e-05,-0.0004502546725003283
981747.9430199844,-18.005180979175233,-103.26071116089726,-108.61284894857647,-460.87607105592514,-0.00048443867778076366,0.0020556149354744634,-7.471439627944192e-05,3.517515110476975e-10,0.2206060754433617,0.006086662778907487,-0.2205220919970107,0.0004503598910424173,1.2425717562001073e-05,-0.0004501884416583875
984011.105761134,-18.02300280310665,-103.25756043399956,-108.31585484760146,-459.72906825606765,-0.00048554029923980965,0.002060797005981741,-7.43570405533064e-05,3.518180903691722e-10,0.22003489225650613,0.006208523610353755,-0.21994728469547412,0.00045025221736263803,1.2704355629430464e-05,-0.00045007294807399077
986279.4856312105,-18.129678537191346,-103.36707148218358,-108.71449789115968,-457.50184730867807,-0.0004916387636968104,0.0020689571948815082,-7.382661966881478e-05,3.5271772091505834e-10,0.21918555794650663,0.005891074095073882,-0.21910637612431036,0.0004504254329418574,1.2106133381350848e-05,-0.00045026271461826885
988553.094656939,-18.209859424975598,-103.41565656228784,-108.58483304268468,-455.2395809557641,-0.0004957447744512023,0.0020783993220624035,-7.329260309011196e-05,3.5365525584935666e-10,0.2182699051025571,0.005806464720060573,-0.21819265899872517,0.00045061294999893805,1.19873062451824e-05,-0.00045045347728231563
990831.9448927676,-18.252382732582248,-103.474031517004,-108.83006181040086,-454.21665544563785,-0.000498861761528063,0.002082065534849681,-7.295972472573558e-05,3.5363649422162214e-10,0.21784378823306294,0.0056982866758856715,-0.21776924851936968,0.00045056718956347025,1.1785789412245924e-05,-0.0004504130187717206
993116.048420934,-18.27091674054149,-103.42964666090963,-108.04636702698086,-452.49247911018995,-0.0004992359261250972,0.002090773693638454,-7.25156087013193e-05,3.5416754941138e-10,0.2169038745736295,0.0059664023206953565,-0.21682179975362348,0.0004503466727440135,1.2387742905280426e-05,-0.0004501762648977801
995405.417351527,-18.348781940122407,-103.49624097275417,-108.1393027502894,-450.56283495448423,-0.000503674013227087,0.0020985597791076138,-7.204029745719162e-05,3.5486630615489946e-10,0.21615503106688938,0.005819213135692178,-0.21607668595665128,0.00045051885591761766,1.212863393136353e-05,-0.00045035556594348657
997700.0638225536,-18.419104623190506,-103.55854469601715,-108.2332173012102,-448.8030541127461,-0.0005078067129251287,0.002105686307240577,-7.159388590505995e-05,3.5543838586918883e-10,0.2153786000670827,0.005688543064259428,-0.2153034645440301,0.00045047287683702654,1.1897813238502442e-05,-0.0004503157279131705
1e+06,-18.297054851020363,-103.33823719843393,-106.39676045185185,-448.7520691377732,-0.0005002229226553709,0.0021098017516550708,-7.142111002599258e-05,3.546611905270849e-10,0.21506869671806783,0.006631392045994655,-0.2149664367931435,0.000450219390582702,1.3881989016637182e-05,-0.0004500053222325282
