Frequency (Hz),Trace M (dB),Trace th (deg),Trace Rs (Ohm),Trace Xs (Ohm),Trace Gp (S),Trace Bp (S),Trace Ls (H),Trace Cs (F),Trace Vrms (V),Trace Vreal (V),Trace Vimag (V),Trace Irms (A),Trace Ireal (A),Trace Iimag (A)
10000,33.2600344563367,-88.92054749913737,884.4317936889175,-46938.80771395634,4.012786727193889e-07,2.129677222471274e-05,-0.7470543270516139,3.390689939586465e-10,0.7084850413651018,0.01512555777137965,-0.7083235640159197,1.509107516799042e-05,3.221817200908871e-07,-1.50876356220972e-05
10023.05238077899,33.22292870692254,-88.81683804324783,965.3072819538136,-46739.30822873562,4.416882177991866e-07,2.138614526032846e-05,-0.7421683194596683,3.397330916909772e-10,0.7084965535750233,0.01641201479577968,-0.7083064394723719,1.515519339694783e-05,3.510634695518986e-07,-1.515112673497378e-05
10046.15790278395,33.20157644063969,-88.86956427788422,920.0949748252776,-46628.67354187539,4.230166576310912e-07,2.143768433818592e-05,-0.7387086641303153,3.397559495439484e-10,0.7083615709388791,0.01576129723286581,-0.7081862019924802,1.518853954224894e-05,3.37950414138399e-07,-1.518477931825298e-05
10069.31668851804,33.15877283508735,-88.90364406819774,888.0742994896807,-46405.27531702678,4.122451628394308e-07,2.15413848713664e-05,-0.7334786640156929,3.406063795339393e-10,0.7082724438428113,0.01534224936326592,-0.7081062562155087,1.525991416304774e-05,3.305527560570618e-07,-1.525633360735954e-05
10092.52886076684,33.17054526747101,-88.72893664685945,1030.869778012924,-46460.9397330404,4.773248851256686e-07,2.151286534333349e-05,-0.7326695143724543,3.394158678432758e-10,0.7083940549499393,0.01750847854503043,-0.7081776544536378,1.52432877519291e-05,3.767490349410625e-07,-1.523863122635306e-05
10115.79454259898,33.12462973133734,-88.9667265207575,833.7853426693133,-46229.00235172387,3.900173816001029e-07,2.162440802027297e-05,-0.7273352782621243,3.403342134152182e-10,0.7084770761430885,0.01457509093845053,-0.7083271378003214,1.532283957843066e-05,3.152279555842826e-07,-1.531959673367217e-05
10139.11385736679,33.13078264560214,-88.83528563257873,940.4414389565671,-46256.75147061994,4.393412903018195e-07,2.160953360245466e-05,-0.7260980349454749,3.393477717691431e-10,0.7084050093195441,0.01620250634365334,-0.7082196947397094,1.531141572144107e-05,3.501998250905341e-07,-1.530741034523147e-05
10162.48692870695,33.06701526442152,-88.88554081643969,893.4389830543082,-45927.05393287964,4.234122325005658e-07,2.176542193336601e-05,-0.7192646550341895,3.409977739222839e-10,0.7083701949943929,0.01558469792718129,-0.7081987364765012,1.542084306382993e-05,3.392705997944486e-07,-1.541711050292456e-05
10185.91388054117,33.07301955621828,-88.89626582274595,885.444655713762,-45958.49904913855,4.190526328853369e-07,2.175068752826222e-05,-0.7181017222939604,3.39980724424593e-10,0.7084883095086985,0.01545887510664308,-0.7083196368101978,1.541291717270568e-05,3.363024603286925e-07,-1.540924775671618e-05
10209.3948370768,33.03091304623045,-88.89941826318156,878.7359510678069,-45740.96322390444,4.198435915064807e-07,2.185417616697468e-05,-0.713058953546497,3.408119591266799e-10,0.7084859578722957,0.01542402772911183,-0.7083180442928416,1.548618300142001e-05,3.371405084009539e-07,-1.548251272342656e-05
10232.92992280754,33.0008035675981,-88.89050749622493,882.8451121147601,-45585.68539217177,4.246828066525963e-07,2.192848615218164e-05,-0.7090038942048754,3.411863459997749e-10,0.7083753228868892,0.01553594582956707,-0.7082049367678012,1.55364599978983e-05,3.407425316947771e-07,-1.553272299995685e-05
10256.51926251407,32.98006974314267,-88.8110131723471,943.8542392017447,-45476.61938699261,4.561855760045771e-07,2.197985340124306e-05,-0.7056808050857656,3.412180201558297e-10,0.7084991996795147,0.01652560455984774,-0.7083064452201775,1.557601057153006e-05,3.633073847388231e-07,-1.557177295842096e-05
10280.16298126474,32.96924398264788,-88.8818343088153,886.5831161879457,-45423.52000992174,4.295289772427342e-07,2.200664296035443e-05,-0.7032357128372353,3.408312015651928e-10,0.708476578290925,0.01565378654780899,-0.7083036220107397,1.559410867204205e-05,3.445517551820106e-07,-1.559030177268734e-05
10303.86120441616,32.94162573048406,-88.83049429769045,924.3843255572167,-45280.63837030764,4.506574287008181e-07,2.20752943269497e-05,-0.6994113449337123,3.411203202213683e-10,0.7083302903256259,0.01628930744074155,-0.708142964842472,1.563980527186292e-05,3.596649753176437e-07,-1.56356691589238e-05
10327.61405761398,32.92686433399912,-88.89825910561892,869.4044581551714,-45207.60433738992,4.252440874307424e-07,2.211199433250698e-05,-0.6966772436982896,3.408855863281051e-10,0.7084217209220989,0.01545798046199823,-0.7082530518919524,1.566746088421071e-05,3.418688290952088e-07,-1.566373059848661e-05
10351.42166679344,32.90893104341564,-88.96347090868248,816.3194320506766,-45118.42071368368,4.008761442224024e-07,2.215664336651839e-05,-0.6937037164777119,3.407738352483354e-10,0.708548957087241,0.01465873087190018,-0.7083973081531593,1.570158285406231e-05,3.248403303939974e-07,-1.569822228415476e-05
10375.28415818013,32.84897661892994,-88.93373147831778,834.0743997735213,-44813.68897326242,4.151767101178681e-07,2.23068828886446e-05,-0.6874337135772982,3.423019995000039e-10,0.7084782516664253,0.01502916748432509,-0.7083188245479876,1.580662482732631e-05,3.353108035892533e-07,-1.580306790141853e-05
10399.20165829059,32.84292997367287,-88.91351426932783,849.3015317252416,-44782.51221928885,4.233395322492935e-07,2.232211654834882e-05,-0.6853755141954437,3.417524829629809e-10,0.7083595006192996,0.01528079350424425,-0.708194662128644,1.581487275092859e-05,3.411598271662324e-07,-1.581119255781775e-05
10423.17429393304,32.80758422996522,-88.99649985727311,781.3464413843867,-44607.14439710195,3.925559517119074e-07,2.24110574957368e-05,-0.6811214441789633,3.42306944268701e-10,0.7083350247928548,0.01425881872898426,-0.7081914948915641,1.587691769416308e-05,3.196031305133873e-07,-1.587370055488621e-05
10447.202192208,32.80086132940697,-88.8732765851308,876.5724489169137,-44569.43633477619,4.411086505592282e-07,2.242822477721067e-05,-0.6789804555318909,3.418086035473655e-10,0.7085517777981353,0.01579096072657282,-0.7083757953094034,1.58945770933118e-05,3.542304888796387e-07,-1.589062936878147e-05
10471.285480509,32.80553673695123,-88.91622134173268,843.6244735263932,-44594.30575722391,4.240674682228004e-07,2.241636525854979e-05,-0.677796838623538,3.408322836302977e-10,0.7084669251265931,0.01526246473810021,-0.708302506820672,1.588404002121896e-05,3.421890170513015e-07,-1.58803537137022e-05
10495.42428652322,32.77448607985229,-88.87915262104323,869.4160564234176,-44437.37569899298,4.401134480423887e-07,2.249496831389791e-05,-0.6738582269235023,3.412492679372985e-10,0.708557677198135,0.01572701990980561,-0.7083831186308529,1.594197748066116e-05,3.538452906635031e-07,-1.593805005338428e-05
10519.61873823223,32.75339225914247,-88.78248579348094,942.110091920519,-44328.68782806331,4.792209381635716e-07,2.254857001395627e-05,-0.6706640196923515,3.412991885166259e-10,0.708370812375257,0.01692198774782777,-0.7081686622237982,1.597630003268716e-05,3.816514580862422e-07,-1.597174082243324e-05
10543.86896391259,32.72364623684361,-88.87951222867358,864.1736171765922,-44183.60474183241,4.424993211746524e-07,2.262417495362479e-05,-0.6669315715463622,3.416323485508735e-10,0.7084826104831976,0.01572952354216715,-0.708307977821952,1.603184391478185e-05,3.559343060091815e-07,-1.602789225312341e-05
10568.17509213659,32.70668976640258,-88.94765577685597,810.0971372597746,-44101.47037774931,4.163748072002388e-07,2.266733257186417e-05,-0.6641607417596791,3.414814070339734e-10,0.7085763983887661,0.01489339520542875,-0.7084198607696217,1.606418981913594e-05,3.376493038371706e-07,-1.606064094277838e-05
10592.53725177289,32.67337397282229,-88.91052638494845,835.5224929151005,-43935.10967636974,4.326908191099647e-07,2.275261139556927e-05,-0.6601336123796463,3.419860702461913e-10,0.7086542131121272,0.01535848910478248,-0.7084877631787203,1.612659223135258e-05,3.495076816022667e-07,-1.612280438933693e-05
10616.95557198725,32.64028678843452,-88.83055557573049,893.4799284512147,-43769.09142334946,4.661962764544218e-07,2.283765621991007e-05,-0.6561266275849418,3.424937101926468e-10,0.708510140506747,0.01634836753652486,-0.7083215019182892,1.61840245020519e-05,3.73434853861698e-07,-1.617971555661401e-05
10641.43018224316,32.63653970628781,-88.92693132219132,819.541254595021,-43753.73705900056,4.279452134836105e-07,2.284717485719786e-05,-0.6543879358718951,3.418259103522134e-10,0.7086563460717241,0.01516437713972193,-0.7084940779524495,1.619357760688119e-05,3.465227108080506e-07,-1.618986960172867e-05
10665.96121230258,32.5926930173297,-88.87559173457123,854.4988520116768,-43536.58187391292,4.506460378055778e-07,2.2960344621749e-05,-0.6496425472245273,3.427407973587902e-10,0.7083972162102798,0.01579779828345025,-0.7082210428276396,1.626811842689955e-05,3.627914501617005e-07,-1.626407266078575e-05
10690.54879222658,32.58300148794343,-88.89686198523083,837.4290603671899,-43489.77304036023,4.426013612725592e-07,2.298538904376937e-05,-0.6474515469543426,3.423205651099358e-10,0.7084746149972724,0.01554095006532711,-0.7083041429828011,1.62875247334277e-05,3.57279715055076e-07,-1.628360565560433e-05
10715.19305237607,32.55188927189989,-88.76109114901591,937.1418499860085,-43333.21547392169,4.988390312350032e-07,2.306619774544427e-05,-0.6436370683224901,3.427671671930268e-10,0.7084442817042551,0.01722298146867811,-0.7082348969012947,1.634487767754041e-05,3.973601490167806e-07,-1.634004685445339e-05
10739.89412341244,32.53564137972477,-88.88816451315871,839.5386852115466,-43258.18525296964,4.484774093579993e-07,2.310830840498047e-05,-0.6410448681413555,3.425719781490949e-10,0.7086261793342651,0.01566059515107339,-0.7084531091027776,1.637817635875662e-05,3.619566941604329e-07,-1.637417625989432e-05
10764.65213629835,32.52540045916436,-88.87174307819527,850.9492983251008,-43207.80161517448,4.556285485707739e-07,2.313499520547778e-05,-0.638825585826474,3.421826311346513e-10,0.7086146479243984,0.01586778851705261,-0.7084369644086884,1.639691559242929e-05,3.671710565322508e-07,-1.639280410303544e-05
10789.46722229829,32.49027749230069,-88.92930358483697,804.3731254620583,-43039.10964288108,4.340895451968592e-07,2.322656854034497e-05,-0.634867960095575,3.427337345492943e-10,0.7084809722218528,0.01515762450342642,-0.7083188084611581,1.645839511946553e-05,3.521197928118326e-07,-1.645462796783801e-05
10814.33951297938,32.46628312133452,-88.92719615629535,803.7813188216604,-42922.9401779953,4.361207150094813e-07,2.328939840027549e-05,-0.6316981349777875,3.428709325130646e-10,0.7085651037515708,0.01518990448210297,-0.7084022678226678,1.650488727498442e-05,3.53824454333826e-07,-1.650109427327346e-05
10839.26914021203,32.46036232121631,-88.91298205512227,813.8822772590488,-42893.8866265401,4.421956477955917e-07,2.330495516768262e-05,-0.6298186710495924,3.423140557661066e-10,0.708509742601976,0.01536887963014824,-0.7083430333537786,1.651469868733407e-05,3.582341935365458e-07,-1.65108128508567e-05
10864.25623617066,32.42851518761375,-88.9371926512342,792.9173424770371,-42741.14823838316,4.338964571441585e-07,2.338860786796931e-05,-0.6261326010440096,3.427472242773726e-10,0.7084760423733286,0.01507329160575036,-0.7083156771504796,1.657305786743295e-05,3.526026556917155e-07,-1.656930651670372e-05
10889.30093333433,32.38739815864013,-88.85344371127874,851.4122024764168,-42541.14215616576,4.70270411825399e-07,2.349724420570194e-05,-0.6217693036843647,3.43566638611261e-10,0.7086608561301969,0.01611727355080306,-0.7084775525762776,1.665484954401307e-05,3.787859364974002e-07,-1.665054156921101e-05
10914.40336448757,32.35679195840389,-88.83191689743374,864.4049524886013,-42394.15307082341,4.80756099451756e-07,2.357835596755042e-05,-0.6181958641339607,3.439649324315728e-10,0.7086354351907789,0.0163873345538792,-0.7084459296758249,1.671186862469933e-05,3.864652663039572e-07,-1.670739948427493e-05
10939.56366272094,32.34169656790525,-88.83183441587356,862.998464222192,-42322.18349618093,4.816076195586597e-07,2.361844996617823e-05,-0.6157269991318899,3.437574078352409e-10,0.7085938594130902,0.01639186800869864,-0.7084042378904318,1.673930449697557e-05,3.872295338532965e-07,-1.673482501643141e-05
10964.78196143185,32.32908262243114,-88.97638211708249,755.1961598078572,-42266.69907666189,4.225951275340765e-07,2.365173717420766e-05,-0.613505504248982,3.434170077337044e-10,0.7085840690867122,0.0146089157471922,-0.7084334566804238,1.676185557943414e-05,3.455800752649871e-07,-1.675829277931935e-05
10990.05839432521,32.33933330930073,-88.92426924215354,794.5379643395806,-42313.86199201603,4.436047870183014e-07,2.362458759600268e-05,-0.6127774808562445,3.422452792223764e-10,0.7086291744600877,0.015258726165943,-0.7084648743387199,1.674395932647713e-05,3.605432848443809e-07,-1.674007713442426e-05
11015.39309541415,32.29372928559422,-88.84477298594598,848.8510148716246,-42094.74783591862,4.788495496260453e-07,2.374627666069294e-05,-0.6082022800513979,3.432355157022176e-10,0.7086693012913874,0.01624711224842503,-0.7084830343320935,1.683161406503999e-05,3.858853805837881e-07,-1.682719003599542e-05
11040.78619902073,32.25872087847117,-88.82433128892221,860.4656705310265,-41928.59044364498,4.892492340862519e-07,2.384003390653546e-05,-0.6044082645648534,3.438031639679798e-10,0.7085598916591653,0.01650184908716174,-0.7083677075112561,1.689558368239004e-05,3.934859642047402e-07,-1.689100105868858e-05
11066.23783977666,32.26254477148731,-88.86900009004533,828.1485890242252,-41948.06332051643,4.704518715696226e-07,2.382971505283904e-05,-0.6032982235927394,3.428532074684669e-10,0.7086391253293434,0.01595589897143554,-0.7084594690139656,1.688989375562213e-05,3.802971481115138e-07,-1.68856117791255e-05
11091.74815262401,32.21836871302259,-88.84200095346401,843.701962344336,-41739.22208185705,4.840864707889269e-07,2.394849557412205e-05,-0.5989140236263283,3.437761796747586e-10,0.7086283392358725,0.01629402981826052,-0.7084409839644178,1.697398348838818e-05,3.902956991427894e-07,-1.696949571234529e-05
11117.31727281591,32.20822551317748,-88.85605269734684,832.5196274215645,-41692.0627220114,4.787563896432986e-07,2.397582083126646e-05,-0.5968614286227656,3.433734793940261e-10,0.7087395022943137,0.01612736233860754,-0.7085559895282735,1.69959325316183e-05,3.867423239887539e-07,-1.699153180246434e-05
11142.9453359173,32.19433108227808,-88.79823136043758,873.2064157828485,-41625.07114060686,5.03750930791202e-07,2.401341533036245e-05,-0.594531843140736,3.431350981607296e-10,0.7086646444220246,0.01684518914260688,-0.7084644083202376,1.70211358634833e-05,4.045979368368702e-07,-1.701632647173486e-05
11168.63247780561,32.17394853033561,-88.783301851244,882.0221666481781,-41529.24135145509,5.111821125295998e-07,2.406856213882012e-05,-0.5917988667883053,3.431358812976266e-10,0.7085676363391729,0.01703202985201741,-0.7083629050327257,1.705798306561571e-05,4.100273028130573e-07,-1.705305438558677e-05
11194.37883467151,32.14224587736826,-88.72657834825409,919.8278525072573,-41379.5192812509,5.369342757143629e-07,2.415460909791452e-05,-0.5883091088520164,3.435853917512034e-10,0.7086414668059922,0.01773973627987476,-0.708419388663007,1.712111848298931e-05,4.286005560381239e-07,-1.711575296830151e-05
11220.18454301964,32.11758662875992,-88.76763519580841,887.725534726373,-41266.25697825818,5.210598649642783e-07,2.422166474607506e-05,-0.5853494437465525,3.437360272680147e-10,0.7085899647525484,0.01723543196816545,-0.7083803201902835,1.716713132022028e-05,4.17565783706161e-07,-1.716205222524294e-05
11246.04973966926,32.10782733507776,-88.76804745951972,886.4550270506804,-41220.99088252637,5.214576632837111e-07,2.42482708404929e-05,-0.5833625681876952,3.433220557779516e-10,0.7086065093427317,0.01723533764911652,-0.7083968719715044,1.718638671301943e-05,4.180220955660317e-07,-1.718130221424061e-05
11271.97456175511,32.08802676252724,-88.8061805232749,857.1230867147974,-41130.53045469243,5.06437682373441e-07,2.430228614900877e-05,-0.5807436131080814,3.432857856405934e-10,0.708816928642763,0.01677345255854159,-0.7086184372564872,1.722954274110972e-05,4.077201123380918e-07,-1.722471791866914e-05
11297.95914672798,32.06116654699403,-88.79723246674982,860.9384890891974,-41006.17482649151,5.117787029255236e-07,2.437582618340208e-05,-0.5776561356054003,3.435349068974053e-10,0.708654584700297,0.01688487443002989,-0.7084534010308882,1.727777828170384e-05,4.116718116483313e-07,-1.727287320254541e-05
11324.00363235557,32.05348418176975,-88.80618985694399,853.79289279284,-40971.04577012114,5.084050788770243e-07,2.439688586338077e-05,-0.5758338366589389,3.430386719569872e-10,0.7085000058889014,0.0167750902414097,-0.7083013869052961,1.728887663428017e-05,4.093471606239157e-07,-1.72840299171648e-05
11350.10815672315,32.02645353194443,-88.81182188554129,847.188339394554,-40846.87074564459,5.07546229856917e-07,2.4471152734728e-05,-0.5727682326228992,3.432901485108764e-10,0.708517873392834,0.01671052973270049,-0.7083207854589306,1.734190749251274e-05,4.090122093711837e-07,-1.73370835059261e-05
11376.27285823431,31.99097383985622,-88.85087184701972,816.1001999298634,-40685.47731088036,4.928218430690087e-07,2.456890945035129e-05,-0.5691929955242637,3.438592536932113e-10,0.7085143257045088,0.01623234156558631,-0.7083283566368164,1.741085490781376e-05,3.988895263782796e-07,-1.740628495017498e-05
11402.49787561169,31.97294118378542,-88.918179341612,766.7707573589369,-40605.16597133772,4.648877735305179e-07,2.461862952008198e-05,-0.5667629101889694,3.437469406705206e-10,0.7086666437137419,0.0154082066250204,-0.70849911720559,1.744944036866155e-05,3.793950019748838e-07,-1.744531537725678e-05
11428.78334789772,31.93865484001103,-88.85362101769417,809.3738136965941,-40446.93418275028,4.945430041226591e-07,2.471385656391785e-05,-0.5632558875377911,3.442980185431329e-10,0.708565211041667,0.0162088572194082,-0.7083797930814818,1.751481257593623e-05,4.006619176951818e-07,-1.751022928456057e-05
11455.12941445536,31.9322429597078,-88.85916571169601,804.8810255961999,-40417.95698175137,4.925051574897755e-07,2.473167044032056e-05,-0.5615578323544556,3.437524279601614e-10,0.7086986833951781,0.01614803206972761,-0.7085146892664498,1.753070478614161e-05,3.994453351251537e-07,-1.752615342061958e-05
11481.53621496883,31.89409510939441,-88.89521930299033,776.1243288052747,-40246.12059709617,4.78984841073575e-07,2.483787836892381e-05,-0.5578843208236823,3.444261422915242e-10,0.7086952978947603,0.0157068158591368,-0.708521221413805,1.760568724597549e-05,3.901948954191512e-07,-1.760136276958954e-05
11508.00388944436,31.88712379819971,-88.83565575801809,817.3010174480004,-40212.723065694,5.052143887885002e-07,2.485748319339196e-05,-0.5561393368107117,3.439193795611302e-10,0.7086074264348163,0.01644604060525237,-0.7084165529877066,1.761776133616495e-05,4.088898979876372e-07,-1.761301574260899e-05
11534.53257821092,31.86766738189452,-88.89793849087862,771.9185216929559,-40126.81562476624,4.79227115234519e-07,2.491177184507714e-05,-0.5536748900673021,3.438629900000833e-10,0.7086497417767417,0.01568160986459676,-0.7084762124675021,1.765691281531245e-05,3.907273253055976e-07,-1.765258911108523e-05
11561.12242192099,31.83439897492947,-88.88305887568367,779.4143689667219,-39976.58939446282,4.875193688176889e-07,2.500513514385126e-05,-0.5503333999837201,3.443613424113878e-10,0.7087265710326951,0.01587204980338964,-0.7085488201407159,1.772509693533695e-05,3.969565031513381e-07,-1.772065142430428e-05
11587.77356155126,31.81301506549326,-88.85681012141524,795.8045550052376,-39879.8068465645,5.001812694191611e-07,2.506536597113885e-05,-0.5477383861072848,3.444031265944073e-10,0.7087324033076455,0.01620152811048794,-0.7085471967237724,1.776809849460271e-05,4.061763592108061e-07,-1.776345531925366e-05
11614.48613840343,31.79450979497392,-88.87739823319635,779.8578748170185,-39797.59189776317,4.921926699960501e-07,2.511750364791695e-05,-0.5453520197281553,3.443208623864487e-10,0.708602142223427,0.01594874492512582,-0.7084226376245631,1.780165804014969e-05,4.006678591682023e-07,-1.779714848634622e-05
11641.26029410492,31.77101520737931,-88.82059346174077,817.1332380939604,-39690.87119619818,5.184747129379607e-07,2.51840362016214e-05,-0.5426386994969582,3.444526260321928e-10,0.7086664104414351,0.01665736143150317,-0.7084706159030796,1.785078605937467e-05,4.195866924780897e-07,-1.784585413884862e-05
11668.09617060962,31.75197783032731,-88.88912647205181,768.0356533483241,-39608.18779787017,4.893822013939774e-07,2.523781552749979e-05,-0.5402628486060698,3.443778094098382e-10,0.7087010713734685,0.01581547631166836,-0.7085245791607636,1.788935243817227e-05,3.992213941044031e-07,-1.788489734204895e-05
11694.99391019871,31.71352535059331,-88.87753616212872,772.6982240475892,-39437.06834889585,4.966311739026341e-07,2.534712380571528e-05,-0.5366915465690105,3.450765985569156e-10,0.7086662051636148,0.01596280231343394,-0.708486400210548,1.796602012605401e-05,4.046870381876935e-07,-1.796146173257902e-05
11721.9536554813,31.70099250048745,-88.79820966651359,826.1052101375953,-39379.08221040238,5.324920097575191e-07,2.538302188547043e-05,-0.534669882889101,3.447899048858293e-10,0.7086786962807037,0.01694878645901154,-0.7084759933827572,1.799228673872944e-05,4.303042090081998e-07,-1.798714041687474e-05
11748.9755493953,31.67029742048399,-88.88973323938616,760.6038964624121,-39246.36841972985,4.936242711498299e-07,2.547049797742422e-05,-0.531642397768642,3.451601549083636e-10,0.7087868338967982,0.01582427562167368,-0.7086101665983185,1.805646506164494e-05,4.031261110166077e-07,-1.805196443218912e-05
11776.05973520807,31.65965843188354,-88.93174243752155,730.9676868885588,-39200.7618974916,4.755083900633458e-07,2.550084157410179e-05,-0.5298032762436542,3.44766947470481e-10,0.7087765818064633,0.01530931659581696,-0.7086112246800944,1.807746228668479e-05,3.904666159968704e-07,-1.807324482621487e-05
11803.2063565173,31.64712760384696,-88.89209320032305,757.0149721178985,-39144.409006727,4.938585681032081e-07,2.553688169102388e-05,-0.5278248977144689,3.444691957420224e-10,0.7087059694402723,0.01580293394878205,-0.7085297583015737,1.810144502664881e-05,4.036313400316977e-07,-1.809694432201561e-05
11830.41555725165,31.60890362820498,-88.81735603215004,804.5855864643935,-38974.37649710766,5.294547521046304e-07,2.564695315682475e-05,-0.5243234815734823,3.451762891145997e-10,0.708622823764854,0.01673001053305547,-0.7084253052425775,1.817780840224515e-05,4.291633233342502e-07,-1.817274159698087e-05
11857.6874816716,31.59537134638805,-88.80554564512906,811.3807050852845,-38914.80228562399,5.355576897026102e-07,2.568599607644358e-05,-0.5223179606288406,3.449096166395654e-10,0.7087243520123347,0.01688330739707481,-0.7085232254955653,1.820816677525235e-05,4.33756898476715e-07,-1.820299954041716e-05
11885.02227437018,31.56592236021533,-88.80683721520658,807.8274284753951,-38786.33484353195,5.367508714279354e-07,2.577109701022681e-05,-0.5193963269280157,3.452561228756308e-10,0.7088033586158728,0.01687407929826648,-0.7086024743345013,1.827052028452907e-05,4.349559075224533e-07,-1.826534217653476e-05
11912.42008027375,31.5680580633905,-88.80448107328384,809.6155733307551,-38795.55738481944,5.376823310474504e-07,2.576492648620652e-05,-0.5183249655562354,3.443801697631924e-10,0.7088106681252101,0.01690826753109939,-0.7086089709686179,1.826634932117298e-05,4.357331725209732e-07,-1.826115150053472e-05
11939.88104464273,31.5340647181531,-88.95526181713633,704.8695515990357,-38652.3390098971,4.71642341853193e-07,2.586305458559736e-05,-0.515223794314853,3.448612131870434e-10,0.7088115083654963,0.01504832513000088,-0.708651749664214,1.833499631104992e-05,3.892586145818803e-07,-1.833086379462758e-05
11967.40531307244,31.50660250649738,-88.82760955945868,788.5022364889055,-38529.438044681,5.309281220939819e-07,2.594331536393395e-05,-0.5124043482228799,3.451655605767901e-10,0.7087333545402245,0.01663019186745535,-0.7085382167224935,1.839065984036929e-05,4.315307015751421e-07,-1.838559628126784e-05
11994.99303149379,31.48634128278397,-88.81530515810753,794.9612346462336,-38441.48786231386,5.377245770533766e-07,2.600244125270337e-05,-0.5100588884904445,3.451595889580515e-10,0.7089917730972261,0.01679338042771332,-0.7087928588052778,1.84393748848077e-05,4.367602686517123e-07,-1.84342015452312e-05
12022.64434617413,31.4485764628246,-89.02012640727096,654.8143178204052,-38284.97801123621,4.466160586737317e-07,2.611226651656451e-05,-0.5068139189022727,3.457735188378428e-10,0.7086201796603671,0.01425692718686346,-0.708476745595139,1.850630097439754e-05,3.723334348404004e-07,-1.850255505513461e-05
12050.35940371797,31.43884231916828,-88.95625414977033,696.7110787843122,-38241.29078946108,4.762593350187956e-07,2.614106804994188e-05,-0.5050712809013362,3.453723683273842e-10,0.7086451813260379,0.01505217565459934,-0.7084853033229951,1.852773126571797e-05,3.935434443665382e-07,-1.852355120952943e-05
12078.1383510678,31.39886823763708,-88.88393166606468,741.6209556547119,-38067.89876322244,5.115633056564768e-07,2.625888600129721e-05,-0.5016248435962868,3.461475212189065e-10,0.7088159737240415,0.01595524572832062,-0.7086363769523196,1.861616395701058e-05,4.190445495920049e-07,-1.86114470726958e-05
12105.98133550482,31.38258908867926,-88.92252178229111,714.6864526465331,-37999.55256523308,4.947718554965936e-07,2.630679378504925e-05,-0.4995726045190503,3.459725548899905e-10,0.708693534839522,0.01548023758945065,-0.7085244445800801,1.864666564111038e-05,4.073055561891057e-07,-1.864221665240655e-05
12133.88850464977,31.37727276458173,-88.86837536039951,750.1304109103987,-37975.24059591781,5.199556257288494e-07,2.632267629609886e-05,-0.498104729875197,3.453978243099164e-10,0.7088321668102022,0.01615793433441235,-0.7086479816262029,1.866191283708769e-05,4.254010699502157e-07,-1.865706366684596e-05
12161.86000646368,31.34230509353932,-88.94116414669033,699.1597891943936,-37828.66308754676,4.88411779118701e-07,2.642595430375016e-05,-0.4950409491427463,3.459386916666794e-10,0.7087748319152218,0.01526139473760164,-0.708610508098147,1.873316275111445e-05,4.033639155272509e-07,-1.872881961607277e-05
12189.89598924867,31.33610338206193,-88.86848605593231,746.5987964842593,-37800.15171314771,5.223129695751806e-07,2.644460396220688e-05,-0.4935301334873686,3.454033844730523e-10,0.7086879546907554,0.01616324124190225,-0.7085036109691483,1.874453966840364e-05,4.275118754643151e-07,-1.873966384374849e-05
12217.99660164872,31.30090769198143,-88.87537591244437,739.1301553937079,-37651.33619773624,5.21186072206243e-07,2.654925101217422e-05,-0.4904565343450748,3.459710329912398e-10,0.7085776510318161,0.01608053862166362,-0.7083951607820337,1.881574189217492e-05,4.270065020421977e-07,-1.881089600205583e-05
12246.16199265049,31.27306088523545,-88.8969903801712,722.6716399118965,-37534.50464193429,5.127653522867476e-07,2.663228004626887e-05,-0.4878101362577679,3.46249729637365e-10,0.7088910257389133,0.01582530527660853,-0.7087143614221958,1.888279401444374e-05,4.215400800742355e-07,-1.88780881911491e-05
12274.39231158407,31.25726921821822,-88.9717978806587,672.4951533449113,-37470.25707220305,4.788240383107131e-07,2.667924031662255e-05,-0.485855143014859,3.460457015552482e-10,0.7087129389766313,0.01490124728677992,-0.7085562664335082,1.891087798543012e-05,3.976160921767911e-07,-1.890669742771243e-05
12302.68770812382,31.22687387827549,-88.94404048868525,688.2874212777263,-37341.86663187276,4.934353543744444e-07,2.677049823211357e-05,-0.4830767714941205,3.464368715650495e-10,0.7087620083713048,0.01525060076963299,-0.7085979139728614,1.897704438888503e-05,4.083335793174644e-07,-1.897265077488422e-05
12331.04833228909,31.19381018779416,-88.85787446238822,741.6578771378636,-37201.02232415569,5.356995503881038e-07,2.687030172177835e-05,-0.4801478699469363,3.469486937423853e-10,0.7087004274237976,0.01631985740871056,-0.7085124967739332,1.904668710224233e-05,4.386045296273567e-07,-1.904163636973763e-05
12359.47433444511,31.1776749178735,-88.87468599216329,729.4264575792579,-37134.24271893312,5.287675925521766e-07,2.691893599377004e-05,-0.4781836287504028,3.467732269762063e-10,0.7088204312281799,0.01611975325177299,-0.7086371125488735,1.908428067863262e-05,4.34008222638414e-07,-1.907934500666919e-05
12387.96586530369,31.15281759970595,-88.95987693130155,672.3615234834089,-37033.35387587008,4.90087506851624e-07,2.699378747514982e-05,-0.475787663019334,3.469182017153173e-10,0.708742959689045,0.01506951216056193,-0.7085827352624603,1.913471714387944e-05,4.068482779922296e-07,-1.913039138791908e-05
12416.52307592411,31.12832359047066,-88.86886179122865,729.1510331728958,-36929.0408541189,5.344562525863822e-07,2.706840680265729e-05,-0.4733562978650637,3.470979939144024e-10,0.7086341031080079,0.01619767835076721,-0.7084489588557074,1.918524156769726e-05,4.385286717536998e-07,-1.918022905533061e-05
12445.14611771385,31.09526695491272,-88.87550637435039,722.1878177745236,-36792.56167687118,5.332892273940453e-07,2.716893903163615e-05,-0.4705222425273675,3.475842627443237e-10,0.7086246985309858,0.01612039689793651,-0.7084413145575175,1.925619571671233e-05,4.380563058855538e-07,-1.925121243333013e-05
12473.83514242943,31.08598915472717,-88.95095442615371,673.0613480830572,-36756.5206274477,4.980125251063466e-07,2.719693784813779e-05,-0.4689802199500738,3.471248757457449e-10,0.7087723602096359,0.01519576462054838,-0.7086094462641143,1.927957474975806e-05,4.133455201257275e-07,-1.927514326827431e-05
12502.5903021772,31.05816039329585,-88.9221436984578,689.3795098598644,-36641.13366930784,5.132947970393081e-07,2.728207467886697e-05,-0.4664327473760139,3.474171309421628e-10,0.7085311944574926,0.01555190375983456,-0.7083604956579708,1.933352665338396e-05,4.243611970844031e-07,-1.932886883476416e-05
12531.41174941416,31.03469997329683,-88.92097172499427,688.315216169129,-36544.82025035971,5.152069005941424e-07,2.735395518167875e-05,-0.4641367551841439,3.475316013861623e-10,0.7087489360128907,0.01557630442701549,-0.7085777537008917,1.939042913699535e-05,4.261469920609763e-07,-1.938574581639808e-05
12560.29963694875,31.00961330593813,-88.90834823495089,694.4063174933771,-36441.78305094362,5.227051298168342e-07,2.743106803688039e-05,-0.4617636581358727,3.477126679850196e-10,0.7087738619254895,0.01573811173323986,-0.708599110349318,1.944585679860165e-05,4.317894373440475e-07,-1.944106232986047e-05
12589.25411794167,30.99784950502123,-88.86538426039114,720.7661101587872,-36392.45989338153,5.4400289941346e-07,2.746744529154697e-05,-0.4600780815958469,3.473831265163258e-10,0.7088084443768524,0.01627540471770743,-0.7086215647446867,1.947287792939066e-05,4.47129223464561e-07,-1.946774384232733e-05
12618.27534590671,30.96799744161464,-88.8745240640351,712.5747181109521,-36271.11988020909,5.414282268420005e-07,2.755950726735924e-05,-0.4574894636679989,3.477436168760051e-10,0.7088793366982381,0.01616914585961181,-0.7086949080668666,1.954003690118162e-05,4.456974415829212e-07,-1.953495318371933e-05
12647.36347471152,30.95385455777222,-88.86575199979053,716.9869019435137,-36213.38269544803,5.465159284753402e-07,2.760328035754663e-05,-0.4557106999876528,3.474969822664701e-10,0.7086233072339815,0.01627694271728019,-0.7084363434289661,1.956406261160682e-05,4.493828007004291e-07,-1.955890081188886e-05
12676.51865857846,30.94124198730183,-88.88018199194374,706.871039247225,-36162.63522885369,5.403238547782175e-07,2.764229029187731e-05,-0.4540254550097901,3.471842865778526e-10,0.7089233708983042,0.01611052683769171,-0.7087402886324627,1.959990970189089e-05,4.454146727713739e-07,-1.959484794765085e-05
12705.74105208542,30.89264578803091,-88.83913579233142,728.7817472113524,-35964.93386759509,5.631974281421711e-07,2.779344890982652e-05,-0.4505047741439202,3.482898879525043e-10,0.7086949398917299,0.01661810157225008,-0.7085000751787378,1.970101991415459e-05,4.619668232150208e-07,-1.969560286744644e-05
12735.03081016662,30.87824929284067,-88.86089467183524,713.9777901989681,-35907.58742111871,5.535292548721717e-07,2.783826105281269e-05,-0.448751959674343,3.480438027607277e-10,0.7087392513276216,0.01635527036938055,-0.7085505144332209,1.973386731051752e-05,4.55389954334276e-07,-1.972861219190552e-05
12764.38808811344,30.85844946938872,-88.85251795949549,717.6300409892175,-35827.72863883566,5.58840475507052e-07,2.790014877479938e-05,-0.4467241260030139,3.480173177258172e-10,0.7086964559849368,0.01646308963460481,-0.7085052105703192,1.977660102347219e-05,4.594124220146519e-07,-1.977126420510585e-05
12793.81304157525,30.83773465274892,-88.90422261090643,683.7260832036256,-35746.16795280598,5.348897878885448e-07,2.796479564523259e-05,-0.4446820746711244,3.480091318390778e-10,0.7087760451044934,0.01583072840679013,-0.7085992309846783,1.982430038381512e-05,4.427817748616697e-07,-1.981935493419457e-05
12823.30582656022,30.79988551799097,-88.91622284845317,673.3807859151995,-35595.21014167115,5.312784497109265e-07,2.808361696198324e-05,-0.4417857392676234,3.486812308950979e-10,0.708879580598898,0.01568985517706623,-0.7087059250737164,1.99113614203929e-05,4.407044378401357e-07,-1.990648369783019e-05
12852.86659943615,30.77199793991496,-88.94121361641555,655.81046297401,-35484.86744529149,5.206473392865963e-07,2.817140448864834e-05,-0.4394033047169861,3.489610414779368e-10,0.7086920667450082,0.01538192672591919,-0.7085251172665015,1.996815622810457e-05,4.334022213104938e-07,-1.996345224815975e-05
12882.49551693134,30.75468283417628,-89.0018024635493,617.1056276231133,-35417.80997130238,4.917951892336005e-07,2.822581382731173e-05,-0.4375642532158185,3.488176309387555e-10,0.7088752582261072,0.01464172546092969,-0.7087240306358018,2.001151327381189e-05,4.133351813492775e-07,-2.0007244126461e-05
12912.19273613534,30.73619643018107,-88.82434087620047,725.2343253890839,-35339.35412867338,5.804679818847675e-07,2.828515261074669e-05,-0.4355908411677534,3.487879911650607e-10,0.7087859368523632,0.01683993674807568,-0.7085858598716199,2.005223422838516e-05,4.764179683970523e-07,-2.004657385862756e-05
12941.95841449986,30.71110737787866,-88.83004559725006,719.6917169963589,-35240.31923394551,5.792762742918254e-07,2.8364757226736e-05,-0.4333711191603738,3.489637359205911e-10,0.708825988065254,0.01677562895569715,-0.7086274476971834,2.010976324197252e-05,4.759333492484645e-07,-2.010413054810534e-05
12971.79270983956,30.68717972319081,-88.8605637722284,699.0551334469841,-35146.88010790202,5.656738455835485e-07,2.844077652769096e-05,-0.4312279596626394,3.490867393396581e-10,0.7087391681127445,0.01640148039227991,-0.7085493630355522,2.016097198141867e-05,4.665606213398115e-07,-2.015557273862898e-05
13001.69578033291,30.66676216412839,-88.89396606936583,677.0259140861542,-35067.55801478689,5.503416702636724e-07,2.850576033854763e-05,-0.4292651739058181,3.490716730330721e-10,0.7088623504175229,0.01599650707538845,-0.7086818352412048,2.021031809609014e-05,4.56075141005211e-07,-2.020517144225472e-05
13031.66778452299,30.63108248323164,-88.81911109755933,719.9297896112372,-34925.46804982627,5.89958113268532e-07,2.862023982480622e-05,-0.4265425555529823,3.496857193039103e-10,0.708910063357532,0.01692883391189166,-0.7087079035201764,2.029337746739758e-05,4.846076172622133e-07,-2.028759040624518e-05
13061.70888131842,30.61481616425685,-88.84171500308611,704.8736110852377,-34862.56080867381,5.797158596544153e-07,2.867234507167654e-05,-0.4247950196989969,3.495109985551986e-10,0.7088151609031357,0.01665235439763508,-0.7086195251467134,2.032743718347903e-05,4.775570651503264e-07,-2.032182673132046e-05
13091.81922999407,30.58351876080896,-88.81565435602481,718.1991392006721,-34739.78965062169,5.94846530895093e-07,2.877313857643541e-05,-0.4223255108962892,3.499394840598441e-10,0.7087642295635977,0.01697880107313755,-0.7085608325493297,2.039761880569342e-05,4.886351449773356e-07,-2.039176521631884e-05
13121.99899019203,30.56050815818112,-88.81619073564781,716.026418036224,-34650.39094579285,5.961113049146385e-07,2.884738501569363e-05,-0.4202698844293146,3.500354199808788e-10,0.7088466990754456,0.01697951231802685,-0.7086433086903434,2.045262804383009e-05,4.899164378689903e-07,-2.044675954236199e-05
13152.24832192238,30.54643467929959,-88.76644621135891,744.9160527800084,-34594.31736100197,6.221519719906078e-07,2.889308491271369e-05,-0.4186247458326942,3.497964248720832e-10,0.708736307500364,0.01759739502297901,-0.708517808708896,2.048221346321141e-05,5.085581159632141e-07,-2.047589893008966e-05
13182.56738556407,30.50307882370444,-88.74891267574506,751.8367452784167,-34426.23472455466,6.340703003864067e-07,2.903376714433907e-05,-0.4156326509246423,3.506958334262605e-10,0.7088004392353836,0.01782121925918598,-0.7085763662474136,2.058394112745826e-05,5.175376703297858e-07,-2.057743392890515e-05
13212.95634186575,30.47792737460549,-88.70593745093721,775.4542959291075,-34328.0959172115,6.577111717034924e-07,2.911579999825436e-05,-0.4134946041443926,3.50889535579351e-10,0.7087628810779272,0.01835712191248128,-0.70852511435303,2.064134920740528e-05,5.346157000521257e-07,-2.063442471103347e-05
13243.41535194664,30.46590029601212,-88.72813238630216,761.1391994100031,-34282.5777570444,6.472963045577889e-07,2.915496391468371e-05,-0.4119965708969376,3.505473286603446e-10,0.7087869203477285,0.01808868784453242,-0.7085560654091392,2.066963525932978e-05,5.27502087486222e-07,-2.066290307051327e-05
13273.9445772974,30.43279878126938,-88.77513754183548,730.3196767388898,-34157.19065767998,6.256770430139611e-07,2.926303470802168e-05,-0.4095456104736062,3.510249513071236e-10,0.7087846347454978,0.01751276098202777,-0.7085682477038433,2.074581455806591e-05,5.125908123887813e-07,-2.073948100451682e-05
13304.54417978091,30.41988255094169,-88.67165493734184,790.8238881544053,-34104.65695259988,6.795461484861084e-07,2.930575141282817e-05,-0.4079752498930804,3.507570801556293e-10,0.7087559797813987,0.01879716903121775,-0.7085066727366104,2.077609396936671e-05,5.510101661097821e-07,-2.076878591590755e-05
13335.21432163324,30.39928815074968,-88.66516591342854,792.8536458015739,-34025.91312610235,6.844436680274125e-07,2.937341703772657e-05,-0.4060971302462982,3.507602272683527e-10,0.7088009622176861,0.01888406500323739,-0.7085493604045319,2.082544093369481e-05,5.548369729670221e-07,-2.081804856407632e-05
13365.95516546442,30.3650943605088,-88.7245960417967,754.6887285244287,-33897.75959393854,6.564636137523476e-07,2.948585942797064e-05,-0.4036371461918323,3.512765318514946e-10,0.7089311443202141,0.01815791444025096,-0.7086985660563656,2.090850630567402e-05,5.355313722828795e-07,-2.09016468749166e-05
13396.76687425935,30.34185634970697,-88.54762362269238,857.0762252350992,-33804.13832486667,7.495500166465381e-07,2.956317267717397e-05,-0.4015965763875514,3.514392484259208e-10,0.7087030969223149,0.02034575322476919,-0.7084109894072769,2.09581265659233e-05,6.016749087389637e-07,-2.094948821469045e-05
13427.64961137864,30.30979324238358,-88.49302721969437,886.0766668534334,-33681.26263347449,7.805380939173814e-07,2.966956418119005e-05,-0.3992165116634613,3.51910129425856e-10,0.7086747919017516,0.02102543252359491,-0.7083628250156742,2.10332274513974e-05,6.240277057774759e-07,-2.102396838003328e-05
13458.60354055948,30.3101987241804,-88.48138271788423,892.9567757460699,-33682.39901562055,7.865372096010936e-07,2.966824470566588e-05,-0.3983117774718812,3.510889130946303e-10,0.7086270741986801,0.02117347554957578,-0.7083106763423329,2.103098819973635e-05,6.283969814928135e-07,-2.102159798614512e-05
13489.62882591653,30.29689599980046,-88.31983248793603,986.371008385501,-33626.82290981848,8.715556282237023e-07,2.971259953625867e-05,-0.3967399811840099,3.508603521185987e-10,0.708710223851165,0.02317876626481113,-0.7083310851470587,2.106655945625148e-05,6.889936693544104e-07,-2.105528947906839e-05
13520.72563194277,30.2941269824265,-88.28194633934646,1008.273559031855,-33615.07582223217,8.914964891039608e-07,2.972181687007489e-05,-0.3956892274241331,3.501757249778618e-10,0.7088107942874394,0.02365602335506051,-0.7084159333734776,2.107649790133688e-05,7.034121526015031e-07,-2.106475670708376e-05
13551.89412351036,30.28870644076756,-88.23270427213603,1036.507455777575,-33592.94447834462,9.176203223335194e-07,2.973984255349678e-05,-0.3945192545051579,3.496005115871078e-10,0.7087355033321014,0.02426781845328485,-0.7083199041894316,2.108759107149306e-05,7.22060386892043e-07,-2.107522540795697e-05
13583.13446587154,30.27558696873117,-88.18852804887665,1060.824561163842,-33542.06892624484,9.419539842728438e-07,2.978351616516814e-05,-0.3930157714740991,3.493254961799457e-10,0.7086546707373346,0.02481666536324146,-0.7082200049970976,2.111665812414178e-05,7.394928163128412e-07,-2.110370585244461e-05
13614.4468246595,30.27100101208041,-88.3693052012522,954.5882492979365,-33531.17287300469,8.483337716942257e-07,2.979884402893903e-05,-0.3919844837721519,3.486353231051717e-10,0.7088115319078357,0.02259256879644844,-0.7084513840770661,2.113019833529782e-05,6.735012596195867e-07,-2.111946206091229e-05
13645.83136588925,30.24813687340976,-88.4399092789395,910.9674474974237,-33447.85632981682,8.136624103267069e-07,2.987512174704478e-05,-0.3901112015809367,3.486999158271791e-10,0.7087878779545601,0.02172440364662433,-0.7084548723959254,2.118285189574938e-05,6.492560599342289e-07,-2.117289968346073e-05
13677.28825595849,30.22732595561393,-88.54661551800717,846.7464040057168,-33373.54274858802,7.597474669956213e-07,2.994457897661015e-05,-0.3883492251918056,3.486726000313136e-10,0.7087477755809998,0.02040939886351452,-0.7084538558219902,2.122985842603502e-05,6.113439270799865e-07,-2.122105434214598e-05
13708.81766164854,30.19560617498045,-88.63105350447998,794.7717776545522,-33257.98582810853,7.181292317871862e-07,3.005080513051343e-05,-0.3861144682543798,3.49079373394887e-10,0.7086659063069183,0.01936868478926837,-0.7084011722261192,2.130193479952284e-05,5.822072952311813e-07,-2.129397710312712e-05
13740.41975012515,30.17059133386644,-88.70577435002996,749.3280712227914,-33167.34883020105,6.808146182384404e-07,3.013475245224164e-05,-0.3841765835087833,3.492282544724177e-10,0.7087884626889898,0.01845363688167113,-0.7085481974621493,2.13644880367526e-05,5.562343705445359e-07,-2.135724589916898e-05
13772.09468893947,30.14659959677816,-88.73824750682823,728.5844172877179,-33079.43831566618,6.655075610491522e-07,3.021560136612324e-05,-0.3822770785093353,3.493510114394786e-10,0.7089531759997482,0.01806188607505699,-0.7087230587694614,2.142651374450734e-05,5.458798455810455e-07,-2.141955896926335e-05
13803.84264602885,30.12107601167398,-88.81457995539077,682.5897345148528,-32987.40442984401,6.270144470884723e-07,3.030162644353743e-05,-0.380336737342593,3.495199637324203e-10,0.7087842819320391,0.01711924243672744,-0.7085775115344184,2.148178507313831e-05,5.188488176378449e-07,-2.147551829020534e-05
13835.66378971781,30.08985325555306,-88.77555312650806,702.5866919261722,-32871.26998477905,6.499330072697205e-07,3.040781102103096e-05,-0.3781260648783473,3.499481067026288e-10,0.7089220798909562,0.01761096788361649,-0.7087033012249354,2.156156200294615e-05,5.356300596715756e-07,-2.155490794334477e-05
13867.55828871888,30.07231109514958,-88.7081531183279,739.7751314636992,-32804.82434997919,6.870739692140095e-07,3.046782720434635e-05,-0.3764938169978944,3.498504323269372e-10,0.7087946770822587,0.0184469993937891,-0.708554586798723,2.16007931685241e-05,5.62179473645911e-07,-2.159347632385227e-05
13899.52631213353,30.04092467943474,-88.74191736807045,717.9319880443287,-32690.90660601853,6.71459722751253e-07,3.05748001923672e-05,-0.3743235030938772,3.502621157977319e-10,0.7088548379049346,0.01803666488449041,-0.7086253311455044,2.167818880502653e-05,5.515970349227028e-07,-2.167117003249806e-05
13931.56802945303,30.01505695442979,-88.82114432262289,670.812711455301,-32598.82808950447,6.309768805120603e-07,3.066296524351874e-05,-0.3724106732622589,3.504436087865437e-10,0.7087638628634853,0.01706029243281293,-0.708558508327489,2.173726956394515e-05,5.232266977516834e-07,-2.173097149044138e-05
13963.68361055938,29.9966641119269,-88.74800883684861,710.9317334473567,-32529.70602647139,6.715219894265363e-07,3.072645639326212e-05,-0.3707663146652848,3.503805524873778e-10,0.7089682257755516,0.01797561613064825,-0.7087403067302276,2.178914915039878e-05,5.524554792459863e-07,-2.17821443765708e-05
13995.87322572618,29.98402535304233,-88.8007873319106,680.0240349976331,-32485.32854968272,6.441091505110473e-07,3.076964386454552e-05,-0.3694089345667119,3.500522457145574e-10,0.7087709269532461,0.01732365226759948,-0.7085591845190315,2.181327208754922e-05,5.331560961277459e-07,-2.180675546115506e-05
14028.13704561958,29.93435847056701,-88.78982060160111,682.4385751797598,-32305.15692321527,6.536211467931334e-07,3.094100258022804e-05,-0.3665151969195057,3.511949615732729e-10,0.7089277916764092,0.01746887921623876,-0.7087125313341924,2.193969428951771e-05,5.406218716274113e-07,-2.193303247408834e-05
14060.47524129914,29.93180882595033,-88.79832768898497,677.4518486716427,-32296.19255832619,6.492092998926398e-07,3.094978425566511e-05,-0.3655707648918966,3.504844915921847e-10,0.7089589414878484,0.01737016922074379,-0.7087461166996354,2.194681627929299e-05,5.377178991887047e-07,-2.19402279901083e-05
14092.88798421875,29.90701327853683,-88.83046319971763,657.5244110332701,-32207.74343035143,6.335929250001431e-07,3.103549925336224e-05,-0.3637310946142536,3.506386888721406e-10,0.70884098947753,0.01697559486165605,-0.7086376913081726,2.200368015630114e-05,5.269525399118717e-07,-2.199736942094397e-05
14125.37544622754,29.87265373412474,-88.82166970175103,659.9254476291468,-32084.05328967265,6.40815075138801e-07,3.115495105309651e-05,-0.361500881510299,3.511809122386428e-10,0.7089719493710795,0.01709329080928841,-0.7087658600725191,2.20925193170995e-05,5.326499274505826e-07,-2.208609729742223e-05
14157.93779957082,29.85449985924119,-88.86982236312086,631.6947757838587,-32020.40913021455,6.158636081045614e-07,3.121793222913348e-05,-0.3599540035451342,3.510696246771384e-10,0.7088863035348713,0.01650142311757901,-0.7086942178220649,2.213413068912803e-05,5.152372870230315e-07,-2.212813304148048e-05
14190.57521689092,29.81684530186885,-88.81862680908834,657.5151364954767,-31884.50839969327,6.464897693490811e-07,3.134986152713208e-05,-0.3576019324309008,3.51755102768962e-10,0.708836040013274,0.01713924857362114,-0.7086288011223023,2.222649513817897e-05,5.37423894369842e-07,-2.221999688760675e-05
14223.2878712282,29.78975145945414,-88.8803867118651,621.2835580415642,-31789.90026618776,6.14533672468512e-07,3.144452143489869e-05,-0.3557208300618643,3.519905193902551e-10,0.7089121284378314,0.01638297686580225,-0.7087227976545349,2.22955170931887e-05,5.152499528449545e-07,-2.228956257845278e-05
14256.07593602188,29.76885647547709,-88.79414476750947,667.5414129230255,-31713.30796935142,6.634416659286401e-07,3.151853872131323e-05,-0.3540476178556552,3.520291172697309e-10,0.7088456323765175,0.01745392847856849,-0.7086307154787534,2.23465843083158e-05,5.502406538783183e-07,-2.233980898466873e-05
14288.93958511103,29.74490235774177,-88.88943476600598,613.1865289960027,-31631.28030704243,6.126266546533863e-07,3.16023991404959e-05,-0.352319679651862,3.521302709402558e-10,0.7087374053238178,0.01627872546772943,-0.708550430669747,2.240186630232093e-05,5.145401227040419e-07,-2.23959563825524e-05
14321.87899273543,29.70662226600442,-88.83103246239294,642.6539538071046,-31494.67276663313,6.476228943581787e-07,3.17381866448655e-05,-0.3499912863677942,3.528442392757692e-10,0.7088505335916974,0.01700952556517612,-0.7086464245399688,2.250216824544431e-05,5.399603836134605e-07,-2.249568888766045e-05
14354.89433353656,29.6911299189651,-88.73612810118431,693.5828671097678,-31437.46237031719,7.014424615153782e-07,3.179370776663437e-05,-0.3485520281965571,3.526733548134221e-10,0.7089526973039122,0.01819179457271916,-0.7087192572695599,2.254557345137902e-05,5.785215886918594e-07,-2.253814976928994e-05
14387.98578255845,29.66134181039625,-88.77671127598464,669.1006571481018,-31334.23668993869,6.811695617962904e-07,3.189942805658076e-05,-0.3466085338547221,3.530213829936599e-10,0.708831156061461,0.01769265184553499,-0.7086103145411446,2.261631544476095e-05,5.645104504382929e-07,-2.260926916661126e-05
14421.15351524869,29.62915686374724,-88.76693943666194,672.0214133102911,-31221.5371134065,6.890859427624082e-07,3.201434048106659e-05,-0.3445675796510664,3.534808177257528e-10,0.708751652470852,0.01781740796077935,-0.7085276599073057,2.269532346988807e-05,5.705409442858071e-07,-2.268815088176526e-05
14454.39770745927,29.61437975748385,-88.81977886078607,642.1863287090803,-31171.58373686362,6.606311260005768e-07,3.206689015741158e-05,-0.3432250679780708,3.532329949459693e-10,0.7090017808804056,0.01717595429366281,-0.7087937019229845,2.274015675385462e-05,5.508926825965452e-07,-2.2733482936896e-05
14487.71853544762,29.59802707987677,-88.71136354932318,699.8465457109694,-31111.56136364701,7.226691338483293e-07,3.212613570950076e-05,-0.3417762959858789,3.531004934658062e-10,0.7088979735832536,0.01852032261056543,-0.7086560058313511,2.277976308019032e-05,5.951329767594905e-07,-2.277198767630036e-05
14521.11617587742,29.5616797448745,-88.72467030894238,689.8210928986279,-30985.95598008917,7.181108387780065e-07,3.225669824867206e-05,-0.3396135669550954,3.537164291629543e-10,0.708895658338853,0.01836162141397121,-0.708657819593297,2.287214712753777e-05,5.924280979017531e-07,-2.286447338498201e-05
14554.59080581966,29.54338706717843,-88.77598110243312,660.7399152210577,-30924.23588244693,6.906123942887853e-07,3.232234059475996e-05,-0.3381575660693413,3.5360724477196e-10,0.708915217051144,0.01773342649979697,-0.7086933826072083,2.291887581401668e-05,5.733128446536336e-07,-2.29117040169533e-05
14588.14260275348,29.50532352837302,-88.66603388765529,716.9829140913376,-30789.89169100699,7.558873036788111e-07,3.246058972043095e-05,-0.3359141457091944,3.543333012213969e-10,0.7087180411467227,0.01909399124710612,-0.7084607832089953,2.301148772232262e-05,6.199660790940062e-07,-2.300313477018681e-05
14621.77174456718,29.47457509050128,-88.76750604657343,660.2205125476373,-30687.38307638902,7.007584266476843e-07,3.257160581025347e-05,-0.3340257796717821,3.546992554953578e-10,0.7089665320952135,0.01785150044732818,-0.7087417495554305,2.309736647715563e-05,5.815826690443439e-07,-2.309004330396762e-05
14655.47840955911,29.44430631151224,-88.75578359566299,664.2469153793008,-30583.55608940049,7.098208744490063e-07,3.268189286922352e-05,-0.3321300057855127,3.550848557900462e-10,0.7090803725856908,0.01800539403344938,-0.7088517338428131,2.317939703015179e-05,5.885851493304632e-07,-2.317192297163525e-05
14689.26277643867,29.40492337729372,-88.76477091657659,656.561350576656,-30449.70897382972,7.077944506907144e-07,3.282577480062563e-05,-0.3299159238044201,3.558254321403499e-10,0.7090890227078588,0.01790043566381171,-0.708863044972604,2.328164850778425e-05,5.877282511998067e-07,-2.32742289398114e-05
14723.12502432719,29.40697267125714,-88.6564432195358,714.2494884090219,-30453.48030209493,7.697279250759081e-07,3.281891633760319e-05,-0.329197905772152,3.549630926405492e-10,0.7088640444168228,0.01924055238452887,-0.7086028751077105,2.327038846520929e-05,6.316234146726176e-07,-2.326181487295828e-05
14757.06533275895,29.35168911433482,-88.65502697570095,710.6050048636747,-30266.17502404542,7.753072562343994e-07,3.302198120474045e-05,-0.3264206842581428,3.563383727702628e-10,0.708775372124165,0.01926169634429523,-0.7085135956237457,2.341145637093352e-05,6.362302942936342e-07,-2.340280966936976e-05
14791.08388168207,29.34457622803877,-88.72331171473832,674.0247447514313,-30244.17307803558,7.365068043513769e-07,3.304780638605276e-05,-0.3254331922934633,3.557774490850756e-10,0.7089717222144427,0.01842843646367927,-0.7087321748229136,2.34356163619628e-05,6.091664217080897e-07,-2.342769793504607e-05
14825.18085145954,29.29612997358293,-88.52843001386799,772.6168243527443,-30075.32731162665,8.53604940817705e-07,3.322791735919177e-05,-0.3228720819470355,3.56951958493398e-10,0.7087691245535201,0.02083906541101944,-0.7084627056332313,2.355852856404729e-05,6.926623927683236e-07,-2.354834361293117e-05
14859.35642287007,29.29164215734806,-88.55829056524891,756.5765386387745,-30061.18452498797,8.366921338630373e-07,3.324443112116041e-05,-0.3219780168262042,3.562985395471455e-10,0.7086647786766767,0.02047290133083245,-0.7083689920147276,2.356645367890031e-05,6.80820742617836e-07,-2.355661737423638e-05
14893.61077710915,29.25820703865518,-88.54414633825904,761.1472825689273,-29948.84860982198,8.480627977859094e-07,3.336871184350876e-05,-0.3200370526326581,3.568124513562784e-10,0.7087071930405683,0.02065509940710343,-0.7084061351625379,2.365611701380418e-05,6.894517980124778e-07,-2.364606792659221e-05
14927.94409578996,29.23953635675456,-88.53594903982393,763.8360133776802,-29886.2918724883,8.546188518088102e-07,3.343831398043802e-05,-0.318634036386505,3.567369526627966e-10,0.7088097382881935,0.02076556155639981,-0.7085054950707332,2.370897584141536e-05,6.945872364325942e-07,-2.369879921050436e-05
14962.35656094434,29.20366683251621,-88.46320483224849,798.5448976170562,-29764.7212703996,9.007063373793726e-07,3.357265591274991e-05,-0.3166080490490324,3.573701806246384e-10,0.7087268487993562,0.02166866858612968,-0.7083955215914129,2.380223620363961e-05,7.277313802619305e-07,-2.379110874532825e-05
14996.84835502373,29.19324225529767,-88.40694690115416,826.7809039234252,-29728.35546732496,9.347874779457409e-07,3.361192100458697e-05,-0.3154939364998502,3.569844067699253e-10,0.7086989833059311,0.0223694767452299,-0.708345858637576,2.382977575120217e-05,7.52166472744112e-07,-2.381790204761668e-05
15031.41966090022,29.17066194723013,-88.38235731353406,837.4157816189513,-29652.80349578852,9.516196346008424e-07,3.369674974717989e-05,-0.3139683648886119,3.570708291743535e-10,0.7087393244640454,0.02268091428111541,-0.7083763167759946,2.389156307659033e-05,7.645723547113507e-07,-2.387932610768373e-05
15066.07066186742,29.1566503865049,-88.4027856608644,825.5621268900308,-29607.15483809962,9.410633805089556e-07,3.374937913413451e-05,-0.3127640344404582,3.567988588404203e-10,0.7088268719806466,0.02243728116679278,-0.7084716669392717,2.393159379699e-05,7.575332144112047e-07,-2.391960127370843e-05
15100.80154164149,29.13043834938238,-88.36231608401508,843.9836914635449,-29519.45328657526,9.677486493079844e-07,3.38482974675196e-05,-0.3111203663575893,3.570358466262617e-10,0.7087865930423245,0.02294256243703779,-0.7084151842707554,2.400085052151435e-05,7.768784243905313e-07,-2.398827392018426e-05
15135.61248436208,29.09624111949047,-88.37860949662898,832.4173024887129,-29407.63878652468,9.617738262685384e-07,3.397754610899912e-05,-0.3092290505172519,3.575690958466909e-10,0.7088730254069961,0.02275007247599849,-0.7085078689414852,2.409523920980115e-05,7.732956660817613e-07,-2.408282720924513e-05
15170.50367459337,29.08767882467252,-88.43099467988529,804.785948123323,-29381.23337978675,9.315681265354411e-07,3.400981416081374e-05,-0.3082408222451451,3.570673239927628e-10,0.7087746458533682,0.02210541724938744,-0.7084298477145059,2.411416016887722e-05,7.520776529891116e-07,-2.410242933511349e-05
15205.47529732495,29.05186422280052,-88.50610264320173,763.2509784427067,-29266.50169327487,8.904929107912145e-07,3.414553406101746e-05,-0.3063309972501465,3.576426618227926e-10,0.7087257101621786,0.02118148919607648,-0.7084091167964461,2.420786959267745e-05,7.234939002283278e-07,-2.41970557463591e-05
15240.52753797292,29.02675621886484,-88.43519103678722,797.2039109899478,-29182.51583652679,9.354056369997294e-07,3.424154026216918e-05,-0.304749401598372,3.578470173834203e-10,0.7087846291954955,0.02206629750685817,-0.708441055486012,2.427875386387353e-05,7.558603612272304e-07,-2.426698506813072e-05
15275.66058238072,28.99668886965514,-88.39449818581211,815.1736987551828,-29083.60927849832,9.629694430370542e-07,3.435663720651263e-05,-0.303018004011249,3.582381472391753e-10,0.7086565074651908,0.02257161209278058,-0.7082969489559411,2.435643708248449e-05,7.757835340488431e-07,-2.434407910070381e-05
15310.8746168203,28.97241368595641,-88.46192540804009,778.8684065197338,-29007.14483960165,9.249986940469037e-07,3.44494280035752e-05,-0.3015262420824349,3.583563860317323e-10,0.7086519177630242,0.02174417535951411,-0.7083182416027041,2.442127160152202e-05,7.493388487285402e-07,-2.440977259060584e-05
15346.16982799294,28.95555724005284,-88.40700697044524,805.1311669417827,-28950.99347426658,9.598512627574721e-07,3.451443539306863e-05,-0.3002504058338935,3.582256341772875e-10,0.7088120811949148,0.02243443968515781,-0.7084569587235907,2.447352565589631e-05,7.746056391770021e-07,-2.446126415648975e-05
15381.54640303035,28.91542482373566,-88.39458799333801,807.7801765260941,-28821.43766412465,9.716747088907787e-07,3.466916231163217e-05,-0.2982193175555261,3.590083016493712e-10,0.7088065775248873,0.02259411579485597,-0.70844637783956,2.458319659329521e-05,7.836208184977214e-07,-2.457070396137274e-05
15417.00452949559,28.88952396342553,-88.39877841703714,803.3527787064642,-28738.52098500391,9.719372784233198e-07,3.476933249306929e-05,-0.2966774552840574,3.592160376404966e-10,0.7086785075530097,0.02254453519172449,-0.7083198225382022,2.464971929544015e-05,7.841587662098143e-07,-2.463724327869031e-05
15452.54439538414,28.85884581491,-88.40488830246895,797.5608381028194,-28640.66723752884,9.715404992581394e-07,3.488833304958211e-05,-0.2949872621407535,3.596143390362322e-10,0.7087510999602596,0.02247762421955836,-0.7083945779749604,2.473654388916499e-05,7.845049384225856e-07,-2.472410070320408e-05
15488.16618912481,28.83086395863589,-88.32955008958653,832.5823610237913,-28549.15807807769,1.020637192495284e-06,3.499753767673276e-05,-0.293368470724986,3.599372766020681e-10,0.708744939013319,0.02341520432948009,-0.7083580427885335,2.481468571951693e-05,8.198166992249962e-07,-2.480113964998522e-05
15523.87009958082,28.79128488497436,-88.38281968250951,802.5198969461592,-28425.27302293575,9.924313832236771e-07,3.515194219110484e-05,-0.2914236386491719,3.606745402652514e-10,0.7086926074365291,0.02276128213885719,-0.7083269978410972,2.492165869122609e-05,8.004160039020906e-07,-2.490880178054863e-05
15559.65631605074,28.75658115757616,-88.24570046863612,867.1135867170955,-28311.25570825766,1.080812901791917e-06,3.528853763122757e-05,-0.289587134804498,3.612942079627218e-10,0.7087450514585755,0.02446454466731558,-0.7083226906017057,2.502211351786355e-05,8.637162440409543e-07,-2.500720214559457e-05
15595.52502826954,28.73505660888337,-88.29552438923726,840.5027894227462,-28245.08323596959,1.052613753229718e-06,3.537306889334534e-05,-0.2882458017218408,3.61307746267955e-10,0.7088152845956065,0.02385732718392769,-0.7084136754862865,2.50838782986735e-05,8.442739661782211e-07,-2.506966597249946e-05
15631.47642640954,28.70769811009824,-88.22822154520537,870.9868764881782,-28156.99894535029,1.097547992912274e-06,3.548119783791216e-05,-0.2866860072932418,3.616044505764258e-10,0.7086217177153804,0.02468910322119629,-0.7081914903470878,2.515457985181811e-05,8.764112119645841e-07,-2.513930768555563e-05
15667.51070108149,28.67382552263816,-88.25992401250198,852.2040629901406,-28052.04117765615,1.081967052572275e-06,3.56151602999056e-05,-0.284960457498407,3.621226283640408e-10,0.7087894461322544,0.02430940823091555,-0.7083724526122755,2.525510043059685e-05,8.661761960908125e-07,-2.524024240289421e-05
15703.62804333552,28.63767189852177,-88.14333555892794,905.5662082539691,-27935.55918962359,1.159175909964267e-06,3.575909408813857e-05,-0.2831245315283492,3.627962275726287e-10,0.7086503314774236,0.02575215805279517,-0.7081822637278388,2.535380748143914e-05,9.21350387490734e-07,-2.533706114112981e-05
15739.8286446622,28.59881160124484,-88.1060905889032,919.7170781749068,-27813.7448610972,1.187574075079379e-06,3.591417742666914e-05,-0.2812416247010182,3.635470836752195e-10,0.7087069976759871,0.0262210376934741,-0.7082217631061538,2.54663414822093e-05,9.42214345434166e-07,-2.544890529307209e-05
15776.11269699348,28.57176710670355,-88.13814312529593,901.4578986820712,-27731.21415160209,1.170978715067221e-06,3.602238281119051e-05,-0.2797621882485983,3.637904105866353e-10,0.708549584877599,0.02582555314063809,-0.7080787774218331,2.553692595380155e-05,9.307820544166583e-07,-2.551995752224363e-05
15812.48039270384,28.54128673262639,-88.06773563266317,932.3251764167991,-27634.9580505313,1.219426872625181e-06,3.614491094212638e-05,-0.2781499212425049,3.642179301751726e-10,0.708671012410071,0.02670669200188412,-0.7081676047607879,2.562922186408365e-05,9.658525925087059e-07,-2.561101603076238e-05
15848.93192461113,28.50431528101958,-88.00660310133451,957.8243560627806,-27519.43113760569,1.263226359831569e-06,3.629399336167498e-05,-0.276350073144404,3.649057269826092e-10,0.7086519932595089,0.02746800967924353,-0.7081194503718535,2.573518094494792e-05,9.975195244163354e-07,-2.571584128640591e-05
15885.46748597779,28.4727441165317,-87.94933361217468,981.8397729438121,-27420.96553058941,1.304123409259134e-06,3.642175030831218e-05,-0.2747279683394949,3.653737888874403e-10,0.7085868447535646,0.02817969490929387,-0.7080262857780291,2.582430639212605e-05,1.027003367000596e-06,-2.580387693193741e-05
15922.0872705117,28.43591900733112,-87.85153114092219,1024.375688458902,-27305.44212453538,1.371987128474629e-06,3.657126536117949e-05,-0.2729413558408291,3.660757145019994e-10,0.7084081657828378,0.02938733363032622,-0.7077983568573075,2.592540057431641e-05,1.075479410002793e-06,-2.59030835804818e-05
15958.79147236733,28.40885595125189,-87.82297165016891,1034.846752816961,-27222.3440684402,1.394433645805565e-06,3.668152060524724e-05,-0.2714848820816067,3.663486646182576e-10,0.7083391796601709,0.02974376289420694,-0.7077144212254948,2.600151682854616e-05,1.091825743436983e-06,-2.597858337036755e-05
15995.58028614669,28.36787974878196,-87.74874305469551,1065.196076342276,-27095.89802553268,1.448611077449003e-06,3.684900733769007e-05,-0.2696023545961842,3.672117611586899e-10,0.7084716768549834,0.03067287833162365,-0.7078073830079518,2.612643252145966e-05,1.131129037546747e-06,-2.61019352424069e-05
16032.45390690042,28.34138264709759,-87.66266308403711,1102.58742448706,-27013.03256703827,1.508493386972741e-06,3.6957596363312e-05,-0.2681596769846989,3.674910693543107e-10,0.7084459064308296,0.03174163602229126,-0.7077344635392769,2.620404668392107e-05,1.174061850879452e-06,-2.617773178454207e-05
16069.41253012877,28.29492575375514,-87.5331686636825,1157.543090686877,-26869.02328398661,1.600398434601815e-06,3.714863243445681e-05,-0.2661166277037156,3.686109667082499e-10,0.7085585169070753,0.03335297447385553,-0.7077730928590747,2.634618052175772e-05,1.240156550882326e-06,-2.631697626655368e-05
16106.4563517827,28.24960718527705,-87.40980820819344,1209.183779323083,-26729.26546557537,1.689002883716238e-06,3.733576915516255e-05,-0.2641235682851465,3.696860878487995e-10,0.7083877710149654,0.03487494017027216,-0.7075287786879563,2.647503502624465e-05,1.303403729320782e-06,-2.644293134959272e-05
16143.58556826486,28.22455695719817,-87.28994906199827,1261.479098000722,-26650.24443583696,1.772171257399584e-06,3.743922294607568e-05,-0.2627370554475041,3.699294739678115e-10,0.7083856942729557,0.03636145664894086,-0.7074518614866631,2.655088669416586e-05,1.362857724719738e-06,-2.651588586241473e-05
16180.80037643066,28.17586281416776,-87.05239789756625,1364.340450671512,-26496.78338111022,1.938146150075093e-06,3.764063337284791e-05,-0.2606233284529976,3.712162475691653e-10,0.7081109136311932,0.03928563053323528,-0.7070203004420801,2.668883320967237e-05,1.480682786629687e-06,-2.664772779392437e-05
16218.1009735893,28.16042778710797,-86.88378226967542,1439.678754978035,-26444.2900447204,2.052657352448793e-06,3.77035961688633e-05,-0.259508772576201,3.710976632991657e-10,0.7081048464748732,0.04137241175120514,-0.7068951811599032,2.673741382933811e-05,1.562185740736906e-06,-2.669173793503748e-05
16255.48755750484,28.13582778543821,-86.68784146255284,1525.727770625873,-26363.58208021961,2.187842686065416e-06,3.780449654464433e-05,-0.2581217198704508,3.713776066911983e-10,0.7080981347816949,0.04379583289340661,-0.7067424520307862,2.681386097842732e-05,1.658435910158531e-06,-2.676252474828045e-05
16292.96032639722,28.10627159155915,-86.48833325914492,1611.998163350346,-26268.1566188174,2.327410057614465e-06,3.792608037627171e-05,-0.2565959094016486,3.718694784010623e-10,0.7079154867282385,0.04625120733429609,-0.7064029743494846,2.689874150834261e-05,1.757412140090089e-06,-2.68412704114857e-05
16330.51947894334,28.09994954129592,-86.28734176823252,1702.711616326637,-26240.39239375811,2.462496702621559e-06,3.794939737624337e-05,-0.2557351689591076,3.714067620819533e-10,0.7077301420604993,0.04872285343405078,-0.7060510162404828,2.691419044913421e-05,1.852875946093586e-06,-2.685033516104883e-05
16368.16521427809,28.06458561097383,-86.05035411752641,1803.839463667205,-26126.04552827636,2.630178037414738e-06,3.809438286335641e-05,-0.2540351490124229,3.721743617917846e-10,0.7076226666108006,0.05164163506294987,-0.7057357719638458,2.70203953919159e-05,1.971922980886372e-06,-2.694834478948424e-05
16405.8977319954,28.05515914862564,-85.85957526913934,1888.600821414312,-26089.2151883913,2.760248877876418e-06,3.81301999511498e-05,-0.253093590271674,3.718425774487676e-10,0.7075124459227334,0.05398951969433145,-0.7054494970575457,2.704795488939565e-05,2.064000572156568e-06,-2.696908907132236e-05
16443.71723214931,28.05273534969015,-85.65315646639451,1981.773286349303,-26071.63346843145,2.898780887857789e-06,3.813551899912012e-05,-0.2523413217583407,3.712375430480733e-10,0.7073775815231266,0.05652659775532252,-0.7051154420289741,2.705380155729769e-05,2.161871394183684e-06,-2.696728556560065e-05
16481.62391525508,28.03840560836472,-85.60656324569379,1999.721224693885,-26027.67348242519,2.934557880556589e-06,3.81951811018542e-05,-0.2513364528404058,3.710092877592313e-10,0.7074160807988726,0.05710980094647946,-0.7051070713081032,2.709928430123554e-05,2.187729080865535e-06,-2.701083210691456e-05
16519.61798229015,28.0304415994642,-85.37125197158534,2104.403355230487,-25992.12731380751,3.094623458122759e-06,3.822263764781547e-05,-0.2504159326142506,3.706622059421741e-10,0.7072551408287104,0.05999822624439138,-0.7047056456962481,2.712138046219917e-05,2.300774681007713e-06,-2.702361400780052e-05
16557.69963469528,28.02132198749092,-85.21769860142378,2171.627718161285,-25957.38184632368,3.200622655124156e-06,3.825691839823984e-05,-0.249506013619764,3.703047183567918e-10,0.7073217198043869,0.06189919083420555,-0.7046080509624525,2.715424866093118e-05,2.376324623945226e-06,-2.705007027017332e-05
16595.86907437561,28.01992371916197,-85.06094808178901,2242.050674225856,-25944.59298279957,3.306134313257957e-06,3.825797074526982e-05,-0.2488095200808403,3.696351555590764e-10,0.7072225895774791,0.06382443710690906,-0.7043367322784334,2.715750625987078e-05,2.45087271787961e-06,-2.704668869151405e-05
16634.1265037017,28.02450883818258,-84.97022618954919,2284.155036360292,-25952.67505106987,3.3651944562383e-06,3.823549488373625e-05,-0.248314603109234,3.686701728789566e-10,0.7071269863559665,0.06493758535734508,-0.7041389669950305,2.714162947222385e-05,2.492496983706862e-06,-2.702694043345829e-05
16672.47212551063,28.01664800832266,-84.86219214342449,2330.877670807463,-25923.76114640329,3.440539938271025e-06,3.826530096000334e-05,-0.2474674840613859,3.682325032597229e-10,0.7071743045878931,0.06627637085827744,-0.7040617442634035,2.716916103956561e-05,2.5462935817724e-06,-2.704957856583489e-05
16710.90614310708,27.99714451846593,-84.76943317573772,2367.552098777574,-25862.1486671609,3.510313452946096e-06,3.834519562855703e-05,-0.2463115263832617,3.682608300766943e-10,0.7071317905832517,0.06741886349413018,-0.7039105526262806,2.722824918896621e-05,2.595976647777305e-06,-2.710421478553905e-05
16749.42876026437,27.99684916855022,-84.52981951612004,2475.210532071033,-25847.03742932035,3.671351493482308e-06,3.833757098182272e-05,-0.2456014369228339,3.676286588741268e-10,0.7070132661821246,0.07035706329567498,-0.7035038324003104,2.722893362003883e-05,2.709634879305523e-06,-2.709377612857484e-05
16788.04018122561,27.98279852774067,-84.46851423259224,2498.850646010345,-25802.92337570054,3.718333479146837e-06,3.839520141026093e-05,-0.2446183567070989,3.674102084286881e-10,0.7070536819828482,0.0711206418085628,-0.7034676705536942,2.727423316001136e-05,2.743442282538666e-06,-2.71359046082684e-05
16826.74061070467,27.9795160390503,-84.19475876774776,2620.669099392761,-25776.55319913589,3.903879874168602e-06,3.839804395101224e-05,-0.2438063290108494,3.669401954315284e-10,0.7068607860878497,0.07446744995970717,-0.7029272862858799,2.728174481234934e-05,2.874118930647023e-06,-2.712992886792456e-05
16865.53025388741,27.98289943538744,-84.06108982605807,2681.567680703623,-25777.77128723237,3.992303660565212e-06,3.837780840356308e-05,-0.2432570847459552,3.660789570974781e-10,0.706846992577232,0.0761125081385599,-0.7027371891541924,2.727337744827443e-05,2.93676734115975e-06,-2.71148025074855e-05
16904.40931643264,27.99051279863462,-83.943031499322,2736.780078388803,-25792.00901115834,4.068244529138635e-06,3.834001876282022e-05,-0.2428316570876093,3.650353804614997e-10,0.7067957662728989,0.07756157690702185,-0.7025271930743965,2.725044522478714e-05,2.990379405069672e-06,-2.708587078095994e-05
16943.37800447329,27.98902073615669,-83.88142355148317,2763.937941715346,-25783.69948232559,4.110320709828386e-06,3.834357941206951e-05,-0.2421951055288179,3.64313194822625e-10,0.7066299471747366,0.07830542980771124,-0.7022778238751389,2.724970593892241e-05,3.019685118374145e-06,-2.708187540669244e-05
16982.43652461744,27.99839211782858,-83.73135839460572,2834.131656608498,-25800.70015433614,4.206762936987091e-06,3.829653746130523e-05,-0.2417973980848973,3.632357955308899e-10,0.7065892477635481,0.08014678525635296,-0.7020291004425164,2.722244226975833e-05,3.087778708285549e-06,-2.704675554995429e-05
17021.58508394951,28.01581945469583,-83.61249722972624,2893.030268775356,-25842.82997176683,4.278228853389226e-06,3.821651713490242e-05,-0.2416352010229905,3.618095795666394e-10,0.7066362441707713,0.08161531095470477,-0.701907203691158,2.717361765517934e-05,3.138507645180665e-06,-2.699176293299526e-05
17060.82389003124,28.02576445778364,-83.52472609796799,2935.693759165573,-25865.49059448856,4.332219941666597e-06,3.816985126755289e-05,-0.2412908491491524,3.606611901538641e-10,0.7065601874397222,0.08268847601117123,-0.701705005262044,2.714220034927127e-05,3.176441614413194e-06,-2.695569065095913e-05
17100.15315090288,28.04349890880428,-83.42964072125491,2984.31622333924,-25910.08286857977,4.387161353672919e-06,3.808970153447923e-05,-0.2411509258463791,3.592124079062089e-10,0.7064736225418887,0.083849531665615,-0.7014800320657146,2.708702647862695e-05,3.214889292363233e-06,-2.689556636867284e-05
17139.57307508425,28.06810060183676,-83.39429280596131,3008.463979235496,-25978.72970384101,4.398691222820293e-06,3.798363919828114e-05,-0.2412337360739204,3.574392336596948e-10,0.706473942034482,0.08428926538580658,-0.701427651660855,2.701353729621406e-05,3.222979757205024e-06,-2.682058162565821e-05
17179.08387157588,28.07857548841736,-83.40250564243782,3008.264049516087,-26009.62868724331,4.388100257809455e-06,3.793977405885634e-05,-0.2409651762867729,3.561934913102804e-10,0.7064443950733171,0.08419215818743131,-0.7014095549892713,2.698076367006373e-05,3.215495428613251e-06,-2.678847135184085e-05
17218.68574986007,28.11614735774229,-83.55802314647977,2950.279389766619,-26129.50481431861,4.266768861392341e-06,3.77891524077505e-05,-0.2415190051178023,3.537438940279916e-10,0.7066625469038691,0.08232040895361607,-0.7018513414294885,2.687360946644344e-05,3.130555780874481e-06,-2.669064454556599e-05
17258.37891990204,28.11203659135123,-83.76313954346888,2855.793105759716,-26131.43436629431,4.132796607363894e-06,3.781643112617699e-05,-0.2409813209444108,3.529042451821173e-10,0.706726276985314,0.07982148504637761,-0.702204073689774,2.688473795180467e-05,3.036507596052426e-06,-2.671270776908103e-05
17298.16359215101,28.12686052688482,-83.81315668555229,2837.754719421226,-26177.96158577407,4.092884815422299e-06,3.775639266489365e-05,-0.2408551615465218,3.514667986085904e-10,0.7067493196565607,0.07921805369195047,-0.7022955936101769,2.684037856823351e-05,3.008481920525695e-06,-2.66712384080672e-05
17338.03997754138,28.10729050080726,-84.01679727284866,2739.08291096513,-26134.33270992347,3.966776860460099e-06,3.784809355068466e-05,-0.2399007177616599,3.512438395783178e-10,0.7066688932489845,0.07671976304703801,-0.7024919947186238,2.689231291551252e-05,2.919573642444159e-06,-2.673336087535921e-05
17378.00828749375,28.10900900839703,-84.14759295452727,2680.158041417003,-26147.75710125674,3.879292014549088e-06,3.784656865519981e-05,-0.2394719075157832,3.502560855412613e-10,0.7068904365274716,0.07514650762230993,-0.7028848352654719,2.689329442151396e-05,2.858911437765342e-06,-2.674090331745075e-05
17418.06873391614,28.09501129930713,-84.37959015660486,2570.642249675048,-26121.62215307746,3.731260838038735e-06,3.791526641956641e-05,-0.2386823333143617,3.498001476909141e-10,0.7071470019029737,0.07233315426072914,-0.7034378416712154,2.694092704235376e-05,2.755752660249566e-06,-2.679961524307683e-05
17458.22152920504,28.06809942286024,-84.4904257622339,2512.748765027184,-26050.26564098002,3.668619948558576e-06,3.803345783147383e-05,-0.2374828695284474,3.499515934739757e-10,0.7071885785325264,0.07098352326561994,-0.7036171011506573,2.702140291558861e-05,2.712253054918583e-06,-2.68849381418791e-05
17498.46688624657,28.04475500743734,-84.52237184757114,2491.790834097711,-25984.58046467567,3.656829490076665e-06,3.813369036847895e-05,-0.2363392434323894,3.500293184313308e-10,0.7071273936822766,0.07059220249353655,-0.7035949771303096,2.708881665055208e-05,2.704264107699475e-06,-2.695349593583429e-05
17538.80501841761,28.0049988848957,-84.67206567874175,2413.429588129284,-25878.79612140796,3.572610454957307e-06,3.830849594278613e-05,-0.2348357439212267,3.506517918459387e-10,0.7070175417213957,0.06875016184520558,-0.7036669805725032,2.720204121732249e-05,2.645117873111861e-06,-2.707313055090334e-05
17579.23613958693,27.96719071328143,-84.75694193449183,2365.251231507953,-25775.11622144916,3.530483762162218e-06,3.847313472474319e-05,-0.2333569628872465,3.512525610292641e-10,0.7071977832414363,0.06773210231738218,-0.7039467784834798,2.73221663350525e-05,2.6167895454312e-06,-2.719656569707283e-05
17619.76046411629,27.94496141765954,-84.70942157768778,2380.655088875317,-25708.64480427363,3.571329393373446e-06,3.856671186109334e-05,-0.232219836877285,3.513508007271316e-10,0.707181214480516,0.06832148410302943,-0.7038731738915023,2.739007240860286e-05,2.646182277366962e-06,-2.726194758089482e-05
17660.37820686164,27.9109405059336,-84.70407755526179,2374.039788050531,-25611.18854044908,3.58849890550871e-06,3.871279769984316e-05,-0.2308074723500122,3.51876609244228e-10,0.7071760804445771,0.06839381613187565,-0.7038609910116302,2.749385928817718e-05,2.659040667395173e-06,-2.736497398659872e-05
17701.08958317421,27.88156288963534,-84.54815124767404,2435.498891564765,-25518.39098881652,3.706323256029617e-06,3.88336887796905e-05,-0.2294422637961437,3.523439707313986e-10,0.7071144939370301,0.07031013604130627,-0.7036102559696491,2.758437379486823e-05,2.742782237899004e-06,-2.744767427762284e-05
17741.89480890166,27.85387769516161,-84.48275141327106,2456.935872803744,-25435.99017990772,3.762385238117451e-06,3.895095310752933e-05,-0.2281753788517606,3.526724078871872e-10,0.7071493105749975,0.07112393020272281,-0.7035634541384398,2.767206273538934e-05,2.7832111678888e-06,-2.753174152911985e-05
17782.79410038923,27.84711322964945,-84.51275616381237,2441.825428556113,-25418.6426489189,3.744729526422877e-06,3.898146875523499e-05,-0.2274953306788478,3.521014195960522e-10,0.7071066691624612,0.07075843522254498,-0.7035574499775319,2.769067395543331e-05,2.77093802787196e-06,-2.755168464090364e-05
17823.78767448089,27.83928134087619,-84.32025666650564,2524.680618850334,-25384.84535601541,3.879561748087707e-06,3.900773598411236e-05,-0.2266703178818507,3.517593172026599e-10,0.7068629421685698,0.07310384111227179,-0.7030725762151718,2.770888029628859e-05,2.865655365047807e-06,-2.756029873936098e-05
17864.87574852051,27.81073611732112,-84.14018326930324,2595.872910812162,-25293.21931456811,4.015361385467544e-06,3.912418659899013e-05,-0.2253327108056877,3.522216294542548e-10,0.7067933567238501,0.07531298055194276,-0.7027693818525038,2.779768926558703e-05,2.962006944649399e-06,-2.76394291432725e-05
17906.05854035295,27.81512705818915,-84.13391903432812,2599.895864071568,-25305.17598115348,4.017694487355502e-06,3.910482240693411e-05,-0.2249207347409629,3.512455006361448e-10,0.7067768373260216,0.07539531922025997,-0.7027439388712283,2.778359228551238e-05,2.963810779901792e-06,-2.762505793565909e-05
17947.33626832527,27.82395017221303,-84.00105549057409,2660.939450360349,-25321.63490364889,4.104704396390482e-06,3.906057542900002e-05,-0.2245493872645898,3.502098758642855e-10,0.7067960781783253,0.0770340906762662,-0.7025855428358473,2.775959776193535e-05,3.025533724863248e-06,-2.759422790338881e-05
17988.70915128787,27.83083967321479,-83.88427082481097,2714.410825407437,-25333.55931257222,4.181438026716017e-06,3.902530422813018e-05,-0.2241384391063394,3.492399521866879e-10,0.7066561321442417,0.07845775235471121,-0.702287170744637,2.773503672300893e-05,3.079331719884498e-06,-2.756356250896402e-05
18030.17740859569,27.83048627299495,-83.83851247604649,2734.448685162887,-25329.59089912588,4.212901734553497e-06,3.902471383481137e-05,-0.2235879052509753,3.484913125310856e-10,0.7067458496030488,0.07903594200378639,-0.7023126197091359,2.774051966388555e-05,3.102244045071073e-06,-2.756651071694135e-05
18071.74126010928,27.86216787809974,-83.86720459577666,2731.429687093335,-25420.91388690869,4.17851971251707e-06,3.888871468614787e-05,-0.2238779343275336,3.464407516343394e-10,0.706734305613902,0.07869027773290896,-0.7023398172693058,2.764190164319767e-05,3.077746332802597e-06,-2.747002373430234e-05
18113.40092619602,27.86557243062145,-83.97843879360941,2683.288981162646,-25437.70266963822,4.101152842442903e-06,3.887911713616531e-05,-0.2235105454393016,3.454158363755177e-10,0.7068001305433123,0.07734115631352788,-0.702555883952394,2.763194040994033e-05,3.023607566184969e-06,-2.746601405563251e-05
18155.15662773135,27.88377494527397,-84.10934263875367,2630.718847676587,-25497.60162932589,4.003843500382416e-06,3.880627785408523e-05,-0.2235215822978153,3.438118174815082e-10,0.7067102803111318,0.07573356281882131,-0.7026406249002446,2.75700926546999e-05,2.954508236481571e-06,-2.741132776917784e-05
18197.00858609984,27.87874858411928,-84.34773279218859,2523.601151955221,-25498.14649168427,3.843882338854314e-06,3.883810042524675e-05,-0.2230122624073898,3.43013742328309e-10,0.706905884816146,0.07283698463243996,-0.703143444581084,2.75887325128381e-05,2.842641614999027e-06,-2.744189407299733e-05
18238.95702319638,27.89112856986497,-84.46322097872577,2475.800122764899,-25540.31251427735,3.760116093637136e-06,3.878929451469924e-05,-0.2228672933210665,3.416598332608327e-10,0.7071787712264808,0.0714545271971926,-0.7035595674968971,2.755925658994896e-05,2.784633433107187e-06,-2.741821366234254e-05
18281.00216142743,27.85632769762996,-84.72470504263352,2350.512181850934,-25457.09068808231,3.596318839209446e-06,3.894972999498364e-05,-0.2216301811011108,3.419883894490171e-10,0.7070166376805342,0.06823470150641903,-0.7037162435722354,2.765495142273809e-05,2.668999928623611e-06,-2.752585652754534e-05
18323.14422371211,27.85735818771503,-84.98868576045423,2233.852138659137,-25475.1057787055,3.415826945774038e-06,3.89544819280558e-05,-0.221276925017211,3.40960552150255e-10,0.7071979051973259,0.06501584770762889,-0.7042029655307797,2.765394457895412e-05,2.542350077746368e-06,-2.75368318231791e-05
18365.38343348346,27.82492543337292,-85.20142686898728,2131.852070332277,-25395.13369629897,3.282511501544722e-06,3.910206510171908e-05,-0.2200749618369886,3.412476176061686e-10,0.7073140658020651,0.06241839833385664,-0.704554562280938,2.775442747246131e-05,2.449247078862723e-06,-2.764614680332139e-05
18407.72001468956,27.79103648224242,-85.33604763080064,2064.574252645248,-25306.86275387052,3.202380939154956e-06,3.925371771394012e-05,-0.2188056042906188,3.41650312147474e-10,0.7074254456586578,0.06077988347654353,-0.704809596224348,2.786103727259602e-05,2.393737190761308e-06,-2.775801542197408e-05
18450.15419179474,27.75398218278266,-85.56302509694616,1956.534443329396,-25214.69952352951,3.058953423448185e-06,3.94220463083013e-05,-0.2175073457939601,3.42110445484905e-10,0.7075534578263671,0.05800531379041525,-0.7051718083234214,2.797675123623186e-05,2.29353728166254e-06,-2.788258052031097e-05
18492.68618978078,27.70689643869149,-85.72288573585844,1876.538284108396,-25091.20070517396,2.964095197855754e-06,3.963292843448592e-05,-0.2159442159650158,3.430036071464427e-10,0.7075910687168905,0.05604810570484066,-0.7053677979428961,2.812192337683034e-05,2.227530283707766e-06,-2.803356351317973e-05
18535.31623414811,27.66974773523832,-85.88599554905758,1797.869062639257,-24995.89415944019,2.862725482521739e-06,3.980066438409123e-05,-0.2146292009384528,3.435195471550645e-10,0.7075193027434094,0.05404190769517952,-0.7054523626490918,2.82321798710438e-05,2.156437079113835e-06,-2.814970265197829e-05
18578.04455091699,27.61519145626255,-86.00033456509479,1737.562616070709,-24850.38835887212,2.79998714850185e-06,4.004504205866868e-05,-0.2128890440664044,3.44736248654566e-10,0.7077537260366686,0.05265901670146849,-0.7057920123370781,2.841091538872756e-05,2.113857988903756e-06,-2.833216754200399e-05
18620.87136662867,27.56031922092921,-86.03341035703785,1712.789366961967,-24701.00998450795,2.793774727735624e-06,4.029045180649816e-05,-0.2111226569902708,3.460233611639849e-10,0.7078564810985443,0.05226674398903251,-0.7059242064882028,2.858802672901097e-05,2.110884217487046e-06,-2.85099884264973e-05
18663.7969083467,27.51693035035906,-86.01269623970396,1713.421469803641,-24581.34413761121,2.821941249015698e-06,4.048455689429689e-05,-0.2096166415952694,3.469081513931018e-10,0.7076912565356502,0.05251729966890459,-0.7057399293029225,2.871976905466383e-05,2.131275049587295e-06,-2.864057962430636e-05
18706.82140365801,27.46624458172404,-85.98151774185261,1717.072652500574,-24441.97685765517,2.86007851783761e-06,4.071229766676409e-05,-0.2079488199461215,3.480837932801417e-10,0.7076892503197859,0.05290880586479824,-0.705708674511049,2.888234496176972e-05,2.159323999639511e-06,-2.880151333446292e-05
18749.9450806742,27.40244822740179,-86.05042069539802,1675.854943511696,-24272.78249197735,2.830948623153786e-06,4.10029522195905e-05,-0.2060343803446331,3.497039738575902e-10,0.7075090143257038,0.05205447505134123,-0.7055914802343196,2.907869729507353e-05,2.139444575578345e-06,-2.899988643575255e-05
18793.16816803268,27.36253974746376,-85.8660240363092,1745.984967795705,-24156.8691325821,2.976434817845838e-06,4.118096530185923e-05,-0.204578871305707,3.505738233607013e-10,0.7074243447643452,0.05432618012810714,-0.7053352888647723,2.92080863909709e-05,2.243015488817786e-06,-2.912183359851063e-05
18836.490894898,27.30877818665815,-85.84259910353438,1745.391105191861,-24012.11201208651,3.011226797171611e-06,4.142676958327516e-05,-0.2028852583065227,3.518761009753158e-10,0.7075436486357247,0.05463142999617153,-0.7054313726942737,2.938825055939147e-05,2.269149269081968e-06,-2.930051590904497e-05
18879.91349096294,27.26172717424466,-85.70937892168565,1791.669625786647,-23880.72572631574,3.124101671433008e-06,4.164038619779577e-05,-0.2013110677537905,3.529982976084349e-10,0.7073927796897705,0.05626719005729137,-0.7051514362747032,2.953856255691384e-05,2.349546052955135e-06,-2.944497089952298e-05
18923.43618644976,27.21750062607747,-85.45783680659731,1886.869736988685,-23751.48056043275,3.323749604011401e-06,4.183859254291291e-05,-0.1997610528922196,3.541028684905222e-10,0.7073409580872704,0.0593657739520672,-0.7048453276222306,2.968705343582747e-05,2.491577623809582e-06,-2.958231198953536e-05
18967.05921211146,27.16627641960306,-85.25232483277789,1960.585068814045,-23606.50783564356,3.494112035614978e-06,4.207100444626754e-05,-0.1980851311299293,3.554580761174648e-10,0.7070671868119005,0.06187732759124482,-0.7043544583491048,2.98491058640218e-05,2.612174537729146e-06,-2.97345870169071e-05
19010.78279923299,27.12891668097129,-85.03734550162913,2040.350610914124,-23497.70509866397,3.667682237559141e-06,4.223887558970129e-05,-0.196718670517812,3.562826571626659e-10,0.7070398245800136,0.06452492474313609,-0.704089374745159,2.997660042425159e-05,2.735684496384408e-06,-2.985150923038034e-05
19054.60717963247,27.09647532299273,-84.76536335479753,2143.712973062437,-23398.71586432506,3.882866867797706e-06,4.23816526373907e-05,-0.1954394156070927,3.569670316720349e-10,0.7067938620085162,0.06785061802104414,-0.703529570812113,3.008020080696505e-05,2.887631492936051e-06,-2.994127694251441e-05
19098.53258566239,27.07816012848614,-84.46716755605243,2260.367151627152,-23334.6462617038,4.112637484557062e-06,4.245635087896205e-05,-0.1944560023757538,3.571238953146741e-10,0.7067390535643285,0.07151341006170588,-0.703111599971405,3.014566152632265e-05,3.050374878027136e-06,-2.999093399617809e-05
19142.55925021086,27.07933110104442,-84.22617244748409,2358.382590577643,-23323.81003801326,4.291385200982755e-06,4.244071917234919e-05,-0.193918671519603,3.564680710230138e-10,0.7064790394094689,0.07445053508566706,-0.7025451949521708,3.013601924932028e-05,3.175809377641651e-06,-2.996821467809328e-05
19186.68740670289,27.05628097577832,-83.91915500471829,2476.42351186574,-23246.02633698523,4.53133819414303e-06,4.253537672297257e-05,-0.192827449593153,3.568382543460706e-10,0.7063124505534212,0.07820334662252212,-0.7019697389373823,3.021291310528869e-05,3.345192222220822e-06,-3.002715116863601e-05
19230.91728910159,27.07549801434368,-83.68271380199752,2577.37201789504,-23281.14398105338,4.697622936606365e-06,4.243315873552149e-05,-0.1926745921536785,3.554805266599299e-10,0.7062886131962919,0.08110452959265649,-0.7016164624709822,3.015280122196337e-05,3.462506280458121e-06,-2.995333824115475e-05
19275.24913190936,27.08426927312133,-83.46243644808713,2669.022504824248,-23289.94515061736,4.856784077694704e-06,4.238039753259773e-05,-0.1923041237855427,3.545289185433018e-10,0.7060962474702632,0.08378631315972199,-0.7011075270018774,3.012014773911895e-05,3.574096505863663e-06,-2.990734247627371e-05
19319.68317016924,27.0962748859268,-83.29605726126039,2739.955703266242,-23310.28791922171,4.97380776373361e-06,4.231487789721567e-05,-0.1920294196629379,3.534048406804035e-10,0.7060702432821369,0.08582653634916931,-0.7008344983709068,3.008261091754918e-05,3.656698924729026e-06,-2.985953838542275e-05
19364.21963946607,27.10727051618887,-83.15315739973769,2801.207984630619,-23329.3936748867,5.073665213302635e-06,4.225517483355433e-05,-0.1917447948755757,3.52303274609724e-10,0.7059693134908929,0.08756951479522998,-0.7005171316030255,3.004477227074818e-05,3.726799564237064e-06,-2.981273730822316e-05
19408.85877592778,27.13616651655221,-83.07775142799473,2840.852767417161,-23399.35466448863,5.113123693496382e-06,4.211545072654341e-05,-0.1918774824943691,3.504420817731807e-10,0.7060255326328048,0.08850627441118036,-0.7004560600917723,2.995256621361866e-05,3.754807612602773e-06,-2.971628581390263e-05
19453.60081622662,27.15705263044701,-83.12615104539144,2827.735424645562,-23456.90871549121,5.065604922662923e-06,4.202070364293039e-05,-0.1919070411176416,3.487782175676079e-10,0.7060917620324911,0.08793066182181861,-0.7005953005278619,2.988492949048865e-05,3.721614908851084e-06,-2.965229490480789e-05
19498.44599758046,27.15219269997987,-83.0810858275883,2844.553499196712,-23441.23864941399,5.10157718834337e-06,4.204079423858057e-05,-0.1913377611587083,3.482086659495567e-10,0.7059911572544781,0.08847695768011142,-0.700425115255863,2.989780017900069e-05,3.746883192493545e-06,-2.96620855956769e-05
19543.39455775394,27.14563529760316,-83.17627000451672,2803.757769617296,-23430.47659545879,5.035047811627203e-06,4.207694801090116e-05,-0.1908100539108596,3.475673791132274e-10,0.7060262532193071,0.0873254828436915,-0.700604974490625,2.991900706911217e-05,3.700558904999359e-06,-2.968927159416704e-05
19588.4467350599,27.14125812749081,-83.15297327476215,2811.8679649122,-23417.53776435789,5.054701163116067e-06,4.20960930071659e-05,-0.1902660757459641,3.469595951410293e-10,0.7059160302602553,0.08760459049843594,-0.700459047698007,2.992940424509291e-05,3.714256498449058e-06,-2.969803928090059e-05
19633.60276836047,27.13288509429558,-83.24560962256854,2771.610444285251,-23401.85532973581,4.990937182347593e-06,4.214055050265824e-05,-0.1897013501389023,3.463935857045082e-10,0.7059471723210163,0.08648372592807381,-0.7006296990976307,2.995655606188833e-05,3.669898663504004e-06,-2.973091143723431e-05
19678.86289706845,27.1077042459119,-83.10694490030569,2820.053567848611,-23327.3743593346,5.107690686812981e-06,4.225062038586408e-05,-0.188662676195397,3.46700344052961e-10,0.7059269554678492,0.08818453788778008,-0.700397282785724,3.004263905716064e-05,3.752932540207758e-06,-2.980730881625317e-05
19724.22736114854,27.09155000252549,-83.05370828922376,2836.521860581864,-23282.01991184835,5.15639081635375e-06,4.232338037930493e-05,-0.1878627986936179,3.465767902832034e-10,0.7059511812788716,0.08884630207706329,-0.7003380647632009,3.00988005651764e-05,3.78803407103383e-06,-2.985948079486564e-05
19769.69640111861,27.07641602865279,-82.89982600639711,2893.844916881067,-23232.5997469732,5.279505446960995e-06,4.238535250997718e-05,-0.1870328717034362,3.465152250387782e-10,0.7059276493797982,0.09073188187102466,-0.7000725475056352,3.01518411731352e-05,3.875373480438559e-06,-2.990175591026528e-05
19815.27025805098,27.06946627140488,-82.76089772035148,2947.591242501354,-23205.21509741058,5.386972269027864e-06,4.240949302064568e-05,-0.1863827563372752,3.46126246868395e-10,0.7058172914034609,0.09242267577691786,-0.6997400216125649,3.017349795428414e-05,3.951044345965457e-06,-2.991369631746307e-05
19860.94917357372,27.06534121156499,-82.42976150198795,3079.491305156602,-23171.51999633316,5.635938177042959e-06,4.240741123339761e-05,-0.1856840735122599,3.458323439768076e-10,0.7056300856120098,0.09644763030242257,-0.6990076339567827,3.018667707019629e-05,4.126005295819767e-06,-2.990337025887186e-05
19906.73338987186,27.09212116947022,-82.1675395130635,3194.38198432672,-23221.70569608188,5.813763125306629e-06,4.226341650591888e-05,-0.1856582482004318,3.442912734078814e-10,0.7054709566003682,0.09963127008843116,-0.6984002295440664,3.009601239321781e-05,4.250357738018169e-06,-2.979436894904118e-05
19952.6231496888,27.12542766124877,-81.97866171359929,3282.59026864386,-23293.89370782032,5.931882307148329e-06,4.209378102101613e-05,-0.1858070640458433,3.424349172656928e-10,0.7056602433239142,0.1019684234455303,-0.6982541225284665,2.999702081765939e-05,4.334591540018848e-06,-2.968219287917063e-05
19998.61869632744,27.15462243452676,-81.80604850618226,3363.225892744856,-23356.6364626152,6.039801759508711e-06,4.194468599549717e-05,-0.1858790451216644,3.407295741646039e-10,0.7054395864015228,0.10404708066489,-0.6977243116499994,2.989425090445518e-05,4.409179177395812e-06,-2.956730248298175e-05
20044.72027365162,27.20378216987573,-81.63749263771533,3450.310143434777,-23471.7245921554,6.130326435476866e-06,4.170330427463577e-05,-0.1863653341495396,3.382790723339701e-10,0.7053287482478254,0.1060906320783772,-0.697304396149956,2.97302676110693e-05,4.471819545925294e-06,-2.93920336515607e-05
20090.92812608728,27.28845991000023,-81.65601729108626,3475.342213386733,-23695.2526165674,6.059427476238806e-06,4.131382060972034e-05,-0.1877074348218434,3.343172521366613e-10,0.705483311720779,0.1058964676252986,-0.6974902445633214,2.945765880648441e-05,4.421737495829823e-06,-2.912390598592882e-05
20137.24249862388,27.3500729643522,-81.89158315937141,3401.693401684177,-23876.39908027109,5.848311346643923e-06,4.104914792997332e-05,-0.188707412999551,3.310177652609545e-10,0.7056568452037879,0.1030613794767968,-0.6980902056634962,2.925874315574128e-05,4.273247615867946e-06,-2.894500657915137e-05
20183.66363681561,27.39335770168493,-82.18360439450713,3296.470694127642,-24013.71500147958,5.61077302124429e-06,4.087265344423349e-05,-0.1893561799907433,3.283679635472754e-10,0.7056709888326869,0.09951221435580722,-0.6986192551555575,2.911276315303348e-05,4.105419626456267e-06,-2.882184081725752e-05
20230.19178678272,27.43747434547187,-82.53232599568294,3166.530742787861,-24157.50212456273,5.334345787821105e-06,4.069578986275256e-05,-0.1900518747622102,3.256627645170061e-10,0.7058891905650141,0.09529598872575337,-0.6994270683132816,2.897207875245387e-05,3.911269540684651e-06,-2.870685140900168e-05
20276.82719521282,27.45807458635393,-82.96707903461498,2990.894521644514,-24243.71238854534,5.012366820770335e-06,4.062944336861057e-05,-0.1902914409827476,3.237583726655114e-10,0.7061140442494031,0.09002299771701162,-0.7003519853390086,2.890613961328826e-05,3.685264953454958e-06,-2.867025862397738e-05
20323.57010936222,27.45662857840195,-83.40459000618411,2806.096404371673,-24269.41094805382,4.701285899641812e-06,4.066055581873217e-05,-0.1900550295802601,3.226717140682135e-10,0.7064514985904249,0.084721228763308,-0.7013530018881308,2.891570160009298e-05,3.467716856714206e-06,-2.870701549843313e-05
20370.42077705718,27.43688119667535,-83.79955695145337,2633.677982346117,-24241.67192752414,4.42936510989647e-06,4.077006246059012e-05,-0.1894011890231988,3.222979641256551e-10,0.7066818266717402,0.07991880011402221,-0.7021482674880302,2.898061826693197e-05,3.277424367008044e-06,-2.879469959301838e-05
20417.37944669529,27.41040905451545,-84.23024990975026,2444.925365293111,-24196.90019150226,4.133658723510287e-06,4.090993082176148e-05,-0.1886165794701012,3.221516785508598e-10,0.7067824239061878,0.07465744748467261,-0.7028283291656502,2.906126673481098e-05,3.069742429503585e-06,-2.889868345873799e-05
20464.44636724674,27.36793442634433,-84.62854967350481,2266.586242907232,-24106.17849214221,3.86627648542718e-06,4.111961384629937e-05,-0.18747721766959,3.226203542310944e-10,0.7069646974536284,0.06979617839409025,-0.7035108932541704,2.919794759057437e-05,2.882612337098625e-06,-2.905530398422867e-05
20511.62178825566,27.32200413531287,-84.92950573896881,2129.507421367764,-24000.24447601867,3.668108043894694e-06,4.134077624457343e-05,-0.1862240627876342,3.232990779556997e-10,0.707274318032607,0.06613720848976481,-0.7041752840036851,2.935375127941734e-05,2.744868743041259e-06,-2.922513318630679e-05
20558.90595984141,27.26558810126768,-85.08563052154089,2051.448506528066,-23858.80052856075,3.577374891653532e-06,4.16056623815995e-05,-0.1847007835816405,3.244677411533828e-10,0.7072152860851323,0.06422116535231186,-0.7042933357580963,2.953233392960595e-05,2.681787198112975e-06,-2.941031731814181e-05
20606.29913270001,27.2339982228364,-85.37110184069095,1926.185181436637,-23790.12533667684,3.38116894814572e-06,4.176048795104519e-05,-0.1837455634184879,3.246559760968559e-10,0.7074515490860245,0.06073997053526374,-0.7048392371907164,2.963980257441193e-05,2.544797219493967e-06,-2.953035563215878e-05
20653.80155810529,27.17191037712668,-85.57985787400685,1827.148203105256,-23637.27488457886,3.25081075244421e-06,4.205477542690713e-05,-0.1821451188304991,3.26003847676151e-10,0.7074454989215497,0.05817941660625865,-0.7050491397255342,2.983981350916597e-05,2.453988249623944e-06,-2.973873588323e-05
20701.41348791042,27.12158813992816,-85.70894108296834,1764.188013530144,-23512.02175419289,3.173413673574872e-06,4.229332177517976e-05,-0.1807632356336115,3.26986751511358e-10,0.7074284655944658,0.05659791299911648,-0.7051607690289391,3.000319989878134e-05,2.400410190081006e-06,-2.99070231732546e-05
20749.1351745491,27.05151467821295,-85.79561122723442,1715.356550964595,-23334.24083625115,3.133476282695378e-06,4.262512665018766e-05,-0.178983834321029,3.287202478219329e-10,0.7073672953516816,0.05553481400835428,-0.7051839298836939,3.02325713455286e-05,2.373533859567968e-06,-3.013925525257652e-05
20796.96687103696,27.01295494701503,-85.76156869577801,1721.804009642232,-23233.14473346121,3.172407626496948e-06,4.280684975013774e-05,-0.1777985150829553,3.293913071898624e-10,0.7074192287451563,0.05596636912234954,-0.7052019077722725,3.036502024574924e-05,2.402281225088702e-06,-3.026984472111391e-05
20844.90883097289,26.95920698275208,-85.70745986860747,1733.321578436105,-23092.6515689768,3.232150868750052e-06,4.306121539071464e-05,-0.1763168971427895,3.306330998369366e-10,0.7073176574914952,0.05663267594550295,-0.7050468130659892,3.054321803072838e-05,2.445498356709527e-06,-3.044515898233974e-05
20892.96130854039,26.9157061336088,-85.63709037902471,1753.120968226532,-22978.29285030574,3.301077491612218e-06,4.326747936883769e-05,-0.1750402366104226,3.315143801236068e-10,0.7073120821999699,0.05750660887944808,-0.7049704756663524,3.069212928372448e-05,2.495362823305486e-06,-3.059052082506806e-05
20941.12455850892,26.87457991281037,-85.5157822047904,1793.414521089728,-22868.02284407516,3.408478337789434e-06,4.346187653523764e-05,-0.1737995905713716,3.323468097435232e-10,0.7072702693820059,0.05900409649475,-0.7048047605887274,3.083325167089819e-05,2.572267258492619e-06,-3.072576849733514e-05
20989.39883623524,26.83997520213509,-85.39830340978097,1833.096334914337,-22774.80847020632,3.511328052947425e-06,4.362554349096835e-05,-0.1726930520633554,3.329395577197781e-10,0.7071139117045513,0.06044427279156776,-0.7045257795232268,3.094755970579195e-05,2.645405089798037e-06,-3.083428746792162e-05
21037.78439766475,26.81608869689914,-85.21058346075102,1902.392582392084,-22705.28587663871,3.664443541783437e-06,4.373557748547161e-05,-0.1717699170822748,3.33190919707107e-10,0.7071406644573758,0.0627631347840351,-0.7043498479032276,3.103513931377319e-05,2.754561757930221e-06,-3.091265536551428e-05
21086.2814993329,26.80160165699377,-85.00295905336796,1981.162337435047,-22658.26680208842,3.829649836473114e-06,4.379915068733078e-05,-0.1710199668709465,3.331144294272538e-10,0.7069140137658955,0.06530272659058972,-0.703891310330255,3.107992814486646e-05,2.871076270347529e-06,-3.094703304906481e-05
21134.89039836646,26.79535604207157,-84.85324355788329,2038.717928596614,-22634.75718811805,3.947266045688107e-06,4.382431097888839e-05,-0.1704495942147035,3.326934813924293e-10,0.706830229549685,0.06714241914412562,-0.7036340447681131,3.110130618456383e-05,2.954340163272523e-06,-3.096067054483257e-05
21183.61135248502,26.80433090610898,-84.78475706812779,2067.717921136044,-22653.62197774161,3.995883247231015e-06,4.377832567230831e-05,-0.1701993043914973,3.316518945266861e-10,0.7068774390188493,0.06799658249959276,-0.7035994446858405,3.107411203719108e-05,2.989108586732118e-06,-3.093001242735974e-05
21232.44462000219,26.80137770630182,-84.69032403448132,2104.211267598511,-22641.13645141889,4.069657275219882e-06,4.378917036402058e-05,-0.1697142673843008,3.310715861861366e-10,0.7068562561900518,0.06916269179442125,-0.7034644902045633,3.108559485844146e-05,3.041585043087705e-06,-3.093643431504069e-05
21281.39045982712,26.82143766295148,-84.76721161645096,2078.560106452178,-22695.62781217194,4.001756545765614e-06,4.369485244891029e-05,-0.1697314543285911,3.295170802641173e-10,0.7068041475516705,0.06822223792744252,-0.7035039653395104,3.101251074992613e-05,2.993393423677043e-06,-3.086770835072424e-05
21330.44913146576,26.83087431594749,-84.78005076104878,2075.662071341033,-22720.04023328358,3.987757486447789e-06,4.364969220357524e-05,-0.1695232335750325,3.284059640296914e-10,0.7068344694305351,0.06807617702073993,-0.7035485777808004,3.098115015495825e-05,2.983836178722654e-06,-3.083712675627571e-05
21379.62089502233,26.83125114344252,-84.95014510717068,2008.545324340214,-22729.96596222755,3.857501143639775e-06,4.365391640987148e-05,-0.1692072304257417,3.275075726789529e-10,0.7068594596559034,0.06599827243570126,-0.7037716417564284,3.09769768322721e-05,2.892267944190661e-06,-3.084165818833563e-05
21428.90601120058,26.83194266007286,-85.16099479638693,1925.339031328861,-22742.5648346726,3.695956556998104e-06,4.365752226279228e-05,-0.1689116378658877,3.265733115729687e-10,0.7071421446915949,0.06344200960228728,-0.7042905112357057,3.098205758512488e-05,2.779588247666033e-06,-3.085711881205748e-05
21478.30474130534,26.79653834895455,-85.28843335515299,1867.593376252071,-22659.96049674142,3.612633823796792e-06,4.383295677601407e-05,-0.1679110510238666,3.270099620415503e-10,0.7070840685615916,0.06187900953985154,-0.7043712573579224,3.109822108088321e-05,2.72149692589031e-06,-3.097890909760798e-05
21527.81734724373,26.76685816431542,-85.42166600577524,1809.12461614976,-22592.16867834075,3.521897049775281e-06,4.398110086280933e-05,-0.1670236820726364,3.272368547082859e-10,0.707195506763834,0.06025918855216492,-0.7046235271277781,3.120234507529898e-05,2.658710324343241e-06,-3.108886613579313e-05
21577.44409152667,26.732417738545,-85.43711112837239,1796.193786930742,-22506.94001028093,3.523408669585135e-06,4.414955008477272e-05,-0.1660108927319909,3.277205524298299e-10,0.707121612356888,0.06007174441525071,-0.7045653697032759,3.131790138278098e-05,2.660533824186007e-06,-3.120468725675611e-05
21627.1852372702,26.70928706526086,-85.57621223228674,1737.278612480844,-22456.0635418691,3.424606417300458e-06,4.42664629382466e-05,-0.1652546771974324,3.277075922517029e-10,0.7073765695834933,0.05839089122125993,-0.7049624919228665,3.140616184234576e-05,2.592443485785041e-06,-3.129898142816513e-05
21677.04104819695,26.67691514117147,-85.58249653520774,1728.619645883176,-22376.05090837896,3.432008673161869e-06,4.442550503898306e-05,-0.1642871414519291,3.281230125328105e-10,0.7073100142993115,0.05831690625706456,-0.7049018334298025,3.15157640810903e-05,2.598438905686075e-06,-3.140846224934227e-05
21727.01178863744,26.63436812841051,-85.49694908508748,1753.63477415705,-22266.88362215492,3.515077652423821e-06,4.463291111855493e-05,-0.1631096181192881,3.289733310642882e-10,0.7072529250024689,0.05937336911089192,-0.7047563429760457,3.166402921919848e-05,2.658172243491217e-06,-3.155225612722786e-05
21777.09772353159,26.60084100601829,-85.39810736557104,1785.272277040826,-22179.68244007552,3.605696414540776e-06,4.479608095544545e-05,-0.1620971784836197,3.295071234604854e-10,0.7071020130294929,0.06058499564615735,-0.704501749559869,3.177736850811318e-05,2.722707186848404e-06,-3.166051191745179e-05
21827.29911843002,26.56269025399379,-85.28406688739656,1821.547172114949,-22080.71472126329,3.710809215266177e-06,4.498226613159414e-05,-0.1610027367941163,3.302227614844773e-10,0.7071350862701677,0.06199887999639302,-0.704411931410528,3.19161109802054e-05,2.798281648065913e-06,-3.179320304591668e-05
21877.61623949553,26.55786859498222,-85.08328000103963,1897.603919964099,-22058.95125234554,3.871094997895217e-06,4.500006294958791e-05,-0.1604741162291684,3.297883202783612e-10,0.7070019423094489,0.06446378616796807,-0.7040569342760739,3.193215180269742e-05,2.91154420165823e-06,-3.179913881085936e-05
21928.04935350448,26.56257657436319,-84.91048981862166,1964.876701737874,-22061.62852527915,4.005242666092329e-06,4.49708502191379e-05,-0.1601244677923978,3.289898990134213e-10,0.7068993668183595,0.06658600527113019,-0.7037563631756595,3.191521510841437e-05,3.006236504359732e-06,-3.177331423531728e-05
21978.59872784825,26.55668115648176,-84.73895978171912,2029.317617436796,-22038.29864712648,4.14311553787846e-06,4.499404960995927e-05,-0.1595872516923194,3.285807129676712e-10,0.7069679964608475,0.06870818317529877,-0.7036212998372168,3.194343761279273e-05,3.10449068944529e-06,-3.179222143986684e-05
22029.26463053456,26.58048819250165,-84.53299720483346,2113.748342218185,-22085.42730854134,4.294193832900443e-06,4.486773749318912e-05,-0.1595607018846635,3.271254441025244e-10,0.7066648855815978,0.07121545975876908,-0.7030672932269,3.185085174065485e-05,3.209828444429211e-06,-3.168870079322454e-05
22080.04733018899,26.60753151234202,-84.44004081696635,2155.864702780183,-22146.56235015011,4.354244452646825e-06,4.472986924178541e-05,-0.1596343892660072,3.254721315948583e-10,0.7067217314263208,0.07237080227822573,-0.7030064527782249,3.176050687325496e-05,3.252388119637435e-06,-3.159353997837717e-05
22130.94709605638,26.65180361585278,-84.42501944659344,2172.266707889224,-22254.54941665927,4.3446749445316e-06,4.451054877434994e-05,-0.1600438305044492,3.231478910954329e-10,0.7066703166162408,0.07255881331343703,-0.7029353846528454,3.160328418201476e-05,3.24493153757239e-06,-3.143625280477385e-05
22181.96419800219,26.69905291708361,-84.51408643181595,2149.029823567369,-22376.18948026813,4.252875525355069e-06,4.428191156201359e-05,-0.1605485038005015,3.206520351440648e-10,0.7067191452974479,0.07147994843852729,-0.7030949916627062,3.143838556377051e-05,3.179783926955928e-06,-3.12771651694038e-05
22233.09890651403,26.72608598328674,-84.83291656791931,2031.047132014819,-22460.40391348956,3.993447725002832e-06,4.416167773614973e-05,-0.1607820988744432,3.187150484254156e-10,0.7070403836867819,0.06760614241929211,-0.7038007627668034,3.135100407140447e-05,2.99773604894699e-06,-3.120735546094964e-05
22284.35149270303,26.7680533713386,-85.02835852177256,1963.816842999769,-22575.21598838189,3.824398235582953e-06,4.396368047337393e-05,-0.1612322986870258,3.163648446788447e-10,0.7070931812746912,0.06521894426458268,-0.7040790128346226,3.120332796364194e-05,2.878047987482548e-06,-3.107031566927421e-05
22335.72222830532,26.77379222902974,-85.47510386121476,1789.481073459967,-22611.89291157401,3.478097706073978e-06,4.394926218117134e-05,-0.1611228189872885,3.151252561045024e-10,0.707387028068751,0.0597611004972601,-0.7048581547710832,3.118585079112296e-05,2.634626716733805e-06,-3.107436293200002e-05
22387.2113856834,26.77829695480521,-85.83313769160208,1649.41984190036,-22640.08697112891,3.200928878242052e-06,4.393624130791559e-05,-0.1609526837178961,3.140089602108318e-10,0.7074958506946574,0.05537302975160895,-0.7053256030559817,3.116660102652637e-05,2.439292222284977e-06,-3.107099729653001e-05
22438.81923782766,26.75475500637781,-86.21655403059796,1494.419363162754,-22598.29645175148,2.913573593171799e-06,4.405844933188302e-05,-0.1602860893718079,3.138661137740535e-10,0.707698188987552,0.0506755048939011,-0.7058815197326029,3.124769198433099e-05,2.23752525118152e-06,-3.116747880560678e-05
22490.54605835781,26.72224460393658,-86.62826311344531,1327.635328295663,-22534.40101242712,2.605444937617285e-06,4.422309333650913e-05,-0.1594652838324487,3.140321503637845e-10,0.7081716112081342,0.0456416861087415,-0.7066992765032917,3.137134496566487e-05,2.021884324463693e-06,-3.130612190504015e-05
22542.39212152429,26.69965116023608,-86.85686884653481,1234.842882312302,-22487.2252794562,2.434626472855992e-06,4.433599994836778e-05,-0.1587654513484027,3.139671862694452e-10,0.7081034178184669,0.04282673179225341,-0.7068071316633616,3.14412680479001e-05,1.901596179332335e-06,-3.138371024003778e-05
22594.35770220978,26.66346773864377,-87.20653828484144,1093.497643573734,-22410.59847592161,2.172091864817379e-06,4.451575997562334e-05,-0.1578605407642007,3.143161361450952e-10,0.7081988143423975,0.03852681443882466,-0.7071500867603524,3.156300730918495e-05,1.717063204717987e-06,-3.15162676145299e-05
22646.44307593059,26.61316909931216,-87.40215693261284,1011.494474990578,-22293.35772213303,2.031044398658479e-06,4.476425768835744e-05,-0.1566735256259464,3.152424156806425e-10,0.7082072995288369,0.03612193210454022,-0.7072855046775401,3.173447583849498e-05,1.618608820290212e-06,-3.169317059290377e-05
22698.64851883821,26.58112118338702,-87.65171164202475,911.3313373911252,-22223.07952642003,1.842205570937672e-06,4.492271825542578e-05,-0.1558204205161671,3.15512006996532e-10,0.7085280149567529,0.03306522039196447,-0.7077560590902684,3.185523896929297e-05,1.486603881460719e-06,-3.18205320302849e-05
22750.97430772071,26.52889358471016,-87.84987695806873,829.7949882007803,-22101.72615771228,1.696315689879522e-06,4.518164774173885e-05,-0.1546131133236624,3.165147386785271e-10,0.7085015490829162,0.03062531160189065,-0.7078393428894575,3.20332980447531e-05,1.384654325070485e-06,-3.200335788669755e-05
22803.42072000419,26.47784614789212,-87.88865581234852,810.2822761145958,-21978.76543171235,1.675096697839247e-06,4.543670580305016e-05,-0.1533993169036112,3.175534516043532e-10,0.7084902483442258,0.03015506564546975,-0.7078482210296075,3.221280402302054e-05,1.371055172896161e-06,-3.218361307775128e-05
22855.9880337543,26.43730302667368,-88.08579069606111,731.4910667206046,-21886.71641824932,1.525327023934825e-06,4.56388348905223e-05,-0.1524055359527919,3.181555625669214e-10,0.7087522055424423,0.02773902799086884,-0.7082091747410495,3.236415268297197e-05,1.266662918511302e-06,-3.233935596046387e-05
22908.67652767772,26.39714327489653,-88.21123129292295,680.6178475811976,-21793.68378179936,1.43159006229726e-06,4.584014544101537e-05,-0.1514086812419911,3.187788403946411e-10,0.7086949866509168,0.02619569830608905,-0.7082106815732162,3.250198214756679e-05,1.201380191372701e-06,-3.247977107611025e-05
22961.48648112362,26.35232002598849,-88.33616955891276,630.0344385324162,-21689.81032785788,1.338093609308084e-06,4.606573039787546e-05,-0.1503404638563844,3.195688040814552e-10,0.7087152771087568,0.02466142124559996,-0.7082860709554361,3.26607144793688e-05,1.136506667732488e-06,-3.264093477364045e-05
23014.41817408509,26.30663875313463,-88.39337682950951,605.3492987443033,-21582.4529102813,1.298562668316554e-06,4.629751401071564e-05,-0.1492522660680247,3.204197886512233e-10,0.708843777426031,0.02396797522169573,-0.7084384496619143,3.283006296681017e-05,1.110075535363401e-06,-3.281129023233479e-05
23067.47188720069,26.2616474865949,-88.48185345396668,569.2318120725677,-21478.12905241552,1.233080205097252e-06,4.652631004691893e-05,-0.1481892087599897,3.212356114031507e-10,0.708827336607232,0.022882876730601,-0.7084578795342982,3.299014738072769e-05,1.065011797444056e-06,-3.297295215890501e-05
23120.64790175594,26.23657202830704,-88.50607974464819,558.6152699969176,-21419.51272005633,1.21674156335942e-06,4.665467056341323e-05,-0.1474448874660554,3.213738569336297e-10,0.7091733994584773,0.02260380737746237,-0.7088130771871634,3.309694359913263e-05,1.05491398643659e-06,-3.308012744965452e-05
23173.94649968479,26.19907938397805,-88.57698332515301,529.9451420419391,-21333.1137264723,1.163736079695625e-06,4.684657366626279e-05,-0.1465123992219371,3.219332864211334e-10,0.7090146919588907,0.02173125454414234,-0.7086815829337589,3.322459342580012e-05,1.018331643970452e-06,-3.320898385938072e-05
23227.36796357108,26.15491411392953,-88.59199627302056,521.8169171677547,-21229.97816389626,1.157062356305999e-06,4.707476463578452e-05,-0.1454687406604296,3.227532202971398e-10,0.7089446224433128,0.0215529363093364,-0.7086169265743919,3.338291312669391e-05,1.014888578969756e-06,-3.336748252410824e-05
23280.91257665008,26.12753229123801,-88.64162065376028,501.9336837655249,-21167.35162523327,1.119616170846479e-06,4.721601665744282e-05,-0.1447060390020542,3.229636223180958e-10,0.7089671236231223,0.02094938030366494,-0.7086575377735963,3.348344137289773e-05,9.894074405193279e-07,-3.34688201030291e-05
23334.58062281002,26.08327858013815,-88.65067551777778,496.1685155169775,-21064.69310920301,1.117578514210389e-06,4.744647774103959e-05,-0.1436730356219156,3.237911657311158e-10,0.7089245093729327,0.02084568153204809,-0.708617963045757,3.36447230963456e-05,9.893115185433895e-07,-3.363017476833935e-05
23388.37238659355,26.04977061250709,-88.74177243467385,461.0073842642474,-20989.47122965091,1.045912685071422e-06,4.761996219880524e-05,-0.1428307213459162,3.242041977576488e-10,0.7089380069914543,0.01972894109180692,-0.7086634367881635,3.37671608212787e-05,9.397018076484769e-07,-3.375408287071064e-05
23442.28815319923,26.01468678319223,-88.73088791902056,463.1983863127305,-20908.29685978174,1.059050395614281e-06,4.780444128322757e-05,-0.1419511088303418,3.247143442354218e-10,0.708970651948273,0.01987407394124288,-0.7086920392588993,3.389967462451281e-05,9.502856545898288e-07,-3.388635266331445e-05
23496.32820848307,25.97508234645251,-88.75219685755114,453.449819971664,-20817.90980682501,1.045800847280217e-06,4.801278279466783e-05,-0.1410123837732751,3.253741218539386e-10,0.7089930257643462,0.01962073678608962,-0.7087214807457538,3.404820990011639e-05,9.422532242365948e-07,-3.403516940260176e-05
23550.49283896009,25.95088556945775,-88.79143577251914,438.0391598392958,-20763.54087244355,1.015586354450823e-06,4.813991696055643e-05,-0.1403206373869634,3.254758085374081e-10,0.7090171798172759,0.01914565592940264,-0.7087586367269723,3.413902598402253e-05,9.21859249480355e-07,-3.412657718936831e-05
23604.78233180577,25.91556548077517,-88.78887624558249,437.2634203246786,-20682.95405724708,1.021701303568501e-06,4.832739291625604e-05,-0.1394545533054115,3.259924668704253e-10,0.7089741809264357,0.01918581476597299,-0.7087145361371362,3.426992802531794e-05,9.273913053897226e-07,-3.425737748612931e-05
23659.19697485759,25.87995068282789,-88.79539774006815,433.2112682896866,-20602.25260619125,1.020183623915308e-06,4.851692987484363e-05,-0.1385909396919824,3.265167190016728e-10,0.709022354201489,0.01911612885021552,-0.7087646099906538,3.440658484229309e-05,9.276445308722058e-07,-3.439407734093554e-05
23713.73705661656,25.8561243626159,-88.832910226943,418.6373669381911,-20549.26475866053,9.909807205078128e-07,4.864335294620227e-05,-0.1379165609973892,3.26605763239979e-10,0.7090500011955124,0.01866251817726174,-0.7088043556656798,3.449711463816094e-05,9.07979730501741e-07,-3.448516334842298e-05
23768.40286624876,25.81230947672611,-88.86321858679138,405.8179242149286,-20451.25207422045,9.698854653898799e-07,4.887751612791226e-05,-0.1369430616918969,3.274162498939497e-10,0.7091442268383962,0.01829973171851705,-0.7089080718099188,3.466741435691081e-05,8.946055796498867e-07,-3.465586961902132e-05
23823.1946935869,25.78836479931059,-88.91511103993483,386.2940418615287,-20398.74483494075,9.280158674098988e-07,4.900505011893642e-05,-0.1362773177614608,3.275040584603433e-10,0.7091794531153169,0.01766830036601753,-0.7089593273828311,3.47589838337729e-05,8.659756907717199e-07,-3.474819482015546e-05
23878.11282913178,25.75039765421736,-88.90367588701571,388.7358276691921,-20313.52197380181,9.417271592698447e-07,4.921027078428461e-05,-0.1353958521291544,3.281216625534271e-10,0.7091360531493796,0.01781847962591597,-0.7089121551081632,3.490253926134411e-05,8.769969908580954e-07,-3.489151935883121e-05
23933.15756405388,25.72672867436093,-88.93569324466533,376.4143055211602,-20261.51792659353,9.165840590647831e-07,4.933761568455313e-05,-0.1347386246019515,3.282072373187152e-10,0.7091574199619517,0.01743265343559374,-0.7089431210480052,3.499354174072037e-05,8.602184345510928e-07,-3.49829671097864e-05
23988.3291901949,25.69758122105114,-88.97499982688022,361.3672474164592,-20197.66420084746,8.855385951758108e-07,4.949483194761876e-05,-0.1340050851807146,3.284876030377362e-10,0.7090065683143446,0.01695250710724552,-0.7088038702036425,3.509714053887952e-05,8.391805534946158e-07,-3.508710660633755e-05
24043.62800006933,25.65842273784679,-88.93413897624404,374.1450110839367,-20109.99246550063,9.248383723370248e-07,4.970931630391564e-05,-0.1331165457399344,3.291608868479188e-10,0.708995027976019,0.01746754717372794,-0.7087798208826557,3.524911496398548e-05,8.684342684648584e-07,-3.52384155101449e-05
24099.05428686596,25.63574360803348,-88.98601166876901,355.0685772724913,-20061.18447674364,8.819887975073483e-07,4.983189475434052e-05,-0.1324880485244706,3.292028300611288e-10,0.7091541687715601,0.01683948921742778,-0.7089542063412689,3.534338363689063e-05,8.392597179423106e-07,-3.53334177518998e-05
24154.6083444494,25.60320981320014,-89.00247118394537,348.064659608583,-19990.02000663386,8.707667255034654e-07,5.000980071777473e-05,-0.1317144311012087,3.296149511812953e-10,0.7090853146597034,0.01664409761923126,-0.7088899473687662,3.546593812512867e-05,8.324788627099784e-07,-3.54561665446026e-05
24210.29046736178,25.57699878216551,-89.04937675107765,330.7597610916814,-19933.65866938428,8.321834556724232e-07,5.015259686042859e-05,-0.1310409850479104,3.297866827350677e-10,0.7090530004875385,0.01607293268960405,-0.7088708051084744,3.556508734340118e-05,8.061953825416782e-07,-3.555594868301116e-05
24266.10095082416,25.55206594057932,-88.98102576104829,353.5489686964947,-19877.56635869286,8.945111985068799e-07,5.029205932199535e-05,-0.1303717045039199,3.299566758662293e-10,0.7090054815369261,0.01692736646951166,-0.7088033839604714,3.566232355263928e-05,8.51430963017713e-07,-3.56521582304402e-05
24322.04009073816,25.51699383720219,-88.98364628130156,351.2855397079448,-19801.24372807061,8.956507024708349e-07,5.048598888979989e-05,-0.1295724292424757,3.304666684743385e-10,0.7091605849709314,0.01690860112650772,-0.7089589794087231,3.580763935822942e-05,8.53765852222255e-07,-3.579745969029925e-05
24378.10818368753,25.49051306287235,-89.03634623461932,332.1211343448034,-19745.00140649094,8.51646404177902e-07,5.0631404356423e-05,-0.1289072372442032,3.306457635674483e-10,0.7091665889400265,0.0162666202312298,-0.7089800053140324,3.591050673830175e-05,8.237028993372017e-07,-3.59010585879475e-05
24434.30552693972,25.45479075465542,-88.97946270759445,350.3301712601658,-19666.42242288409,9.055011873336336e-07,5.083195886460376e-05,-0.1280989278817171,3.312033862004741e-10,0.7090294362963622,0.0169772099055989,-0.708826153495029,3.604639476034175e-05,8.63105505722065e-07,-3.603606005245837e-05
24490.63241844745,25.42016211293057,-89.01152858389166,338.046482575382,-19592.58991906554,8.803663957006705e-07,5.10245148480215e-05,-0.1273245002543464,3.316868722488769e-10,0.7089842316884861,0.0165894756423566,-0.7087901170874383,3.618027667033672e-05,8.465799262232324e-07,-3.617037078010989e-05
24547.08915685031,25.39780139953695,-89.03301753738425,329.8941799569989,-19545.07997076605,8.633284295168707e-07,5.114919941340757e-05,-0.126723623750139,3.317284197744465e-10,0.7090717124943394,0.01633570287439315,-0.7088835153050568,3.62729273619233e-05,8.356612643372859e-07,-3.626330003811913e-05
24603.67604147628,25.36338031326724,-89.0042054569238,338.4337428828293,-19470.75609667721,8.924354924932937e-07,5.134356183972733e-05,-0.1259513852035298,3.322288287223175e-10,0.7090598132415522,0.01670196481852183,-0.7088630778403865,3.641046069919574e-05,8.576515299097504e-07,-3.64003582699528e-05
24660.39337234339,25.3308166823032,-88.95963641141068,352.3048928537824,-19400.29928793932,9.357473768206695e-07,5.152860359438582e-05,-0.1252069860572671,3.326685167310148e-10,0.7089656162067615,0.01726116827321986,-0.7087554564398617,3.653733105318016e-05,8.895734929116147e-07,-3.652650023599841e-05
24717.24145016131,25.30270211606692,-88.99436230087993,339.5089405099433,-19341.39089800233,9.072814140777833e-07,5.168666385578376e-05,-0.1245397053670637,3.329142839779419e-10,0.7089326468255647,0.01684093468948274,-0.708732587548989,3.664730248332389e-05,8.70569059600995e-07,-3.663696069294918e-05
24774.22057633286,25.28803818932836,-89.02823822837657,327.5561459781737,-19311.09629095243,8.78106031332185e-07,5.176880462457217e-05,-0.1240586528952099,3.326696660777534e-10,0.7090708178259961,0.01643523776716628,-0.7088803196957606,3.67123186539438e-05,8.509385394134314e-07,-3.670245556568186e-05
24831.33105295571,25.25530126477015,-88.98711600328922,340.1802253501092,-19240.960261361,9.185860538499545e-07,5.195621744496476e-05,-0.1233237931909341,3.331143862342327e-10,0.7090498252281811,0.01695367208360577,-0.7088471116249228,3.684458807355724e-05,8.809692098204817e-07,-3.683405440026205e-05
24888.5731828239,25.22010580402768,-89.00779835369617,331.9578517588764,-19167.35642002077,9.032922063666111e-07,5.215639147897584e-05,-0.1225694819000611,3.336244823449694e-10,0.7090849416571138,0.01670880972187833,-0.7088880519253731,3.698813568858774e-05,8.715848904410724e-07,-3.697786529122704e-05
24945.94726942955,25.19467141542857,-88.9761713352374,341.5747193927124,-19113.26318994298,9.347110118129307e-07,5.230298544072992e-05,-0.1219424655412316,3.337992000496205e-10,0.7092297305328441,0.01711381529443401,-0.7090232210567992,3.710002767968304e-05,8.952289981575747e-07,-3.708922510479433e-05
25003.45361696432,25.17890088682712,-89.00731805147676,330.621842630666,-19080.9762957319,9.078205028821896e-07,5.239248973524355e-05,-0.1214564892917268,3.335950053162004e-10,0.7090673657321742,0.01673478376038953,-0.7088698584076332,3.715464896005444e-05,8.768913168040893e-07,-3.714429971022994e-05
25061.09253032114,25.13598232254193,-88.99676173482993,332.5666834432079,-18991.22137186866,9.218065471753288e-07,5.26397654094358e-05,-0.1206071424471378,3.34400744344791e-10,0.7091511457596592,0.01687763959313571,-0.7089502752760602,3.733453409616455e-05,8.885536103558065e-07,-3.732395890924752e-05
25118.86431509579,25.10193339650825,-88.94142731940748,349.5834536581865,-18919.2275376444,9.76328156595995e-07,5.283824034792381e-05,-0.1198735955704345,3.349012212461941e-10,0.7089852829926444,0.01756848572523357,-0.7087675781308583,3.746718425137646e-05,9.284278637019781e-07,-3.745567937480902e-05
25176.76927758856,25.0994787031335,-88.94965523267336,346.7756655179044,-18914.31930795112,9.689943020036025e-07,5.285223116307471e-05,-0.119566866578015,3.342176761593343e-10,0.708951195766122,0.01747616745420022,-0.7087357628547659,3.747520067862217e-05,9.2379120925471e-07,-3.746381288262991e-05
25234.80772480576,25.05755462250706,-88.94537053770287,346.5936867598498,-18827.57251589005,9.774281412271701e-07,5.309559842264836e-05,-0.1187447617989758,3.34985340979371e-10,0.7090364528596095,0.01754160477536853,-0.7088194294639799,3.765233743913994e-05,9.315211080649209e-07,-3.764081273107807e-05
25292.97996446145,25.03947746828258,-88.87522093350969,368.8896609634763,-18788.67248818743,1.044568467887604e-06,5.320304934371987e-05,-0.118226879744156,3.349068538873037e-10,0.7088195587120232,0.01841414601714355,-0.7085803313945191,3.771786917146456e-05,9.798577675267593e-07,-3.770513935249589e-05
25351.28630497907,25.01435414009615,-88.82224907963933,385.1800486567058,-18735.78049816856,1.09682334921645e-06,5.335126154080908e-05,-0.1176229104549463,3.350798728140005e-10,0.708848396684352,0.01908039294042406,-0.7085915523679459,3.782518105647947e-05,1.018157508680508e-06,-3.781147547032476e-05
25409.72705549305,24.99540527567006,-88.8589527498205,372.4169388382599,-18697.82149994732,1.06481742845392e-06,5.346095768192513e-05,-0.1171146274128598,3.349879014683708e-10,0.7089238551116308,0.01863884638095617,-0.708678788840137,3.790649370873323e-05,9.966279283499438e-07,-3.789338989933026e-05
25468.30252585042,24.96991535873591,-88.79850014303531,391.0298026965007,-18644.2578869646,1.124420260826152e-06,5.361223408447477e-05,-0.116510544822476,3.351776333910075e-10,0.7089971908265392,0.0193989891420412,-0.7087317516664475,3.801850518987228e-05,1.040230594588362e-06,-3.800427156494949e-05
25527.01302661247,24.95080780145747,-88.78998973559332,392.9729725903951,-18605.08628509958,1.134764122026714e-06,5.372477466929567e-05,-0.1159983522489617,3.351108143354025e-10,0.7087966848838742,0.01950918823040346,-0.7085281448728488,3.808765325700161e-05,1.048338984213679e-06,-3.807322308394396e-05
25585.85886905645,24.94025358325493,-88.77830611741838,396.3041679876036,-18583.30900350158,1.147057199401303e-06,5.378726771763934e-05,-0.1155960994722891,3.347318850270652e-10,0.7087768571712706,0.01966358705811599,-0.7085040413473952,3.813105181008281e-05,1.057869270559314e-06,-3.811637475875199e-05
25644.84036517718,24.92091738059451,-88.75905048287018,401.6910190500062,-18543.54334323814,1.167623782293164e-06,5.390183297290376e-05,-0.1150834453827481,3.346781871722286e-10,0.7089537101899051,0.01991715603365785,-0.7086738813358108,3.822207692908284e-05,1.073800812641345e-06,-3.820699041520409e-05
25703.95782768863,24.89420468308773,-88.8246803053018,379.3626415647578,-18490.99400177716,1.109050405901492e-06,5.405762760035072e-05,-0.114493383384533,3.348573792506339e-10,0.7090898368195785,0.01911957732513878,-0.708832024138106,3.833898216705364e-05,1.033754957478837e-06,-3.832504278267077e-05
25763.21157002575,24.88062485537041,-88.79097399798881,389.6485150425731,-18462.71433980075,1.142585034048001e-06,5.413910300737289e-05,-0.1140553553304524,3.345989558922389e-10,0.7088149592294372,0.01953953748561758,-0.7085455898545109,3.838234825765643e-05,1.058066456980272e-06,-3.836776189908182e-05
25822.60190634596,24.85935704685862,-88.86455022981428,365.1140052478739,-18421.55722842677,1.075487191941367e-06,5.426291122778905e-05,-0.1135393676821482,3.345752352808289e-10,0.7088964801303631,0.01864235387987134,-0.7086513121296227,3.847353285437139e-05,1.011765800202804e-06,-3.846022699181499e-05
25882.12915153092,24.82756241050776,-88.86280715782969,364.4041138516412,-18357.55141299506,1.080892915656751e-06,5.445203969126808e-05,-0.1128846484513023,3.349695875131719e-10,0.7089795418044686,0.01867669185141961,-0.7087334984878035,3.861217209409927e-05,1.01716283389509e-06,-3.859877217728151e-05
25941.79362118814,24.80848356180637,-88.92526902606519,343.6934334719568,-18320.74636375881,1.023604286233581e-06,5.456372650329368e-05,-0.1123992190942245,3.348705607257043e-10,0.7090875419982016,0.0179173902411639,-0.7088611354447337,3.869644544066965e-05,9.77790854924009e-07,-3.868408994388713e-05
26001.59563165272,24.78768347414151,-88.93430441407197,340.032726217898,-18279.32256073749,1.017302867808235e-06,5.468769865025776e-05,-0.1118871542779875,3.348575035078834e-10,0.7090179732628366,0.01781449972669935,-0.7087941379619529,3.878044296359306e-05,9.743817739865744e-07,-3.876820006927092e-05
26061.53549998895,24.76692947319278,-88.95961481215063,331.2131725862551,-18238.46723613853,9.953772793964189e-07,5.481109267518809e-05,-0.1113803219711385,3.348357295028983e-10,0.7090612480579976,0.01751312391784951,-0.7088449364904875,3.886999767195701e-05,9.600511772148408e-07,-3.885813969755979e-05
26121.61354399207,24.74063030944087,-88.96656965958162,328.0567609023236,-18186.25674504252,9.915647110425267e-07,5.496869006675475e-05,-0.1108060439083234,3.350246897474772e-10,0.709075182071805,0.017438115328844,-0.7088607239535432,3.898243645528486e-05,9.58685679451339e-07,-3.897064630922019e-05
26181.83008218985,24.70844415470092,-89.00457650320627,314.8945532576331,-18123.25473773178,9.584327974661054e-07,5.516107394612124e-05,-0.1101682184694085,3.354161245842041e-10,0.7088801326210101,0.01697393923848806,-0.7086768853373934,3.910764645607121e-05,9.36421806958046e-07,-3.909643366769548e-05
26242.18543384442,24.69134185468419,-88.99516458546746,317.2749919037643,-18089.18550747658,9.693134380673118e-07,5.526464752509693e-05,-0.1097082137948832,3.352749597898428e-10,0.7091422946074195,0.01710741576363152,-0.7089359141184529,3.919567585962897e-05,9.455601903401018e-07,-3.91842688080248e-05
26302.67991895381,24.65597548529308,-89.00962905643077,311.5064138621455,-18019.73830922746,9.590478346811832e-07,5.547812256165639e-05,-0.1090356737021805,3.357930104043509e-10,0.7090949157469898,0.01693807826014699,-0.7088925878037403,3.934427429650473e-05,9.398126856132599e-07,-3.933304808980055e-05
26363.3138582538,24.640804022853,-89.02180594700282,307.1705636617475,-17990.15935758477,9.488181435415906e-07,5.55697440542433e-05,-0.1086063309098798,3.355715402372862e-10,0.7090658764791568,0.01679752291998634,-0.7088668848316356,3.940748915313581e-05,9.335496520517867e-07,-3.939642986872884e-05
26424.08757321946,24.60848830272948,-89.00959938120357,309.9035091360225,-17926.47769019641,9.640660550614667e-07,5.5766740673948e-05,-0.1079729821783105,3.359890831601446e-10,0.7089673735995881,0.01695700297607629,-0.7087645567314771,3.954183690509479e-05,9.457572676086335e-07,-3.953052502838638e-05
26485.00138606701,24.59611994106,-89.10222146607863,280.5696759975916,-17904.35171990244,8.750178152927305e-07,5.583863142186525e-05,-0.107591690766436,3.356305857922695e-10,0.7091216917915601,0.01582550443982913,-0.7089450805094492,3.960037064723254e-05,8.83763462253344e-07,-3.959050792224044e-05
26546.05561975539,24.55866711735763,-89.05478022603869,294.175082482502,-17830.20418096973,9.250709628421946e-07,5.606934486146933e-05,-0.1068996905750196,3.362511785129995e-10,0.7090230408570087,0.01642109185345543,-0.7088328577376051,3.975898462488239e-05,9.208247135892245e-07,-3.974831996762226e-05
26607.2505979881,24.52683907176512,-89.07336464908668,287.3963029011511,-17768.75821900772,9.100252064896753e-07,5.626383396058937e-05,-0.1062862806040418,3.366379347057905e-10,0.7089307550252142,0.01619995618817058,-0.7087456362053466,3.989148916422515e-05,9.115705196318426e-07,-3.98810725398306e-05
26668.58664521479,24.51976186593253,-89.12718875995519,270.5090342289045,-17756.2184858133,8.577881220670075e-07,5.630522970655671e-05,-0.1059669933106092,3.361008813957696e-10,0.7090356827863504,0.01554736318272608,-0.7088652050724246,3.992615454605589e-05,8.7547981051925e-07,-3.991655486057023e-05
26730.06408663312,24.47487891949247,-89.12560267839501,269.6756947372244,-17669.40406044121,8.635686145974631e-07,5.658182432831526e-05,-0.1052063694495034,3.369754247672536e-10,0.7090452175149933,0.0155781370090107,-0.7088740664802266,4.012284069067754e-05,8.815222132950461e-07,-4.011315574318427e-05
26791.68324819031,24.46110546821215,-89.07000064285452,286.3759000555437,-17641.61372406131,9.199101784569299e-07,5.666922400251504e-05,-0.1047993141114727,3.367300098062866e-10,0.7088946675668747,0.01627355867652445,-0.708707853062707,4.017689428981831e-05,9.223105724718958e-07,-4.01663065016332e-05
26853.44445658508,24.42867331961102,-89.07490398062147,283.8609884081905,-17579.3895286883,9.183006877028121e-07,5.686996858608941e-05,-0.104189492135805,3.371447041441261e-10,0.7090209661546184,0.01622678770933687,-0.7088352571701443,4.03263398782914e-05,9.229162289072572e-07,-4.031577747748262e-05
26915.34803926915,24.40075270482282,-89.10975737456943,272.3456804398858,-17526.68527688164,8.863720723756873e-07,5.704208095261148e-05,-0.1036382139202462,3.37380784269526e-10,0.7089366432824371,0.01580473261960942,-0.7087604493870917,4.044317980355317e-05,9.016230845713158e-07,-4.043312835331814e-05
26977.3943244492,24.38268436155667,-89.15974327534535,256.5613915736488,-17493.26205278345,8.382166662668482e-07,5.715257354225601e-05,-0.1032026700955006,3.372479586857927e-10,0.708970354570895,0.01519815470012852,-0.7088074348891181,4.05229083963643e-05,8.686871414811691e-07,-4.051359632950842e-05
27039.58364108843,24.35044447048983,-89.14136881559644,261.2462068054582,-17431.44763355927,8.595785022804486e-07,5.735469935681337e-05,-0.1026014709750466,3.376654890864568e-10,0.7089836125320981,0.01543682046385739,-0.7088155383546771,4.06671712607846e-05,8.854532184229458e-07,-4.065753055649063e-05
27101.91631890843,24.32820195332799,-89.12688332576374,265.0056125229053,-17388.88771188269,8.76214851686117e-07,5.749463765087956e-05,-0.1021155626654047,3.377134275384793e-10,0.7090022961367989,0.01562752682840516,-0.7088300475660443,4.076761981196762e-05,8.985825233756659e-07,-4.075771552211702e-05
27164.39268839082,24.29774762892382,-89.11201834653926,268.6193923871477,-17330.90446403621,8.941092475194189e-07,5.768653488292143e-05,-0.1015409821727237,3.38063982593266e-10,0.708923116796588,0.0158207786118552,-0.70874656153854,4.089927874980341e-05,9.127342855020127e-07,-4.088909290236445e-05
27227.01308077913,24.28006783464733,-89.14081581496862,259.4154968556605,-17298.15242332227,8.667599074543041e-07,5.779664351321152e-05,-0.1011159930162271,3.379250697064113e-10,0.7089096134249747,0.01547540124603028,-0.708740680335637,4.097624590202163e-05,8.94505921320672e-07,-4.09664812667584e-05
27289.77782808041,24.25170359271131,-89.13904221052211,259.1478639136957,-17244.70291740106,8.712406559492146e-07,5.79757288156131e-05,-0.1005717132893443,3.381928446036547e-10,0.7089209176651718,0.01550875619049339,-0.7087512581891148,4.110388260141306e-05,8.992118554598213e-07,-4.109404558996045e-05
27352.68726306712,24.22046252130066,-89.14424344981715,256.7080840082374,-17186.19164108881,8.689271356532129e-07,5.817326841565023e-05,-0.09999994977814053,3.38563769501839e-10,0.7089486920981697,0.0154562164581778,-0.7087801869412712,4.124549038852435e-05,8.992177212176146e-07,-4.123568703052857e-05
27415.74171927882,24.19946685174705,-89.15659607847873,252.4276445012074,-17147.17425895347,8.583367038382727e-07,5.830601106567865e-05,-0.09954345103315121,3.385537044692773e-10,0.7090057817063575,0.01531586120806456,-0.7088403366686312,4.134279867942638e-05,8.930823737475471e-07,-4.133315142257219e-05
27478.94153102397,24.17400094360148,-89.15770993383164,251.3959280323565,-17099.67694987983,8.595844849276561e-07,5.84679995353781e-05,-0.09903940836932611,3.387132811624123e-10,0.7089955712560572,0.01531310792639245,-0.7088301833206155,4.145704573904128e-05,8.954022302094936e-07,-4.144737502249204e-05
27542.28703338166,24.15765729423713,-89.13193823339155,258.619464184137,-17068.68174241933,8.874860900067441e-07,5.857338568439576e-05,-0.09863251617688482,3.385479207878239e-10,0.7089442651508213,0.01564207996619618,-0.7087716814493713,4.152903918810049e-05,9.16292836872538e-07,-4.151892945782541e-05
27605.77856220346,24.12677982992674,-89.12015183838086,261.2472058645549,-17011.10072764806,9.025772963630766e-07,5.877128236495221e-05,-0.09807369722026871,3.389126001984365e-10,0.7088967774983871,0.01579812194282919,-0.7087207210817793,4.166668464278057e-05,9.285630656454117e-07,-4.165633660986099e-05
27669.41645411511,24.10082394330029,-89.1831643873554,241.8694625266886,-16964.44216736546,8.402598271815608e-07,5.893484483271299e-05,-0.09757975316213249,3.390631153903136e-10,0.7086927966097659,0.01502567712353562,-0.708533491793825,4.176993687051252e-05,8.856045777369173e-07,-4.176054753829854e-05
27733.20104651841,24.08484209363552,-89.20384446888991,235.3412816067182,-16935.37730061033,8.203978281845965e-07,5.903659001961862e-05,-0.0971885288682456,3.388638610855994e-10,0.7090681965671184,0.01478911766064797,-0.7089139506186666,4.186399522187194e-05,8.731622065106443e-07,-4.185488840862006e-05
27797.13267759288,24.05546439611087,-89.15535898735897,248.8625511357349,-16880.2375524144,8.731885988553756e-07,5.922799918859354e-05,-0.09664929394670337,3.391888578953676e-10,0.7088901718092506,0.01539652952465211,-0.7087229519116376,4.198968649480294e-05,9.119825236088611e-07,-4.197978155979934e-05
27861.21168629771,24.02777362036874,-89.19923428010991,235.2365035687851,-16830.36741697868,8.302955089011374e-07,5.9404804388224e-05,-0.09614212757955172,3.39411485605663e-10,0.708983025308015,0.01486715675467376,-0.7088271283076978,4.212008103566889e-05,8.832451905386563e-07,-4.211081932692244e-05
27925.43841237338,23.99880602219148,-89.16770621858016,243.7199265956963,-16776.69745213676,8.657379365299e-07,5.959391025951417e-05,-0.09561512656795708,3.397141674103544e-10,0.7089313322439461,0.01526751625794525,-0.7087669128736821,4.225140946872821e-05,9.099246311248341e-07,-4.224161028251418e-05
27989.81319634363,23.9801744674856,-89.16582320299226,243.7758341325853,-16742.66127078757,8.694600052071028e-07,5.971500172475006e-05,-0.09520168223584886,3.396218636015887e-10,0.7089591312297246,0.01530286509361597,-0.7087939560083258,4.233893753469356e-05,9.138849064213647e-07,-4.232907329418515e-05
28054.33637951713,23.95346441147009,-89.12394659831639,255.2584125211195,-16693.14902377431,9.158028437565541e-07,5.989081102649103e-05,-0.09470183671295446,3.398457641197566e-10,0.7088532859693837,0.01583002581736203,-0.7086765068154965,4.245770793126095e-05,9.48160396518084e-07,-4.244711950932281e-05
28119.00830398941,23.93443269965452,-89.19991961523972,232.6594795616828,-16660.25068733199,8.380559245774671e-07,6.001140301598038e-05,-0.09429782236178084,3.397336770663363e-10,0.7089979921398686,0.01490487093008949,-0.7088413064155633,4.255105242906644e-05,8.945271374895371e-07,-4.25416488164417e-05
28183.82931264454,23.8994662564166,-89.16166623669878,242.8472491083508,-16596.16980095331,8.81504369426979e-07,6.024196794078222e-05,-0.09371907667029201,3.402610689634452e-10,0.7089281514415252,0.01538814341126151,-0.7087611226278234,4.271072954267256e-05,9.270880695960914e-07,-4.270066657300018e-05
28248.79974915707,23.89019140514741,-89.17467953779145,238.839815391779,-16579.70151288946,8.68686747684564e-07,6.030220280143685e-05,-0.09341074573772898,3.39815687459849e-10,0.7089474195768244,0.01523914111758053,-0.7087836145839126,4.275445130890951e-05,9.190260080079097e-07,-4.274457273061129e-05
28313.91995799379,23.85865231373834,-89.19643517074626,231.75328540601,-16523.38932325521,8.486765474735129e-07,6.050836767579768e-05,-0.09287937139503905,3.401895712167378e-10,0.7091217069085679,0.01498528100641727,-0.7089633534690489,4.291093291691917e-05,9.06801162258689e-07,-4.290135050849173e-05
28379.19028441557,23.8341915690501,-89.12838528250421,250.6919656347472,-16478.01863406266,9.230599908814687e-07,6.067286477087774e-05,-0.09241130883891395,3.403416829016033e-10,0.7090038837814663,0.01583628807164395,-0.708827002305439,4.302118270074755e-05,9.609197608314608e-07,-4.301044982541271e-05
28444.61107447915,23.82069321350806,-89.13802855678486,247.5573131589225,-16454.04757163447,9.141805268811747e-07,6.076156541862424e-05,-0.09206464444312232,3.40053604816975e-10,0.7089623542883765,0.01572770854525295,-0.7087878801037959,4.308143910973932e-05,9.557239731130118e-07,-4.307083685573562e-05
28510.1826750391,23.78047929605649,-89.14470444678166,244.5702684078507,-16382.41102300427,9.110689462722108e-07,6.102747502912602e-05,-0.09145299852312183,3.407550601673245e-10,0.7089028313145707,0.01565547725115977,-0.7087299417111239,4.326626203933216e-05,9.554962276612928e-07,-4.325571011803043e-05
28575.90543374947,23.75395300007876,-89.17907588614869,234.075113351929,-16335.97808871143,8.769519537524302e-07,6.120201202172917e-05,-0.09098405189949478,3.409376704671819e-10,0.7089013493145676,0.01524197389900694,-0.7087374727581974,4.338952580678693e-05,9.329112160341943e-07,-4.337949546042261e-05
28641.77969906581,23.74089278876521,-89.13355625368246,246.6908513503864,-16311.81163051166,9.269351020787868e-07,6.129125055125231e-05,-0.09064050764500767,3.406574836674823e-10,0.708751396091635,0.01581341360960672,-0.7085749624505887,4.344410356606167e-05,9.693096653878062e-07,-4.343328877061093e-05
28707.8058202469,23.70681027708569,-89.11103090015061,252.1618476301324,-16251.01510570446,9.545833137979875e-07,6.151980562475376e-05,-0.09009498672691248,3.411454927014347e-10,0.7088060729994387,0.01610497084022159,-0.7086230867217926,4.3609728092771e-05,9.908682022319881e-07,-4.359846974988028e-05
28773.9841473567,23.68628262101675,-89.16665961979285,235.8708472499812,-16216.00417295155,8.967981356918196e-07,6.165442860033172e-05,-0.08969412119319352,3.410957311489244e-10,0.7087719243755226,0.01542798890391416,-0.7086039923267172,4.370241004250409e-05,9.512796345652548e-07,-4.36920554629789e-05
28840.31503126606,23.66515850383838,-89.14510143561689,241.4119033819759,-16178.35996504507,9.221318047315875e-07,6.17972024708294e-05,-0.08928009131542111,3.411030773259344e-10,0.708793093417256,0.01570687771683194,-0.7086190395892503,4.380515807567731e-05,9.707237099954585e-07,-4.379440112062191e-05
28906.79882365476,23.63615465335811,-89.18114932904156,230.5147185922373,-16128.24136412319,8.860044931677648e-07,6.199037702570617e-05,-0.08879881000101832,3.413761038673253e-10,0.7088583794474079,0.01527427885630614,-0.7086937974317435,4.394572877826979e-05,9.469300714568071e-07,-4.393552550377679e-05
28973.43587701323,23.62100290366753,-89.15872911276244,236.4305029021536,-16101.23049103045,9.117835225144909e-07,6.20936658921929e-05,-0.08844620408111606,3.411623243523089e-10,0.7088624521747396,0.01556354016640723,-0.7086915777125291,4.401944862656859e-05,9.664758722949228e-07,-4.400883754174135e-05
29040.22654464451,23.59902592255446,-89.14615904657279,239.387538912509,-16062.57024490129,9.276304763058005e-07,6.224271219237873e-05,-0.08803090600229095,3.411969118188534e-10,0.708807604405456,0.01572968563603474,-0.7086330482363865,4.412183420716413e-05,9.791409931981159e-07,-4.411096844005942e-05
29107.17118066605,23.57682070892603,-89.14362925374739,239.5177782936121,-16023.82605659286,9.326276496406241e-07,6.239312730719725e-05,-0.08761659140017841,3.412352671182157e-10,0.7087665430183941,0.01577197062238204,-0.7085910368082086,4.422592014420521e-05,9.841462187135376e-07,-4.421496883208003e-05
29174.27014001167,23.54847871129508,-89.12476966465864,244.0350469769121,-15974.18428504548,9.561223638687049e-07,6.258639907954282e-05,-0.08714426714446144,3.415084400435157e-10,0.708689472738913,0.01601540624209689,-0.7085084865644583,4.435830757944061e-05,1.002436671383081e-06,-4.434697928869704e-05
29241.52377843335,23.51737436757027,-89.13392385388575,240.67124011388,-15920.53551540359,9.493134111753855e-07,6.279760668834078e-05,-0.0866518428774682,3.418711553967954e-10,0.7086579983514443,0.01591346355240213,-0.7084793012539194,4.450591137134269e-05,9.994146684605155e-07,-4.449468864161515e-05
29308.93245250321,23.50524903034321,-89.14052311791512,238.5249548741011,-15899.72739342545,9.433149922411872e-07,6.288000863759786e-05,-0.08633955578484914,3.415312545232709e-10,0.7088820136700592,0.01584886031466431,-0.7087048207340234,4.457831571680739e-05,9.966616238446758e-07,-4.45671728714635e-05
29376.49651961531,23.48175602103063,-89.15634943082988,233.5408947588319,-15859.57628520281,9.282941559350484e-07,6.303971728961223e-05,-0.08592345106393509,3.416084079776228e-10,0.7088016544631144,0.01566334635948506,-0.7086285662817093,4.468628467463009e-05,9.874931159796052e-07,-4.467537235847031e-05
29444.2163379876,23.4493963089116,-89.1361015918702,238.3019841243202,-15803.55179319079,9.539366024374382e-07,6.326253035382071e-05,-0.08542300319435182,3.420309664501211e-10,0.7086849376713641,0.01592319423066398,-0.7085060287448215,4.48370738671386e-05,1.00742854542247e-06,-4.482575465837816e-05
29512.09226666385,23.42486617976021,-89.12243925634499,241.4233090806428,-15761.25084467384,9.716188935404551e-07,6.34318581947704e-05,-0.08499841212798973,3.421601681162259e-10,0.7087741672862672,0.01610624039461818,-0.7085911439135352,4.496290208626482e-05,1.021740553290467e-06,-4.495129153050887e-05
29580.12466551546,23.4070780508201,-89.13175973057736,238.4012455518279,-15731.059842038,9.631475440751278e-07,6.355391146336901e-05,-0.08464047945185116,3.420283840250358e-10,0.7087422796679269,0.01600235473366413,-0.7085616018610295,4.504727393967992e-05,1.017100966101604e-06,-4.503579015651131e-05
29648.31389524342,23.38171612905948,-89.12237186628984,240.314225040491,-15687.63973315977,9.762529605170938e-07,6.372949720492971e-05,-0.08421272851464798,3.42186226406976e-10,0.708661371730776,0.01612874075876761,-0.7084778073481777,4.516668017406558e-05,1.027968652619641e-06,-4.515498065989576e-05
29716.66031738025,23.34650901409431,-89.15672457411073,230.0372882683577,-15628.59967813178,9.415947453047084e-07,6.397139978555358e-05,-0.08370284095902598,3.426889214435545e-10,0.7086758522256938,0.01571643568182297,-0.7085015576392706,4.533863490568213e-05,1.005483306872824e-06,-4.532748413965128e-05
29785.1642942919,23.3312850128024,-89.047502719758,259.3690622006013,-15600.4472544444,1.065427847031612e-06,6.408301279270456e-05,-0.0833598992591436,3.425177497614584e-10,0.7086095872033364,0.01707759726040902,-0.7084037709867828,4.541484286622779e-05,1.09450452000679e-06,-4.540165208910185e-05
29853.8261891796,23.3032305193926,-89.1190908308002,239.1675117829399,-15554.62213412526,9.882813290181441e-07,6.427437623317234e-05,-0.08292387665437374,3.427367437615599e-10,0.7087109167715262,0.01620699975442671,-0.7085255794324558,4.55560567385248e-05,1.041788665733143e-06,-4.554414322324705e-05
29922.64636608189,23.27950044126767,-89.1053710883613,242.2643597282719,-15514.36252706056,1.006272885310661e-06,6.444068934188738e-05,-0.08251902104154282,3.428358237998926e-10,0.7086910568103947,0.01638844182699025,-0.7085015405611461,4.567281891819243e-05,1.056181432970607e-06,-4.566060521625447e-05
29991.6251898765,23.2503777487204,-89.14918227974307,229.6864760541457,-15466.41313883517,9.599761452406011e-07,6.464197596996302e-05,-0.0820747821221085,3.431077475579713e-10,0.7086536400367597,0.01585811452429271,-0.7084761829031966,4.581252380217138e-05,1.025183824729997e-06,-4.58010516827947e-05
30060.76302628231,23.23076718518885,-89.09359287174185,244.1573351425086,-15432.3784321757,1.024932710109123e-06,6.478261011772323e-05,-0.08170582060735118,3.430735742139156e-10,0.7086089458426286,0.01655673662577662,-0.7084154943255447,4.590997431118634e-05,1.072692290474264e-06,-4.589744080560208e-05
30130.06024186122,23.20959405413919,-89.1413459056965,230.7775235740789,-15398.03780363911,9.731173227468328e-07,6.492875515332393e-05,-0.08133650615673811,3.430478881654472e-10,0.7085311304440223,0.01597687428961864,-0.7083509739502147,4.600789432336661e-05,1.037445374452127e-06,-4.599619600755151e-05
30199.51720402016,23.18803217712979,-89.10989184507322,238.6639145792378,-15361.43090424717,1.011157009230763e-06,6.508239235926302e-05,-0.08095651479653729,3.430745164563174e-10,0.7087311646718361,0.01638271626642809,-0.7085417915584309,4.613016037952399e-05,1.066324392793554e-06,-4.611783439115435e-05
30269.13428101304,23.17237504385293,-89.12636611368464,233.8543060126687,-15335.74482334749,9.941104721092048e-07,6.519197694678486e-05,-0.08063526270596767,3.428587662919438e-10,0.7084741081988849,0.01618550001283585,-0.7082892005230206,4.619086340721252e-05,1.055256941105409e-06,-4.617880785698148e-05
30338.9118419427,23.13847330190799,-89.11024958778887,237.2908387184098,-15279.19570366806,1.016190777046449e-06,6.543268943130337e-05,-0.08015315563643194,3.433362331470467e-10,0.7086072919883468,0.01640022213015201,-0.708417480708332,4.637032675736482e-05,1.073208909457597e-06,-4.635790575750209e-05
30408.8502567628,23.12191000896225,-89.149538486712,226.4170904575147,-15252.64898602698,9.730226818534433e-07,6.55479380631737e-05,-0.0798298673206793,3.431427724173778e-10,0.7085779505901134,0.01592622162749137,-0.7083989465881194,4.644958684985532e-05,1.044015572401197e-06,-4.643785255593583e-05
30478.94989627983,23.08778217089475,-89.17672662580948,218.37782312668,-15196.9769536837,9.453757409462497e-07,6.578897592269551e-05,-0.07935555557075115,3.436077310854887e-10,0.7087866474664092,0.0156071315547845,-0.7086147959726098,4.663379635426546e-05,1.026853140083375e-06,-4.66224895843176e-05
30549.21113215512,23.06065429743078,-89.12035047357043,232.6315347957029,-15151.21360700695,1.013144458099096e-06,6.598575774731232e-05,-0.07893462547902551,3.438529151289199e-10,0.7086319813394852,0.01631330421271212,-0.7084441834631633,4.676375400124915e-05,1.076540948249048e-06,-4.675136092004263e-05
30619.63433690677,23.04985824195828,-89.14212073263337,226.6151522228544,-15133.97280332368,9.892035822231274e-07,6.606169077164372e-05,-0.07866346651187987,3.434528958085499e-10,0.7087632949102438,0.01605962195949979,-0.7085813268457921,4.682596673621921e-05,1.061013358157924e-06,-4.681394462588384e-05
30690.21988391158,23.01981636905481,-89.12104134383891,231.4237391080968,-15084.39931610149,1.016833053574522e-06,6.62780571995013e-05,-0.07822546478358998,3.437891063376348e-10,0.7086648711363868,0.01633060018092103,-0.7084766835122258,4.697306364838495e-05,1.082455689506158e-06,-4.696058984079608e-05
30760.96814740708,22.99619369579002,-89.17874851340754,215.6932582702775,-15047.11677015422,9.524468711050362e-07,6.644426164181318e-05,-0.07785265410942095,3.438482674494895e-10,0.7086791749595314,0.01562992832250546,-0.7085067948594109,4.709109752896751e-05,1.038594761935692e-06,-4.70796430254437e-05
30831.87950249353,22.96246633943731,-89.17562125274539,215.7252781777509,-14992.25335259253,9.59571415472326e-07,6.668730661602491e-05,-0.07739039162235201,3.443128402893243e-10,0.7086431654474945,0.01568041620776253,-0.7084696609474511,4.726097998692956e-05,1.045761636766535e-06,-4.724940858808736e-05
30902.9543251359,22.94222196982684,-89.16750520553109,217.3703278149729,-14959.28384316205,9.711514565134712e-07,6.683400829689765e-05,-0.07704260064279454,3.442780456169688e-10,0.7086222559019225,0.01579294809275165,-0.7084462466200731,4.736363966905488e-05,1.055585675650449e-06,-4.735187537554802e-05
30974.19299216581,22.92167446867678,-89.12420026910252,228.157497543953,-14925.15134796331,1.023990153924083e-06,6.6985342102102e-05,-0.07669002430584164,3.442717505734442e-10,0.7086734307108437,0.01634224766349661,-0.7084849767897565,4.747484284516205e-05,1.094785843435666e-06,-4.746221810166322e-05
31045.59588128356,22.89243373840164,-89.12696671930129,226.7195834943726,-14878.09252314207,1.023985220405271e-06,6.719731315975087e-05,-0.07627239554014091,3.445663611611485e-10,0.7086471585244758,0.01632013510577086,-0.7084592073471435,4.762326679415818e-05,1.09676323246273e-06,-4.761063589744929e-05
31117.16337106017,22.87266998812439,-89.13108279993179,225.1700841735278,-14846.41622631036,1.02133340868918e-06,6.734083236186215e-05,-0.07593495915551744,3.445073560833882e-10,0.7085088912947908,0.01627879268291909,-0.7083218547754687,4.771560935549828e-05,1.096320063136831e-06,-4.770301309650869e-05
31188.89584093937,22.83934502159543,-89.17652995293804,212.6378669092365,-14793.99706762546,9.713591569304009e-07,6.758102274122877e-05,-0.07549282197765295,3.449328869989177e-10,0.7084287521008342,0.01572792245910157,-0.7082541417162809,4.787981671939758e-05,1.062986281239323e-06,-4.786801551400477e-05
31260.79367123956,22.81292347671692,-89.13523051561397,222.6539008226073,-14750.93690249421,1.023038931928017e-06,6.777686210711559e-05,-0.07509996540582119,3.451441576255339e-10,0.7086352138398533,0.01625595640981352,-0.7084487350366693,4.803306270082379e-05,1.101869280900415e-06,-4.802042270231571e-05
31332.85724315586,22.79324408708853,-89.15498565585001,217.1106705356488,-14720.01424274763,1.00177511818231e-06,6.791994134278412e-05,-0.07477016892955478,3.450737324893906e-10,0.7084269576717023,0.01601979617940497,-0.7082458051314912,4.812006177401468e-05,1.088148288842119e-06,-4.810775694663469e-05
31405.08693876216,22.76257955037035,-89.09267581812878,232.3305240881392,-14669.99999108586,1.079287460515251e-06,6.81492330733571e-05,-0.07434473970067605,3.454538348136456e-10,0.7084741353429378,0.01680397436289028,-0.7082748244117778,4.828652240764601e-05,1.145285966182024e-06,-4.827293823955371e-05
31477.48314101316,22.73716830471095,-89.13549028811998,220.7725984768782,-14630.69529841965,1.031136976424364e-06,6.833389205489918e-05,-0.07397502103911512,3.455852244964712e-10,0.7085530703230696,0.01628939740411644,-0.7083658016847366,4.842218882769396e-05,1.113209878029079e-06,-4.840939097563931e-05
31550.04623374628,22.72014783449052,-89.12159821759674,223.9041477783198,-14603.51952267471,1.049651153265332e-06,6.846055002020168e-05,-0.07366779437827452,3.454320230293476e-10,0.7084264580048465,0.01647111005152463,-0.7082349532005343,4.850344335930153e-05,1.127718402413877e-06,-4.849033170554548e-05
31622.77660168379,22.69095039299907,-89.13626908801635,219.4755656213533,-14557.85691166394,1.035362867289692e-06,6.867582015784533e-05,-0.0732685468293907,3.457185519124222e-10,0.7084412009332027,0.01630303404235957,-0.7082535889500965,4.865677565695696e-05,1.119716172466959e-06,-4.864389019213569e-05
31695.6746304349,22.66659470679493,-89.09955996014639,228.191669756052,-14518.83814692753,1.082252982834855e-06,6.885902499686698e-05,-0.07290410713693599,3.458503884445582e-10,0.7083834125775382,0.01676839960461221,-0.7081849193464225,4.878307071416897e-05,1.154761685763925e-06,-4.876940140859535e-05
31768.74070649771,22.64158201190565,-89.10988837014958,224.9688624438786,-14479.90220317519,1.07271989356558e-06,6.904457346449438e-05,-0.07254137116776573,3.459827951659426e-10,0.7084423214709173,0.01665511456371708,-0.7082465178241063,4.891844500360094e-05,1.15004747898494e-06,-4.890492462284765e-05
31841.97521726125,22.62196049013063,-89.08573039079958,230.578379586901,-14448.74306397647,1.104200294889304e-06,6.919255127304637e-05,-0.07221878870284422,3.459314628548133e-10,0.7084258513051072,0.01696636304037042,-0.7082226551887112,4.902246664495033e-05,1.174057898508935e-06,-4.900840564644208e-05
31915.37855100762,22.59988075117755,-89.03952296660675,241.6406701275792,-14413.35208491168,1.16283472287159e-06,6.936061826206639e-05,-0.07187620310288144,3.459832995172066e-10,0.7082667301135025,0.01754662834683562,-0.7080493463165763,4.913114424928071e-05,1.217176935952853e-06,-4.911606474006456e-05
31988.95109691397,22.57272675041684,-89.07749592476233,231.4196079675405,-14371.99185490187,1.120091857492696e-06,6.956174195440202e-05,-0.07150511246380808,3.461809530636966e-10,0.7084511019922487,0.01709489026857557,-0.7082448225301311,4.928589143277678e-05,1.189266137723456e-06,-4.927154087682995e-05
32062.69324505466,22.55006013852345,-89.06689082233129,233.5049103246658,-14336.65356723626,1.135756532519072e-06,6.973278600784707e-05,-0.0711652407108265,3.462360947332748e-10,0.7083462544063639,0.01723654278402806,-0.708136510656229,4.939990827799932e-05,1.202072612460401e-06,-4.938528079609468e-05
32136.60538640318,22.52593683189734,-89.04160736282901,239.2005985088064,-14298.84368586023,1.169604162956291e-06,6.991615909283638e-05,-0.07081431363829861,3.463532068959987e-10,0.7082734480414435,0.01756036261164591,-0.7080557258192768,4.952507544618789e-05,1.227884915930511e-06,-4.950985151041995e-05
32210.68791283435,22.50721688549806,-89.07698450096593,229.9168386985602,-14270.75158578104,1.128663221058113e-06,7.005521014859309e-05,-0.07051264048317867,3.462368478660081e-10,0.7084134835932926,0.01713972965892457,-0.7082061094088382,4.963287280563858e-05,1.200843916422159e-06,-4.96183437533851e-05
32284.94121712635,22.4858178042608,-88.9837932346653,252.515442919457,-14235.83518999718,1.245619551774452e-06,7.02231691000191e-05,-0.07017833869642306,3.46287791140585e-10,0.7082834394278296,0.01830144150264552,-0.7080469531087901,4.974409755227322e-05,1.285345160957394e-06,-4.972748866680558e-05
32359.36569296283,22.46228033734491,-89.05462615286609,234.3406527551898,-14201.2727883392,1.16164881948076e-06,7.039705478217814e-05,-0.06984694273386616,3.463321922121625e-10,0.7083876871308095,0.01744188935316809,-0.7081729278744914,4.987354974901267e-05,1.227984269313494e-06,-4.985842977071741e-05
32433.96173493494,22.44174978571965,-89.02082450878251,242.1717964909352,-14169.13630296035,1.2058962926194e-06,7.055532140795104e-05,-0.06952860401046802,3.463193466923108e-10,0.7083823962151959,0.01787280202083053,-0.7081568909609699,4.998578979470221e-05,1.261163644987257e-06,-4.996987740289862e-05
32508.72973854344,22.41461348888407,-89.02729842402542,239.869921995437,-14127.88271368844,1.201424424597396e-06,7.076161620795255e-05,-0.06916672498095587,3.46531765174459e-10,0.7082326201048116,0.01780231475972456,-0.7080088430024883,5.012123815614531e-05,1.25986015395728e-06,-5.010540157206114e-05
32583.67010020087,22.39048071337901,-89.07726177285902,226.9727572577481,-14092.24885382454,1.142616471091741e-06,7.094259174381138e-05,-0.0688335923322967,3.466089940482482e-10,0.7082375267332744,0.01719834706632352,-0.7080286795967039,5.024904067417234e-05,1.220212723336368e-06,-5.023422309127946e-05
32658.78321723358,22.36974717465687,-89.04400064599571,234.6189001568831,-14060.07777252839,1.186496974853063e-06,7.110356297872332e-05,-0.0685185012212445,3.466030728440766e-10,0.7083960809947926,0.01762666329204174,-0.7081767493429657,5.037480407964788e-05,1.253450906543131e-06,-5.035920717096125e-05
32734.06948788383,22.35139413256957,-89.05047637230456,232.5711252659091,-14032.43016344526,1.180784746822087e-06,7.124392367667275e-05,-0.06822648876366472,3.464872372503371e-10,0.7082706750654106,0.01755690010714544,-0.7080530378553856,5.046520750785338e-05,1.250951985298449e-06,-5.044970057335503e-05
32809.5293113119,22.31655308079986,-89.02819819977944,237.1289924716476,-13979.38096584463,1.21306432631459e-06,7.151334881859667e-05,-0.06781223713903879,3.47002170417641e-10,0.7082393906791555,0.01784483495773699,-0.7080145453130977,5.065413808031186e-05,1.27628418563784e-06,-5.063805686770367e-05
32885.1630875983,22.29399071317847,-89.05924811117406,229.0047687049046,-13946.10818140976,1.177121736816277e-06,7.168526305005787e-05,-0.06749524240014314,3.470300652447558e-10,0.7083444052501819,0.01747717837322485,-0.7081287627863625,5.078296940021378e-05,1.252982317572032e-06,-5.076750945649097e-05
32960.97121774578,22.27102621375981,-89.01638388034017,238.8337560305626,-13910.7336740025,1.233864974617075e-06,7.186575020568524e-05,-0.06716919873587979,3.471123738569213e-10,0.7084275578388762,0.01802253271740819,-0.7081982723926995,5.091743751174548e-05,1.295349359702254e-06,-5.090095787702649e-05
33036.95410368148,22.24186321746517,-89.06190754318361,227.0798370739937,-13868.09324942288,1.180398480076137e-06,7.20886380935653e-05,-0.0668092943731468,3.473788542729946e-10,0.7083839101340335,0.01747227031936786,-0.7081684008106188,5.107151979666406e-05,1.259677678646629e-06,-5.105598247499472e-05
33113.11214825911,22.2094186286458,-89.04809311039024,229.6161393003744,-13819.44532560385,1.201991250058448e-06,7.234183281998007e-05,-0.06642181576018588,3.477999535266097e-10,0.7081193548316395,0.01764996065314475,-0.7078993569541646,5.123195203241852e-05,1.276962607201969e-06,-5.12160353361312e-05
33189.44575526103,22.18893485996033,-89.05202493700261,228.1652058932748,-13789.08679219586,1.199663691635443e-06,7.250126810809585e-05,-0.06612347008998364,3.477640031871291e-10,0.708162327461807,0.01761601765768597,-0.7079431883689592,5.134791220201327e-05,1.277314102937449e-06,-5.133202271670288e-05
33265.95532940045,22.16668257988604,-88.99302961739097,241.7653325664312,-13754.8305176494,1.277466111124401e-06,7.267927814145412e-05,-0.06580749738277876,3.478282791349522e-10,0.7082332153092301,0.01836038671456117,-0.7079951860478587,5.148003382139787e-05,1.334579215727493e-06,-5.146273195788595e-05
33342.64127632351,22.14011817389895,-89.06106773177952,224.8073058852219,-13717.02435939773,1.194466479990799e-06,7.28825326116544e-05,-0.06547568362139095,3.479847578646299e-10,0.7082748384648357,0.01753429914881669,-0.7080577625842039,5.162598710506167e-05,1.278070958605777e-06,-5.161016449495935e-05
33419.50400261143,22.12492356115167,-89.03295918375939,231.1500434339954,-13694.00762091486,1.232279223569964e-06,7.300384126244269e-05,-0.06521548026075971,3.477679589048244e-10,0.7082891412456934,0.01789568549660324,-0.7080630283012724,5.171337340333956e-05,1.306593892950209e-06,-5.169686451954444e-05
33496.54391578276,22.0917365475691,-88.98902138698563,240.7767426909943,-13644.26432505568,1.292942064438694e-06,7.326805357951439e-05,-0.06482913931791727,3.482330666585665e-10,0.7080817898733691,0.01844695778260561,-0.7078414588725648,5.188601678215477e-05,1.351735314728468e-06,-5.186840607881605e-05
33573.76142429547,22.06770172722893,-88.93942312329878,251.9196728803622,-13607.95785793968,1.359963826840838e-06,7.346123560886504e-05,-0.06450792722051242,3.483591129344159e-10,0.708122319448179,0.01907450970108781,-0.7078653702366942,5.202660538552249e-05,1.401427354971882e-06,-5.200772701541199e-05
33651.15693754908,22.04480549495891,-88.9248974533386,254.7366751136559,-13574.16872998042,1.38201281279036e-06,7.364340097255793e-05,-0.06419975562056165,3.484230582199829e-10,0.7080785171604006,0.01926653021514552,-0.70781635137763,5.21526299710511e-05,1.419051979102683e-06,-5.213332048103192e-05
33728.73086588689,22.0176709711052,-88.92933839091509,252.946841611594,-13534.71479816546,1.380318739825939e-06,7.385828720009969e-05,-0.06386592997027715,3.486350308177682e-10,0.7080472594486238,0.01922460460732246,-0.7077862220970389,5.230241414992186e-05,1.420093388714873e-06,-5.228313170303855e-05
33806.48362059816,22.00518659200532,-88.91422855474065,256.1668591155642,-13516.2173997781,1.401705043794842e-06,7.395863058831354e-05,-0.06363195992879511,3.483092139276016e-10,0.7078165849996469,0.01941874660531093,-0.7075501609644657,5.235666033253354e-05,1.436390078509266e-06,-5.233695314707049e-05
33884.41561392025,21.97809793296027,-88.90911679084066,256.6225995767079,-13476.80030634151,1.412420040939386e-06,7.417469416883922e-05,-0.06330046857693074,3.485245205431649e-10,0.7078863963398984,0.01949763857560121,-0.7076178292080145,5.251487492539757e-05,1.446441203606152e-06,-5.249495115032169e-05
33962.52725904085,21.958029203805,-88.88507150215788,261.7049503453413,-13447.22688455438,1.446711763286907e-06,7.433661950911232e-05,-0.06301629478958569,3.48487655922611e-10,0.708009725189643,0.01981193022655961,-0.7077324765642818,5.263910197711296e-05,1.472977246576632e-06,-5.261848909830046e-05
34040.81897010009,21.94128004761358,-88.88831157244721,260.476108687365,-13423.10352451555,1.445102027566974e-06,7.44703774072457e-05,-0.06275857462293633,3.483110014967551e-10,0.7080559366402357,0.01978711055936968,-0.7077794004258621,5.273719346437707e-05,1.473777174473024e-06,-5.271659658342084e-05
34119.29116219284,21.91435003282185,-88.86570262611563,264.9970277000619,-13383.81625728897,1.478804785151389e-06,7.468782460182008e-05,-0.06243097210476478,3.485299997317231e-10,0.7079751178830955,0.02007805111099421,-0.7076903555971124,5.288554466929627e-05,1.499824841412342e-06,-5.286427300562464e-05
34197.94425137089,21.90260778039621,-88.91289073716608,253.6692777599287,-13367.96159023236,1.418995896042812e-06,7.477879387881536e-05,-0.06221359829437075,3.481408157454146e-10,0.7079041881389174,0.01950721940850671,-0.7076353637118259,5.294379966865104e-05,1.458935169138636e-06,-5.292369442439279e-05
34276.77865464504,21.86705668252792,-88.89342041448153,257.2212888608959,-13316.58559941294,1.449970390666663e-06,7.506631705888414e-05,-0.06183196048283573,3.486801679918487e-10,0.7078243668650629,0.01975946501735947,-0.7075485127326288,5.314171163053999e-05,1.483492008867841e-06,-5.312100118110628e-05
34355.79478998746,21.84950869832018,-88.89422746315743,256.5498226096398,-13291.51932228254,1.451645910348751e-06,7.520792441112317e-05,-0.06157363013354628,3.485342841926832e-10,0.7078508400503575,0.01976427408539056,-0.7075748619261953,5.324392745860327e-05,1.486651588348222e-06,-5.322316862299603e-05
34434.99307633384,21.82433827674933,-88.93446768752172,246.5604230623167,-13256.51304971698,1.402537718991873e-06,7.540853208966487e-05,-0.06127021937677418,3.486509299809666e-10,0.7080513180075271,0.01928685237092226,-0.7077885886744845,5.340034903968933e-05,1.454590398027138e-06,-5.338053432043011e-05
34514.37393358563,21.79907166038494,-88.9729716158897,237.0198500405442,-13221.42871012195,1.355465270385136e-06,7.561049185702244e-05,-0.06096751857652493,3.487721061985129e-10,0.7079704315491852,0.01882315516294894,-0.7077201571084796,5.353658330920377e-05,1.423403251910069e-06,-5.351765760574512e-05
34593.9377826122,21.7772786822796,-88.97849293028267,235.1965360237718,-13190.64882811591,1.351327303541763e-06,7.578718723588086e-05,-0.06068568940536031,3.487819273864163e-10,0.7079046505281157,0.0187673485350431,-0.7076558350415108,5.365660609934508e-05,1.422496980522286e-06,-5.363774678750666e-05
34673.68504525317,21.75480471203134,-88.98513642379564,233.106092037876,-13159.00852678578,1.345770562246467e-06,7.596972755573082e-05,-0.06040088471972408,3.488164543863743e-10,0.7078387562432458,0.01869772273721406,-0.7075917608370149,5.378071613630867e-05,1.420629924620787e-06,-5.376194972981805e-05
34753.61614432058,21.7288656758906,-88.97429947943958,234.9367223170981,-13122.19734353898,1.363950431014923e-06,7.618232920788603e-05,-0.06009338892329519,3.489904693252069e-10,0.7076228162792234,0.01884000677996606,-0.7073719702274542,5.391494114366673e-05,1.435450968114828e-06,-5.38958287722082e-05
34833.73150360118,21.69325431911909,-89.05220928583141,216.2878449316768,-13073.82539016347,1.265050628935923e-06,7.646777856448317e-05,-0.05973416703145139,3.494760764551905e-10,0.707890792666654,0.01789912171754509,-0.7076644655371387,5.413617294383344e-05,1.368841011751997e-06,-5.411886450480266e-05
34914.03154785863,21.67272183936146,-89.02981331140676,220.9044491865398,-13044.58518940476,1.297834717048186e-06,7.663818266514869e-05,-0.05946349136539143,3.494538731486814e-10,0.7078533216269443,0.0181890382520528,-0.707619589769647,5.425428574351704e-05,1.394121138625834e-06,-5.423637107873306e-05
34994.51670283573,21.64455223134827,-89.01001912210575,224.7251428594928,-13004.81773651832,1.328352883737871e-06,7.687162603603524e-05,-0.0591458668897211,3.497162893976383e-10,0.7076673935516595,0.01844295398680967,-0.7074270261620202,5.440556455402434e-05,1.417896787162098e-06,-5.438708507672631e-05
35075.18739525679,21.61524351563919,-89.04625366486464,215.8319277856297,-12964.78516533719,1.283703414670084e-06,7.711064418484758e-05,-0.05882818591774436,3.499893321269218e-10,0.7077702869650164,0.01801251135443684,-0.7075410437177817,5.458206839063003e-05,1.389094943291208e-06,-5.456438953234917e-05
35156.04405282981,21.59483008367451,-89.01438060910314,222.5468947319991,-12935.76420026193,1.32956273904082e-06,7.72821840646131e-05,-0.05856150402044868,3.499677627656633e-10,0.7078875979255547,0.01842352224560637,-0.7076478115029237,5.471306365018923e-05,1.423965256968023e-06,-5.469453041151927e-05
35237.08710424873,21.56467547738029,-89.01927974273559,220.7277623090552,-12894.12957501955,1.327228357635104e-06,7.753195266405027e-05,-0.05823876566926327,3.502902920613297e-10,0.7076970467092577,0.01837246538143419,-0.7074585234745662,5.487502521086287e-05,1.424606059442975e-06,-5.485653005311431e-05
35318.3169791957,21.53194235914384,-89.02520070008036,218.6289128546341,-12849.1119471571,1.323840470214559e-06,7.780386491366765e-05,-0.0579019572743455,3.507090869902501e-10,0.7078201019570191,0.01831696836415971,-0.7075830590145522,5.507694548278006e-05,1.425281176973258e-06,-5.505850068136339e-05
35399.73410834346,21.50927568963693,-89.02105216178371,219.0254369504385,-12817.85553583186,1.332714190397725e-06,7.799339748349242e-05,-0.05762825963951623,3.507557175943521e-10,0.7076990470804813,0.01837952073149388,-0.7074603412604142,5.520173024782225e-05,1.433633900864644e-06,-5.518311078755551e-05
35481.33892335755,21.48299275994131,-88.97129603577324,229.4938798489809,-12780.75936057457,1.404487206389419e-06,7.821739308116243e-05,-0.05732931987423907,3.509647293886596e-10,0.7077877592006677,0.01901075466794262,-0.7075324044036836,5.536804055461785e-05,1.487152358522373e-06,-5.5348064941065e-05
35563.13185689854,21.45479717898655,-88.98148157871361,226.5398580095022,-12742.44062261893,1.394768533273681e-06,7.845310478119795e-05,-0.05702597904777543,3.512105175893822e-10,0.7078227634788335,0.01890043923403133,-0.7075703766379521,5.553745463635762e-05,1.48297333842194e-06,-5.551765176556921e-05
35645.11334262443,21.42561902861718,-88.96477372905335,229.5321380632639,-12702.33572202565,1.422114427040865e-06,7.869998092567912e-05,-0.05671575510339771,3.515090773597429e-10,0.707723001035357,0.01911863906824033,-0.7074647156110828,5.570464851662757e-05,1.50482189762741e-06,-5.568431895441875e-05
35727.28381519288,21.39687680839224,-88.945656956383,233.0459485262211,-12662.90147442636,1.452874262841446e-06,7.894410420536043e-05,-0.05640964406825631,3.517927653005493e-10,0.7076731777477496,0.0193679150139253,-0.7074080932330443,5.587383737315341e-05,1.52918009015011e-06,-5.585290781197953e-05
35809.6437102636,21.37418832195128,-88.93836185822694,234.086612875812,-12632.02542899012,1.466498022302129e-06,7.913669253316955e-05,-0.05614267778123889,3.518415622515756e-10,0.7076460456770824,0.01947186504633917,-0.7073780972252595,5.600811843639486e-05,1.541141267382314e-06,-5.598691109874883e-05
35892.19346450054,21.34072861104853,-88.90230963407984,241.157965191721,-12586.1021288345,1.521807409357078e-06,7.942355733246492e-05,-0.0558099178319837,3.523131717043026e-10,0.7075951623241687,0.01993019149773606,-0.7073144288160891,5.620775800224548e-05,1.583152966964393e-06,-5.618545796131044e-05
35974.93351557424,21.31037899165537,-88.86313500818972,248.940125700107,-12544.45054367079,1.581323122934333e-06,7.968514378075718e-05,-0.05549728984301505,3.52669975780827e-10,0.7074946293817275,0.02042558622322429,-0.707199721458815,5.638561093795138e-05,1.627869824211628e-06,-5.63621074897084e-05
36057.86430216423,21.29102655086924,-88.87117154322722,246.6719660851952,-12518.67260578603,1.57338369530783e-06,7.984967111356995e-05,-0.05525586899611128,3.525833906922906e-10,0.7075227326129329,0.02034192360733936,-0.707230247732678,5.650410833395793e-05,1.624544629096755e-06,-5.648074993627233e-05
36140.98626396133,21.26861035255459,-88.77297267650053,267.448464134998,-12486.53981195452,1.714575839847622e-06,8.004951366655129e-05,-0.0549872800557182,3.526777207665291e-10,0.7073534043325687,0.02156360655276284,-0.7070246456053084,5.663395146978606e-05,1.726481048288782e-06,-5.660762954118448e-05
36224.29984166988,21.23856225867609,-88.77114588796294,266.9864667090359,-12446.4344063778,1.722659918091917e-06,8.030734268787397e-05,-0.05468460586684319,3.530003832923899e-10,0.7074517120509801,0.02160393950175095,-0.7071217679310032,5.682428637994292e-05,1.735282315768843e-06,-5.679778444512027e-05
36307.80547701014,21.21559141089183,-88.75187056685915,270.5009432111502,-12415.46777292842,1.754027923647499e-06,8.050647402683222e-05,-0.05442309280055119,3.530669327640305e-10,0.7073803543712371,0.02185444649790838,-0.7070426782865707,5.695984632475289e-05,1.759768851850392e-06,-5.693265589209344e-05
36391.50361272071,21.19492057348316,-88.71244559912725,278.4122961629708,-12387.17699172183,1.81352852819979e-06,8.068788328658376e-05,-0.05417419599275883,3.530594080086469e-10,0.7073487026254952,0.02235481064582199,-0.7069953674154879,5.708650077702502e-05,1.804142582811273e-06,-5.7057984896999e-05
36475.39469256078,21.17041481265897,-88.66882156424445,287.0727548132804,-12353.78909404347,1.879997021644614e-06,8.090313801438118e-05,-0.05390391568902662,3.53199393314701e-10,0.7073786046144892,0.02290895678813859,-0.7070075459040173,5.724219783401235e-05,1.853829092487382e-06,-5.721217117505728e-05
36559.47916131248,21.14421131765452,-88.62186939109623,296.3452268104292,-12318.17660526582,1.951883090919628e-06,8.113388862564915e-05,-0.05362490772794194,3.53405826549271e-10,0.7073790117498152,0.0235032585730729,-0.7069884462285028,5.740659746891439e-05,1.907382155394519e-06,-5.737490153604841e-05
36643.75746478333,21.12568506904826,-88.59171176494191,302.2166938761409,-12293.11829791845,1.998627815051742e-06,8.129719059798442e-05,-0.0533927380402368,3.533117417371669e-10,0.7073358570400059,0.02388887977701374,-0.7069323419376985,5.751935832198137e-05,1.942603392898646e-06,-5.748654515476109e-05
36728.23004980847,21.09951740682558,-88.59453851116153,300.769030773857,-12258.8485311176,2.000195332644031e-06,8.152465548877535e-05,-0.05312143649983376,3.534845631246768e-10,0.7072394972210324,0.02386574310090304,-0.7068367086786739,5.767235530980927e-05,1.946149248247863e-06,-5.763950962737652e-05
36812.89736425313,21.0828811363978,-88.52187603040836,315.7208096860991,-12235.41257950932,2.107545197946675e-06,8.167559513254526e-05,-0.05289793882642341,3.533470853027926e-10,0.7071939727441305,0.02477556284784115,-0.7067598507068711,5.777724704077894e-05,2.024145949207601e-06,-5.774177957759446e-05
36897.75985701503,21.05763126192407,-88.53083574352726,312.9658845460015,-12202.6479022477,2.100406041716601e-06,8.189555681444941e-05,-0.05263494965490251,3.534809808470063e-10,0.7071396377236707,0.0246782035134438,-0.7067088888016857,5.79281522018932e-05,2.021613063295285e-06,-5.789286569300243e-05
36982.81797802663,21.04449651939948,-88.52439687964237,313.8932121777256,-12185.37665702904,2.112593404664179e-06,8.201115972018188e-05,-0.05243956611297281,3.531678598661571e-10,0.7070550213617766,0.02476974984547786,-0.7066210177496101,5.800313755845946e-05,2.031982185500608e-06,-5.796753414648047e-05
37068.0721782576,21.02828589614493,-88.4238544972457,334.6471440075572,-12161.96864334518,2.260740290330117e-06,8.216132429064164e-05,-0.05221845414589357,3.530337714548138e-10,0.707078830266672,0.02602568617169257,-0.7065996998800507,5.811400440282675e-05,2.139021529180716e-06,-5.807462522160145e-05
37153.52290971724,20.99967761588844,-88.48401820814932,320.9217256324031,-12126.24682079405,2.18093257076741e-06,8.240802831444146e-05,-0.05194533308110569,3.53259400768814e-10,0.7068607977549449,0.02529106167687708,-0.7064082032380524,5.826886531415551e-05,2.084825571289989e-06,-5.823155645641365e-05
37239.17062545685,20.9695136223614,-88.40910825661413,335.6564414982632,-12085.52055985304,2.296304056939117e-06,8.267986685414239e-05,-0.0516518038568896,3.536346161626272e-10,0.7070081013053294,0.0262352705610275,-0.7065211715794203,5.847532055404333e-05,2.169870264634513e-06,-5.843504750518115e-05
37325.01577957207,20.94998480569837,-88.39384642315679,338.1620740571336,-12059.98257264612,2.323219324537231e-06,8.285371635619898e-05,-0.05142411329104465,3.535684066719368e-10,0.7070086390786192,0.02643871201358089,-0.7065141260009344,5.859874392399508e-05,2.191310302775239e-06,-5.855775737361277e-05
37411.05882720533,20.93067643699164,-88.34680449793724,347.323049703625,-12034.04074923034,2.396343294287967e-06,8.302844535430003e-05,-0.05119547884104565,3.535156575585717e-10,0.7070368218463768,0.02703511592531977,-0.7065197590680177,5.872602262627007e-05,2.245519300378287e-06,-5.868307572522774e-05
37497.30022454834,20.9114192092421,-88.27816776980926,360.9598344910434,-12007.70233666964,2.501190560396828e-06,8.320469167679171e-05,-0.05096594076407522,3.534762330757149e-10,0.7068161190854497,0.02788805083375149,-0.7062657310245987,5.883437572127888e-05,2.321361973196171e-06,-5.878856219624705e-05
37583.74042884442,20.89831690639966,-88.23062476151468,370.3791197049399,-11989.77670090895,2.574009049178969e-06,8.332487465913478e-05,-0.05077281310332763,3.531905189221383e-10,0.7065950482112624,0.02848050353856316,-0.7060208375642082,5.890240687060844e-05,2.374160718441209e-06,-5.885454014800992e-05
37670.37989839089,20.88038146996908,-88.21604780989664,372.7070338943947,-11966.48601763412,2.600238731328867e-06,8.348573434697803e-05,-0.05055763722807245,3.530640461410714e-10,0.7067285175635106,0.02868089875092785,-0.706146304659563,5.902771998468996e-05,2.39549985362926e-06,-5.897909211781942e-05
37757.2190925416,20.86883871094333,-88.14978615136629,386.0322529203306,-11950.14843812326,2.700374717164464e-06,8.35937372189736e-05,-0.0503724914154207,3.527336007761132e-10,0.7066349723909382,0.0295090142285548,-0.706018556615335,5.909841508937257e-05,2.467944610576844e-06,-5.904686202902661e-05
37844.25847170932,20.85638000158907,-88.1729556483,380.7055435653875,-11934.80988793629,2.67003224817518e-06,8.370334452762374e-05,-0.05019213125676802,3.523746246031074e-10,0.7067042863652683,0.02924180524555412,-0.706099047721369,5.918092842504928e-05,2.448771313043813e-06,-5.9130244446537e-05
37931.49849736819,20.84862423073423,-88.16038570337044,382.9991217247535,-11924.61491913107,2.690675156692299e-06,8.377373026742014e-05,-0.05003391598090309,3.518647558247446e-10,0.7065248814627211,0.02940471172712993,-0.7059127219806683,5.921606049088274e-05,2.464500874683731e-06,-5.916475348971351e-05
38018.93963205612,20.84093303539364,-88.20055301343987,374.3531898878409,-11915.77493976021,2.633956000174019e-06,8.383961389165132e-05,-0.04988183523231012,3.51315927569011e-10,0.7066539500195911,0.02893060429630408,-0.7060614882666675,5.9272124498817e-05,2.42661684637722e-06,-5.922243049119262e-05
38106.5823393773,20.82001544857566,-88.23945999347347,365.4655570184324,-11890.12652158791,2.582637143539168e-06,8.402401213005238e-05,-0.04965998769045428,3.512640106686348e-10,0.706751763131179,0.028470619443267,-0.7061780784742238,5.940944471096901e-05,2.393235899700001e-06,-5.936122086677523e-05
38194.42708400464,20.80806179053421,-88.31605566457212,349.163082208546,-11876.76456335459,2.473186280768543e-06,8.412530612403797e-05,-0.04949009404013684,3.508504066528067e-10,0.7067830128600086,0.02754333507575259,-0.7062461270409741,5.948129143467414e-05,2.317986016803463e-06,-5.943610831441223e-05
38282.47433168226,20.78888615179466,-88.38874859924398,333.4469910041906,-11854.18285766516,2.371046445941568e-06,8.429171320323955e-05,-0.04928238916237557,3.507102907877189e-10,0.7069776978155169,0.02667023323283021,-0.7064744608744429,5.961317900316094e-05,2.24886498213079e-06,-5.957074548094102e-05
38370.72454922788,20.76411511253724,-88.46306957196374,317.2655601404674,-11824.61940401377,2.267441302216783e-06,8.450848055422136e-05,-0.04904641886328423,3.507784950761464e-10,0.7068567804566576,0.02576505645857996,-0.7063870539182026,5.975411736296825e-05,2.178048297838875e-06,-5.971440904371126e-05
38459.17820453535,20.74198488835625,-88.51789890359517,305.2533473668463,-11797.99906254058,2.191558604403897e-06,8.470343268402155e-05,-0.04882345273762112,3.507613834445438e-10,0.7067951636774081,0.02510256470030306,-0.7063492511804916,5.988521999043736e-05,2.126885817356769e-06,-5.984743879250811e-05
38547.83576657716,20.71585569386457,-88.57586104600816,292.5272478183594,-11766.49571314855,2.111561337273272e-06,8.493457484173827e-05,-0.04858109199585482,3.508916153233438e-10,0.7069545135918521,0.02440921205304568,-0.7065329961543493,6.006062118847367e-05,2.073729512212281e-06,-6.002481039916338e-05
38636.69770540691,20.67795221834589,-88.62815219194209,280.6746694771185,-11720.25111257817,2.042115916710182e-06,8.527349970492179e-05,-0.04827886464489592,3.514659159297527e-10,0.7068715424253358,0.02377735449506919,-0.7064715244820481,6.029185544852722e-05,2.02806413064298e-06,-6.025773634404217e-05
38725.76449216172,20.66292634705228,-88.7004811242285,265.4821085465187,-11703.09739701701,1.937359378863468e-06,8.540351599584606e-05,-0.04809732808756174,3.511715401032807e-10,0.7068060874504117,0.02289917885140197,-0.7064350450429895,6.037640060827125e-05,1.956081053178106e-06,-6.034470562794928e-05
38815.03659906482,20.62156501261839,-88.73621075143051,257.063371465906,-11652.46308236017,1.892314930977319e-06,8.577701968067677e-05,-0.04777908927176243,3.518863301527318e-10,0.7069228559862141,0.02247818775880948,-0.7065653935700398,6.064960948025975e-05,1.928489506105792e-06,-6.061894141547552e-05
38904.51449942805,20.59773097125885,-88.80182713624339,243.1247642725102,-11624.3595983158,1.798461676485216e-06,8.598862939285475e-05,-0.04755423153723915,3.519257908964702e-10,0.7070118530096895,0.02168760169929274,-0.7066791409322393,6.080537506979433e-05,1.86520600761658e-06,-6.077676072256169e-05
38994.19866765435,20.56425402632803,-88.80310194233201,242.0030385456371,-11583.05476269193,1.802955744586971e-06,8.629534261125656e-05,-0.04727627402472365,3.523684548282291e-10,0.7070043671551657,0.02168756006927012,-0.7066716528308732,6.102157410571612e-05,1.871854143227221e-06,-6.099285751959722e-05
39084.08957924022,20.54018892903546,-88.83747030322118,234.4660129183787,-11554.17316386845,1.755591018258421e-06,8.651318959797915e-05,-0.04704993239361865,3.524368082863804e-10,0.7070375683033631,0.02128061291164551,-0.706717240844199,6.11777227022056e-05,1.841344072799014e-06,-6.115000578114062e-05
39174.1877107783,20.50395921078966,-88.81822798513021,237.422956960436,-11509.33014601845,1.791586746664443e-06,8.684907144858904e-05,-0.046759534567488,3.529962433966718e-10,0.7070885479044232,0.02153549499185652,-0.7067605231144716,6.142007787642118e-05,1.870645173687492e-06,-6.139158454527625e-05
39264.49353995997,20.47365801273451,-88.86579482447293,227.1512360579354,-11473.32718274008,1.724908852144536e-06,8.712452533611264e-05,-0.0465060559863153,3.532895187759176e-10,0.706946806757935,0.02096055776386358,-0.7066360043215097,6.160148151355152e-05,1.826447759946514e-06,-6.15743990083916e-05
39355.00754557775,20.447236276744,-88.84690582253735,230.2793425381085,-11440.742075993,1.758614615582246e-06,8.737152019885788e-05,-0.0462673181278128,3.534808875714107e-10,0.7069779299116274,0.02121050814309413,-0.7066596831052708,6.177923188577505e-05,1.853479218440566e-06,-6.175142190414058e-05
39445.73020752785,20.41696382812157,-88.86513670407736,225.9173065831175,-11404.38274708478,1.736343072807541e-06,8.765119096912191e-05,-0.04601420426396576,3.53792276062172e-10,0.7069946200952807,0.02100224682062396,-0.7066826009405891,6.197803871537972e-05,1.841142817159156e-06,-6.19506858406905e-05
39536.66200681279,20.38886905907503,-88.8626719745286,225.7321802100554,-11370.33659149474,1.745322545753639e-06,8.791349460000192e-05,-0.04577132163669283,3.540354988153537e-10,0.7069921762267216,0.02104870652476354,-0.7066787737009158,6.216333733774806e-05,1.850738789226052e-06,-6.21357809551044e-05
39627.80342554393,20.36147880812358,-88.83914018285961,229.7243118701865,-11336.79729552651,1.786684648516802e-06,8.817212913324535e-05,-0.04553134850898208,3.542662255204286e-10,0.7068318877003591,0.02135027080103752,-0.7065093654062736,6.233258120153109e-05,1.88279209178026e-06,-6.2304139294148e-05
39719.15494694403,20.33302386952051,-88.86804044421444,223.3398979273163,-11303.20297609273,1.747405656345347e-06,8.84359713537249e-05,-0.04529201663074634,3.545019310090742e-10,0.7068319970333229,0.02101010809861255,-0.7065196723289451,6.251846668465763e-05,1.858319584734701e-06,-6.249084192841089e-05
39810.71705534973,20.30200673729437,-88.84534327560127,227.0605643766027,-11265.55670673184,1.788380833964988e-06,8.873009610268108e-05,-0.04503734595047913,3.548685186781043e-10,0.706777338243465,0.02130458032740174,-0.7064561704108689,6.272202459602162e-05,1.890646939281045e-06,-6.269352297945082e-05
39902.49023621421,20.28178968650405,-88.83756153775091,228.0976237638752,-11241.22986547919,1.804323178199518e-06,8.892162602600959e-05,-0.04483673296909996,3.548185388266642e-10,0.7067583245221358,0.02141622933797722,-0.7064337721274938,6.285588149624843e-05,1.904662352968457e-06,-6.282701727753442e-05
39994.47497610973,20.25107900422368,-88.8153536196405,231.6902821254226,-11204.17352677246,1.844856085319751e-06,8.921430593560736e-05,-0.04458614848951928,3.551732957366233e-10,0.7066313266660255,0.02170245544813903,-0.7062979790805781,6.305192189439579e-05,1.936485794210201e-06,-6.30221776626753e-05
40086.67176273028,20.23057374966589,-88.88460754116839,217.6966257839858,-11181.28607606411,1.740618449225233e-06,8.940126086002981e-05,-0.04439273381594851,3.550817670731707e-10,0.7066747844063197,0.0208663630706645,-0.706366651115355,6.318638961571853e-05,1.865738209342931e-06,-6.315883828573465e-05
40179.081084894,20.197373207699,-88.87283695852838,219.2162032326163,-11141.72698786187,1.765222836184464e-06,8.971796164463559e-05,-0.04413393429660284,3.555229322048724e-10,0.7067578846696426,0.02103033543152134,-0.7064449253369618,6.341792194378532e-05,1.887067975861705e-06,-6.338983986509607e-05
40271.70343254591,20.16103557576225,-88.90599847251605,211.9602870171695,-11099.57679682673,1.719821263932693e-06,9.006068289712324e-05,-0.04386585028373609,3.5605223090659e-10,0.7066260639290479,0.02063403546527281,-0.7063247346683229,6.364757480431245e-05,1.858559120347782e-06,-6.362043332504676e-05
40364.53929676049,20.14132214450995,-88.91175040169733,210.4074822718546,-11076.51315361915,1.714345537896416e-06,9.024855340374004e-05,-0.04367402307406911,3.559730044363282e-10,0.7066932343064826,0.02058154573182977,-0.7063934649965596,6.378627223088335e-05,1.857694421358387e-06,-6.375921499320089e-05
40457.58916974426,20.10727841768968,-88.91419752776974,209.1790292324535,-11036.66740578528,1.716667771130225e-06,9.057452511236512e-05,-0.04341682757027797,3.564365049477685e-10,0.7067038711097701,0.02056818658810786,-0.7064044954146393,6.401756045244725e-05,1.863192182934692e-06,-6.399044117032003e-05
40550.85354483839,20.07452374529647,-88.91320868609589,208.643726203962,-10998.40517769563,1.724207925307271e-06,9.088956432164802e-05,-0.04316679914572514,3.568538747561752e-10,0.7066472710624121,0.02059526839792079,-0.7063470822616681,6.423508909162582e-05,1.87213473338319e-06,-6.420780156763792e-05
40644.33291652127,20.04936694761783,-88.92084723156664,206.6283946473248,-10969.28563386806,1.716640033037211e-06,9.113130305763451e-05,-0.04295349205023782,3.569782746966152e-10,0.7066863572806978,0.02051881123363937,-0.7063884101202542,6.44093196918635e-05,1.8701403512726e-06,-6.43821639760207e-05
40738.02778041126,20.01224974937385,-88.93972925024934,202.2230210159854,-10926.64588008017,1.693199485344014e-06,9.148805654142393e-05,-0.04268811717158428,3.575471028078681e-10,0.706612685497694,0.02030051691145322,-0.706321015062833,6.465430978725108e-05,1.857475723507527e-06,-6.462762225242711e-05
40831.93863326922,19.97574057023547,-88.98125097121418,193.5677647758681,-10885.35731396131,1.633090859666208e-06,9.183748933720777e-05,-0.04242900243847054,3.580778376326972e-10,0.7066887882372452,0.01980743329116129,-0.706411147283678,6.490737354461074e-05,1.819256924672978e-06,-6.488187300549872e-05
40926.0659730011,19.93935385267415,-88.96859662828138,195.2147167184575,-10843.25636674324,1.659787014028645e-06,9.219333670043024e-05,-0.04216769457192231,3.58641387245747e-10,0.7067467844267487,0.0199817834406527,-0.7064642564405365,6.516446256551337e-05,1.842388543821618e-06,-6.513841252215001e-05
41020.41029866068,19.91282910119095,-88.88597042727558,210.2325690523411,-10811.13217923887,1.798015569768324e-06,9.246228627998768e-05,-0.04194607304554192,3.588797506438414e-10,0.7065890657303863,0.02101259575700016,-0.7062765595921282,6.534172642018449e-05,1.943136895152196e-06,-6.531282745814127e-05
41114.97211045221,19.87561364720859,-88.91344849534286,204.2510598630279,-10769.2278973265,1.760511998044729e-06,9.282377744152503e-05,-0.0416873894146927,3.594475800332178e-10,0.7064916520550353,0.02068778994761829,-0.7061886927518284,6.558752315013303e-05,1.920561832779881e-06,-6.555939776428475e-05
41209.75190973302,19.84037610766979,-88.85737483985135,213.9720767421499,-10727.99030087888,1.858436063051797e-06,9.317703675535624e-05,-0.04143224859899051,3.59999385492939e-10,0.7062478110810604,0.02138832395680898,-0.7059238700136918,6.581564321531866e-05,1.993190317093137e-06,-6.578545495932948e-05
41304.75019901615,19.80326015849846,-88.82681760588288,218.8221979944534,-10685.32586524619,1.915727518389073e-06,9.354705779678502e-05,-0.04117256300564972,3.606055117236652e-10,0.7064734009146533,0.02178860039569326,-0.7061373259449703,6.609881026400658e-05,2.038577194284451e-06,-6.606736653855733e-05
41399.96748197304,19.76334901578351,-88.74324806119907,233.3885557012662,-10638.56295229935,2.061126542763113e-06,9.395244086392678e-05,-0.0408980968883615,3.61357575614757e-10,0.7061863593075921,0.02282612407842109,-0.7058173574882302,6.636031107035244e-05,2.144970197186589e-06,-6.632563598041953e-05
41495.40426343628,19.72950510346849,-88.68622467718021,243.0825556496068,-10599.34927428488,2.16255433029825e-06,9.429581900763368e-05,-0.04065363045628596,3.61860291074654e-10,0.7061408166589666,0.02354396642862493,-0.7057482090636858,6.660002049338354e-05,2.220560842327346e-06,-6.656299151378812e-05
41591.06104940221,19.68830725796746,-88.56195014195177,264.8621482262355,-10550.60535919593,2.377888734255949e-06,9.47215968428341e-05,-0.04037360320125831,3.626959890731206e-10,0.7059991837401492,0.02508659195612769,-0.7055533362870476,6.689079179529161e-05,2.376861104145984e-06,-6.684854941053433e-05
41686.93834703355,19.64493757791659,-88.41007364755541,291.4164871761214,-10499.00759589021,2.641697926781972e-06,9.517377300128258e-05,-0.04008375339380592,3.636401947770382e-10,0.7056531487465888,0.02696050381532359,-0.7051379280467045,6.718185860554572e-05,2.5667805188322e-06,-6.713280690887043e-05
41783.03666466218,19.6141794908487,-88.21919100155331,325.2306666358723,-10460.60737982528,2.969327343366849e-06,9.550442411359706e-05,-0.03984529381156249,3.641356750911707e-10,0.7055831327463996,0.02932363822523862,-0.7049735324517217,6.741516271291911e-05,2.80173625267167e-06,-6.735691826070892e-05
41879.35651179183,19.59769416691626,-87.83135448886975,395.0865253853015,-10433.23092871835,3.624367680411171e-06,9.571033824409897e-05,-0.03964961291268239,3.642514686415715e-10,0.7049321878555738,0.0340804842705452,-0.7041078824063334,6.751392379116935e-05,3.264012138255691e-06,-6.743497705524294e-05
41975.89839910075,19.59328779729821,-87.55275127290233,445.3989354293105,-10421.48193150737,4.093527041144168e-06,9.578069164961323e-05,-0.03951387408012699,3.638234198019235e-10,0.7046965005244846,0.03750833943568062,-0.7036975787397828,6.755418220560292e-05,3.595654575525357e-06,-6.745842276277516e-05
42072.66283844442,19.63307301767934,-87.191521878595,512.9395517282803,-10456.10067050895,4.680398000059676e-06,9.540834295538407e-05,-0.03955395249328865,3.617848493207872e-10,0.7043394407953008,0.04193995360699625,-0.7030896729089967,6.727691631627515e-05,4.006009866408113e-06,-6.715754130384265e-05
42169.65034285822,19.69726603071594,-87.04520113148241,543.186571719232,-10523.45826171909,4.891888082481223e-06,9.477329289281747e-05,-0.0397171991504902,3.58642413727352e-10,0.7041268010678827,0.04373925821641902,-0.7027669807786697,6.681750846074332e-05,4.150599368622046e-06,-6.668846948148308e-05
42266.86142656028,19.74728191663989,-87.19527847807707,518.4840372842384,-10583.30194953439,4.617978610218284e-06,9.426223087681737e-05,-0.03985119222606937,3.557942659189711e-10,0.7044252185576878,0.04193323985709376,-0.7031760035262393,6.647658559614531e-05,3.957238519074259e-06,-6.635869721313695e-05
42364.29660495411,19.76743432319608,-87.53594425169223,456.7753381816747,-10614.6796522866,4.046554426850854e-06,9.403502191591664e-05,-0.03987741733922275,3.539266291381517e-10,0.7047800652989458,0.03778785390595507,-0.703766309608501,6.633159095522352e-05,3.556469020306875e-06,-6.623617959060356e-05
42461.9563946313,19.75841649867412,-87.85778948460253,396.9716280432284,-10612.49551927931,3.519793482593745e-06,9.40968823060246e-05,-0.03977751530655913,3.531852937663542e-10,0.7052705751773931,0.03387486007392034,-0.70445658352096,6.640640074098792e-05,3.189566688710696e-06,-6.632975745252615e-05
42559.84131337431,19.73392631944533,-88.20626532134358,331.7472910999808,-10593.26645820686,2.953397276487278e-06,9.430709804151279e-05,-0.03961412139437148,3.530126230321048e-10,0.705649787922691,0.02962295455349424,-0.7050277326168527,6.657660785518279e-05,2.794864906890549e-06,-6.651791821498189e-05
42657.95188015926,19.6949945567856,-88.3684876798514,300.5934958424945,-10553.44984632166,2.696736336103074e-06,9.4678933727593e-05,-0.0393744574149542,3.535295179582092e-10,0.7059489502505968,0.0276557704362535,-0.7054070305302441,6.686176581558953e-05,2.619330541821884e-06,-6.681043956966168e-05
42756.28861515862,19.65347686846058,-88.56326546731876,263.6410584759038,-10511.58261900294,2.384535104161345e-06,9.507334669419736e-05,-0.03912805315239739,3.541212785095754e-10,0.7057813531345597,0.02526899079669012,-0.7053288570139229,6.711822975190809e-05,2.40302456611906e-06,-6.707519838185012e-05
42854.85203974396,19.61396261477491,-88.65955293430062,244.9903385950872,-10469.9034517244,2.233705314550497e-06,9.545959696639383e-05,-0.03888327245865789,3.547132853918444e-10,0.7058256458759881,0.02410259340831,-0.705413997144407,6.739237395284857e-05,2.301320443224135e-06,-6.735306964955777e-05
42953.64267648873,19.57089990837034,-88.79542213371236,219.2128332957127,-10425.32819847959,2.016018580074687e-06,9.587785092471803e-05,-0.03862867996179425,3.554106159271326e-10,0.7059099301247956,0.02244991025462003,-0.705552854843883,6.769215087242537e-05,2.152799737155543e-06,-6.765790968561548e-05
43052.66104917105,19.52958833631279,-88.85067330321512,208.2690942321294,-10381.1558087006,1.931784354196355e-06,9.628963165975435e-05,-0.0383765421625118,3.561020077666466e-10,0.7060902929935038,0.02179263101649296,-0.7057539111425675,6.799888280998327e-05,2.098704057138687e-06,-6.796648810028651e-05
43151.90768277652,19.48910928754595,-88.89292248613583,199.7737681471453,-10337.82109404639,1.868608351013149e-06,9.669607279663768e-05,-0.03812844938426334,3.567722930024433e-10,0.7060854075826937,0.02128964861510471,-0.7057643754561886,6.828442544157747e-05,2.058888921826703e-06,-6.825337892217448e-05
43251.38310350088,19.4554158658562,-88.94014081659014,190.5911685967172,-10302.14596675747,1.795141805388929e-06,9.703394468018293e-05,-0.03790948028505862,3.571843587661667e-10,0.7060474113433087,0.02072452051796368,-0.7057431836822003,6.851824849701323e-05,2.011207496858621e-06,-6.848872477644066e-05
43351.08783875289,19.41459298552778,-89.00441590292748,178.2849389714199,-10259.25030714701,1.693371594298765e-06,9.744358188163367e-05,-0.03766480797143622,3.57852870879244e-10,0.7061998927466278,0.01995477098966834,-0.7059179099796934,6.882096050518259e-05,1.944642756640359e-06,-6.879348057341588e-05
43451.02241715714,19.37338677529459,-89.02777058756492,173.3560418730549,-10215.30114238173,1.660777990065617e-06,9.786418238357741e-05,-0.03741720174898269,3.585658771813345e-10,0.706224238339183,0.01968541498432451,-0.7059498277177028,6.911989579735161e-05,1.926659775433315e-06,-6.909303855777709e-05
43551.18736855686,19.33981620253654,-89.03275076063862,171.8610156735794,-10179.35710328186,1.658108317091099e-06,9.82100368104992e-05,-0.03719978945177011,3.590044083462159e-10,0.7061637229222167,0.01964012240269752,-0.7058905504137113,6.935810239061874e-05,1.929016708665768e-06,-6.933127188913557e-05
43651.58322401661,19.31075224186595,-89.04194262387954,169.7105592855229,-10148.4449275392,1.647359677623471e-06,9.850971580432859e-05,-0.03700152561763403,3.592697339450684e-10,0.7062230051268035,0.01954630959489347,-0.7059524592715529,6.957537593648048e-05,1.92565496785448e-06,-6.954872241563726e-05
43752.21051582521,19.26906641988758,-89.06968716075141,164.082939293057,-10104.59419130792,1.606612609370381e-06,9.893879589352862e-05,-0.03675691112572752,3.59998967395479e-10,0.7061162364429664,0.0192193896027313,-0.7058546269818436,6.986728498313956e-05,1.901679215507568e-06,-6.984139980753926e-05
43853.06977749856,19.23232032938174,-89.07207313471912,163.0314801436418,-10065.66291940296,1.608691585227992e-06,9.932159865026209e-05,-0.03653108020140885,3.605601693651871e-10,0.7062179363511892,0.01921063467929626,-0.7059566028725498,7.014764236136533e-05,1.908165541618287e-06,-7.012168447152276e-05
43954.16154378246,19.20432694074198,-89.05943600326063,164.7621235273448,-10035.81503253852,1.635441612186899e-06,9.961627809258191e-05,-0.03633898393883468,3.608007929092493e-10,0.7061076353469489,0.01938122840802171,-0.7058415974428369,7.034500972761167e-05,1.930828435562026e-06,-7.031850606440814e-05
44055.48635065534,19.16099053416967,-89.06484574554943,163.0716040210622,-9990.314376571867,1.633444321974837e-06,0.000100070287473515,-0.03609103082912141,3.616104535959837e-10,0.7060832058694086,0.01933187023078086,-0.7058185123700015,7.066303897065637e-05,1.934685159111393e-06,-7.063654910811834e-05
44157.04473533126,19.13116059425079,-89.08435288061422,159.1758494838872,-9959.434985751552,1.604341632048894e-06,0.0001003816611070948,-0.03589672537837305,3.618973731080184e-10,0.7061294496959867,0.01911081075641354,-0.7058707931627357,7.088714301397672e-05,1.918502019404773e-06,-7.086117692139702e-05
44258.83723626265,19.09706291525702,-89.04903660621854,164.7133375541663,-9923.108007670313,1.672298066417655e-06,0.000100747119695899,-0.0356835332529143,3.623868360108047e-10,0.7061135234828725,0.01956349224209919,-0.7058424596301149,7.114431075705181e-05,1.971115302678149e-06,-7.111699977895234e-05
44360.86439314325,19.06361834163155,-89.03686419878298,166.2329333709189,-9888.063920018711,1.699698193244312e-06,0.0001011034578932617,-0.03547573456938431,3.628347434114888e-10,0.7061143917109807,0.0197315503743836,-0.7058386501893981,7.139626592938171e-05,1.99508611390136e-06,-7.136838529809337e-05
44463.12674691089,19.02960018239108,-89.03341642145642,166.2320786669555,-9852.736148835696,1.711896580268223e-06,0.0001014657667445135,-0.03526768753788444,3.632982274113346e-10,0.7059604341346929,0.01978782957255334,-0.7056830565944259,7.163654713374153e-05,2.007947920744529e-06,-7.160840055742307e-05
44565.62483975033,18.99505677916224,-88.9912247606326,172.8465740755399,-9816.216223173415,1.793237908643357e-06,0.000101840670808676,-0.03505615235946184,3.638111587655375e-10,0.7059219000629964,0.02032452612901248,-0.7056292529552486,7.189820317391721e-05,2.070054646139923e-06,-7.186839704209265e-05
44668.3592150963,18.97053061782376,-88.94605871252651,180.1057789020147,-9790.049209469376,1.878498874787505e-06,0.0001021099741286358,-0.03488229145147019,3.639445806491294e-10,0.7058763432983491,0.02089761448868558,-0.7055669363972005,7.208467776684174e-05,2.134081728073838e-06,-7.205308087741502e-05
44771.33041763626,18.93643997855983,-88.98643521919514,172.6005680101848,-9755.915633601337,1.812884911689427e-06,0.0001024698380530661,-0.03468072498608428,3.643779562749321e-10,0.705904439601585,0.02041944663131228,-0.7056090447609772,7.234066265213899e-05,2.092572616674333e-06,-7.231039076643495e-05
44874.53899331323,18.91903419326243,-88.94768580558755,178.8589775707668,-9737.31257465423,1.885758245749881e-06,0.000102663102118165,-0.03453498271966689,3.642344503649545e-10,0.7057550328567199,0.02091050410893263,-0.7054451907983356,7.246262381724416e-05,2.146963071508326e-06,-7.243081112378226e-05
44977.9854893288,18.88554807867794,-88.93098537255828,181.0547154925002,-9702.830085688844,1.922479843383125e-06,0.0001030268403270659,-0.03433353791455417,3.646881950908148e-10,0.7056988848762709,0.02113276340158857,-0.7053823944688616,7.271394663614143e-05,2.177482015614538e-06,-7.268133603254207e-05
45081.67045414601,18.86592190101363,-88.94645671829488,178.072557231658,-9683.186475142953,1.898512918120973e-06,0.000103236876571147,-0.03418522376998244,3.64587551697168e-10,0.7056532214117861,0.02095929585340592,-0.7053418864679458,7.285708476768369e-05,2.16399946649071e-06,-7.282494014521724e-05
45185.59443749224,18.83629489865209,-88.98211296913183,171.5238793765317,-9653.881178428677,1.839855080787597e-06,0.0001035525922105628,-0.03400337936671854,3.648532191915689e-10,0.7056525023688249,0.02053872574883555,-0.7053535389037179,7.307897565729596e-05,2.12703708127223e-06,-7.304801432191397e-05
45289.75799036209,18.80424463096521,-88.9963203995527,168.5671882694581,-9621.796152112745,1.820235011367244e-06,0.0001038988097749953,-0.0338124222116003,3.652279284186405e-10,0.7056576908533331,0.02038241598521266,-0.7053632637010975,7.332350434474276e-05,2.117896802401208e-06,-7.329291099777582e-05
45394.16166502032,18.7778525579493,-89.0318813341346,162.1566904794559,-9595.941179285612,1.760498742019014e-06,0.0001041809765891903,-0.03364400654807627,3.653697217525094e-10,0.705619712181788,0.01996203811879624,-0.7053372918353694,7.351787103117975e-05,2.079826454109985e-06,-7.34884459141569e-05
45498.80601500485,18.73611376433146,-89.06016856294731,156.7406360943766,-9554.661729389181,1.716461690369283e-06,0.0001046327948615646,-0.03342223185596892,3.661042880263135e-10,0.7056329020991503,0.01963270375515671,-0.7053597305404748,7.383745877312405e-05,2.054367008417431e-06,-7.380887408887579e-05
45603.69159512962,18.70374288996312,-89.08534651196364,152.0328196022382,-9522.840129895158,1.676075904962598e-06,0.0001049839299848991,-0.0332343068276636,3.664828348863294e-10,0.7056932641967502,0.01934296752330022,-0.7054281201795523,7.409103666010542e-05,2.030826406590867e-06,-7.406319907670325e-05
45708.81896148752,18.67032520630211,-89.0786264230843,152.6131663314085,-9489.458780182833,1.694325327037473e-06,0.0001053528390612582,-0.03304163849443147,3.669261702105363e-10,0.7055289465240415,0.01943979529310542,-0.7052610784257742,7.433419422907753e-05,2.04816758576746e-06,-7.430597177365245e-05
45814.18867145335,18.6332741283112,-89.10623541530224,147.4752613494361,-9453.299925958288,1.649858193765004e-06,0.0001057574280475756,-0.03284003177565781,3.674825273981088e-10,0.7056618106458387,0.0191222070180537,-0.7054026737989602,7.463312144879254e-05,2.022427708594848e-06,-7.460571428083593e-05
45919.80128368686,18.59400336253779,-89.1298246870973,143.0010441168684,-9415.029602304901,1.61285621285666e-06,0.000106188658146417,-0.03263185943044738,3.68127652837843e-10,0.7054981709941304,0.01884611531608028,-0.7052464060266852,7.491956559273259e-05,2.0013415068131e-06,-7.489282970202734e-05
46025.6573581356,18.56196871397152,-89.12462296316399,143.3734442349321,-9383.447046429963,1.627955482987347e-06,0.000106545770383573,-0.03244759697965278,3.685171672699056e-10,0.7055676315908248,0.01893074786234726,-0.7053136249457103,7.517900194665071e-05,2.017091865716854e-06,-7.515193726112301e-05
46131.75745603795,18.5307569176312,-89.14605768464681,139.4130553305875,-9353.311200326918,1.593221660367733e-06,0.0001068902619283709,-0.03226900066028113,3.688542122180088e-10,0.7055571615619252,0.01868539370043313,-0.7053096938888479,7.542050789437408e-05,1.99737450042071e-06,-7.53940548461907e-05
46238.10213992604,18.49235731683939,-89.12430805514249,142.3854872371485,-9315.435981856126,1.640430755311388e-06,0.0001073236323468802,-0.03206441473488379,3.695021298390991e-10,0.7056017022330675,0.01897315707807336,-0.7053465683652917,7.573147993076642e-05,2.036368761489723e-06,-7.5704096684204e-05
46344.6919736288,18.45743034233636,-89.12120829695327,142.3683618907372,-9281.456101095169,1.652262655824252e-06,0.0001077163711364545,-0.0318739763859102,3.70001953254971e-10,0.7054193207937026,0.01902527231965307,-0.7051627167981953,7.598900366119561e-05,2.049435626921472e-06,-7.596136182976385e-05
46451.52752227495,18.42700448511306,-89.14858985532592,137.5022933666052,-9252.557344526165,1.605796355132149e-06,0.0001080543640088825,-0.03170165366287271,3.703039513524632e-10,0.7053615336684269,0.01870565460867113,-0.7051134601358398,7.622062396107164e-05,2.021313323478484e-06,-7.619381739658027e-05
46558.60935229591,18.38233958005511,-89.12450371367797,140.7280650574625,-9209.058630174881,1.659009352264773e-06,0.0001085633799255069,-0.03148004681851898,3.711973727273274e-10,0.7052699099435656,0.01901855435647205,-0.7050134328237975,7.657019311977967e-05,2.064818531745695e-06,-7.654234774836289e-05
46665.93803142887,18.34911976245915,-89.12156203044977,140.7115333330955,-9177.136647682661,1.67037203271425e-06,0.0001089408382779713,-0.03129877427782114,3.716318550836224e-10,0.7053982285839859,0.01907721749901877,-0.7051402134766677,7.685043201022814e-05,2.078389691019931e-06,-7.682232225369759e-05
46773.51412871981,18.31135396169877,-89.10457586853354,142.8637981453249,-9140.725583631218,1.709443591987895e-06,0.0001093737880268552,-0.03110289417378176,3.72254074990165e-10,0.7051292536287962,0.01929794744481313,-0.7048651314595725,7.712675822837879e-05,2.110801841251646e-06,-7.709786865021473e-05
46881.33821452653,18.27610796543428,-89.1067884005291,141.9886715992221,-9107.240171547601,1.711490784053505e-06,0.0001097760648522821,-0.03091768167099281,3.727634666151681e-10,0.7051153812551683,0.01928942857216804,-0.704851487072263,7.740883623530312e-05,2.117628202575234e-06,-7.737986545671707e-05
46989.41086052156,18.23908496612398,-89.07444259221614,146.5543516358365,-9071.523098799045,1.7804302391318e-06,0.0001102063081703473,-0.03072559787633292,3.733704308153709e-10,0.7050825913709503,0.0197055495023233,-0.7048071736107586,7.770928093183134e-05,2.17180809870048e-06,-7.767892630903639e-05
47097.73263969529,18.1979553097456,-89.07625895038652,145.6418762779572,-9032.771483362814,1.784560713238434e-06,0.0001106792190050178,-0.03052397962327905,3.741098201612211e-10,0.7052352089388028,0.01970663689688846,-0.7049598204076393,7.805957004263134e-05,2.181246176679268e-06,-7.802908842449199e-05
47206.30412635905,18.16136935327884,-89.04421089202613,150.1118643809595,-8997.778270350116,1.853632285575148e-06,0.0001111076221000092,-0.03033579762435675,3.747009937325776e-10,0.7050942030908547,0.02011614024223174,-0.7048071907508339,7.834673893032693e-05,2.235210530642944e-06,-7.831484747415721e-05
47315.12589614805,18.12143344141034,-89.03277484569111,151.2741381957274,-8960.216015891874,1.883666255563693e-06,0.000111572650507247,-0.03013967823377296,3.754063822389493e-10,0.7048679959027675,0.0202695665351309,-0.7045764943002724,7.864964805268274e-05,2.261691952869415e-06,-7.861712210658176e-05
47424.19852602448,18.09033808092853,-89.00440730427255,155.1985829313374,-8930.689066935976,1.945300402123095e-06,0.0001119396369800164,-0.02997126687211426,3.757812982730362e-10,0.7049064973157295,0.02063882442368513,-0.7046042924112362,7.891329742052585e-05,2.310487555949976e-06,-7.887946600373365e-05
47533.52259428053,18.04660231962092,-88.94544580066925,163.6236620391349,-8888.956703704886,2.070128939173889e-06,0.0001124610357822335,-0.02976260376071305,3.766772063581265e-10,0.7046150783516424,0.02137439928964403,-0.7042908090380692,7.924952163885542e-05,2.404023091564929e-06,-7.92130503955165e-05
47643.09868054156,18.00902320933435,-88.90626699492344,169.0268067525915,-8853.482736637205,2.155604249697893e-06,0.000112908747306909,-0.02957564852283775,3.773166647166191e-10,0.7045413251355532,0.02187307138177156,-0.7042017094356483,7.955768254938745e-05,2.469934420150962e-06,-7.951933272223341e-05
47752.92736576909,17.97451559588388,-88.91208970518254,167.5266741122439,-8821.883456296282,2.151814099826216e-06,0.0001133136159293845,-0.02940230969916696,3.777972701522215e-10,0.704588710935505,0.02182239012125445,-0.7042506903561774,7.984814997177862e-05,2.473042006067686e-06,-7.980984348532376e-05
47863.00923226385,17.92863676700917,-88.85110395450273,176.0537567530394,-8778.675212312091,2.283561431286534e-06,0.0001138666081448496,-0.02919100942980302,3.787835849557685e-10,0.7043658939656385,0.02258430075431265,-0.7040037371644073,8.021409031036441e-05,2.571929100802318e-06,-8.017284742991074e-05
47973.34486366891,17.89012316037289,-88.79040564718255,184.5910386741115,-8742.365675942263,2.414121375273257e-06,0.0001143345419167816,-0.02900341253246353,3.794819848223364e-10,0.7043862712507158,0.0233502740942305,-0.703999136239677,8.054778914758273e-05,2.670144253295497e-06,-8.050351958908405e-05
48083.93484497285,17.84740539943447,-88.73002383735634,192.9228144380143,-8702.409609755588,2.546192068465093e-06,0.0001148542560372682,-0.0288044543498465,3.803475390463586e-10,0.7042574705716984,0.02410731376562359,-0.7038447430215363,8.090094617658286e-05,2.76930607755073e-06,-8.085353446890988e-05
48194.77976251274,17.80618654318092,-88.62452291007043,208.0100607137489,-8663.037021853948,2.77008875728718e-06,0.0001153664461029316,-0.02860818476628023,3.811974275973583e-10,0.7040842073981309,0.02541661841372846,-0.7036253027115108,8.124515685084252e-05,2.932855371479339e-06,-8.119220326538742e-05
48305.88020397729,17.76835393884777,-88.54675241148503,218.8727115626937,-8627.430991818157,2.938659077518392e-06,0.000115834807449296,-0.02842507543044456,3.818903087969922e-10,0.7038723197378961,0.02638334288023896,-0.7033776807033835,8.155314985845911e-05,3.05686792241021e-06,-8.149583922103771e-05
48417.23675840994,17.73727383197163,-88.40273890132386,239.712346003987,-8596.557953171829,3.241183763408124e-06,0.000116235248302789,-0.0282582151197547,3.823803235571398e-10,0.7035888574476987,0.02815952059423489,-0.703025121688024,8.180756976344133e-05,3.274159221160174e-06,-8.174202317042815e-05
48528.8500162121,17.70406803462827,-88.24691638007786,262.1025546498173,-8563.586694023736,3.570698776071909e-06,0.0001166642140058117,-0.02808509067275531,3.829697161924185e-10,0.7031889752095372,0.03007396654305778,-0.7025455795837066,8.206931292091748e-05,3.509938093469042e-06,-8.199422210065468e-05
48640.72056914616,17.67863316631617,-88.04589971567853,291.2557934728825,-8536.540860930896,3.992137246208912e-06,0.0001170072612748885,-0.02793200139771172,3.832994606803038e-10,0.7029464869226003,0.03254708898761971,-0.7021926021222792,8.229156570801848e-05,3.810177533932734e-06,-8.220331096639014e-05
48752.84901033863,17.66086065677641,-87.85056800951898,319.6384687680003,-8516.362989101643,4.400878370618001e-06,0.0001172558416373606,-0.027801888390009,3.833239614856613e-10,0.7027093227392618,0.03494876461261803,-0.701839708278695,8.244861095100153e-05,4.100524930466929e-06,-8.234657942528171e-05
48865.23593428337,17.66064571469326,-87.67247021940248,345.9749228743958,-8512.027527306431,4.767181621242335e-06,0.0001172870589884221,-0.02772382514487433,3.826371315809124e-10,0.7022544948920967,0.03712593879708681,-0.7012724436797647,8.242716856192835e-05,4.357659562887548e-06,-8.231190023484165e-05
48977.88193684462,17.66974872118202,-87.53249325513666,367.010472677377,-8516.754542064435,5.05038474525331e-06,0.0001171979832197318,-0.02767542267788873,3.815452057324113e-10,0.7022346536373784,0.03885780671606392,-0.701158740676051,8.237063719839291e-05,4.557938408130715e-06,-8.224443488733421e-05
49090.78761526029,17.68663608731064,-87.5887717812566,359.3140389472769,-8533.005171586179,4.926072315243504e-06,0.0001169845761238072,-0.02766445637683107,3.799427158823393e-10,0.7023445235769791,0.03819492757085617,-0.701305195550718,8.223004201021397e-05,4.471837386490768e-06,-8.210835815792651e-05
49203.95356814509,17.68489866244029,-87.67353098588468,346.6862486908995,-8533.421656500876,4.753067409020268e-06,0.0001169931848064291,-0.02760217705348801,3.790503709277661e-10,0.7023694224847965,0.03717866937206811,-0.7013847390593475,8.223394711888244e-05,4.352906936462262e-06,-8.211865963320184e-05
49317.38039549359,17.66498408027695,-87.82662918455085,323.3134046831542,-8519.304560376831,4.448262193872728e-06,0.0001172116585489235,-0.02749313571840069,3.788052481827867e-10,0.7026141165419663,0.03533667227701497,-0.7017249577693775,8.240753292866913e-05,4.144533842544523e-06,-8.230324612442507e-05
49431.06869868354,17.64267299069981,-88.0406825981117,290.9351403085631,-8504.419649263822,4.017897481539159e-06,0.000117448467223619,-0.0273819777913122,3.785955015569164e-10,0.7028725914195351,0.03274690506632463,-0.7021093361987075,8.259323906732495e-05,3.848027354994075e-06,-8.250355037880193e-05
49545.019080479,17.61060358780149,-88.17071919439756,270.8020395009048,-8479.038112299964,3.762842068442069e-06,0.000117817729023342,-0.02723746712146923,3.788554544699402e-10,0.7029595479712275,0.03117728137873281,-0.702267828687705,8.285691592809032e-05,3.674825087047277e-06,-8.277538388732628e-05
49659.2321450336,17.57154018522394,-88.28950707187488,252.2597351198647,-8447.345103417336,3.531997121271581e-06,0.000118274914438805,-0.02707324844019851,3.794022435048422e-10,0.7031609267198664,0.02974990326432769,-0.702531303303493,8.319690636149051e-05,3.519962247748347e-06,-8.312241029889019e-05
49773.70849789361,17.52975472574333,-88.40858307999166,233.7461811515199,-8413.398945734389,3.299639301260443e-06,0.0001187663545208163,-0.02690243646350836,3.800569238657053e-10,0.7033168490018791,0.02831626015363869,-0.7027465969329509,8.355608491450376e-05,3.364053969724096e-06,-8.348833731203746e-05
49888.44874600122,17.48528426219615,-88.43455297917946,228.8881716280371,-8375.283598799058,3.260619068445549e-06,0.0001193098324463105,-0.02671896637500062,3.809084524497096e-10,0.7031527986973961,0.02801143736785449,-0.7025946325532011,8.391778251441568e-05,3.343025460904696e-06,-8.385116816660645e-05
50003.45349769783,17.43303150741384,-88.52860166602214,214.0214094688301,-8332.092929650802,3.080793296782647e-06,0.0001199387300062462,-0.02652004378289613,3.820023429172079e-10,0.7033386199172862,0.02688550847459229,-0.7028245753395476,8.437871567769374e-05,3.225423162024909e-06,-8.431704634795358e-05
50118.72336272722,17.3902528655536,-88.58555778719202,204.8543287097451,-8296.488812158066,2.974348013586597e-06,0.0001204594756362201,-0.02634598641320444,3.827593423942356e-10,0.7033257908735683,0.02620669768296933,-0.7028373760013648,8.474136960985728e-05,3.157557256428707e-06,-8.46825221372558e-05
50234.25895223871,17.34168217420498,-88.6401125227365,195.9904388203174,-8256.062699681928,2.873718656380804e-06,0.0001210548920198964,-0.02615731209213823,3.83748904902654e-10,0.7034411184946773,0.02556204899441494,-0.7029765208314214,8.517220495886071e-05,3.095036697285732e-06,-8.511595176814173e-05
50350.06087879047,17.28855604987222,-88.63702808649464,195.3582568113846,-8210.801749220207,2.896108677879003e-06,0.0001217218795170729,-0.02595408351703604,3.84976806408869e-10,0.7032249492796542,0.02561245548242275,-0.7027583734211448,8.561524651376709e-05,3.118229369132471e-06,-8.555844248941532e-05
50466.12975635282,17.24209917959175,-88.64559821206403,193.2043419133098,-8171.675122512366,2.891691743559665e-06,0.0001223055612974972,-0.02577099720878029,3.859304442466666e-10,0.7031713048438203,0.02552586829291927,-0.702707843988989,8.601889022981722e-05,3.122577453863931e-06,-8.596219510002037e-05
50582.4662003114,17.20082587211886,-88.68058200484758,187.4284393447936,-8137.648754530901,2.828832822628427e-06,0.0001228204640464975,-0.02560466346777741,3.866528281786794e-10,0.7031852296785592,0.02511782286220427,-0.702736481344715,8.638147486290628e-05,3.085551989159745e-06,-8.632634921281624e-05
50699.07082747044,17.14847657791261,-88.65594710785153,189.8888505166205,-8093.307959457556,2.897399132685875e-06,0.0001234908916373662,-0.0254065793847788,3.878770335838799e-10,0.7031115166514528,0.02543787257703601,-0.7026512075608072,8.684472780169826e-05,3.141955532641484e-06,-8.678787278405875e-05
50815.94425605605,17.10061476360845,-88.67546706979861,186.2179662512672,-8053.860021220067,2.869335357208678e-06,0.0001240977215362479,-0.02522459539251028,3.888803997392643e-10,0.7031319984166409,0.02521983694623163,-0.702679562120448,8.727329679908882e-05,3.130306002271974e-06,-8.721714005007266e-05
50933.08710571953,17.05026475513856,-88.67350627809503,185.527486572121,-8012.131910675176,2.888545923172702e-06,0.0001247438392774541,-0.02503618906196384,3.9000667564196e-10,0.7029882378905031,0.02525938252364699,-0.7025342882784574,8.770978723031906e-05,3.151539310766393e-06,-8.765314926436206e-05
51050.49999754062,17.00359899347272,-88.67031904016036,185.0799402307368,-7973.638750693534,2.90945949799288e-06,0.0001253457234092874,-0.02485860122159622,3.909881326271419e-10,0.7029848344373418,0.02531904748458871,-0.702528734845323,8.813263722818262e-05,3.17422840097026e-06,-8.80754563931003e-05
51168.18355403079,16.95252220131281,-88.65815213777378,185.7885312762204,-7931.564210015737,2.951637292268138e-06,0.0001260093965299471,-0.02467055820228206,3.921581880071061e-10,0.7029262554731961,0.02548686126445662,-0.7024640492839868,8.85922989044292e-05,3.212199876865402e-06,-8.853404541261397e-05
51286.13839913649,16.90151068033403,-88.62824413771871,188.9218472916502,-7889.418612281226,3.033494558207384e-06,0.0001266794114649381,-0.02448302815263042,3.933463561300368e-10,0.7026505078318587,0.02586418928000545,-0.7021743229919882,8.902948885984977e-05,3.277127854754659e-06,-8.896915375381348e-05
51404.3651582426,16.85118267836776,-88.59062084148812,193.0840734439001,-7847.903128996536,3.133115298040305e-06,0.0001273454869292547,-0.02429818113775248,3.945177049139855e-10,0.7025710720128404,0.02634312772859898,-0.7020770262946556,8.948887683182075e-05,3.355414144672372e-06,-8.942594854145254e-05
51522.86445817565,16.8003285327463,-88.58401238640754,192.9747400762022,-7806.838817847692,3.164351797404228e-06,0.0001280146014734698,-0.0241154485653794,3.956807468471658e-10,0.7024466595905978,0.02644030673597883,-0.7019488726037649,8.994337161326633e-05,3.385495968774231e-06,-8.987963347837782e-05
51641.63692720711,16.75291635272708,-88.53126357171405,199.1655601011658,-7767.796971913769,3.298626145234953e-06,0.0001286520529423685,-0.02393966106761817,3.96754869608659e-10,0.7021932130105709,0.02709768616943643,-0.7016701673880483,9.036069265896162e-05,3.487025574097337e-06,-9.029338530840957e-05
51760.68319505676,16.69401146825242,-88.5371630335506,197.1718564585427,-7721.065776613562,3.30527269621881e-06,0.0001294313922662496,-0.0237409112173981,3.982381661369996e-10,0.7021590639178286,0.02704509262703571,-0.701638022064623,9.090337746898853e-05,3.50132952787304e-06,-9.083592200669653e-05
51880.0038928961,16.64593549878602,-88.48070512353536,203.7457213798309,-7681.875257833699,3.450234334405428e-06,0.0001300850373087691,-0.023566081876624,3.993492572718827e-10,0.7019964077983361,0.0277510427728221,-0.7014476717380911,9.134359414878915e-05,3.610958631820451e-06,-9.127219275210818e-05
51999.59965335159,16.59290496495538,-88.46273188488723,205.0283103789027,-7639.811027573841,3.510232856889009e-06,0.0001307990864278819,-0.02338313559012138,4.006245096515022e-10,0.7019487372814784,0.02799023834366528,-0.7013904592511413,9.183948355358785e-05,3.662103651585098e-06,-9.176644123117547e-05
52119.47111050806,16.5386590866396,-88.39691983359208,212.5854825894875,-7596.047090188771,3.681444733744549e-06,0.0001315443896583083,-0.0231957158544268,4.020059520536617e-10,0.7015900231935208,0.02880224173710663,-0.7009985674133737,9.231846256290383e-05,3.789932279013258e-06,-9.224063607379759e-05
52239.61889991197,16.48503088228843,-88.33122563612825,220.0484093272103,-7553.016232603474,3.853975352285058e-06,0.0001322851570927635,-0.02301126796072767,4.033663948647957e-10,0.7013877635027744,0.02961857449325126,-0.7007621100176661,9.28145750644102e-05,3.919423104668721e-06,-9.273178239909781e-05
52360.04365857501,16.4307552223823,-88.26299239209092,227.7369732401358,-7509.679035835337,4.034517244337148e-06,0.0001330391334285776,-0.02282661464876442,4.047610892962343e-10,0.701279311594281,0.03046955867458668,-0.7006170700634724,9.333241782641337e-05,4.055156817242878e-06,-9.324428089975156e-05
52480.74602497726,16.38415611346913,-88.16276451545632,239.6705868699422,-7471.772871509479,4.288651839973701e-06,0.0001336994784873347,-0.02265915933425746,4.058788956067613e-10,0.7011204576638518,0.03170914838420923,-0.7004030454413496,9.377951140401137e-05,4.241308907768522e-06,-9.368355276100486e-05
52601.72663907063,16.31965305890822,-88.11711483018816,243.9809090781076,-7421.612328542948,4.424765055966293e-06,0.0001345961494050852,-0.02245527596278598,4.076823095310241e-10,0.7007765641071561,0.03227260897333857,-0.7000330502996877,9.436455173908434e-05,4.345736480357201e-06,-9.426443231336843e-05
52722.98614228227,16.26157109690569,-88.03262097879316,253.3644295948956,-7375.806389233148,4.651729720039278e-06,0.0001354186057013216,-0.02226535581591062,4.092706709236248e-10,0.700766005593463,0.03332571499402464,-0.699973136138491,9.494440834313508e-05,4.515188047742153e-06,-9.483698515094996e-05
52844.52517751802,16.21149072638723,-87.91388563919402,267.2013232368562,-7335.524237020486,4.959072291281576e-06,0.0001361422710979114,-0.02209282680789239,4.105716663245365e-10,0.7003993162740694,0.03477935839114499,-0.6995352732114973,9.540879416061726e-05,4.737664027759616e-06,-9.52910937220426e-05
52966.34438916578,16.1505234835683,-87.77444516285125,283.1878426041433,-7286.860236647894,5.325229112504088e-06,0.0001370263635405726,-0.02189578759223403,4.123630012995004e-10,0.700241637295493,0.03649488132049951,-0.699289978649541,9.601550643917655e-05,5.004093338349615e-06,-9.588501721662586e-05
53088.44442309884,16.09642999590968,-87.65977462265948,296.0479965476849,-7244.11725588794,5.632049400011988e-06,0.0001378128773726343,-0.02171728861413422,4.138420915249293e-10,0.6997968563056712,0.03789169958734708,-0.6987702477908476,9.65129463943717e-05,5.225858816187464e-06,-9.637136100188759e-05
53210.82592667943,16.04732982643716,-87.48674762347061,316.2005176551939,-7203.945862117422,6.081151217447364e-06,0.0001385458963657097,-0.02154718656880548,4.15192682947304e-10,0.699319699615812,0.0399959075320957,-0.6981750279488902,9.697250622911515e-05,5.546109160697192e-06,-9.681377813892714e-05
53333.48954876208,16.00174881628979,-87.35373558285063,331.270232500785,-7167.419914735151,6.434724684937633e-06,0.0001392228136663338,-0.02138863063896159,4.163487667516036e-10,0.6988865241873918,0.04161231436029093,-0.697646607520107,9.739608743013335e-05,5.79904815351454e-06,-9.722329395371975e-05
53456.43593969716,15.95902216784349,-87.2509619493247,342.5417833494712,-7133.81757712151,6.715361561508138e-06,0.0001398549510537744,-0.02123939448180819,4.173478034366518e-10,0.6986813476503887,0.04287258165260006,-0.6973647304653459,9.781781513273203e-05,6.002310324241642e-06,-9.763348415432505e-05
53579.66575133417,15.91259043684391,-87.11472356261781,357.6840915845601,-7096.88068474837,7.08374355512914e-06,0.0001405499545406028,-0.02108082657240117,4.185550901553492e-10,0.6984771148326363,0.04453920503903223,-0.6970556212809813,9.828664018995938e-05,6.267361846303462e-06,-9.808661384367409e-05
53703.17963702527,15.8735595187515,-87.08820489319632,359.5089831609869,-7068.014887053058,7.17782215913071e-06,0.0001411173468637281,-0.02094679523120895,4.192978891578052e-10,0.6984947858970876,0.04488457194564428,-0.6970511754001097,9.868818597582125e-05,6.341603506643068e-06,-9.848422267633946e-05
53826.97825162881,15.82424627276247,-87.02376643135737,365.5547878014117,-7031.002208141256,7.374721556561397e-06,0.0001418438091331432,-0.02078918030814502,4.205357267326983e-10,0.6980281162129606,0.04565962634063795,-0.6965331647138187,9.913564430120992e-05,6.484690760580563e-06,-9.892332766721739e-05
53951.06225151276,15.76218192632618,-87.03960671415548,361.3297451037647,-6986.991660354105,7.381818052631085e-06,0.0001427413653895925,-0.02061153596759857,4.222113527306858e-10,0.6980422565285059,0.04548967573563734,-0.6965584550494488,9.976350145697706e-05,6.501338979246083e-06,-9.955143803297469e-05
54075.4322945581,15.68677327913577,-87.06126285481947,355.961347787497,-6933.997191350409,7.384013924697781e-06,0.0001438378973812424,-0.02040815730103365,4.244597072843124e-10,0.6979009001364146,0.04523897837501405,-0.6964331276201634,0.0001005075219897869,6.515047642055589e-06,-0.0001002961421528727
54200.08904016238,15.60721636064094,-87.01113629715739,359.0612283651118,-6876.870458545689,7.57189301499046e-06,0.000145019632521025,-0.02019347100461694,4.270013893867616e-10,0.6974613579366491,0.04584115471424729,-0.6959532558651471,0.0001012739897365544,6.656306588477936e-06,-0.0001010550076926419
54325.0331492433,15.52447179807698,-86.9371656838688,364.7861041930872,-6817.473495075105,7.826178295286329e-06,0.0001462631456696198,-0.01997301323605905,4.297309895675928e-10,0.6972583102774635,0.04674782657640398,-0.6956894364307726,0.0001021195822071938,6.846628356680378e-06,-0.0001018898069009718
54450.26528424212,15.43693437009522,-86.80143836842053,377.4290816384,-6753.855810054852,8.248550129986107e-06,0.0001476026118022047,-0.01974112580515241,4.327811604839636e-10,0.6969272995593924,0.04839458620973921,-0.6952450106953196,0.0001030191645914519,7.153644067649929e-06,-0.0001027704901694744
54575.7861091271,15.34211149473724,-86.62835713658379,393.8401689425278,-6684.968511897535,8.782466405745376e-06,0.0001490719231023214,-0.01949483202962482,4.36235259896792e-10,0.6963285831894945,0.05047308880468964,-0.6944969136527553,0.0001039732687136645,7.536459297794657e-06,-0.000103699770434927
54701.59628939716,15.24958704438393,-86.40099278920383,416.1885593345166,-6616.957319310593,9.468011188972058e-06,0.0001505313505886835,-0.019252115788813,4.39705399062168e-10,0.6957892513367286,0.05320930880525959,-0.6937517219670103,0.0001049351700120446,8.024740041580689e-06,-0.0001046278808574548
54827.69649208536,15.15623933065167,-86.15409405271038,440.2208712376003,-6548.497469335991,1.021948652066575e-05,0.0001520197836834797,-0.01900911051807622,4.432803373102147e-10,0.6951601476044619,0.05616943880055225,-0.6928871661116897,0.0001059065799320539,8.557327661214045e-06,-0.0001055602946955111
54954.08738576245,15.06459754335457,-85.86832093345922,468.1479807105738,-6480.753564162353,1.108847507929591e-05,0.0001535020492498929,-0.01876919468166956,4.468838133236102e-10,0.6941451502701464,0.05955951178466744,-0.6915852472396561,0.0001068201768444403,9.165457079302057e-06,-0.0001064262400801841
55080.76964054035,14.97403611160578,-85.54322140572067,499.8634632418717,-6413.215257123236,1.208006783060191e-05,0.0001549864733378461,-0.01853087594717041,4.505513699546645e-10,0.6932893910820288,0.0634263181933557,-0.6903819826352114,0.0001077660629706426,9.85909302571811e-06,-0.0001073141305369556
55207.74392807573,14.87791666985362,-85.14995495778108,538.0269400910654,-6340.76755912297,1.328631965970833e-05,0.0001565822422649637,-0.01827940118954843,4.546511548844973e-10,0.6926382457349478,0.06812137742925631,-0.6892802168870994,0.0001088341243052472,1.070389991403599e-05,-0.0001083064778299078
55335.01092157365,14.78376921661305,-84.74805737905375,576.3285183556318,-6269.8049727773,1.453810769543737e-05,0.000158158232710218,-0.01803325664928369,4.587394606869394e-10,0.6914872692180827,0.07285531181683824,-0.6876385293384544,0.0001098148729130012,1.157012885754217e-05,-0.0001092036557589465
55462.57129579107,14.6840341607948,-84.27800781111137,620.6317827996078,-6193.871584417047,1.601662274555849e-05,0.0001598450276821775,-0.01777388347682344,4.63295342871062e-10,0.6901488439331056,0.07836414865709126,-0.6856854140110109,0.0001108585329896728,1.258762459066268e-05,-0.0001101415727315845
55590.42572704037,14.58527282089807,-83.71275929547909,673.8616842505759,-6116.250029590334,1.779755254968697e-05,0.0001615380186361522,-0.01751077479015879,4.680959685131842e-10,0.688781639495749,0.0849781221492597,-0.6835194698488387,0.0001119267834531397,1.38089161073135e-05,-0.0001110716826653275
55718.57489319298,14.49700248026102,-83.09104839747027,732.3221276539182,-6043.666850110167,1.975927049415322e-05,0.0001630681957548451,-0.01726317400327424,4.726281830680903e-10,0.6871319375670524,0.09219039858575175,-0.6809194005411006,0.0001128579131233276,1.514180236074447e-05,-0.0001118375356301305
55847.01947368306,14.39995518389562,-82.32306073741957,803.5594635705347,-5961.323352271906,2.2208152995096e-05,0.0001647544295878635,-0.01698880419805242,4.780545458759464e-10,0.6855320267936389,0.1010948041268615,-0.6780368724032241,0.0001139547070293908,1.680480026637473e-05,-0.0001127088015292574
55975.76014951101,14.3164360346558,-81.43537403260595,886.0271206493398,-5883.145247703145,2.503153054323545e-05,0.0001662072486565048,-0.01672744853484099,4.832930623648323e-10,0.6836692260406265,0.1113056974615868,-0.6745477391167944,0.000114900875771714,1.870659323191152e-05,-0.0001133678729745013
56104.79760324706,14.24250647653245,-80.46726283616812,975.2372804417793,-5807.402282961147,2.812345435033334e-05,0.000167471256764194,-0.01647411307661382,4.884703650265468e-10,0.6814242694411691,0.1223057650517067,-0.6703583629809863,0.0001157054181310277,2.076744301571245e-05,-0.000113826434080424
56234.13251903491,14.18463611201249,-79.35731109736761,1077.748011867355,-5735.259345557851,3.164751793272791e-05,0.0001684129508834821,-0.01623204331373913,4.934771755795906e-10,0.6790806691891818,0.1348247798003864,-0.6655620437030677,0.0001163561374125835,2.310136529700674e-05,-0.0001140398072384826
56363.76558259543,14.15636775299891,-78.12946208582343,1192.771515872481,-5674.566341969546,3.547443939269949e-05,0.0001687683324922494,-0.01602333119322721,4.976081146093494e-10,0.6764700843044534,0.1485041930003893,-0.6599683928948246,0.0001166498681606032,2.560792404087417e-05,-0.0001138043319395309
56493.69748123025,14.15885242769603,-76.70991358517801,1327.993208607005,-5622.151495237271,3.979345272655643e-05,0.0001684683462966941,-0.015838814614246,5.010921366422089e-10,0.673907191502303,0.1642051067786262,-0.6535958886547113,0.0001166445066620318,2.842175289579717e-05,-0.0001131288862172656
56623.92890382535,14.19162754269516,-75.23007222000247,1471.624103167022,-5581.734255363889,4.416448787589941e-05,0.0001675118220182704,-0.01568878414063047,5.035597109972361e-10,0.6712190643826601,0.1803286392461737,-0.646542043689625,0.0001162675577515303,3.123625592651002e-05,-0.0001119930413070339
56754.46054085471,14.27216427054749,-73.71769933108185,1625.187852040926,-5564.088940748021,4.836822355874128e-05,0.000165596301651437,-0.01560321867715632,5.039948145728701e-10,0.6686892855448596,0.196607109909863,-0.6391330103627773,0.0001153475994247838,3.391434354966336e-05,-0.0001102491995193425
56885.29308438413,14.39340315790392,-72.20004550451608,1787.120907851644,-5566.245081679573,5.229033846689264e-05,0.0001628657792720891,-0.01557336476927542,5.02640880223464e-10,0.6665386335416607,0.2127997470646243,-0.6316565662231464,0.0001140026096899431,3.639657971185052e-05,-0.0001080364938407222
57016.42722807475,14.55669014718611,-70.79676966485138,1948.769176953336,-5595.087074097473,5.551621783107491e-05,0.00015939192617724,-0.01561805620176968,4.988997450153846e-10,0.6649357885525401,0.227676570772127,-0.6247423325015146,0.0001122186258398957,3.842408898399826e-05,-0.0001054353326506076
57147.86366718671,14.75391482814739,-69.51841051981545,2109.566900587524,-5647.824687012796,5.803773284344802e-05,0.0001553811544161927,-0.01572900820736443,4.931044527426702e-10,0.6638292097474764,0.2411761415373979,-0.6184685024050068,0.0001100956663445049,3.99989148098155e-05,-0.0001025726209174635
57279.60309858293,14.97576990949439,-68.55006587299737,2251.486565077422,-5730.410825386529,5.939532132070538e-05,0.000151171051852036,-0.01592230321913905,4.848801139452178e-10,0.6632770189833492,0.2514048299118136,-0.6137849911886493,0.0001077187933831702,4.082913195200199e-05,-9.968109365357164e-05
57411.64622073274,15.21070153630263,-67.84041563299199,2376.706149846251,-5835.704121567721,5.986035893642902e-05,0.0001469796101577134,-0.01617757403782378,4.750363761369762e-10,0.6631321427458799,0.2589511954265357,-0.6104822005021197,0.0001052293473432744,4.109175763319513e-05,-9.687457353148059e-05
57543.9937337157,15.43763051332762,-67.37755073071438,2480.209170503317,-5951.745852411504,5.965667107167889e-05,0.0001431578226716614,-0.01646131439575374,4.647032969201668e-10,0.6638974890694033,0.2641992650543139,-0.609063727648773,0.0001029534857712086,4.097053494457425e-05,-9.445017468908078e-05
57676.64633922509,15.64704246217958,-67.13555694531097,2560.397874877735,-6071.819934302789,5.896459067762848e-05,0.0001398307585736164,-0.01675479101930703,4.54465843158681e-10,0.6645885266546765,0.267067275162284,-0.6085663318804505,0.0001008438043925402,4.052444328475163e-05,-9.23430689376407e-05
57809.60474057181,15.8381226820516,-67.02674202536484,2624.248785460393,-6190.374243207231,5.804907862666078e-05,0.0001369327188654293,-0.01704264654319165,4.447369632173832e-10,0.665450947623176,0.268590955851201,-0.6088381247322815,9.896131728313704e-05,3.994301142151687e-05,-9.054224515105801e-05
57942.86964268809,16.00713502981116,-67.09140115926414,2665.324881596114,-6307.066883257348,5.685050174910475e-05,0.0001345276590310525,-0.01732397578980233,4.355045484212125e-10,0.6663756317340476,0.2682963761217688,-0.6099783087363659,9.731173753401301e-05,3.917968378667895e-05,-8.90759599457928e-05
58076.44175213121,16.16154449592742,-67.14604455606393,2703.899699059898,-6415.405041179571,5.578674715095426e-05,0.0001323623724014896,-0.01758102585895639,4.271653828629247e-10,0.6674277040107559,0.2681576738042912,-0.6111883523603346,9.585798464767953e-05,3.851361581819347e-05,-8.778071893829169e-05
58210.32177708716,16.3184710095233,-67.27195136979464,2736.087756097626,-6531.844771891558,5.455680553032311e-05,0.0001302431123344533,-0.01785895269461806,4.185855928048603e-10,0.6684254597581574,0.2672334061499697,-0.6126817296854782,9.437697631522263e-05,3.7731478468784e-05,-8.650635347166e-05
58344.51042737448,16.46139752077034,-67.47374184431942,2756.087762938088,-6645.169063335501,5.325331824173269e-05,0.0001283984159207892,-0.01812700965976343,4.105008843846013e-10,0.6691968463529748,0.2654005424012236,-0.6143182980034888,9.301095588082411e-05,3.688773830085648e-05,-8.53834449815193e-05
58479.00841444806,16.60905807703799,-67.70156455605743,2774.492793344347,-6765.438653596419,5.188977402642672e-05,0.0001265301837391367,-0.01841264127246761,4.022760446061971e-10,0.6702639555316667,0.2633958852689882,-0.6163411212212943,9.165330828021432e-05,3.601730940931969e-05,-8.42797860795893e-05
58613.81645140288,16.76045359624048,-68.02451752069811,2782.937241542116,-6896.506446006772,5.031841078401688e-05,0.00012469603667113,-0.01872618364404126,3.937231809434464e-10,0.6712817587827508,0.2603332820716867,-0.6187453288068094,9.02546472390188e-05,3.500212575500692e-05,-8.31910604624704e-05
58748.93525297769,16.88791610680844,-68.54838100972368,2760.134330986796,-7024.39777555506,4.845698436574279e-05,0.0001233204954438351,-0.01902958110490416,3.856657171092179e-10,0.6727935242984586,0.2552598371856602,-0.6224897925732524,8.913487156857121e-05,3.381803180683549e-05,-8.247039501698503e-05
58884.3655355589,17.01415084750567,-69.14538017547197,2726.683328151729,-7157.482984706906,4.647938053185044e-05,0.0001220073383152783,-0.01934552213905287,3.776241905726156e-10,0.6741443045648018,0.2492807370599598,-0.6263622414449992,8.800720413696608e-05,3.254273686701513e-05,-8.176942128454765e-05
59020.10801718442,17.12456801990476,-69.88275384149512,2669.641213402319,-7288.339054854445,4.431169945031148e-05,0.0001209745669453025,-0.01965389807778828,3.699913439524077e-10,0.6755704943119999,0.2417310519557512,-0.6308419701520547,8.702734787213709e-05,3.113992178044287e-05,-8.126539576699214e-05
59156.1634175474,17.21020864227922,-70.74594847145477,2587.56879550254,-7407.976087286762,4.202398222228358e-05,0.000120310870936585,-0.01993056926758906,3.631788589836463e-10,0.6770411746095395,0.2327271743308368,-0.6357851952071936,8.627199320068553e-05,2.965526758850954e-05,-8.101494871363572e-05
59292.532458,17.26976116401897,-71.73147230258461,2480.352396712398,-7513.734924026589,3.961695173128939e-05,0.0001200116863238528,-0.02016861153785462,3.572434395028693e-10,0.6786213935926578,0.222296909480531,-0.6411794443656516,8.575575228741779e-05,2.809112545472394e-05,-8.102430327419004e-05
59429.21586155727,17.29314129011473,-72.66439236118387,2367.98676140497,-7586.12187466835,3.749388854787027e-05,0.0001201160465570409,-0.02031608153914797,3.530208172981489e-10,0.6801290399550748,0.2123206552242954,-0.6461388785356733,8.557237459989562e-05,2.671372868499897e-05,-8.129580551547001e-05
59566.21435290104,17.29293040898921,-73.69516489877778,2235.703972195717,-7643.116969133807,3.525478976635478e-05,0.000120524222015777,-0.0204216410171775,3.495824531349831e-10,0.6813773864922056,0.2010533400317107,-0.6510397048452896,8.555414716250103e-05,2.524437614394194e-05,-8.174492993333629e-05
59703.52865838369,17.27094543331656,-74.62602273558053,2110.273544990169,-7674.913393281324,3.330737290224199e-05,0.0001211365242147427,-0.02045943400317577,3.473334804657539e-10,0.6826264167562369,0.1908218380222304,-0.6554127333118249,8.575019455637624e-05,2.397066584936271e-05,-8.233166489993126e-05
59841.15950603199,17.21624407789331,-75.54168493425964,1979.540119866178,-7677.351718649878,3.149109775572697e-05,0.0001221335354867402,-0.02041886363774452,3.464245762975056e-10,0.6838747418354624,0.1806761021294266,-0.65957623413813,8.624606619260123e-05,2.27857560901479e-05,-8.318168820779512e-05
59979.10762555094,17.14797821881072,-76.27141146915658,1870.855223371736,-7657.948524003858,3.010502942536232e-05,0.000123228544236337,-0.02032041505431288,3.465035503985739e-10,0.6845115838913619,0.1724445796764972,-0.662434129119007,8.68222425292061e-05,2.187256647200296e-05,-8.402197708771257e-05
60117.37374832779,17.07143752416355,-76.98058878087996,1764.219683596749,-7629.880756704855,2.876716323712508e-05,0.0001244119580167303,-0.02019937269240885,3.469783528076231e-10,0.6854539444131278,0.1644815078174897,-0.6654268881684902,8.751872845889592e-05,2.100099144007923e-05,-8.496167482809927e-05
60255.95860743578,16.98308980846672,-77.53117136121806,1677.075382765962,-7584.322664118242,2.779627725672468e-05,0.0001257045078251626,-0.02003258216938155,3.482597873359171e-10,0.6860823524539748,0.1582477538405097,-0.6675826860795698,8.831685142723709e-05,2.037064984201564e-05,-8.593545758902233e-05
60394.862937638,16.89550186940252,-77.98860444517645,1603.187865126662,-7535.036482190068,2.701380423795668e-05,0.0001269657816675543,-0.01985662760352009,3.497315174679403e-10,0.6864698768607079,0.1530226827217786,-0.6691972432771861,8.909887587747353e-05,1.986124879450797e-05,-8.68570116855979e-05
60534.08747539136,16.81310500029754,-78.35445198180565,1542.838854374278,-7485.90722279396,2.640980954306277e-05,0.0001281413048747773,-0.0196817890171273,3.512171312871218e-10,0.6867055361517842,0.1488210968797716,-0.6703855416885205,8.983441490573589e-05,1.946868848435945e-05,-8.76994428155326e-05
60673.63295885053,16.73873737530399,-78.63996716925013,1494.728152092584,-7439.806302272369,2.595693266331324e-05,0.0001291971058053743,-0.0195155933625392,3.52580673436787e-10,0.6867778020006151,0.1455174314128416,-0.6711843461194584,9.049226114902809e-05,1.917388909016435e-05,-8.843761250181947e-05
60813.5001278718,16.66833330005226,-78.9149662336762,1449.137967664743,-7396.544227796107,2.550901003540787e-05,0.0001302005227550836,-0.01935748761666899,3.538272468468346e-10,0.6870244763344248,0.1423690313364058,-0.6721113672591202,9.114094441586312e-05,1.888673317841947e-05,-8.916256534478268e-05
60953.68972401693,16.60094194739269,-79.08799419602465,1417.293260761009,-7351.603069749172,2.5284071429204e-05,0.0001311503146743864,-0.01919562168422944,3.55171476905685e-10,0.6870354670409483,0.1403645831965666,-0.6725440630592379,9.175335365028187e-05,1.874564248841229e-05,-8.981803156254498e-05
61094.2024905572,16.53556490981729,-79.25510216472811,1386.837697854189,-7308.235905227395,2.506319713047153e-05,0.0001320758423657751,-0.01903849828923438,3.564573498966866e-10,0.6872277452244718,0.1384649342382973,-0.6731340399895815,9.237511929917355e-05,1.861204660012243e-05,-9.048068515927262e-05
61235.03917247734,16.47213204959818,-79.4008019714384,1359.641982170943,-7265.745134609315,2.488378436693101e-05,0.0001329756197333755,-0.0188842739230043,3.577173228870863e-10,0.6871027933834216,0.1367516886658403,-0.6733566843229093,9.294292193202419e-05,1.849810777388165e-05,-9.108351522667646e-05
61376.20051647942,16.42314485241657,-79.51755418885178,1338.314615181045,-7233.266617106871,2.473265838943111e-05,0.0001336740331841771,-0.01875662108645927,3.584971093715106e-10,0.6871068904918799,0.1354039766051296,-0.6736331658112876,9.339616245856552e-05,1.840501379267996e-05,-9.156472371649479e-05
61517.68727098683,16.37392365594085,-79.62489534297546,1318.285387032246,-7200.391459687604,2.460244392495464e-05,0.0001343769936822894,-0.01862842938093382,3.593056310382797e-10,0.6871948982934389,0.1341828353033452,-0.6739672061387596,9.386691268262036e-05,1.832861174639746e-05,-9.206008520535106e-05
61659.50018614822,16.32166660228189,-79.72505229260163,1298.887646431015,-7165.124302739181,2.449524421758764e-05,0.0001351244429240864,-0.01849455391636459,3.602437066616478e-10,0.687132137750207,0.1330163405835644,-0.6741344286319507,9.43503068723638e-05,1.826451109416819e-05,-9.256558778185459e-05
61801.64001384158,16.28345939574132,-79.80079851044967,1284.504114699396,-7139.544630538701,2.4409534508605e-05,0.0001356733380925322,-0.01838614346028586,3.607028874190018e-10,0.6870366937714764,0.1321307080978308,-0.6742113129917112,9.46977484922949e-05,1.82122449601202e-05,-9.292996127741858e-05
61944.10750767815,16.25279998835678,-79.85180748020649,1274.212893950389,-7118.703984173818,2.436373794046374e-05,0.0001361140192267579,-0.01829030997579224,3.609268552433745e-10,0.6872114679047655,0.1315880038072093,-0.6744955143467275,9.501427104901998e-05,1.819343658314837e-05,-9.325615565887109e-05
62086.90342300637,16.2215879998104,-79.95576746148426,1257.495298038184,-7099.555801606053,2.418958569566134e-05,0.0001365693483959766,-0.0181991585549691,3.610679619561801e-10,0.6873382791838468,0.1304121993412636,-0.6748529975441957,9.531885120940758e-05,1.808533207209398e-05,-9.358741453701597e-05
62230.02851691595,16.19314752750932,-80.0716343503595,1239.786229789573,-7082.949186748026,2.397796145818328e-05,0.0001369870696490479,-0.01811482979528507,3.610821381491605e-10,0.6873718729897415,0.1290777693458965,-0.6751437041386914,9.558097940044736e-05,1.794862446035808e-05,-9.388061835719755e-05
62373.48354824191,16.15967811966345,-80.23575401390805,1215.710367303548,-7064.493024004129,2.365885084496135e-05,0.0001374815838092226,-0.01802607328062503,3.611928386801504e-10,0.6875865364612047,0.1272073803502557,-0.6757170469265527,9.590823025643826e-05,1.774356255976373e-05,-9.425261067264783e-05
62517.26927756858,16.135501009745,-80.44016694494684,1188.069938727262,-7054.363297309179,2.321557656019112e-05,0.0001378463555668498,-0.01795882645078421,3.60879580887843e-10,0.6877072496119296,0.1248421526526112,-0.6762807834693124,9.61211238939843e-05,1.74492387990455e-05,-9.452404204209935e-05
62661.38646723355,16.10317677605108,-80.64429505209952,1159.578391981532,-7038.209352808536,2.279000210399878e-05,0.0001383268324660581,-0.01787649256054743,3.608759588241735e-10,0.688121346413105,0.1225301916803656,-0.6771243161459772,9.645692516441762e-05,1.717558333410493e-05,-9.491542419073562e-05
62805.8358813318,16.06255961694847,-80.92698400757784,1120.844958706502,-7018.834247074532,2.218601920741999e-05,0.0001389308933494242,-0.01778627972208282,3.610398542320174e-10,0.6883843799864651,0.1192580243032374,-0.6779753522427185,9.683758217380201e-05,1.677646829897143e-05,-9.537330566086856e-05
62950.61828571976,16.01450111880449,-81.18173651111007,1084.856728771064,-6993.003375397908,2.166290271345425e-05,0.0001396394083923966,-0.01768006549516864,3.615400333730125e-10,0.6886799136037814,0.1163169675183072,-0.6787859651382436,9.73050337482394e-05,1.643466903315765e-05,-9.590709695594261e-05
63095.73444801933,15.96257705009223,-81.43915403027744,1048.412642530437,-6964.491415399973,2.113594128974582e-05,0.0001404037644124071,-0.01756748288262095,3.621852204385184e-10,0.6889559200658457,0.1133363143553841,-0.6795698195491863,9.780963053197754e-05,1.609011942577794e-05,-9.647710547931128e-05
63241.18513762197,15.898460398041,-81.68127906736417,1012.815667885865,-6926.754023989005,2.06672962308194e-05,0.0001413458360400617,-0.01743210757515828,3.633208871466753e-10,0.6892777674328489,0.1105399744306792,-0.680356343933146,9.845009863529634e-05,1.578851357178545e-05,-9.717584453192637e-05
63386.9711256927,15.8386182999366,-81.91870773376611,978.5899171418224,-6892.062366047043,2.019453233691014e-05,0.0001422270696653494,-0.01730490941867075,3.643098662122854e-10,0.6891868327054238,0.1077303958720867,-0.6807148097256128,9.899163762818674e-05,1.547390025988636e-05,-9.777475508052847e-05
63533.09318517436,15.76111106378345,-82.12907816673865,946.1593703589829,-6844.115147037906,1.982019816240339e-05,0.000143370897874351,-0.01714499801806254,3.660183206154234e-10,0.6893930930401504,0.105286807169306,-0.681305749988622,9.97662224848092e-05,1.523668736286052e-05,-9.859585441130318e-05
63679.55209079159,15.68572598654603,-82.30784130097472,918.0376668657062,-6796.95862885289,1.951550954960239e-05,0.0001444887457423192,-0.01698770685809329,3.677100544593371e-10,0.6894214741282009,0.1031899275222188,-0.6816551971833419,0.000100505308485737,1.504324406395396e-05,-9.937312434378558e-05
63826.34861905489,15.61914532927224,-82.42963743418734,897.676641675176,-6754.423149700312,1.933478870054644e-05,0.0001454815000531013,-0.0168425713716639,3.691746458219637e-10,0.6894665191783701,0.1017724460312899,-0.6819138144199353,0.0001011735933682971,1.493427713232129e-05,-0.0001000652954904374
63973.48354826482,15.54339469929735,-82.54065409455229,877.957137702052,-6705.509179603942,1.919675575407503e-05,0.0001466176609310161,-0.01668214504962648,3.710123533429352e-10,0.6895443694643135,0.1004875127054503,-0.68218303793792,0.0001019491155870135,1.485707592075355e-05,-0.0001008607429283525
64120.95765851615,15.47887368847093,-82.6030493756645,865.0289764002778,-6663.130666224729,1.916087627696834e-05,0.0001475920758679046,-0.01653858926506558,3.725133158417869e-10,0.6893448953182024,0.09974094902531684,-0.6820909967070322,0.0001025823501188204,1.484258608947199e-05,-0.0001015028876144756
64268.77173170198,15.40950395467288,-82.68319206816028,849.7997982759397,-6618.320067521412,1.908619366235647e-05,0.0001486450559113415,-0.01638958276824726,3.741729306298005e-10,0.6894530782792132,0.09882759440742252,-0.6823332424353403,0.000103311705578013,1.48089081883366e-05,-0.0001022448274863206
64416.92655151775,15.34661580462586,-82.74086820488264,837.8311610286808,-6577.516996272901,1.905647663111936e-05,0.0001496056780418247,-0.01625107559874918,3.75628168450916e-10,0.6892416146848528,0.09813595157712195,-0.6822194210233508,0.0001039340245234015,1.479838735870237e-05,-0.0001028751145088686
64565.42290346557,15.28214001679872,-82.80234691262638,825.4235282546551,-6536.053095815353,1.901839946319049e-05,0.0001505957419843371,-0.01611148989243689,3.771417049849521e-10,0.6891431390544367,0.09741538272665598,-0.6822232107705086,0.0001045925952874767,1.47849222068493e-05,-0.0001035423443056381
64714.26157485831,15.21751191219106,-82.92195328815565,806.6641283855683,-6496.580182256078,1.882255026564803e-05,0.0001515899898512403,-0.0159773568304239,3.785605279820139e-10,0.6892354199124052,0.09602936626133632,-0.6825128752465229,0.0001052696374053936,1.466694292624333e-05,-0.0001042428767094489
64863.44335482384,15.14513292063082,-82.96878386344409,795.5312003271996,-6450.027950680038,1.883550235197495e-05,0.0001527149615066886,-0.01582638506895228,3.804157900247032e-10,0.688849661630665,0.09544359565769543,-0.6822055235606144,0.000105980718340701,1.468416316686144e-05,-0.0001049585061445712
65012.96903430906,15.0820675008416,-83.06303467699145,780.0614090664617,-6411.395349147596,1.870001243043529e-05,0.000153697095295327,-0.01569541088632229,3.818278251652527e-10,0.6889400636799043,0.09435924032030829,-0.6824476134542818,0.0001066547348460674,1.460774352834662e-05,-0.0001056496393467341
65162.83940608428,15.00622070599863,-83.13927751503471,765.7228087133752,-6364.169311021783,1.863572089787406e-05,0.000154887488889484,-0.0155439666803145,3.837765254646629e-10,0.6889781043321717,0.09348187098347603,-0.6826067448000946,0.0001074693466577707,1.458164713184639e-05,-0.0001064755184912025
65313.05526474724,14.93384053988695,-83.18884647594435,754.7157740062552,-6318.77420291088,1.863656641942273e-05,0.0001560325876015247,-0.01539759768699146,3.856446361391763e-10,0.6889427250937793,0.09291225450857916,-0.6826488053324167,0.0001082470249214339,1.459841981483693e-05,-0.0001072581211062888
65463.61740672747,14.85757049595288,-83.22170594194262,745.3337384115342,-6270.761383960508,1.869036274980346e-05,0.0001572487584333238,-0.01524545557888046,3.87703620312915e-10,0.6887260463458121,0.09251743051255416,-0.6824837668153643,0.0001090489093195735,1.464867626826729e-05,-0.0001080605427867918
65614.52663029054,14.7798121937641,-83.23726927193867,737.788934718313,-6221.703298564639,1.879529104673047e-05,0.0001584988860636307,-0.01509139645245244,3.898619359679423e-10,0.6885383078606582,0.09233272067429951,-0.682319331460351,0.0001098822743343568,1.473517047249627e-05,-0.0001088898019285429
65765.78373554205,14.70978745819918,-83.21440956884787,734.9628620305814,-6176.796014953025,1.899473426622478e-05,0.0001596360918108907,-0.0149480103849019,3.917931804405521e-10,0.6880753581181068,0.09256856545103691,-0.6818201809419387,0.0001106014243055135,1.487949693883015e-05,-0.000109595965387671
65917.38952443213,14.64458439119362,-83.18968247593004,732.6978709418449,-6135.191921614792,1.919191381074343e-05,0.0001607020836851129,-0.0148131794688341,3.935428067863616e-10,0.6878767098174949,0.09286193704611349,-0.6815798035134153,0.0001113134929143834,1.502709195393604e-05,-0.0001102945157848224
66069.34480075957,14.58745800930791,-83.17080772134784,730.4215904944234,-6099.067185739098,1.93580767843499e-05,0.0001616411842570633,-0.01469208895270886,3.949632739318172e-10,0.6877439871269723,0.0930944926233932,-0.6814141231824433,0.0001119467161771023,1.515334621375365e-05,-0.0001109163800408344
66221.65037017618,14.52312847228773,-83.17979122419273,724.7263800409813,-6059.558744153953,1.945914748878703e-05,0.0001627011939496299,-0.01456334479278024,3.966241291613254e-10,0.6875471195632195,0.09298707712004078,-0.6812300970364944,0.0001126463993904899,1.52348241005979e-05,-0.0001116114305537995
66374.30704019091,14.46411482383994,-83.17530734288391,720.8546797735455,-6023.189228539078,1.958927282545338e-05,0.0001636805591860071,-0.01444264176376849,3.981013260294958e-10,0.687311720942841,0.09303462841831345,-0.6809860201652278,0.000113286653296799,1.533450015920579e-05,-0.0001122440150745529
66527.31562017412,14.39776875929167,-83.19549101370519,713.9465933911403,-5983.330994898415,1.966255005385357e-05,0.0001647847980017038,-0.01431407077101811,3.998315892536694e-10,0.6870122051758238,0.09278043675911284,-0.680718415069944,0.0001139963465051351,1.539511341721036e-05,-0.0001129520141449017
66680.67692136219,14.33304699633477,-83.30379540547938,698.2486594701255,-5947.307450875829,1.947259541463126e-05,0.0001658571201342663,-0.01419516751472731,4.013282592528645e-10,0.6870916773830875,0.09153032904259642,-0.6809678200873069,0.0001147256946094045,1.528308510042462e-05,-0.0001137031763559116
66834.39175686146,14.26709499171009,-83.35165434619267,688.7543872061772,-5909.056252400783,1.946110582295888e-05,0.0001669633924340643,-0.01407143069393019,4.029971801351922e-10,0.6869092323541465,0.09096360430808784,-0.6808596890583584,0.0001154488957862632,1.528826106779276e-05,-0.0001144321485063986
66988.46094165267,14.18881377329737,-83.50472773035591,667.9441349020499,-5866.774383873902,1.915790836086336e-05,0.0001682702491827388,-0.01393861166644388,4.049680348327353e-10,0.6869925236480948,0.08918142576424923,-0.681179418983746,0.0001163307601528308,1.510139149051733e-05,-0.0001153464075417418
67142.88529259522,14.10482423078327,-83.61471374826336,651.3339419039812,-5820.265404375061,1.898947984461549e-05,0.0001696883971125618,-0.01379630924671029,4.07265238090661e-10,0.6869428184459461,0.0878937082832881,-0.6812966548124776,0.0001172771931151936,1.500551009947094e-05,-0.0001163132610308605
67297.66562843176,14.01565635127376,-83.73963111699787,633.1482354351531,-5771.583515878658,1.878106432797731e-05,0.0001712023744510814,-0.01364944886931875,4.09755835527235e-10,0.6869167946679576,0.08643132627313042,-0.6814574885020845,0.0001182904124177155,1.488389468712992e-05,-0.0001173502933481448
67452.80276979219,13.91533414418147,-83.84369901333231,616.5858596459977,-5716.372479149449,1.865215038845004e-05,0.0001729242367295093,-0.01348778552191672,4.127619085963017e-10,0.6868915887670007,0.08521684961903582,-0.681585022766684,0.0001194520473229182,1.481940865177195e-05,-0.0001185292231344173
67608.29753919819,13.81651553210225,-83.95439377531272,599.7428312560193,-5662.808718252793,1.849511493252272e-05,0.0001746320133008274,-0.01333067141309503,4.157078634615947e-10,0.6866784401748177,0.08390044280954817,-0.6815335618275027,0.0001205693263666729,1.473152392674139e-05,-0.000119665971200292
67764.15076106749,13.70614337204701,-84.0235684098166,586.4853034732504,-5602.20150510699,1.848442130007919e-05,0.000176566151300087,-0.01315766598888589,4.192387387525394e-10,0.6864171417844591,0.08307259154270519,-0.6813717319275324,0.0001218427330916837,1.474583162690104e-05,-0.0001209471457161448
67920.36326171843,13.59179637881233,-84.08207607299499,574.2389787981542,-5539.84582642688,1.851210840431125e-05,0.0001785915451030948,-0.01298128874613643,4.229825520059684e-10,0.6861601446592877,0.08237263247883871,-0.68119783729645,0.0001231810653856563,1.478772660630534e-05,-0.0001222902204240491
68076.93586937414,13.47097935209432,-84.11118174503295,564.598614320073,-5473.955647894342,1.864410138457298e-05,0.0001807602453946894,-0.01279739001913737,4.270894635664974e-10,0.6857972598452543,0.08200995832769313,-0.6808760888343409,0.0001246043308786779,1.490060777600113e-05,-0.0001237101902093309
68233.86941416697,13.34672565658608,-84.1121661112324,557.5317338903017,-5406.350200015432,1.887413162387822e-05,0.0001830212687049465,-0.01261026768386176,4.314355796358186e-10,0.6855853510173633,0.0819997355569976,-0.6806638795309941,0.0001261236405954193,1.508507315823361e-05,-0.0001252182625851886
68391.16472814293,13.21652149848371,-84.09464964974102,551.9277541633749,-5336.021139790608,1.917897798660634e-05,0.00018542178972543,-0.01241760020049866,4.361165724318312e-10,0.6847354001296883,0.08213274699313242,-0.6797917181476444,0.0001276234191660221,1.530819349310126e-05,-0.0001267019981357988
68548.82264526613,13.08544411269296,-84.0450618716707,549.2296178527122,-5265.402878401147,1.959706178424175e-05,0.0001878748380875252,-0.01222508079831636,4.409491655959854e-10,0.6842390054532382,0.08268796624719436,-0.6792243494027135,0.000129229605852499,1.561696015822931e-05,-0.0001282825069298559
68706.84400142322,12.95164231579943,-83.97202125546266,548.4523148763886,-5193.776757112286,2.010741910199674e-05,0.0001904148148248836,-0.01203104663333236,4.460020481731251e-10,0.6834681085889259,0.08348654388504202,-0.6783499483660737,0.000130846578731869,1.598308465344361e-05,-0.0001298667323481886
68865.22963442763,12.80628986877422,-83.8555614187253,550.7754230617179,-5116.177675924529,2.08007541717746e-05,0.0001932191410147619,-0.01182403618171804,4.517254022427864e-10,0.6829047277572665,0.0848221745369772,-0.6776164592895046,0.0001326928354022415,1.648150084018151e-05,-0.0001316652904038929
69023.98038402418,12.6639284184767,-83.68954696357316,557.3494912219172,-5039.978188667276,2.167661356910285e-05,0.0001960164336975201,-0.01162114148356752,4.575003963757797e-10,0.6819792911462929,0.08669455626748597,-0.6764464557272687,0.0001344738662337417,1.709458382982877e-05,-0.0001333828920946582
69183.09709189364,12.51239098972313,-83.5020970105778,564.9183839771871,-4959.838955788805,2.267006372239346e-05,0.0001990373625105503,-0.01141005418859785,4.638232944788099e-10,0.6806259605927278,0.08875768583027266,-0.6748138791095127,0.0001363253170770952,1.777763465458153e-05,-0.0001351611918498012
69342.58060165691,12.36258780113078,-83.22911718596026,579.3327419035595,-4879.520356945556,2.39935579198908e-05,0.0002020894830162198,-0.01119946471543429,4.70373663626976e-10,0.679658885112073,0.0918680258197308,-0.6734214623426932,0.0001382956359753534,1.86931228809653e-05,-0.0001370264576159823
69502.4317588797,12.21241524280457,-82.9435351928482,594.1536606343296,-4799.882744482991,2.539998205063042e-05,0.0002051942849680298,-0.01099134297482132,4.770781246817193e-10,0.6784200837839821,0.09507682609216532,-0.6717248002133801,0.0001402490397512491,1.965512796680198e-05,-0.000138864931122858
69662.65141107688,12.06022311042726,-82.5596400081823,616.115096800646,-4717.801559966265,2.721687103779408e-05,0.0002084087815836344,-0.01077853661303356,4.842620787891974e-10,0.6766830442277066,0.09934733588661464,-0.6693504681387088,0.000142202439145998,2.087747521715557e-05,-0.0001406615253991947
69823.24040771712,11.90937513903806,-82.12702939027793,641.0879078585915,-4636.13562541392,2.926707625299357e-05,0.0002116498115234117,-0.01056759751223906,4.916590066008503e-10,0.6747679671654019,0.1041297886744367,-0.6666849305505158,0.0001441513143618583,2.224534452146449e-05,-0.000142424527660697
69984.19960022735,11.76592316653583,-81.6286219917759,670.5979581723587,-4557.031610423611,3.16077683243264e-05,0.0002147897971259266,-0.01036339789220911,4.99043140563266e-10,0.673044328966249,0.1096712017459842,-0.6640488658684841,0.0001460973831182308,2.380627083379425e-05,-0.0001441447426130525
70145.52984199714,11.6219735865599,-81.09874980811068,701.2916747943248,-4477.715755395559,3.413982398985141e-05,0.0002179812384206932,-0.01015960101572986,5.067148247579787e-10,0.6709913671368827,0.1154810800816175,-0.6609792242691187,0.000148023573624676,2.547562159056994e-05,-0.0001458148519636939
70307.23198838334,11.48735414256359,-80.54014437626473,733.5568480463138,-4402.50983665718,3.682477599983024e-05,0.0002210073275216895,-0.009965990449324679,5.14185465953166e-10,0.6689318390850476,0.1215721892900864,-0.6577917665438808,0.0001498536690280506,2.723452159462226e-05,-0.0001473580773309715
70469.30689671467,11.34849670007229,-79.96294958594964,765.6160039989696,-4325.66533182283,3.96742626056959e-05,0.0002241562107149012,-0.00976951597849394,5.221162567687146e-10,0.666595834617757,0.1277714181899866,-0.6542357919156239,0.0001517202528286405,2.908135764630882e-05,-0.0001489070507257265
70631.75542629619,11.20020988185321,-79.37896543572991,796.1235257272079,-4245.427901684262,4.267049574757226e-05,0.0002275457355188315,-0.009566247249770992,5.307605822007593e-10,0.6642361605339476,0.1339835789758428,-0.6505828752170659,0.0001537545045941566,3.101393756194026e-05,-0.0001505941013449684
70794.5784384138,11.03726042039413,-78.73863872411034,828.005142194073,-4158.35338699765,4.605786976797524e-05,0.0002313088276723114,-0.009348491244133042,5.406282525976359e-10,0.6618186242503735,0.1407582048919067,-0.6466769047679568,0.0001560650997943203,3.319254322618499e-05,-0.0001524944931726684
70957.77679633888,10.86227827659056,-77.96717350596238,866.1558801676441,-4063.493939361927,5.017642179908359e-05,0.0002353982586136582,-0.009114225048645794,5.519764071509829e-10,0.6584983456092472,0.1487289224889472,-0.6414824851742972,0.00015846654508972,3.579137086507701e-05,-0.0001543717062297064
71121.35136533288,10.6791347432189,-76.96142298050523,916.8753562700468,-3959.259507597445,5.551303937153461e-05,0.0002397169118183224,-0.008860007712464079,5.652052189506277e-10,0.6547552261704572,0.1590825741586589,-0.6351355294711368,0.0001610838849135107,3.913773887288855e-05,-0.0001562570170416252
71285.30301265194,10.49964300941308,-75.69674124646295,981.3767100675094,-3849.179519914817,6.219399805182958e-05,0.0002439388066854127,-0.00859386046705592,5.800320150384418e-10,0.6501621362810074,0.1718737205126016,-0.6270328760524756,0.0001636471653754847,4.326097383233172e-05,-0.000157825482348414
71449.63260755134,10.35078137456365,-74.03905028340981,1069.142349622642,-3738.156259625368,7.07250782181444e-05,0.0002472836231274206,-0.008326789446729913,5.958853113821062e-10,0.6447959521298223,0.1883984172845039,-0.6166586221303469,0.0001658140711117764,4.844805315196708e-05,-0.0001585783475902224
71614.34102129021,10.26182117278058,-71.94506484401595,1184.392637705342,-3633.328603876681,8.110132674864604e-05,0.0002487923015623415,-0.008074670505063187,6.116675678661624e-10,0.6384886733887805,0.208767473196958,-0.6033936759535371,0.0001670510204468779,5.462088974667297e-05,-0.0001578689387929906
71779.42912713616,10.27321950371411,-69.46828588441608,1328.808582243503,-3548.071752920834,9.257057915060599e-05,0.0002471740937142741,-0.007867061145358078,6.249247679625319e-10,0.6323919012959759,0.2324315697385231,-0.5881284572384041,0.0001668864434290563,6.133803727530693e-05,-0.000155205445083646
71944.89780036994,10.42230548708181,-66.81097103080296,1499.368426193508,-3500.139454216004,0.0001034112669321067,0.000241404213318292,-0.007742932614834866,6.320257658726402e-10,0.6270876748944775,0.2572962135309484,-0.5718720228400743,0.0001646596432105177,6.756041366393031e-05,-0.0001501612087317281
72110.74791828997,10.71003379245685,-64.41145911605507,1679.197425637045,-3506.554971377241,0.0001110901252508503,0.0002319820320243205,-0.007739283990654549,6.294184657820249e-10,0.6242008510113785,0.279742832972077,-0.5580059585739974,0.0001605240225045705,7.194069784227739e-05,-0.0001435008633946639
72276.98036021703,11.08662718606044,-62.84364689010547,1835.278904235799,-3577.767819254145,0.0001135083321762473,0.0002212777889726184,-0.00787829583958145,6.154715438047032e-10,0.624250152658974,0.2949514400654968,-0.5501744278845047,0.0001552208269863754,7.334016059552275e-05,-0.0001368017762098037
72443.59600749899,11.44076144054633,-62.46766377235955,1926.430202156659,-3695.544229766058,0.0001109172146502999,0.0002127767059111471,-0.008118925122396125,5.944861309148167e-10,0.6265622353927637,0.299684180737834,-0.5502450605283705,0.000150319466025304,7.189767189926972e-05,-0.0001320101005287
72610.59574351547,11.6635211324951,-62.97821867364796,1941.378714342286,-3806.592142917144,0.0001063239283487139,0.0002084764952176874,-0.008343657694533359,5.75816074898588e-10,0.6296628984935547,0.2962512001027373,-0.5556173073051204,0.0001473317402822042,6.931836856872482e-05,-0.0001300061747516375
72777.98045368242,11.73448106343961,-63.87607294461064,1901.041491151703,-3876.410193183761,0.0001019843881987097,0.0002079561776000924,-0.008477149817170945,5.641445601487858e-10,0.6319599983241406,0.2885808665565644,-0.562222840997509,0.0001463484560949312,6.68291733512989e-05,-0.0001301988179307019
72945.75102545688,11.69194949316904,-64.61324250504033,1847.231183986906,-3892.581489195419,9.950366512931256e-05,0.0002096792910097425,-0.008492935869249719,5.605087782626786e-10,0.6332067581858727,0.2819024862920285,-0.566993639148302,0.0001469371548587724,6.541615159326157e-05,-0.0001315722409504311
73113.90834834172,11.60245765690066,-65.01554836733116,1805.336244928009,-3874.300655344212,9.881724879115724e-05,0.0002120645020153347,-0.008433608792795252,5.618583139710216e-10,0.6332161623939001,0.2779425302438059,-0.5689557611963597,0.0001481208363276077,6.501583894365946e-05,-0.0001330891537310313
73282.45331389041,11.49007613373143,-65.11924217338004,1778.007496617324,-3833.760123877131,9.955791333000766e-05,0.0002146679127434225,-0.008326166043188248,5.664938452861085e-10,0.6324983987075167,0.2766225571158178,-0.5688006551176596,0.000149643213967661,6.5446313520085e-05,-0.0001345729227341143
73451.38681571151,11.37777765600321,-65.05567177992265,1761.172232122649,-3786.447202387598,0.0001009909579961441,0.0002171263681065765,-0.008204498446414077,5.722531950901116e-10,0.6314904035208569,0.2768356931766671,-0.5675756590291103,0.0001511935433321256,6.628092705577119e-05,-0.0001358908615542299
73620.70974947361,11.26028990827279,-64.79316752217527,1755.323009376332,-3729.096934321995,0.0001033313506029373,0.0002195223447163002,-0.008061647495464714,5.797175646007707e-10,0.6298141089100805,0.2787154087746602,-0.5647862716937911,0.0001527832462483338,6.761208478755049e-05,-0.0001370084899736512
73790.42301291008,11.15414914255764,-64.30111318126474,1764.662780373575,-3666.880739811469,0.0001065614462221516,0.0002214293399874071,-0.007908915163250341,5.881977329116999e-10,0.6278758749355149,0.2827066856615238,-0.5606291503376494,0.0001542653760177297,6.94593547980804e-05,-0.0001377432548944808
73960.52750582379,11.09836919751724,-63.62069352726532,1793.391006183796,-3616.041407275297,0.0001100779684529687,0.0002219518725041966,-0.007781324495657772,5.950955965779276e-10,0.6259912398488467,0.2884996032976295,-0.5555474878573449,0.0001550622554254306,7.146329905107671e-05,-0.0001376128625759883
74131.02413009177,11.11336992373171,-63.00503229298618,1831.125623060661,-3594.566830550556,0.0001125189445033357,0.0002208788193593261,-0.007717323294391942,5.972739440737298e-10,0.6246029467281549,0.2938229310459354,-0.5511777628434131,0.0001548041395861327,7.282227256452254e-05,-0.0001366061428031011
74301.91378967013,11.14952972636523,-63.0160649026283,1837.410611406666,-3608.622331602148,0.0001120493058040407,0.0002200616588664555,-0.007729680872717025,5.935792343343185e-10,0.6249729643646807,0.2939144497008515,-0.5515482775277447,0.0001543075389524487,7.256828372088973e-05,-0.0001361787823978682
74473.19739059889,11.10711038774345,-63.80276041697824,1784.583309550739,-3627.193294464768,0.0001092071449973986,0.000221965218391472,-0.007751590674106308,5.89181947655819e-10,0.6262047064395537,0.2869022075399759,-0.5566142808765656,0.0001548807813934709,7.096024292112617e-05,-0.0001376688068141323
74644.87584100665,10.91355166716223,-64.96363813647771,1683.470874306589,-3604.241260029635,0.0001063829583763398,0.0002277614978649104,-0.007684825062222808,5.915701851408816e-10,0.6271932374799254,0.2760257324359294,-0.5631883807162207,0.00015763706317657,6.937556596941831e-05,-0.0001415502544446911
74816.95005111545,10.55961517779564,-66.07232774743233,1561.737139896133,-3519.669847468919,0.0001053299211401766,0.0002373808869641241,-0.007487245255165599,6.043912997288873e-10,0.6264647568563662,0.2647935181821829,-0.5677521328113245,0.0001626641852510847,6.87547406673167e-05,-0.0001474192077009275
74989.42093324558,10.09755793930321,-66.73506091805251,1454.101250313825,-3382.080672264384,0.0001072909401878433,0.0002495470071565268,-0.007178010581060509,6.275324222401802e-10,0.6240119377204667,0.2572224697092499,-0.5685310013484978,0.0001694728504747654,6.985799872199438e-05,-0.0001544050098364688
75162.28940182053,9.573108253314665,-66.82753251975143,1373.609780825264,-3209.129774785573,0.0001127266280598529,0.0002633603688383109,-0.006795280861523809,6.598312067133914e-10,0.6193289450516394,0.2544055869572861,-0.5646646256882888,0.000177388568068497,7.286700087175108e-05,-0.0001617315809152561
75335.55637337173,9.008367852210467,-66.37980525991271,1318.111053736336,-3014.140721904449,0.0001217940215900126,0.0002785078837768392,-0.006367715566977987,7.0090088311136e-10,0.6122557659113133,0.2558786331576008,-0.5562223008699371,0.0001860767836959902,7.7766638920293e-05,-0.0001690470919645917
75509.22276654342,8.417550664335989,-65.34081292086054,1286.812118465821,-2802.987795712443,0.0001352741206222559,0.0002946597282841703,-0.005908011588109643,7.519672472015411e-10,0.6033801250190455,0.2620911673948059,-0.5434848620169901,0.0001955972539606789,8.496188472922357e-05,-0.0001761810543169056
75683.28950209744,7.814050150307334,-63.72491550354174,1274.790164072435,-2582.16821015639,0.0001537247017960856,0.0003113791189175415,-0.005430060416834184,8.143959430659933e-10,0.5920118247942661,0.2721107820142178,-0.52576964823756,0.0002055438386424325,9.44756376963135e-05,-0.0001825448533531998
75857.75750291836,7.185824841044778,-61.43365758037046,1277.799043283897,-2346.928517145162,0.0001789423026754605,0.000328662629135615,-0.004924022102454247,8.939644930501121e-10,0.5779033742018237,0.285954623722359,-0.502197434367856,0.0002162229079540738,0.0001069901008443815,-0.0001878974833397854
76032.62769401819,6.55922659033032,-58.29902873914471,1297.083143553257,-2100.076956415821,0.0002128896786732149,0.0003446846955513074,-0.004395976288390947,9.967469653010014e-10,0.5607030963973219,0.3036932402147032,-0.4713367990698784,0.0002271157374140644,0.0001230125437904722,-0.000190917448786986
76207.90100254123,5.949617095959507,-54.05587340294764,1332.437666486949,-1837.709072253605,0.0002585969757084156,0.0003566590920306705,-0.003837928600135952,1.136431785676964e-09,0.5401960422536637,0.325401452443302,-0.4311909771949217,0.000237936013911122,0.000143327085833946,-0.000189923387665296
76383.57835776907,5.414052995202752,-48.3706252925744,1387.314871981962,-1560.957713135229,0.0003181016326376476,0.0003579167260834361,-0.003252454799109631,1.334839327795793e-09,0.5173921493614997,0.3510607542668257,-0.380067077019991,0.0002477053629863776,0.0001680729629803046,-0.0001819599570433953
76559.66069112561,4.999315658839484,-40.97591583068688,1459.710242352845,-1267.829899479132,0.0003904903634677322,0.0003391600222417248,-0.002635609845710745,1.63968016099257e-09,0.493777811796975,0.3789490356006431,-0.3165661950372329,0.0002553425443972478,0.0001959622498933522,-0.0001637028148688832
76736.1489361819,4.782934731005827,-31.63702486208641,1552.334084608581,-956.3856377294559,0.0004669496053247347,0.0002876854283519901,-0.001983595787082395,2.168638112929249e-09,0.4727266383554918,0.4071757278385036,-0.2401632804365997,0.0002592220216188231,0.000223276851272002,-0.0001316947386124818
76913.04402866098,4.850625733669592,-20.6417447666757,1668.537991304546,-628.5500017446548,0.0005248469914500834,0.0001977135546872985,-0.001300648557360483,3.292155192543702e-09,0.4598090709450751,0.4333401076857435,-0.1537554317553735,0.0002578367847583529,0.0002429943799126942,-8.621797321539437e-05
77090.34690644301,5.225543695339261,-8.784939409284204,1807.251208685751,-279.2908553572816,0.0005404200275811439,8.35159888287496e-05,-0.0005766029337553787,7.392024804726755e-09,0.4586522849019556,0.454542327962988,-0.06126328864639937,0.0002507602415447605,0.0002485131933370439,-3.349464848317818e-05
77268.05850957023,5.936176142323076,2.578959939787163,1977.691414971251,89.07871166910387,0.0005046163114226456,-2.272880924115152e-05,0.0001834822507497016,-2.312310782635416e-08,0.4706014892847758,0.4696256696454226,0.03029013250445346,0.000237669231809446,0.000237176410793469,1.529751326261405e-05
77446.17978025188,6.901436535347971,12.47837508756352,2177.545362677554,481.8880012949769,0.0004377926117297599,-9.688294455953493e-05,0.0009902987809132164,-4.264557935845467e-09,0.4918080484618673,0.4780336703412312,0.1155809956349289,0.0002204774362256854,0.0002143023856482517,5.181493404530386e-05
77624.71166286919,8.048634158879299,20.50067243778705,2410.967821310399,901.4561824426476,0.0003638982995034635,-0.0001360608669133831,0.001848267186351746,-2.274445370514999e-09,0.5174026942773668,0.4810115956163929,0.1906132023970271,0.0002009742992495287,0.000186838934990314,7.40397280554456e-05
77803.6551039804,9.315561540413729,26.82950161018798,2683.871580768393,1357.456082604315,0.0002966963291944299,-0.0001500639000901984,0.002776808432558897,-1.506934388828589e-09,0.5436940045783566,0.480282007238616,0.254818296315818,0.0001807369358853214,0.0001596572660691333,8.470771738480968e-05
77983.01105232586,10.67818647832048,31.74241087892911,3011.755135260095,1863.178989263495,0.0002401315528355284,-0.0001485539307841955,0.00380254804225596,-1.095381882705169e-09,0.5686683162379189,0.477658606952896,0.3085869554869236,0.0001605427082391643,0.0001348494441914383,8.711824475978379e-05
78162.78045883297,12.13115199116267,35.38662966567411,3422.223097696135,2430.845641924948,0.0001942169352222453,-0.0001379545918239064,0.004949684460233738,-8.376503022001115e-10,0.5909351648937262,0.4749603227201998,0.351592179875348,0.0001407490938940669,0.0001131261753064299,8.374231840915176e-05
78342.96427662121,13.63782519466158,37.83933380994463,3940.462089762148,3060.870789251381,0.0001582758254462573,-0.0001229454413511036,0.006218206328712054,-6.637050694529391e-10,0.6102272903325739,0.4744620773551187,0.3837487238004849,0.0001222760331519008,9.507169151411737e-05,7.689474465793643e-05
78523.56346100719,15.20099820521776,38.88781056021867,4632.488796168746,3736.320304339404,0.0001307872196778925,-0.0001054860499252047,0.007572935042683347,-5.424703822934033e-10,0.625777721563647,0.4792521907386449,0.4023867473931003,0.0001051262500759957,8.051099282852192e-05,6.759813968450962e-05
78704.57896950985,16.79000467232775,38.62242274515697,5552.709763924346,4436.228953628415,0.0001099269753789506,-8.78240087622096e-05,0.008970860093551504,-4.55833437638754e-10,0.6385154487158575,0.4908853322477081,0.4083302203277026,8.982273667981693e-05,6.905496809379749e-05,5.744158255320217e-05
78886.01176185545,18.36680556983579,36.90589947880976,6771.050071749198,5084.938490350405,9.443094739095045e-05,-7.091596635386453e-05,0.01025901903243171,-3.967659804613241e-10,0.6482708123569679,0.5105615410840053,0.3994771068783399,7.65421150964698e-05,6.028261568556318e-05,4.716674283377986e-05
79067.86279998253,19.88592330274058,33.53366012816979,8352.516728686929,5535.469597533932,8.318745999981787e-05,-5.513088697488339e-05,0.01114229369030858,-3.636349868088834e-10,0.6555196203951434,0.5391206242600692,0.3729006908285719,6.540642120463725e-05,5.379236491686606e-05,3.720727632398184e-05
79250.13304804718,21.25811698136301,28.2957226639652,10270.48198132629,5529.095795871855,7.548844277999388e-05,-4.063906955590396e-05,0.01110386686932265,-3.632168746461328e-10,0.6606583257025787,0.5753727904195856,0.3246776483913147,5.662859350297626e-05,4.931830962198784e-05,2.782987492165688e-05
79432.82347242814,22.3036149546156,21.40729747665814,12189.43705482984,4778.779180402496,7.11089756986205e-05,-2.78777511282746e-05,0.009574962783108081,-4.192790558156024e-10,0.6636133249405543,0.6128776067723418,0.2544871001753613,5.067562689024815e-05,4.680128587376626e-05,1.943344543002214e-05
79615.93504173188,22.87519634336707,13.6754894170841,13543.18020183036,3295.334165859186,6.971068722692586e-05,-1.696204332519815e-05,0.006587484293956844,-6.066255115024207e-10,0.6644459964168011,0.6423406559575643,0.1699616540820949,4.766090550075901e-05,4.607528296955047e-05,1.219139911692391e-05
79799.46872679768,22.85651513066107,7.695464212964149,13763.39408744161,1859.774413494977,7.135367282453508e-05,-9.64164320115238e-06,0.003709201272466093,-1.072407550812079e-09,0.6634721649042639,0.6555851569546403,0.1019971351730552,4.776182878284117e-05,4.719406129653948e-05,7.342538186479481e-06
79983.42550070286,22.56459859459528,6.242000237190767,13346.87084999396,1459.834246323899,7.403819332700806e-05,-8.098039710541207e-06,0.002904849785350072,-1.363065055539736e-09,0.6617776857540598,0.6562770497261341,0.08514775020375168,4.927909694611523e-05,4.886949356733617e-05,6.340504262021409e-06
80167.8063387679,22.67498479121269,9.69870800270068,13412.51828810341,2292.332454066962,7.244119245368745e-05,-1.238091854981395e-05,0.004550904632877589,-8.660491276947424e-10,0.6627958488962339,0.650943309822366,0.1247843929006449,4.870005498807319e-05,4.782916947240964e-05,9.168746011362154e-06
80352.61221856173,23.72157870082823,14.28717211665804,14889.31320575629,3791.688409584613,6.307199025696018e-05,-1.60618109863048e-05,0.007510221962768193,-5.223811421656509e-10,0.6687106800132161,0.6445676066109872,0.1780633990227118,4.35141824628021e-05,4.19431501275377e-05,1.158689918765449e-05
80537.84411990669,25.50215577415351,14.96629260060615,18216.36379814804,4869.575567848573,5.123451447188505e-05,-1.369594627486743e-05,0.009623016742647835,-4.058158654720271e-10,0.6763514509181257,0.6497433579214164,0.1878426309335981,3.586196805583231e-05,3.445113559620014e-05,9.959920128684184e-06
80723.50302488382,27.51373341752157,10.0449929286067,23377.20447246103,4140.962793118849,4.147532492165982e-05,-7.346805625772394e-06,0.008164347098283462,-4.761226074267131e-10,0.6828102615415877,0.6697921216247228,0.1326965224711786,2.875474143216495e-05,2.820651703027611e-05,5.588161759595653e-06
80909.58991783821,29.2365792543704,-0.07254516141815422,28927.50747200195,-36.62663878980489,3.456911722615688e-05,4.376977764677232e-08,-7.2047214899474e-05,5.370603198489212e-08,0.6873037320958938,0.6871790800538023,0.01308938842551344,2.375460125412162e-05,2.37502930284899e-05,4.523956268362075e-07
81096.10578538408,30.31960285349751,-13.63633975371311,31867.25464083141,-7730.898260597151,2.963599864420685e-05,7.189602397565702e-06,-0.01517225347380772,2.538576022390043e-10,0.6904897724473873,0.6742008937631793,-0.1490948714858256,2.105254961898787e-05,2.055591311484169e-05,-4.545798221987612e-06
81283.05161640994,30.59305526861526,-28.03152403313518,29942.21822088608,-15941.6976615914,2.60214571226884e-05,1.385422412941344e-05,-0.03121437905767005,1.228246579271999e-10,0.6931060391308808,0.6183160703528366,-0.3131792116714071,2.042834010412422e-05,1.822400940677444e-05,-9.230523308651932e-06
81470.42840208396,30.211045757137,-40.82901789140595,24656.21392948788,-21304.47380649168,2.32209395123308e-05,2.00643091034721e-05,-0.04161893318567877,9.16957737413116e-11,0.694789149985818,0.5349020726340986,-0.4434092191528735,2.131762830606923e-05,1.641194823608359e-05,-1.36047503355202e-05
81658.23713585922,29.5054563447896,-50.39083672260542,19237.22955307503,-23246.2453325277,2.112915703105248e-05,2.553244824875708e-05,-0.04530779726291668,8.384309754776602e-11,0.6959111294567295,0.4545728929818109,-0.5269305315389193,2.305856856508002e-05,1.506198101592455e-05,-1.745950492271831e-05
81846.478813479,28.67762822845247,-58.0394554229649,14590.96275483963,-23386.24167039274,1.920337304024607e-05,3.077896437347429e-05,-0.04547582273718659,8.314951077813417e-11,0.6969575859531428,0.3809950114346964,-0.5836031852890352,2.527909097931063e-05,1.381892923017657e-05,-2.116765541271956e-05
82035.15443298186,27.85436455596227,-63.1592679416723,11371.74489375751,-22472.51731189656,1.792715754564363e-05,3.542713647390448e-05,-0.04359853088139699,8.633132530452866e-11,0.6981142856503738,0.3279674847874441,-0.61627987534182,2.77125560194885e-05,1.301909655992143e-05,-2.446403249459766e-05
82224.26499470713,27.0792848974441,-67.46329015550828,8870.742500412227,-21377.11706101882,1.656005100754053e-05,3.990716097420096e-05,-0.04137797825902419,9.054636000239379e-11,0.6985526675659278,0.2809982285187369,-0.639543450386919,3.017570842188548e-05,1.213841275618275e-05,-2.762665948903686e-05
82413.81150130021,26.35804649159678,-70.77613612336242,7045.369638483468,-20204.44610915054,1.53877117697973e-05,4.412830116077954e-05,-0.03901818654090994,9.558135491605073e-11,0.6991904066111398,0.2438243417401681,-0.6552991035184046,3.266913488360727e-05,1.139250515009769e-05,-3.061834744803062e-05
82603.79495771787,25.72000966406761,-73.16237681263779,5782.748773747393,-19108.03222542795,1.450921105099308e-05,4.794302557056265e-05,-0.03681595722076383,1.008333431613032e-10,0.6997440109707058,0.2165320741559769,-0.6653987840018057,3.504294047925823e-05,1.084385213382825e-05,-3.332294327235371e-05
82794.21637123344,25.14167457188187,-75.17044662188692,4799.560695269275,-18127.74280395916,1.364865406693469e-05,5.155040351702898e-05,-0.03484687700179816,1.060416314766115e-10,0.7001252850987685,0.1932207253407726,-0.6729347413630965,3.732726029663356e-05,1.030158524910565e-05,-3.587759332240731e-05
82985.07675144226,24.60732504266589,-76.8697903748354,4021.238286716369,-17239.06233208864,1.283282613898875e-05,5.50143696874851e-05,-0.03306235400178165,1.112516579028608e-10,0.7004834612661115,0.1733011120490935,-0.6787074510198775,3.956260566067766e-05,9.787873569723774e-06,-3.833271837015197e-05
83176.37711026709,24.11250719398588,-78.19275488398823,3434.007151413191,-16427.28762975548,1.219254142812319e-05,5.832555849368695e-05,-0.03143301161580894,1.164807800201598e-10,0.7006816286791872,0.1576622533640466,-0.6827132330874285,4.174193416664734e-05,9.392464610343781e-06,-4.067149710197745e-05
83368.11846196344,23.67429550596867,-79.32379110407241,2966.17322214993,-15733.835893199,1.157071456356673e-05,6.137595833942988e-05,-0.03003687503565054,1.213348382602791e-10,0.7010650863022804,0.1442673477830528,-0.6860606296790885,4.377690492754728e-05,9.008547268213258e-06,-4.283997527020623e-05
83560.30182312484,23.25462745800408,-80.28017316639675,2584.208027701574,-15086.80309673328,1.102996580314399e-05,6.43937796229738e-05,-0.02873540707621898,1.262475356341135e-10,0.7011750279465135,0.1328500787473187,-0.6884746011238362,4.5798813566311e-05,8.677399716640089e-06,-4.496925681217522e-05
83752.92821268826,22.87294906608391,-81.0056113277016,2297.050151202907,-14512.20237588283,1.064038024118304e-05,6.722332611481289e-05,-0.02757740884481447,1.309443624726541e-10,0.701460728322908,0.1242066405346212,-0.690376610138559,4.773101788915168e-05,8.451662569169984e-06,-4.697679712955545e-05
83945.99865193974,22.52122962662767,-81.70287509753527,2042.174973673799,-14003.51988067635,1.019715726127871e-05,6.992353558119191e-05,-0.02654956097355058,1.353888562388466e-10,0.7014045863644921,0.1158203308304706,-0.6917760076350326,4.955246241161472e-05,8.182413832970364e-06,-4.887222764434321e-05
84139.51416451953,22.18743249695292,-82.13675748278098,1868.040292402761,-13525.97426616575,1.001944174186154e-05,7.254806639499752e-05,-0.02558519247430864,1.398464913876774e-10,0.7015094985482835,0.1106286473155486,-0.6927314623622896,5.136476541212219e-05,8.100267393360811e-06,-5.072203460034308e-05
84333.47577642757,21.86756552921986,-82.5416814884053,1712.830795832938,-13083.78539261664,9.837114489911352e-06,7.514267911443665e-05,-0.0246918450878141,1.442403341017731e-10,0.7016080089660383,0.1057788237563279,-0.6935882342499879,5.31586365236947e-05,8.01452944109534e-06,-5.255100336716802e-05
84527.88451602899,21.58883984809031,-82.86249485210963,1591.488088592409,-12709.39560767978,9.700553751984717e-06,7.746723090876439e-05,-0.02393012845706656,1.481478091397294e-10,0.7016165797855662,0.1019287258108441,-0.6941731483459826,5.476443665718162e-05,7.956011030869943e-06,-5.418344222043422e-05
84722.74141405964,21.3304736477594,-83.09914814083028,1497.101571285379,-12369.83873744832,9.642903989887421e-06,7.967473256553466e-05,-0.02323721998905718,1.51864440260352e-10,0.7012502172216688,0.09904288892088883,-0.6942206949577649,5.626690928096474e-05,7.947002523458353e-06,-5.570287453017539e-05
84918.0475036314,21.0851145121403,-83.22692138242702,1431.401953972608,-12052.26095813393,9.717206833077499e-06,8.181790740985206e-05,-0.0225885658385922,1.555075950906052e-10,0.701111690306804,0.09750925923400058,-0.6942978803427966,5.775351732886044e-05,8.03224760156384e-06,-5.719223515759944e-05
85113.80382023768,20.86585519404693,-83.38295056016204,1366.26083464617,-11777.55114870531,9.718923750629899e-06,8.377984545905124e-05,-0.02202293163624755,1.587687891432027e-10,0.7010732070608943,0.09564704400686276,-0.6945180232588617,5.911619898482902e-05,8.065191521902324e-06,-5.856344993363125e-05
85310.01140175895,20.6633872668462,-83.50157927787792,1313.221017478007,-11528.81822387449,9.753703083170449e-06,8.562813750229942e-05,-0.02150824244643951,1.618211711500979e-10,0.7006787057944388,0.09419004375750306,-0.6943190076691905,6.037194517935906e-05,8.115611493747407e-06,-5.982398026562669e-05
85506.67128846832,20.47309837060796,-83.5356398133694,1280.029800732431,-11297.15045797779,9.902439669143989e-06,8.739589561067716e-05,-0.0210275679212707,1.6475978585585e-10,0.7005322774095125,0.09379194185591036,-0.6942251387953736,6.160119680614832e-05,8.247579812399233e-06,-6.104657955355011e-05
85703.78452303697,20.30641144682539,-83.63203448350059,1238.878996143082,-11100.88068059288,9.929749702090658e-06,8.897476426207032e-05,-0.02061472597531301,1.672871941836741e-10,0.7003359023502427,0.09263221764722679,-0.6941827197319776,6.268455857854209e-05,8.291178067383905e-06,-6.213380923814028e-05
85901.35215053961,20.15105799172776,-83.59905646416338,1224.671825407626,-10916.57242770037,1.014881805206978e-05,9.046530264064564e-05,-0.02022583370334401,1.697203157764878e-10,0.7001801576051591,0.09304547608042905,-0.693970310953539,6.372453581134335e-05,8.468220226135563e-06,-6.315936755994988e-05
86099.37521846007,20.01713428627604,-83.67419890511232,1193.286930320077,-10764.21435604578,1.017362176343657e-05,9.177260108730875e-05,-0.01989768124238509,1.717266880105359e-10,0.6999598387919864,0.09214075746215782,-0.693868760455465,6.461554617564133e-05,8.505809960082508e-06,-6.405325912472681e-05
86297.85477669702,19.89955837047523,-83.70182834892866,1173.319531441039,-10630.90559905082,1.025693223072245e-05,9.293331897982773e-05,-0.01960606297816251,1.734801823388522e-10,0.6998653321048741,0.09182831008064668,-0.6938148488970226,6.542039341884691e-05,8.583714461746712e-06,-6.48548203383211e-05
86496.79187756934,19.79761822252802,-83.77536997087422,1147.260127368828,-10518.59297782338,1.024732786732145e-05,9.395207623389234e-05,-0.01935431396301785,1.749292690589521e-10,0.6996867537179509,0.09094912524326684,-0.6937505386995019,6.611128900481333e-05,8.593508268867941e-06,-6.555039396915056e-05
86696.18757582165,19.70263797384657,-83.98750618190888,1097.517317634168,-10420.32153885589,9.996728823889331e-06,9.4913425973291e-05,-0.01912939574263792,1.76172862730907e-10,0.6999028319698428,0.08844194977752415,-0.6942924425045659,6.678180453405446e-05,8.438761400679357e-06,-6.624648460746473e-05
86896.0429286302,19.61777283241171,-84.22766430454222,1044.757635391921,-10335.07853275796,9.682165645911928e-06,9.577909644099715e-05,-0.01892927203926122,1.772173959124303e-10,0.7000189259306032,0.08558005363899772,-0.6947679836320767,6.737284996373261e-05,8.236594612129065e-06,-6.686747655946852e-05
87096.35899560805,19.51908638907445,-84.71071575765922,948.3461700448644,-10243.69067573514,8.960816765132428e-06,9.679148610851212e-05,-0.01871873893867155,1.783871946884769e-10,0.7004800476509822,0.07980710320136902,-0.6959189057898401,6.807416193075172e-05,7.755826428993637e-06,-6.763090032653366e-05
87297.13683881113,19.40062621577328,-85.1527853510576,859.0521175682355,-10130.06093743431,8.311575948328884e-06,9.801124881808711e-05,-0.01846852405929085,1.799732974291164e-10,0.7007271610453049,0.07449673655215948,-0.6967559045101023,6.890910160616688e-05,7.325965759258908e-06,-6.851857054743041e-05
87498.3775227436,19.27451935678215,-85.63077499936892,764.8492901373858,-10010.39263241427,7.588320924229311e-06,9.931639193736518e-05,-0.01820837728477077,1.81705896075884e-10,0.7013418353991975,0.06877702647130467,-0.6979613819624123,6.984090831720248e-05,6.848942637762534e-06,-6.950427655415543e-05
87700.0821143635,19.13328622830269,-86.02039341380095,686.8869080383474,-9873.441401811782,7.012151260338463e-06,0.0001007939789787452,-0.01791796502969469,1.83802569605105e-10,0.7015480039453741,0.06408343443758487,-0.6986149978854035,7.086554814665581e-05,6.473267236169543e-06,-7.056927607263041e-05
87902.25168308843,18.99035734846986,-86.36516290032866,618.4353683085758,-9735.288550172379,6.499016195378087e-06,0.0001023062411958947,-0.01762661667384749,1.859821668375814e-10,0.7016790417450827,0.05992513434101432,-0.6991154810891466,7.19133314506827e-05,6.141577262126129e-06,-7.165059852554677e-05
88104.88730080138,18.84939017788718,-86.66859758229783,558.8084704983609,-9599.944470790226,6.043054118172749e-06,0.000103815505725425,-0.01734158754119508,1.881704444506473e-10,0.7019768889314243,0.05628128907906879,-0.6997170636003095,7.298159169812086e-05,5.851329473346473e-06,-7.274664714050793e-05
88307.99004185628,18.69932420524912,-86.86915258704612,517.1595275658527,-9454.807747757937,5.767952957383583e-06,0.0001054508007748719,-0.01704012726737399,1.906195452897863e-10,0.7020391490267111,0.05387214980226288,-0.6999691123484172,7.412303544058944e-05,5.687955258036391e-06,-7.390447583136933e-05
88511.56098308356,18.56409743724836,-87.00403788076754,488.0373209136081,-9324.880670171744,5.59729874435101e-06,0.0001069470317734464,-0.01676731080003822,1.928309979133419e-10,0.7019874570721726,0.05225605774425787,-0.7000397805237101,7.515966941674234e-05,5.594897722904502e-06,-7.495113759179531e-05
88715.60120379608,18.4288139257712,-87.17702698037773,453.545049921939,-9197.815912914892,5.348060436210992e-06,0.0001084577494382936,-0.01650079409175058,1.950452680174254e-10,0.7020296837815618,0.05018111368646071,-0.7002339128745667,7.621416589949724e-05,5.447792040530658e-06,-7.601921234555919e-05
88920.11178579481,18.2947030918954,-87.2921281658534,429.0893033265053,-9072.327016556359,5.201635090968736e-06,0.0001099792844990928,-0.01623823520948114,1.972883476377461e-10,0.7019183618334831,0.0488025201866322,-0.7002197517225817,7.726352018811244e-05,5.371927433015548e-06,-7.707654602739587e-05
89125.09381337455,18.16094934637652,-87.40601761407889,405.4311459955007,-8949.027717686995,5.052134779041098e-06,0.0001115150984765018,-0.01598070684916949,1.995465751989431e-10,0.7019766200906871,0.04745052853511626,-0.7003710605783786,7.834167425598606e-05,5.29555222122955e-06,-7.816249133633894e-05
89330.54837332954,18.03134124329325,-87.43981806004912,394.7953915589049,-8829.471346869164,5.054000257734258e-06,0.0001130310824716806,-0.01573094574399852,2.017833974865339e-10,0.7021089019534946,0.04708233369243953,-0.7005284891111965,7.941944755310571e-05,5.325744939226249e-06,-7.92406782560751e-05
89536.47655495937,17.904108507012,-87.42509567110405,391.81560592251,-8712.659710927628,5.151133501076274e-06,0.000114543863598207,-0.01548712785923146,2.04018419793213e-10,0.7016339308686467,0.04726654001636568,-0.7000400325274764,8.042876625686992e-05,5.418195060835736e-06,-8.024605662513861e-05
89742.8794500748,17.78642677724048,-87.4364518243078,385.3413752071668,-8606.703760482233,5.191612124716893e-06,0.0001159560599293128,-0.0152636003614124,2.060550566358349e-10,0.7015436646339182,0.04715798227945665,-0.6999568830258889,8.140906822866415e-05,5.472342764178117e-06,-8.122493369976145e-05
89949.75815300351,17.66599321627133,-87.38673208404781,387.8759007334809,-8498.263538832945,5.35955384246691e-06,0.000117426478205319,-0.01503662352935102,2.082044160909309e-10,0.701193392454356,0.04777783844028314,-0.6995637581919339,8.240337630215354e-05,5.614792213197345e-06,-8.221186370832946e-05
90157.1137605957,17.55082545427209,-87.29721440551353,396.303317342742,-8394.917643588753,5.610842233887556e-06,0.0001188548175182673,-0.0148196030695303,2.102827711917679e-10,0.7009205994789124,0.04888813440952589,-0.6992135847420543,8.337920663009129e-05,5.815571498001284e-06,-8.317614577759116e-05
90364.94737223013,17.43768560525361,-87.18303170608198,408.1079265688214,-8294.029498824615,5.918254871179419e-06,0.0001202774493889839,-0.01460783004111604,2.123511200292486e-10,0.7005496349924146,0.05029130586796875,-0.6987421381612102,8.434055892456644e-05,6.054669982087336e-06,-8.412295079891263e-05
90573.26008981997,17.32273632034687,-86.98735427105514,431.0763932499429,-8190.837626145311,6.407614149667471e-06,0.000121750408727408,-0.01439290464946654,2.145318683385844e-10,0.7000245641037971,0.05267437126744896,-0.6980399708901275,8.532416881059916e-05,6.420341765820629e-06,-8.508227191859467e-05
90782.05301781857,17.22456223679488,-86.76509231357457,457.9396278346565,-8102.278290145081,6.953585115370227e-06,0.000123029059497079,-0.01420454371008369,2.163779369770454e-10,0.6996146035183837,0.05538591539630885,-0.6974188080571803,8.618791070774968e-05,6.823179943125088e-06,-8.591740317089878e-05
90991.32726322518,17.12760407890773,-86.4595239609865,495.8046278965996,-8013.427098440967,7.69156371468896e-06,0.0001243146627375329,-0.01401646258147151,2.182739166199854e-10,0.6989627576426842,0.05908607289443359,-0.6964608909058566,8.703476505716155e-05,7.357391243363299e-06,-8.672323288858292e-05
91201.08393559097,17.05314387030046,-86.08650035879839,543.3119323593158,-7942.010571731979,8.573548387461056e-06,0.0001253261853366395,-0.01385959668496832,2.197301594256325e-10,0.6982992710979881,0.06359530455619283,-0.6953973750701008,8.769673773147593e-05,7.986691344884963e-06,-8.733229969550107e-05
91411.32414702499,16.97623531219832,-85.7072185497254,590.6518859777536,-7868.677536281396,9.486104634548634e-06,0.0001263740965139304,-0.01370004140275982,2.212678844904509e-10,0.6973828155332287,0.06814432543037886,-0.6940454900888643,8.83557959508316e-05,8.633631312423323e-06,-8.793296929176299e-05
91622.04901219998,16.92602955615365,-85.26801388424563,646.9479040611334,-7815.548815738487,1.051924807993916e-05,0.0001270793155948752,-0.01357624327780706,2.222596630525778e-10,0.696554779860454,0.07341192738641251,-0.6926754292335319,8.87969577525878e-05,9.358568777567309e-06,-8.830241727467264e-05
91833.2596483581,16.89088085267229,-84.75459154784483,713.5392894621694,-7772.227617727823,1.17133684624422e-05,0.0001275878808706329,-0.01346993941991522,2.229844718394916e-10,0.6957800384377035,0.07956398280840239,-0.6912159102104324,8.912273545478898e-05,1.019138147090938e-05,-8.853811449685783e-05
92044.95717531712,16.86381262516034,-84.19287945369932,786.5101593814255,-7733.4887029346,1.301620781823498e-05,0.0001279839744174911,-0.01337197595815092,2.235860359306368e-10,0.694941773064325,0.08626915767170588,-0.6895663132610251,8.937633468012172e-05,1.109506063312283e-05,-8.868499777527457e-05
92257.14271547629,16.89030951239071,-83.59055520993505,869.0062704909861,-7735.853538006054,1.434036832242259e-05,0.00012765729407297,-0.01334530089887615,2.230036097106411e-10,0.6940332444581656,0.09342771606068444,-0.6877160797049986,8.913176168544404e-05,1.199852743255472e-05,-8.832047486625636e-05
92469.81739382225,16.95348945086812,-83.02879392012464,949.8804063320315,-7768.428096806464,1.550806217368005e-05,0.0001268299304985623,-0.01337067344250335,2.215577679701021e-10,0.6932993095175183,0.1000965763221446,-0.6860354276464538,8.85621295369275e-05,1.278634759439455e-05,-8.763424047317834e-05
92682.98233793494,17.06597563104256,-82.66206728349979,1010.579303083614,-7847.57933607534,1.614195099563132e-05,0.0001253491345911487,-0.01347584002086,2.188186914992748e-10,0.6932191446407415,0.1045101022828596,-0.6852958638553626,8.758824042276173e-05,1.320485164918877e-05,-8.658713387841422e-05
92896.63867799363,17.19997613993552,-82.73132222247554,1015.350701589328,-7960.578808500701,1.576588632830068e-05,0.0001236081094008675,-0.01363844252360026,2.152164609346148e-10,0.6932853504063989,0.1037283453273741,-0.6854815879830533,8.636645242114374e-05,1.292202293931226e-05,-8.539429387827723e-05
93110.787546783,17.30725215457721,-83.26862126646049,952.330505571912,-8068.665327797364,1.442700000494409e-05,0.0001222334410616386,-0.01379182804600289,2.118451030724938e-10,0.6943948566050839,0.09748833552271688,-0.6875174480088525,8.544408767710645e-05,1.199577129448054e-05,-8.459783442868719e-05
93325.4300796991,17.35139606383716,-84.08811104857817,842.1323743455647,-8132.641862427788,1.259752183175051e-05,0.0001216568042421581,-0.01386921176464011,2.096951973685571e-10,0.6958408475284299,0.08786496863396058,-0.6902711296121523,8.50830605498514e-05,1.074357803662658e-05,-8.440203032807086e-05
93540.56741475521,17.33318712997319,-84.98835791718588,714.2311489547665,-8144.638315705988,1.068484369824575e-05,0.0001218431701129481,-0.01385772487238284,2.089047565644377e-10,0.697099229091484,0.0771855096219675,-0.6928129129168555,8.523923671105571e-05,9.43801635515355e-06,-8.471511861741823e-05
93756.20069258803,17.27931315757972,-85.75342241804876,602.993158357805,-8120.816507841575,9.093374861070806e-06,0.0001224651186505781,-0.01378541450717539,2.090356860206373e-10,0.6982360508350388,0.06807622407560171,-0.6949094979933138,8.57212167478105e-05,8.357598769611294e-06,-8.531282168309345e-05
93972.33105646375,17.19277555435398,-86.42624127743973,503.7626909285885,-8066.0272542093,7.71286822427534e-06,0.0001234950631029338,-0.01366091586948089,2.099715463008701e-10,0.698909111196154,0.06000697928911598,-0.6963283048602817,8.645593387287318e-05,7.422938619946884e-06,-8.613668489136972e-05
94188.95965228413,17.11149631783914,-86.92829468699905,429.890140365242,-8010.953461622278,6.679442698472458e-06,0.0001244706486210027,-0.013536436191706,2.109288198918866e-10,0.6996018889325852,0.05399453494200616,-0.6975151562471155,8.718081732323435e-05,6.728523409812624e-06,-8.692077934458918e-05
94406.08762859236,17.02169900140333,-87.36944839812291,365.1364779156324,-7947.412043848855,5.76883336039218e-06,0.0001255620802091738,-0.01339818165691598,2.121262436379544e-10,0.7002662591884219,0.04870664634164408,-0.698570323131391,8.79949234710607e-05,6.120439991400136e-06,-8.778181344099415e-05
94623.7161365793,16.92094155756926,-87.72109195285523,313.3167150671189,-7873.182011189814,5.046563514237518e-06,0.0001268126185674778,-0.01324251346390154,2.136337383009388e-10,0.7004736302815644,0.04446972407585419,-0.6990606199468334,8.887412703987176e-05,5.64219370450372e-06,-8.869484825681886e-05
94841.84633008968,16.83265265771496,-88.05049355482414,265.809494938705,-7809.096771280436,4.353775105448933e-06,0.0001279075870735261,-0.01310451451890315,2.148915443193766e-10,0.7008087981368587,0.04050766294524474,-0.699637120791016,8.966525720195887e-05,5.182768861195607e-06,-8.951534648329782e-05
95060.47936562814,16.74687558461406,-88.30193493253408,229.6279620331543,-7745.793185541772,3.823943463247169e-06,0.0001289889739788762,-0.01296838898639343,2.161494996738262e-10,0.7010429407071228,0.03748785332099856,-0.7000399028403123,9.04407802433021e-05,4.8362668063924e-06,-9.03113794291431e-05
95279.61640236521,16.65796238557516,-88.53119149860083,196.9256162792112,-7680.058300346006,3.336473948575966e-06,0.0001301217938367023,-0.01282875905557975,2.174981738057436e-10,0.7012005682005729,0.03473281401525008,-0.7003398235680934,9.124535926708253e-05,4.519688427108813e-06,-9.113335286436476e-05
95499.25860214359,16.5660206708232,-88.69673749942845,173.1568546291817,-7611.24168220745,2.987472691903323e-06,0.0001313166419300332,-0.01268456692252476,2.189599167039006e-10,0.7013638272984072,0.032755393741036,-0.7005985315596512,9.209810234983967e-05,4.301205006382118e-06,-9.19976091642311e-05
95719.40712948442,16.47968117061644,-88.86473300391482,149.5664659128595,-7547.48071336588,2.624579260565704e-06,0.0001324425313449663,-0.01254937634327358,2.20301837595406e-10,0.7015510551494339,0.03074796263195419,-0.7008769120004368,9.290661285160952e-05,4.071961747123643e-06,-9.281733587584174e-05
95940.06315159332,16.40371187254494,-88.9740321411264,134.1537875940439,-7491.096543490268,2.38986236011334e-06,0.0001334490064450284,-0.01242697789547252,2.214495170309074e-10,0.7015661977501705,0.02945034006848415,-0.7009477921325395,9.361116868914586e-05,3.929608867908021e-06,-9.352865377782886e-05
96161.2278383665,16.32006051854637,-89.08599539185722,118.5267282791346,-7429.399324338676,2.146833528422279e-06,0.0001345661337075468,-0.01229628253769366,2.227749883768307e-10,0.7014537066392743,0.02811493853972638,-0.7008900432941565,9.437642137291636e-05,3.782697648304507e-06,-9.430058382459662e-05
96382.90236239704,16.2422034752195,-89.2277437456371,99.3850769852403,-7373.201052589206,1.827806115193325e-06,0.0001356016655747407,-0.01217520291636042,2.239566977734225e-10,0.7016857139399055,0.0264285987460083,-0.7011878281285817,9.513054372937463e-05,3.583038558098048e-06,-9.506304321311011e-05
96605.08789898131,16.1683837255666,-89.28992694911904,90.70966801658403,-7318.986471961622,1.693109256063717e-06,0.0001366099558254122,-0.01205788329340868,2.25096730621114e-10,0.7015440529541911,0.0257014882296075,-0.7010731001387632,9.58170806679574e-05,3.510316366609786e-06,-9.575275780224905e-05
96827.78562612491,16.09959405240465,-89.33065533846586,84.91694160718681,-7268.543854673054,1.607090160319343e-06,0.0001375603629571378,-0.01194723886404064,2.26137567644702e-10,0.7017810812838916,0.02525083443095727,-0.7013266581333755,9.651533001189745e-05,3.472724875570914e-06,-9.645283359883246e-05
97050.996724549,16.02886524803365,-89.40384508746466,75.10165468993779,-7217.675261244734,1.441477311309629e-06,0.0001385337669647782,-0.01183634103954149,2.272075681239265e-10,0.7017020569388813,0.02439147425142906,-0.7012779995808359,9.718584272818019e-05,3.378222932463647e-06,-9.7127110718919e-05
97274.72237769651,15.96212276677204,-89.45249254611521,68.51399560431747,-7169.661840308119,1.332730365396175e-06,0.0001394638563978119,-0.01173056159185713,2.282030576477348e-10,0.7014773875638418,0.02382777837218413,-0.7010725798669054,9.780604160677817e-05,3.322274850456002e-06,-9.774959981813147e-05
97498.96377173866,15.89391710830732,-89.50822175246962,61.12281185716464,-7121.081846599908,1.20525620270714e-06,0.0001404177557416105,-0.01162428124571366,2.292314250433401e-10,0.7015232117035634,0.02318682740089416,-0.7011399201257646,9.84804401124579e-05,3.254987046981067e-06,-9.84266333065771e-05
97723.72209558106,15.83960804860626,-89.52242787123681,59.03213326785758,-7082.100396659538,1.176885321950931e-06,0.000141191238466554,-0.01153406011796195,2.299630460330625e-10,0.70136665561724,0.02304738225649827,-0.7009878770583946,9.900047063780226e-05,3.253222365347042e-06,-9.894700465778615e-05
97948.99854086991,15.77379671471349,-89.61466537819949,47.32414277501577,-7036.566703789897,9.557438113440305e-07,0.0001421083338419629,-0.01143354592682965,2.309188163344616e-10,0.7014333801631413,0.02196058523573798,-0.7010895231731777,9.965165270562913e-05,3.119909424064109e-06,-9.960280142721367e-05
98174.79430199844,15.70958831328573,-89.6094063448997,47.65761202861862,-6990.737548555781,9.751380398105932e-07,0.0001430397751745387,-0.01133295409092722,2.318980698011454e-10,0.701141058991548,0.02205546318460637,-0.7007940789900424,0.0001002629346235205,3.153923786106939e-06,-0.0001002133166004986
98401.11057611335,15.64972645104484,-89.67135613069162,39.86228126171925,-6949.51478944684,8.253514022016024e-07,0.0001438902038353472,-0.01124021491581811,2.327371158726935e-10,0.7012142463968043,0.02133975808854108,-0.7008894592405858,0.0001008687399554352,3.069695917340042e-06,-0.0001008220197534858
98627.94856312104,15.59456779217127,-89.6995081289644,36.24689094352462,-6911.251286863959,7.58831669986746e-07,0.0001446876192465807,-0.01115261770400362,2.334873993134296e-10,0.7012379567742564,0.02103598290478312,-0.7009223633500101,0.0001014307507998372,3.042755343221637e-06,-0.0001013851017050335
98855.30946569391,15.5332461054009,-89.75747003448983,29.07830185913684,-6869.477005309156,6.161889567894236e-07,0.0001455688812261347,-0.0110597116913632,2.343669981735663e-10,0.7012819012139188,0.02036816625356539,-0.7009860503417138,0.0001020543057424858,2.964084860392069e-06,-0.0001020112519358583
99083.19448927676,15.48266745987697,-89.75078460978798,29.72666509630141,-6834.255727038765,6.364371511043568e-07,0.0001463189439765432,-0.01097769997141171,2.35033033682608e-10,0.7012406672396796,0.02048883765911912,-0.7009412820786983,0.0001025740280407886,2.997006173133609e-06,-0.0001025302354552582
99311.60484209335,15.41862215251551,-89.78891439920254,25.01833212013234,-6790.791746072719,5.425148552733708e-07,0.0001472562352926648,-0.01088279738922337,2.359933251468319e-10,0.7011041022044247,0.02005863037375336,-0.7008171041544302,0.000103210570491443,2.952860606067931e-06,-0.0001031683210845764
99540.5417351527,15.36484622099213,-89.82536582905824,20.58771220017017,-6754.607988594427,4.512360151468997e-07,0.0001480457062454745,-0.010799913595941,2.367118405701128e-10,0.7010540089224895,0.01965162342172109,-0.7007785221617346,0.0001037561187553379,2.908443782545586e-06,-0.0001037153466654552
99770.00638225536,15.30738003982601,-89.81168042157206,22.07176694637877,-6715.257909296545,4.894485159616982e-07,0.0001489129993982877,-0.01071230251611548,2.37551312669847e-10,0.7009067973449105,0.01985518622737245,-0.7006255134836126,0.0001043419647592434,2.955784063548223e-06,-0.0001043000908455446
100000,15.25233807195225,-89.86091800057947,16.21266484739091,-6678.904888838304,3.63447200526865e-07,0.0001497242623148482,-0.01062980727499242,2.382949686225851e-10,0.7009206958596548,0.01929390761631526,-0.7006550984709066,0.0001049120800724042,2.887864479832299e-06,-0.0001048723261106793
100230.5238077899,15.2069106584681,-89.85784641321162,16.49476315664689,-6648.290733396238,3.731843342780799e-07,0.0001504136754112665,-0.01055674751696565,2.38841686153732e-10,0.7007301237111202,0.01936673009620433,-0.7004624444191013,0.0001053663581129151,2.912108028103106e-06,-0.0001053261081062607
100461.5790278395,15.1420718134881,-89.88411957394359,13.35947474247236,-6605.433735689466,3.061857160189655e-07,0.0001513898934625043,-0.01046457203315124,2.398384404281827e-10,0.7006982922521164,0.0190852723934112,-0.700438326437597,0.0001060451272542359,2.888404555883848e-06,-0.0001060057834907541
100693.1668851804,15.09703648378944,-89.86025074990454,16.03723190755825,-6575.089888465372,3.709568856272421e-07,0.0001520882707067897,-0.01039254290428734,2.403911290207059e-10,0.7004729688948598,0.01941152357966575,-0.7002039509347939,0.0001065000088780671,2.951330779876981e-06,-0.0001064591073495176
100925.2886076685,15.04756733324196,-89.92238936588528,8.86356651946312,-6543.493017256852,2.070086174707562e-07,0.0001528232952229184,-0.01031881377948915,2.409963629320861e-10,0.7005560683289817,0.01869512575926331,-0.7003065736842731,0.000107027028308839,2.856136495465146e-06,-0.000106988911915863
101157.9454259898,14.99625045847944,-89.89158363211453,12.31694100920596,-6509.237561062175,2.906973433008532e-07,0.0001536272735657833,-0.01024118599127174,2.417074350836393e-10,0.7005125393306575,0.01911134488458612,-0.7002517934687411,0.0001075833294573376,2.935082525511687e-06,-0.0001075432846238875
101391.1385736679,14.94597136125765,-89.94125182833513,6.64145581561938,-6477.261230759639,1.582996686237152e-07,0.0001543860766199895,-0.01016743827000104,2.423420174299962e-10,0.7006614913330732,0.01854922534748714,-0.700415913351556,0.000108137401200779,2.862816136146619e-06,-0.0001080994996391235
101624.8692870695,14.89736252556404,-89.9191118071239,9.099246571086654,-6445.292698123902,2.190379059505144e-07,0.000155151682593277,-0.0100939878179114,2.429838936326235e-10,0.7003365028547713,0.01885220433623374,-0.7000827177002129,0.0001086231409530225,2.924002448169619e-06,-0.0001085837785315252
101859.1388054117,14.8461771976692,-89.97992260419258,2.247323227162238,-6413.288460457056,5.463915049833952e-08,0.000155926227765046,-0.0100207656566376,2.436348200542276e-10,0.7002429613875573,0.01814789088330668,-0.7000077564065298,0.0001091505604480846,2.828807385565828e-06,-0.0001091138978082368
102093.948370768,14.79632901821334,-89.96991852702517,3.350206703793702,-6381.093344309937,8.227753810380535e-08,0.0001567129127244231,-0.009947529351979756,2.443008814873577e-10,0.7001773619656378,0.01830964151068774,-0.6999379224166311,0.0001096908170204186,2.86841541266065e-06,-0.0001096533060679311
102329.2992280754,14.75519889009508,-89.91828209559341,9.062224990711263,-6353.893882486237,2.244677959599794e-07,0.0001573834855156626,-0.009882346765857534,2.447823919710244e-10,0.6998978072042046,0.01897418948512261,-0.699640565335256,0.0001101161298751051,2.98524197691766e-06,-0.0001100756575679212
102565.1926251407,14.70337294404976,-89.96062975674843,4.343887321221269,-6321.687408036575,1.086956869906566e-07,0.0001581855386533212,-0.009809641788984374,2.454636085119137e-10,0.6999618827240094,0.01850018076346979,-0.6997173576368239,0.0001106871780127171,2.925491876021245e-06,-0.0001106485104902106
102801.6298126474,14.65420172871223,-89.96221543762532,4.148450998650787,-6290.62993838555,1.048328760592348e-07,0.0001589665224151771,-0.009738997831849091,2.461081490397685e-10,0.7001642955162484,0.01852768266527038,-0.6999191136773015,0.0001112656497834542,2.944301307470924e-06,-0.0001112266870474218
103038.6120441616,14.6069964457293,-89.94760046664182,5.725681645962891,-6260.691282214458,1.4607713947858e-07,0.0001597266369689284,-0.00967035507339432,2.467162995975724e-10,0.6997888836484695,0.01873778268057348,-0.6995379740787392,0.0001117375851933485,2.991923189304022e-06,-0.0001116975216397845
103276.1405761397,14.56160800803852,-89.97197645298495,3.048443390422882,-6232.720159737544,7.84734550825461e-08,0.0001604435519563298,-0.009605008637976888,2.472535316215622e-10,0.6998956221789644,0.01848467943805525,-0.6996514836483605,0.0001122560197247205,2.964751419852259e-06,-0.0001122168624292059
103514.2166679343,14.51544856665327,-89.98134365079783,2.020163963213159,-6204.154074921132,5.248333504168473e-08,0.0001611823113834854,-0.009538996869338214,2.47820687256955e-10,0.6995403230728769,0.01840274160975722,-0.6992982215808571,0.0001127154695380169,2.965195275976237e-06,-0.000112676460230835
103752.8415818013,14.47419259316301,-89.96383711299882,3.899499370338878,-6178.290645292414,1.021579128939945e-07,0.000161857002049141,-0.009477383761884166,2.48285751208666e-10,0.699459022804062,0.01865610928756434,-0.699210178821979,0.0001131739692155568,3.018598473043543e-06,-0.0001131337057258461
103992.0165829059,14.42127257331036,-89.97864052466483,2.291170454691787,-6145.955790466091,6.065665768970718e-08,0.0001627085997879299,-0.009406099393188653,2.490179764716685e-10,0.6995357880882648,0.0185194476626507,-0.6992906040227768,0.0001137817183531993,3.012246998494752e-06,-0.0001137418383859995
104231.7429393304,14.38048101071277,-90.00612945740374,-0.6548653674475757,-6121.426268175484,-1.747619060542967e-08,0.000163360619689944,-0.009347011014866955,2.494408103959041e-10,0.699344085233451,0.01822101263641099,-0.6991066758725138,0.0001142061813660208,2.975577141160576e-06,-0.0001141674112997463
104472.02192208,14.33705947250177,-90.00379090706764,-0.4032615743415053,-6094.896499336135,-1.085560842280323e-08,0.0001640716943645018,-0.009285097461082257,2.499503772728937e-10,0.69935555212849,0.01829199415179901,-0.6991162930749759,0.0001147049961919151,3.000166529226536e-06,-0.0001146657540514349
104712.85480509,14.28787944841589,-89.9638140886514,3.83003040987565,-6064.364293654457,1.0414333594485e-07,0.0001648976797410112,-0.009217335883370275,2.506310362002207e-10,0.6991421169215859,0.01881628194011345,-0.6988888661207493,0.0001152471120105091,3.101690056839747e-06,-0.0001152053659581624
104954.2428652322,14.25463633767399,-90.01632789644729,-1.722728023782772,-6045.178119444075,-4.714096621643678e-08,0.00016542108421462,-0.009167042258748077,2.508482236042133e-10,0.6992215811449753,0.01822011542745969,-0.6989841535633619,0.0001156258576174439,3.012945436751394e-06,-0.0001155865957175164
105196.1873823223,14.20219252964706,-90.02432661118475,-2.553337062611087,-6013.802229177836,-7.060082686806603e-08,0.0001662841213634332,-0.009098488979188538,2.515770324191924e-10,0.6988887302218776,0.01815631904450905,-0.698652850355527,0.0001161735935082896,3.018055288449095e-06,-0.0001161343841026643
105438.6896391259,14.16263485329026,-89.97657443953113,2.448747702992225,-5989.308167997454,6.82638298574263e-08,0.0001669641642723247,-0.009040590355399655,2.520249122603192e-10,0.6988564900794425,0.01878023458879933,-0.6986041057100564,0.000116643132677833,3.134528227123046e-06,-0.0001166010082876299
105681.7509213658,14.10778817552716,-89.95645343952187,4.52700740839728,-5956.345702956439,1.276001433561959e-07,0.0001678880763849645,-0.008970156655476383,2.528367711999317e-10,0.6986402752693877,0.01906227186502239,-0.6983801715540252,0.0001172521359362295,3.199203039230943e-06,-0.0001172084829759425
105925.3725177289,14.07215511208366,-89.98955703504184,1.081886376887971,-5935.816396046115,3.070582140564247e-08,0.0001684688171025466,-0.008918680182678052,2.531276997392554e-10,0.6988447952117527,0.01870693163388023,-0.6985943733694123,0.0001176919421277414,3.150420709043325e-06,-0.0001176497687679652
106169.5557198725,14.01828609497276,-90.01157009122808,-1.192329732418943,-5904.487629380867,-3.420045800273036e-08,0.000169362698677825,-0.008851203965856067,2.538855097053696e-10,0.6985917738250021,0.01847463905619746,-0.698347445164444,0.0001182733760866975,3.127803697423713e-06,-0.0001182320106188496
106414.3018224316,13.97938000111448,-89.96020441474862,4.084587094577188,-5880.79211452769,1.181071790139472e-07,0.0001700450378292712,-0.008795407368125271,2.543222190180316e-10,0.6984739402381908,0.01914035329666007,-0.6982116384503646,0.0001187296850862629,3.253561784391405e-06,-0.0001186850978699445
106659.6121230258,13.93751839055277,-89.95145115281407,4.962194513256632,-5856.22009931785,1.446900580051053e-07,0.0001707584867133445,-0.008738512714311053,2.548019461816214e-10,0.6985827924875987,0.01929300069342308,-0.6983163309589824,0.0001192462314271603,3.293264091747768e-06,-0.0001192007471503508
106905.4879222658,13.88642792206397,-89.94205187536868,5.892762607957827,-5826.423445724508,1.73585886761588e-07,0.0001716317027787239,-0.008674055092549034,2.555159923126344e-10,0.6980049521976593,0.01943454798381153,-0.6977343417355359,0.0001197567067225076,3.334385316112696e-06,-0.0001197102780866555
107151.9305237606,13.845094995913,-89.85288404261719,14.89501139799014,-5800.998264144479,4.426214999847526e-07,0.0001723829867918759,-0.008616340779799281,2.56045646577205e-10,0.6980118235755487,0.02056373122123151,-0.6977088495995474,0.0001202822373546521,3.543566908335798e-06,-0.0001202300285145396
107398.9412341245,13.81042731152552,-89.79876291258959,20.30124580797159,-5780.102145581396,6.076399308423054e-07,0.0001730051890029041,-0.008565557699865427,2.56380280486535e-10,0.6978057902963007,0.02125973356104002,-0.6974818597640791,0.0001206808992376123,3.676730401748225e-06,-0.0001206248775931052
107646.5213629835,13.76421736132282,-89.77076064385244,23.0184467508772,-5753.16924003138,6.954321479265195e-07,0.0001738144578251065,-0.008506037272748332,2.56988081270903e-10,0.6976184868803073,0.0216381275508832,-0.6972828297565208,0.0001212128848544055,3.75967654615803e-06,-0.0001211545636243044
107894.6722229828,13.73136098067216,-89.71464218987096,28.55523530943394,-5733.436690769406,8.686502081092073e-07,0.0001744111340932436,-0.008457366535713107,2.572794568976335e-10,0.6972908863801895,0.02235398090404258,-0.6969324786280319,0.0001215722017740947,3.897401687018138e-06,-0.000121509713621139
108143.3951297938,13.68941282588487,-89.66051618775242,33.82489588503213,-5708.670126100555,1.037889994705562e-06,0.0001751659968767611,-0.008401466108581838,2.578013477735235e-10,0.6972445780101065,0.0230543050142527,-0.6968633299182856,0.0001220906877045049,4.036913362270318e-06,-0.0001220239294346173
108392.6914021203,13.65760517085313,-89.61534886218418,38.19911307726403,-5689.870285887756,1.179855914847931e-06,0.0001757430099998276,-0.008354539128391987,2.580582607501671e-10,0.6968391796801995,0.02363348417480693,-0.6964382964506852,0.0001224220466034878,4.151975929910841e-06,-0.0001223516186671185
108642.5623617066,13.63768746672508,-89.53818072852926,45.76088822799886,-5677.218652511901,1.419694788670571e-06,0.0001761311470825655,-0.008316790325255225,2.580385012060768e-10,0.6967174706420122,0.0246108108627514,-0.6962826594756478,0.000122672003347072,4.333259319229631e-06,-0.0001225954455469547
108893.0093333433,13.60994139695408,-89.47667036979932,51.70333951818853,-5660.487365970234,1.613521333869255e-06,0.00017664849524618,-0.0082732082630352,2.582059859570498e-10,0.6964666910468508,0.02539290237506264,-0.6960036294781228,0.0001229889658229013,4.484129452991689e-06,-0.0001229071938384226
109144.0336448757,13.58503863257064,-89.48016657640382,51.23163745714357,-5646.570474494703,1.606693295124621e-06,0.000177084070939729,-0.008233886658950453,2.582470556661997e-10,0.6963945196739324,0.02539163454643988,-0.695931456342467,0.0001232791719531164,4.494951630129009e-06,-0.0001231971982120082
109395.6366272094,13.55659088376146,-89.47635687284063,51.46104741184808,-5630.588046992694,1.623060982169662e-06,0.0001775865091241937,-0.008191697108055748,2.58384452408039e-10,0.6964490528436756,0.02548383390034361,-0.695982655973978,0.0001236384921018831,4.524067889170578e-06,-0.0001235556940774548
109647.8196143185,13.53811255602493,-89.53273622338899,45.84416607427358,-5621.27673962045,1.450725548792884e-06,0.0001778836977815344,-0.008159341268663569,2.582171986193338e-10,0.696181175056637,0.02483345182150121,-0.6957381175225841,0.0001237964955555031,4.415940014175435e-06,-0.0001237177100726283
109900.5839432521,13.50150423042537,-89.5619830197214,42.82312327379092,-5601.464191368061,1.364739712116447e-06,0.0001785143175821772,-0.00811188332783387,2.585345370010786e-10,0.6963874652755869,0.02452969478559433,-0.6959553116879577,0.0001242714641822672,4.377363520958248e-06,-0.0001241943456788992
110153.9309541415,13.4723922685823,-89.58647540257512,40.31527461729554,-5585.774079618376,1.292052815949922e-06,0.0001790168911744139,-0.008070556793256432,2.586644621832515e-10,0.6963071799327278,0.02427362838529456,-0.6958839556929595,0.0001246063451762157,4.343841632581502e-06,-0.000124530607876318
110407.8619902073,13.44212910326057,-89.6576778824963,33.28122210319726,-5570.340847043304,1.072556605699147e-06,0.0001795158198508016,-0.008029747741988429,2.587845600668084e-10,0.6964954958498321,0.02345950047384134,-0.6961002999400454,0.0001249861776843258,4.20980941309811e-06,-0.0001249152597437289
110662.3783977666,13.3986169313709,-89.74203262086772,24.97913484184171,-5547.946939304604,8.115289009890248e-07,0.000180243203413819,-0.007979072853721524,2.592315358072277e-10,0.6966151053498788,0.02248294077694411,-0.6962521973937628,0.0001255129719983822,4.050875001857096e-06,-0.0001254475848774539
110917.4815262401,13.34760612292582,-89.81458488465168,17.86780647305115,-5521.374697205571,5.861007140769481e-07,0.0001811124190089785,-0.007922593117252612,2.598800316370361e-10,0.6966334751539369,0.02164640924231969,-0.6962970857844839,0.0001261207365312442,3.918934668327305e-06,-0.0001260598355315796
111173.1727281591,13.30427266230188,-89.82514017692397,16.77931794851932,-5498.010348386304,5.55084566726407e-07,0.0001818822851712291,-0.007870923376952752,2.603841705058418e-10,0.6963605489240997,0.02155435270363946,-0.6960268845219993,0.000126606924786004,3.918846803968105e-06,-0.0001265462604879967
111429.453359173,13.26367935908224,-89.86127461585124,13.26025130749875,-5476.68298220061,4.420933719935654e-07,0.0001825912036502383,-0.00782235882962568,2.607969626542152e-10,0.6962289057425542,0.02115614126311503,-0.6959073982063487,0.0001270759224574323,3.861425666868528e-06,-0.0001270172407991395
111686.3247780561,13.21740716233924,-89.888475774993,10.61263804685594,-5452.255791269395,3.570008598666998e-07,0.0001834096288879859,-0.00776955873430649,2.613628812788267e-10,0.696371543902879,0.02087488066976236,-0.6960585941676911,0.0001276713007909382,3.827156914004901e-06,-0.0001276139252417454
111943.7883467151,13.16945664421619,-89.84959045640235,14.24380058861002,-5425.904259315017,4.838142319159614e-07,0.0001842998071574527,-0.007714224222417021,2.620281830133125e-10,0.6959516239093638,0.02137933418459062,-0.6956231644302138,0.0001282135586848927,3.938665309410829e-06,-0.0001281530473544226
112201.8454301964,13.12242223239395,-89.84581625809915,14.53363795664431,-5400.790612332158,4.982605605317076e-07,0.0001851567354190742,-0.007660859046135057,2.62641162231658e-10,0.6959627101890975,0.02147053376696962,-0.6956314470705843,0.0001288115457146256,3.973851761526094e-06,-0.0001287502342194704
112460.4973966926,13.08051801790111,-89.82446911802144,16.47666749306535,-5378.202078632042,5.696276591345193e-07,0.0001859339979818712,-0.007611272096210461,2.631376642990098e-10,0.6959602134329278,0.02177477019878437,-0.6956194922976185,0.0001293517167883922,4.047076044752843e-06,-0.0001292883900881762
112719.745617551,13.03327668510755,-89.77396479510153,21.11565021640343,-5352.402353343936,7.370555048020191e-07,0.0001868290854421708,-0.007557338665770921,2.637979271519492e-10,0.6955604899839866,0.02242028416877428,-0.6951990550083874,0.0001298999286413443,4.187117232189956e-06,-0.0001298324285774176
112979.5914672798,12.99771620786302,-89.74603009398781,23.64027171278476,-5333.226073635165,8.311204022680815e-07,0.0001875000868669853,-0.007512943543360593,2.641375455819681e-10,0.6953101207093523,0.02279633775501589,-0.6949363215042176,0.0001303195671504692,4.272638611701446e-06,-0.0001302495072604095
113240.0363235557,12.95505512071165,-89.68036708453006,29.62157847031648,-5309.759228223116,1.050618453772601e-06,0.0001883265956218628,-0.007462682415474706,2.646947352144743e-10,0.6953368345041485,0.02363905753698767,-0.6949348950635682,0.0001308995585962364,4.450134156101951e-06,-0.0001308238921095158
113501.0815672315,12.92590336368436,-89.66382810135958,31.06342189115918,-5294.263307969683,1.108213076642933e-06,0.0001888771896940531,-0.007423789834058206,2.648589144285379e-10,0.6950413714295568,0.02387501755718879,-0.6946311910181712,0.0001312264458400071,4.507693825410205e-06,-0.0001311490022233364
113762.7285823431,12.88452874299066,-89.60895059475203,35.98127624883313,-5271.823028063203,1.294597271960474e-06,0.0001896788669526518,-0.007375321464926324,2.653745732699826e-10,0.6947232218815254,0.0245746598549848,-0.6942884423022314,0.0001317236593618165,4.659501829956903e-06,-0.0001316412225648352
114024.9787561168,12.85179508994924,-89.55850170874918,40.4859706554979,-5253.993917142209,1.466559331751975e-06,0.0001903200956627344,-0.007333472998722878,2.656626901018217e-10,0.6945869500761265,0.0252266981945012,-0.6941286947780353,0.0001321436360420512,4.799323719501898e-06,-0.0001320564539818085
114287.8334789772,12.82510566646307,-89.52205902603559,43.70764398625327,-5239.57054171966,1.591973351061537e-06,0.0001908420567360761,-0.007296520775737315,2.657813113571498e-10,0.6943376661454449,0.02570473316306553,-0.6938617018695576,0.0001324589155253722,4.903696349285351e-06,-0.0001323681157389184
114551.2941445536,12.78541375089284,-89.43230715224763,51.69807649339177,-5217.583193627967,1.898860165993937e-06,0.0001916408029301822,-0.007249190526046719,2.662874808136134e-10,0.6939536329840155,0.02682262594651379,-0.6934350665123932,0.0001329413853423365,5.13843704011703e-06,-0.0001328420430493462
114815.3621496883,12.7566841162044,-89.42046669417131,52.62553043688939,-5202.665541593759,1.944017804139263e-06,0.0001921895011389824,-0.00721183927564494,2.66436809144009e-10,0.6940313545900033,0.02701488990834938,-0.6935053834522661,0.0001333369711098484,5.190087697656304e-06,-0.0001332359217870286
115080.0388944436,12.7236020068804,-89.35080850559483,58.74602648621509,-5184.533946526431,2.185260902164003e-06,0.0001928566067688809,-0.007170176627888282,2.667536737122323e-10,0.6935790890696105,0.02788587143841678,-0.6930182760712381,0.0001337140910564957,5.376076083418313e-06,-0.0001336059727445226
115345.3257821092,12.69405216498139,-89.30234112879272,62.93864147860522,-5168.629613586804,2.355603271547653e-06,0.0001934461968220572,-0.007131740679006214,2.66959094217991e-10,0.693423766643672,0.0285118298630259,-0.6928373515509679,0.0001340939132335045,5.51360224972746e-06,-0.0001339805125998048
115611.2242192099,12.66197276426617,-89.27681554343576,65.03074938010403,-5151.921581394426,2.44968972138731e-06,0.0001940714118111734,-0.007092337198558049,2.672088806363399e-10,0.6931642753965839,0.02885590243453567,-0.6925633902977834,0.0001344774429314188,5.598193834577964e-06,-0.0001343608681244785
115877.7356155126,12.63202398696342,-89.2355891076466,68.52659061408426,-5136.048569899591,2.597308735839545e-06,0.0001946675545763204,-0.007054224122672193,2.674182297736015e-10,0.6930542997327193,0.02939585779558363,-0.6924306072975628,0.0001348701231546629,5.720508425755823e-06,-0.0001347487510261405
116144.8613840343,12.61025906066281,-89.18717403564933,72.69900853172518,-5124.180462070653,2.768166751729703e-06,0.0001951138849270125,-0.007021736821716711,2.674211274285292e-10,0.6929646156195886,0.03002346695243593,-0.6923139099663967,0.0001351631665255429,5.8560953501758e-06,-0.000135036245995145
116412.6029410491,12.57641715436327,-89.15148916101229,75.63003388496816,-5106.552275925046,2.899635977320733e-06,0.0001957838961418783,-0.006981486680460224,2.677271096879036e-10,0.69266520016723,0.03048796735876013,-0.6919939041415322,0.0001355696666662875,5.967159272851986e-06,-0.0001354382794125084
116680.9617060962,12.55002868912715,-89.16845814056173,73.93028468956567,-5093.665261365672,2.848853371426851e-06,0.000196280935663832,-0.006947851585623861,2.677871483228742e-10,0.6927428412610478,0.03033300816034852,-0.6920784296121166,0.0001359282160095849,5.951864732278966e-06,-0.0001357978468671615
116949.9391019871,12.52697259778874,-89.13964672748955,76.31128438835643,-5081.617093827183,2.954520176099209e-06,0.000196743382728516,-0.006915475848838009,2.678046997957534e-10,0.6923289049679257,0.03070935574548259,-0.6916474883376534,0.0001361677979223767,6.039940435060963e-06,-0.000136033776359293
117219.536554813,12.49077064121101,-89.16332496887455,73.9547032015511,-5064.08225436325,2.883179516916456e-06,0.0001974270410898492,-0.006875762749914805,2.681139311692145e-10,0.6924332622984848,0.03047489155991021,-0.6917623173617756,0.0001366604520373183,6.014604848041396e-06,-0.0001365280325778047
117489.755493953,12.45414347161895,-89.17238831778243,72.89426685606149,-5046.138734253856,2.862097226931344e-06,0.0001981299805996724,-0.006835642134988668,2.684484774742856e-10,0.6924051890406574,0.03041112449079873,-0.6917370232376128,0.0001371408825892163,6.023363948177713e-06,-0.0001370085426683205
117760.5973520807,12.41805839388107,-89.15435263463071,74.21576904348905,-5028.031472846097,2.934983120602022e-06,0.0001988416706160059,-0.006795448400559085,2.687955930845663e-10,0.6921624785138665,0.03066511463760201,-0.691482861253062,0.0001375856089277474,6.095503008646734e-06,-0.0001374505170128167
118032.063565173,12.37896044772154,-89.15814153683755,73.60254048289285,-5008.931588088753,2.932978242066996e-06,0.0001996002755812619,-0.00675406493603562,2.691999850908146e-10,0.6919680057833852,0.03065786123126166,-0.6912885190516039,0.0001380712977488021,6.117292491884491e-06,-0.0001379357168923521
118304.1555725165,12.34573264687008,-89.1510930829451,73.97632094525598,-4992.562478147664,2.967224265526436e-06,0.0002002539778002647,-0.006716509603969626,2.694614380633295e-10,0.6920899574227762,0.0307955133242488,-0.6914044731736672,0.0001385478732163283,6.164881934666487e-06,-0.0001384106477244414
118576.874816716,12.3065003451589,-89.13467688612306,75.114281753957,-4973.17595605115,3.036377783483728e-06,0.0002010328879369691,-0.006675041297004421,2.698896973795513e-10,0.6917526877876456,0.03102578474849275,-0.6910565691332166,0.0001390193038241897,6.235151770973222e-06,-0.0001388794071061484
118850.2227437018,12.26303921327596,-89.09663053131503,78.07461828921981,-4951.435249903908,3.183755404019751e-06,0.0002019114416434118,-0.006630575671036523,2.704512714549525e-10,0.6915325498038108,0.03152201334818662,-0.6908137448781957,0.0001395835575157834,6.362614116209247e-06,-0.00013943846911943
119124.2008027375,12.22163682784591,-89.05652793615494,81.20034763414282,-4930.741332151863,3.33899434499434e-06,0.0002027542726647432,-0.006587677825591358,2.709617020694749e-10,0.6913445538280552,0.0320442848748877,-0.6906015174574769,0.0001401294040592454,6.495092089984845e-06,-0.0001399787971827943
119398.8104464273,12.18407557320497,-88.99730280714152,85.96375290474475,-4911.609844979999,3.562333948595671e-06,0.0002035368850452228,-0.006547024902883153,2.713915181413249e-10,0.6910908043200052,0.03279365410851967,-0.69031230328445,0.0001406208378662394,6.672742696921151e-06,-0.0001404624310878317
119674.0531307244,12.13803378619776,-88.97583202151003,87.40487165150509,-4889.23396503174,3.655234350013607e-06,0.0002044656733264536,-0.006502209402213454,2.720065183322576e-10,0.6908808612347984,0.03308994319172747,-0.6900879799562554,0.0001412202549732423,6.763785880873795e-06,-0.0001410581852118666
119949.9303149379,12.09432057772282,-88.87119147471944,95.88942266284229,-4866.501487574998,4.047328006573786e-06,0.0002054066780019077,-0.006457092265731541,2.726485994788818e-10,0.6903694775285314,0.03437250177015878,-0.6895132679108342,0.0001417697465888742,7.058511455381732e-06,-0.00014159392099913
120226.4434617413,12.05828225972418,-88.77154910258236,103.9500430150419,-4847.55727400042,4.421596592280072e-06,0.0002061946498713922,-0.006417163145342084,2.730845829625455e-10,0.6901253635655937,0.035606800767158,-0.6892061906103796,0.0001422680680710373,7.340276162524235e-06,-0.0001420785822653196
120503.5940371797,12.01256177244693,-88.62119044993312,116.0907360937991,-4823.164429826263,4.987488405216003e-06,0.0002072127154984388,-0.006370187266904345,2.738344371213592e-10,0.6895160354316151,0.03743015962514385,-0.6884993436945083,0.0001428525011129678,7.754702783906071e-06,-0.000142641865029043
120781.383510678,11.96955194383486,-88.42961663015052,131.5742151407634,-4799.311777894518,5.708034237552595e-06,0.0002082067213215252,-0.006324105343796928,2.745624665518727e-10,0.6888537535876926,0.03974176716111898,-0.6877063950369845,0.0001434119411101127,8.273808398427565e-06,-0.0001431730734026358
121059.8133550482,11.93871435399128,-88.17720409366039,152.1195469374343,-4779.946739527942,6.651188819536339e-06,0.0002089956810415915,-0.006284101472060767,2.750407693238969e-10,0.6881603897566319,0.04277593350307484,-0.6868296306530026,0.0001438289372285298,8.94038242579077e-06,-0.0001435508019704836
121338.8850464977,11.91981994278166,-87.89786458821119,174.9218261692772,-4765.527919315226,7.691963820153979e-06,0.0002095580016631715,-0.00625073589979674,2.752384562959477e-10,0.6873519086574965,0.04611779759801447,-0.6858030293603347,0.0001440702487978902,9.666376844626549e-06,-0.00014374560079315
121618.6000646368,11.91378868246619,-87.55959240898819,202.6851037323412,-4755.753723484532,8.945301712074246e-06,0.0002098903725113843,-0.006223568704276965,2.75169804344224e-10,0.6865669754781842,0.05015668284827612,-0.6847324433550079,0.0001441674142673676,1.053205227272712e-05,-0.0001437821936522855
121898.9598924867,11.93265062079641,-87.2468879502423,228.7964179419252,-4757.880612882358,1.008367912894757e-05,0.0002096927122623221,-0.006212031824136974,2.744142066105031e-10,0.6857157244815989,0.05387425188143154,-0.6835960940391191,0.0001438883697202767,1.130479876187637e-05,-0.0001434435933240398
122179.9660164872,11.95705043854654,-87.03614252587316,246.6907364057076,-4764.64491669305,1.083750009806161e-05,0.0002093181142682542,-0.006206555913324138,2.733943852183697e-10,0.6855777207861513,0.05642509900056536,-0.6832517979786884,0.000143628484939245,1.182105432583919e-05,-0.0001431412042724543
122461.6199265049,11.99086617828087,-86.90028037966063,258.710126309989,-4777.378541286452,1.130218433772927e-05,0.0002087077676272885,-0.006208830246759808,2.720385661723705e-10,0.6850972715381344,0.0580526449249089,-0.6826332557722475,0.0001431269846146077,1.212805883513466e-05,-0.0001426122151632239
122743.9231158407,12.02046117363212,-86.81469401662859,266.5291759881184,-4789.260762081972,1.158416733635918e-05,0.0002081558158867001,-0.006209957321651171,2.70739515765462e-10,0.6850858746448693,0.05911962218924187,-0.6825302380921499,0.0001427574901737176,1.231928608676913e-05,-0.0001422249492564909
123026.8770812382,12.04530451748591,-86.81791901608267,266.9047378648136,-4800.879950948474,1.154447914025404e-05,0.0002076533331403821,-0.006210706095381737,2.694630898193887e-10,0.6852125452487833,0.0591405809131173,-0.6826555675123253,0.0001424384511834675,1.229383905149674e-05,-0.0001419069198345202
123310.4833228909,12.06347390591288,-86.8203731668989,267.1705813430488,-4809.378560275443,1.151522769517576e-05,0.000207287377657642,-0.006207390892011263,2.683682712742813e-10,0.6851603873502066,0.05915540115548595,-0.6826019300500246,0.0001421759519778196,1.227519224577146e-05,-0.0001416450527767512
123594.7433444511,12.06546789449026,-86.9639401856206,255.2939918467248,-4813.335757382748,1.098824339420248e-05,0.0002071733238120782,-0.006198210035627941,2.675309146928094e-10,0.685466004614519,0.05751913680729766,-0.6830484553698479,0.0001421414530987404,1.192743860634246e-05,-0.0001416401387224446
123879.6586530369,12.06144315117414,-87.05283009557341,247.8027136730363,-4813.270333956943,1.066782701698365e-05,0.0002072097377286266,-0.006183870495093954,2.669192386612116e-10,0.6857194357239509,0.05652908579532099,-0.6833854015039529,0.000142207152321899,1.172322074526861e-05,-0.0001417231112658111
124165.2307592411,12.05162564573548,-87.18794462146548,236.3342772379964,-4811.456583720673,1.018420234388398e-05,0.000207337031217349,-0.006167323123298717,2.664057292134099e-10,0.6858949761961571,0.05498040748679716,-0.683687847751964,0.0001423137402270659,1.14076756649353e-05,-0.0001418557915396493
124451.4611771385,12.03093034902897,-87.27479624727275,228.645555355478,-4803.510466098885,9.886951419417501e-06,0.0002077104649908751,-0.006142976768951986,2.662326961747284e-10,0.6861179687290035,0.05401062449881172,-0.6839888299190727,0.0001426056383316073,1.122579488423797e-05,-0.0001421631091851265
124738.3514242943,12.01302797813956,-87.31055521478608,225.2791080581508,-4795.808009968809,9.773274432618922e-06,0.0002080563449118351,-0.00611902067159743,2.660469858077508e-10,0.6859930653919972,0.05362318816956055,-0.6838940264810337,0.0001428125655906147,1.116347302033904e-05,-0.0001423755799310324
125025.903021772,12.00059906273399,-87.36303652004841,220.6564168751154,-4791.023368716232,9.592675295969421e-06,0.0002082818717096616,-0.0060988565822811,2.657001762291589e-10,0.6859697218060469,0.05304426382725703,-0.6839157589277276,0.0001429560907604094,1.105442463851561e-05,-0.0001425280448943639
125314.1174941416,11.98605676406907,-87.41137151834315,216.3416802886934,-4785.171032107649,9.428844365319717e-06,0.0002085526601391446,-0.006077396853037589,2.654132907425669e-10,0.686130189450942,0.05252902090927729,-0.6841164658435712,0.0001431695967594832,1.096083346481201e-05,-0.000142749408286093
125602.9963694875,11.98325843264345,-87.41473894425154,216.0004857667375,-4783.855848108771,9.419200985144212e-06,0.0002086111036155501,-0.006061752723046832,2.648756570661358e-10,0.6861858590271771,0.05254264690496933,-0.6841712529660133,0.0001432206298947632,1.096669493704882e-05,-0.0001428001415601905
125892.5411794168,11.97297708639652,-87.44153466507851,213.5661136773981,-4779.546071306233,9.330239497096341e-06,0.0002088079834615286,-0.00604236260430818,2.645047523504218e-10,0.6860349572213958,0.05226086723430149,-0.6840414931023419,0.0001433209311863351,1.091792200642676e-05,-0.0001429044726213276
126182.7534590671,11.9662802709483,-87.48883893194338,209.515227157185,-4777.332312835656,9.162419802127801e-06,0.000208920013969349,-0.006025673331237617,2.640186947304995e-10,0.6866256160775518,0.05179044283851643,-0.684669618636951,0.0001435157120690453,1.082502911091708e-05,-0.0001431068773869128
126473.6347471152,11.95872548160128,-87.58796987839013,201.1693788059904,-4775.788852448726,8.804440088126161e-06,0.0002090186243776058,-0.00600987237023899,2.6349659905665e-10,0.6864302913855213,0.05064132712742356,-0.6845597131867934,0.0001435315980853085,1.058902950959327e-05,-0.0001431404628432069
126765.1865857846,11.9497095003399,-87.71873238566344,190.1884175264932,-4774.203026935864,8.330932870560684e-06,0.0002091271668648794,-0.00599405902776733,2.629778968734535e-10,0.6866758789060683,0.04914651565110818,-0.6849148725723342,0.0001436437431673835,1.028081761515504e-05,-0.0001432753633403215
127057.4105208542,11.93138818971119,-87.83420264914977,180.3167368993602,-4767.974629227838,7.920406528637893e-06,0.0002094331232424271,-0.00597247124482996,2.627158020132442e-10,0.6869611529916301,0.0478361568974662,-0.6852936070129874,0.000143902062264194,1.002053987821755e-05,-0.0001435527509469499
127350.3081016662,11.91017660230323,-87.97554027605999,168.2902153743167,-4760.927549213659,7.415379995992558e-06,0.0002097809835960119,-0.005949927915013997,2.624995475109377e-10,0.6872362987763047,0.04621438237616681,-0.6856806554201043,0.000144185459533387,9.695998264096675e-06,-0.0001438590781234073
127643.8808811344,11.89112802861909,-88.08985593753462,158.560193775018,-4754.334542568553,7.006996639823105e-06,0.0002101006902882677,-0.005928022858118583,2.622589956482063e-10,0.687529512340354,0.04491588341029305,-0.686060779928745,0.0001444565688868673,9.437259476886994e-06,-0.0001441479740687747
127938.1304157525,11.8682789840958,-88.20326013133428,148.8779310324383,-4745.974055275699,6.603169644390311e-06,0.0002104977655018076,-0.005903988343650309,2.621167484470628e-10,0.6876279135376667,0.04361477383807454,-0.6862433234496482,0.0001447406819273397,9.180593142229675e-06,-0.0001444492357693462
128233.0582656022,11.83840537266774,-88.33116683985033,137.9443738144651,-4734.682559094273,6.148281850064819e-06,0.0002110282720413873,-0.005876395240375963,2.621375674347599e-10,0.6878661734453976,0.04214807132885021,-0.6865736760564535,0.0001451455947092629,8.893600405195692e-06,-0.0001448728668016835
128528.6659943616,11.81492940631955,-88.45080852859451,127.8198635832088,-4726.17753953291,5.718218458627172e-06,0.0002114328312337241,-0.00585234827987363,2.620053139527055e-10,0.6881397854116994,0.04078144410798863,-0.686930300745954,0.0001454728155534184,8.62120113164817e-06,-0.00014521713038098
128824.9551693134,11.78793261139813,-88.59063987205826,116.0388104961511,-4716.46174303154,5.213241397129825e-06,0.0002118950849428664,-0.005826885010910476,2.619412016959958e-10,0.6883452657372261,0.03916760689562267,-0.6872300222144856,0.0001458248541221211,8.29759547448846e-06,-0.0001455885915485127
129121.9273613534,11.76114494699182,-88.69532360180679,107.1824879275015,-4706.180591557378,4.836836973047799e-06,0.0002123763753504365,-0.00580081105925064,2.619096759211223e-10,0.688502474822155,0.03797178477415051,-0.6874545813341401,0.0001461827755343247,8.062165487075627e-06,-0.0001459602868953668
129419.5841449986,11.72584547311347,-88.87911679029384,91.83220107936805,-4693.554379106271,4.167015005484394e-06,0.0002129766171006756,-0.00577194236127703,2.620102477059944e-10,0.6891452150855069,0.0358511476782676,-0.6882120477624615,0.0001467224660507168,7.63288880624556e-06,-0.0001465237900563429
129717.9270983956,11.6874368188357,-88.96864983126332,84.21135764120113,-4677.784901093063,3.847241487653608e-06,0.0002137071369693711,-0.005739319201153054,2.622888831840563e-10,0.6892236015684232,0.03483113543619373,-0.6883429123359768,0.0001472377968377925,7.440922846103084e-06,-0.0001470496565274649
130016.9578033291,11.65719125279897,-89.04456640201339,77.80646255452098,-4665.492937517605,3.573549709661025e-06,0.0002142800274541314,-0.005711072428640086,2.623750868202826e-10,0.6890762736787444,0.03396342257871176,-0.6882387644369675,0.0001475971913174461,7.27481988805562e-06,-0.0001474178004190645
130316.6778452299,11.61924936011914,-89.15450520748135,68.62966371138455,-4650.418532587598,3.172730725318866e-06,0.0002149875865046007,-0.005679527050148526,2.626201777635201e-10,0.6890511065880299,0.03269331988875319,-0.6882750717008719,0.0001480743236167752,7.02566352920518e-06,-0.0001479075568270258
130617.0888131842,11.58060490352009,-89.24151388656195,61.35765888876689,-4634.665643066321,2.855984544153245e-06,0.0002157274851035551,-0.005647269843283539,2.629067419061832e-10,0.6893180742433486,0.03171222053059011,-0.6885882242295303,0.0001486379754966556,6.838120795460737e-06,-0.0001484805976002624
130918.1922999407,11.53724766486311,-89.31816071328292,54.9428429592197,-4616.695563992202,2.577431596640987e-06,0.0002165744686262004,-0.005612435574090319,2.633230607948876e-10,0.6892248019823627,0.03083887203778782,-0.6885345246529502,0.0001491984838907012,6.675779716144086e-06,-0.0001490490575631572
131219.9899019203,11.50454217934573,-89.42776485819189,45.98457082186431,-4604.111203734497,2.169088178844618e-06,0.0002171755223027584,-0.005584263930875352,2.634355168783552e-10,0.6893804151370149,0.02958048069890159,-0.6887454914089128,0.0001496428245014092,6.420992799763945e-06,-0.0001495050025123739
131522.4832192238,11.46525503301483,-89.48295701769642,41.40089318116808,-4587.688331697773,1.966919253451272e-06,0.0002179569524976973,-0.005551547214461271,2.637705018050018e-10,0.6894536788558621,0.02897234273404494,-0.6888446694606726,0.000150195471158673,6.311540283216285e-06,-0.0001500628002398633
131825.6738556407,11.43295333429843,-89.56382184841286,34.82789941856515,-4574.857978899749,1.663975315420425e-06,0.0002185733528444013,-0.005523288749372379,2.63901898903523e-10,0.6896836646997735,0.02806184949137725,-0.6891125379477817,0.0001506683321312201,6.130393216176351e-06,-0.0001505435637488986
132129.5634186575,11.39409512796063,-89.5923419864196,32.43254752266262,-4558.273536356734,1.560839731215629e-06,0.0002193702001460988,-0.005490608963699243,2.642528917503533e-10,0.6895188339422764,0.02776471171090976,-0.6889596092259158,0.0001511805436336312,6.08755555854444e-06,-0.0001510579307440755
132434.1535194665,11.34851642697291,-89.66458127873859,26.57594619548603,-4539.61589562361,1.289542428610516e-06,0.0002202754048318959,-0.005455558783941927,2.64728697947948e-10,0.6895269377821003,0.02694899037388225,-0.6890001087409122,0.0001518045297486201,5.933022463293651e-06,-0.0001516885443817355
132739.4457729739,11.31733267898563,-89.72611047198181,21.64089743444691,-4527.09036470193,1.055910274178875e-06,0.0002208873843011738,-0.005427993202550351,2.648506042840983e-10,0.689518702882949,0.02626151013757044,-0.6890184139126319,0.0001522232049828745,5.79768354957856e-06,-0.0001521127575212453
133045.4417978092,11.2773020660202,-89.76575521249877,18.44018737107909,-4510.405693551292,9.064145265240703e-07,0.0002217058405579816,-0.005395550210351795,2.652189338423927e-10,0.689640090019873,0.02584217814170018,-0.6891557411728579,0.0001528132765977519,5.726215707880629e-06,-0.0001527059525958561
133352.1432163324,11.23914430846269,-89.80846163863596,15.0255681855897,-4494.652813619892,7.437615945249213e-07,0.0002224841085676825,-0.005364339826237519,2.655363498813328e-10,0.6897135103324485,0.02538420999253073,-0.6892462319216288,0.0001533652132932175,5.644451966596696e-06,-0.0001532613089154301
133659.5516546442,11.20848249050968,-89.8461014334395,12.03907001096086,-4482.083604893684,5.992801602808354e-07,0.0002231089094662067,-0.005337035417514698,2.656685701867202e-10,0.6897199220877414,0.02498478452390952,-0.689267242415461,0.0001537966356717672,5.571211849485322e-06,-0.0001536956952633431
133967.6687425935,11.1726099359861,-89.87425712405012,9.803789189469411,-4467.17030873689,4.912774749559216e-07,0.0002238542778777456,-0.005307043430268923,2.659424231787606e-10,0.6894899362585053,0.02469109660928291,-0.6890476920721734,0.0001542584037117396,5.524096797567063e-06,-0.0001541594611766179
134276.4961137863,11.14378951512572,-89.89463630767061,8.192824501829424,-4455.175466300295,4.127647073088368e-07,0.0002244572914928575,-0.005280620349242426,2.660451329521965e-10,0.6894927773294952,0.02449948160964291,-0.6890573745272592,0.0001546740644909239,5.495974030592657e-06,-0.0001545763904857321
134586.0354055948,11.1069359577642,-89.95031642975746,3.850485731730928,-4440.432221961597,1.952831181388123e-07,0.0002252031329561387,-0.005251040611010804,2.663145448392825e-10,0.6894643951791984,0.02388235344617888,-0.6890506406743191,0.0001551810268657407,5.375314748175433e-06,-0.0001550879011737015
134896.2882591653,11.07979406702016,-89.98097843001855,1.470515463949498,-4429.409705915997,7.495107084758236e-08,0.0002257636922698016,-0.005225958836772158,2.663632337060768e-10,0.6895108081925483,0.02356880416916837,-0.6891078769571397,0.000155577305181159,5.31793119906791e-06,-0.0001554863900641901
135207.2563194277,11.04437188826149,-90.05312160522185,-4.093962082745749,-4415.65499831952,-2.099680305868455e-07,0.0002264667735091209,-0.005197748546207323,2.665784249610927e-10,0.6894798856300828,0.02275382885241671,-0.6891043287928375,0.0001560544563762498,5.150021728040954e-06,-0.0001559694541603822
135518.9412351036,11.00723098724709,-90.09420469391279,-7.235558735690643,-4400.700083869971,-3.736176256265589e-07,0.0002272359573725662,-0.005168230839390596,2.668691424437821e-10,0.6893498761461221,0.02230936996061841,-0.6889887834751987,0.0001565546906581125,5.066565809060458e-06,-0.0001564726847662548
135831.3446587154,10.97136036814886,-90.12968785028131,-9.92818385128769,-4386.240193013053,-5.160392857193522e-07,0.0002279845226579276,-0.005139401439780891,2.671331107043993e-10,0.68949611147652,0.021941311013707,-0.6891469122126583,0.0001571035072435244,4.999385575058061e-06,-0.0001570239412703937
136144.4682465949,10.93385960177227,-90.19763754495612,-15.07996630089525,-4371.714886347125,-7.890264147359781e-07,0.000228740466271307,-0.005110600841235209,2.67404247362602e-10,0.6894030075465212,0.02117526368107988,-0.6890777278523994,0.0001576032529237473,4.840841135191988e-06,-0.0001575288912842672
136458.3136588925,10.89824229751149,-90.22301146793218,-16.95995187644142,-4357.303976584036,-8.932691165002709e-07,0.0002294962333526986,-0.005082038959977501,2.676715865930994e-10,0.689425357975414,0.02092501237499565,-0.6891077332874984,0.00015812893749638,4.79943178138026e-06,-0.0001580560860211018
136772.8825595849,10.86196563431499,-90.30286795530193,-22.96067712628006,-4343.601288629224,-1.21694976099584e-06,0.0002302172763018576,-0.005054405544202093,2.678984360942271e-10,0.6893063773887926,0.02001545259921105,-0.6890157208410482,0.0001585989647809304,4.605252709081156e-06,-0.000158532089108383
137088.1766164854,10.82121996327065,-90.32734031632522,-24.7222003434315,-4327.185677641554,-1.32026735187301e-06,0.0002310895428529502,-0.005023722740143939,2.682962488353348e-10,0.6894330278819744,0.0197792707420461,-0.6891492439112301,0.0001592290698074978,4.568152023992992e-06,-0.0001591635280422205
137404.1975012515,10.77949219354895,-90.38096786946532,-28.66444317875502,-4310.934187368808,-1.542344977183264e-06,0.0002319580272113515,-0.00499334443736582,2.686882896841114e-10,0.6893747011790247,0.01918722843933952,-0.6891076322973692,0.0001598144535985737,4.448083783550017e-06,-0.0001597525402917436
137720.9468893947,10.73908021776493,-90.38987193860325,-29.22287235929194,-4294.541986127853,-1.584415514245541e-06,0.0002328429206322104,-0.004962916686572442,2.690935441021854e-10,0.6892488645048838,0.01913138323518029,-0.688983299795271,0.0001603945717307419,4.452049439106034e-06,-0.0001603327723719635
138038.4264602885,10.6993287697251,-90.42765953718882,-31.93914358966242,-4278.974243759854,-1.744294158488862e-06,0.0002336878494178028,-0.004933553067219326,2.694514092193924e-10,0.6889772256985689,0.01872445543035452,-0.6887227397873061,0.0001609134749478045,4.373173854547471e-06,-0.0001608540387127896
138356.6378971781,10.65823769345766,-90.41623791471628,-30.96360597075802,-4262.112287235415,-1.704428694898849e-06,0.0002346130644507476,-0.004902809498958312,2.698952519513713e-10,0.6889217740822122,0.01891518560275206,-0.6886620554075824,0.0001615368756050128,4.435191481395768e-06,-0.0001614759773364222
138675.5828871888,10.62749004422781,-90.42315940332878,-31.38742708490416,-4249.780081872412,-1.737797284188903e-06,0.0002352934588967926,-0.004877379946790611,2.700559031325897e-10,0.6890060297973301,0.01888938476577995,-0.6887470509847934,0.0001620248500096316,4.441978155619293e-06,-0.000161963949231638
138995.2631213353,10.59311550284242,-90.40934990906088,-30.26243246368622,-4235.692051306608,-1.686680830290757e-06,0.0002360768783053587,-0.004850030945241756,2.703309394656757e-10,0.6886341761506088,0.01910028751458754,-0.6883692378218886,0.0001624758446976266,4.506507889642442e-06,-0.0001624133353417997
139315.6802945303,10.54919935682443,-90.41644390836224,-30.65982350370582,-4218.209266128595,-1.723020578731431e-06,0.0002370548992252578,-0.004818903760733099,2.708270319737575e-10,0.6884474539182095,0.0190651987392889,-0.6881834166873658,0.0001631044007615517,4.516855713640336e-06,-0.000163041846046489
139636.8361055938,10.52034764206803,-90.40420066160227,-29.67548213715222,-4206.454458098404,-1.677041411897984e-06,0.000237718069445017,-0.004794422722318341,2.709592242907481e-10,0.6883676464573452,0.01926544266063217,-0.6880980013110883,0.0001635410195154863,4.577045638841135e-06,-0.0001634769577566962
139958.7322572618,10.49709691002466,-90.37380908645646,-27.38013653689289,-4196.644930685113,-1.554578551692961e-06,0.0002382754442996805,-0.004772240890924656,2.70967937469402e-10,0.688206428920215,0.01968136288914526,-0.6879249470414202,0.000163885026176513,4.686792416830153e-06,-0.0001638179959031299
140281.3704561958,10.46905560668751,-90.38037816455395,-27.78792306536323,-4185.59073749765,-1.586073919676206e-06,0.000238904371930488,-0.004748723607889308,2.710587120385777e-10,0.6880079117272412,0.01965247853284384,-0.6877271746025421,0.0001642698584242914,4.692256893052326e-06,-0.0001642028291838674
140604.7524129914,10.44235302638427,-90.42484529569801,-30.96341415277317,-4175.732800622518,-1.775658977399246e-06,0.0002394657578153987,-0.004726643337758418,2.710737293219713e-10,0.688159532661511,0.01917872597111808,-0.6878922291049914,0.000164692579061005,4.589915119059101e-06,-0.0001646286071038847
140928.8798421875,10.40683169135744,-90.45841325380292,-33.3022568837407,-4162.266334283793,-1.922144941502544e-06,0.000240238348036287,-0.004700564301001023,2.713252834141854e-10,0.6879399366930536,0.01882560965100355,-0.6876823052242298,0.0001651714754304932,4.519949425936833e-06,-0.0001651096192021319
141253.7544622754,10.377815845855,-90.47041681307059,-34.08206805466552,-4151.031009235993,-1.977810636195529e-06,0.0002408877673759748,-0.004677094117339648,2.714339420137034e-10,0.6880858665138652,0.01874153688918227,-0.6878305856031469,0.0001656529068878533,4.511922445040396e-06,-0.000165591449405595
141579.3779957082,10.34104728156685,-90.51734849224836,-37.35938902603424,-4137.399016385408,-2.182275327614005e-06,0.0002416780367489528,-0.004651012840452264,2.717019308709015e-10,0.6879487028727798,0.01823065065613637,-0.6877071041955246,0.0001661639185011487,4.403346262881681e-06,-0.0001661055638843731
141905.7521689092,10.30360091940021,-90.57116910125457,-41.10936818762898,-4123.674173285932,-2.417291123006799e-06,0.0002424780874218395,-0.00462492265710025,2.719792606682813e-10,0.6881915766105315,0.01764715970328868,-0.6879652781006435,0.0001667738465239808,4.27654857159931e-06,-0.0001667190061652212
142232.878712282,10.27394318840708,-90.57182439639271,-41.04130980134726,-4112.129140159923,-2.426858548249768e-06,0.0002431588027674614,-0.004601367034218391,2.721155665268008e-10,0.6879481746300042,0.01768946647476832,-0.6877207091200561,0.0001671824144350942,4.298823406154057e-06,-0.0001671271366764544
142560.7593602188,10.23671615353181,-90.60272218084168,-43.11268285757173,-4098.212630771046,-2.566658063060324e-06,0.0002439818122118281,-0.004575247781759933,2.724116295560166e-10,0.6877702070136473,0.01737064743762976,-0.6875508114046502,0.0001677053084419131,4.235644051830265e-06,-0.0001676518112012614
142889.3958511103,10.19993495197605,-90.62062755957631,-44.24294625612095,-4084.309358750903,-2.651891940096882e-06,0.0002448107096356701,-0.004549239078867899,2.72710275504509e-10,0.6877399663955168,0.01721168462805717,-0.687524559044963,0.0001682677316640079,4.211142687633014e-06,-0.000168215028450537
143218.7899273543,10.16034264901797,-90.64073222439013,-45.5098448295083,-4069.427505916158,-2.747795510400012e-06,0.0002457040816672798,-0.004522238342114193,2.73078064111628e-10,0.6876213553670056,0.01702428770751363,-0.6874105774461211,0.0001688528053984432,4.180496601635711e-06,-0.0001688010466172774
143548.9433353656,10.12530375575486,-90.67503095280946,-47.79477586750929,-4056.572850892873,-2.90403326361859e-06,0.0002464792915431012,-0.004497585326864074,2.73313354116644e-10,0.6876231648425614,0.01666973636618426,-0.6874210767190531,0.0001693866505126048,4.106363706700621e-06,-0.0001693368688413354
143879.8578255845,10.08893601852876,-90.68754919710557,-48.51720359980295,-4042.907152883848,-2.967875550726701e-06,0.0002473111474411276,-0.004472124643207899,2.736064706171262e-10,0.6873867226068608,0.01657088580283518,-0.6871869557550629,0.0001698998142075318,4.095788188166881e-06,-0.0001698504382887236
144211.5351524869,10.05170032529319,-90.68608776611336,-48.24440394412066,-4028.739103439505,-2.971983425303183e-06,0.0002481810295378757,-0.004446202878722706,2.739371844674625e-10,0.6871588772062732,0.01664004829535645,-0.686957372270008,0.0001704403339508743,4.12733573340401e-06,-0.0001703903534154129
144543.9770745927,10.01592591422567,-90.70308755173384,-49.27720501425176,-4015.480217852875,-3.055664627159716e-06,0.0002489987177479719,-0.00442137775985784,2.742095909631708e-10,0.6874189737479465,0.01649973345356423,-0.6872209282789933,0.0001710667122991686,4.106018692391778e-06,-0.0001710174279637729
144877.1853544762,9.984203409872674,-90.70706478564756,-49.40904189502,-4003.573531543625,-3.082085434289285e-06,0.0002497388168929546,-0.004398128773816335,2.743925541379998e-10,0.6869117803752935,0.01649726644625951,-0.6867136479043915,0.0001714482079872682,4.117598285116572e-06,-0.0001713987555567658
145211.1617587742,9.948368109769664,-90.71317423871739,-49.66968046947344,-3990.21155174227,-3.11912108407692e-06,0.0002505744523284335,-0.004373368305510382,2.746782109507953e-10,0.6870581977483454,0.01648506279032727,-0.6868604005167306,0.0001720582497786465,4.128312653120705e-06,-0.0001720087159173314
145545.9080581966,9.911579599857257,-90.71141163634954,-49.37564523033973,-3976.41893151022,-3.122206057403303e-06,0.0002514437880622498,-0.004348227560619513,2.749970271094445e-10,0.6867070816145906,0.01655537999685851,-0.686507491097357,0.0001725663547869219,4.160291417780385e-06,-0.0001725161986010732
145881.4260275348,9.874750981947669,-90.68788699616246,-47.57333159151325,-3962.308005428041,-3.029734004396985e-06,0.0002523417826402827,-0.004322832058122552,2.753416431074542e-10,0.6864920019310814,0.01688970925168475,-0.6862842023802802,0.0001731270077000602,4.259430285338936e-06,-0.0001730746025528328
146217.7174456718,9.84044620976084,-90.70067185121559,-48.30436724429567,-3949.778206505236,-3.095822334602772e-06,0.0002531409122199026,-0.004299251394862731,2.755798265423844e-10,0.6863105303899315,0.01679000251044397,-0.6861051230968971,0.0001736292978747273,4.247692870961757e-06,-0.0001735773320043397
146554.7840955911,9.804064038721677,-90.71611263908538,-49.20397374265286,-3936.577959570278,-3.17464099892365e-06,0.0002539880589985295,-0.004275028242841682,2.758679674347673e-10,0.6861591657746633,0.01665941379563526,-0.6859568971215084,0.0001741719731984923,4.22876078590324e-06,-0.0001741206301104838
146892.6277643867,9.770433310126061,-90.73629386086533,-50.43571729194419,-3924.512774454203,-3.274122960401325e-06,0.0002547666232017912,-0.004252123587056608,2.760796429224946e-10,0.6862278582326896,0.01647755646576066,-0.6860300019296109,0.0001747235974607695,4.19542562797623e-06,-0.0001746732203671562
147231.2502432718,9.735097237883055,-90.70705791001888,-48.26683745790165,-3911.059692622294,-3.154959696509516e-06,0.000255646243896309,-0.004227801378985792,2.763921391967262e-10,0.6858034881762954,0.01687541466531045,-0.6855958319408367,0.0001752167580135091,4.311519988987317e-06,-0.0001751637036721625
147570.6533275894,9.702194938170894,-90.70268572798592,-47.81978179174708,-3898.946848194186,-3.145195434458369e-06,0.0002564409406872824,-0.004205014003462817,2.766131465229755e-10,0.6855883242123028,0.01698074668854959,-0.6853780012067303,0.0001757055715888648,4.35189996321088e-06,-0.0001756516690899346
147910.8388168207,9.666386716725647,-90.70217941212384,-47.62531526237064,-3885.891414105532,-3.153488941834399e-06,0.0002573025613802741,-0.004181294838299019,2.769041540464104e-10,0.6855072573237379,0.01704324760060851,-0.6852953578966793,0.0001762745051959858,4.382579477654064e-06,-0.000176220016397717
148251.8085145954,9.626893422936249,-90.70289617218246,-47.49837987622004,-3871.582006486105,-3.168374489946333e-06,0.0002582534751090968,-0.004156316338341593,2.772883789683365e-10,0.6852666363754343,0.01708726191629143,-0.6850535660877226,0.0001768633252332751,4.410122718992984e-06,-0.0001768083330337534
148593.5642287007,9.593100639886842,-90.67682288916873,-45.58687079873985,-3858.932443216238,-3.060869593764115e-06,0.0002591028682792801,-0.004133208437279837,2.775574929314791e-10,0.685221450528279,0.01745655308759069,-0.6849990547572886,0.0001774317876236514,4.520213746505534e-06,-0.000177374200285753
148936.1077710915,9.561224398348179,-90.67195310386488,-45.12312402692126,-3847.360802248762,-3.047990387231108e-06,0.000259882687521095,-0.00411133672485258,2.777520133157948e-10,0.6848753392748577,0.01756472836010342,-0.6846500643865354,0.0001778751616210676,4.561894284573844e-06,-0.0001778166534446571
149279.4409578996,9.520130526075333,-90.6645379767987,-44.45289213394484,-3832.510686410726,-3.026041286335381e-06,0.0002608904620301301,-0.00408604839541705,2.78186952662284e-10,0.6845775444832815,0.01770456931702486,-0.6843485680821272,0.0001784864393588941,4.616022776738433e-06,-0.0001784267395003922
149623.5656094434,9.491068310894308,-90.64638619772188,-43.11778861934313,-3821.805770429517,-2.951644029022506e-06,0.0002616231152752447,-0.004065263900264901,2.783245527270548e-10,0.684536799500796,0.01797935112829913,-0.684300645041197,0.0001789757978961339,4.700797263476191e-06,-0.000178914054052904
149968.4835502373,9.458287420984391,-90.65518696613356,-43.57294700355774,-3810.26679961537,-3.000885118293852e-06,0.0002624144961955707,-0.004043668251500185,2.785253605290778e-10,0.6844847029401951,0.01793205375365971,-0.684249771653088,0.0001795032470670296,4.702606006439375e-06,-0.0001794416373207603
150314.1966090022,9.41890678781224,-90.64384084271461,-42.65929757538178,-3796.116471675447,-2.959918828619574e-06,0.000263393849846917,-0.004019385491520026,2.789206076944264e-10,0.6844411344485379,0.01812570861535987,-0.6842010853633548,0.0001801607073170805,4.771104950314853e-06,-0.0001800975208561845
150660.7066186742,9.384664566796181,-90.62730375777795,-41.42796272549477,-3783.737216249779,-2.893340749165635e-06,0.0002642572878722045,-0.003997063964734373,2.791895540308108e-10,0.6840647518363409,0.01837251854055794,-0.6838179840186944,0.0001806507278984605,4.851892805132882e-06,-0.0001805855604040675
151008.0154164149,9.351893498097398,-90.59945078546335,-39.46272352546919,-3771.727489616707,-2.77369626222238e-06,0.0002651014807257117,-0.003975213317735131,2.794343712564407e-10,0.6836638391329422,0.01875348457139225,-0.6834065786590175,0.0001811200794701388,4.968278884283788e-06,-0.0001810519245746849
151356.1248436208,9.314466072304317,-90.56791128656089,-37.25100142794611,-3758.078626122034,-2.637324442298816e-06,0.0002660672797192734,-0.003951718442139603,2.798042259891305e-10,0.6836431518464948,0.01918873925292923,-0.683373800604393,0.0001817728012271834,5.102063666698075e-06,-0.0001817011838495228
151705.0367459337,9.28087514473129,-90.58928150261293,-38.53569463177563,-3746.689488023122,-2.744870425999848e-06,0.0002668740571397171,-0.003930681307885486,2.800092831835588e-10,0.6834676795242901,0.01898875803517217,-0.6832038466099261,0.0001822772607178947,5.064202599156095e-06,-0.0001822068978575017
152054.7529732496,9.245774320602711,-90.54376328756615,-35.43568377674786,-3733.709528747559,-2.541678669338036e-06,0.0002678060320921168,-0.003908054933830496,2.803364720055001e-10,0.6830085115120683,0.01957825736452369,-0.682727851077206,0.0001827888751566379,5.239594501195635e-06,-0.0001827137639328029
152405.2753797291,9.211522079641835,-90.52662159306877,-34.20667032552009,-3721.53872124316,-2.469613715611949e-06,0.0002686833585877033,-0.003886356833239382,2.806064113275477e-10,0.682932881771439,0.01984031482243218,-0.6826446241730678,0.0001833662524310527,5.327088903092562e-06,-0.0001832888557835066
152756.6058238072,9.173567373679049,-90.52628294283066,-34.06421703525391,-3708.425296374901,-2.476753007387857e-06,0.0002696334836043378,-0.003863755769003262,2.809510093985735e-10,0.6827321408433712,0.0198986276676018,-0.6824421006631397,0.0001839599569741459,5.361620569166029e-06,-0.0001838818065899993
153108.746168203,9.14063533495719,-90.47117410102437,-30.39621220999392,-3696.161164055052,-2.224786284927447e-06,0.0002705326771592767,-0.003842120939827952,2.812349119109958e-10,0.682257156041375,0.02060091722892048,-0.6819460603148847,0.0001844428607370995,5.569296084129109e-06,-0.0001843587584521342
153461.6982799294,9.104660812485179,-90.43341720520958,-27.86225068236483,-3683.192320747473,-2.053726233899204e-06,0.0002714880710768609,-0.003819834335052033,2.815760648435798e-10,0.6823033344193569,0.02111207431388181,-0.6819766275158833,0.0001851051607029195,5.727590224908924e-06,-0.0001850165269079203
153815.4640303035,9.071886902059186,-90.38623966099316,-24.74845514800288,-3671.193544821791,-1.836173843595556e-06,0.0002723785998546498,-0.003798633663974994,2.818466327248047e-10,0.6818460042954372,0.02171952472393901,-0.6814999895960524,0.0001855861321439377,5.911661225742026e-06,-0.0001854919532101033
154170.0452949559,9.033167119535939,-90.38264304049801,-24.42963491489778,-3657.963213781495,-1.825655960448594e-06,0.0002733639846688566,-0.003776238931550006,2.822154579627224e-10,0.6815596760088557,0.02181372186837017,-0.6812105060108408,0.0001861785939700629,5.958756378442794e-06,-0.0001860832127707707
154525.4439538414,9.002082835374768,-90.32276390326513,-20.54145793221973,-3646.400303674181,-1.544858812058401e-06,0.0002742343635009339,-0.003755644494345471,2.824592409067798e-10,0.6812294713628777,0.02257538518936836,-0.6808553037444134,0.0001866790450758387,6.186390234907521e-06,-0.0001865765109714738
154881.6618912481,8.963506556742063,-90.27627294323152,-17.51602344041374,-3632.590391334984,-1.3273717193468e-06,0.0002752792475890343,-0.003732815815309601,2.828809499804023e-10,0.6809778622347669,0.02318007416883879,-0.680583230042704,0.000187319670912966,6.37624819519918e-06,-0.0001872111176450136
155238.7009958082,8.931933246647697,-90.21822009209792,-13.79109843124886,-3620.967742459791,-1.051824412734188e-06,0.0002761652589334261,-0.003712314721084518,2.831362499931316e-10,0.680364531925958,0.02390900104515122,-0.6799443035807057,0.0001877518465876903,6.597873471721008e-06,-0.000187635881330674
155596.5631605074,8.895457634740048,-90.16552246561085,-10.42276699690131,-3607.841970254078,-8.007268503521015e-07,0.000277171689462936,-0.003690350685111281,2.835127700126149e-10,0.6802768087250288,0.02459219540641013,-0.6798321560607459,0.0001884105356154163,6.811093144810657e-06,-0.0001882873839136886
155955.2502826954,8.862098264703599,-90.08017052832348,-5.030594790262646,-3595.232161281937,-3.891926287884967e-07,0.0002781456098715539,-0.003668994592960293,2.838528058644245e-10,0.6796831298588196,0.02564362383534585,-0.6791992061032406,0.000188906297096489,7.127206502648771e-06,-0.0001887717987681834
156314.7642640954,8.828030957860971,-90.00150289415797,-0.09397156168175549,-3582.536966322313,-7.321753159853622e-09,0.0002791318020476765,-0.003647630277817627,2.842035191605157e-10,0.6789075829862542,0.02660696310832928,-0.6783860079264531,0.000189358914066824,7.421136200376316e-06,-0.0001892134378791905
156675.1070108149,8.800850859348683,-89.89187122310283,6.740346794628244,-3571.602087696494,5.283899622021229e-07,0.0002799853998050942,-0.003628133006317283,2.844179903809143e-10,0.6787237238087388,0.02795866352643531,-0.6781476287613315,0.0001898862080427819,7.821981776601159e-06,-0.0001897250342099144
157036.2804333552,8.774820299488209,-89.81214548323557,11.67731953209914,-3561.579137545385,9.205625395571239e-07,0.0002807713128582233,-0.003609630356686143,2.845624117203312e-10,0.6783094246472706,0.02894598047245056,-0.6776915270090071,0.0001903029863365067,8.120934674039126e-06,-0.0001901296321687197
157398.286446622,8.746491302744936,-89.68931777826795,19.25018248352183,-3550.069247735819,1.527384687297458e-06,0.0002816763639762275,-0.003589690090351096,2.84828411073602e-10,0.6780149452930956,0.03044698361990504,-0.6773309731802087,0.0001908346299904363,8.569632415577111e-06,-0.0001906421186512798
157761.1269699348,8.720528921499159,-89.58646785928615,25.54818960353341,-3539.695894624259,2.038945430680941e-06,0.0002824954285350242,-0.003570969030786027,2.850061158530151e-10,0.6773544679971352,0.03169349057887589,-0.676612590756785,0.0001912045850758289,8.946483712814734e-06,-0.0001909951669105694
158124.8039270383,8.700106122982085,-89.49574552535069,31.07986268770991,-3531.349889315127,2.492091318962194e-06,0.0002831558971739069,-0.003554355652708677,2.850226552768545e-10,0.6769952215705041,0.03280907166684657,-0.6761997447837848,0.0001915517086057035,9.283128647455218e-06,-0.0001913266332539178
158489.3192461114,8.670789403434538,-89.39311613838152,37.28479255102172,-3519.91788953765,3.008970570074417e-06,0.0002840656636134886,-0.003534700849636303,2.852906897420524e-10,0.6762496831672047,0.03404449252652589,-0.6753921871863459,0.0001919581687285402,9.663765622894284e-06,-0.0001917147625395616
158854.6748597779,8.657353857555425,-89.26311821688091,45.18510530270868,-3513.145728369998,3.660421788608683e-06,0.0002845981011780928,-0.003519786301321092,2.851832188444925e-10,0.6756850987396521,0.03560889161398927,-0.6747461444846029,0.0001921618150602891,1.012700924971239e-05,-0.0001918947806766015
159220.872705117,8.634833493170412,-89.12169925243184,53.70600790873068,-3503.226617447592,4.375063397445007e-06,0.0002853840593215726,-0.003501776013817602,2.853329323814952e-10,0.6753153663246675,0.0373157095217813,-0.6742836063683485,0.0001925930513142671,1.064205957265539e-05,-0.0001922988039031756
159587.9147236733,8.621030263076495,-88.95890069272268,63.52641321655604,-3495.722978184393,5.1968109380315e-06,0.0002859694179085524,-0.00348623887104051,2.852877490433043e-10,0.674568134673125,0.03924999809601596,-0.6734252786804503,0.0001927830097685762,1.121715120745727e-05,-0.0001924563960335431
159955.8028614669,8.609491950430506,-88.78477844533845,74.00554474402298,-3488.721479050052,6.077658315688307e-06,0.0002865090336353672,-0.003471254299805351,2.852028312916915e-10,0.6739800758556679,0.04132239507432676,-0.6727121244007225,0.0001929892440748936,1.183236430043403e-05,-0.0001926261754893676
160324.5390690042,8.612556376491046,-88.60787218072271,84.72496718130343,-3486.3377233978,6.96652317208719e-06,0.0002866646437737673,-0.003460904270728562,2.847414396471254e-10,0.6731475241150776,0.04340773973232594,-0.6717464978350015,0.0001928683715328396,1.243706583501273e-05,-0.0001924669533482177
160694.1253012877,8.62350362647118,-88.42850385909708,95.64862842067257,-3486.415446167532,7.863098558947595e-06,0.0002866118283482626,-0.00345302139010462,2.84080219358369e-10,0.6726866322225495,0.04554148935453265,-0.6711432618437636,0.0001927156945799738,1.304702566210894e-05,-0.0001922735396741164
161064.5635178271,8.641224000930896,-88.33156690882342,101.6622526094308,-3490.203805793909,8.338536596623494e-06,0.0002862733356509093,-0.003448823105206278,2.831192139736054e-10,0.6724924147725907,0.04672572881381352,-0.6708671658335115,0.0001924410055415489,1.337107458770774e-05,-0.0001919759229127768
161435.8556826486,8.656216140124611,-88.2875282506857,104.4640264857767,-3494.110469491539,8.548806392592231e-06,0.0002859402889479828,-0.003444742498976902,2.821522384979831e-10,0.6724210151042859,0.04729876889465814,-0.6707554308501184,0.0001922003497286,1.351956544944631e-05,-0.0001917242702055592
161808.0037643066,8.66758625813857,-88.30880872182189,103.2824094200896,-3498.083014865955,8.433108841478967e-06,0.0002856218688790142,-0.003440727221211339,2.811836213602744e-10,0.6724382188814325,0.04711341549677182,-0.6707857215927169,0.000191988383979448,1.34513896607837e-05,-0.0001915165781315908
162181.009735893,8.663022972301066,-88.37782341067917,99.05731408434934,-3497.800113406665,8.089997761195764e-06,0.0002856648733931405,-0.00343253614527755,2.805596067536119e-10,0.6726314633771228,0.04638144569832422,-0.6710304367312879,0.0001920650505436476,1.324388643315889e-05,-0.0001916078889620141
162554.8755750484,8.653918963519903,-88.43846970116655,95.30002203275085,-3495.889301906242,7.792109286033891e-06,0.0002858378299531634,-0.003422770685482024,2.800673354107683e-10,0.6728941098176406,0.04575189652661754,-0.6713369101959855,0.000192249989355661,1.307159847576501e-05,-0.0001918050878379928
162929.6032639722,8.634178621129021,-88.5103697149115,90.77647096536667,-3490.756582940503,7.444586341248047e-06,0.0002862772533633226,-0.003409884724296786,2.798340551196071e-10,0.6728809394179975,0.04497158845566712,-0.6713764330566131,0.0001925345961014732,1.286793266405006e-05,-0.0001921041046019342
163305.1947894335,8.604478981707857,-88.55719957451332,87.70003196502434,-3481.964278514439,7.228958101888316e-06,0.0002870121403341232,-0.003393473350982679,2.798954381830599e-10,0.673061130905132,0.04449795680527696,-0.6715885777583258,0.0001930757489917319,1.276477862750263e-05,-0.0001926533292609009
163681.6521427809,8.571667785363898,-88.58531234252601,85.74088372269466,-3471.856415104972,7.108854936259886e-06,0.0002878547845894404,-0.003375840254149306,2.800647019365682e-10,0.6729505691924944,0.04422453755334167,-0.6714958368111416,0.000193607675280067,1.27233860821497e-05,-0.0001931891492138118
164058.9773199539,8.543151437063113,-88.5727769849954,86.26537063570949,-3462.40164725357,7.191377644189602e-06,0.0002886376957262788,-0.003358903890125026,2.801835837549928e-10,0.6726163539616963,0.0444128879598723,-0.6711484597313695,0.0001940381347566922,1.281234672355638e-05,-0.0001936146727685989
164437.1723214932,8.515214938218831,-88.50993210884056,89.80082729004091,-3452.224159645681,7.529889403651463e-06,0.0002894724570274473,-0.003341328070241079,2.803632876801311e-10,0.6722095681296739,0.04518528343069305,-0.6706891930293575,0.0001944862887948697,1.307318208372268e-05,-0.0001940464079528588
164816.2391525509,8.489488075108307,-88.40414457218282,95.89372917336017,-3441.969111146721,8.087965831380446e-06,0.000290306037773274,-0.003323740432528487,2.805518669377963e-10,0.6718492949767103,0.0464623275767778,-0.6702407979799879,0.0001949507361334551,1.348198923670903e-05,-0.000194483998018339
165196.1798229015,8.470722866051505,-88.2729871517315,103.5227230813426,-3433.453721304295,8.773616675017817e-06,0.0002909873883289147,-0.003307892060268367,2.806008185718567e-10,0.6710386275936648,0.04800229894921176,-0.6693195193764931,0.0001951846926714302,1.396240630963711e-05,-0.0001946846564660021
165576.9963469528,8.469183537865376,-88.0758078954358,115.2054867748654,-3429.130801940676,9.786223932636732e-06,0.0002912903097026374,-0.003296128868613684,2.803083792675017e-10,0.6704424042591414,0.05032454133892075,-0.6685510137362781,0.0001952349190741026,1.465466338842716e-05,-0.0001946841402550379
165958.690743756,8.48412751929108,-87.88487798605448,126.6830652999884,-3430.112980834803,1.075250692957532e-05,0.000291138468336824,-0.003289489895449021,2.795836089568126e-10,0.6699214236486907,0.05257516441480375,-0.6678551983403624,0.0001950036543352926,1.530380851582071e-05,-0.0001944022084468934
166341.265037017,8.506363142809004,-87.67965835732296,139.1086641231019,-3433.107202005046,1.178330145121718e-05,0.0002908038642350248,-0.003284789142621322,2.786973034853471e-10,0.669197396588213,0.05497146383749438,-0.6669357493522184,0.0001945952384377189,1.598509672521951e-05,-0.0001939375763108275
166724.7212551063,8.551025051466315,-87.54202605526224,147.8609292587419,-3444.548078154343,1.243911302714049e-05,0.0002897798836134948,-0.003288155764957752,2.771327687770916e-10,0.6690567950828139,0.05662556056156452,-0.6666562389549617,0.0001938879390826294,1.640968796277066e-05,-0.0001931922748524742
167109.0614310708,8.60163338713267,-87.52248942473726,149.7173972531881,-3460.258868868361,1.248081104634247e-05,0.0002884557032523294,-0.003295556199297608,2.752399949443745e-10,0.6693519283199317,0.05694219696619197,-0.6669254757094487,0.000193089141913562,1.642621689082483e-05,-0.0001923891788110008
167494.2876026437,8.636317254975395,-87.62695889525931,143.9390370338073,-3473.341900227597,1.191072837006711e-05,0.00028741356592699,-0.003300408272912905,2.735725989251952e-10,0.6699327509162473,0.05583888752666712,-0.667601609786851,0.0001925428411092546,1.60484437192543e-05,-0.0001918728566436993
167880.4018122561,8.660372498144714,-87.79239614518997,134.3125866243994,-3484.201115160186,1.104753503160197e-05,0.000286583966881078,-0.003303112359858282,2.720927162983171e-10,0.6706382184559827,0.05403246780340316,-0.6684580110050956,0.0001921662740681776,1.548259214989886e-05,-0.0001915415522270973
168267.4061070467,8.669107425971912,-88.0587518088473,118.3592008527907,-3492.025187634801,9.695018727114649e-06,0.0002860381731690037,-0.00330291577478716,2.708586840076161e-10,0.6713819738904609,0.05104578805571346,-0.6694386322784358,0.0001919798932968206,1.459640759700657e-05,-0.0001914241999213283
168655.3025388742,8.660522225330778,-88.32553905422689,102.1462997031356,-3494.190521051891,8.359080274444749e-06,0.0002859449548790663,-0.003297362639411065,2.700682625138174e-10,0.672247154207442,0.04805507897603164,-0.6705273638895072,0.0001921356130753199,1.373466886792295e-05,-0.0001916440781316175
169044.0931643264,8.644590492229018,-88.57287508858472,87.0356231672429,-3493.5572289202,7.126755356629696e-06,0.0002860636459976545,-0.00328918267150911,2.694959665843125e-10,0.6730942282888743,0.045282432502265,-0.6715693124782229,0.0001924342828860554,1.294602161136019e-05,-0.0001919983170611362
169433.7800447328,8.609850342454749,-88.83997401015074,70.61207829828155,-3487.181568544229,5.804326559900925e-06,0.000286647002684112,-0.003275628885492816,2.693677328844647e-10,0.673720747456851,0.042256164361045,-0.6723942757990362,0.0001929850723568682,1.210413805352234e-05,-0.0001926051089524028
169824.3652461744,8.584770900873128,-89.06399382683212,56.90626340288861,-3483.095260106096,4.689358725970398e-06,0.0002870243480181754,-0.00326426556697125,2.690634951376201e-10,0.6743280461130168,0.03972848035720149,-0.673156714014728,0.0001933986680501672,1.139420973075212e-05,-0.000193062727599582
170215.8508394951,8.544201271039229,-89.30159387266991,42.35171277922048,-3474.273947807991,3.508151406204088e-06,0.0002877871574894348,-0.003248509875678013,2.691262573809522e-10,0.6749984845641169,0.03703948237237962,-0.6739814766812516,0.0001940931534867989,1.065055715171902e-05,-0.0001938007168789838
170608.2389003123,8.502552579665227,-89.50355003279752,30.01939888959676,-3464.481679234483,2.500879967018915e-06,0.0002886217961780764,-0.003231903617642165,2.692662131145431e-10,0.6753070311924291,0.03474577428478518,-0.6744125722043467,0.0001947370629655426,1.001957587015658e-05,-0.0001944791294505091
171001.5315090288,8.458955473782307,-89.69757318870502,18.23132383008729,-3453.953718406465,1.528174953874312e-06,0.0002895152109359762,-0.003214671837403963,2.694657779191662e-10,0.6759273762684604,0.03255815325375241,-0.6751427883387855,0.0001955138613321533,9.417535794491788e-06,-0.0001952869171054936
171395.7307508425,8.416376186442193,-89.8726638975495,7.65284697104963,-3443.446927882895,6.45407631631295e-07,0.0002904052485016749,-0.003197521883691785,2.696663381567608e-10,0.6760585338882732,0.03056746778044479,-0.6753671380491154,0.0001961498900320035,8.868766745989974e-06,-0.0001959492902155358
171790.8387157588,8.367504008134855,-90.02590226941489,-1.550916726846773,-3430.625145140496,-1.317776802494191e-07,0.0002914920031529233,-0.003178289097522025,2.70051668656262e-10,0.6763709270025539,0.02884128454258257,-0.6757557333831714,0.000196973591728361,8.39919514516729e-06,-0.0001967944342690729
172186.8574986007,8.315317791730672,-90.17515305800917,-10.44506307588936,-3416.761166227734,-8.947006720506378e-07,0.0002926720968030328,-0.003158164547918485,2.7052381867958e-10,0.6766411354493297,0.02715881977201121,-0.676095869452513,0.0001978500967382344,7.941248082146901e-06,-0.0001976906607764426
172583.7891990204,8.266010636619585,-90.30907514856435,-18.36049017303075,-3403.60070234422,-1.584872845662844e-06,0.0002937979476467274,-0.003138764530569271,2.709452408507138e-10,0.6766787810515666,0.02564714029032891,-0.6761925738429566,0.0001986233429528038,7.528122477445424e-06,-0.0001984806281169819
172981.6359215101,8.220081222191553,-90.41364305075166,-24.4819075176159,-3391.053234683407,-2.128890882665808e-06,0.000294878260967098,-0.003120001043535706,2.713223212937753e-10,0.676948933564823,0.02449020646681737,-0.6765057933541766,0.0001994347149011848,7.215015937554724e-06,-0.0001993041621560816
173380.3997754138,8.167019580448461,-90.51247779292949,-30.19971295817024,-3376.282787850227,-2.649051737457754e-06,0.0002961600263450072,-0.003099266674079083,2.718825389533084e-10,0.6768661591319268,0.02338795222015144,-0.6764619731137551,0.0002002790398833009,6.92029960767395e-06,-0.0002001594446183264
173780.0828749375,8.120009152610942,-90.59085418252303,-34.68271109542059,-3363.101395275778,-3.066104342206251e-06,0.000297312968497912,-0.003080066497393668,2.723203963114203e-10,0.676998517109446,0.02253474485521203,-0.6766233645409383,0.00020109980718766,6.693859337765192e-06,-0.0002009883695592366
174180.6873391614,8.072787302792735,-90.65496610137897,-38.2929907443561,-3349.686618914627,-3.412354774245046e-06,0.0002984963802536827,-0.003060724993988346,2.727821532759818e-10,0.6767587735264267,0.02183780720443826,-0.6764063480789451,0.0002018303281365046,6.512707283995616e-06,-0.000201725224004144
174582.2152920504,8.022361760472666,-90.69454398031117,-40.42873401971425,-3334.968604089102,-3.634484522179675e-06,0.0002998088381299917,-0.003040268090934391,2.733558558933214e-10,0.6768059323743194,0.02144012139528444,-0.6764662528845229,0.0002027326375220932,6.422243292122775e-06,-0.0002026308888293223
174984.6688624657,7.981817558065476,-90.71320450220873,-41.36549164566038,-3322.953891358769,-3.745607499168218e-06,0.0003008904407925578,-0.003022347848609946,2.737132469224651e-10,0.6768138960115953,0.02128827845290606,-0.6764790159605144,0.0002034663317638573,6.399762108764614e-06,-0.0002033656588669564
175388.0501841761,7.936947776888958,-90.77215165930232,-44.61509710303866,-3310.362646305076,-4.070538048897158e-06,0.0003020268470180006,-0.00300397078383026,2.741224210258669e-10,0.6765209755180138,0.02065173280571283,-0.6762056907834824,0.000204148209058803,6.231904728480872e-06,-0.0002040530681596625
175792.3613958693,7.896609124392652,-90.80947405840462,-46.60888082372342,-3298.826506130441,-4.282161433143529e-06,0.0003030775978639966,-0.002986617511047116,2.744483702548785e-10,0.6762875298198788,0.02027276329906428,-0.6759836078323894,0.0002047886768121359,6.138856903729607e-06,-0.0002046966452738808
176197.6046411629,7.857845124402663,-90.82910559637185,-47.57574752153324,-3287.517637476692,-4.401072205551344e-06,0.0003041171868715223,-0.002969533459729965,2.747590715444487e-10,0.6761880563408191,0.02010683498737083,-0.6758890461642099,0.0002054609837241315,6.1094987664227e-06,-0.0002053701289324007
176603.7820686165,7.820677696805674,-90.83978349133308,-48.02824040445528,-3276.580741575206,-4.472616128436418e-06,0.0003051306428776429,-0.002952847415571135,2.750421519597703e-10,0.6760594481428887,0.02004585368185104,-0.675762192767125,0.0002061060949029528,6.111256388342149e-06,-0.0002060154724808332
177010.8958317421,7.779817877096114,-90.86220061383095,-49.13311615822765,-3264.794350213618,-4.608549953014882e-06,0.0003062286503633594,-0.002935458614417182,2.754002317814489e-10,0.6755911761801919,0.01983664859916765,-0.6752998924217952,0.0002067047564608785,6.069246849661856e-06,-0.0002066156349026592
177418.9480890166,7.740290404557221,-90.89679763159236,-50.93051585455598,-3253.649653755115,-4.80983412878673e-06,0.0003072718759110419,-0.002918709816859846,2.757079851357e-10,0.6755640186929911,0.01949714458879569,-0.6752826109900266,0.0002074015766175547,5.985722174902156e-06,-0.0002073151830269368
177827.9410038923,7.69918562760474,-90.92158916036324,-52.15022973680099,-3241.933070448225,-4.960617846307204e-06,0.0003083781438157377,-0.002901510698611909,2.760680114735279e-10,0.675445278586513,0.01927077183957962,-0.6751703205247688,0.0002081121752682053,5.937538352514393e-06,-0.0002080274576424387
178237.8767448089,7.661740226054402,-90.93735442219109,-52.86662106605115,-3231.183371361635,-5.062232649483757e-06,0.0003094013127591332,-0.002885238620323259,2.763494003116334e-10,0.6754081160994365,0.01915329470595023,-0.6751364859011079,0.0002087911565955851,5.920921675277426e-06,-0.000208707186649232
178648.7574852051,7.620220754676192,-90.95469768674729,-53.64735280534411,-3219.325306226297,-5.174852619867644e-06,0.0003105378573958604,-0.002868038620135252,2.767293787891213e-10,0.6752631801705744,0.01901436106267489,-0.6749954196640566,0.0002095132348583355,5.899566882943443e-06,-0.0002094301570724658
179060.5854035294,7.585173845692587,-90.97041307585714,-54.3617589130788,-3209.356508294893,-5.27634260062617e-06,0.0003114995688860825,-0.002852581718574063,2.7695050964931e-10,0.675051627782689,0.01889295344890096,-0.6747871934780889,0.0002100962341631401,5.880051552310901e-06,-0.0002100139343074054
179473.3626832526,7.544590562292369,-90.96638582260989,-53.93638539537118,-3197.516063767746,-5.273911203261566e-06,0.000312653798872491,-0.002835520990725073,2.773367338720511e-10,0.6746375030705811,0.01899851413458952,-0.6743699407669251,0.0002107441273496561,5.934780180483521e-06,-0.0002106605458945206
179887.0915128787,7.505145138046428,-90.99108448197269,-55.12491310188864,-3186.519320167051,-5.427312819238168e-06,0.0003137281526979897,-0.002819270114365619,2.776537705905867e-10,0.6746371477908787,0.01877771075382719,-0.6743757696998444,0.0002114687519419268,5.885977477583579e-06,-0.0002113868215310727
180301.7740859569,7.462257691402337,-90.97023146755434,-53.75025495212177,-3173.849218518973,-5.334373328660312e-06,0.0003149844895719636,-0.002801601893916067,2.781210375970811e-10,0.6742564930248096,0.01908244845062162,-0.6739864082807935,0.0002121934718867063,6.005386719631503e-06,-0.0002121084742335442
180717.4126010927,7.434570549390799,-90.96557066111221,-53.35635574243221,-3165.801016914377,-5.32225384237426e-06,0.0003157861212973618,-0.002788070465569657,2.78186799080514e-10,0.6742592420004037,0.01920754438609237,-0.6739856049364965,0.0002127330725662409,6.060102226531193e-06,-0.0002126467383349142
181134.0092619603,7.393723813327393,-90.95126516725935,-52.36817084938076,-3153.90447907694,-5.263208978747097e-06,0.0003169799155317399,-0.00277120508694101,2.78593895325467e-10,0.6738832320899223,0.01943533074112856,-0.6736029085529123,0.0002134163008477749,6.155096602806135e-06,-0.0002133275234313615
181551.5662773135,7.359804375590806,-90.93374026143775,-51.24101084780134,-3143.951122612672,-5.182636736857103e-06,0.0003179866344817573,-0.002756106004829586,2.788331120845479e-10,0.6734030029787437,0.0196977890706321,-0.6731148501753016,0.0002139394393416642,6.257967266852854e-06,-0.0002138478934932786
181970.0858609984,7.328024160589937,-90.88200405386532,-48.24929752051386,-3134.070335842262,-4.911007502488516e-06,0.0003189982802569129,-0.002741125188719169,2.790688693397679e-10,0.6730998240422263,0.0203669905299323,-0.6727916161951111,0.0002145193460942138,6.491033475762773e-06,-0.0002144211191396632
182389.5702319638,7.298910060878617,-90.83399082781756,-45.49068545760188,-3125.022622147369,-4.65719187229492e-06,0.0003199298891674628,-0.002726925651265048,2.792331438887759e-10,0.6729455990986638,0.02099667404830893,-0.6726179591901844,0.0002150928035960378,6.711142019937319e-06,-0.0002149880804407349
182810.0216142743,7.270203869337148,-90.79471788619766,-43.22661920220053,-3116.255533666667,-4.450426045443016e-06,0.000320836212668236,-0.002713021243260965,2.793746966645927e-10,0.6724566686369974,0.02151292328781664,-0.6721124647899197,0.0002155422760161972,6.895528984219126e-06,-0.0002154319484901679
183231.4422371211,7.249502685113111,-90.75685596528685,-41.08112070729709,-3109.75672228121,-4.247307143610186e-06,0.0003215124542376147,-0.002701136595998674,2.793146508908202e-10,0.6722432314907174,0.02202103345016729,-0.6718824572578665,0.0002159250476994934,7.073173035264945e-06,-0.0002158091667358959
183653.8343348347,7.219354336517054,-90.7392661538741,-40.01311625027687,-3100.987988550633,-4.16035035543387e-06,0.0003224241871007366,-0.002687325144252733,2.79460252817766e-10,0.6718887463752973,0.02228664588810805,-0.67151901903135,0.000216421253578725,7.178723958676523e-06,-0.0002163021611609831
184077.2001468955,7.195167211251792,-90.71150043639751,-38.41990045605509,-3093.722617104727,-4.013530037044647e-06,0.0003231853415194699,-0.002674862756900295,2.794722937192293e-10,0.6713870380161793,0.02266635362948692,-0.6710043153581664,0.0002167677867289448,7.318186130011437e-06,-0.000216644218743847
184501.5419179474,7.181371573694936,-90.68001233262146,-36.66664110849003,-3089.275063073062,-3.841464233172185e-06,0.0003236549436342581,-0.002664874188841546,2.792309493535925e-10,0.671400110854549,0.02310690129927573,-0.6710023695694719,0.0002170844697665804,7.47117752202557e-06,-0.0002169558676788249
184926.8618978078,7.156599109852321,-90.6734067237866,-36.22756565401239,-3082.224996459933,-3.812856691162594e-06,0.0003243961328690396,-0.002652677598450143,2.79225960447236e-10,0.6712811365450531,0.02325164097274942,-0.6708783238958407,0.0002175416787226103,7.53514546275032e-06,-0.0002174111394669247
185353.1623414811,7.133785156786762,-90.67245191137467,-36.10106020900537,-3075.823530902266,-3.815375641824282e-06,0.0003250713998539876,-0.00264107994078668,2.79163552658953e-10,0.6709246887308082,0.02332208270862914,-0.6705192155387224,0.0002178776375178869,7.573667161012237e-06,-0.0002177459632142693
185780.4455091698,7.107784951903167,-90.70854300581324,-37.9566579708606,-3069.179184272863,-4.028812545328584e-06,0.0003257701879589243,-0.002629313526905429,2.791244546537055e-10,0.6710900341417282,0.02297715353863633,-0.6706965665184278,0.000218400375893681,7.477713443059703e-06,-0.0002182723253006772
186208.7136662868,7.084448474324923,-90.71180793113835,-38.05154208230575,-3062.737157905472,-4.055886336116598e-06,0.0003264549374371286,-0.002617760192175861,2.790682340116235e-10,0.671060274271698,0.0230098766038446,-0.6706656672920438,0.000218848793012941,7.504070670243934e-06,-0.0002187201022462203
186637.9690834669,7.050077600312638,-90.7370276926907,-39.28326730038887,-3053.672605722411,-4.212023550412472e-06,0.0003274203449575308,-0.002604009742346057,2.79252878568461e-10,0.6706682905388467,0.02277348363310619,-0.6702815262093321,0.0002193678860807322,7.448944632934437e-06,-0.000219241379915801
187068.2140365801,7.029303984904748,-90.73506417598605,-39.10425421971372,-3047.877828019579,-4.208791537422684e-06,0.000328043141740831,-0.002593090572696922,2.791403232001003e-10,0.6707054055707188,0.02286996766666831,-0.6703153777444674,0.0002197961075461104,7.494691158127365e-06,-0.0002196682919696551
187499.4508067418,6.997522106145548,-90.76466047896555,-40.56895793857823,-3039.639328600465,-4.390079523495175e-06,0.0003289278072042878,-0.00258013355389465,2.792531473769842e-10,0.6705173792852435,0.02258979550633828,-0.6701367450472574,0.0002203274390767209,7.422852780466126e-06,-0.0002202023652613788
187931.6816803268,6.975532240215834,-90.76768890787544,-40.64912903513686,-3033.630076298512,-4.416192875170429e-06,0.0003295789072693746,-0.002569110316250069,2.791627772416664e-10,0.6702805378489758,0.02261894695248464,-0.6698987853831898,0.0002206846200352975,7.447111219768579e-06,-0.0002205589310243502
188364.90894898,6.942830880318349,-90.7804401131575,-41.20566783531085,-3024.914793762298,-4.502462296206441e-06,0.0003305264912241189,-0.002555837732968988,2.793231851825676e-10,0.6702704154550189,0.02254222535903407,-0.6698912433448478,0.0002213153066447833,7.443174281239388e-06,-0.0002211901085308598
188799.1349096294,6.917362688331826,-90.78555193893186,-41.38135492439429,-3018.041590061409,-4.542266654572458e-06,0.0003312784151629475,-0.002544165457882605,2.793154194694807e-10,0.6699708053386261,0.02254524800201274,-0.6695913618010726,0.0002217187586160405,7.461077945285268e-06,-0.0002215931863531286
189234.3618644975,6.891546632825061,-90.80234053439837,-42.17125440490364,-3011.286167487794,-4.649725280517324e-06,0.0003320188981196637,-0.002532632413573543,2.792981779065742e-10,0.670015313814649,0.0224235419082132,-0.6696399820160331,0.0002222288656561454,7.43737968298704e-06,-0.0002221043766211467
189670.5921211146,6.86418992790497,-90.81450534933579,-42.70803001872724,-3004.06256952013,-4.731554230930239e-06,0.0003328152798094276,-0.002520746110135882,2.793258683839639e-10,0.6698199587178572,0.02234802730974795,-0.669447042544931,0.0002226964638790146,7.430096090416534e-06,-0.0002225724796472027
190107.82799233,6.836874442428027,-90.8283783875461,-43.3319755958025,-2996.89895833631,-4.823624627523083e-06,0.0003336085055634902,-0.002508951305179393,2.793495852267316e-10,0.6697468002754946,0.02225682811314195,-0.6693768819443986,0.0002232024626600025,7.417398401620142e-06,-0.0002230791822166323
190546.0717963247,6.814412929734344,-90.8387737061892,-43.78924537974158,-2990.985168256855,-4.893796035286604e-06,0.000334266353098383,-0.002498241342657815,2.792581600093103e-10,0.6694960363817867,0.02220055203825996,-0.6691278489348049,0.0002235582808464569,7.413213787400882e-06,-0.0002234353356037617
190985.3258566238,6.789008303117469,-90.87044920640243,-45.347006991988,-2984.656889520691,-5.089317696528789e-06,0.000334969563230226,-0.002487221964671293,2.792066249902489e-10,0.6696366412453894,0.02190885559871499,-0.6692781434835302,0.0002240763062757055,7.331222837743226e-06,-0.0002239563444197711
191425.5925021086,6.766154524639059,-90.89561898347972,-46.56865025697898,-2978.911618328341,-5.246531594508192e-06,0.0003356110567208236,-0.002476724783211057,2.791017203062715e-10,0.6692999651198636,0.02167775188531227,-0.6689488159662512,0.0002243928860084131,7.267792561214904e-06,-0.0002242751579700075
191866.8740670289,6.736273235963589,-90.92939317940753,-48.20441052639556,-2971.473318563095,-5.45794091473985e-06,0.0003364448527705295,-0.002464858351472271,2.791568548420893e-10,0.6693982321880361,0.02136050503995226,-0.6690573384104729,0.0002249843133421368,7.179251942967414e-06,-0.0002248697391637483
192309.1728910159,6.706640319015939,-90.98079247510938,-50.74993520432964,-2964.412093296312,-5.773392356043375e-06,0.0003372361767693323,-0.002453345469260984,2.791782337666801e-10,0.6691841926571835,0.02082776159495366,-0.6688599913653008,0.0002254435394424168,7.016729241592593e-06,-0.0002253343182630527
192752.4913190936,6.676926565530957,-91.02558406975307,-52.93979092799478,-2957.244285335615,-6.051578377795023e-06,0.0003380443190517291,-0.002441784501567167,2.792112612449978e-10,0.6692152073123335,0.02038008859760509,-0.6689048106321581,0.0002259961395170788,6.882421821483173e-06,-0.0002258913175544694
193196.8317016924,6.644334931011226,-91.07728220250945,-55.46268678245275,-2949.462441468842,-6.373259809940456e-06,0.0003389249877647368,-0.002429757894521125,2.793040681746857e-10,0.6692627970765672,0.01985239044057811,-0.6689682908363783,0.0002266035453445903,6.721757248498883e-06,-0.0002265038294206746
193642.1963946607,6.610712311137319,-91.11306699564295,-57.14460396873152,-2941.182110984563,-6.603398158572823e-06,0.0003398710497027864,-0.002417363984772256,2.794462048312488e-10,0.669153136598041,0.01950600770543853,-0.668868773289942,0.0002272003261561044,6.622955300202495e-06,-0.0002271037751084991
194088.5877592778,6.57702156969258,-91.15432891919971,-59.09873906667337,-2933.002993640995,-6.86715598554639e-06,0.0003408091167678612,-0.002405097228695648,2.795809816270542e-10,0.6691497547704203,0.01909900653142668,-0.6688771353984423,0.0002278282698843398,6.502720181161149e-06,-0.000227735450004467
194536.0081622662,6.539096055870665,-91.21428595100734,-61.97984610094821,-2924.065702780543,-7.245713528876683e-06,0.0003418359959696182,-0.002392253829608852,2.797905260355612e-10,0.6688181574641855,0.01846486020345004,-0.6685632181712176,0.0002284051824648263,6.305854165124636e-06,-0.0002283181192547775
194984.4599758046,6.505646054922768,-91.24093847321451,-63.16108540921319,-2915.775300278034,-7.425705829118434e-06,0.0003428011013964598,-0.002379984805158777,2.799407223711411e-10,0.6689314018005145,0.01823204550547224,-0.6686828940772208,0.0002290898467680568,6.243953415663468e-06,-0.0002290047399901469
195433.9455775394,6.474920992859927,-91.26220628081825,-64.07534215182865,-2908.124306136174,-7.572760446683945e-06,0.0003436974033999709,-0.002368280275360993,2.800316796800671e-10,0.6688924156444936,0.01805806588860502,-0.668648614717094,0.0002296760432581479,6.20055636031321e-06,-0.0002295923298970181
195884.467350599,6.439288559578999,-91.31298145087138,-66.46126076338793,-2899.723490361109,-7.900004130305219e-06,0.0003446794010145419,-0.002356007769950644,2.801970411637271e-10,0.6688142085548772,0.01753891025724072,-0.6685841997773169,0.0002303086440435592,6.039588554906345e-06,-0.0002302294396711035
196336.0276836047,6.402975578924025,-91.3127341354633,-66.23422146210773,-2890.362325955276,-7.924098445576016e-06,0.0003457958002474094,-0.002343000706134713,2.804580071851786e-10,0.6684328811159342,0.01760737015300163,-0.6682009406407955,0.0002309215564604955,6.08276677550518e-06,-0.0002308414286615222
196788.6289706845,6.368991038694266,-91.35389686817791,-68.12108658941462,-2882.290643311672,-8.195274431676852e-06,0.0003467525842059025,-0.002331083892956582,2.805965711681695e-10,0.6685428630156124,0.01720589385849693,-0.6683214173626654,0.000231601171528643,5.960582926352046e-06,-0.0002315244568174559
197242.2736114853,6.332872160605421,-91.38535823734384,-69.49342199105213,-2873.555527996401,-8.411057174527279e-06,0.00034779752022096,-0.002318674177476313,2.808022205850388e-10,0.668464651737565,0.01691287134858561,-0.6682506606097522,0.0002322736675181918,5.876772460874412e-06,-0.0002321993112991393
197696.9640111861,6.295435531599698,-91.41630086276172,-70.82271081713368,-2864.515585996267,-8.625906983011122e-06,0.0003488858970675222,-0.002306063815169601,2.810405210889564e-10,0.6682643578350649,0.01662310063172126,-0.66805757572091,0.0002329324772783253,5.794203992470587e-06,-0.0002328604006075554
198152.7025805098,6.26224411843301,-91.42962288471422,-71.28389285041362,-2856.290716198857,-8.732049308405409e-06,0.000349886494349113,-0.002294153854428689,2.812015585069512e-10,0.6681942234912948,0.01654228694350124,-0.6679894258517969,0.0002335760304082975,5.782572764471626e-06,-0.0002335044407147785
198609.4917357372,6.224723808769076,-91.4516588472171,-72.15163798530605,-2847.156370895272,-8.89497518398698e-06,0.0003510022221422261,-0.002281557674929732,2.814548984999225e-10,0.6676852410015898,0.01634933630729633,-0.6674850412208966,0.0002341433057745021,5.733371677449344e-06,-0.0002340730998816827
199067.3338987186,6.187633364975826,-91.46151050653826,-72.40713805827073,-2837.970421234254,-8.984275086741562e-06,0.0003521352678224237,-0.002268966043006453,2.817164888325364e-10,0.6674341274729464,0.01630497123920249,-0.6672349379554866,0.0002348104652305391,5.736263287500059e-06,-0.0002347403882276731
199526.231496888,6.155439849032413,-91.46898474148148,-72.57299131086222,-2829.991933982714,-9.055639368468141e-06,0.0003531256726079779,-0.002257383411817542,2.818609646497324e-10,0.6673770244444335,0.01629322261799764,-0.667178104896306,0.0002354501714926453,5.74823813086601e-06,-0.0002353799928080272
199986.1869632744,6.116158335257982,-91.48490098837405,-73.11180622812215,-2820.43049262882,-9.184700085806672e-06,0.0003543177158943653,-0.002244582295233319,2.821660316261402e-10,0.6671913783879074,0.01618023986973985,-0.6669951538301561,0.0002361795887671918,5.727655545884283e-06,-0.0002361101270851962
200447.2027365161,6.082359388156804,-91.50154911558742,-73.71782179177406,-2812.264359035742,-9.31455043087704e-06,0.0003553411856252043,-0.002232935994672082,2.823345250456893e-10,0.6667356504415652,0.0160524730034207,-0.6665423810082983,0.0002367004383676047,5.698851402767209e-06,-0.0002366318250280495
200909.2812608728,6.050757962622615,-91.51205986240787,-74.03088137182021,-2804.566412346038,-9.405436621289532e-06,0.0003563130838471802,-0.002221702277530887,2.824583403902447e-10,0.6665952498396999,0.01600396188687149,-0.6664031064699319,0.0002372976217024256,5.697163450360805e-06,-0.0002372292216280434
201372.4249862388,6.01750650711735,-91.49260015804656,-72.85483524449947,-2796.01354050131,-9.312902911349779e-06,0.0003574093957404701,-0.00220983273133382,2.826707435977933e-10,0.6664652189993477,0.016304409346506,-0.6662657535636288,0.0002379777990024746,5.821890384831424e-06,-0.0002379065749625453
201836.6363681561,5.983424577642495,-91.5114810279686,-73.56275502534827,-2787.899773607533,-9.458045582432692e-06,0.0003584433879474458,-0.002198352280331693,2.828413979185813e-10,0.6663386184782073,0.01615923911774681,-0.6661426524901265,0.0002386215943947059,5.78676260920956e-06,-0.0002385514172877122
202301.9178678272,5.948064479751044,-91.52642407158099,-74.06502787251324,-2779.443517992654,-9.580522778145178e-06,0.0003595289531319933,-0.002186643505882495,2.830494260733288e-10,0.6659761214393297,0.01605438723874547,-0.6657825853668458,0.000239214306507824,5.766631844734122e-06,-0.0002391447896049305
202768.2719521282,5.911338381763137,-91.53866087323986,-74.42277317425938,-2770.646716864211,-9.687914637484901e-06,0.0003606663355685334,-0.002174709663918118,2.832950452510117e-10,0.6657652099322677,0.01598488672779481,-0.6655732853356241,0.0002398950176562007,5.759830382526042e-06,-0.0002398258615125428
203235.7010936222,5.876950594037128,-91.56198408507169,-75.33260324174809,-2762.621547582806,-9.863189481751148e-06,0.0003617060690540066,-0.002163423418346371,2.834645388502917e-10,0.6656019638911844,0.01578799123294915,-0.665414693006271,0.00024052881294901,5.705311877252007e-06,-0.0002404611388042632
203704.2077705718,5.846458391945186,-91.54288677898683,-74.20262214839855,-2754.880941521335,-9.770091258201735e-06,0.0003627289363213569,-0.002152399914912884,2.836072293174477e-10,0.6653518614789414,0.01608180472325683,-0.6651574814510738,0.0002411147450331979,5.827834067981297e-06,-0.0002410443042730944
204173.794466953,5.813821083228198,-91.54987445904314,-74.3274592427109,-2747.068268105845,-9.842208477051555e-06,0.0003637581436370993,-0.002141359497291915,2.837596758305145e-10,0.6651620626483914,0.01607431575633121,-0.6649678082130204,0.0002417292487271992,5.84163242279753e-06,-0.0002416586539332971
204644.4636724674,5.775552941355736,-91.5585535582651,-74.49639593148963,-2737.972158867188,-9.930150127407547e-06,0.0003649636233035638,-0.002129360332117932,2.840475867917749e-10,0.6648014235999103,0.01604326011217379,-0.6646078141471409,0.000242398363945555,5.849656552306507e-06,-0.000242327770512795
205116.2178825566,5.743554893590137,-91.57576620777553,-75.11485031176785,-2730.531176745001,-1.00670678378883e-05,0.0003659521715834985,-0.002118689290060539,2.841665744706064e-10,0.6646490073995461,0.01591846290780579,-0.6644583550350276,0.0002429997257058998,5.819887003804752e-06,-0.0002429300220401042
205589.0595984141,5.715380628619608,-91.54497443191947,-73.44998072813773,-2723.251458171474,-9.896927306779027e-06,0.000366941168022365,-0.002108180910486276,2.842708884228124e-10,0.6643764588988216,0.01634752052069773,-0.6641753064603975,0.0002435514725019511,5.992781112640439e-06,-0.0002434777327239693
206062.9913270001,5.681017593917255,-91.57271998283153,-74.55605232022916,-2715.470185959335,-1.010335386080774e-05,0.0003679829515299668,-0.00209732228058493,2.8442979792528e-10,0.664220621672277,0.01610093654445906,-0.6640254468746641,0.0002441873703725451,5.919185925646441e-06,-0.0002441156182783808
206538.0155810529,5.646428327234597,-91.59232956029877,-75.26554476166955,-2707.534837274159,-1.025917946807707e-05,0.0003690544710680478,-0.002086383718432626,2.846073282185171e-10,0.6640120355039816,0.01594764794145799,-0.6638204996979803,0.0002448223136178402,5.87992364148514e-06,-0.000244751694055756
207014.1348791042,5.612170688385904,-91.5844590842207,-74.66466768024831,-2699.268037047536,-1.023978752827868e-05,0.0003701875604617799,-0.002075229554141118,2.848223855263071e-10,0.6637661787669432,0.01611200769732472,-0.6635706015811964,0.0002454805986580242,5.958702660128579e-06,-0.0002454082683613373
207491.351745491,5.580263919170511,-91.59354153340075,-74.88641727512596,-2691.846539650947,-1.032681678967033e-05,0.0003712049134191488,-0.002064764045470979,2.849507695718707e-10,0.663401418519335,0.01607727308173685,-0.663206576704213,0.0002460195128309049,5.962186363795125e-06,-0.0002459472565964482
207969.6687103696,5.548721646840395,-91.5933190575155,-74.66843021232924,-2684.385799712495,-1.035407396059299e-05,0.0003722366873115184,-0.002054305667933354,2.850855460010887e-10,0.6631194631549809,0.0161524119459019,-0.6629227119380359,0.0002465969109674526,6.006662617897357e-06,-0.0002465237442983626
208449.0883097289,5.513163188643849,-91.60552296285564,-75.01175533068869,-2676.21960133981,-1.046513355958506e-05,0.0003733680866329816,-0.002043345844332833,2.852977748120015e-10,0.6629640858203731,0.01608701993446934,-0.6627688789293528,0.0002472883953935487,6.000526169281527e-06,-0.0002472155824012876
208929.613085404,5.478622628553533,-91.60448428410128,-74.73595790781967,-2668.106894984145,-1.04901702756746e-05,0.0003745037385699531,-0.002032466316111514,2.855070958696757e-10,0.6628388842230798,0.01617572301662316,-0.6626414810612047,0.0002479920259001753,6.051923652599733e-06,-0.0002479181702299699
209411.2455850893,5.44477665069119,-91.61402216387872,-74.9619058400787,-2660.350500182653,-1.058322971845169e-05,0.0003755921112130746,-0.002021896824490372,2.856809445540573e-10,0.6626061876964153,0.01613965796386106,-0.6624095948990977,0.0002486250085281407,6.055969101128785e-06,-0.0002485512424106229
209893.9883623525,5.407585880148805,-91.64264507355439,-76.05715266025044,-2652.161389443161,-1.080396457814857e-05,0.0003767411309107882,-0.002011037087344513,2.859039683408999e-10,0.6624776421801504,0.01588572471614172,-0.6622871508181435,0.0002493391813797797,5.978969468784272e-06,-0.000249267485435285
210377.8439766475,5.374077885170735,-91.63081037641533,-75.28218589019842,-2644.198683675427,-1.0758510875832e-05,0.0003778801048321652,-0.002000387888140641,2.861053948084735e-10,0.662106513716919,0.01609373627563491,-0.6619108906484792,0.000249949812111045,6.075497333015987e-06,-0.0002498759630426728
210862.814993329,5.338462140408126,-91.62712586230509,-74.87668048083621,-2635.914347918874,-1.076796647370633e-05,0.0003790691192996505,-0.001989534276355985,2.863444945981404e-10,0.6616598469212125,0.01620573471340431,-0.6614613572917175,0.0002505650713512469,6.136976716447246e-06,-0.0002504899049822912
211348.9039836646,5.302815646974305,-91.63659645855522,-75.08267694361459,-2627.862498155802,-1.086375803038491e-05,0.0003802270174587236,-0.001978895080428894,2.865612707922148e-10,0.6615020201186022,0.01617304382225257,-0.6613042834236862,0.0002512700552841668,6.143294338847289e-06,-0.0002511949454451155
211836.1135248502,5.263874003745194,-91.65941031891063,-75.88217470729599,-2619.311569754968,-1.105098796384154e-05,0.0003814595554564398,-0.001967919335790645,2.868355461626971e-10,0.6611760169136145,0.01598251482779827,-0.660982817145447,0.0002519615890136535,6.090632039625953e-06,-0.0002518879642611832
212324.4462000219,5.231506508279375,-91.62687808028095,-74.16866806332129,-2611.387779035931,-1.086744753658338e-05,0.0003826294906916677,-0.001957453702584021,2.870441922951524e-10,0.6611076390850248,0.01643692725004384,-0.6609032742233557,0.0002527024557679857,6.282867774927652e-06,-0.0002526243391355899
212813.9045982712,5.193258406936293,-91.65610593035562,-75.26396777814192,-2603.158784913442,-1.109744241150153e-05,0.0003838278203552399,-0.001946797550912619,2.872893138432455e-10,0.6607087171219507,0.01617101015118229,-0.6605107927291001,0.0002533429610404334,6.20063197071344e-06,-0.0002532670686684283
213304.4913146576,5.159008356287114,-91.63336223655283,-73.99784599347849,-2595.024904480635,-1.097951173806553e-05,0.0003850396726659929,-0.001936251029920464,2.875269791331033e-10,0.6603427364998266,0.01650517833612498,-0.6601364319109893,0.0002539974968586235,6.348633445719784e-06,-0.0002539181428409918
213796.2089502233,5.122020672522548,-91.6546029045455,-74.72920482855635,-2587.012102108882,-1.115658319198455e-05,0.0003862240445628216,-0.001925832856956997,2.877542000401146e-10,0.6600719147124533,0.01633501678298282,-0.6598697597396505,0.0002546753245176632,6.302534023160033e-06,-0.0002545973271325997
214289.0601120059,5.084666357338837,-91.64082778458385,-73.85978255844847,-2578.391777599293,-1.110079249714327e-05,0.0003875206656182631,-0.001915001150399068,2.880522182954393e-10,0.6596909608722558,0.01656551616608171,-0.6594829395296828,0.0002553793773328638,6.41283791140294e-06,-0.0002552988481698328
214783.0474130534,5.049096223698228,-91.64184040473182,-73.67721629363929,-2570.43133690898,-1.114203528599569e-05,0.0003887203954873289,-0.00190469805729421,2.882797418278141e-10,0.659373017853648,0.01662740180077303,-0.6591633380147768,0.0002560449703462733,6.456683069733146e-06,-0.0002559635483489025
215278.1734724373,5.009984713776198,-91.63086420859797,-72.93103441731918,-2561.532639007298,-1.110607684236326e-05,0.0003900750695547633,-0.001893738574669929,2.886158898293162e-10,0.6589368932784957,0.01682424808671663,-0.6587220764478994,0.0002567642083956064,6.555809495419051e-06,-0.0002566805019374907
215774.4409152667,4.965226608293827,-91.62359158587023,-72.32115506681578,-2551.496213959721,-1.110009556893854e-05,0.0003916122715763027,-0.001881980242930683,2.890847641990955e-10,0.6585623475175993,0.01698004128374722,-0.6583434086902469,0.0002576268776734596,6.642522207939218e-06,-0.0002575412297060274
216271.852372702,4.931169305556867,-91.6201192621573,-71.95123909073563,-2543.888987042442,-1.110950421769045e-05,0.0003927846940237502,-0.001872053633068814,2.892823764024729e-10,0.6584220312190607,0.01709827391891831,-0.6581999849769273,0.0002583409263593819,6.708742590495416e-06,-0.0002582538034668184
216770.4104819695,4.896692362336032,-91.55768732389228,-68.94290634381663,-2535.274084206103,-1.071812253574977e-05,0.0003941432083051271,-0.00186142288376458,2.89597770843934e-10,0.6579173890206019,0.01788389536658241,-0.6576742788510154,0.0002590261685041445,7.041000849104792e-06,-0.0002589304545181589
217270.1178863744,4.856583684751705,-91.55276327454895,-68.48405379682134,-2526.390618533051,-1.072184318332318e-05,0.0003955309671371627,-0.001850634403994779,2.899476757024428e-10,0.6575178759722564,0.01801174328656199,-0.6572711269535932,0.0002597779654283108,7.116238502080724e-06,-0.0002596804776483094
217770.9772353159,4.817716601354059,-91.53344308908879,-67.39564107999638,-2517.578768455126,-1.062562672541147e-05,0.0003969225875256962,-0.001839938042753386,2.902933346781039e-10,0.6569027136197786,0.01829864707558198,-0.6566478010899238,0.0002604439097082661,7.254911705989347e-06,-0.0002603428438814207
218272.9911843001,4.782741124754562,-91.4696842662767,-64.36996333912907,-2508.918677023599,-1.021937441036363e-05,0.0003983158913821008,-0.001829391749741163,2.906253860510413e-10,0.656282831675532,0.01909383640701161,-0.6560050156540855,0.0002611020954982126,7.596481968365142e-06,-0.0002609915664063918
218776.1623949553,4.746147785497659,-91.41965659805631,-61.96082696482924,-2500.15908645626,-9.906386369605948e-06,0.0003997290402527314,-0.001818811852121629,2.909728632878563e-10,0.6557640548283221,0.01973363249809179,-0.6554670696177749,0.0002618137336675815,7.87865081214603e-06,-0.0002616951623518088
219280.4935350449,4.711401665655247,-91.33709101903312,-58.14898240756209,-2491.293706912018,-9.363877410922931e-06,0.0004011793138979186,-0.001808194161535902,2.913367027125688e-10,0.6550874079964468,0.02073949017584743,-0.6547590286989169,0.0002624815758583274,8.309935433660876e-06,-0.000262350000263311
219785.9872784825,4.677803076856534,-91.24339557185017,-53.882319853055,-2482.512348152555,-8.738942956074475e-06,0.0004026280579125,-0.001797676532464856,2.916948182536205e-10,0.6542965347444466,0.0218665992725716,-0.6539310416357703,0.000263099894338822,8.792802120540011e-06,-0.000262952925505628
220292.6463053456,4.652551964166624,-91.1203060069558,-48.40053623702632,-2475.031835669763,-7.89809846591892e-06,0.0004038807555493492,-0.001788137541416841,2.919035267498103e-10,0.6535158416969679,0.02332646159539805,-0.6530994040254017,0.000263590046056067,9.408529516729199e-06,-0.0002634220794697596
220800.47330189,4.630190430765597,-90.99100477234089,-42.69258788898412,-2468.06194966037,-7.006650215696997e-06,0.0004050550141609808,-0.001779000983428173,2.920546162382063e-10,0.6527168004167843,0.02485285848515902,-0.6522434798228656,0.0002640203566697925,1.00528445986463e-05,-0.0002638289010922039
221309.4709605637,4.621153114591957,-90.83109960067698,-35.73501314713705,-2463.389261539017,-5.887575324528663e-06,0.0004058593674284952,-0.001771549026039159,2.91935619901972e-10,0.6519244453909077,0.02672369722708743,-0.6513764859931294,0.0002642099107825931,1.083049686212653e-05,-0.0002639878355028225
221819.6419800219,4.623190473795661,-90.7033359324812,-30.2185165294476,-2461.564115211945,-4.986380221737221e-06,0.0004061845526622647,-0.001766165039202856,2.914801467602403e-10,0.6514349253239099,0.02823808359724696,-0.6508226122120551,0.0002642132857822911,1.145298871980789e-05,-0.000263964939780378
222330.9890651403,4.633772472250612,-90.59259782327435,-25.46288835901321,-2461.811295781066,-4.200990380390933e-06,0.0004061615252007802,-0.0017622799157711,2.907805619874301e-10,0.650796272577735,0.02955019673134426,-0.6501250451061029,0.0002639316397993137,1.198413729200397e-05,-0.0002636594222487053
222843.5149270304,4.643236106918876,-90.54277406769546,-23.33159782918193,-2462.833387578883,-3.846231691953489e-06,0.0004059999617968388,-0.001758956762880388,2.899913869844371e-10,0.6505777025987347,0.03018878120786393,-0.6498768995800908,0.0002637338833551416,1.223805314861734e-05,-0.0002634497889251671
223357.2222830532,4.642402837692522,-90.55090224141941,-23.67924843994458,-2462.649606538571,-3.904114231669197e-06,0.000406029160971305,-0.001754780319963098,2.893460168205922e-10,0.6507498727092796,0.03018813383618771,-0.6500492853673728,0.0002638211080047735,1.223859927025671e-05,-0.000263537082242269
223872.113856834,4.634955031695379,-90.62691450941209,-26.94178542252321,-2462.200142091634,-4.443525466074285e-06,0.000406092204446458,-0.001750424904398999,2.887332368865737e-10,0.6509269206063295,0.02941748959474794,-0.6502618451639167,0.0002639355488058739,1.192809978338048e-05,-0.0002636658763644162
224388.1923782766,4.619158553503059,-90.71666531165891,-30.77443397677899,-2460.218456742989,-5.083639906817045e-06,0.0004064043788952747,-0.001744993461226653,2.883012061707407e-10,0.6511770596607184,0.0284937966670904,-0.6505533541377473,0.0002642428796247554,1.156257391296492e-05,-0.0002639897844934349
224905.4605835782,4.596907809896616,-90.7917547085061,-33.94979733375892,-2456.639998085693,-5.624335441621968e-06,0.0004069823237147929,-0.001738447781917265,2.88057119179311e-10,0.6514921843573811,0.02773882933092556,-0.6509013931665084,0.0002647493490191866,1.127233324396773e-05,-0.000264509266963031
225423.9212152429,4.562118310639445,-90.9101237648439,-38.93905583934683,-2451.156637683606,-6.479383713159906e-06,0.0004078677321334188,-0.001730578072978161,2.880375223457806e-10,0.6514758666983009,0.02647785900825486,-0.650937576018347,0.0002653248726826107,1.078356840120178e-05,-0.000265105644444965
225943.5770220978,4.528798676596343,-90.9887936076901,-42.20526474266327,-2445.346988030387,-7.055962940938305e-06,0.0004088181375115508,-0.001722505529253661,2.880577994096643e-10,0.6517106370062331,0.0256779793329226,-0.6512045728989072,0.0002660430577609647,1.048233334081403e-05,-0.0002658364709187512
226464.4307593059,4.493167080333393,-91.06053183335271,-45.14982475300546,-2438.964001459829,-7.587461240432874e-06,0.0004098696933847053,-0.001714058033546487,2.881474239780276e-10,0.6517220402754795,0.0249479348017897,-0.6512443614573253,0.0002667360352606948,1.02106616099079e-05,-0.0002665405314320554
226986.4851883822,4.453261552680954,-91.13675479609803,-48.25340617309112,-2431.794228843168,-8.156491083834989e-06,0.0004110571567555322,-0.001705088616978784,2.883323078844479e-10,0.6515649360763792,0.02416080105367101,-0.6511168263965086,0.0002674491640158617,9.917332388494866e-06,-0.0002672652275382628
227509.7430772071,4.413414744384164,-91.1867581675405,-50.22008732602654,-2424.240783560234,-8.541607717754771e-06,0.0004123233329349992,-0.001695882992657799,2.885654810607989e-10,0.6516237871670804,0.02367995346926467,-0.6511933812667799,0.0002682999604758211,9.7499979359163e-06,-0.0002681227448978859
228034.2072000419,4.368807032411119,-91.25543845548164,-52.94776259301765,-2416.046598285416,-9.066266320035048e-06,0.0004137006141324452,-0.001686263493442277,2.888782372738903e-10,0.6513880744317019,0.02297651275909419,-0.6509827212555427,0.0002691036403892488,9.492134519528368e-06,-0.0002689361795166454
228559.880337543,4.333631944839956,-91.28358663185814,-53.98100026208667,-2409.160371293799,-9.295901678932462e-06,0.0004148740822066027,-0.0016775900531023,2.890376521946199e-10,0.6512637667156438,0.02273799618293891,-0.6508667124429034,0.0002698163597866859,9.420274353452321e-06,-0.0002696518615541974
229086.7652767774,4.291653310571756,-91.33149750548139,-55.81240150201425,-2401.235717453091,-9.674456088946772e-06,0.0004162273774740214,-0.001668226156581965,2.893245837296776e-10,0.6510803434470357,0.02227327884082682,-0.6506992505549617,0.0002706233607247004,9.257950474054288e-06,-0.0002704649584011786
229614.8648112362,4.254599191598031,-91.37371042388652,-57.41502574500858,-2394.25153842086,-1.001005216971235e-05,0.0004174270148975838,-0.001659548338293853,2.895011921679193e-10,0.6509705403741184,0.02187617314895553,-0.6506028569590888,0.0002713602268297773,9.119188872136059e-06,-0.0002712069562150324
230144.1817408509,4.213236060361122,-91.40564955779666,-58.55437294034493,-2386.260011562824,-1.027690610802017e-05,0.0004188136403260372,-0.001650204986587043,2.898026605054748e-10,0.6504850153538663,0.02158356510708951,-0.6501268375610929,0.0002720601752405336,9.027154149209468e-06,-0.000271910370232318
230674.7188720069,4.168890716229991,-91.43198664416941,-59.43580931977515,-2377.614310537494,-1.05073708562996e-05,0.0004203269981511045,-0.001640444484503898,2.901875164264439e-10,0.6503895913482105,0.02136789800389133,-0.6500384861444648,0.0002730042051350447,8.969279471196004e-06,-0.0002728568270122357
231206.4790175595,4.130659040885067,-91.45926245312111,-60.3806902687324,-2370.2457658075,-1.074062544705795e-05,0.0004216235666520123,-0.001631599302813,2.904201545588797e-10,0.6501580367709511,0.02113741413556916,-0.6498143446412358,0.0002737500126011283,8.899939797261704e-06,-0.0002736053005164977
231739.4649968478,4.086751547605862,-91.48312520691275,-61.14781430048589,-2361.721801748564,-1.095550564422667e-05,0.0004231362449359692,-0.001621992606918696,2.907979850325398e-10,0.6500271943199849,0.02094922566051213,-0.6496895283900891,0.0002746776780572372,8.852375272616575e-06,-0.0002745349928059226
232273.6796357108,4.05029575427057,-91.48187777450134,-60.90461850937256,-2354.309867174662,-1.098076095776027e-05,0.0004244688581041343,-0.001613183437393924,2.910425647350496e-10,0.6496228925125616,0.02103712554653023,-0.6492821742702679,0.0002753690594530053,8.917440475253576e-06,-0.0002752246321814293
232809.1257665008,4.008368142237225,-91.50391646107086,-61.59838848253811,-2346.218823902976,-1.118234969040393e-05,0.0004259241188838692,-0.001603941951029578,2.913745506650523e-10,0.6492745227373696,0.0208631780837767,-0.6489392372757897,0.0002761655734928749,8.874045320766061e-06,-0.0002760229615490231
233345.8062281003,3.963358812577246,-91.51665029165257,-61.886903095664,-2337.40774216234,-1.13194533235988e-05,0.0004275246701992238,-0.0015942433343874,2.918002458264868e-10,0.6489490447850312,0.02079566839995981,-0.648615759061714,0.0002770638428810922,8.878551942521724e-06,-0.0002769215490846504
233883.7238659355,3.927477575234626,-91.51563001872927,-61.65460872236712,-2330.20250429429,-1.134682311818075e-05,0.0004288470269080963,-0.001585673602392838,2.920293265853777e-10,0.6484926211797445,0.02087982378687289,-0.6481563952343637,0.0002777230234004774,8.941979601264075e-06,-0.0002775790314982612
234422.8815319923,3.884625954634839,-91.53376250710581,-62.17218547875974,-2321.971552676424,-1.152314683804337e-05,0.0004303599583834953,-0.001576438476961483,2.923904858385515e-10,0.6481877675840318,0.02075237937496933,-0.6478554783251033,0.0002785719239757344,8.91875863549075e-06,-0.000278429115883997
234963.2820848307,3.848076398821865,-91.53125317817272,-61.87520229493609,-2314.668737419679,-1.154060852059997e-05,0.0004317187623258585,-0.001567866127472696,2.926383811525962e-10,0.6479406685606348,0.02086039593947499,-0.6476047821442108,0.0002793423933604836,8.993405123226873e-06,-0.0002791975848617833
235504.928389601,3.809188274149632,-91.53939992631638,-62.00145229295121,-2307.111131636243,-1.163995475367312e-05,0.0004331296798832324,-0.001559152682591836,2.929217479335367e-10,0.6477329837439532,0.02084939484776507,-0.64739734395835,0.0002801643183332657,9.018000691306828e-06,-0.0002800191438646205
236047.8233180577,3.768041349813883,-91.55623199943699,-62.46716999261793,-2299.28764274393,-1.180714195624929e-05,0.0004345965344569893,-0.001550291753547441,2.932424412651251e-10,0.6474988807467736,0.0207396449677435,-0.6471666460000365,0.0002810115056355128,9.000909549078978e-06,-0.0002808673172991602
236591.9697485759,3.727564529751594,-91.58298662000234,-63.33430416937552,-2291.784984207695,-1.204924165364135e-05,0.0004360081231658604,-0.001541679158122109,2.935257876010061e-10,0.64694469409346,0.02050798566490162,-0.6466195633752885,0.0002816842765544818,8.929321406217393e-06,-0.0002815427123497361
237137.3705661655,3.68360839849636,-91.59481947150391,-63.57479963742769,-2283.410123132741,-1.218374021446434e-05,0.0004376022559566025,-0.001532512599490301,2.939247852380905e-10,0.6465903292771488,0.02045147077216546,-0.646266811199513,0.0002825586391238948,8.937250509028624e-06,-0.0002824172623918133
237684.0286624876,3.638608827551507,-91.6132084694305,-64.07079857095127,-2274.979526490486,-1.236974707781411e-05,0.0004392160231736409,-0.001523342729889383,2.94335495410232e-10,0.6463081016163601,0.02032356583951669,-0.6459884789115903,0.000283477093354384,8.914115970965273e-06,-0.0002833369036908293
238231.946935869,3.595206644473748,-91.61927965090965,-64.07778908622748,-2266.692687858445,-1.246164291103333e-05,0.0004408191241918716,-0.001514302973983753,2.947321335938095e-10,0.6459230842253388,0.02033154923742081,-0.6456030195412507,0.000284340793143377,8.950119568702462e-06,-0.0002841998979681566
238781.1282913177,3.548139820411394,-91.63252871406867,-64.3508182764967,-2257.866851874071,-1.26126048091626e-05,0.0004425364444013107,-0.001504937483504474,2.952037050735344e-10,0.6455629399081613,0.02025966018080514,-0.6452449577890761,0.0002852888823004231,8.953202625898159e-06,-0.0002851483588011059
239331.5756405388,3.501297868941788,-91.64507163878628,-64.59412851892679,-2249.114146400704,-1.275886312877331e-05,0.0004442530646807335,-0.001495655694488098,2.956709348528601e-10,0.6450836576185567,0.02019225993608892,-0.6447675534370574,0.0002861823313403262,8.958013360426451e-06,-0.0002860420961467362
239883.291901949,3.457735127974532,-91.65309970671237,-64.67369336196521,-2240.942511172479,-1.286781055182959e-05,0.000445869443854389,-0.001486794161486022,2.960665999783348e-10,0.6445510670837969,0.02017424131934268,-0.6442352660837889,0.0002869852214848392,8.982545230302816e-06,-0.0002868446116486899
240436.2800006933,3.405000218117334,-91.6687440172103,-65.00300439316419,-2231.225766779789,-1.304601716170021e-05,0.0004478040656240487,-0.001476942705718054,2.966720379893524e-10,0.644282429789542,0.02007908771896044,-0.643969470993688,0.0002881101951257686,8.978965765909233e-06,-0.0002879702462220413
240990.5428686594,3.359793829405749,-91.64449098701635,-63.80184480467764,-2222.312310779925,-1.290818658969456e-05,0.0004496111680773758,-0.001467659208300803,2.971768941785072e-10,0.6437033264460531,0.02042259150919928,-0.6433792740163164,0.0002890068882854043,9.169238965075094e-06,-0.0002888613967514758
241546.0834444941,3.310652182911537,-91.63231003668544,-63.06097244637585,-2212.906817414178,-1.286713550004418e-05,0.0004515276368890843,-0.001458086397307093,2.977535889332708e-10,0.6431967594627749,0.02063253461074606,-0.6428657479590517,0.0002900061703943384,9.302849027082836e-06,-0.0002898569230961533
242102.9046736177,3.263366593641128,-91.63828671044358,-63.04230734547303,-2204.176883745662,-1.296534539169229e-05,0.0004533132717611203,-0.001448993959696345,2.98245354800115e-10,0.6426986451276808,0.02063902580514427,-0.6423671684190991,0.0002909259706898767,9.342525710882973e-06,-0.0002907759234104304
242661.0095082416,3.217276671872376,-91.62280226870588,-62.19639307404788,-2195.361647201677,-1.289450318081919e-05,0.0004551405048390553,-0.001439879685387387,2.987542270488688e-10,0.6422184966412293,0.0208866924454209,-0.6418787607537821,0.0002918756996927693,9.492591701513337e-06,-0.0002917212964010889
243220.4009073815,3.167296278626313,-91.61665811852035,-61.69742212498396,-2186.030356026297,-1.290056808617331e-05,0.0004570860900675962,-0.001430461982681331,2.993394409379909e-10,0.6417735776042949,0.02103076257167918,-0.6414288985824302,0.0002929169185249477,9.598815503938321e-06,-0.0002927596008657482
243781.0818368752,3.121888118053586,-91.61778711788833,-61.50485211143366,-2177.685713926675,-1.295903565556685e-05,0.0004588370810527995,-0.001421724127485626,2.997953756567355e-10,0.641150242391727,0.02108758236277165,-0.6408033607816548,0.0002937510688581495,9.661541787133485e-06,-0.0002935921406741004
244343.0552693971,3.069689558380068,-91.61951440911751,-61.3015083533719,-2168.169815488098,-1.302979380237992e-05,0.0004608500897156161,-0.001412255990730392,3.00418613633444e-10,0.6406714828281259,0.02114254331854631,-0.640322529489017,0.0002948172121820452,9.729144884202905e-06,-0.0002946566346421123
244906.3241844746,3.014448846570575,-91.60646486538877,-60.51992858135753,-2157.92318927829,-1.298628661917404e-05,0.0004630443177152445,-0.001402349014587185,3.011508890491676e-10,0.6401707892007801,0.02136188950048556,-0.6398142769764665,0.0002959849537272601,9.876735992939865e-06,-0.0002958201191924817
245470.891568503,2.955688944793841,-91.62053155185571,-60.7564717943911,-2147.54295357314,-1.316319642864098e-05,0.0004652760257786522,-0.001392393511016156,3.019105383796735e-10,0.6392441364006908,0.02126433531755993,-0.638890361459748,0.0002969804616655686,9.878998898883884e-06,-0.0002968161046706363
246036.7604147627,2.897325585032069,-91.62329079018663,-60.56438836930187,-2137.112677184362,-1.324993795288886e-05,0.0004675455516591624,-0.001382444013426526,3.026862627037307e-10,0.6388365577677126,0.0213103992062064,-0.6384810211949703,0.0002982365998112742,9.948618191307096e-06,-0.0002980706199260063
246603.9337234339,2.835182458055855,-91.60611778634029,-59.60502192063421,-2125.760419567916,-1.317992405344049e-05,0.0004700503411108688,-0.001371937882316049,3.036028297849461e-10,0.6380621107206176,0.02156616662756562,-0.637697543976956,0.0002994657076336563,1.012178476288984e-05,-0.0002992946032285584
247172.414501613,2.773376748178,-91.60056728054587,-59.09047793366671,-2114.721638717519,-1.320298494864375e-05,0.0004725065516969005,-0.001361674613827467,3.04485715001758e-10,0.6373996977339604,0.02169606742580908,-0.6370303409803955,0.0003007145568912796,1.023584310665714e-05,-0.0003005403005292544
247742.2057633285,2.707488393212297,-91.59391362824559,-58.51925878518042,-2103.025852563091,-1.322127839763447e-05,0.0004751374308452544,-0.001351029223519603,3.054748921358666e-10,0.6367293427082644,0.02183783728445417,-0.6363547475492236,0.0003020672357303785,1.035996725828173e-05,-0.0003018895261187433
248313.3105295571,2.636792753240542,-91.59217670115522,-58.11170936752885,-2090.659031840938,-1.328500803479492e-05,0.0004779488047815537,-0.001339995502164574,3.065751311143582e-10,0.6358994662682275,0.02191941801470559,-0.6355215734450823,0.0003034555767965261,1.046009627234215e-05,-0.0003032752437553808
248885.731828239,2.56205914570021,-91.56090551496854,-56.60343872070107,-2077.214633071376,-1.310864207864424e-05,0.0004810566948028301,-0.001328316309206026,3.078497167187644e-10,0.6351091748935817,0.0223294699084557,-0.634716518461284,0.0003050419214789089,1.072480870335738e-05,-0.0003048533292221379
249459.4726942955,2.485155311859691,-91.51433263889365,-54.54461757358018,-2063.25121112132,-1.280395892105315e-05,0.0004843334672825084,-0.00131635261448946,3.092203183379438e-10,0.6338239271912125,0.02289005015468017,-0.6334104642994207,0.0003064888031252805,1.10686008754433e-05,-0.0003062888710283596
250034.5361696431,2.40485590127769,-91.46084385846459,-52.24620755146854,-2048.705260846601,-1.243980155014077e-05,0.0004877959200111311,-0.001304066127012476,3.106995676958721e-10,0.6326709467961082,0.02352957750766629,-0.6322332527653024,0.0003081080979195267,1.145880557254907e-05,-0.0003078949427620388
250610.9253032114,2.318906016394128,-91.3915201398564,-49.38607343122563,-2033.069541933461,-1.19410863932753e-05,0.0004915770247977294,-0.00129113711565766,3.123689786198877e-10,0.6312799273378699,0.02433203248243737,-0.6308108265201064,0.0003098015584089538,1.194098094343792e-05,-0.0003095713464885355
251188.643150958,2.23130871551418,-91.27839547739102,-45.00162183776534,-2016.570897730069,-1.106075952504407e-05,0.0004956444868899448,-0.001277713922265667,3.142003296052652e-10,0.6298690843534993,0.02561122080798139,-0.6293481777148803,0.0003116496750641138,1.267204382795697e-05,-0.0003113919383554912
251767.6927758856,2.144104346978041,-91.11465040374587,-38.90246198949117,-1999.430200862812,-9.727477021131358e-06,0.0004999532250556015,-0.001263939770532055,3.161650675533029e-10,0.6279944941978116,0.02741899950994527,-0.6273956353120723,0.0003134017535724031,1.368349978703946e-05,-0.0003131028919953238
252348.0772480574,2.058695590021804,-90.89894068701066,-31.09655745474128,-1981.838544595704,-7.91532700511529e-06,0.0005044577739721792,-0.001249937801080995,3.182378714072233e-10,0.6258224674644566,0.02976857440317988,-0.6251140638006021,0.0003151080211026773,1.49887820570561e-05,-0.0003147513326035195
252929.7996446145,1.977103892414833,-90.60801652086461,-20.83948899387876,-1963.712999622083,-5.403586741017457e-06,0.0005091820404539828,-0.001235657605955496,3.204366011198569e-10,0.623249431443904,0.03289734588597118,-0.6223806057621079,0.0003167272631188919,1.671800374081369e-05,-0.0003162857371961403
253512.8630497907,1.912362384385971,-90.25214708570434,-8.569559777935314,-1947.26199770758,-2.25996297881694e-06,0.0005135316327691842,-0.001222487761377583,3.224005271909032e-10,0.6206020328985792,0.03669652286330601,-0.6195161405868228,0.0003180582024192921,1.880694789610684e-05,-0.0003175016832034509
254097.2705549305,1.860519556014295,-89.85060707908941,5.037773330331014,-1932.102900832714,1.34950707351549e-06,0.0005175672584820769,-0.001210181150541877,3.241827328967843e-10,0.6177269752860778,0.04093723891045437,-0.6163690116046352,0.0003190676646429983,2.114485806620648e-05,-0.0003183662507209217
254683.0252585041,1.827563543346305,-89.4076211533917,19.84327018665462,-1919.202768761117,5.386728642603236e-06,0.0005209939908192052,-0.001199336340276115,3.25611151494866e-10,0.6149102758150156,0.04558289533136789,-0.6132184333140256,0.000319728661504069,2.370127591779375e-05,-0.0003188489713125199
255270.1302661247,1.795403857978474,-88.95709015082983,34.7015992595738,-1906.239157146415,9.546646000657447e-06,0.0005244193585933294,-0.00118849543524302,3.270715320481302e-10,0.6121195336165582,0.05026413360473399,-0.6100523258769843,0.0003204031033348311,2.630986843083109e-05,-0.0003193210601412672
255858.5886905646,1.768647140851232,-88.54128896471605,48.24740334015439,-1894.669488398767,1.34315301772777e-05,0.0005274545083800546,-0.001178565144704781,3.283119346604116e-10,0.6094892354398125,0.05454430005235402,-0.6070436948431356,0.0003209205470408497,2.871976335747815e-05,-0.0003196328717539682
256448.4036517717,1.741071981147915,-88.11145221446166,62.07800638047163,-1882.673872149147,1.749506838959532e-05,0.0005305825697217457,-0.001168409897335018,3.296438943394935e-10,0.6067063682005618,0.05891602914126069,-0.6038389841053174,0.0003214171798438374,3.121217268634533e-05,-0.0003198981146786637
257039.5782768863,1.708617772168934,-87.64596661598162,76.84183149625011,-1869.232222130662,2.195522447132108e-05,0.0005340764558417339,-0.00115739976673271,3.312507519326015e-10,0.6038301518325023,0.0636059831783249,-0.6004707579607699,0.0003220937778866868,3.39285664287044e-05,-0.0003203018172496237
257632.1157002576,1.681853582939995,-87.11769371486265,93.42099741775374,-1855.497764149283,2.706600205583774e-05,0.0005375762161315015,-0.001146253215588614,3.329351864709109e-10,0.6005887462665395,0.06885685006045578,-0.5966285078185299,0.0003225969753145639,3.698539424402305e-05,-0.0003204697943562225
258226.0190634596,1.657963966214008,-86.53339919819405,111.5303191811664,-1841.116850204951,3.278230248189549e-05,0.0005411627074239145,-0.00113475337838782,3.347640234379496e-10,0.5971446816446105,0.07459575073144359,-0.5924670832959883,0.0003230665113203491,4.035770507368022e-05,-0.0003205358425790899
258821.2915153092,1.64109872437312,-85.84403983735123,132.6676323307276,-1825.801836654428,3.95886521606946e-05,0.0005448279475243805,-0.001122725977096152,3.367956643000504e-10,0.5932940696200524,0.08127901960846538,-0.5877002416349769,0.0003234132432448087,4.430637804312842e-05,-0.0003203639660929818
259417.9362118814,1.647070359203781,-85.03228190318761,157.4660532953485,-1811.600623797092,4.762041196788441e-05,0.0005478588319266795,-0.001111431223283562,3.386551388399433e-10,0.5889017814177402,0.08902056483877772,-0.5821345610705251,0.0003231667566234843,4.885107860003455e-05,-0.0003194531651215176
260015.9563165272,1.669638633944479,-84.10041528597556,185.73975713773,-1797.493896457308,5.687970967550375e-05,0.0005504525931848176,-0.001100240319291929,3.405279055783021e-10,0.5842033281312403,0.09777673134197964,-0.5759628802342178,0.0003226017730948732,5.399309688844775e-05,-0.0003180513315368303
260615.3549998895,1.742472652516032,-82.97406144243814,220.2591114874339,-1787.177374785123,6.792843597160566e-05,0.0005511697702454392,-0.001091409649976954,3.417058971419333e-10,0.5794572825371876,0.1082788706866178,-0.5692507606039827,0.0003211090252686522,6.000325420215755e-05,-0.0003154530323108897
261216.1354399207,1.874195395601108,-81.68754250169789,260.4450030787893,-1782.572247148164,8.02506227131126e-05,0.000549261960005724,-0.001086093644537934,3.418007339351003e-10,0.5746774591503565,0.120118492052578,-0.5619837452476045,0.0003183158771926362,6.653405759346e-05,-0.0003112847841656698
261818.3008218985,2.068954263890904,-80.40342908357934,302.2488672520298,-1787.653253621715,9.195116674169622e-05,0.0005438458840047222,-0.00108668435688056,3.400453559249722e-10,0.5711798478226801,0.1319585825099096,-0.5557277670413053,0.0003143640043559158,7.262691176006594e-05,-0.0003058595411669902
262421.8543384442,2.302454135634124,-79.29891310356389,340.6321750213718,-1802.557416330578,0.0001012206615113568,0.0005356395181451539,-0.001093224204741621,3.364581282518193e-10,0.5691848471475641,0.1422313370778511,-0.5511276049840387,0.0003096024747968079,7.736533074209781e-05,-0.000299780416304124
263026.7991895381,2.52493039667888,-78.56524087034445,368.8591014511042,-1823.626768908942,0.0001065551967322709,0.0005268052445036019,-0.001103458717974256,3.318059526607132e-10,0.5687905008251669,0.1492562534821918,-0.5488580915185671,0.0003050453505535357,8.004691727398843e-05,-0.0002943554941380587
263633.138582538,2.692232530573006,-78.13882394163849,386.9463830830706,-1842.378488481781,0.0001091808673038505,0.0005198458754716259,-0.00111224121923598,3.276734678830161e-10,0.5691897066075826,0.1535275914970944,-0.5480932409336273,0.0003016862862679463,8.137386952141994e-05,-0.0002905045760074291
264240.8757321946,2.793537534034127,-77.806395128125,400.2552181914502,-1852.254594685136,0.0001114590637018144,0.0005157973050141208,-0.00111563161373862,3.251767235833875e-10,0.569168864514052,0.1567824021226256,-0.5471494080384942,0.000299693009851836,8.255298719484069e-05,-0.0002880987755254457
264850.0138606701,2.855501046146154,-77.27444419459934,418.0652787914792,-1851.251468077284,0.000116067645223617,0.000513963750440195,-0.001112462928567666,3.246046341949917e-10,0.5676317042391478,0.1615012066312756,-0.5441719506866202,0.0002984297214137171,8.490850624271167e-05,-0.0002860958653855386
265460.5561975539,2.92290626061065,-76.37327751741046,446.8050513983973,-1843.109103999811,0.0001242268746670571,0.0005124464975131608,-0.001105022639751205,3.252887827404001e-10,0.5647235394504739,0.169250848476958,-0.538764165752791,0.0002971133136666578,8.904654564393719e-05,-0.000283455523613254
266072.505979881,3.052426113699693,-74.95699716663667,492.8847938395402,-1833.964123077042,0.0001366709972918937,0.0005085360896325244,-0.00109701096160223,3.261589468335537e-10,0.5602810152242721,0.1811606713540826,-0.5301845218179037,0.000294377373132998,9.518366872894692e-05,-0.0002785643678218419
266685.866452148,3.306956222698693,-73.01892827410845,560.0477596863661,-1834.000448780845,0.0001523023123984569,0.0004987476593881109,-0.001094509585151189,3.254023567608649e-10,0.5561274103013168,0.1975919974801328,-0.5198414171843759,0.0002893634082013602,0.0001028107817832377,-0.0002704831328475521
267300.6408663312,3.731537958038633,-70.73291736950895,648.4651086384655,-1855.141702349985,0.0001679066325474794,0.0004803505878581475,-0.001104580112894535,3.209541853923631e-10,0.5531052858599431,0.2170626848259039,-0.508732983108408,0.0002808164519597852,0.0001102046474043467,-0.0002582882408894488
267916.8324819031,4.362748885199093,-68.5423833383325,753.3972527466292,-1916.767178794683,0.0001776208437879724,0.0004518967946875437,-0.00113864802160979,3.099208306580779e-10,0.5545138345358719,0.2370283258266717,-0.5013014716191062,0.0002686376994318066,0.0001148298566861646,-0.000242858637008134
268534.4445658507,5.132300888188796,-67.2905266173819,851.161658955781,-2033.822816587682,0.0001751033058610669,0.0004184035958070226,-0.001205405716783696,2.914117214806283e-10,0.5609906515266234,0.2508970788136081,-0.5017580761114498,0.0002538702912013917,0.0001135407769927275,-0.0002270652256832102
269153.4803926916,5.904612077380026,-67.86738383366767,899.75887850467,-2212.225358597728,0.0001577553716352824,0.0003878710640417084,-0.001308125759846684,2.672949571515481e-10,0.5734909675109751,0.2513902597960327,-0.5154559409846369,0.0002395886081559445,0.0001050238728430193,-0.0002153431849192261
269773.9432444921,6.46775327573446,-70.45238551675692,856.9122594894031,-2413.469628824976,0.0001306441100687342,0.0003679555150998006,-0.001423842557995079,2.444433875444758e-10,0.5890585121701905,0.2341564773160897,-0.5405188941110921,0.0002294780726996118,9.121976172903837e-05,-0.0002105686133307283
270395.8364108843,6.655648078625148,-74.26947282958555,722.022722240455,-2563.433971384729,0.0001018007260568176,0.0003614282922785491,-0.001508836797381785,2.296138054022598e-10,0.6038663836020806,0.2027109782728247,-0.5688258683747861,0.000226225886978423,7.594142032958765e-05,-0.000213098692200349
271019.1631890843,6.519065649989249,-77.92060423620289,561.2918964721524,-2622.7942015447,7.802116334376571e-05,0.0003645758224944427,-0.001540225631932039,2.23900939951867e-10,0.6151826120555626,0.1692803931769146,-0.5914336773141804,0.0002288298725646831,6.296733691633368e-05,-0.0002199959660076384
271643.9268839082,6.237081984306322,-80.60883424418419,432.7918340548242,-2616.787460815163,6.152080812472146e-05,0.0003719730055248538,-0.001533163889165872,2.23898756501621e-10,0.6218800387610666,0.1429885434607021,-0.6052181912735708,0.0002339216003526252,5.378546799002417e-05,-0.0002276542082734852
272270.1308077913,5.965421427867323,-82.44609869261252,343.7036120297471,-2591.844118792828,5.028002719614017e-05,0.0003791580542650233,-0.001515057130966538,2.255336006150665e-10,0.6261806680423669,0.1244614321084706,-0.6136868753260848,0.0002389422457679047,4.749283332630039e-05,-0.0002341747800153766
272897.7782808041,5.739531004979602,-83.78208423573663,279.6310873517184,-2566.57296483558,4.195206557301386e-05,0.0003850538877434479,-0.001496834370484639,2.272304436259975e-10,0.6292559442918328,0.1107573219558997,-0.6194318841162145,0.0002431611536045826,4.279956100734173e-05,-0.0002393648767047711
273526.8726306712,5.539923118074919,-84.91271993084874,226.401494888099,-2543.15540345333,3.473003076972343e-05,0.0003901205045389715,-0.001479765953588703,2.287953704082323e-10,0.6319048927797689,0.09902592930885855,-0.6240974754343492,0.0002469123955698439,3.869368588304605e-05,-0.0002438617021158165
274157.4171927883,5.349739531103683,-85.90420774077931,180.3924900786234,-2519.199241749635,2.82795329544087e-05,0.0003949265179760519,-0.00146245546103852,2.304398663805994e-10,0.634197458553666,0.08863079170922414,-0.6279737249255936,0.0002505099139602321,3.500943074723181e-05,-0.0002480515203563922
274789.4153102397,5.170904698832354,-86.78215317219831,140.3154133432745,-2495.776523822426,2.245553615635113e-05,0.0003994144237864874,-0.00144552573166105,2.320675601852548e-10,0.636076119106564,0.07933198447176844,-0.6311095511378662,0.0002538556999595404,3.166111074182024e-05,-0.0002518735604793452
275422.8703338166,4.994641314700231,-87.53304580120519,106.4492024618661,-2470.787912436207,1.740468252897024e-05,0.0004039793461841538,-0.001427761278935613,2.338754648021353e-10,0.6378335308674735,0.07135101819849621,-0.6338301391547314,0.0002572961270274031,2.878233857816618e-05,-0.0002556811959633977
276057.7856220346,4.823353798217499,-88.18553522484217,77.4683637136677,-2445.418858802835,1.294142940872482e-05,0.0004085179293696351,-0.001409851558548281,2.35758236634649e-10,0.639001695460184,0.06434674716811757,-0.6357536181020697,0.0002605494905424686,2.623703866801825e-05,-0.0002592251045401908
276694.1645411511,4.657999371689721,-88.75020523680323,52.7985947853124,-2420.122826635984,9.010334018369789e-06,0.0004130055946022547,-0.001392058670219487,2.376745737372821e-10,0.6400339252792333,0.05827332008807767,-0.637375592311359,0.0002637647475658701,2.401505132114857e-05,-0.0002626692204437547
277332.0104651841,4.502307099092324,-89.2323583641916,32.10044188128828,-2395.792130971105,5.591583092147323e-06,0.0004173235627527756,-0.001374894155294724,2.395361127887204e-10,0.6405442698294006,0.05305162863204382,-0.6383435488126811,0.0002666924466404282,2.208819796625047e-05,-0.0002657761701237742
277971.3267759288,4.349486523238878,-89.65686872302223,14.20216223690239,-2371.437063701585,2.5253157461081e-06,0.0004216701131824375,-0.001357787277188046,2.414396141497782e-10,0.6413925828881044,0.0484868213394306,-0.6395572480554591,0.0002698046217076009,2.039619546328827e-05,-0.0002690325800073385
278612.1168629771,4.209450729789089,-90.0105834573247,-0.4338695167029676,-2348.844155654892,-7.864130615640779e-08,0.0004257413006616099,-0.001341758435110835,2.432013207233483e-10,0.6413914394020288,0.04463998757301804,-0.6398361118659115,0.0002724011479291309,1.895875609092795e-05,-0.0002717405949809358
279254.3841237338,4.074544826016763,-90.31200092760707,-12.67020145374616,-2326.729920152231,-2.340338584580553e-06,0.0004297749982831005,-0.001326068950337263,2.449481462152326e-10,0.6416664228334455,0.04139383296286604,-0.6403298749742296,0.0002751008953332208,1.774672961548126e-05,-0.0002745278787320055
279898.1319634363,3.950382421061933,-90.56005517638364,-22.54297234330408,-2306.158554554047,-4.238296702831463e-06,0.0004335800997811279,-0.00131132184032898,2.465647390638576e-10,0.6417588584092766,0.03872982855889495,-0.6405891294164899,0.0002775825501464252,1.675196911930387e-05,-0.0002770766025423629
280543.3637951713,3.835348578756771,-90.77409138688235,-30.90124928092423,-2287.072907849758,-5.906588883331671e-06,0.0004371603002216998,-0.00129747841321816,2.480505088437795e-10,0.6414197533307235,0.03642058967043673,-0.640384915977027,0.0002797357406758934,1.588373381768816e-05,-0.0002792844277998677
281190.0830398941,3.725622688107844,-90.95479029278083,-37.80961930863008,-2268.698264247559,-7.343924769717464e-06,0.0004406590090691482,-0.001284094158782172,2.494843988753824e-10,0.6415020587738253,0.03450868624009196,-0.6405732136025041,0.0002820209283466703,1.517091269832694e-05,-0.0002816125839400958
281838.2931264454,3.623957433218825,-91.11987055645085,-44.0183326899086,-2251.816961113069,-8.677637323602799e-06,0.0004439161984014978,-0.001271607900841659,2.507766205997446e-10,0.6413154301712585,0.032757148384556,-0.6404782979972534,0.0002840344365521659,1.450792815319982e-05,-0.0002836636761522489
282487.9974915708,3.527116938037969,-91.28014810805499,-49.96569412931988,-2235.949876205849,-9.989206236205441e-06,0.0004470139930295065,-0.001259743700489402,2.519753563099525e-10,0.6408931391922753,0.03104888011598476,-0.6401405962031094,0.000285841650342159,1.384796090158535e-05,-0.0002855060122820486
283139.1995799379,3.434300220148716,-91.40874317296806,-54.60662435637781,-2220.488924257771,-1.106841761954012e-05,0.0004500790704961034,-0.001248155638289338,2.531462628575973e-10,0.6408138630911615,0.02971254144275888,-0.640124653494013,0.0002877778382289993,1.334336136774604e-05,-0.0002874683267477755
283791.9028441557,3.344343999726792,-91.53440163616921,-59.08257981101696,-2205.663156906643,-1.213583224985874e-05,0.0004530533053487552,-0.001236970437490395,2.542616979043203e-10,0.6405031254477022,0.02839918615477227,-0.6398732217666414,0.0002895520303663272,1.283841043885276e-05,-0.0002892672700231847
284446.1107447915,3.258622912521339,-91.64132932924508,-62.79495759315101,-2191.456493111359,-1.306479569024844e-05,0.0004559431591954923,-0.001226176489234664,2.553214361385896e-10,0.6402407619551537,0.0272983735219682,-0.6396585277098796,0.0002912912822576392,1.241998119969608e-05,-0.0002910263822856939
285101.826750391,3.16878389459401,-91.74881880016714,-66.45758014053281,-2176.64420952773,-1.401409207551215e-05,0.0004589949303517841,-0.0012150875680007,2.564677051671609e-10,0.6398164566325947,0.02618571545958256,-0.6392803817447855,0.000293059485266696,1.199402143282491e-05,-0.0002928139432381077
285759.0543374947,3.089584561761359,-91.82351625215644,-68.87529027782561,-2163.36483872837,-1.47015772364655e-05,0.0004617748272119941,-0.001204896931763271,2.574484994237956e-10,0.6394271816871673,0.02544172186738941,-0.6389208397515423,0.0002946635269393487,1.172416142378292e-05,-0.0002944301923160146
286417.7969906581,3.012888413247352,-91.89607572151908,-71.19559798695992,-2150.609303580736,-1.537639069770199e-05,0.0004644754707450731,-0.00119503782558406,2.58379831932103e-10,0.6389873354953918,0.02472069221155241,-0.6385089680655097,0.0002961916384954159,1.145885360185418e-05,-0.0002959698994640003
287078.0582024691,2.940323039862221,-91.94476374064729,-72.60757231117447,-2138.311009696304,-1.586133461350989e-05,0.0004671202376411841,-0.001185471189236508,2.592682042039055e-10,0.638473825578008,0.02426389262825984,-0.6380126091722176,0.0002976437438945951,1.131134206918143e-05,-0.0002974287340190676
287739.841473567,2.870213490725955,-91.99561085519774,-74.09839732548913,-2126.57116873382,-1.63652261220024e-05,0.0004696703207761336,-0.001176251128823216,2.600999148775374e-10,0.637982980506039,0.02378484561055031,-0.6375394611587986,0.0002990441188532027,1.114875853275079e-05,-0.0002988362263914247
288403.1503126606,2.803962027570891,-92.05175309847732,-75.79435143591201,-2115.673671531494,-1.691151221293648e-05,0.0004720568282050171,-0.001167532055140781,2.608383534956432e-10,0.6376790706774672,0.02325467585371174,-0.6372549075770363,0.000300427258694189,1.095588492677095e-05,-0.0003002274243835438
289067.9882365476,2.739948011960396,-92.07403332263061,-76.22097121679793,-2104.706929146384,-1.718391105003194e-05,0.0004745032250240688,-0.001158808741074771,2.615944349719617e-10,0.6371174954907357,0.02309233447606157,-0.6366988669291264,0.0003017188491054668,1.093580482499417e-05,-0.000301520599757889
289734.3587701322,2.676165712705735,-92.11043188080883,-77.16797438455178,-2094.073510940714,-1.757372778561657e-05,0.0004768905512661686,-0.001150302476650456,2.623180700463831e-10,0.6367380009422242,0.02278024366110033,-0.636330372010201,0.0003030596080943608,1.084240567707776e-05,-0.0003028655944432138
290402.2654464451,2.617349771073285,-92.14687808791219,-78.13775571380285,-2084.360645140246,-1.795995765344279e-05,0.0004790901476404793,-0.001142333718885742,2.629343139927193e-10,0.6361054202660144,0.02245928016349487,-0.63570880631492,0.0003041584581531047,1.073906904126121e-05,-0.0003039688142921918
291071.7118066605,2.562415463094105,-92.16752963162118,-78.54033026919748,-2075.119268554588,-1.821314347039698e-05,0.0004812106700701316,-0.001134653336958675,2.634978455231597e-10,0.6357276862051663,0.0223231683869863,-0.6353356334733167,0.0003053237108345803,1.072124552288291e-05,-0.0003051354179577265
291742.7014001168,2.504705030875787,-92.19780766213202,-79.2735952178902,-2065.610451215196,-1.855207654789047e-05,0.0004834063991135683,-0.0011268563437421,2.641020117294703e-10,0.6352792173606793,0.02207830268545715,-0.6348954501025555,0.0003065029249861966,1.06521103900385e-05,-0.000306317768941556
292415.2377843335,2.450049396235998,-92.21786078435146,-79.64522806459908,-2056.511400730013,-1.880384291777777e-05,0.0004855321313987746,-0.001119312240466816,2.646604278125901e-10,0.6347490008419896,0.02194439735683026,-0.6343695590856718,0.0003075941651165441,1.06340751620028e-05,-0.0003074102907503141
293089.3245250321,2.392800990436658,-92.24858309907795,-80.38384012465139,-2047.19586329606,-1.915053423350811e-05,0.000487721094214363,-0.001111679320455837,2.652532637747569e-10,0.6342975310294897,0.02169559045309063,-0.6339263831274088,0.0003087637870825653,1.056099439708708e-05,-0.0003085831194522999
293764.9651961531,2.342929481170612,-92.24619099007198,-79.96278495393406,-2038.643527813656,-1.921045644002606e-05,0.0004897687431768034,-0.001104489074921491,2.657534057363169e-10,0.6337130698443001,0.0218089005140479,-0.633337687770004,0.0003097700444122878,1.06605724298532e-05,-0.0003095865510816944
294442.1633798762,2.292104346470656,-92.25503292622233,-79.94344079459016,-2030.150595951636,-1.936660151476926e-05,0.000491811676054695,-0.001097358132604806,2.662513856828363e-10,0.6330509094239196,0.02179546784968376,-0.6326755973669801,0.0003107351417992871,1.06983777955811e-05,-0.0003105509186294029
295120.9226666385,2.236516122156235,-92.25490245148505,-79.56962764936611,-2020.774713833582,-1.945533422146465e-05,0.000494093646097766,-0.001089777985497202,2.668715221849185e-10,0.6327412194735627,0.02189342696310979,-0.6323623397046207,0.0003120202701407497,1.07961877385194e-05,-0.0003118334352006228
295801.2466551547,2.193550719421577,-92.25069818263717,-79.13342296922245,-2013.454683186303,-1.948973383988722e-05,0.0004958928149643904,-0.0010833330459023,2.672257300700093e-10,0.6319748876442278,0.02202055145617657,-0.6315911287585507,0.0003127723280597261,1.089824814049357e-05,-0.0003125824009559226
296483.1389524342,2.148231777033151,-92.22710143674099,-77.99263589727164,-2005.475823512789,-1.936254309345796e-05,0.0004978817757461235,-0.001076558321971075,2.67671850170666e-10,0.6312195119755178,0.02236144214398136,-0.6308233018871864,0.0003136424513384806,1.111102777471484e-05,-0.0003134455811514986
297166.6031738027,2.107547975227164,-92.2204601561272,-77.4912772774388,-1998.54977371283,-1.937182120534515e-05,0.0004996117014271976,-0.001070372888825438,2.679817154327038e-10,0.630886982186702,0.02253033926997651,-0.6304845502508557,0.0003145610051703579,1.123365415312319e-05,-0.000314360352125
297851.6429429189,2.067906787833673,-92.20158437918336,-76.56574011262521,-1991.626825561998,-1.92742358388782e-05,0.0005013611189867998,-0.00106421187054979,2.682947437885009e-10,0.6303212295937459,0.02282539960996312,-0.6299078135800645,0.0003153713441398304,1.142033080523464e-05,-0.0003151644979195188
298538.261891796,2.031177264614393,-92.17469046585806,-75.38063542433115,-1985.072416312619,-1.910210732749417e-05,0.0005030345809079296,-0.00105827000348128,2.685615142743489e-10,0.6297254714984839,0.02320709805039928,-0.6292977038366396,0.000316115202238068,1.164970582514909e-05,-0.0003159004676163081
299226.4636608189,1.9914272247741,-92.17562842509908,-75.16316584310782,-1978.491418073551,-1.917389649241897e-05,0.0005047071825109935,-0.001052335696511896,2.688350937035634e-10,0.6293300316561239,0.02329029043251724,-0.6288989196332483,0.0003169632361942729,1.173019791852062e-05,-0.0003167461058253736
299916.2518987652,1.957708769600408,-92.15935665501759,-74.37948942481734,-1972.630560386295,-1.908730753932055e-05,0.0005062175938383421,-0.001046805241769918,2.690136856557448e-10,0.6290499169957988,0.02356670536366473,-0.6286083108508219,0.0003177627616327228,1.19046536317925e-05,-0.0003175396855549896
300607.6302628231,1.926086870500469,-92.14339835565394,-73.62330916379096,-1967.127067633481,-1.899951809619787e-05,0.0005076444775916741,-0.00104148386463114,2.691458683305928e-10,0.6284676972411399,0.02382821477718522,-0.6280158140175401,0.0003183560352283849,1.207039918890922e-05,-0.00031812712966636
301300.6024186122,1.896067173953282,-92.13500981514636,-73.14426390496662,-1962.013336437599,-1.897462467169698e-05,0.0005089731534948087,-0.001036387310213278,2.692267301312566e-10,0.6278885780453314,0.02400666615449907,-0.6274294752559324,0.0003188892411367046,1.219239817367361e-05,-0.0003186560740665678
301995.1720402016,1.868980096272831,-92.10667439476943,-71.99058996993065,-1957.06466943202,-1.877059837113197e-05,0.0005102788421595703,-0.001031395680885747,2.692867313925412e-10,0.627415101503787,0.02440732907410903,-0.626940182060837,0.0003194561700339521,1.242729390492067e-05,-0.0003192143589172674
302691.3428101306,1.842626415141792,-92.10275681429543,-71.69370341803246,-1952.628187612091,-1.877832395225001e-05,0.0005114407948976469,-0.001026690836922846,2.692778166196142e-10,0.6271186782465415,0.02454754930324405,-0.6266380569586355,0.0003200273041309915,1.252695271093708e-05,-0.0003197820364641017
303389.1184194271,1.819959926183403,-92.10887378559168,-71.76675094047611,-1948.943048448785,-1.88684619001289e-05,0.0005124038245186446,-0.001022396325818089,2.691664850129551e-10,0.6269143470334044,0.02458178935893368,-0.6264322263008448,0.0003205224480023259,1.256792947694835e-05,-0.0003202759541740001
304088.502567628,1.798733132485723,-92.12643766418128,-72.24359314775229,-1945.672995968129,-1.905729693688769e-05,0.0005132533752912062,-0.001018333387596189,2.689987613859106e-10,0.6269335216228987,0.02449987279006718,-0.6264546246678686,0.000321063049226893,1.254679099514058e-05,-0.0003208177981574504
304789.4989627983,1.769039501014025,-92.22037653594728,-75.30662737507984,-1942.27946812935,-1.993229834103102e-05,0.0005140861457994912,-0.001014219253847765,2.688489919240583e-10,0.6268410802278026,0.02357888924203428,-0.6263974583627159,0.0003215522736533634,1.209532317703493e-05,-0.0003213247078095467
305492.1113215514,1.733012121720638,-92.31573187614235,-78.36808397446781,-1937.925231956452,-2.083317975418866e-05,0.0005151733034672638,-0.001009618149136863,2.688333316786788e-10,0.6268170432133915,0.02264536230505324,-0.6264078489521436,0.0003222368259589987,1.164162613457798e-05,-0.0003220264655972747
306196.3433690677,1.693767964301801,-92.39516097385486,-80.84630071605544,-1932.835949107174,-2.160284754250493e-05,0.0005164708831871501,-0.001004650780938091,2.68921259809471e-10,0.6269085127762221,0.02189026157154769,-0.6265262164024933,0.0003231096563419035,1.128227604103675e-05,-0.0003229126201756705
306902.1988391158,1.649712845822622,-92.48668343662841,-83.69498679397115,-1927.208811283556,-2.249176786900153e-05,0.0005179083584204175,-0.0009994219977772947,2.690861587057964e-10,0.6268555709832705,0.02099805542833645,-0.6265037817451627,0.0003239992617594262,1.085314508171786e-05,-0.0003238174344634463
307609.6814740708,1.599948834748272,-92.57400026831202,-86.34331302926159,-1920.659797741933,-2.33588260709561e-05,0.0005196043165696813,-0.0009937349804585891,2.693826901365107e-10,0.6268507953821737,0.02015374218621137,-0.6265267323483935,0.0003250752268161161,1.045142218952108e-05,-0.0003249071726874704
308318.7950249355,1.553935864958089,-92.65182684404982,-88.67581564278682,-1914.575080620283,-2.413958179292218e-05,0.0005211910533025172,-0.0009883085070329172,2.696172840866543e-10,0.6268099912543931,0.01941232029381996,-0.6265093191303243,0.0003260624466478536,1.00981617051886e-05,-0.0003259060389808084
309029.5432513591,1.505445923956087,-92.70626321653313,-90.17753689823837,-1907.777979242396,-2.472142181059637e-05,0.0005230014676386641,-0.0009825348493342127,2.699555745684056e-10,0.6264963629739484,0.01891873623263947,-0.6262106468585034,0.0003270413892994237,9.875890981938613e-06,-0.0003268922407953577
309741.9299216581,1.454945056265202,-92.77527168051841,-92.14883766411729,-1900.934514336622,-2.544111888505413e-05,0.0005248237763803368,-0.0009767586988535454,2.70304313135693e-10,0.6263279949169175,0.01827092638304776,-0.6260614430435334,0.0003281070979739791,9.571375831018423e-06,-0.0003279674625715297
310455.9588128356,1.406587605787188,-92.83798872753596,-93.90847959071939,-1894.355135842295,-2.610454072595629e-05,0.0005265900481888615,-0.0009711393042469605,2.706192785461285e-10,0.6261654152208911,0.01769258853158293,-0.6259154092445743,0.000329138968618381,9.299971221534682e-06,-0.0003290075549260992
311171.6337106018,1.358425053947934,-92.87206773093712,-94.68890475492712,-1887.396221241937,-2.651436393202116e-05,0.0005285002548445494,-0.000965346470054492,2.709923620634431e-10,0.625630570243035,0.017417198710505,-0.6253880808039949,0.0003300559541363682,9.188569760178606e-06,-0.0003299280270704972
311888.9584093937,1.31196210250444,-92.91193835616698,-95.6709247397642,-1880.815861663857,-2.697523036706412e-05,0.0005303120178300451,-0.0009597683193276824,2.713150299719016e-10,0.6252216372668371,0.01708278250672287,-0.6249882192877338,0.0003309779516970556,9.043232073793952e-06,-0.0003308543855886423
312607.9367123956,1.266220564651572,-92.94482735979285,-96.41648250876139,-1874.266847158328,-2.737415233003165e-05,0.0005321337684827692,-0.0009542266793851416,2.716368642553645e-10,0.6248614382532991,0.01682645859779614,-0.6246348431740245,0.0003319286829830062,8.938276391718216e-06,-0.0003318083148475612
313328.5724315585,1.224733194348498,-92.96170290450473,-96.65271012345707,-1868.134423576284,-2.762083696548408e-05,0.0005338643508009222,-0.000948917060340035,2.719017535856941e-10,0.6245273840403526,0.01674585054927198,-0.6243028350934083,0.0003328304933524477,8.924396019054993e-06,-0.0003327108240814068
314050.8693876218,1.179069976566598,-92.99070197124247,-97.25911086705332,-1861.594618421952,-2.798828281195049e-05,0.0005357116284233744,-0.0009434203641367221,2.722293942777223e-10,0.6241436744041193,0.01653222938990132,-0.6239246843089917,0.000333780999933033,8.841143927560915e-06,-0.000333663887902703
314774.8314101316,1.138690467694998,-93.01305251580551,-97.68029739973895,-1855.762112224139,-2.828529975279367e-05,0.0005373733394701723,-0.0009383015536534472,2.724569106103799e-10,0.6236340762134772,0.01638815954138484,-0.623418711013299,0.0003345450506203821,8.791337536646631e-06,-0.0003344295191500157
315500.4623374628,1.095209214733672,-93.03976059932745,-98.21861845031391,-1849.56387044199,-2.863071329532307e-05,0.0005391476049197416,-0.0009330168024608542,2.727412322809164e-10,0.6233320659754997,0.0162025798017237,-0.6231214495433883,0.0003354905456784876,8.720572285291645e-06,-0.0003353771874452202
316227.766016838,1.051914536009876,-93.06139657880288,-98.58625440518959,-1843.341663168035,-2.893105175268661e-05,0.0005409457269348347,-0.0009277393354662193,2.73032466580229e-10,0.6231390670052875,0.01607537519230819,-0.6229316809575884,0.0003365071534747086,8.681013650770949e-06,-0.0003363951609961805
316956.746304349,1.012353735657176,-93.08363138207173,-98.99970867419728,-1837.699475271008,-2.922983572081318e-05,0.0005425839579303358,-0.0009227724565481195,2.732408579557357e-10,0.6225020211850781,0.01593063060916414,-0.6222981450943766,0.0003371833408623784,8.628957124695665e-06,-0.0003370729097006388
317687.407064977,0.9692682557283484,-93.1205506940984,-99.8653342095915,-1831.793166182236,-2.967378866302138e-05,0.0005442954125961144,-0.0009176911978139178,2.734914143404794e-10,0.622216141887414,0.01563590111702009,-0.622019650671518,0.0003380984659798424,8.496202245478792e-06,-0.0003379916970064895
318419.7521726124,0.931301099726718,-93.13272661070461,-99.9536183259022,-1826.272496376988,-2.987916032152411e-05,0.0005459280976914605,-0.0009128211841381278,2.736872418793166e-10,0.6218452607507264,0.01560805658190543,-0.6216493520368818,0.0003389094925637058,8.506486854451761e-06,-0.0003388027211094734
319153.7855100762,0.8888661519579598,-93.1586238883062,-100.4541382300656,-1820.339011288271,-3.022335894197559e-05,0.0005476803674154659,-0.0009077628557233421,2.739478240326104e-10,0.6213097805936448,0.0154276191844859,-0.6211182109933837,0.0003397079755330604,8.435220954431436e-06,-0.0003396032327411215
319889.5109691397,0.8491855791328656,-93.18831353263847,-101.0964264326529,-1814.883782752973,-3.059797316314578e-05,0.0005492950368121805,-0.0009029609138710362,2.741393077085428e-10,0.6212711249581115,0.01521882126223827,-0.6210846948573967,0.000340693075240619,8.345707387767073e-06,-0.0003405908405772355
320626.9324505466,0.8056271273703992,-93.21544987608961,-101.620086343906,-1808.856768894591,-3.096012335900011e-05,0.0005510960551067993,-0.0008978924319129435,2.744201214835391e-10,0.6207886583153589,0.01502723990463823,-0.6206067517791213,0.0003415486874769254,8.267763911406306e-06,-0.0003414486052059895
321366.0538640317,0.763857004547057,-93.25105963790588,-102.4288509142998,-1803.240108368867,-3.139902549283148e-05,0.0005527737705438393,-0.0008930457133779792,2.74641759714521e-10,0.6204883336623791,0.01474881534085127,-0.6203130215118472,0.0003424296693896691,8.139447088790917e-06,-0.0003423329196548396
322106.8791283435,0.7199174956368765,-93.26073717352097,-102.3756040229323,-1796.942140714795,-3.160246288384968e-05,0.0005547004860029362,-0.0008878799015991777,2.749704586355902e-10,0.6198962943580636,0.014744592834933,-0.6197209152037642,0.0003432935274019089,8.165435622825836e-06,-0.0003431964038522762
322849.4121712634,0.6787472707234603,-93.28657420186559,-102.8650849064899,-1791.308913460397,-3.19519414291757e-05,0.0005564161788859408,-0.0008830608247493367,2.752007700035665e-10,0.6196572802909236,0.01457429754734728,-0.6194858633322843,0.0003442262798476035,8.096178945497157e-06,-0.0003441310558845323
323593.6569296283,0.634026892851888,-93.31255609777304,-103.3266188795886,-1785.201914495591,-3.231357874516267e-05,0.0005582904315033573,-0.000878026200528636,2.755070951387663e-10,0.6191814084010219,0.01439731598321268,-0.619014001297186,0.0003451243650870831,8.024892980065433e-06,-0.0003450310543551417
324339.6173493492,0.5926496473763452,-93.32031668441395,-103.2274331638194,-1779.310388813717,-3.249618739574688e-05,0.000560130210138322,-0.0008731157975358987,2.757835877588007e-10,0.6185902959621052,0.01441487319325351,-0.6184223198505269,0.0003459285955515304,8.061097743280901e-06,-0.0003458346598064276
325087.2973854344,0.5531788382519895,-93.33062619842552,-103.2248809455708,-1773.746543436955,-3.269888140308475e-05,0.0005618754638579718,-0.0008683837616867868,2.760123848058786e-10,0.6181287816517262,0.01440816733992401,-0.6179608364776462,0.0003467459006868538,8.082414392966667e-06,-0.0003466516900589378
325836.7010020087,0.5129202426708537,-93.34033714674854,-103.1960832807849,-1768.084900218381,-3.289879823266247e-05,0.0005636635281228016,-0.0008636211047145397,2.762593695867435e-10,0.6177836751784622,0.0144108837784536,-0.6176155727843426,0.0003476532720214257,8.109620081580527e-06,-0.0003475586736212115
326587.8321723358,0.4712236374445332,-93.36267989633231,-103.5562041657252,-1762.439366666033,-3.322392730204534e-05,0.000565443257254456,-0.0008588836125304022,2.765068831618128e-10,0.6174045089778396,0.0142769752259116,-0.6172394152065841,0.0003485395282532478,8.059692045917888e-06,-0.0003484463288931618
327340.6948788381,0.4293479549855735,-93.37784503356441,-103.6845021308017,-1756.682194813375,-3.348244186031209e-05,0.0005672786988038314,-0.0008541090647148349,2.767750463684171e-10,0.6167886783123607,0.01421530423302318,-0.6166248444717999,0.0003493221763245687,8.050927629512549e-06,-0.0003492293879908124
328095.293113119,0.3886177516090297,-93.38308313092281,-103.5069941568351,-1750.953195729153,-3.364384376285898e-05,0.0005691286490643416,-0.0008493656022269304,2.770419876485098e-10,0.6165620470194608,0.01426972799550704,-0.6163968954235267,0.0003503290438806266,8.108024470965858e-06,-0.0003502352051486147
328851.630875983,0.3459317280312137,-93.39673051849257,-103.5785547418979,-1745.107466862014,-3.389208004924692e-05,0.0005710189923851234,-0.0008445829471419228,2.773307044985401e-10,0.6158870186403455,0.01422358083737848,-0.6157227537438063,0.0003511073196910544,8.108635501436516e-06,-0.0003510136749058947
329609.7121774578,0.3107797928136918,-93.39502686109155,-103.2279748506477,-1740.075638382908,-3.397311868915414e-05,0.0005726722458366359,-0.0008402107977125482,2.774929825557317e-10,0.6154248630167978,0.01434751427153284,-0.6152575971521786,0.0003518535201239492,8.202826542823048e-06,-0.0003517578901180792
330369.5410368147,0.2677422645718883,-93.41287240131615,-103.4268078850247,-1734.289670760892,-3.42647854895098e-05,0.000574561516114419,-0.0008354909868160435,2.777784141343573e-10,0.6147790244329245,0.01425748259795609,-0.6146136779088693,0.0003526448370211398,8.178268007314756e-06,-0.000352549992213965
331131.1214825911,0.2275725114200551,-93.42902440742145,-103.5938472035633,-1728.888844285225,-3.45337190880627e-05,0.000576336947557419,-0.0008309735563133832,2.780052898077237e-10,0.6144330952736434,0.01419294798363559,-0.6142691501248325,0.0003535358716829376,8.166415962523163e-06,-0.0003534415400274019
331894.4575526103,0.1887236644657917,-93.4369667715454,-103.5143698482498,-1723.560715984926,-3.472032485563814e-05,0.0005781089915838837,-0.0008265073472175246,2.782233302647831e-10,0.614089487862603,0.01421676191903478,-0.6139248999542953,0.0003544218942285902,8.205207528757707e-06,-0.0003543269022780968
332659.5532940045,0.147624708787175,-93.44865308285549,-103.5325397265859,-1718.00760598769,-3.495041655470974e-05,0.0005799633780065629,-0.0008219496480858833,2.784806663295525e-10,0.613527806609078,0.01419566607850558,-0.6133635565854347,0.0003552322557806929,8.219282694370363e-06,-0.000355137155109163
333426.4127632349,0.1078798177381574,-93.45526679508971,-103.403801929454,-1712.579049111683,-3.512811603176975e-05,0.0005817936519569787,-0.000817467994940431,2.787208802305609e-10,0.6131345635596436,0.0142330143550801,-0.6129693420831442,0.000356121693088472,8.266839730020518e-06,-0.0003560257289144677
334195.0400261143,0.07054305129821399,-93.44972521909779,-102.9196072411949,-1707.30461058913,-3.518039952866806e-05,0.000583597818993827,-0.0008130760053099849,2.789389222061176e-10,0.6124338992316256,0.014393301627633,-0.6122647415916656,0.0003568100057379182,8.385678916184522e-06,-0.0003567114528352123
334965.4391578276,0.0266805028789692,-93.46638348879347,-103.0675906792753,-1701.523000231046,-3.546956719671475e-05,0.000585560252215989,-0.0008084589172906464,2.792430080327467e-10,0.6120255138745688,0.01432333396758209,-0.6118578852458169,0.0003577716151482382,8.372988072748388e-06,-0.0003576736245189358
335737.6142429546,-0.01282251940528883,-93.45331668651338,-102.3379313962612,-1695.885505655418,-3.545397767571156e-05,0.0005875229842711732,-0.0008039270838078937,2.795268968590372e-10,0.6114166373554079,0.01456615632344804,-0.6112431034579902,0.0003586029440776993,8.543219504261113e-06,-0.0003585011644356201
336511.5693754907,-0.0486835866324111,-93.4468981112838,-101.8438288980072,-1690.847852836879,-3.549383399444047e-05,0.000589281389435493,-0.0007996955180314432,2.797149000579011e-10,0.6108188549058275,0.01473814554068237,-0.6106410243133752,0.0003593162779624915,8.669764459978787e-06,-0.0003592116685090101
337287.3086588689,-0.08608470966610909,-93.44737659983979,-101.5496924553791,-1685.729919993532,-3.560651270562641e-05,0.0005910698729184079,-0.0007954412828388562,2.799188443416974e-10,0.6103625395745624,0.0148400414888301,-0.6101821063293474,0.0003601318579193498,8.756061138184817e-06,-0.0003600253969955274
338064.8362059816,-0.1230724008217264,-93.42795146167639,-100.655537100103,-1680.378120622662,-3.551960624792507e-05,0.0005929765108976228,-0.0007910922862075352,2.801645058343657e-10,0.6096021852280342,0.01514628889705485,-0.6094139924283339,0.000360830192704603,8.965253855577153e-06,-0.0003607187993306504
338844.1561392025,-0.1572342835681086,-93.41764985999588,-100.064015890327,-1675.550369936675,-3.551540745829958e-05,0.0005946978399350661,-0.0007870052321791335,2.803255246454434e-10,0.6092327556775051,0.01536493081046329,-0.6090389720630334,0.0003616484693438569,9.120822308706808e-06,-0.0003615334368757163
339625.2725904084,-0.190011151314417,-93.41231279673354,-99.63561194186455,-1670.992475411305,-3.555693199811749e-05,0.0005963266010975423,-0.0007830592532252631,2.804436671388597e-10,0.6085538845054268,0.01552293044743646,-0.6083558736274093,0.0003622268425956279,9.239645374010105e-06,-0.0003621089814547001
340408.1897010009,-0.2203419581955113,-93.40576600654884,-99.19123977168344,-1666.745227476468,-3.557946940725584e-05,0.000597854316239909,-0.000779272502405736,2.805116555754257e-10,0.6080481062714486,0.01569810590351385,-0.6078454318421229,0.0003628444847547787,9.367632411708562e-06,-0.0003627235415298543
341192.9116219284,-0.2514153455822581,-93.4051308457817,-98.92033457721612,-1662.503893573119,-3.566361777855347e-05,0.000599380336400569,-0.0007755017866985446,2.805804843281828e-10,0.6076413993979176,0.01581315111870229,-0.6074356052405528,0.0003635210032333939,9.460205582844984e-06,-0.0003633978870358818
341979.4425137089,-0.2896230186679035,-93.41567201990856,-98.93034195476403,-1657.528755713897,-3.588087343333341e-05,0.0006011662177724535,-0.000771402786231077,2.807754035538537e-10,0.6072085374400356,0.01580920726140598,-0.6070026992574522,0.0003643422687254446,9.485970774810212e-06,-0.0003642187600034677
342767.7865464503,-0.3214297809215837,-93.43317163830139,-99.19655852269992,-1653.497408041578,-3.615175064910222e-05,0.00060260987764789,-0.0007677567618910163,2.808126146009891e-10,0.6068835206354726,0.01573465250414514,-0.6066795103920025,0.0003650222302949263,9.46392141932713e-06,-0.0003648995242540759
343557.9478998746,-0.361518702162048,-93.45377978009648,-99.48994013814657,-1648.468630076498,-3.647865031188493e-05,0.0006044220211930347,-0.000763661363715741,2.810214333657041e-10,0.6065110986955992,0.01562632033598713,-0.6063097648510206,0.0003658969464651295,9.427070514818814e-06,-0.0003657754854743747
344349.9307633384,-0.4009398452325714,-93.47218985751975,-99.72070322543706,-1643.510170727176,-3.678278572891517e-05,0.0006062219829766504,-0.0007596132431715405,2.812209918386859e-10,0.6060900873615516,0.01554038004119013,-0.6058908239824305,0.0003667327183127848,9.403166187602857e-06,-0.0003666121481166884
345143.7393358563,-0.438154680792095,-93.48803315748752,-99.89036501485182,-1638.810175712147,-3.705576356930405e-05,0.0006079401391428483,-0.0007556988886884588,2.813788690431391e-10,0.6057398326158187,0.0154837482384368,-0.6055419047084427,0.0003675594676913858,9.395449917517344e-06,-0.0003674393661686542
345939.3778261219,-0.4801017045069112,-93.51690316318152,-100.4069373024208,-1633.729054402814,-3.747713108355293e-05,0.0006097933028516648,-0.0007516231783585695,2.816048297206385e-10,0.6052921445919059,0.01528738611183883,-0.6050990630719373,0.000368412428849846,9.304702032809531e-06,-0.0003682949093472832
346736.8504525317,-0.520299888260082,-93.51619400737653,-100.0613555123597,-1628.435253440615,-3.759142024483384e-05,0.0006117765808801912,-0.0007474645967162875,2.818705065402757e-10,0.6044790049684526,0.0153944152658907,-0.604282946496318,0.0003691074569580415,9.400150250785829e-06,-0.0003689877395758498
347536.1614432058,-0.5655258848121903,-93.54496229755044,-100.5443258276793,-1622.982792251875,-3.802473287196424e-05,0.0006137938329502705,-0.0007432485093560106,2.821669971710301e-10,0.6041274151175848,0.01520251472830011,-0.6039361036091405,0.0003701141843297804,9.313707998719309e-06,-0.0003699969787517369
348337.3150360119,-0.6063627394133041,-93.54691728205285,-100.2718740109487,-1617.69047447631,-3.817006280118235e-05,0.0006157992718565631,-0.0007391210309437022,2.8243902487549e-10,0.6036196743085582,0.01528960969793298,-0.6034260013022763,0.0003710056868588838,9.397526934959035e-06,-0.000370886648680077
349140.3154785861,-0.6461657298087555,-93.55327553530573,-100.1368126019001,-1612.613311156443,-3.835852528288875e-05,0.0006177295528012807,-0.0007351066845847487,2.826766210174979e-10,0.6031496013786686,0.01533143189257699,-0.6029547154134961,0.0003718748555939283,9.452669798783113e-06,-0.0003717546976928203
349945.1670283573,-0.6904688694388321,-93.57258725770006,-100.3442548036715,-1607.196397663559,-3.869590443834747e-05,0.0006197855406802008,-0.0007309523757100926,2.829770281789686e-10,0.6023940973340962,0.01523001719756605,-0.6022015402497094,0.0003726464679320444,9.421427169246676e-06,-0.0003725273503681613
350751.873952568,-0.7306124836150156,-93.5752202745194,-100.0974063251769,-1602.05887298786,-3.884845740695289e-05,0.0006217695160703239,-0.0007269400613230338,2.832315701808652e-10,0.601951477689271,0.01531212115532677,-0.6017566953827947,0.0003735591169937248,9.502397900977446e-06,-0.0003734382389676543
351560.4405282981,-0.776491424578246,-93.58022820255736,-99.8759541699943,-1596.272753149495,-3.904360321833174e-05,0.0006240164664271804,-0.000722648711000808,2.836044434071633e-10,0.6012395832954731,0.01536255709206058,-0.6010432832674426,0.0003744610962108191,9.568032659731253e-06,-0.0003743388375875934
352370.8710424871,-0.8187460800619608,-93.57660261142996,-99.4337894711919,-1590.821004400007,-3.913793842283567e-05,0.0006261599285623078,-0.0007185242800451202,2.839218492977932e-10,0.6008522459643649,0.01551194345783677,-0.6006519800105403,0.0003754970954063375,9.694046667290807e-06,-0.0003753719410368981
353183.169791957,-0.8625551502548665,-93.5853718226362,-99.3379431015654,-1585.390321242283,-3.936778919564111e-05,0.0006282927752557059,-0.0007144244911341279,2.842391718458283e-10,0.5999909941239639,0.0155192853874161,-0.5997902506801245,0.0003762329212155322,9.731589529956702e-06,-0.000376107042172296
353997.3410834346,-0.9070871840253081,-93.5849405086082,-98.97276960795982,-1579.752849742943,-3.950354828681727e-05,0.0006305354819133865,-0.0007102467892289575,2.845974366954313e-10,0.5993457705878242,0.01562862600176372,-0.5991419687943834,0.0003771628838463843,9.834953281810209e-06,-0.0003770346332172494
354813.3892335755,-0.9457633307772683,-93.57446075377001,-98.36643395620078,-1574.690059456956,-3.95153080784026e-05,0.0006325771945249748,-0.0007063423038843126,2.848557862816843e-10,0.5987490990609926,0.01584421740455169,-0.5985394259371623,0.000377996301739917,1.00026131016753e-05,-0.000377863932997306
355631.3185689853,-0.9902386029266558,-93.56623432732252,-97.78368231618431,-1568.981412084945,-3.956828151687436e-05,0.0006348901650827369,-0.0007021629826007074,2.852346835948159e-10,0.5980080383054507,0.01603223487570774,-0.5977930924013957,0.0003788985871371353,1.015804262476082e-05,-0.0003787623971628531
356451.1334262443,-1.033233773656566,-93.54825462883075,-96.93851223140894,-1563.322252865076,-3.951233295434024e-05,0.0006372133009703853,-0.0006980212457102981,2.856088245261033e-10,0.5971750481874656,0.0163191326880056,-0.5969520282954176,0.0003797409654667954,1.037726412269423e-05,-0.0003795991481062381
357272.8381519289,-1.07722222148962,-93.54655219067796,-96.55053849824397,-1557.814767278938,-3.963309696725855e-05,0.0006394684554733624,-0.0006939624123582568,2.859593592245876e-10,0.5966329775913836,0.01644410692480522,-0.5964063223147504,0.0003807312988808711,1.049353023309557e-05,-0.0003805866626285823
358096.437102636,-1.120147010535278,-93.53691494014048,-95.94868777911165,-1552.333075625806,-3.96655245790359e-05,0.0006417399465414126,-0.0006899300208342491,2.863091453195877e-10,0.5958515081360575,0.0166449350951657,-0.5956189771017139,0.000381572260442171,1.065910788586164e-05,-0.0003814233518782319
358921.9346450052,-1.161579981182897,-93.52355185387474,-95.2562993263593,-1546.990665747435,-3.96528859923728e-05,0.0006439746760472062,-0.0006859742679539597,2.866371244885007e-10,0.5951351484762715,0.01688598255599542,-0.594895544230239,0.0003824280874364324,1.085076898904042e-05,-0.0003822741200665225
359749.3351557424,-1.208597858618719,-93.50724598218063,-94.44501121959924,-1540.964080845512,-3.962467009935588e-05,0.0006465158143343982,-0.000681730378980264,2.870963135618791e-10,0.5944386305279244,0.01715776549644707,-0.5941909596645536,0.0003834739813602276,1.106852130441852e-05,-0.0003833142082109634
360578.6430216423,-1.254971380217497,-93.49340200622316,-93.71175964844431,-1535.074750283348,-3.962046260060138e-05,0.0006490153632894521,-0.000677562965115734,2.875349251559252e-10,0.5936427701094131,0.01740072549623883,-0.5933876922007921,0.0003844283038314397,1.126827736270195e-05,-0.0003842631217173916
361409.8626396133,-1.305249096511359,-93.49151033027809,-93.28638964688737,-1528.936816604725,-3.975808557724302e-05,0.0006516234686202848,-0.0006733016367084524,2.880252704568848e-10,0.5928403630146595,0.01751943543184277,-0.5925814419989059,0.000385443435462173,1.139050544040001e-05,-0.0003852750943503804
362242.9984166985,-1.356348754636667,-93.47664794330274,-92.49915889106025,-1522.531294806245,-3.975623975695449e-05,0.0006543856173337972,-0.0006689387583463295,2.885718100549177e-10,0.5919051893675294,0.01776801824304946,-0.5916384459515165,0.0003864533000991148,1.160069114039165e-05,-0.0003862791440429598
363078.0547701014,-1.411199526492092,-93.46712549043538,-91.83750980940067,-1515.802497826808,-3.982388216438629e-05,0.0006573037551129038,-0.0006644506797111016,2.89186165856243e-10,0.5909581654936286,0.01796058953598872,-0.5906851704479422,0.000387544320223654,1.177837090503129e-05,-0.0003873652928650651
363915.036127207,-1.471876580732732,-93.45438266509892,-91.05152673423618,-1508.386937866484,-3.987329453424321e-05,0.0006605529726119435,-0.0006596793576091282,2.89939488721743e-10,0.5900974673406395,0.01818853534088027,-0.5898170887181811,0.0003888801944233236,1.198642860053822e-05,-0.0003886954220776547
364753.9469256079,-1.528033054656094,-93.40672683877764,-89.35202605976521,-1500.9890074959,-3.951965125716884e-05,0.0006638748412644312,-0.0006549341606392333,2.906983856219773e-10,0.5889819329210161,0.01876676562210585,-0.5886828737235874,0.0003900700933157251,1.242882609513058e-05,-0.0003898720328277414
365594.7916131248,-1.592952729340806,-93.35834970625099,-87.58895941727307,-1492.616795431656,-3.91795810379281e-05,0.0006676652067138782,-0.0006497831659109558,2.916565992080308e-10,0.5876356630042736,0.01934273504318697,-0.5873172320267143,0.0003913734408726192,1.288252780819468e-05,-0.0003911613614580875
366437.5746478333,-1.65922059081385,-93.28327271278015,-85.11635028586895,-1483.723358195023,-3.853720689233422e-05,0.0006717693349598817,-0.0006444260168040632,2.927299764628841e-10,0.5861418633617941,0.02018409648778941,-0.585794235405409,0.0003927407652393393,1.352423021760192e-05,-0.0003925078392564957
367282.3004980846,-1.729254246615699,-93.19158598157485,-82.20309546904369,-1474.194338542116,-3.77077330435666e-05,0.0006762339818823135,-0.0006388146549367641,2.939445366286687e-10,0.5844789337178193,0.02118439592861606,-0.5840948941131558,0.0003941860004969021,1.428724257164691e-05,-0.0003939269953778779
368128.9736425315,-1.801585614634071,-93.03986525173488,-77.72127845551807,-1463.526088196285,-3.618394614157678e-05,0.0006813597280491869,-0.0006327331667910664,2.954062388990294e-10,0.5821763089258037,0.02276408739250327,-0.5817310813422808,0.0003955444368689633,1.546646263417622e-05,-0.0003952419386547572
368977.5985701503,-1.873280058877233,-92.83491320938263,-71.90882273652217,-1452.146518747706,-3.401712921428784e-05,0.0006869512514106286,-0.0006263694529098765,2.970364142825582e-10,0.5796495562696725,0.02485935535254126,-0.5791162409526125,0.0003969789825314049,1.702518614479408e-05,-0.0003966137360309204
369828.1797802662,-1.930878931446859,-92.46920222614818,-62.08950237388993,-1439.843108535797,-2.989379114951134e-05,0.0006932310218149313,-0.0006196340909890291,2.988855778878759e-10,0.5763230308354313,0.02851325019383202,-0.5756172603690073,0.0003981833724336299,1.969989313938397e-05,-0.0003976957534258012
370680.721782576,-1.955176810010701,-91.9272113833041,-48.06446205167271,-1428.412154549949,-2.353019691204045e-05,0.000699286288317931,-0.0006133009941167514,3.005845088057316e-10,0.5721204119483358,0.03383054478310155,-0.5711193045306839,0.0003985798592715921,2.356876891144302e-05,-0.0003978824164862795
371535.2290971726,-1.912091309784955,-91.19128720430122,-29.55447018272069,-1421.237785039072,-1.462520384271673e-05,0.0007033078984890866,-0.0006088171486391796,3.014070362174246e-10,0.5677170570237768,0.04096680603130274,-0.5662370330871443,0.000397639829898222,2.869393050679193e-05,-0.0003966031929694443
372391.7062545685,-1.794443915511952,-90.3877589632238,-9.618059692323738,-1421.155579616968,-4.761944480693702e-06,0.0007036204998774603,-0.0006073817746199963,3.007312137817498e-10,0.5640477397934983,0.04870726617780542,-0.5619407931336169,0.0003951611204688669,3.412338445827913e-05,-0.0003936850337050201
373250.1577957206,-1.652745046193187,-89.74231657975719,6.414987020414458,-1426.359536119648,3.153036349994399e-06,0.0007010713273829564,-0.0006082038173549772,2.989448813376975e-10,0.5620063397188124,0.05495468549356242,-0.5593130683494181,0.0003922916293713243,3.835946605983927e-05,-0.0003904116722620015
374110.5882720533,-1.538935123886469,-89.26132683469464,18.45229636249345,-1431.187943534224,9.007098179281398e-06,0.0006986041231496167,-0.0006088590990142039,2.972510946427685e-10,0.5603742827953601,0.05959415412836565,-0.5571964407748301,0.0003897965013267328,4.145370958653734e-05,-0.0003875859935653979
374973.0022454836,-1.423381877345144,-88.72584932339606,31.92580562594108,-1435.397247196569,1.548755479828816e-05,0.00069632678290835,-0.0006092453745303869,2.9569775183491e-10,0.5588058565395841,0.0647367159075467,-0.5550433703022168,0.0003874941778522302,4.489054689367101e-05,-0.0003848851473738145
375837.4042884441,-1.277616222189648,-88.11167294028604,47.53829105677779,-1441.888565920492,2.284064448629716e-05,0.0006927818268374894,-0.0006105930118594807,2.936895093589432e-10,0.5571361329916987,0.07059030116280143,-0.5526460712487594,0.0003844754828073171,4.871383942618272e-05,-0.0003813769247454278
376703.798983909,-1.072307201756005,-87.44880542021562,64.81808619549484,-1454.749125435326,3.056741153940639e-05,0.0006860417795992237,-0.0006146221909525627,2.904236818298252e-10,0.5560087575178038,0.07694207877938643,-0.5506592911679586,0.0003801272002524603,5.260308689845748e-05,-0.0003764699239255739
377572.190925416,-0.8289859024315567,-86.92706978049149,79.18159718116979,-1474.950685624557,3.629271199164203e-05,0.0006760404227862301,-0.0006217239989485852,2.857871066111854e-10,0.5566642346085892,0.08216871747187629,-0.5505664101281456,0.000375187274272858,5.538106316538654e-05,-0.0003710773889891005
378442.5847170933,-0.5756258043116546,-86.70574229946477,86.460141111277,-1502.111174596245,3.819225715476308e-05,0.0006635313743171808,-0.0006317164826714262,2.799742272805749e-10,0.5592125736369211,0.08480048873397926,-0.5527454926311993,0.0003700026984457845,5.610819774139301e-05,-0.0003657237577781554
379314.9849736819,-0.3713373686173124,-86.94507312755096,81.74255463483841,-1531.645289890175,3.474534116891559e-05,0.0006510383530919841,-0.0006426556519151328,2.739440877414261e-10,0.5635510699881818,0.0832518524403093,-0.5573678655520801,0.0003657604712714034,5.403279029072454e-05,-0.0003617473979423732
380189.3963205612,-0.2550292935601082,-87.55284682414295,66.52465755883489,-1556.610410333549,2.740503096308272e-05,0.0006412502981307333,-0.0006516284874604999,2.689305877614179e-10,0.5688425062894442,0.07818363676754767,-0.5634439776086497,0.0003634512436079339,4.995396739655264e-05,-0.0003600019550245497
381065.823393773,-0.2289953954064018,-88.38723398112971,44.31088939179661,-1573.790845821125,1.78760801935747e-05,0.0006349051385328445,-0.0006573053187359125,2.653830107361787e-10,0.5740799643006936,0.07073877657949708,-0.5697050385063499,0.0003629731884386641,4.472596306785851e-05,-0.0003602070567784348
381944.2708400466,-0.283274946585127,-89.25228329692882,20.63286246487185,-1580.958165711627,8.253625555793387e-06,0.0006324200891356435,-0.0006587801574850049,2.635722922432262e-10,0.5784693947841257,0.06273038556536699,-0.5750580313574736,0.0003641960045626882,3.949414782109494e-05,-0.0003620482592518725
382824.7433168226,-0.3788171839057777,-90.04701020555584,-1.297624959692074,-1581.537796282838,-5.187877916600479e-07,0.0006322955601556649,-0.0006575059798492802,2.628697162239078e-10,0.5820637185606682,0.05521531123395063,-0.5794389026204667,0.0003663480004790109,3.475224141508783e-05,-0.0003646959544217577
383707.2454922788,-0.4921677346838762,-90.7089348427717,-19.52175534311438,-1577.658539692244,-7.841991180282029e-06,0.0006337536833298648,-0.0006543847113989784,2.629100084101387e-10,0.5843125708270253,0.04883294126189925,-0.582268429741987,0.0003686318145409977,3.08077844727336e-05,-0.0003673422043649083
384591.7820453536,-0.6126541481873327,-91.26517016463204,-34.70056109403076,-1571.229390843613,-1.404900395847742e-05,0.0006361340346002424,-0.0006502191049275693,2.633786318643306e-10,0.5862184940649038,0.04344746396029674,-0.5846062270102349,0.0003712775242472819,2.751715788109545e-05,-0.0003702564057964938
385478.3576657719,-0.7295212041410206,-91.72828644113902,-47.18689722912601,-1563.855362552721,-1.927671543318089e-05,0.0006388636798093007,-0.0006456790797236866,2.640119275955548e-10,0.5873216150706819,0.03892288673036193,-0.5860304500773059,0.0003736432644053493,2.476202830754297e-05,-0.0003728218488629418
386366.9770540691,-0.8440748166308267,-92.11657125038985,-57.49500086367186,-1555.686949861159,-2.372427086985642e-05,0.0006419260463134779,-0.0006408292703009862,2.64787770610059e-10,0.5881653516157825,0.03513056878207222,-0.5871152561281006,0.0003760511279670387,2.246118371360963e-05,-0.0003753797358295538
387257.6449216173,-0.9523068409823272,-92.43288234641525,-65.73928572775847,-1547.267433904573,-2.74101202512875e-05,0.0006451361001982622,-0.0006358951556421007,2.656163147257599e-10,0.5888273142356697,0.03205492498251747,-0.5879541544834573,0.0003784318209704074,2.060129232956879e-05,-0.0003778706523101921
388150.3659906482,-1.056587570881009,-92.70856397965352,-72.79825141221433,-1538.795106912448,-3.067527355199863e-05,0.0006484078934497108,-0.0006309586931489285,2.664644859392059e-10,0.5890238848747997,0.02936597354709971,-0.588291404450747,0.0003805519810228026,1.897254032472279e-05,-0.0003800787457540954
389045.1449942807,-1.151456670609454,-92.93687432225094,-78.53505290660078,-1530.806237290533,-3.342577850758554e-05,0.0006515356943422029,-0.000626239352207505,2.672390434300175e-10,0.5891366522849517,0.02715768396087387,-0.588510369719516,0.0003825277456339363,1.76335449201814e-05,-0.0003821210989638356
389941.9866765434,-1.245403431100093,-93.13172094051208,-83.30090239105058,-1522.497130237074,-3.582932287863244e-05,0.0006548553460438382,-0.0006214076770385177,2.68079527235954e-10,0.5891004769814524,0.02528590513816307,-0.5885575545187731,0.0003845140841716325,1.650446237367021e-05,-0.0003841597111203951
390840.8957924021,-1.335868127646334,-93.31744240268732,-87.79045291178198,-1514.540302692069,-3.814423050878845e-05,0.0006580553181424962,-0.0006167383666354398,2.688681116655549e-10,0.5890457923453739,0.0235074012156064,-0.5885765435080452,0.0003864192528587667,1.542106323893383e-05,-0.000386111421468607
391741.8771077831,-1.418105700124762,-93.46372788215925,-91.21507754759109,-1507.009487340259,-4.001718266799287e-05,0.0006611437007859679,-0.00061226032551683,2.695902275125673e-10,0.5888219872952227,0.0221280691434428,-0.5884060513610294,0.0003881354513766861,1.458622179605957e-05,-0.0003878612777129215
392644.9353996,-1.498320237039315,-93.59989861697009,-94.34566043609482,-1499.623674308106,-4.178705787355315e-05,0.0006642050198939396,-0.0006078583957815867,2.702948952188989e-10,0.5885842975012744,0.02085330850850346,-0.5882147692716648,0.0003898238041164952,1.381130296154749e-05,-0.0003895790627925992
393550.0754557774,-1.575364582003649,-93.69787032992885,-96.43282779574359,-1492.080533828514,-4.313502956295394e-05,0.0006674173039219103,-0.0006034098511478657,2.710365541142017e-10,0.5881174926538826,0.01996402304309033,-0.5877785492423354,0.0003914324259142921,1.328742312272062e-05,-0.0003912068358859614
394457.3020752785,-1.645142185387331,-93.7932525964371,-98.4830530459049,-1485.37875606443,-4.444082905757863e-05,0.0006702824632502904,-0.0005993180254176887,2.716332459113395e-10,0.5876296031223965,0.0191022369537491,-0.5873190402235807,0.0003928207337477791,1.276953151530168e-05,-0.0003926131275530955
395366.6200681279,-1.718494706335486,-93.88414021555745,-100.3663666064156,-1478.256973401525,-4.571839175432371e-05,0.0006733683175815169,-0.0005950727566135353,2.723141415396457e-10,0.5871300403455808,0.01828778735734036,-0.586845159398777,0.0003943268494384888,1.228239925788245e-05,-0.0003941355183900007
396278.0342554395,-1.782715533595505,-93.94629429945867,-101.5300058830733,-1471.770404349859,-4.665008168510365e-05,0.0006762356506086384,-0.0005910989625976784,2.728852527205504e-10,0.5865636575384753,0.01776699730131764,-0.5862945148573443,0.0003956444208274267,1.198405879188174e-05,-0.000395462880769792
397191.5494694403,-1.842742147220156,-93.99503653716472,-102.3562258551203,-1465.586733069708,-4.742180190653538e-05,0.0006790086597258148,-0.0005872616711244826,2.734063560482435e-10,0.5860898563045714,0.01738732325197779,-0.585831887706059,0.0003969603866969949,1.177648527352088e-05,-0.0003967856638050703
398107.1705534973,-1.905500857964695,-94.05694268051371,-103.5043954687101,-1459.338049259701,-4.835793715431316e-05,0.0006818123747636636,-0.0005834129133088656,2.739455345956428e-10,0.5853547515354174,0.01686651326269131,-0.585111703758735,0.0003981207704533867,1.147152088095528e-05,-0.0003979554649393271
399024.902362142,-1.962798335620233,-94.10276978674938,-104.2575992265235,-1453.483235706796,-4.909744565895357e-05,0.000684480696953931,-0.000579735851809049,2.744164265193206e-10,0.5850517450041611,0.01652344680296267,-0.5848183649973414,0.0003994856230333317,1.128255662359012e-05,-0.0003993262662615179
399944.7497610975,-2.018715616326421,-94.1405733734383,-104.8021948193643,-1447.689995637146,-4.974496917063932e-05,0.0006871544467722023,-0.0005760971209347473,2.748808964282029e-10,0.5843317729918622,0.0162512808636943,-0.5841057411103768,0.0004005624379236204,1.11403366769062e-05,-0.000400407491905483
400866.7176273028,-2.072101744645165,-94.17062740052458,-105.1568531810864,-1442.084893194747,-5.029823644429306e-05,0.000689772703693824,-0.0005725467568586687,2.753146390185029e-10,0.5835293815589071,0.01605667281857513,-0.5833084281925968,0.0004015426092758649,1.104903798097551e-05,-0.0004013905651902706
401790.81084894,-2.125244010651053,-94.21264829396399,-105.8246530135845,-1436.71529666412,-5.099123919695654e-05,0.0006922762443711707,-0.0005691029637952627,2.757080305157256e-10,0.5831131642257884,0.0157516061464752,-0.5829003767344962,0.0004027248897315463,1.087878689354657e-05,-0.0004025779288597562
402717.0343254591,-2.176511839103628,-94.24894330560122,-106.3513805508288,-1431.487904570716,-5.161515166168398e-05,0.0006947391271613154,-0.0005657281827432395,2.760784123994634e-10,0.5826704477170204,0.01550476325748371,-0.5824641216067152,0.000403860334740818,1.074665602791235e-05,-0.0004037173260601821
403645.392967605,-2.222090953945719,-94.27688433569195,-106.7003581104578,-1426.76788948242,-5.212392267767651e-05,0.0006969867811819878,-0.0005625659705575843,2.763546681305446e-10,0.5820428141969606,0.01533856637144971,-0.5818406705791425,0.000404735749900194,1.066599571598149e-05,-0.0004045951850710275
404575.8916974427,-2.274440840135536,-94.30446981307037,-106.9827273015492,-1421.341665855508,-5.265785730238491e-05,0.0006995971079293057,-0.0005591374982682959,2.767716764301885e-10,0.5813263806388435,0.01517428257495821,-0.5811283007864897,0.0004057566333596017,1.059140960452553e-05,-0.0004056183767507426
405508.5354483839,-2.320775836290548,-94.32953099094003,-107.2445048172204,-1416.540895534532,-5.314160011927538e-05,0.0007019217436958033,-0.0005559673000886507,2.770709632296236e-10,0.5807186876712815,0.01503904695668727,-0.5805239196426707,0.0004066831629131585,1.053199649570629e-05,-0.0004065467648953377
406443.3291652128,-2.368291496914586,-94.36986082004482,-107.890169228813,-1411.866643104557,-5.381035139045261e-05,0.0007041701827419663,-0.0005528582685762615,2.773489039745377e-10,0.5802734654239874,0.01475395272171324,-0.5800858691213301,0.0004076852570848458,1.036574885252486e-05,-0.0004075534567330563
407380.2778041128,-2.411493668380894,-94.37280777259795,-107.5988892185922,-1407.102292872112,-5.402867792793454e-05,0.0007065488979054375,-0.0005497253979836026,2.776479434097026e-10,0.5794988841716535,0.01483933552944609,-0.5793088562047329,0.0004085082842183287,1.046074748657926e-05,-0.000408374327103241
408319.3863326921,-2.46045635957769,-94.41301320711824,-108.2226822975682,-1402.315439637491,-5.470763408540953e-05,0.0007088842959285251,-0.0005465952425059319,2.779549521219094e-10,0.5790448729911901,0.01455658716283757,-0.5788618753273999,0.0004095497364872925,1.029565533651679e-05,-0.0004094203049898751
409260.659730011,-2.503522628331704,-94.42691261093638,-108.2128545823004,-1397.768086226017,-5.505710815669332e-05,0.0007111638353721737,-0.0005435697151192767,2.78217863460452e-10,0.5785993643985348,0.01454034331826851,-0.5784166343550082,0.0004105484428762627,1.031718262325925e-05,-0.0004104187857431019
410204.1029866068,-2.551320657265203,-94.46077688562208,-108.6757874703817,-1393.04838191525,-5.566282992119367e-05,0.000713507736722639,-0.0005404883430803161,2.785184255645545e-10,0.5780193435677085,0.0143196833677469,-0.5778419405050935,0.000411497621053383,1.019432257006344e-05,-0.0004113713260789223
411149.7211045223,-2.592923467674359,-94.4716328458816,-108.5967997414275,-1388.642674048974,-5.597421926710326e-05,0.0007157502772268356,-0.0005375398168081378,2.787594662659565e-10,0.577365369711364,0.01432971762225004,-0.5771875166138009,0.0004123200302719731,1.023343261260837e-05,-0.0004121930181607204
412097.5190973302,-2.640508767014925,-94.50089829248192,-108.9383014389945,-1383.914964140463,-5.653000339332375e-05,0.0007181378503752627,-0.0005344776349157708,2.790684410504444e-10,0.5768716733032156,0.01415868752233994,-0.5766978923381779,0.0004133481940660009,1.01451816557265e-05,-0.0004132236740880133
413047.5019901614,-2.683934908641315,-94.52549206904952,-109.1916365482645,-1379.563686930086,-5.701559490755935e-05,0.000720354111447146,-0.0005315717418144149,2.793047858591898e-10,0.5764194072259586,0.01403622477908714,-0.5762484858294002,0.000414302682276365,1.008856659250229e-05,-0.0004141798321568776
413999.6748197305,-2.728910018372035,-94.54214083065273,-109.2286383895091,-1374.951676384459,-5.741553689140197e-05,0.000722737094074488,-0.0005285761538444706,2.795971220295403e-10,0.5757031279604049,0.01398767218998874,-0.575533175907436,0.0004151560653901521,1.008691227879236e-05,-0.0004150335080820731
414954.0426343631,-2.77129516409951,-94.5549914969337,-109.1894195059487,-1370.564020145003,-5.776093114533119e-05,0.0007250249553121842,-0.0005256775840648559,2.798470963208898e-10,0.5750292146581901,0.01397863779535682,-0.5748592831257064,0.0004159799069238064,1.011223830164976e-05,-0.0004158569773382062
415910.6104940221,-2.817080549652923,-94.57752701174414,-109.3660615339987,-1365.9943229614,-5.82384464023055e-05,0.000727404699847496,-0.0005227198904027445,2.801374926491454e-10,0.5744320265759857,0.01387469023698643,-0.5742644391976762,0.000416914611623961,1.007005324204496e-05,-0.0004167929790834541
416869.3834703355,-2.861402677353123,-94.59180568564948,-109.3450236008153,-1361.466525654083,-5.861283480072741e-05,0.000729794643844113,-0.0005197890178649096,2.804226982592115e-10,0.5736726514029619,0.01384999090911171,-0.5735054391368243,0.000417729410468373,1.008510432440268e-05,-0.000417607652038394
417830.3666466218,-2.905278717101452,-94.6066249530696,-109.3402951597035,-1357.009235928714,-5.899350530079056e-05,0.0007321612899988389,-0.0005168957188362294,2.806967137190845e-10,0.5731732897567584,0.0138264842741223,-0.573006499459825,0.0004187175050489077,1.010059453627948e-05,-0.000418595660541764
418793.5651179184,-2.946524527885219,-94.60857778912484,-109.0345041554254,-1352.6382113231,-5.920901421703583e-05,0.0007345232200127381,-0.0005140457625857638,2.809561090799729e-10,0.5725111297145962,0.01392790803614022,-0.5723416873029781,0.0004195736014003818,1.02072819747799e-05,-0.0004194494229186324
419758.9839910076,-2.988815858153528,-94.61444204379708,-108.8186146413359,-1348.236952036576,-5.947723233853062e-05,0.0007369088708579371,-0.0005111947178249522,2.812249871951369e-10,0.5717233586174968,0.01398726812116378,-0.5715522330630661,0.0004203499867070128,1.028390371003233e-05,-0.000420224169520351
420726.6283844442,-3.030039671381294,-94.61469787685452,-108.4724185418248,-1343.872834135266,-5.967365939246579e-05,0.0007393013896897152,-0.0005083681184165581,2.814893425535459e-10,0.5710021357143003,0.01410423312633118,-0.570827915924064,0.0004211722203127717,1.040330816660565e-05,-0.000421043715476648
421696.5034285822,-3.070073110131857,-94.61469902607354,-108.1305804507885,-1339.637441622614,-5.986233817997304e-05,0.0007416387596796819,-0.0005056003999362739,2.8172984379793e-10,0.5705065539065416,0.01422932809889589,-0.5703290754224017,0.0004221263472547999,1.05284930613803e-05,-0.0004219950282651874
422668.6142656029,-3.110038590064608,-94.60725631220512,-107.6067313193961,-1335.310382205517,-5.996029817424575e-05,0.0007440576225158236,-0.0005028082065170537,2.819927260592405e-10,0.5697047883209021,0.01442077479673207,-0.5695222445963158,0.0004228926933274945,1.070456211476348e-05,-0.0004227571908551213
423642.9660495411,-3.146986490326464,-94.58557297269429,-106.7587153068143,-1331.078616404885,-5.987026061933444e-05,0.0007464685523796005,-0.0005000619824288185,2.822386102829845e-10,0.5688070152313895,0.01475079535274327,-0.568615717873595,0.0004235706178192786,1.098439951262826e-05,-0.0004234281653919025
424619.5639463128,-3.182335458019411,-94.56580044319395,-105.974209130333,-1327.043741031963,-5.97955575974674e-05,0.0007487795483677039,-0.0004973995289371592,2.824456520669056e-10,0.5682163302516582,0.01506921720786924,-0.5680164756918619,0.0004244180478884651,1.125565635844811e-05,-0.0004242687704432132
425598.4131337431,-3.216752897637393,-94.54549784354563,-105.1876378154139,-1323.10224851419,-5.970925094957028e-05,0.000751052555501896,-0.0004947815982595335,2.826355093182742e-10,0.5673891892243331,0.01538608737341429,-0.5671805359530453,0.0004250636992063584,1.152659821417557e-05,-0.0004249073851048044
426579.5188015926,-3.24474009829351,-94.5217592990068,-104.3704762615354,-1319.744636454264,-5.955114614261376e-05,0.0007530128110125608,-0.0004923909218632844,2.827028755343256e-10,0.5667835139573237,0.01574238833886848,-0.5665648496890714,0.0004256931128166748,1.182360836212755e-05,-0.0004255288810231912
427562.8861515862,-3.269907638800197,-94.48007467565782,-103.141999566689,-1316.396046663164,-5.915676581188898e-05,0.0007550147658112648,-0.0004900119834507637,2.827701500347049e-10,0.5659576158768634,0.01626913054706685,-0.5657237297128924,0.0004261673401573189,1.225069138997888e-05,-0.0004259912233570446
428548.5203974394,-3.293600440887609,-94.45645427838676,-102.3678088889058,-1313.468201310982,-5.897857535871652e-05,0.0007567465215199409,-0.0004877976399003629,2.82748668554731e-10,0.5654030720100593,0.01662444532291877,-0.5651586163689957,0.0004267013309429858,1.254622285701364e-05,-0.0004265168438884186
429536.4267648873,-3.316151007886601,-94.45222905849211,-102.0741585982283,-1310.948358563122,-5.903636737907083e-05,0.0007582098150399613,-0.0004857420661035842,2.826406007575565e-10,0.5648024143367216,0.01678684394845866,-0.5645528931028871,0.0004270585103733388,1.269287168136022e-05,-0.0004268698423299257
430526.6104917105,-3.345942425181265,-94.45159068245282,-101.8134077309872,-1307.787781739511,-5.917062576293233e-05,0.0007600435260462498,-0.0004834565039808044,2.826720419041962e-10,0.5642303697252774,0.01691472270360067,-0.5639767745893297,0.0004276460416400866,1.28201433275499e-05,-0.0004274538347652244
431519.0768277653,-3.372503697654756,-94.46970825988475,-102.0294211144584,-1305.228727706373,-5.952597096588014e-05,0.0007614961106377601,-0.0004814007422502174,2.825748512946978e-10,0.5638614642396692,0.01686426207763574,-0.5636092152538676,0.0004281823637606262,1.280630093992641e-05,-0.0004279908121582439
432513.8310350086,-3.408043862717673,-94.49263147037959,-102.2921852978657,-1301.885994082598,-5.998237059808719e-05,0.0007634034598647966,-0.0004790635037138964,2.826488200792685e-10,0.5634808088853864,0.01676657421936763,-0.563231305922421,0.0004289670287768576,1.276406829165273e-05,-0.0004287770870024323
433510.8783875289,-3.441568745218639,-94.51153226804797,-102.4717891534479,-1298.685578007583,-6.038106952961218e-05,0.0007652449989465417,-0.0004767867187805458,2.826936895005608e-10,0.5628353737351377,0.01670097331588734,-0.5625875357825431,0.0004295088755962509,1.27447857846358e-05,-0.0004293197464026777
434510.2241715714,-3.474750058269307,-94.52444344598214,-102.5091701571836,-1295.436593007812,-6.070429896121415e-05,0.0007671369313268419,-0.0004745000825525029,2.827508837221418e-10,0.5625730669059076,0.01670591361396952,-0.5623249665969325,0.0004303661285091971,1.27799565748775e-05,-0.0004301763327728978
435511.8736855686,-3.508128902246344,-94.52602232728971,-102.2735813196177,-1292.006643622997,-6.088651650276504e-05,0.0007691701298969215,-0.0004721553102559709,2.828494800894309e-10,0.5619760956868709,0.01681231148415512,-0.5617245573286064,0.000431038107646105,1.289511597184543e-05,-0.0004308451766321725
436515.8322401659,-3.542243561965784,-94.54762691364931,-102.5102311600557,-1288.818287412553,-6.132605135631101e-05,0.0007710268096011593,-0.0004699068992212025,2.828970650620577e-10,0.561437243063225,0.01672436792262505,-0.5611880909427991,0.0004316654238996669,1.285866133387404e-05,-0.0004314738613394556
437522.1051582521,-3.571354998182337,-94.55493298069216,-102.4428318767674,-1285.896302916524,-6.156331999673602e-05,0.0007727631512012413,-0.0004677632295601005,2.82887777697993e-10,0.5607754859533572,0.01677311367641163,-0.5605245831395999,0.0004321201346281168,1.292495895690161e-05,-0.0004319267949398187
438530.6977749856,-3.609415393232889,-94.58408377286804,-102.8263072762801,-1282.467223585435,-6.211961047701095e-05,0.0007747663656208953,-0.00046544289606766,2.829918036303747e-10,0.5603379167038619,0.01661520458122562,-0.5600915245500043,0.0004329079448540917,1.283663634775957e-05,-0.0004327175862904911
439541.6154378245,-3.638701299194269,-94.59176669562896,-102.7650913879903,-1279.550001016018,-6.236469126641789e-05,0.0007765160298649277,-0.0004633161012344369,2.829846444730793e-10,0.5599110644037194,0.01666784910803877,-0.5596629189501638,0.0004335477426221,1.290617173792e-05,-0.0004333555997835842
440554.8635065532,-3.672384954870016,-94.60492931967104,-102.7999889459927,-1276.310104375697,-6.270068578319242e-05,0.0007784584379519394,-0.0004610800580266514,2.830504985342668e-10,0.5593057147316787,0.01666190725326826,-0.5590574777052869,0.0004341582978085729,1.293372318713685e-05,-0.0004339656050432522
441570.4473533125,-3.703598674669832,-94.6277280323192,-103.0800663228925,-1273.455164776644,-6.314967237477413e-05,0.0007801535186027465,-0.0004589905993367801,2.830326075606871e-10,0.5589309484188327,0.01656916895958879,-0.5586853029571877,0.0004348139673023711,1.288979633459737e-05,-0.0004346228702124177
442588.3723626264,-3.740559732438658,-94.65427701168234,-103.4032523754172,-1270.129106425528,-6.367508309518785e-05,0.000782137645918856,-0.0004567388984338008,2.831211170660603e-10,0.5585960065213647,0.01644148406490967,-0.5583539881682227,0.0004356627610312571,1.282311770858677e-05,-0.0004354740049665536
443608.6439314326,-3.777911433706436,-94.68559104297543,-103.833237574472,-1266.849356020775,-6.426562365614468e-05,0.0007840925106921317,-0.0004545117411973952,2.83201243952604e-10,0.5581921050268737,0.01626583851442641,-0.55795505967036,0.0004364430493338911,1.271804473276657e-05,-0.0004362577066941519
444631.2674691086,-3.811864685772998,-94.71617475350901,-104.2693800354682,-1263.883785836182,-6.483308117202161e-05,0.0007858633095473089,-0.0004524048728163325,2.832128727448952e-10,0.5576775546920117,0.01609465934329235,-0.5574452591491699,0.0004370323098907844,1.261281916499033e-05,-0.0004368502680337805
445656.2483975033,-3.849730768775674,-94.75621934388738,-104.8946126600813,-1260.708753406321,-6.554317967474465e-05,0.0007877512318941028,-0.0004502304873438443,2.832731183309863e-10,0.5572273417123803,0.01583394953813652,-0.5570023306898002,0.0004377414647692372,1.243868659173526e-05,-0.0004375647027059997
446683.592150963,-3.889511072958048,-94.78796471745423,-105.3077829888659,-1257.244034457857,-6.615839886767341e-05,0.0007898490495660716,-0.0004479604943472823,2.8340045817844e-10,0.5566849722423138,0.01565198051445763,-0.556464890021285,0.0004384877545302559,1.232869959124464e-05,-0.000438314400903478
447713.3041763626,-3.931232469250856,-94.81657638167221,-105.6301889795239,-1253.566859578025,-6.674523952321147e-05,0.0007920995040263953,-0.0004456230367445933,2.835780615131244e-10,0.5562117973525275,0.01550298722715248,-0.5559957022326376,0.0004393691693834781,1.22462965607317e-05,-0.000439198469060713
448745.389933132,-3.970633498258381,-94.83767659393665,-105.7934057328477,-1250.001835879867,-6.722603961595347e-05,0.0007943091760470976,-0.000443333737832649,2.83732758773468e-10,0.5557437185564549,0.01542751329571236,-0.555529542462385,0.0004402250825231249,1.222070189362233e-05,-0.0004400554257451206
449779.854893288,-4.011590748430115,-94.86299086045064,-106.0407312593884,-1246.370839926567,-6.77713006397007e-05,0.0007965634704517482,-0.0004410292678558795,2.839048762911689e-10,0.555131796961991,0.01530767263344123,-0.5549207034854589,0.0004409921405097676,1.216028942637966e-05,-0.0004408244495856069
450816.70454146,-4.051849044523421,-94.89144991458375,-106.3641458714441,-1242.863350832417,-6.835642561485928e-05,0.0007987437448451296,-0.0004387766555232958,2.84051279429473e-10,0.5547229971569194,0.01516350556471675,-0.554515709131621,0.0004418794310470485,1.207889567578244e-05,-0.0004417143102297195
451855.9443749224,-4.091441260352206,-94.92536211431811,-106.8162435428896,-1239.510300629297,-6.901185839514618e-05,0.0008008230444090386,-0.0004365864692371688,2.841646111254065e-10,0.5540290552027252,0.01495941661337481,-0.5538270577205594,0.0004424850932988824,1.194760237519298e-05,-0.0004423237644409409
452897.5799036206,-4.128454791511957,-94.92672199250676,-106.5356942041994,-1235.911848453827,-6.923171243089278e-05,0.0008031514162575921,-0.0004343177986270698,2.843365148330702e-10,0.5534578325253002,0.0150737126746257,-0.5532525242326565,0.0004433019694443902,1.207356030180488e-05,-0.0004431375240880801
453941.6166502032,-4.168395798597256,-94.95857534104036,-106.9336287381916,-1232.51969098075,-6.986662054616415e-05,0.00080528442344604,-0.0004321295824895455,2.844633139969681e-10,0.5531540514708092,0.01490112148283312,-0.5529533083698157,0.0004442435951228139,1.196724088216303e-05,-0.0004440823763147001
454988.0601500485,-4.211194620638184,-94.98386667677244,-107.1562022535999,-1228.785979831985,-7.043274802766461e-05,0.0008076692853728456,-0.0004298296588877147,2.846714307603496e-10,0.5524627366466872,0.01478195630607127,-0.5522649447058108,0.0004450062994231547,1.190680065397129e-05,-0.0004448469788865347
456036.9159512962,-4.249233120117459,-94.99608553310823,-107.1149043662387,-1225.293114972103,-7.080494011329717e-05,0.0008099414935778051,-0.0004276220831321978,2.848263329262839e-10,0.5518512247530881,0.01479134862273492,-0.5516529618042525,0.0004457593232669286,1.194775196018742e-05,-0.0004455991758323707
457088.189614875,-4.287796112594314,-95.01119311422889,-107.1348683181345,-1221.807998169855,-7.121943146666106e-05,0.0008122142898676361,-0.0004254250860906901,2.849818279794221e-10,0.5512869757674469,0.01477448985357447,-0.5510889620563855,0.0004465500992029383,1.196754177005911e-05,-0.0004463897053496372
458141.8867145335,-4.325919153634179,-95.02088956503344,-107.0342988042822,-1218.29162028141,-7.156178125982061e-05,0.0008145344007967908,-0.0004232250731006338,2.851470445344665e-10,0.5505900896303616,0.01480638244093908,-0.5503909681655235,0.0004472528063571824,1.20274524068414e-05,-0.0004470910569257413
459198.0128368685,-4.36277321619735,-95.02131393297425,-106.7329660257566,-1214.758574385042,-7.177591780382294e-05,0.0008169023576606059,-0.0004210271524962501,2.853186486582245e-10,0.5500460162212069,0.01493157310157944,-0.5498433123040893,0.0004480965708015066,1.216404901803523e-05,-0.0004479314374718038
460256.5735813561,-4.406374972692083,-95.04510270075401,-106.9089277505703,-1210.994396252989,-7.233659595378297e-05,0.0008193816380651194,-0.0004187571786765154,2.855472606212727e-10,0.5491904260139339,0.01482440388481351,-0.5489903105473047,0.0004487602330240576,1.21134721704396e-05,-0.000448596712577993
461317.5745603793,-4.436536761131284,-95.043666917911,-106.6176453162658,-1208.040517688895,-7.249304919813375e-05,0.0008213888087884786,-0.0004167749733547498,2.855871292319469e-10,0.5486268998953139,0.01496710316350206,-0.5484227029505944,0.000449383259743161,1.225963511780073e-05,-0.0004492160009217923
462381.0213992603,-4.473458090103929,-95.03948696305829,-106.2133079693683,-1204.462509243074,-7.264876476608981e-05,0.0008238394526683035,-0.0004145848407332782,2.857767185994637e-10,0.5479971310614453,0.01513420996469283,-0.5477881080676354,0.0004501899734690008,1.243303878121106e-05,-0.0004500182571392904
463446.9197362879,-4.50612425212204,-95.03989867720986,-105.946052401111,-1201.333167892733,-7.284389602010171e-05,0.000825984417391657,-0.0004125566571446208,2.858621553319266e-10,0.5474031104250094,0.01525836260970567,-0.5471904126293203,0.0004508592755985514,1.256729123751361e-05,-0.0004506840906712839
464515.2752227494,-4.538909018562963,-95.04031404174802,-105.6786003071276,-1198.201239780767,-7.304025654074369e-05,0.0008281423645532674,-0.0004105347236180769,2.859501752326839e-10,0.5468845754914198,0.01538462170541324,-0.5466681372875245,0.0004515953471230751,1.270400353341523e-05,-0.0004514166211355466
465586.0935229589,-4.569846419167674,-95.03962472297404,-105.4011757519151,-1195.220060615123,-7.321252683477428e-05,0.0008302097214475841,-0.0004085714401177906,2.860040992830692e-10,0.546265127932605,0.01551860028980386,-0.5460446529728777,0.0004521954233024001,1.284621636688911e-05,-0.0004520129152808489
466659.3803142887,-4.605232446304628,-95.06036613487929,-105.5683732706928,-1192.183847083379,-7.369792584177748e-05,0.0008322708215539722,-0.0004065962463024819,2.860730184424045e-10,0.5456635292090716,0.01544905547570381,-0.5454447852842742,0.000452819216216099,1.282040821369765e-05,-0.00045263769143521
467735.1412871981,-4.64267979655009,-95.07918109067012,-105.6755698611963,-1188.9505773269,-7.417022426202985e-05,0.0008344855019247652,-0.0004045609251269613,2.861912355115511e-10,0.545059773391899,0.01539820939311414,-0.5448422264449719,0.0004535208501608179,1.281218933377116e-05,-0.000453339838680726
468813.3821452652,-4.677714137647331,-95.09404903803855,-105.7123439683259,-1185.874655456452,-7.457798804354639e-05,0.0008366113412665876,-0.0004025862325849966,2.862736295124125e-10,0.5445246710010028,0.01538719490391052,-0.5443072216696554,0.0004542260487445725,1.283553365840614e-05,-0.0004540446590742046
469894.1086052153,-4.712603943773747,-95.11554020270596,-105.8961157532548,-1182.919042153781,-7.50763958221063e-05,0.0008386454744116946,-0.0004006592323430863,2.863288498072779e-10,0.5440123261687317,0.01531428005089542,-0.5437967302678799,0.0004549029258882027,1.280579587614513e-05,-0.0004547226446677427
470977.326396953,-4.75886442103578,-95.14725755706684,-106.2174623884258,-1179.158288356396,-7.577779396486521e-05,0.0008412365708782994,-0.0003984668895112081,2.865814156222006e-10,0.5433719480768985,0.01514126702785771,-0.5431609485131224,0.0004557794819489795,1.270046947847132e-05,-0.0004556024958675122
472063.0412635905,-4.794466707396433,-95.15362681969808,-106.0589450897394,-1175.935544229117,-7.607847823760586e-05,0.0008435251419365389,-0.0003964639005005646,2.867058892667242e-10,0.5427184523156228,0.01520859247509109,-0.5425053153645516,0.0004564598265725694,1.279136807302751e-05,-0.0004562805651980813
473151.2589614805,-4.834248644560843,-95.15615746198662,-105.7842572979109,-1172.311153353792,-7.63507549842644e-05,0.0008461262944160541,-0.0003943329143993813,2.869308433159913e-10,0.5420302327542937,0.01531135918465368,-0.5418139306990845,0.0004572739796118295,1.291715060256898e-05,-0.0004570915003042065
474241.9852602446,-4.871318565411585,-95.14309641630723,-105.1891409763904,-1168.692411676353,-7.639525635822138e-05,0.0008487811152860577,-0.000392211529247477,2.871573305787312e-10,0.5412173362282732,0.01555781103972011,-0.5409936779202508,0.0004579966743451043,1.316555335410767e-05,-0.0004578074070130973
475335.2259428054,-4.900622727045749,-95.12206561339177,-104.4808954666732,-1165.615425604443,-7.628706086085709e-05,0.0008510778407503567,-0.0003902792105532535,2.872531801690611e-10,0.5404584104003773,0.01588049956652156,-0.5402250485732963,0.0004585620912220855,1.347410818434821e-05,-0.0004583640909960211
476430.9868054156,-4.933119520811656,-95.10613363974876,-103.8626968498337,-1162.353341039656,-7.626573203974825e-05,0.0008535088259012263,-0.0003882918722106471,2.873968232694351e-10,0.5396211874791824,0.01615219059016224,-0.5393793958945614,0.0004591332162658756,1.374298746504778e-05,-0.0004589274894514196
477529.2736576909,-4.957522630305896,-95.06396867281029,-102.7371209055583,-1159.38081835201,-7.583649172002494e-05,0.0008558092056339792,-0.0003864081185081865,2.87470987498937e-10,0.5388686104406206,0.01667247052044659,-0.5386106274897945,0.0004596835515854839,1.422250306299423e-05,-0.0004594634784233317
478630.0923226383,-4.978050078350432,-95.03849066665796,-102.0063557016606,-1156.985445353587,-7.561511987934954e-05,0.0008576484528566477,-0.0003847228907397552,2.874036213191685e-10,0.5382213406632663,0.01703823561618496,-0.5379515871084043,0.0004600849981666504,1.456470788128753e-05,-0.0004598544061138694
479733.4486366892,-4.998040724265316,-95.02108197216215,-101.4564218151256,-1154.758326046973,-7.550188049467814e-05,0.0008593485121356301,-0.0003830991901631657,2.872956361445873e-10,0.5375832051028661,0.01732801602577094,-0.5373038639999537,0.0004604229782978975,1.48408965734942e-05,-0.00046018373149602
480839.3484497285,-5.014794850318367,-95.00224524057624,-100.9007993183023,-1152.781120147176,-7.535054014423373e-05,0.0008608720709649383,-0.0003815636431709728,2.87126499644732e-10,0.5371090901623717,0.01763614415393098,-0.5368194679353875,0.0004608039941077732,1.513064257455606e-05,-0.0004605555174362345
481947.7976251274,-5.03486239025443,-95.00303860018711,-100.7456341571936,-1150.824921686487,-7.549047173601356e-05,0.0008623333105246071,-0.0003800400703609279,2.86953068679811e-10,0.5368005494803764,0.01776574876300762,-0.536506484670338,0.0004613062682888291,1.526721847277006e-05,-0.0004610535600151785
483058.8020397726,-5.050065494260513,-95.00558422975125,-100.6636210143238,-1149.300310803707,-7.562868371016803e-05,0.0008634705250807859,-0.00037866368398438,2.866728786739967e-10,0.5362725678218491,0.01787180935256817,-0.5359746873022132,0.0004614467232579984,1.537816468578692e-05,-0.0004611904058590557
484172.3675840994,-5.073080732915219,-95.06011045634098,-101.6427229709466,-1147.909772157266,-7.653657620507226e-05,0.0008643716065967131,-0.0003773356901260718,2.863600163829949e-10,0.5362859176790306,0.01750985128922076,-0.5359999912394302,0.0004619630294959135,1.5083192903142e-05,-0.0004617167290806007
485288.500162121,-5.10378436401269,-95.12432975614571,-102.7712454653857,-1146.032835735585,-7.762453104996489e-05,0.0008656143169131762,-0.0003758522831099581,2.861693193715888e-10,0.5361044860727358,0.01705131966153296,-0.5358332506341057,0.0004625013325344986,1.471030045411842e-05,-0.0004622673357016872
486407.2056914617,-5.151351186478271,-95.22727167104178,-104.6022227798138,-1143.355226369292,-7.935214739707734e-05,0.000867359125255448,-0.0003741117192701575,2.861797832035577e-10,0.5361172752378475,0.0162372687448281,-0.5358713314893437,0.0004635044271873041,1.403805901482833e-05,-0.0004632917945758667
487528.4901033863,-5.202241257496515,-95.30993923636181,-105.964948777329,-1140.117090405205,-8.082168287497338e-05,0.0008695911523979464,-0.0003721941882884792,2.863325202214165e-10,0.5357770863072887,0.01560282629365258,-0.5355498464415596,0.0004644483614550002,1.352560102205951e-05,-0.0004642513743385436
488652.3593428336,-5.252794611250266,-95.38475342471442,-107.1546094635241,-1136.806070203201,-8.218574562689234e-05,0.0008719107370236937,-0.0003702597602373881,2.865060173723489e-10,0.535529811287326,0.01504545980530722,-0.5353184219851638,0.0004655133575230464,1.307838025414583e-05,-0.0004653296057659641
489778.8193684461,-5.306390369411122,-95.45577802983603,-108.232932441251,-1133.208920826878,-8.352100313665492e-05,0.0008744727108104682,-0.0003682392830665744,2.867544372623995e-10,0.5350029307995359,0.01451672240455562,-0.5348059468019424,0.0004664607548399686,1.265690503884091e-05,-0.0004662890075486565
490907.8761526032,-5.358615927696047,-95.51149615525891,-108.988457504326,-1129.512877227264,-8.46395390982884e-05,0.0008771704043091231,-0.0003661940792345036,2.870310932168486e-10,0.534424090687038,0.01413067799348621,-0.5342372437841748,0.000467421085054641,1.235905520610405e-05,-0.0004672576639372226
492039.5356814509,-5.410224061169045,-95.55653723843615,-109.516243036434,-1125.725275521508,-8.560964628542984e-05,0.0008799876619206416,-0.0003641267198470125,2.873344602377537e-10,0.5339426801906898,0.01384773770146295,-0.5337630802985242,0.0004685194251249823,1.215099363260096e-05,-0.0004683618313581759
493173.8039549359,-5.457046709017892,-95.59806656008914,-110.0028161430994,-1122.28546045499,-8.650568557073881e-05,0.0008825598886162823,-0.0003621791692080563,2.875522665178213e-10,0.5334263865000752,0.01359741183123241,-0.5332530545679223,0.0004694515030113094,1.196664728776951e-05,-0.0004692989591212275
494310.6869868354,-5.507838882537531,-95.6282977457833,-110.2153831335646,-1118.375662994182,-8.72708645051639e-05,0.0008855534334327856,-0.0003600873290525078,2.878938740443856e-10,0.5327171437744876,0.01344805627637588,-0.5325473735299383,0.0004704255315978957,1.18755498986731e-05,-0.000470275612905631
495450.1908047903,-5.553548672923395,-95.65657231509994,-110.4241079477778,-1114.856521804846,-8.798042842051836e-05,0.0008882621398416581,-0.0003581286869528907,2.881384083669251e-10,0.5319007922906447,0.01331486451076978,-0.531734113276998,0.0004711478338022143,1.179405946098174e-05,-0.0004710001926304805
496592.321450336,-5.594828222269045,-95.66856716432542,-110.3224722092078,-1111.458095983263,-8.84341281507117e-05,0.0008909411267356128,-0.0003562158381720643,2.883547023030945e-10,0.5313114593839696,0.0133389039920128,-0.5311439922591759,0.000472038412577222,1.185081735901227e-05,-0.0004718896280660839
497737.0849789361,-5.641980726950933,-95.69834396230792,-110.5481658761702,-1107.873798804524,-8.918013680724768e-05,0.0008937311275993775,-0.0003542504601785856,2.886222714194696e-10,0.5307334443624697,0.01319881367833356,-0.5305692982847154,0.0004730092252160818,1.176326967534413e-05,-0.0004728629321759776
498884.4874600122,-5.685233708310521,-95.71410261293752,-110.5083704828286,-1104.400469692761,-8.970472392777049e-05,0.0008964926259127427,-0.0003523276396095654,2.888640852655093e-10,0.5301992482474261,0.01319009097480787,-0.5300351538739785,0.0004739893934530704,1.179172403847397e-05,-0.000473842695786492
500034.5349769786,-5.728477645550773,-95.73257927835138,-110.5247602747758,-1100.98039272079,-9.027045747135401e-05,0.0008992193556521904,-0.0003504287394006441,2.890949776739294e-10,0.5291575443387349,0.01314396974789274,-0.5289942748176644,0.0004744953787831061,1.178619292300528e-05,-0.000474348975062564
501187.2336272722,-5.775090832038039,-95.7535710355036,-110.5661980158311,-1097.34777267804,-9.089647240853393e-05,0.000902129614039129,-0.0003484692158828524,2.893848860851936e-10,0.5285980151241162,0.01308702558429059,-0.5284359860517748,0.000475528187681342,1.177312320549638e-05,-0.0004753824258946579
502342.5895223872,-5.817750077580609,-95.76236964881487,-110.3838187942017,-1093.853601236966,-9.132439187316876e-05,0.0009049833211286665,-0.0003465607163056907,2.896415952032175e-10,0.527771655287796,0.01313620457507058,-0.5276081502920346,0.0004762769202114983,1.185450373395125e-05,-0.0004761293684151101
503500.6087879047,-5.86087799589991,-95.77420339448503,-110.2607924217729,-1090.380015959703,-9.180091221068715e-05,0.0009078284122837325,-0.0003446656595041147,2.89896016911958e-10,0.5270003738663572,0.01315897126046556,-0.52683606134228,0.0004770687395367119,1.191219996064387e-05,-0.0004769199951094992
504661.2975635284,-5.90198018284401,-95.78619719507296,-110.1566085314229,-1087.076316957593,-9.226855867247503e-05,0.0009105487747841082,-0.000342831063521675,2.901082620488783e-10,0.5262660014210371,0.01318140607318769,-0.5261008979137184,0.0004778242986685059,1.196808476203783e-05,-0.0004776743925993712
505824.6620031141,-5.943844978765126,-95.78814822877136,-109.8390976588322,-1083.57510759074,-9.259748009279068e-05,0.000913484602412054,-0.0003409409377183292,2.903762631332495e-10,0.5255248792548773,0.01329597819237005,-0.5253566556918846,0.0004786740416732454,1.211063428312854e-05,-0.0004785208153351954
506990.7082747045,-5.984362492726195,-95.80105389877264,-109.7581203269824,-1080.350906617095,-9.307807139298223e-05,0.0009161689223176186,-0.0003391446514809827,2.905730225214519e-10,0.524761281953307,0.01330963728169403,-0.5245924671520816,0.000479376479917543,1.215853243846123e-05,-0.0004792222653290198
508159.4425605604,-6.023962363666493,-95.79980411415001,-109.3935240175857,-1076.995801208042,-9.334819266151549e-05,0.000919027085466685,-0.0003373138253375038,2.908078472527988e-10,0.5240553627217509,0.01345443418500886,-0.523882621775324,0.0004802063719023676,1.23286688498458e-05,-0.0004800480846123915
509330.8710571955,-6.063056988399621,-95.7923836038585,-108.9077933816668,-1073.596723916626,-9.35255656813021e-05,0.0009219610259296435,-0.0003354758865174073,2.910576067974248e-10,0.5230956247479644,0.0136488511410016,-0.5229175283856854,0.0004808330644231979,1.254611701855837e-05,-0.0004806693570328358
510504.9999754062,-6.102141352851103,-95.79834145237021,-108.6966792661788,-1070.40705899854,-9.389942235549302e-05,0.0009246888240170838,-0.0003337099040524244,2.912535095100988e-10,0.5224117273191206,0.01372817316551562,-0.5222313185764377,0.0004816123963090991,1.265602977390944e-05,-0.0004814460771352849
511681.8355403079,-6.141966422355408,-95.79502369984711,-108.2915990183781,-1067.032700068036,-9.414320683440302e-05,0.0009276239439822908,-0.0003318928225724398,2.915025798612786e-10,0.5216782517585589,0.01389069026481714,-0.5214932857495226,0.0004824419443605825,1.284594785632455e-05,-0.0004822708899592551
512861.3839913649,-6.178596938050214,-95.7931314308223,-107.9411184406513,-1063.929087679936,-9.438742506608636e-05,0.0009303361729963345,-0.0003301663542801722,2.916805357669548e-10,0.5208939314577338,0.01403870570572913,-0.5207047172549929,0.0004831053566293242,1.302025905274099e-05,-0.0004829298690888213
514043.6515824262,-6.212357694741905,-95.78424581063561,-107.4720615272476,-1060.94421117917,-9.450977524754629e-05,0.0009329829308550769,-0.0003284828341602833,2.918284202142773e-10,0.5199704845387016,0.01424619630889565,-0.5197752886412941,0.0004835950673713121,1.324957948314574e-05,-0.0004834135267339793
515228.6445817564,-6.244687022864122,-95.76774385812497,-106.8618899258515,-1057.959494382263,-9.450968610098237e-05,0.0009356695805305357,-0.0003268053608677439,2.919786466650199e-10,0.5192758461053412,0.01452856826132086,-0.5190725624155973,0.0004843073163144382,1.355020064442596e-05,-0.0004841177219418735
516416.369272071,-6.279267061154274,-95.76958798654196,-106.6060038516708,-1055.086522943367,-9.479692264657247e-05,0.0009382112816091259,-0.0003251683050883472,2.921003356331952e-10,0.5184960939025478,0.01464208106549401,-0.518289309994207,0.000484876853547824,1.369268983878457e-05,-0.0004846834774896053
517606.8319505677,-6.314158519166494,-95.77570294384178,-106.4339675689791,-1052.261031872365,-9.515084108936081e-05,0.000940710231095397,-0.0003235516502252414,2.922110562272248e-10,0.5179052097454945,0.0147223180800898,-0.517695914250705,0.0004856010021838175,1.380401718235995e-05,-0.000485404761443022
518800.0389289612,-6.345240424865585,-95.76656457874854,-105.9853458556307,-1049.497525929473,-9.525249045425162e-05,0.0009432176897976965,-0.0003219597272182586,2.923066613191133e-10,0.5171346173561164,0.01493514494600749,-0.5169189045812687,0.0004861444452404976,1.404013096528658e-05,-0.0004859416594208288
519995.9965335159,-6.383020345225865,-95.78588471338855,-106.0562282801416,-1046.668780957976,-9.582555989307247e-05,0.0009457023277592631,-0.0003203534476802326,2.924225507089809e-10,0.5164799104833396,0.01489458331501481,-0.5162650959737164,0.0004868058212176677,1.403882264379894e-05,-0.0004866033487658956
521194.7111050806,-6.424951695283674,-95.8172379902186,-106.3346877875129,-1043.722094931169,-9.660967947863801e-05,0.0009482668276373486,-0.0003187168386078135,2.925736800213246e-10,0.5158441980491031,0.01474667077562573,-0.5156333701012354,0.0004875333489528432,1.393733576210828e-05,-0.0004873340917820434
522396.1889991198,-6.466656588595799,-95.84314505439345,-106.5044400902493,-1040.72121709067,-9.73137546867007e-05,0.0009509133058808329,-0.000317069552896131,2.927424634060394e-10,0.5152363045874692,0.01464916017383425,-0.5150280105694763,0.0004883214233723265,1.388391827905737e-05,-0.0004881240102039597
523600.4365857503,-6.510720707045388,-95.87260113080139,-106.7252088829149,-1037.611028306315,-9.809059618525008e-05,0.0009536630140177716,-0.0003153949321326996,2.929446376231529e-10,0.5147228592113365,0.01452297859088387,-0.5145179344663722,0.0004892521565210331,1.38043190962719e-05,-0.000489057372334545
524807.4602497725,-6.553810863364804,-95.88194712536566,-106.5534836135561,-1034.283837894314,-9.85605481884873e-05,0.0009566987262008868,-0.0003136605285347752,2.932110906312653e-10,0.5138697132913572,0.01456813793379678,-0.5136631693973042,0.0004899850561978709,1.389101108619434e-05,-0.0004897881124611273
526017.2663907063,-6.598699869116032,-95.91189189983236,-106.7746249349353,-1031.143529072235,-9.93568605056838e-05,0.0009595087207452019,-0.000311988978641571,2.934276334223451e-10,0.5132037045143691,0.01443430661934252,-0.5130006755548093,0.0004907944745537452,1.380402727118176e-05,-0.0004906003109289509
527229.8614228227,-6.64779209187956,-95.92729290280388,-106.6760049283708,-1027.495251596431,-9.996568233675846e-05,0.0009628619293775162,-0.0003101701179324433,2.937922316267661e-10,0.5122869403424963,0.0144241028635157,-0.5120838354235165,0.0004916241144940787,1.384231421731436e-05,-0.0004914292017057962
528445.2517751806,-6.696110720042548,-95.94686663228438,-106.6645122802115,-1023.978697300266,-0.0001006354722630106,0.0009660999482129757,-0.0003083976452597037,2.941231509305873e-10,0.5115759704019633,0.01438274236957305,-0.5113737480694927,0.000492590737456613,1.384898056276897e-05,-0.0004923960198513204
529663.4438916577,-6.745994008189252,-95.96653682775012,-106.6422146679537,-1020.36513919551,-0.0001013210769795301,0.0009694518736089657,-0.0003066025370156248,2.944859091916078e-10,0.5107289642322866,0.01433710340948463,-0.5105276901125051,0.0004934793749506097,1.385287564363962e-05,-0.0004932848987532928
530884.4442309885,-6.790095969893057,-95.9662409695451,-106.2727854793135,-1016.881187350346,-0.0001016632463900202,0.000972774377115559,-0.0003048529096353514,2.948152324697912e-10,0.5098607285692898,0.01446888481573208,-0.5096553874034847,0.0004943087482230029,1.402754897698573e-05,-0.0004941096704573696
532108.2592667942,-6.838039413061585,-95.96718986829222,-105.9002279285191,-1013.154027471547,-0.0001020532351310961,0.0009763496095528815,-0.0003030369643345643,2.952192390493814e-10,0.5088169227043343,0.01458438819287621,-0.5086078611773004,0.0004950907026784928,1.419094899629109e-05,-0.0004948872809491758
533334.8954876211,-6.885245617001472,-95.97215373910754,-105.6121288539808,-1009.551848044492,-0.0001025013307626186,0.0009798155668416947,-0.0003012650555650135,2.955912019844423e-10,0.5079143480639413,0.01466814736854228,-0.507702501886679,0.0004959513100479449,1.432266469953916e-05,-0.0004957444535384913
534564.3593969716,-6.93042082976539,-95.97123127510021,-105.2260592337263,-1006.017909780686,-0.0001028457400040423,0.0009832607734449191,-0.0002995200116992305,2.959473252895163e-10,0.5069564504567406,0.01480230810269537,-0.5067403026546542,0.0004967355075933382,1.450387310847088e-05,-0.0004965237176297471
535796.6575133418,-6.977564067603525,-95.95698931312688,-104.5706409012162,-1002.159336488376,-0.0001029990449449063,0.0009870978474582838,-0.000297684970466333,2.964035185497735e-10,0.5059264827481397,0.01505163006133,-0.5057025354676408,0.0004976275806931236,1.480473252204959e-05,-0.0004974073069039515
537031.7963702526,-7.024298546119756,-95.95066951602554,-104.0732642635078,-998.4596263700137,-0.00010327260519887,0.0009907782515598239,-0.0002959038665653149,2.968175822443346e-10,0.5048237122768672,0.01522817566386302,-0.5045939785044483,0.0004983680863970194,1.503343955593515e-05,-0.0004981412904328902
538269.7825162885,-7.073052715821451,-95.93237830977678,-103.3347855637616,-994.4535464294896,-0.0001033744881988676,0.0009948356290560554,-0.0002940387937989617,2.973278775942839e-10,0.5037419695479339,0.0155099904661519,-0.5035031400892863,0.0004992995257760165,1.537320960469084e-05,-0.0004990628025275028
539510.6225151276,-7.116952168970705,-95.90154551380625,-102.3966967176072,-990.6110156721779,-0.0001032437843120014,0.0009988059509498293,-0.0002922289816843956,2.977947099078458e-10,0.5027015712737115,0.0159020710925965,-0.5024499914379783,0.0005002082515049454,1.582319935141806e-05,-0.0004999579194651485
540754.3229455811,-7.161426134912409,-95.87056195672578,-101.457003957856,-986.7371709861787,-0.0001031126038203253,0.001002838986147768,-0.0002904167227725839,2.982762284316604e-10,0.5014203092034019,0.0162862217894801,-0.5011557497040805,0.0005008992092002561,1.626929636769331e-05,-0.0005006349246438387
542000.8904016238,-7.204912489873374,-95.82209973093119,-100.2001922288868,-982.6823493461087,-0.0001026952052845779,0.00100715141708617,-0.0002885581115405514,2.988181524157559e-10,0.5000383238025204,0.01681763044132371,-0.4997554327644406,0.0005016023022946468,1.687023123419643e-05,-0.0005013185264533867
543250.3314924333,-7.24980832040178,-95.77249433212182,-98.92027974364099,-978.5241460106554,-0.0001022648806796422,0.001011609098693044,-0.0002866762259390182,2.993977862818683e-10,0.4986424133432174,0.01735563005837801,-0.4983402838322674,0.0005023506939329557,1.748469959668032e-05,-0.0005020463175593821
544502.6528424212,-7.287568789190699,-95.70971176712224,-97.45175360467688,-974.6689666532299,-0.0001015676359106317,0.001015834185396085,-0.0002848900425211039,2.998906967617478e-10,0.4973004951689286,0.01800691042000358,-0.4969743792917171,0.000503014644429112,1.821381585214015e-05,-0.000502684781371239
545757.861091271,-7.327508237168328,-95.62749948300436,-95.61721655377764,-970.3839140924312,-0.0001005663276159195,0.001020610619458387,-0.0002829851984465381,3.005221885728534e-10,0.4957888087822035,0.01881635075629848,-0.4954316177414319,0.0005037504789876595,1.911851485629059e-05,-0.000503387551961693
547015.9628939716,-7.368164541396381,-95.55042162877629,-93.88640709408187,-966.1351053093338,-9.964259022379113e-05,0.001025368925905201,-0.000281098154596987,3.011495848433373e-10,0.4943009633208446,0.01957748896898376,-0.4939131140854475,0.0005044924075693413,1.998113553688141e-05,-0.0005040965617000052
548276.9649208538,-7.403516227659471,-95.43713564441552,-91.53786609532891,-961.7160435709087,-9.808221248441669e-05,0.001030472321006048,-0.0002791688726284276,3.018375524134962e-10,0.492527280538487,0.0206331806582834,-0.4920949033779563,0.0005050664292295745,2.115847647532203e-05,-0.0005046230442696369
549540.8738576245,-7.442120668369935,-95.31507445347205,-89.02782568422963,-956.9533633088928,-9.638324630396496e-05,0.001036016223111546,-0.0002771474613160144,3.026421116228013e-10,0.4907002048896973,0.02175371472327137,-0.4902177750495482,0.0005057768741647795,2.242209341787773e-05,-0.0005052796217607189
550807.6964054035,-7.478626642961506,-95.15725876751561,-85.90546863873131,-951.8081364572379,-9.405861229373581e-05,0.001042142647071143,-0.0002750233353325536,3.035782957966809e-10,0.4884414535589832,0.02314981820113455,-0.4878925491048892,0.000506276192835606,2.399510061709271e-05,-0.0005057072459224718
552077.4392807573,-7.501493202419732,-94.92038487893974,-81.47519198597132,-946.4103707150834,-9.029414964376817e-05,0.001048850791937696,-0.0002728347111756152,3.046075341958917e-10,0.4858778817049868,0.02518637124670871,-0.4852246517166539,0.0005066540782463715,2.626334350432554e-05,-0.0005059729160653306
553350.1092157367,-7.503770319391245,-94.58263998726822,-75.41590322182725,-940.8976034587774,-8.464416009634993e-05,0.001056030412407585,-0.0002706216228022816,3.056875627327666e-10,0.4827939656388788,0.02801929136239193,-0.4819802201012654,0.0005066141012219731,2.940170988187613e-05,-0.0005057602070279646
554625.7129579107,-7.453879092785734,-94.03142327907938,-65.94783577112874,-935.7228964361133,-7.494698599481605e-05,0.001063410345376764,-0.0002685142806268967,3.066711170936647e-10,0.4789194961454729,0.03254290713699558,-0.4778125605122855,0.0005056718271942982,3.436074631879334e-05,-0.0005045030583955221
555904.2572704037,-7.294642557490151,-93.23280386895756,-52.77358435906937,-934.3264787287093,-6.026094534891002e-05,0.001066885972527927,-0.0002674969216488417,3.064230808448677e-10,0.4750815084018675,0.03903449633849256,-0.4734751817371148,0.0005027917740848622,4.131127673346122e-05,-0.0005010917545740047
557185.7489319298,-7.006062734942092,-92.32714804502957,-38.22010386065927,-940.4843509013119,-4.313919798885228e-05,0.001061528790368103,-0.0002686406348931994,3.037166200265834e-10,0.4728867601960836,0.04644701813509462,-0.4706002151243733,0.0004975519899966231,4.886964120742785e-05,-0.0004951461813624912
558470.1947368309,-6.681783691020208,-91.78292348253173,-29.72890278071301,-955.0554724089143,-3.256125090657592e-05,0.001046046034601053,-0.0002721753117594254,2.98394994879401e-10,0.4744751114671515,0.05123506937165822,-0.4717007516087369,0.000491752422789629,5.31007188499326e-05,-0.0004888770387092141
559757.6014951101,-6.491208024187348,-91.90524083537564,-32.27924742777871,-970.3670427852536,-3.424293789198772e-05,0.001029398794159366,-0.000275902839122207,2.93011114118062e-10,0.4789072460729551,0.05084808804643032,-0.4762001913934983,0.0004884587148780263,5.186221746450769e-05,-0.0004856976698934813
561047.9760324706,-6.488188392848231,-92.43652004540084,-41.62266494600185,-978.1841543524329,-4.342131991226971e-05,0.001020454772762692,-0.0002774857945666042,2.900010085413808e-10,0.4830299469652413,0.04698279466928696,-0.4807395830075858,0.0004885329469783299,4.751805406946372e-05,-0.0004862164896635893
562341.325190349,-6.567782159874104,-92.957377947068,-50.61893618441406,-979.8123118420975,-5.258594265245291e-05,0.001017886939642176,-0.0002773083992701089,2.888532373859828e-10,0.4855959267506104,0.0429910285111134,-0.4836891311000701,0.0004900801256337783,4.338802591454258e-05,-0.0004881557218229229
563637.6558259543,-6.668925942611627,-93.32203717480398,-56.74463472619652,-977.5880986407308,-5.917689727306241e-05,0.001019490754813579,-0.0002760425542869047,2.888445821485872e-10,0.4866109861561851,0.04014991841573957,-0.4849517871903397,0.0004920279159732634,4.059686535365697e-05,-0.0004903502468852747
564936.9748123025,-6.755195322323387,-93.53739694396305,-60.22673427462496,-974.2622043972115,-6.320932291042047e-05,0.001022510269216235,-0.000274470697813575,2.891640353653748e-10,0.4867090003391217,0.0384897221569086,-0.4851846991604241,0.0004936734280815747,3.904048018398865e-05,-0.0004921273153370145
566239.2890382531,-6.819085876172669,-93.6441506589518,-61.83849151160066,-970.9548371650986,-6.532851764801027e-05,0.001025753356277484,-0.0002729098189500095,2.894816917232664e-10,0.486267755193782,0.03770697397080994,-0.484803582758177,0.000494825561435044,3.837057745621461e-05,-0.0004933356210889126
567544.6054085471,-6.855971371597106,-93.65694221474375,-61.87933254431606,-968.1883729586352,-6.574390543276413e-05,0.001028655000234664,-0.0002715063519801113,2.896411537550106e-10,0.4856146354656205,0.03770376290043411,-0.4841487379324202,0.0004955432275089006,3.847463192495607e-05,-0.0004940473590944265
568852.9308438414,-6.872145801441457,-93.64219398390907,-61.52073465132548,-966.4859312599401,-6.559553897034935e-05,0.001030500788515695,-0.0002704055917592159,2.894840200878684e-10,0.4850197685569996,0.03793771589069572,-0.4835337688353134,0.0004957933851376024,3.878041639786518e-05,-0.0004942743772948494
570164.2722807475,-6.874367392553047,-93.59431908402686,-60.63421397011597,-965.2804836128767,-6.481872135341736e-05,0.001031896722962917,-0.0002694471890049925,2.89178903126522e-10,0.4843466222052711,0.0384443021489984,-0.4828184814958227,0.000495726898332849,3.934759486113837e-05,-0.0004941628522150876
571478.636671867,-6.861947141012243,-93.54454445808565,-59.78016960399098,-965.083332498739,-6.393877931009462e-05,0.001032219390163255,-0.0002687725717225133,2.885727488698108e-10,0.4841339209130279,0.03900270569816904,-0.4825602991615078,0.0004956143123253578,3.992758682756903e-05,-0.0004940033748790227
572796.0309858292,-6.844053081048119,-93.52289628163084,-59.45159238801661,-965.6916882630378,-6.351021736203747e-05,0.001031617263100605,-0.0002683234473976697,2.877276762073049e-10,0.4841614747807305,0.03934365070164746,-0.4825602665070122,0.0004953187776071849,4.025030901306171e-05,-0.0004936806701448102
574116.4622073274,-6.824929712909741,-93.54164142588432,-59.8488931617084,-966.9867944351575,-6.376092218629677e-05,0.001030193985184749,-0.0002680653462665638,2.866814473652088e-10,0.4844883370892149,0.03936906939239973,-0.482886140980096,0.0004949561897966939,4.021967731849781e-05,-0.0004933193766460596
575439.937337157,-6.813311986495885,-93.60174696811598,-60.95376555381264,-968.3612044460349,-6.474533087222578e-05,0.001028597101689051,-0.000267828946838821,2.856161427521012e-10,0.4851438693065442,0.03907247503548143,-0.4835679017680216,0.0004948667819042738,3.985553813033199e-05,-0.0004932592299315176
576766.4633922506,-6.814813710637666,-93.71226414622095,-62.90620497461043,-969.5471687472498,-6.663941828715927e-05,0.00102708563254382,-0.0002675402164670139,2.846106775306318e-10,0.4858329926146286,0.03835183354603423,-0.4843168731074141,0.0004948791580894196,3.906594114636813e-05,-0.0004933348085769352
578096.0474057181,-6.825920138516843,-93.85145594121481,-65.33414097126975,-970.472107106824,-6.905739379228963e-05,0.001025777234820916,-0.0002671795347364808,2.836854580303818e-10,0.4866470538440457,0.03739607881176678,-0.4852080876331243,0.0004951329347042594,3.804817085039958e-05,-0.0004936688766002888
579428.6964268809,-6.854994006871314,-94.04112693232035,-68.58992646284005,-970.8664442846494,-7.240675969265245e-05,0.001024892385080242,-0.0002666733536720045,2.829180399657577e-10,0.4875815980049891,0.03601771769332038,-0.4862494614138539,0.0004957454440227298,3.662078208779681e-05,-0.0004943910027382898
580764.417521312,-6.89294038150272,-94.25596273038552,-72.25985149948905,-971.0064087595813,-7.621744765231496e-05,0.001024187409660246,-0.0002660983783882141,2.822266594653069e-10,0.4884170172965149,0.03441282113548098,-0.4872031819747502,0.0004963645075314868,3.497278434365485e-05,-0.0004951309207595782
582103.2177708712,-6.949764620098524,-94.49339717605599,-76.24042492603647,-970.1558101493242,-8.050604595356964e-05,0.001024435636472055,-0.000265253803862951,2.818244334928763e-10,0.4892590895760812,0.03261007765435367,-0.4881711170974712,0.0004974745806408309,3.315765624266823e-05,-0.0004963683392565078
583445.1042737447,-7.016069328047706,-94.73115099160044,-80.1686945573736,-968.6613785649341,-8.485867340036092e-05,0.001025329400871786,-0.000264236078855648,2.81610048438775e-10,0.4900091508994855,0.03079229620800754,-0.4890406961178927,0.0004988148105453179,3.134564603754366e-05,-0.0004978289522454981
584790.0841444806,-7.097758771091777,-94.97780847296339,-84.15889632173433,-966.2508072821901,-8.946189865631039e-05,0.001027135996023433,-0.0002629722979493963,2.81663299123104e-10,0.4903936645009119,0.02887105213893044,-0.4895430609568724,0.0005002444403717429,2.945099899461653e-05,-0.0004993767503409198
586138.1645140288,-7.177233173418117,-95.18393076557547,-87.4066830391298,-963.4313232185782,-9.339918973501118e-05,0.001029483122173409,-0.0002616018998642295,2.818378840172641e-10,0.4905579966928654,0.02728109530648701,-0.4897988260073677,0.0005016915924382255,2.790026100897424e-05,-0.0005009151917828343
587489.3525297765,-7.25920786305588,-95.37287579966868,-90.30903334859542,-960.2214369786698,-9.708759928401801e-05,0.001032295337914377,-0.0002601306517299177,2.821296527073908e-10,0.4905443180412709,0.02582767706991383,-0.4898639189200892,0.0005031766925518736,2.64927849459745e-05,-0.0005024787719628055
588843.655355589,-7.334238787417188,-95.53847819762238,-92.81444329139649,-957.1766547243642,-0.0001003614573580864,0.001035007490328607,-0.0002587094122964656,2.823761638248003e-10,0.4905387743862623,0.0245744754100842,-0.4899228350819091,0.0005046074738268362,2.527927373899675e-05,-0.000503973869323728
590201.0801718441,-7.413247589049517,-95.69529166245111,-95.11912030129835,-953.7637378133879,-0.0001035351944967431,0.00103815209587364,-0.0002571940623534709,2.827348383226156e-10,0.4902472229580972,0.02338301995836377,-0.4896892626919168,0.0005059509688711206,2.413203185870591e-05,-0.0005053751358545413
591561.6341754741,-7.482216346886577,-95.82537183204418,-96.9904610916937,-950.6659191000157,-0.0001062125995425516,0.001041058032177651,-0.0002557690889887672,2.830037607013336e-10,0.4900874995704005,0.02242759057803147,-0.4895740601952186,0.0005072929150152885,2.321495204646545e-05,-0.0005067614504144815
592925.3245799997,-7.555375929596488,-95.96921600411598,-99.07317035714344,-947.5150811670496,-0.0001091594702449318,0.001043978343848579,-0.0002543350782472906,2.832917977902721e-10,0.4898463878286096,0.02135192667699593,-0.4893808117365421,0.000508572204343219,2.216816677005693e-05,-0.0005080888302379573
594292.1586155727,-7.63002062828737,-96.11622799480071,-101.1913794675436,-944.3401563614493,-0.0001121833228703492,0.001046919384022348,-0.000252899860222318,2.835904971612528e-10,0.4896053091244937,0.02025052602987726,-0.4891863396686423,0.0005098668900981382,2.108856365991636e-05,-0.0005094305822200986
595662.1435290104,-7.709379655402095,-96.25463781592082,-103.106768105748,-940.7575144310274,-0.0001151187530514071,0.001050356188780623,-0.0002513609607377223,2.840157573743522e-10,0.4892183606096321,0.01921814547781059,-0.488840738116178,0.000511244525665049,2.0083407451678e-05,-0.0005108499014070678
597035.2865838369,-7.787921809927299,-96.39345225247476,-105.0229142860742,-937.2672898899231,-0.000118069634226809,0.001053701535920237,-0.0002498524384343551,2.844177333314075e-10,0.488880115765402,0.01818601407971202,-0.4885417448721095,0.0005126299709024589,1.906949284267505e-05,-0.0005122751619102561
598411.5950603196,-7.868700700983146,-96.51182948930982,-106.5386562419417,-933.3644321984432,-0.0001207210019798875,0.001057613202962726,-0.0002482397806405618,2.849501464241298e-10,0.4884016432280218,0.01732475465536408,-0.4880942716156003,0.0005141234842100825,1.823716883430336e-05,-0.0005137999247656856
599791.0762555094,-7.946395920926213,-96.61955324243031,-107.8727864370652,-929.538765498745,-0.0001231876113807106,0.001061506465065408,-0.0002466537018994278,2.85464840287012e-10,0.4877979898898843,0.01655188334487497,-0.4875170910833273,0.000515463557041726,1.749062694295839e-05,-0.0005151667269993773
601173.7374832779,-8.023084212711263,-96.72158199026035,-109.101287100521,-925.7255607550986,-0.0001255667401366254,0.001065435101769869,-0.0002450769049850399,2.859814581462555e-10,0.4871161868779822,0.01582705671197208,-0.4868589978570606,0.000516729314012134,1.678922683728648e-05,-0.0005164564897662306
602559.5860743577,-8.099022488740973,-96.80823956322823,-110.0483125115834,-921.7653931805166,-0.00012770150392496,0.001069628641172886,-0.0002434672389024444,2.865495512886462e-10,0.486412733291316,0.01523428289473294,-0.4861741084556151,0.0005180803101639429,1.622610073100527e-05,-0.0005178261498173249
603948.6293763798,-8.166919590181474,-96.87532371010548,-110.696064548455,-918.058001521084,-0.0001294563457362919,0.001073646425784713,-0.0002419302932072549,2.870450166249222e-10,0.4856554835298238,0.01480771210103448,-0.4854296863037116,0.0005192628953724588,1.583240737557281e-05,-0.0005190214729539454
605340.8747539136,-8.237474358328621,-96.92850106643482,-111.0678294978175,-914.0027362836186,-0.0001310168377966472,0.001078167717752292,-0.0002403076672101358,2.876554692343279e-10,0.4846526048690513,0.01449304785811458,-0.4844358564042707,0.0005204042683963639,1.556216533587692e-05,-0.0005201715309157293
606736.3295885053,-8.293164487605377,-96.96226060988377,-111.201368020082,-910.6207271528598,-0.0001321315541511511,0.001082016651982462,-0.0002388678293033921,2.880597638597476e-10,0.4839460774681854,0.01435254682898951,-0.483733201565041,0.0005215109548916212,1.546662066375585e-05,-0.0005212815551285256
608135.0012787179,-8.353698459196378,-97.00628085519114,-111.4789975510132,-907.1014981185689,-0.0001334661121338304,0.001086010037085753,-0.0002373974315046322,2.88512243197713e-10,0.4829768379845901,0.01411857497179887,-0.4827704339231625,0.0005224091855384431,1.527127736137157e-05,-0.0005221859297440822
609536.897240169,-8.40347662366133,-97.03397168775727,-111.5450663323626,-904.0300290490978,-0.0001344381982044566,0.001089570092378187,-0.00023604944750372,2.888266579655148e-10,0.4823635571148395,0.01403345956041082,-0.4821593753576169,0.0005234598021315307,1.522907743829533e-05,-0.0005232382245669363
610942.0249055721,-8.458573003008079,-97.07265419712529,-111.7642295688345,-900.8018634286976,-0.0001356468616952013,0.001093292068980228,-0.0002346655876770413,2.891950504277983e-10,0.4814004831984614,0.01384643706525775,-0.4812013106843226,0.0005242153508204982,1.507791353999463e-05,-0.0005239984642717365
612350.3917247733,-8.508327007391728,-97.10551755814797,-111.9187570072913,-897.8325334193703,-0.0001367148585645081,0.001096751349847876,-0.0002333541183176664,2.89484152287708e-10,0.4805976104816134,0.01371375962475807,-0.4804019109012691,0.0005250065695429796,1.498096066044985e-05,-0.0005247927866129426
613762.0051647943,-8.562321690995219,-97.15792273522379,-112.3845678365473,-894.900289649741,-0.0001381533746778547,0.001100093165772676,-0.0002320570570898789,2.897647037929986e-10,0.4800551985681851,0.01342551776416256,-0.4798674287187075,0.0005260440982244403,1.471167150467173e-05,-0.0005258383401752892
615176.872709868,-8.621587092417942,-97.22069750709197,-112.9892932491319,-891.8113957442741,-0.0001398219425457462,0.001103598386640547,-0.0002307242002014016,2.900995893853274e-10,0.4792576538583452,0.01304455692036562,-0.4790800959302701,0.0005268881056519905,1.434097469181467e-05,-0.0005266929013404603
616595.0018614822,-8.681193628672046,-97.26572385296804,-113.2740332563954,-888.458965180447,-0.0001412059304258636,0.001107541342149762,-0.0002293282229273476,2.905244967600698e-10,0.478460139090728,0.01281330731651744,-0.4782885361937199,0.000527915012329376,1.413772378788842e-05,-0.0005277256721146154
618016.4001384157,-8.731125723890834,-97.29410751982888,-113.3381931493974,-885.4655296648579,-0.000142224795826166,0.00111114489006976,-0.0002280298968637119,2.908362072622811e-10,0.4776847139133915,0.01272240472928487,-0.4775152629230012,0.0005287792029121702,1.408322861488301e-05,-0.0005285916269713426
619441.0750767814,-8.787737761762617,-97.32920712694106,-113.4668637952042,-882.179138948744,-0.0001434265535058931,0.001115108933499602,-0.0002266610599544779,2.912482656842353e-10,0.4768771969759512,0.01257536676450187,-0.476711360412544,0.0005297814551826713,1.39704648202954e-05,-0.0005295972208841108
620869.0342300634,-8.841326908766401,-97.36674215306135,-113.6594890493164,-879.1246246300383,-0.0001446456943560967,0.001118794328733783,-0.0002253567530182722,2.915880265734607e-10,0.4760331197600336,0.01240793620357509,-0.475871384123524,0.0005306074512164019,1.383043139341552e-05,-0.0005304271735628166
622300.2851691595,-8.896610084740734,-97.39745984811231,-113.7177915370497,-875.8825209397927,-0.0001457729915277751,0.001122779589530491,-0.0002240092702793238,2.919942316018242e-10,0.4751216703712274,0.01229616228663988,-0.4749625312057424,0.0005314857874687123,1.375486723359028e-05,-0.0005313077694788807
623734.8354824191,-8.944742216087393,-97.41439658829344,-113.590148047265,-872.8784332445775,-0.0001466020806639765,0.001126557159051507,-0.000222727526933357,2.923252760056691e-10,0.4742770399387048,0.01230084420281772,-0.4741174958224151,0.0005323171297962582,1.380617134863016e-05,-0.0005321380613217012
625172.6927756859,-8.99709101213176,-97.442928710025,-113.630618235437,-869.8043573764418,-0.0001476735820572469,0.001130391853335206,-0.000221432677081116,2.926837108338071e-10,0.473204824955658,0.01220414725379744,-0.4730474237865825,0.0005329267239486368,1.374439961630247e-05,-0.0005327494576044296
626613.8646723352,-9.040651637507873,-97.45457401955674,-113.4453979565424,-867.0145965034172,-0.0001483752902241975,0.001133968805275729,-0.0002202148189595208,2.929501485722722e-10,0.4725599458727187,0.0122583179049081,-0.4724009272698023,0.0005338690836304833,1.384869158696558e-05,-0.0005336894342197351
628058.358813318,-9.088975707096406,-97.47634719980567,-113.3981696586301,-864.1009651133833,-0.0001493005226600797,0.001137679083453259,-0.0002189700017497102,2.932618982910141e-10,0.4717618408325216,0.01222530006164632,-0.4716034101913303,0.000534708091771024,1.385649771027528e-05,-0.0005345285220421965
629506.1828571975,-9.134740290287361,-97.49635527704902,-113.3394322928363,-861.3218459344704,-0.0001501739184247217,0.001141245143125438,-0.0002177637537272674,2.935314697580884e-10,0.4709186844329212,0.01220602564499227,-0.4707604701820098,0.0005354200734711653,1.387787608279451e-05,-0.0005352401887296008
630957.3444801933,-9.181723642328954,-97.51470512821587,-113.2421013420687,-858.4565557291384,-0.0001510354977140382,0.001144957675845092,-0.0002165401599160313,2.938338395454797e-10,0.470039068475002,0.01219976128422074,-0.4698807207339493,0.0005361509409184047,1.391568048319102e-05,-0.0005359703212719716
632411.8513762193,-9.228988232849106,-97.53194449037204,-113.1230266831193,-855.5683691617863,-0.0001518849756589095,0.001148731471698346,-0.0002153152803965466,2.941476692865674e-10,0.4691639452250433,0.0122030073723929,-0.4690052175724667,0.0005369076003385009,1.396502751736767e-05,-0.0005367259536371299
633869.711256927,-9.274033682375737,-97.55085999831512,-113.0491604411693,-852.8429311658521,-0.0001527441232792253,0.001152301753568559,-0.0002141357533977659,2.944089968675653e-10,0.4683112743845844,0.01219341187841349,-0.4681525076537312,0.0005375904834997616,1.399723334835823e-05,-0.0005374082297547174
635330.9318517436,-9.324502212554512,-97.57671383147118,-113.0512600936441,-849.9145525779978,-0.0001537829224780547,0.001156133453477721,-0.0002129096750480428,2.947439274476362e-10,0.4675342546270884,0.01212951026989411,-0.4673768867095587,0.0005384847425696559,1.397021961607836e-05,-0.0005383034933419874
636795.5209079159,-9.367778948469921,-97.58161727505387,-112.7513099137242,-847.1048665704737,-0.0001543905040727671,0.00115994171111967,-0.0002117177687425776,2.950413964320473e-10,0.4666477539864406,0.0122338627089195,-0.4664873619979527,0.0005392093566612191,1.413617270072587e-05,-0.0005390240244482439
638263.4861905486,-9.41743518010149,-97.6041007451396,-112.7010598809143,-844.1942611705083,-0.0001553714135388968,0.00116381918500217,-0.0002105050539503766,2.953777215406399e-10,0.4656912706454593,0.01219340399895986,-0.4655316105854688,0.0005399001132091589,1.413644750162257e-05,-0.000539715010996819
639734.8354826482,-9.462331116070784,-97.61545886679426,-112.4982641413381,-841.4035027014075,-0.0001561140868677364,0.001167617478492969,-0.0002093266134065262,2.956758241557237e-10,0.4648184959571784,0.01224578767176591,-0.4646571584170328,0.0005406300797142499,1.42430673966995e-05,-0.0005404424281299252
641209.5765851615,-9.50479107064842,-97.61531051295864,-112.1201411516103,-838.5919537204279,-0.0001566345117101784,0.001171532963176235,-0.0002081473196056826,2.959848216227888e-10,0.4638197468869236,0.01238802885458108,-0.4636542832147116,0.0005412458834531956,1.44559813734624e-05,-0.0005410527986782439
642687.7173170197,-9.550639368114149,-97.62205240574107,-111.8331083426039,-835.6964731455355,-0.000157313064080923,0.00117555502820681,-0.0002069515583413081,2.963272306498349e-10,0.4629254033875284,0.01247708461632091,-0.4627572273460275,0.0005420337770338737,1.460926804073909e-05,-0.0005418368617332352
644169.2655151772,-9.587959507503346,-97.61607166175472,-111.3979218549448,-833.1059253067186,-0.0001576813405203115,0.001179243354905968,-0.0002058355361392007,2.965650089879197e-10,0.4621219390773121,0.01267111727369782,-0.4619481890467925,0.0005427513334866687,1.488192880605675e-05,-0.0005425472681680081
645654.2290346556,-9.628984872353856,-97.60664762518425,-110.878684461398,-830.2622672955026,-0.0001580302454005356,0.001183334294457583,-0.000204661160665411,2.968963308976488e-10,0.4610543643404683,0.01288509472667467,-0.4608742791817286,0.0005433321053074922,1.518451225365859e-05,-0.0005431198829406729
647142.6157485831,-9.665841459946243,-97.60360229607041,-110.4987403157747,-827.7525517815677,-0.0001584474254392061,0.001186938967410101,-0.0002035732264681334,2.97111596766341e-10,0.4602633740775481,0.01305496314231355,-0.4600781905878629,0.0005440162071651623,1.543053810787429e-05,-0.0005437973263561253
648634.4335482385,-9.693111632354656,-97.56750582391101,-109.6426697284086,-825.3036774792207,-0.0001581808230328712,0.001190660673249672,-0.0002025041425941641,2.973078329220388e-10,0.4592988338640491,0.01348437512203999,-0.4591008499408855,0.000544500357525223,1.598577338676257e-05,-0.000544265646898941
650129.6903430906,-9.7293552657964,-97.57193676007502,-109.3942933294301,-822.9465879691771,-0.0001587245967718534,0.001194046429340015,-0.0002014613688951574,2.974736365917509e-10,0.4583167017047558,0.01358764847133302,-0.4581152419103141,0.0005448541748045575,1.615321232642249e-05,-0.000544614676200975
651628.3940608427,-9.76212720565576,-97.56251697767799,-108.9432691728849,-820.5864455705732,-0.0001589877119278261,0.00119753301338165,-0.0002004215749913609,2.976430818272299e-10,0.4573958240590877,0.01380307476770551,-0.4571875052903885,0.0005453026116159517,1.64558842106694e-05,-0.0005450542561158682
653130.5526474724,-9.797927917751595,-97.55066619387503,-108.431282584114,-818.0268989632432,-0.0001592410717404337,0.001201345930795943,-0.000199336907490234,2.978876833286962e-10,0.4565282785551955,0.01403888383174045,-0.456312369831598,0.0005459534417616375,1.678883282036128e-05,-0.0005456952406461941
654636.174067275,-9.832248971020899,-97.55445184944499,-108.1885588096485,-815.7819591248829,-0.0001597574792678759,0.001204630793273658,-0.0001983326562497183,2.980204285576431e-10,0.4557257464983075,0.0141517841830961,-0.4555059637654317,0.0005464556571033995,1.696924649173403e-05,-0.0005461921180810017
656145.2663029054,-9.865958542951629,-97.55848784096072,-107.9547206451777,-813.5789922917195,-0.0001602736497596152,0.001207870055918379,-0.0001973421509973588,2.981401088250826e-10,0.4550237244448097,0.01426572870035891,-0.4548000426476166,0.0005470529325391708,1.715099301659847e-05,-0.0005467840107741366
657657.8373554206,-9.908746910544521,-97.55381891797063,-107.5126070874264,-810.7537524371841,-0.0001607351234852949,0.001212105333918533,-0.0001962045610975445,2.98490947264345e-10,0.453916970634487,0.0144357373960919,-0.4536873656118504,0.0005475965457566093,1.741499094537014e-05,-0.0005473195547529277
659173.8952443212,-9.954281849707296,-97.54301831622045,-106.95221225821,-807.696131301866,-0.0001611182712385584,0.001216754675885059,-0.0001950150525382171,2.989318080691566e-10,0.4528084325452159,0.01465348593496875,-0.4525712672430818,0.0005483072612677853,1.774395564116713e-05,-0.0005480200770019139
660693.4480075961,-9.980778384123369,-97.48157179033458,-105.7106628108317,-804.9527374070868,-0.0001603806239069952,0.001221246928249929,-0.0001939056721389151,2.992607431051416e-10,0.4515201333234895,0.0152633319290512,-0.4512620762870345,0.0005486544818035455,1.854689271215592e-05,-0.0005483409096299863
662216.5037017618,-9.986525569024858,-97.35821180014385,-103.6247790654839,-802.4484268722991,-0.0001582875540560437,0.00122574542393446,-0.0001928578236862536,2.995042584069301e-10,0.4502034636813524,0.01635496811912014,-0.4499062943864081,0.0005488817936432095,1.993974938085756e-05,-0.0005485194889770238
663743.0704019089,-9.950394430991109,-97.16758157117971,-100.7628119664496,-801.2655354911923,-0.0001545016304685905,0.00122859643608296,-0.0001921306246186175,2.992565526156142e-10,0.4488793234254784,0.01796654197309214,-0.4485196209403156,0.0005482737477718269,2.194483636919496e-05,-0.0005478343971059996
665273.1562017413,-9.887175847466835,-97.01243172054821,-98.66205674061456,-802.0991606612037,-0.0001510679373991687,0.001228146562049237,-0.0001918881666561323,2.982579783213935e-10,0.4483774507014148,0.01932699878800299,-0.4479607186075005,0.0005472417266478875,2.35884747797265e-05,-0.0005467331078708582
666806.7692136222,-9.857622142598157,-97.05032330896137,-99.42106047287537,-803.8818749905032,-0.0001515309431329086,0.001225223087597176,-0.0001918723383951303,2.969120987495562e-10,0.4490877628000765,0.01922895870497891,-0.4486759029008577,0.0005468142928346096,2.341339561481181e-05,-0.0005463128076056779
668343.9175686146,-9.909306739792996,-97.25358896624084,-102.2784975494253,-803.5726061896077,-0.0001558672410541893,0.001224603881700279,-0.000191357397062244,2.963432288053698e-10,0.4499155571065485,0.0178383697121465,-0.4495617878473532,0.000547754692990049,2.171752136769485e-05,-0.0005473239926755144
669884.6094165265,-9.992102123676023,-97.4253290464529,-104.4067793143544,-801.1146885276972,-0.0001599649083002258,0.00122741299492109,-0.0001903333213965933,2.965687843535657e-10,0.4498090013914851,0.01665596654087349,-0.4495005189222748,0.000549058407988611,2.033107039688666e-05,-0.000548681859513785
671428.8529259522,-10.06122658126129,-97.51555278476137,-105.3118857430341,-798.2487358536964,-0.0001624452324229409,0.001231311171689371,-0.0001892162238401505,2.969490171667612e-10,0.4492151651229258,0.01609632491971225,-0.4489266898954622,0.000550153677295075,1.971316427639479e-05,-0.000549800381770971
672976.656284318,-10.11565625945457,-97.53866861668723,-105.2395319529191,-795.225987383002,-0.0001635526312383083,0.001235859759655308,-0.0001880661767169341,2.973921958520021e-10,0.448214925949834,0.01604902141919345,-0.44792750390627,0.0005509507176386958,1.972763367834183e-05,-0.0005505974153009139
674528.0276979218,-10.14543633570808,-97.53935366157982,-104.9838002470731,-793.2206715423449,-0.0001639806575845309,0.001238980176208504,-0.0001871604820773645,2.974583113363985e-10,0.4475845321476498,0.01619048236879002,-0.4472916070065438,0.0005515305081201074,1.995052180360583e-05,-0.0005511695547351901
676082.9753919819,-10.16175011534271,-97.52992622188575,-104.6629815574396,-791.7982674270467,-0.0001640745767969524,0.001241259934539084,-0.0001863951804429765,2.973073079720342e-10,0.4469358044180969,0.01641000681079164,-0.4466344421865842,0.0005516969735487038,2.025649098580204e-05,-0.0005513249724035193
677641.5076106749,-10.18836562806582,-97.56450557862881,-104.9712660641988,-790.4580899320548,-0.0001650899245452462,0.001243165594890059,-0.0001856517213109433,2.971264287320426e-10,0.4466184154564872,0.0162987374002251,-0.4463209161399698,0.0005521600498974355,2.015033716640438e-05,-0.0005517922476936575
679203.6326171847,-10.22225511908215,-97.64126416226235,-105.8989983293617,-789.339258470961,-0.0001669617369269393,0.001244482532394207,-0.0001849625631094808,2.968632435590253e-10,0.4464310102325462,0.01586425686597804,-0.4461490471258927,0.0005525759721110939,1.963619676637515e-05,-0.0005522269684930941
680769.3586937415,-10.2749606571657,-97.73708753089434,-106.9924007571802,-787.4934568938265,-0.0001694007799453928,0.001246836269264247,-0.0001841056368307564,2.968746928345837e-10,0.446184734828556,0.01528007780202919,-0.4459230166927838,0.0005534045334149989,1.895193552470154e-05,-0.0005530799234686974
682338.6941416697,-10.33954531426036,-97.85292145658239,-108.3139769739564,-785.3160119033804,-0.0001723501201518738,0.00124960150841181,-0.0001831743183505968,2.970131509995055e-10,0.4460240688358557,0.01454400991192078,-0.4457868793006072,0.0005545492949484228,1.808281437239373e-05,-0.0005542543931735376
683911.6472814293,-10.40673743871353,-97.95013058021465,-109.3134097407524,-782.7481212237718,-0.0001750011242335118,0.001253110679931174,-0.0001821554482715127,2.973021827597584e-10,0.4454003363561847,0.01393917201018651,-0.4451821639619818,0.0005554231534029635,1.738242709258478e-05,-0.0005551510880512286
685488.2264526617,-10.4719885694768,-98.02913359439376,-110.0315572002871,-780.0370854058567,-0.0001773087315321502,0.001256979267407724,-0.000181107060845939,2.976493104234467e-10,0.4447452916964494,0.01347663543744446,-0.4445410608520276,0.0005563893718676994,1.685966521945209e-05,-0.0005561338731061265
687068.4400142321,-10.53621867597367,-98.10558058447381,-110.7118739639497,-777.3593914670953,-0.0001795682718955308,0.001260832082139275,-0.0001800702557496793,2.979876614154347e-10,0.4441430064616877,0.01303710991442347,-0.4439516234387549,0.0005574073984515519,1.636180557838544e-05,-0.0005571672093427092
688652.2963442762,-10.59646992044896,-98.16416442045265,-111.1337732574704,-774.6466777603703,-0.0001814641698480048,0.001264877563183533,-0.0001790291683767828,2.983434235184949e-10,0.4435518964544834,0.01273763382344843,-0.4433689632044044,0.0005584960296215966,1.603852440725552e-05,-0.0005582656901851709
690239.8038402419,-10.65654805412311,-98.21271660900614,-111.3946514615445,-771.8118571263058,-0.0001831840619817805,0.001269213819686008,-0.0001779637620362711,2.987505306831822e-10,0.4426730073342068,0.01250866911462602,-0.4424962424917205,0.0005593309573112194,1.580508807778037e-05,-0.0005591076094970794
691830.9709189367,-10.70827190573448,-98.24408346232619,-111.4437464992399,-769.1734481187937,-0.0001844950043566685,0.001273365829124189,-0.0001769474936927729,2.990858369051512e-10,0.4418466180852594,0.01241481708081373,-0.4416721705408107,0.0005601197779103678,1.573800568223748e-05,-0.0005598986343826047
693425.8060165691,-10.76047416423416,-98.28084283622155,-111.5728636835467,-766.5984709558353,-0.0001859170565617769,0.001277404976259342,-0.0001759495175413109,2.994002667624836e-10,0.441078841582096,0.01228174007337314,-0.4409078172953773,0.0005609344549208616,1.561909238000708e-05,-0.0005607169577162697
695024.317588797,-10.81519606484293,-98.32273873731602,-111.7621436201759,-763.9789515240659,-0.0001874717410314463,0.001281511426985012,-0.0001749449961334396,2.997358832808046e-10,0.4403939423026138,0.01211224238664162,-0.4402273480841521,0.0005618856738731308,1.545365369911545e-05,-0.0005616731212112701
696626.5141107687,-10.86409351555835,-98.34769476163046,-111.7269395233071,-761.422569051109,-0.0001886491526103126,0.001285649844547064,-0.0001739585892749193,3.000505216953753e-10,0.4394341778512189,0.01206598965297945,-0.4392684925617484,0.0005624692304529957,1.544428780654148e-05,-0.0005622571557397326
698232.4040771715,-10.9108584535648,-98.36361144833201,-111.5651897326032,-758.8525822226212,-0.0001896386620767892,0.001289898657019536,-0.0001729726933805131,3.003742610167626e-10,0.4384717231701503,0.01208927073483929,-0.4383050325434339,0.0005630764797150405,1.552479589442948e-05,-0.0005628624189983896
699841.9960022735,-10.95836417782744,-98.39053368317784,-111.5695294970252,-756.4121249894918,-0.0001908453328864657,0.00129388126349343,-0.0001720198693339505,3.006503057501187e-10,0.4377430312548394,0.01203512515339823,-0.4375775556112509,0.0005638765530644212,1.550298783225252e-05,-0.0005636633964203158
701455.2984199714,-11.00288278701024,-98.4137731080842,-111.5376634760855,-754.0772106136025,-0.0001919511768949882,0.001297732116093731,-0.0001710944600638661,3.00887617657222e-10,0.4369353350647572,0.01200737236753538,-0.4367703172572274,0.0005645060388037869,1.551312898654639e-05,-0.0005642928412402459
703072.3198838334,-11.05299813287105,-98.44390649859437,-111.5704203900378,-751.5676779486972,-0.0001932618166775397,0.001301862395863614,-0.0001701328691668541,3.011979676804957e-10,0.4360551048159249,0.01192557124393336,-0.4358919994523106,0.0005651666451812463,1.545661320637201e-05,-0.0005649552459563618
704693.068967147,-11.09488659520355,-98.451679995208,-111.3162846779417,-749.1559744424077,-0.0001940572546550686,0.00130600075388201,-0.0001691968911431048,3.014726262800644e-10,0.4350579344380879,0.01201090985252296,-0.4348921065759301,0.0005656386148536103,1.561593037232489e-05,-0.0005654230145051734
706317.554262962,-11.13652043801792,-98.46034355401048,-111.0780597462746,-746.7759934106272,-0.0001948694404686377,0.001310104086475283,-0.0001682714665893933,3.017378443699207e-10,0.4343291363724744,0.01209683649302966,-0.4341606445187315,0.0005664383308118954,1.577631178153304e-05,-0.0005662185890621555
707945.7843841381,-11.17621267310873,-98.47745010403582,-110.984699235888,-744.6205549815407,-0.0001958170954868025,0.001313779604937717,-0.0001673998838148854,3.019152923265369e-10,0.4334753909954636,0.01211541593422348,-0.4333060480715805,0.0005668962430937501,1.58444606529032e-05,-0.0005666747775403691
709577.7679633888,-11.22136870035455,-98.49725426346123,-110.8919116075884,-742.2384224346944,-0.0001968909437985805,0.001317860080128117,-0.0001664805736829497,3.021876417784254e-10,0.4327059694476205,0.01211619966271886,-0.4325363033334176,0.0005676367573824524,1.589439659712538e-05,-0.0005674141842503396
711213.5136533292,-11.25678331654829,-98.49788414900193,-110.5759899696468,-740.0681755097067,-0.0001974825317929018,0.001321720357548949,-0.0001656120224042636,3.023767554026671e-10,0.4319549511142227,0.01226228930545403,-0.4317808657792514,0.0005682719723629286,1.613204180510149e-05,-0.0005680429489047915
712853.0301265195,-11.29533304111925,-98.51704498233072,-110.52152539668,-738.0148526764372,-0.0001984652721503789,0.001325265083536848,-0.0001647726907436234,3.025206532204763e-10,0.4310843393135475,0.01226535882397516,-0.43090981489671,0.0005686354840589139,1.617901096368638e-05,-0.0005684052720859934
714496.3260755135,-11.33585678191592,-98.540225617117,-110.513353401148,-735.9273913301785,-0.0001995537903959788,0.001328862946209688,-0.0001639287394663842,3.026810026374523e-10,0.4304675257164018,0.01224573584436097,-0.4302933100223976,0.0005693571526867513,1.619680202657804e-05,-0.0005691267265905516
716143.410212902,-11.37554655498139,-98.54672805783513,-110.2558659695311,-733.6457780266644,-0.0002003222595791348,0.001332950212604627,-0.000163044650535471,3.029240182325477e-10,0.4296015710297264,0.01234440493796447,-0.4294241789861589,0.0005699281915868348,1.637662629037002e-05,-0.0005696928555605954
717794.2912713619,-11.41414695316985,-98.56102078939981,-110.1252543031143,-731.5349508099602,-0.0002012261990473246,0.001336696097123991,-0.0001622016291877645,3.030993822582887e-10,0.4288072054303446,0.0123867457312552,-0.4286282631362181,0.0005704531886891516,1.647840453796684e-05,-0.0005702151371802611
719448.9780036994,-11.4577893908628,-98.59259306925969,-110.2198458116632,-729.4325302752698,-0.0002025280201053042,0.001340326009977236,-0.000161363482880284,3.032738776233483e-10,0.4280952438429356,0.01230255556353526,-0.4279184325634368,0.0005710585930929458,1.641102108141576e-05,-0.00057082273529736
721107.4791828997,-11.50375260853107,-98.63055780319004,-110.3930058779515,-727.3159724884443,-0.0002039875777791562,0.001343956732839009,-0.0001605252137204153,3.034568927055512e-10,0.4274373861599585,0.01217282526519962,-0.427264018391814,0.0005717412490769518,1.6282399591776e-05,-0.0005715093519441365
722769.8036021702,-11.54222823274013,-98.64674379572847,-110.2897535132193,-725.2546850609349,-0.0002049392836274797,0.001347660783248067,-0.0001597021175382942,3.036194496152927e-10,0.4267354912841864,0.01220470516204317,-0.4265609272934682,0.0005723582098465434,1.636953883828682e-05,-0.0005721240762080911
724435.9600749902,-11.58815471418853,-98.67416181495794,-110.3010169413745,-723.0008318859375,-0.0002062100114415864,0.001351664870820889,-0.0001588396526344274,3.03865458224645e-10,0.4258525754172657,0.01214813807845169,-0.4256792674429246,0.0005728706443472194,1.634206786656773e-05,-0.0005726375048603111
726105.9574351547,-11.6346431949251,-98.70559797732176,-110.3676589402578,-720.7848817091703,-0.000207570426824694,0.001355592996913572,-0.000157988618128321,3.040986294380635e-10,0.4251786087586058,0.01206821169804725,-0.4250073030105656,0.0005736319197450728,1.628189024949545e-05,-0.000573400801708823
727779.8045368242,-11.67737447939443,-98.72332562356208,-110.2543012999532,-718.5584974071951,-0.0002086243873310305,0.001359664199179372,-0.0001571383762645388,3.043392752685894e-10,0.4243745107291845,0.01208666823303614,-0.4242023547879706,0.0005742511812577989,1.635532609714487e-05,-0.0005740182248711565
729457.5102545688,-11.72085421659586,-98.75075548117941,-110.2806436317937,-716.4420162006646,-0.0002098780803782561,0.001363480209315471,-0.0001563151886355472,3.045363121452868e-10,0.4235976654879614,0.01203441736415592,-0.4234266819716916,0.000574808140549658,1.633030970489514e-05,-0.0005745761215253358
731139.0834834176,-11.76827103427994,-98.79520477647706,-110.5321138863187,-714.389482515082,-0.0002115165075975293,0.001367070284762731,-0.0001555088764964309,3.04708858025855e-10,0.4228660585719152,0.01185836987383716,-0.4226997546203234,0.0005753520329364285,1.613451133265639e-05,-0.0005751257595936192
732824.533138904,-11.81221063277727,-98.80971276608665,-110.3591235690365,-712.0781132808484,-0.0002125420210250874,0.001371400174538048,-0.0001546492324851196,3.049948417138234e-10,0.421998491129593,0.01189990602980549,-0.4218306754518156,0.0005759694318625394,1.62417218527444e-05,-0.0005757403867293961
734513.8681571151,-11.8601977627984,-98.84413914728653,-110.4534986548118,-709.8685778050849,-0.0002140101466216196,0.001375412098922487,-0.0001538147855353037,3.052405159707291e-10,0.4212367657732013,0.01179816230143468,-0.4210715096101563,0.0005766219223853696,1.615024988234458e-05,-0.0005763957067884328
736207.0974947361,-11.90424755232924,-98.86653666743354,-110.3960986510384,-707.6786027631637,-0.0002151986240798038,0.001379500394182801,-0.000152987587505469,3.054809039703066e-10,0.4205022123434572,0.01178608279350738,-0.4203370062677406,0.0005773187170355133,1.618142782008574e-05,-0.000577091901202256
737904.2301291011,-11.95081728078525,-98.88673085538652,-110.2867477188761,-705.3451218683244,-0.0002163864574458941,0.001383911805857942,-0.0001521324287725776,3.057866101493119e-10,0.4196144888387344,0.01178617868281382,-0.4194489304259211,0.0005779299573189206,1.623296126395097e-05,-0.0005777019357205344
739605.2750582378,-12.00241921853533,-98.9259050083275,-110.4214292511987,-703.0566917102464,-0.0002180166632381371,0.001388118909828797,-0.0001512900888257046,3.06076358263275e-10,0.418737742001748,0.01164819099443927,-0.418575699513576,0.0005784933439562431,1.609217484720076e-05,-0.0005782694794906292
741310.2413009177,-12.04345200523271,-98.94453431229294,-110.327704387281,-700.9729205622441,-0.0002191062236031702,0.001392103010983926,-0.0001504947578833692,3.06280177898669e-10,0.4179647929023806,0.01166372178868957,-0.4178020173478892,0.0005790678523108771,1.615946232989421e-05,-0.0005788423354914018
743019.1378967013,-12.09409456852964,-98.9764247806536,-110.358988604944,-698.6396286754782,-0.0002205960153547945,0.001396507164508931,-0.0001496488376575936,3.06596304113905e-10,0.4171001791496162,0.01158041972594889,-0.4169393880717109,0.0005797042481604329,1.609497872741353e-05,-0.0005794807736198129
744731.9739059892,-12.1364708295714,-98.98296319369898,-110.0759034235553,-696.3319150746117,-0.0002214829902868748,0.001401084796819466,-0.0001488114787599548,3.069049060501399e-10,0.4162738293747446,0.01168291078698272,-0.4161098540263825,0.000580417624266776,1.628967964113048e-05,-0.0005801889906717273
746448.7584100665,-12.18623642568737,-99.01669816830972,-110.1389158136438,-694.0804930787752,-0.0002230082050898029,0.001405367428995233,-0.000147989182288199,3.071922767963664e-10,0.415351514302743,0.01158547470203502,-0.4151899049947026,0.0005809107134087663,1.620344730327117e-05,-0.000580684686597272
748169.5005111545,-12.22859887559677,-99.0261385385938,-109.8982451629617,-691.8273666949739,-0.0002239609411852955,0.001409870630354434,-0.0001471695185389514,3.074839094456089e-10,0.4144809435298243,0.01166584114855652,-0.4143167395841857,0.0005815203100406009,1.636727494349773e-05,-0.0005812899304999533
749894.2093324559,-12.28012605405619,-99.05041904435554,-109.8080890012589,-689.3742198021603,-0.0002253422917871334,0.001414696931729727,-0.0001463103906607056,3.078683849081058e-10,0.4135046135435621,0.01163607570225042,-0.4133408607481991,0.0005821299474928482,1.638121538602916e-05,-0.00058189941703915
751622.8940182052,-12.32831899101478,-99.07750194154625,-109.7823051293081,-687.1214118290352,-0.0002267348790091308,0.001419121141536749,-0.0001454968576226259,3.081673682908745e-10,0.4126596265289583,0.01159021118014441,-0.4124968295294146,0.0005827550664724524,1.636761595392187e-05,-0.0005825251656772413
753355.5637337174,-12.37376717363115,-99.08184014087638,-109.4444321021162,-684.6739285036399,-0.0002276504601719728,0.001424159565707064,-0.0001446451654082663,3.085576660443129e-10,0.4116684313773194,0.01170406346033492,-0.4115020197899145,0.0005833801023589569,1.658596389492812e-05,-0.000583144278570941
755092.2276654337,-12.4216883503866,-99.09590372420661,-109.2304319405343,-682.2607083753165,-0.0002287974947364041,0.001429084716229432,-0.0001438038430762681,3.089368903715193e-10,0.4105419553561019,0.01174405252327211,-0.4103739445163913,0.0005837721222517822,1.669951237846137e-05,-0.0005835332184243425
756832.8950209745,-12.46478185867097,-99.10243868996309,-108.9422748602155,-679.9640237991857,-0.0002297296431047918,0.001433859286598489,-0.0001429901319356586,3.092674378440931e-10,0.409511529174221,0.01184056719181725,-0.4093403150132967,0.0005842162827858319,1.689195946406777e-05,-0.000583972025680648
758577.5750291835,-12.51145305329487,-99.1095334942124,-108.6368382547705,-677.5205503793094,-0.0002307317721773823,0.001438973370239343,-0.000142148605744192,3.09668948178756e-10,0.4086374465531765,0.01193739368856695,-0.4084630477257696,0.0005850131124032423,1.708979902511846e-05,-0.0005847634397369673
760326.2769401819,-12.5584905562662,-99.12089923593368,-108.3906836338808,-675.1286581489422,-0.0002318283012279017,0.001443979544013309,-0.0001413209912983924,3.100513225057372e-10,0.4076241672248574,0.01199958623214103,-0.4074475078289422,0.0005855640228725598,1.723775612897516e-05,-0.0005853102464901274
762079.0100254118,-12.60353618724671,-99.11416226586212,-107.8992701570182,-672.5730771710288,-0.0002325431359426562,0.001449520949385034,-0.0001404622465834961,3.10513619028621e-10,0.4064218086049906,0.01218443459389408,-0.4062391242401189,0.0005860187144157295,1.756870951661001e-05,-0.0005857553022307056
763835.7835776907,-12.64608964463868,-99.09938722581509,-107.3123878294328,-670.0195086788573,-0.0002330638098082639,0.001455165638348848,-0.0001396071237652314,3.109801606564529e-10,0.4051981970507233,0.0124245149027089,-0.4050076669923535,0.0005864575354968608,1.798243536773327e-05,-0.0005861817746734344
765596.6069112562,-12.68519837434752,-99.05966561280526,-106.3972014517978,-667.2674772739024,-0.0002330378149670072,0.001461491024018188,-0.0001387139342232097,3.115445611379331e-10,0.4038560870844688,0.01283532251165827,-0.4036520699453922,0.0005869427615390387,1.865416885164145e-05,-0.0005866462539789437
767361.4893618189,-12.71584200101327,-98.99515232951583,-105.1952429770093,-664.5405177128054,-0.0002323831640804825,0.001468013417674546,-0.0001378293147950391,3.121035195531279e-10,0.4023467065778986,0.01341197225187455,-0.4021231046512952,0.000587205396636597,1.95741194275595e-05,-0.0005868790605293214
769130.4402866095,-12.72363652760033,-98.87289126541458,-103.345902063143,-662.0021911318071,-0.0002302063328841349,0.001474631250386714,-0.000136987064270959,3.12579653018855e-10,0.4007883015916309,0.01438625627240695,-0.4005300217501414,0.0005873222794904261,2.108187487930394e-05,-0.0005869437916337506
770903.4690644301,-12.68381838172744,-98.6583373297205,-100.5427052262371,-660.2601554877904,-0.0002254056381068343,0.001480230329285054,-0.0001363123551643048,3.126835556219711e-10,0.3991676966402419,0.0159929283037988,-0.3988471841261334,0.0005867808024839284,2.35097764251921e-05,-0.0005863096456447911
772680.5850957021,-12.60941411522617,-98.44019502434597,-97.93665884513287,-660.0214262095107,-0.0002199736915625221,0.001482461739513204,-0.000135949672547804,3.120772407021173e-10,0.3981594887176146,0.01763817119575323,-0.3977686178832383,0.0005857968235606064,2.595036650556487e-05,-0.0005852217502553397
774461.7978025188,-12.51791045633868,-98.2926301209362,-96.42654824724356,-661.5756879303804,-0.0002157287727418965,0.001480099763263865,-0.0001359564038695037,3.106279957989421e-10,0.3983682079132103,0.01884383787820911,-0.3979222773984921,0.000584899510555713,2.766724686613786e-05,-0.000584244778238677
776247.1166286917,-12.49724043208696,-98.34715626237379,-97.25316431253729,-662.8267098482809,-0.0002166972420949714,0.001476895081268733,-0.000135900211447938,3.09328639056823e-10,0.3990426122471459,0.01866855675266879,-0.3986056840761286,0.0005846533494155963,2.735205188423087e-05,-0.0005840131884132392
778036.5510398041,-12.54475891066241,-98.51170949857809,-99.16086357628507,-662.5745167169445,-0.0002209280251331532,0.001476200127777386,-0.0001355360610774576,3.087346706808035e-10,0.3995228325640721,0.0177175249648533,-0.3991297822126775,0.0005852811377013824,2.595529547618276e-05,-0.0005847053384276294
779830.1105232586,-12.62242692765657,-98.66820826451925,-100.7527178286672,-660.874257026618,-0.0002254450416466205,0.001478777224172833,-0.0001348773320606899,3.08817068811013e-10,0.3993067049843404,0.01679131619590334,-0.3989535014833938,0.0005861778325185585,2.46494667131482e-05,-0.0005856593336803509
781627.8045883297,-12.68402767892393,-98.73995332589226,-101.2661329731317,-658.7048176734887,-0.0002280014576440377,0.001483078835710585,-0.0001341253818707189,3.091215567167103e-10,0.3985880243763526,0.01643552081361058,-0.3982490261530205,0.0005868873793272541,2.419992360099295e-05,-0.0005863882329236479
783429.6427662116,-12.73639425995663,-98.7973751926888,-101.6396621811641,-656.7512800034453,-0.0002301347286558995,0.001487030499458086,-0.0001334200378548477,3.09327978737385e-10,0.3979386206755882,0.01618345500423099,-0.3976094083511049,0.0005875329420634639,2.389391840190095e-05,-0.0005870468794509966
785235.6346100719,-12.77049630773172,-98.81604576520266,-101.5964428454092,-655.0596253596482,-0.0002312031732634926,0.001490720145491677,-0.0001327703084280988,3.094135289978834e-10,0.3972433152254547,0.01619909821984373,-0.3969128880600551,0.0005879407553239724,2.39755073978696e-05,-0.0005874517059435081
787045.7896950984,-12.80105097775135,-98.84775036500669,-101.7577487600986,-653.7110455045751,-0.0002324867021588732,0.001493538595203101,-0.0001321922378698318,3.093387373505625e-10,0.3967418487277413,0.01613270402621583,-0.3964137111562975,0.0005883085381236644,2.392237560035635e-05,-0.000587821959418699
788860.1176185545,-12.83848065143438,-98.90734585978497,-102.2579863537833,-652.4585478287892,-0.0002344512458917862,0.001495919535340486,-0.0001316355089201295,3.092197370121391e-10,0.3964533916013694,0.01588260018041663,-0.3961351218002991,0.0005888625719352502,2.359084066220686e-05,-0.0005883898374913082
790678.6279998249,-12.88840095096084,-98.98669023485735,-102.9445331328462,-650.9448434574055,-0.0002370209279320504,0.00149874448048402,-0.0001310280635490366,3.092259558258472e-10,0.3960408758184489,0.01549190860003485,-0.3957377617652531,0.0005894378796129547,2.305700828857944e-05,-0.0005889867471271288
792501.3304804718,-12.94502473939101,-99.07608168387041,-103.7214186597664,-649.2899636319466,-0.0002399095081782516,0.001501819372052599,-0.0001303943643215469,3.093010838119224e-10,0.3955536733341548,0.01503018979928756,-0.3952680127239498,0.0005900152732189882,2.24193128234923e-05,-0.0005895891764985171
794328.2347242814,-13.01021008515463,-99.16918164930546,-104.4869504929421,-647.3278814887782,-0.0002430206526177132,0.001505585563315591,-0.0001297013345823024,3.095250614112704e-10,0.3950155492474283,0.01454248442622981,-0.3947477679404411,0.0005907924165062359,2.175000334175464e-05,-0.0005903919179290239
796159.3504173188,-13.07777800501545,-99.25308241073388,-105.1043948535584,-645.1464186415417,-0.0002459958558543959,0.001509959175601032,-0.0001289669479998122,3.098573775151717e-10,0.3942799845475207,0.01411263041499781,-0.3940273339218522,0.0005914935396956185,2.117157868960252e-05,-0.00059111451661877
797994.6872679765,-13.14062172762555,-99.31462038371362,-105.44144537723,-642.8638783575881,-0.0002484530317314329,0.00151478841168334,-0.0001282150941707691,3.102423687164656e-10,0.3936016597703532,0.0138401553857795,-0.3933582548680964,0.0005924158975489432,2.083103023464683e-05,-0.0005920495450957488
799834.2550070285,-13.19762481874174,-99.3709105199153,-105.7441131469474,-640.7672063885874,-0.0002507184237530457,0.001519253783471982,-0.0001275030015650333,3.105416488554767e-10,0.3927838933495006,0.01360003941004741,-0.3925483738379731,0.0005929708217052482,2.053145936160833e-05,-0.0005926152669061774
801678.0633876791,-13.25455566423873,-99.42128744695219,-105.9632094318018,-638.5993041262393,-0.0002528729930808509,0.001523967783532289,-0.0001267793651197686,3.108792179076018e-10,0.3918862621117485,0.01339886807672159,-0.3916571367486882,0.000593484646721045,2.029165922817533e-05,-0.0005931376522017222
803526.1221856172,-13.31125834984029,-99.47206394323513,-106.1872443769072,-636.4561296576602,-0.0002550419110036352,0.00152864864824732,-0.0001260632807065771,3.112086489292611e-10,0.3910523914640078,0.01319826983299635,-0.3908296029513821,0.0005940750322865182,2.005041459485652e-05,-0.0005937365786784591
805378.4411990665,-13.3686843933227,-99.5214916233529,-106.385454085247,-634.2727734999613,-0.0002572058928478992,0.001533468051811362,-0.0001253418790560519,3.115616980756352e-10,0.3900828359059195,0.01300343052087851,-0.3898660406640891,0.0005945025588873616,1.981777204070767e-05,-0.0005941721538703774
807235.0302488382,-13.42036267462596,-99.56060764450059,-106.4804259440522,-632.193090966629,-0.0002590725632191074,0.001538159554434836,-0.0001246435692772986,3.118676920847311e-10,0.3892320505369704,0.01288368675685615,-0.389018765332427,0.0005950351209987051,1.96958243744297e-05,-0.0005947090630923287
809095.8991783821,-13.47923050070215,-99.61169147690201,-106.6872560560209,-629.9911148744667,-0.0002613148190238651,0.001543071030748227,-0.0001239237525960315,3.12237964615789e-10,0.3883079354799116,0.0126812354012423,-0.3881008103899932,0.0005955533227888343,1.944938846264695e-05,-0.0005952356521355642
810961.0578538409,-13.53512920554582,-99.65384911168948,-106.7906913279201,-627.7956446771375,-0.0002633350525845064,0.001548080614964195,-0.0001232078644643594,3.126092562490107e-10,0.387485247418798,0.01254357133890045,-0.38728216559154,0.0005962408510554897,1.930135327783946e-05,-0.000595928359980475
812830.5161640991,-13.59256388203993,-99.69352755318324,-106.8477367509406,-625.5104602747523,-0.0002653417018873379,0.001553369450066276,-0.0001224770474639944,3.130297071616916e-10,0.3864608147016799,0.01241698567044309,-0.3862612843228612,0.0005967117347003904,1.917234756356729e-05,-0.0005964036514124061
814704.2840208396,-13.64700891317933,-99.73045593564981,-106.8868250822392,-623.3185112721306,-0.0002672499612622404,0.001558488128572866,-0.0001217671542121206,3.134080208609241e-10,0.3855002467083852,0.01231179299535003,-0.3853035945400269,0.0005972007517860088,1.907291135462931e-05,-0.0005968961065262803
816582.3713585923,-13.70415360512352,-99.77069380092907,-106.9505004899163,-621.071183605622,-0.000269282892141082,0.001563749994443226,-0.0001210490850032833,3.138186517879168e-10,0.3845501559117217,0.01218546987208122,-0.3843570433018316,0.0005977569857582021,1.894148169960638e-05,-0.0005974568053790625
818464.7881347899,-13.75103049015318,-99.78633000498593,-106.7510665617781,-618.903098741852,-0.0002706417272952295,0.001569080376119053,-0.0001203490839039435,3.141937013702782e-10,0.3834693784314629,0.01222045086789031,-0.3832746075272897,0.0005980813014045896,1.905973089354508e-05,-0.0005977775252952165
820351.5443298181,-13.80319546642325,-99.81307097408464,-106.6645929522938,-616.683317148465,-0.0002723288854286081,0.00157447448842345,-0.0001196416328156813,3.145994302936405e-10,0.3824983334924644,0.01218482933466937,-0.3823042048664879,0.0005986099363874489,1.906925932544502e-05,-0.0005983061250652249
822242.6499470712,-13.85402668074737,-99.84616960276564,-106.6725447164931,-614.6149349014654,-0.0002741304806739831,0.001579456906945781,-0.0001189661044631635,3.149321676556138e-10,0.3816266013225445,0.01211043640622756,-0.3814343982483057,0.0005991393551067831,1.901292790739284e-05,-0.0005988376035371862
824138.1150130022,-13.906866153744,-99.87270067747843,-106.5767041446715,-612.3795627828766,-0.0002758429552936658,0.0015849672751202,-0.0001182608020305078,3.153547982014623e-10,0.3805903802689718,0.01207502670334187,-0.3803987792874658,0.000599588805615205,1.9023210291631e-05,-0.0005992869540456129
826037.9495771788,-13.95625918400693,-99.89539135304325,-106.4526184626166,-610.2358082133323,-0.0002774227190662185,0.001590315763304267,-0.0001175757668016865,3.157347937619309e-10,0.3795841362137162,0.01206637778850001,-0.3793923022310524,0.0006000060713789731,1.907324158714613e-05,-0.0005997028407027832
827942.1637123341,-14.00587550935943,-99.90598780473164,-106.1642413988698,-607.9185602750601,-0.0002787664270115091,0.001596274628150485,-0.0001168599065317088,3.162093654535682e-10,0.3784274975936746,0.01213302046783211,-0.3782329450872012,0.0006003813750086599,1.924923415397975e-05,-0.0006000727142953379
829850.7675144225,-14.06406357366416,-99.94249028730185,-106.1626903705885,-605.6326341106824,-0.0002808080622767998,0.001601942507697887,-0.0001161527243087175,3.166728734741726e-10,0.3774104853770581,0.0120333539573039,-0.377218600900174,0.0006009034486688714,1.915920243915056e-05,-0.0006005979350480975
831763.7711026708,-14.11103156365066,-99.95072217237868,-105.8609442401285,-603.4014739481704,-0.000282070286635282,0.001607784891155298,-0.0001154586561524241,3.171127946057685e-10,0.3762245825045779,0.01211459862774536,-0.3760294841908445,0.0006011573550035598,1.935753378873519e-05,-0.0006008456135818036
833681.1846196344,-14.15604725071723,-99.95154698853699,-105.4746547523215,-601.1487997653516,-0.0002831498004239732,0.001613801562833975,-0.0001147630590464479,3.175690335005652e-10,0.3751440361088938,0.0122473539750879,-0.3749440626929301,0.0006016174785154025,1.964104852473035e-05,-0.0006012967816877785
835603.0182312478,-14.20242413660896,-99.95549664576322,-105.1212434895045,-598.8920006757818,-0.0002843250167223933,0.001619843643916277,-0.0001140692651966548,3.180325850755201e-10,0.3740261218774394,0.01235788135755144,-0.3738219129679664,0.0006020193948541444,1.989081462869125e-05,-0.0006016907073189325
837529.2821268826,-14.25366139292147,-99.96584249092194,-104.8194836470841,-596.5402222019299,-0.0002857305103743395,0.001626126519783909,-0.0001133600067993698,3.185520468627951e-10,0.3728709788185053,0.01242504477110085,-0.3726639036819993,0.0006024484423596246,2.007517155751035e-05,-0.0006021138706162435
839459.9865193974,-14.29181233920368,-99.94195929153796,-104.1573772402102,-594.225186367293,-0.0002861841188234086,0.001632700590674515,-0.0001126603736196926,3.190575868305326e-10,0.3715684256741478,0.01270881465670681,-0.3713510212561509,0.0006026679708286821,2.061314958852867e-05,-0.0006023153502334156
841395.1416451951,-14.32876311286759,-99.91543249604599,-103.4715927488534,-591.9241116006395,-0.0002865609905733223,0.001639313315454813,-0.0001119659998420178,3.195612421680664e-10,0.3703468024157222,0.01301055956056218,-0.3701181965257464,0.0006030113690211891,2.118423942415888e-05,-0.0006026391450684469
843334.7577642753,-14.3590379564939,-99.87762243286789,-102.6867929057461,-589.7286063832396,-0.0002865749332378087,0.001645795250006742,-0.0001112941473412175,3.200132325140263e-10,0.3690330176314953,0.01337969163486567,-0.3687903902679183,0.0006031191883140683,2.186673921619314e-05,-0.0006027226568071516
845278.8451602899,-14.38475266656834,-99.83070253386509,-101.8179675781013,-587.5857335125093,-0.0002863080058850721,0.001652267312441095,-0.0001106347029908922,3.204415981157879e-10,0.3678279210677955,0.01380871621461308,-0.3675686315146611,0.000603368088927141,2.265118615455152e-05,-0.0006029427622099648
847227.4141405963,-14.39655587153665,-99.76758137314171,-100.836854798018,-585.7589500688714,-0.000285429100784155,0.001658051024393067,-0.0001100370819071593,3.207016530865702e-10,0.3666776849968009,0.01434071608647699,-0.3663971459178417,0.0006034119054266093,2.359936034558144e-05,-0.0006029502448808282
849180.4750363139,-14.41020013728022,-99.71083570947906,-99.93040260598958,-583.9519564613659,-0.0002847133798626852,0.001663747276762977,-0.0001094453336259707,3.209541634831048e-10,0.3655648234879114,0.01483030840731285,-0.36526388012544,0.000603484398627527,2.448227831457069e-05,-0.0006029875931023422
851138.0382023763,-14.42219850350586,-99.65151229378445,-99.00594331558709,-582.1746904431202,-0.0002839046595450987,0.001669416014341494,-0.0001088612840317984,3.211935464815217e-10,0.364539689065164,0.01533705603943284,-0.3642169128634333,0.0006036752853549371,2.539806215573483e-05,-0.0006031407701250995
853100.1140175896,-14.44018704184039,-99.60554997905609,-98.21729955631928,-580.35366026955,-0.000283490583326271,0.00167511017334589,-0.0001082711773866542,3.214603430083416e-10,0.3634501125639869,0.01575356119768126,-0.3631085369863475,0.0006037808180811761,2.617057400402728e-05,-0.0006032133762932267
855066.7128846832,-14.44936956673049,-99.5307150250844,-97.12201836974104,-578.4731054877083,-0.0002822790792309494,0.001681295944193561,-0.0001076721299014064,3.217636347446906e-10,0.3622285642896197,0.0163440904413508,-0.3618596461267325,0.0006037795605995407,2.724309653610808e-05,-0.0006031646305022359
857037.8452303697,-14.45638665959371,-99.45162525431441,-95.99265236794555,-576.6197550471971,-0.0002809226428937099,0.001687478588586989,-0.0001070803171772785,3.220554214054175e-10,0.3610655884410938,0.01696011630156903,-0.3606670398183767,0.0006038534266073402,2.836444311566488e-05,-0.0006031868857925913
859013.5215053955,-14.4464798332425,-99.31734631478483,-94.28263122438439,-574.6587476287476,-0.0002780198913388018,0.001694549255762771,-0.0001064707108635876,3.224111922547759e-10,0.359680443281391,0.01790732216487969,-0.3592343929692439,0.0006037617814879745,3.005933998888125e-05,-0.00060301303871887
860993.7521846007,-14.40855805924875,-99.1442556057853,-92.27469763073432,-573.2545117166411,-0.0002737022274733787,0.001700369015500833,-0.0001059662616110051,3.224576244264986e-10,0.3583618948946394,0.01909286060921416,-0.3578529172526524,0.0006032562541254129,3.2140380257336e-05,-0.0006023994555926645
862978.5477669701,-14.33327833028002,-98.90497797775727,-89.68787850348295,-572.4094395115699,-0.0002671695514089781,0.001705139821883865,-0.0001055666934090786,3.221909553630245e-10,0.3572125189376218,0.0206908843031688,-0.3566127745784126,0.0006025466686486127,3.490141791599785e-05,-0.0006015350188700522
864967.9187756934,-14.230553309211,-98.66560384339708,-87.27951217458754,-572.6732452270629,-0.000260091481977685,0.001706556662944375,-0.0001053724372614564,3.21301858690764e-10,0.3567817332552579,0.02232369931427043,-0.3560826556202254,0.0006018690244697501,3.765871925742144e-05,-0.000600689723135047
866961.8757582165,-14.11171902109244,-98.45100425880814,-85.27696588374727,-573.9585342428104,-0.0002532724207492221,0.001704655716474748,-0.0001053660378948404,3.198450352338791e-10,0.3568528935856669,0.02383216677900564,-0.356056197091247,0.0006009172011860362,4.013182803462664e-05,-0.0005995756157982563
868960.429286302,-14.00663231175083,-98.33812247086962,-84.43963578125754,-576.1288172515759,-0.0002490444580717195,0.001699222027006505,-0.000105521202154839,3.179073237237581e-10,0.3575601869332744,0.02475311224898433,-0.3567023559128077,0.0005999518748265201,4.153336038036246e-05,-0.0005985125162295032
870963.5899560805,-13.94351948461426,-98.35552840090412,-84.95437628180788,-578.4161514854648,-0.0002485626931769889,0.001692351620749687,-0.0001056964846001707,3.159218908752791e-10,0.3587527198358376,0.024898748896712,-0.3578876447895197,0.0005994828356233276,4.160629806208662e-05,-0.0005980372782432166
872971.3683881117,-13.94579237713822,-98.51365171672948,-86.82247721695261,-579.9973922563911,-0.0002524385350041955,0.001686356997642414,-0.0001057416718356495,3.143359770938434e-10,0.3600017841832118,0.02416700911951193,-0.3591896995813121,0.0005996213789924596,4.025273198921235e-05,-0.000598268765449295
874983.775227436,-13.99859382125469,-98.75823923699932,-89.46926720526803,-580.7357184362299,-0.0002591368758310002,0.00168203053919922,-0.0001056327703849417,3.132143082643881e-10,0.3610401731381049,0.02287244371361159,-0.3603149427072938,0.0006001336437569195,3.801937847571358e-05,-0.0005989281402883635
877000.8211436349,-14.08876181934668,-99.02975002819034,-92.23077338793283,-580.3716475835304,-0.0002670741018445141,0.001680591312646113,-0.0001053237514907391,3.12689964793162e-10,0.361644217892093,0.02137455420870281,-0.3610120064030597,0.0006010050518543092,3.552169349047139e-05,-0.0005999543996388141
879022.5168308843,-14.20091210549282,-99.30511766531677,-94.90516464207683,-579.2268841803703,-0.0002754780747239165,0.00168130267182106,-0.0001048742438605342,3.125873658147297e-10,0.3618073671499282,0.01982300673671747,-0.3612639192167951,0.0006019331888806749,3.297922248579016e-05,-0.000601029063157757
881048.8730080143,-14.32031545748151,-99.55474488261287,-97.20606192292473,-577.4903368132497,-0.0002834457853987061,0.001683919694308606,-0.0001043193453932222,3.128062415275178e-10,0.3617565104694389,0.01842155698573521,-0.3612871698597206,0.0006031570679397135,3.071428426811701e-05,-0.0006023745357728276
883079.9004185627,-14.44398348968825,-99.77888501505278,-99.15073258266858,-575.285450705614,-0.0002909487220125935,0.00168812233974855,-0.0001036820372938507,3.132829365785974e-10,0.3612372094166156,0.0171590580742668,-0.3608294447423987,0.0006041318404910602,2.869674846686205e-05,-0.0006034498962818251
885115.6098308356,-14.5604641494027,-99.96891126452537,-100.7030541406936,-572.9330956603186,-0.0002975916287536049,0.001693097538692235,-0.0001030205921379116,3.138457280041866e-10,0.3605310039096143,0.01610648768644493,-0.3601710508001452,0.0006050115637138129,2.702849739812199e-05,-0.0006044075219219503
887156.0120379608,-14.67694399082557,-100.147704760151,-102.1057455140444,-570.4668816659135,-0.0003040145877859297,0.001698535699456135,-0.0001023412149107597,3.144775845129696e-10,0.3597494986717718,0.0151254614908604,-0.3594313873457348,0.0006059086819715611,2.54750832731541e-05,-0.0006053729024500025
889201.1178579485,-14.7831196218829,-100.294353494746,-103.1622758088437,-567.9835129887854,-0.0003095663307062046,0.001704388262462944,-0.000101661347327845,3.151261199303555e-10,0.3589268202169833,0.0143483945626924,-0.3586399111149622,0.0006068198750987971,2.425812312141415e-05,-0.0006063348120284254
891250.9381337455,-14.88158520788119,-100.4194676399061,-103.99132071043,-565.521870833554,-0.0003145255368601151,0.001710441494683511,-0.0001009879455029867,3.157698975979021e-10,0.3579490357379867,0.01370359255817903,-0.357686627841682,0.0006074919205475578,2.325700289820879e-05,-0.0006070465759286951
893305.4837332955,-14.97843936960281,-100.5363190661664,-104.7210865528487,-563.032384315754,-0.0003192988900600595,0.001716708843439695,-0.0001003121426168494,3.164366341993751e-10,0.356963459926567,0.01311358372271293,-0.356722505099823,0.0006082015264314557,2.234318783995824e-05,-0.000607790982748758
895364.7655495937,-15.06625861779053,-100.6218624578508,-105.1097759323921,-560.4662726124841,-0.0003232451081289298,0.001723607336103259,-9.962529368442722e-05,3.171543326119946e-10,0.3557433950385274,0.01271297166374383,-0.3555161648434775,0.0006086608639274261,2.175131969801205e-05,-0.0006082720833379382
897428.7945007486,-15.14384412079243,-100.7004572426326,-105.4774153139857,-558.1990297060512,-0.0003268472581000902,0.001729714572455611,-9.899407657878941e-05,3.177101242450965e-10,0.3548810865078549,0.01237059065739137,-0.3546654114059938,0.000609426636817465,2.12436439878086e-05,-0.0006090562644393092
899497.5815300351,-15.22188482088951,-100.7723155433366,-105.7532496449473,-555.8369513293403,-0.0003303359664207921,0.001736239189870958,-9.834845604222433e-05,3.183264433316137e-10,0.3538025526188769,0.01206430378769373,-0.3535968026067987,0.0006099433526480873,2.079844208347955e-05,-0.0006095886467499942
901571.1376059571,-15.29319819262056,-100.8315808237169,-105.9132759711125,-553.5589847408113,-0.0003334326646077505,0.001742696046433612,-9.772012993714215e-05,3.189012543707633e-10,0.3526493166845485,0.01183498547439576,-0.3524506684302072,0.0006102682156938844,2.048073008087867e-05,-0.0006099244500604575
903649.4737223014,-15.36201541358268,-100.8863782037069,-106.0318634801278,-551.3215265603161,-0.0003363974465236333,0.001749126608372405,-9.710130834648045e-05,3.194590395588968e-10,0.3516336952089953,0.01163921796980471,-0.3514410109981247,0.0006107994204055446,2.021770861778508e-05,-0.0006104647215245083
905732.6008982003,-15.42891688987872,-100.9441340776249,-106.1991517211907,-549.2057304683018,-0.0003393972157951372,0.001755182530167825,-9.650619475521086e-05,3.199521785208952e-10,0.3506322430068377,0.01142711072064874,-0.3504459886724117,0.0006112183475220376,1.991961626726404e-05,-0.0006108936709733825
907820.5301781857,-15.4917370154785,-100.9911896149663,-106.2576945992961,-547.0975862946585,-0.0003420974964414198,0.001761385048737789,-9.591464647241351e-05,3.204463527446954e-10,0.3495007041284424,0.01127744831015065,-0.3493187102717071,0.0006114267666838024,1.972909832589371e-05,-0.0006111083813012681
909913.2726322517,-15.5554148941511,-101.0439931364974,-106.3810621096972,-545.0484324073934,-0.0003449509794274423,0.00176737275287256,-9.533562686823777e-05,3.209113198619501e-10,0.3485289326124837,0.01109903232716248,-0.3483521613961909,0.0006118394963839406,1.94842542870053e-05,-0.0006115291760580466
912010.8393559096,-15.62052031822735,-101.0980553829809,-106.5085026048895,-542.9759207669766,-0.0003478772478301275,0.001773463754862458,-9.475468716026251e-05,3.213953293953993e-10,0.3476764861876563,0.01091791009497828,-0.3475050190816725,0.0006124894634582349,1.92336990329256e-05,-0.0006121873958755337
914113.2414702504,-15.67563928705902,-101.1357368422185,-106.4977701399599,-541.0372036002746,-0.0003502489924087235,0.001779358714906338,-9.419921016689732e-05,3.21805158795855e-10,0.3466376158327647,0.01083118429625559,-0.346468356645977,0.0006126978784509397,1.914461482630492e-05,-0.0006123987050781827
916220.4901219996,-15.74089849779639,-101.185995813057,-106.5730741394716,-538.9246558165169,-0.0003531276340569151,0.001785715483766259,-9.361559128182776e-05,3.223235804131439e-10,0.3455724752956043,0.01066850178902605,-0.3454077572254401,0.0006130326374947546,1.892552288561084e-05,-0.0006127404338031573
918332.596483581,-15.80566557398562,-101.241878477752,-106.7204524061936,-536.917686226064,-0.0003561267508373882,0.001791697343401812,-9.305245629258153e-05,3.227843140234441e-10,0.3446780741366917,0.01047836642075058,-0.3445187638253267,0.0006135417273104082,1.865194079803616e-05,-0.0006132581481362525
920449.5717531712,-15.86769488498011,-101.2855212458772,-106.7320436310647,-534.845062644371,-0.0003588223079894049,0.001798094866975205,-9.248006422123992e-05,3.232899027719403e-10,0.3436783159561561,0.01035966312594193,-0.3435221422825266,0.0006139681224976943,1.850714061330126e-05,-0.0006136891242230575
922571.4271547634,-15.93331837367204,-101.3363002197321,-106.8062789747119,-532.7563591274393,-0.0003617646437472766,0.001804504532074063,-9.190703887315288e-05,3.238109191213842e-10,0.3426345121289375,0.01019785829219984,-0.3424827186707195,0.0006143223934262968,1.828412635656767e-05,-0.0006140502371861694
924698.1739382225,-15.98530804162577,-101.3611849342967,-106.6511621376287,-530.7864016284333,-0.0003638621828759624,0.001810886021927911,-9.135659821338522e-05,3.242652005560478e-10,0.3415499814259932,0.01019029931243105,-0.3413979314700359,0.0006145248774622108,1.833462970816127e-05,-0.0006142513055528737
926829.8233793494,-16.04890613334633,-101.4022243573345,-106.6156932528126,-528.6489944715821,-0.0003665827109689298,0.001817683453831306,-9.077944894342834e-05,3.248274487825708e-10,0.3404168392572435,0.01008554723707133,-0.3402674039440463,0.0006148012427794554,1.821474809821829e-05,-0.0006145313589027669
928966.3867799363,-16.09911893769222,-101.4256570083426,-106.4534520124333,-526.7328337994358,-0.0003686318996140813,0.001823994632789511,-9.0242376237711e-05,3.252593133028361e-10,0.3394054420023331,0.01008945723772802,-0.339255444928224,0.0006150808149060795,1.828441978752695e-05,-0.0006148089856683621
931107.8754678305,-16.16388343058776,-101.4720408277689,-106.4739226424875,-524.6463691469095,-0.0003715193607258963,0.001830648095187608,-8.967818361861854e-05,3.258017854586649e-10,0.3385503137829871,0.009962627429541121,-0.3384036953362938,0.0006157967712980606,1.81212468427646e-05,-0.0006155300837115758
933254.300796991,-16.21758498057406,-101.5031322393307,-106.3806118427187,-522.7311381490833,-0.000373836320189681,0.001836950189975736,-8.914531063337296e-05,3.262434196110985e-10,0.3374506631045884,0.009919569940244661,-0.3373048356634204,0.0006159038864273292,1.810487382563192e-05,-0.0006156377269629002
935405.674147552,-16.26780486411505,-101.5220991927686,-106.1612276259905,-520.7708831807054,-0.0003758285159715769,0.001843616097550622,-8.860675380451791e-05,3.267182823770802e-10,0.336377809429085,0.009948874348670643,-0.3362306508566763,0.0006161411697272428,1.822329210438478e-05,-0.0006158716202730349
937562.0069258802,-16.32090270637195,-101.5488527187916,-106.0174242229813,-518.8275573451243,-0.0003780642277266994,0.001850168887129923,-8.80730765045797e-05,3.271877959703624e-10,0.3353334900160355,0.009933441459915244,-0.3351863306686252,0.0006163958415201213,1.825923204861681e-05,-0.0006161253394304549
939723.310564638,-16.3721680974438,-101.5739189906861,-105.8649202715334,-516.9281857897178,-0.0003802317008363261,0.001856634688704458,-8.754882960445648e-05,3.276347201853383e-10,0.3344010581217013,0.009931428757563856,-0.3342535480675514,0.0006168104881165357,1.831875010819536e-05,-0.0006165384024089922
941889.5965228414,-16.42703547370943,-101.5999902101011,-105.699465631273,-514.9280918381351,-0.0003825209788873387,0.001863498519790394,-8.700950881659858e-05,3.281508596349745e-10,0.3332293289435713,0.009916658869322765,-0.3330817400354639,0.0006169039994673109,1.835860768088077e-05,-0.0006166307696529451
944060.8762859236,-16.46789038090795,-101.6100007715534,-105.4335251166093,-513.1773141022959,-0.0003841389109175219,0.00186972193454414,-8.651423681841693e-05,3.285130922932108e-10,0.3323271505804242,0.01000325183486201,-0.3321765644437191,0.0006172351704164592,1.85791586399908e-05,-0.0006169554849932574
946237.161365793,-16.51175608739799,-101.619433205676,-105.1400859403704,-511.3220293310758,-0.0003858285863227638,0.001876379061021346,-8.600320490727424e-05,3.289467710934709e-10,0.3313069173752569,0.0100893274118167,-0.3311532560206413,0.0006174762846539234,1.88040758528721e-05,-0.0006171898969047796
948418.4633008973,-16.56188378689059,-101.6454784833772,-105.0056708010829,-509.494256393374,-0.0003880323807735349,0.00188275802430971,-8.549868282794981e-05,3.293675726197515e-10,0.3302173044636105,0.0100771955799928,-0.3300635064596742,0.0006175194371263264,1.88447548273619e-05,-0.0006172318287680177
950604.7936562814,-16.60482686181947,-101.6573940117967,-104.748490722098,-507.7123056479218,-0.0003897704819439635,0.001889204022865447,-8.500369833151433e-05,3.297633921823458e-10,0.3292323349366248,0.0101496297418142,-0.329075850502473,0.0006177353945211206,1.904365053939731e-05,-0.0006174417843151675
952796.1640236521,-16.6422662549198,-101.6600721510017,-104.4171701384676,-505.9868899043886,-0.0003911844332566323,0.00189560964446799,-8.451998203676543e-05,3.301268646234171e-10,0.3283633086371502,0.01027832452128187,-0.3282024047812135,0.0006181229232881701,1.934828841251491e-05,-0.0006178200320723011
954992.5860214359,-16.68166740083044,-101.6690980421903,-104.1493977877329,-504.2879482330108,-0.0003927891752470115,0.001901872228557258,-8.404245318523548e-05,3.304772304372723e-10,0.3273590477320687,0.010365997348459,-0.3271948841761108,0.0006182112119914402,1.957598492752188e-05,-0.0006179011923002275
957194.0712948447,-16.72450938831278,-101.6882664957649,-103.9802616551385,-502.620019214579,-0.0003947037039713534,0.001907919638941812,-8.357183036741035e-05,3.308113100963725e-10,0.326374852611567,0.01039618446667772,-0.3262092331092989,0.0006182775897372119,1.969431107540281e-05,-0.0006179638436692891
959400.6315159331,-16.76389535524724,-101.703963550449,-103.7924346626893,-501.0201671335869,-0.0003964659388259523,0.001913794888605288,-8.311422107575886e-05,3.311043787076754e-10,0.3254088939284698,0.01044664004605911,-0.3252411658438984,0.00061830314380264,1.984945864470668e-05,-0.0006179844469141114
961612.2783836648,-16.81925436279874,-101.7500708517181,-103.8604424008187,-499.3252349001893,-0.0003992901911606112,0.001919649713460513,-8.264253809078327e-05,3.314641905605311e-10,0.3245445801051642,0.01032808362141672,-0.3243802015603702,0.0006185724584941098,1.968502470496451e-05,-0.0006182591578050519
963829.0236239705,-16.84599313100757,-101.7519109000478,-103.5911070041212,-497.9501540581792,-0.0004004519683762426,0.001924925074291543,-8.222540148640431e-05,3.316150715688845e-10,0.3237587533896975,0.01046284559658339,-0.323589646401848,0.0006186959570260825,1.99942710484883e-05,-0.0006183727972393835
966050.8789898136,-16.8940259670574,-101.7848071323264,-103.5488199882403,-496.3176660626583,-0.0004028297076074361,0.001930794579051034,-8.17673391905662e-05,3.319406176629493e-10,0.3229406989792777,0.01042116826533522,-0.3227725117001292,0.0006190094596920432,1.997518974125634e-05,-0.0006186870800194846
968277.856261249,-16.94531369648077,-101.8248437869725,-103.5686651440683,-494.6835870971491,-0.000405454691560214,0.00193660680040021,-8.131068746830774e-05,3.322711467465389e-10,0.3221155514148936,0.0103395646084428,-0.3219495641665459,0.0006192974903716335,1.987878693039693e-05,-0.000618978364250948
970509.9672454898,-16.99574755717838,-101.8581191931577,-103.5127053056324,-492.9886549886168,-0.0004079275125327824,0.001942791806499583,-8.084572438998612e-05,3.32646690146147e-10,0.3211903790619044,0.01029327879788932,-0.321025400885224,0.0006194866069022275,1.985286226513689e-05,-0.0006191684100397213
972747.2237769651,-17.04542957447386,-101.8899049516829,-103.4431859330299,-491.3020946426175,-0.0004103614241239435,0.001949006359521314,-8.038383970932122e-05,3.330209197354952e-10,0.3202207849321053,0.01025433502206297,-0.3200565570579502,0.0006195842815893434,1.984076330075955e-05,-0.0006192665226735787
974989.6377173872,-17.09880050176757,-101.9223839648825,-103.3562407127037,-489.5126347718119,-0.0004129209810738848,0.001955663596162459,-7.990685492029217e-05,3.334695825179862e-10,0.3193205097754271,0.01021414142176992,-0.3191571075164311,0.0006199463033296874,1.983029283200833e-05,-0.0006196290652465728
977237.2209558106,-17.15148094517241,-101.9629784671609,-103.3689524624587,-487.862524248611,-0.0004156455078318463,0.001961690254306145,-7.945433372616813e-05,3.338279327841657e-10,0.3183873736600492,0.01012823343929812,-0.3182262380658498,0.0006200515551469682,1.972448474553416e-05,-0.0006197377475527022
979489.9854086991,-17.20670089400538,-101.999773460815,-103.3186175944002,-486.0853295902717,-0.0004183724484690643,0.001968325885891415,-7.898282179624805e-05,3.342778634498759e-10,0.3174179869757121,0.01006289070985596,-0.3172584383216226,0.0006202579604409753,1.966362438154233e-05,-0.0006199461907025319
981747.9430199844,-17.26078792933475,-102.0395238691223,-103.3096514004453,-484.3904118984698,-0.0004211444037993533,0.001974629751042069,-7.852639670709389e-05,3.346760183882983e-10,0.3166003832050203,0.009986576035832159,-0.3164428399326587,0.0006206516556246636,1.95773134824258e-05,-0.0006203428136332739
984011.1057611339,-17.31603286459739,-102.0768630795754,-103.2634372302635,-482.6316986450142,-0.0004239114888311986,0.001981273599033154,-7.806133496102861e-05,3.351230417213281e-10,0.3156505161520632,0.009919991691519761,-0.3154945991802461,0.0006208759215462231,1.951235200970208e-05,-0.000620569237132265
986279.4856312105,-17.37020353516828,-102.1128301781789,-103.2072650656542,-480.8934585487303,-0.0004266345127445746,0.001987900233956174,-7.760130079112934e-05,3.355608316738914e-10,0.3146989421845727,0.009861450492802539,-0.3145443943329256,0.0006210756399580741,1.946211395950619e-05,-0.0006207706312878844
988553.094656939,-17.42492863407773,-102.1467426974419,-103.1223349301254,-479.1153458732754,-0.0004293441357530367,0.001994770233231846,-7.713655039780887e-05,3.360315461868928e-10,0.3137480937358009,0.009814693414212381,-0.313594544142646,0.0006213351808980539,1.943665771915011e-05,-0.0006210310969334193
990831.9448927676,-17.47822865892209,-102.1763646703717,-102.995866165014,-477.3279551452136,-0.0004319388218992281,0.002001793686308412,-7.667203699768579e-05,3.365140966864164e-10,0.3128112462487074,0.009792232076029818,-0.3126579408405273,0.0006216470467620723,1.946001694080052e-05,-0.0006213423842686654
993116.048420934,-17.53823031413178,-102.209367908825,-102.8635029319591,-475.3862281852398,-0.0004348066670141803,0.002009469787922669,-7.618451863082163e-05,3.37111474737736e-10,0.3116325207064458,0.009744112751388298,-0.31148014419629,0.0006216731341118,1.943844981121388e-05,-0.0006213691594739193
995405.417351527,-17.58452526246532,-102.2243060196252,-102.6113021475035,-473.6232449829219,-0.0004369263396622659,0.002016722003116959,-7.572741647601011e-05,3.375880948088661e-10,0.3106694601788175,0.00980105972516401,-0.3105148188348853,0.0006219397262876626,1.962107379106059e-05,-0.0006216301445377777
997700.0638225536,-17.6294380083328,-102.2379728457239,-102.3534441205559,-471.8890900119703,-0.0004389921156120295,0.002023923979681565,-7.527661267133985e-05,3.380494198815873e-10,0.3096905723928313,0.009864171024795362,-0.3095334372228516,0.0006221418528016537,1.981627529150006e-05,-0.0006218261816947289
1000000,-17.68282465023433,-102.2657822999482,-102.2031875235267,-470.0947983827279,-0.0004416071869244783,0.002031220811521542,-7.481791088439908e-05,3.385592515370044e-10,0.3085964396070827,0.009847187986450028,-0.3084392896939807,0.0006221597153315228,1.985286571117371e-05,-0.0006218428861894744
