Frequency (Hz),Trace M (dB),Trace th (deg),Trace Rs (Ohm),Trace Xs (Ohm),Trace Gp (S),Trace Bp (S),Trace Ls (H),Trace Cs (F),Trace Vrms (V),Trace Vreal (V),Trace Vimag (V),Trace Irms (A),Trace Ireal (A),Trace Iimag (A)
10000,32.5276354434292,-88.66576412166644,1006.450641999078,-43211.96208864258,5.387024862097153e-07,2.312919326566742e-05,-0.6877397367107048,3.683122343887415e-10,0.7074634626785573,0.01824882597093428,-0.7072280617847521,1.636744521184386e-05,4.22193759842904e-07,-1.636199911966323e-05
10023.05238077899,32.47349843830105,-88.65159172824102,1010.95243712895,-42948.87165350289,5.477553741095693e-07,2.327060541736209e-05,-0.6819803952120133,3.697161084032999e-10,0.707466326983298,0.01842792971657714,-0.7072262828979136,1.646767776764101e-05,4.28946505187508e-07,-1.646209026686907e-05
10046.15790278395,32.46822597310553,-88.60592933660271,1044.540876614331,-42921.76489350817,5.666477494148064e-07,2.328441329807138e-05,-0.6799824485276073,3.69098738006246e-10,0.7074841653507317,0.01899613589223265,-0.7072290937476945,1.64781786328927e-05,4.424434296868469e-07,-1.647223770072082e-05
10069.31668851804,32.45251667080353,-88.5870339814919,1056.816816277011,-42845.23977483852,5.753477413366337e-07,2.332562422532306e-05,-0.677208981409704,3.689075589277116e-10,0.7073841812959463,0.01923076332144963,-0.7071227317020792,1.650514349710781e-05,4.487045605090386e-07,-1.649904318672748e-05
10092.52886076684,32.42561147684925,-88.64662094993159,1009.220663123005,-42717.76625785823,5.527474242768769e-07,2.339640490200204e-05,-0.6736412401267818,3.691574153272379e-10,0.707396279138361,0.01849979097265044,-0.707154334974174,1.655509486107155e-05,4.329479861489632e-07,-1.654943267608794e-05
10115.79454259898,32.39243450595556,-88.66443426705993,992.2342197328376,-42559.14519076377,5.475104458706946e-07,2.348394773720335e-05,-0.6695962736640805,3.696810892658313e-10,0.7074879440133636,0.01828643518356068,-0.707251579858634,1.66190711527354e-05,4.295529980645701e-07,-1.66135188988226e-05
10139.11385736679,32.38704491390704,-88.54013172348459,1083.850319529833,-42528.91222388077,5.988510062667792e-07,2.349815414710638e-05,-0.6675816742933623,3.690930409459118e-10,0.7075373711942242,0.01982629092062293,-0.7072595349832792,1.663116656931622e-05,4.66030997339485e-07,-1.662463583257872e-05
10162.48692870695,32.34158486138061,-88.60266006977993,1032.168315050805,-42314.08658116097,5.761323288229416e-07,2.361873823148688e-05,-0.6626818896845641,3.701137001712619e-10,0.7074940383755703,0.01905741228382949,-0.7072373218192159,1.671503276290633e-05,4.502444592067713e-07,-1.670896765787718e-05
10185.91388054117,32.33411089800517,-88.64970163623985,996.6073256956557,-42280.15315765958,5.571982418034533e-07,2.363862515879491e-05,-0.6606275537611769,3.695588268549691e-10,0.7074503425752282,0.01847976133905871,-0.7072089405760218,1.672774394575211e-05,4.36956062150061e-07,-1.67220359679794e-05
10209.3948370768,32.30632991436507,-88.63836966215067,1001.82753241504,-42147.77046439567,5.636356441491925e-07,2.371265011841406e-05,-0.6570444298373159,3.698669494712455e-10,0.7075527680578656,0.01862649866254474,-0.7073075520125046,1.678263506555639e-05,4.41806948845117e-07,-1.67768187199956e-05
10232.92992280754,32.30079502004989,-88.70457295060032,952.5590158967884,-42123.80098867487,5.365556375011498e-07,2.372741480187612e-05,-0.6551604672112797,3.69226258405122e-10,0.7074805273520466,0.01781157798170148,-0.7072562790616509,1.679092000710611e-05,4.227293466442811e-07,-1.67855978322049e-05
10256.51926251407,32.26564695024321,-88.60292468676225,1023.190832893666,-41953.99974723279,5.809672604538948e-07,2.382146078195587e-05,-0.6510187590299047,3.698680012418445e-10,0.7076289940334086,0.01907448114027085,-0.7073718663941642,1.686171282262014e-05,4.545156090827821e-07,-1.685558586562961e-05
10280.16298126474,32.24073957677434,-88.68298995739161,961.8955710495899,-41839.35424852199,5.491974265038227e-07,2.388831633229907e-05,-0.6477465441511842,3.700284859164411e-10,0.7076401908044386,0.01809046518680282,-0.7074089161942104,1.690874320326098e-05,4.322635065759227e-07,-1.690321700075779e-05
10303.86120441616,32.21565272164232,-88.62180917064613,1003.708419358515,-41719.30573043557,5.763444533642383e-07,2.395585211022814e-05,-0.6444024815197503,3.702397628692766e-10,0.7076011651619838,0.01884899978815808,-0.7073500718495638,1.695603722786676e-05,4.516730014751988e-07,-1.695002035316011e-05
10327.61405761398,32.19875097545116,-88.55648662072439,1049.245638316175,-41637.73431542233,6.048216095620189e-07,2.400143547661885e-05,-0.6416633308020346,3.701118940405977e-10,0.7075188875370557,0.01965736502501192,-0.7072457594230922,1.698680266005982e-05,4.719531681465548e-07,-1.698024513424031e-05
10351.42166679344,32.17258793746358,-88.56638609305223,1038.992898729398,-41515.69962106088,6.024429582433885e-07,2.407219618521168e-05,-0.6383112410352568,3.703460957490432e-10,0.7076169952306159,0.01954210497577579,-0.7073470987233363,1.703917113504035e-05,4.705670910471094e-07,-1.703267212101542e-05
10375.28415818013,32.16364279664994,-88.70931265845101,934.5422851074115,-41478.88447986403,5.429057198480395e-07,2.409642024324883e-05,-0.6362784284518339,3.698222730161834e-10,0.7075466459415047,0.01778001137206274,-0.7073232128091672,1.705361025352747e-05,4.285419003562229e-07,-1.704822496680684e-05
10399.20165829059,32.12977117214385,-88.61704230831606,997.4925898205967,-41317.97842533,5.839538193413141e-07,2.418844165376001e-05,-0.6323524363731307,3.704086048624186e-10,0.7075508810701224,0.01892343692584537,-0.7072977822940067,1.711948155212034e-05,4.578602585650887e-07,-1.711335772421693e-05
10423.17429393304,32.10474174863353,-88.68204347109072,947.9706459613145,-41204.04266669164,5.58065811704137e-07,2.425662399383782e-05,-0.6291583428275216,3.705785719775512e-10,0.70744309251783,0.01812250280489479,-0.7072109332040035,1.71646632402986e-05,4.397055551285149e-07,-1.71590303682244e-05
10447.202192208,32.06956803106695,-88.66477188081538,956.5923847822862,-41040.7654959843,5.67623196272284e-07,2.435278689114153e-05,-0.6252239189773648,3.711971891940875e-10,0.7075352132709842,0.01834234259174837,-0.7072974172769643,1.723507481072977e-05,4.468069445071428e-07,-1.722928226264205e-05
10471.285480509,32.07417529143944,-88.57127959660141,1024.049021097301,-41058.7860451005,6.070695726789965e-07,2.434018214519556e-05,-0.6240598414200272,3.701809169771122e-10,0.7075772086435095,0.01950188305586352,-0.7073084070962369,1.72278544613637e-05,4.748253602642851e-07,-1.722130977072241e-05
10495.42428652322,32.05366413580894,-88.68828775252706,938.0776764377694,-40968.20880560075,5.586209326325018e-07,2.43963795174972e-05,-0.6212510102526047,3.701460807889399e-10,0.7076067126156497,0.01806243415733599,-0.7073761433714305,1.726750690912751e-05,4.40771972688833e-07,-1.726188039944833e-05
10519.61873823223,32.02095707910843,-88.62192318222489,981.8834879063375,-40815.52664976053,5.890577643857208e-07,2.448630940092476e-05,-0.6175121915397473,3.706762211731403e-10,0.7074719137155286,0.01888246082985516,-0.7072198819103727,1.732832770310539e-05,4.624939347519425e-07,-1.732215461039785e-05
10543.86896391259,32.0087262996654,-88.6355510226192,970.844745632363,-40759.89043188056,5.84033086722462e-07,2.452001180466296e-05,-0.6152521493126194,3.703284894894967e-10,0.7075530881104358,0.01872070135703048,-0.7073053851310021,1.735406990191301e-05,4.591604014199947e-07,-1.73479945205851e-05
10568.17509213659,31.97819243112373,-88.6826460588029,934.1472086651661,-40621.77907529475,5.658063733926168e-07,2.460432497806346e-05,-0.6117571747870245,3.707329540871829e-10,0.7076068490969725,0.01814501107453024,-0.7073741665215452,1.741473043709413e-05,4.465622075935101e-07,-1.740900394598731e-05
10592.53725177289,31.95828428985689,-88.52410908018072,1044.132365736228,-40525.45115809047,6.35347960558983e-07,2.465948148812575e-05,-0.6089028265404265,3.707594875487891e-10,0.7074848283514458,0.02010309727555861,-0.707199157117289,1.745193698520686e-05,4.958947143475035e-07,-1.74448901678375e-05
10616.95557198725,31.93012371613126,-88.56490915015962,1012.08215314325,-40398.77268321998,6.197363049273979e-07,2.473770140945957e-05,-0.6056033976769115,3.710666814284339e-10,0.7075988324198907,0.01960699363559988,-0.7073271332577071,1.750979858712465e-05,4.851824137192261e-07,-1.750307528941957e-05
10641.43018224316,31.88115745048342,-88.69483116282866,915.4708289548147,-40181.42351545674,5.667199432372735e-07,2.487421044302488e-05,-0.6009598393667998,3.722158075298403e-10,0.707572215324861,0.01800670243298612,-0.7073430557849716,1.760480478238838e-05,4.480171412069015e-07,-1.759910316087696e-05
10665.96121230258,31.87276579527582,-88.5866823721889,990.3324023697123,-40139.85033687123,6.142783543031647e-07,2.489774256391905e-05,-0.5989573249819452,3.717443553105252e-10,0.7074300331567329,0.01934228563524506,-0.7071655589736684,1.761870758478478e-05,4.817240697402846e-07,-1.761212079446384e-05
10690.54879222658,31.86261371048898,-88.56836207292805,1002.014731424984,-40093.42411194687,6.229549410117106e-07,2.492617710030664e-05,-0.5968885935524654,3.713188387729365e-10,0.7075815482367785,0.01957695808974476,-0.707310674397827,1.764274669774954e-05,4.88129337954764e-07,-1.763599276452506e-05
10715.19305237607,31.84305175973225,-88.61372232892045,968.1607587059028,-40006.92047004074,6.045371133282899e-07,2.498104575777353e-05,-0.5942309316843698,3.712658544784525e-10,0.7075377235914398,0.01902018272675458,-0.7072820250465847,1.768014303770006e-05,4.752814443663415e-07,-1.767375357365195e-05
10739.89412341244,31.80888686674659,-88.63155346471099,952.0543744348639,-39854.18754614072,5.990541342925525e-07,2.507715573762093e-05,-0.5906008828385318,3.718314938949199e-10,0.7074432991799448,0.01880194408701803,-0.7071934024389321,1.77456624719172e-05,4.716320784589319e-07,-1.77393940074e-05
10764.65213629835,31.80108323554576,-88.54969745196912,1008.070530181929,-39816.41669838639,6.354600898797878e-07,2.509918004376285e-05,-0.5886840980570673,3.713282225827122e-10,0.7074169955009807,0.01981592035658115,-0.7071394026810104,1.776121141046044e-05,4.975209147991082e-07,-1.775424185107344e-05
10789.46722229829,31.77806344245311,-88.52580481111643,1022.015599571822,-39712.69103659338,6.476067273941181e-07,2.516420090749761e-05,-0.5858001096562677,3.71441833694646e-10,0.7075018394424902,0.02011761775119987,-0.7072157621762427,1.780954782894684e-05,5.064095322024777e-07,-1.78023465660356e-05
10814.33951297938,31.74978997456405,-88.54176986959007,1007.749625808559,-39587.25831614354,6.426291941621697e-07,2.524429407788812e-05,-0.5826068098664843,3.717617524179537e-10,0.7076248223602003,0.01992843635432459,-0.707344150074613,1.786921033375265e-05,5.032404313495968e-07,-1.786212269077076e-05
10839.26914021203,31.71888920929291,-88.57440459976463,981.8000549192,-39451.15886384974,6.304267475656532e-07,2.533210875841672e-05,-0.5792684785906612,3.721862860702207e-10,0.7074156041151891,0.0195241948183106,-0.7071461254665506,1.792581113304981e-05,4.947403291671198e-07,-1.791898258229155e-05
10864.25623617066,31.70406285280962,-88.50654241288031,1026.782985267585,-39383.1119589758,6.615512585764937e-07,2.537434653373186e-05,-0.5769393510569331,3.719718730300792e-10,0.7074742888178135,0.02036786371075617,-0.7071810372642433,1.795773108749921e-05,5.169949284740474e-07,-1.795028752011699e-05
10889.30093333433,31.69562653375191,-88.46853379329217,1051.893040538088,-39344.4385383844,6.790387532412403e-07,2.539839837557493e-05,-0.5750471875922106,3.714811484479211e-10,0.7074452181972989,0.0208405761818361,-0.7071381810754055,1.797432878839993e-05,5.295044178636995e-07,-1.796652777987348e-05
10914.40336448757,31.67716216271564,-88.48284288288671,1039.913756339955,-39263.39754303214,6.740886644390037e-07,2.545115981951483e-05,-0.5725428677016038,3.713917518349691e-10,0.7075217881011981,0.02067066822785791,-0.7072197707310865,1.801349727553629e-05,5.262749954391157e-07,-1.800580791647319e-05
10939.56366272094,31.66004375554472,-88.42566337563665,1076.995883672858,-39185.89402621458,7.008524377372297e-07,2.550012471684376e-05,-0.5700984907652178,3.712704393790752e-10,0.7074866901644666,0.02137984924921906,-0.7071635728782646,1.804774342306936e-05,5.453926399436696e-07,-1.803950081164217e-05
10964.78196143185,31.61926252200449,-88.34842642931218,1124.615239926963,-39003.92956184198,7.386289589067395e-07,2.561714519127995e-05,-0.5661460676199911,3.721446399566995e-10,0.707393517949069,0.02233464925635987,-0.7070408422990536,1.812886493206749e-05,5.723855667317578e-07,-1.811982666826986e-05
10990.05839432521,31.61686884138879,-88.53073266124233,1000.317535320293,-38999.98851016961,6.572389664144398e-07,2.562417555780592e-05,-0.5647868945924496,3.713262507412889e-10,0.7074062000112482,0.02008969402711993,-0.7071208779326564,1.81325932464742e-05,5.149491907677592e-07,-1.812527972675206e-05
11015.39309541415,31.58118953776706,-88.50742349905228,1012.10802924594,-38843.16830825261,6.703518647316481e-07,2.572708599784764e-05,-0.5612221178182499,3.719679189698496e-10,0.7074547208140172,0.02038326031345271,-0.7071610175207858,1.820685626864313e-05,5.245778703495764e-07,-1.819929760306615e-05
11040.78619902073,31.57939647953575,-88.5696588335379,969.7470907274544,-38837.49833704918,6.42518009872626e-07,2.573226811253769e-05,-0.5598496090987513,3.711665960083563e-10,0.7075473013505549,0.01962219824049284,-0.7072751607293046,1.821240168098746e-05,5.050791028920385e-07,-1.820539672980121e-05
11066.23783977666,31.54803442589127,-88.54714600848912,981.5333371336158,-38700.14757487876,6.549385276009481e-07,2.582308385433895e-05,-0.5565866082137348,3.716272148239854e-10,0.7075684744401205,0.01990521663390387,-0.7072884336480251,1.827740522457079e-05,5.141773886811526e-07,-1.827017141014656e-05
11091.74815262401,31.53892061947238,-88.51444076977953,1002.582005372029,-38659.41086964274,6.703744484476119e-07,2.584953759411389e-05,-0.5547219655784011,3.711631912416088e-10,0.7075626207051143,0.02031330565926412,-0.7072709748266804,1.829624517408532e-05,5.252640681720297e-07,-1.828870375748177e-05
11117.31727281591,31.50707834620986,-88.59854950195344,942.489094664142,-38524.28444297668,6.346690396183195e-07,2.59421257474813e-05,-0.5515116774772889,3.716084243215826e-10,0.7074773259970631,0.01927724515385733,-0.7072146453653465,1.83588859311965e-05,5.002404060774752e-07,-1.835206942474914e-05
11142.9453359173,31.48673978341703,-88.47490711801868,1023.223610738134,-38432.11688522804,6.922679100987427e-07,2.600147314585014e-05,-0.5489268044826148,3.716428869748099e-10,0.7075518071373578,0.02081008569429314,-0.7072457141027699,1.840383659729335e-05,5.412825079804984e-07,-1.839587493832322e-05
11168.63247780561,31.47339653559484,-88.4983647602558,1005.990892042419,-38375.38777469571,6.826375133121829e-07,2.604047361673768e-05,-0.5468559082365942,3.713362563113899e-10,0.7075355716580799,0.02052461872394949,-0.7072378137428473,1.843081850421726e-05,5.34652302615508e-07,-1.84230621138481e-05
11194.37883467151,31.43363347893918,-88.50027159149344,1000.238351333487,-38204.48206965027,6.848213359639198e-07,2.615700989255958e-05,-0.5431683400617152,3.721395389369615e-10,0.7075628106031469,0.02050644273216613,-0.7072655913835318,1.851399631999377e-05,5.365689089225262e-07,-1.850621932061545e-05
11220.18454301964,31.44084493676736,-88.56792475040582,955.9299322497409,-38237.75648741322,6.533861328134343e-07,2.613582752867032e-05,-0.5423910751541151,3.709605514799661e-10,0.7075240798049695,0.01967481602043115,-0.7072504684469505,1.84974315148542e-05,5.1437622024907e-07,-1.849027824968471e-05
11246.04973966926,31.41747157369309,-88.49457050974824,1002.21643843317,-38135.00248101542,6.88674670387578e-07,2.620452953745282e-05,-0.539689427858941,3.711046128301269e-10,0.7075998595732734,0.02058707091015302,-0.7073003137136704,1.854864975683281e-05,5.396586257970662e-07,-1.854079761955393e-05
11271.97456175511,31.38569634463181,-88.61902092469842,916.1602194524123,-38003.43510587245,6.339768508937638e-07,2.629812733625027e-05,-0.5365905075844932,3.71532900160692e-10,0.7076627170647326,0.01905701501474721,-0.7074060724238713,1.861553667740613e-05,5.013074073484857e-07,-1.860878547007274e-05
11297.95914672798,31.36983225137651,-88.67899211914704,874.8462653445262,-37937.78779524475,6.075147897394395e-07,2.634493406282197e-05,-0.5344316065555302,3.713198177834503e-10,0.707659011789402,0.0183210858500655,-0.7074218082445775,1.864811122342367e-05,4.82794172015138e-07,-1.864186047551714e-05
11324.00363235557,31.33011241217274,-88.57855784418939,937.1151241823347,-37765.67711897635,6.566456461037983e-07,2.646277582380857e-05,-0.5307834921143765,3.721541410575998e-10,0.707639522107253,0.01956518982727874,-0.7073689960658468,1.873179456431831e-05,5.179065117294686e-07,-1.872463351964286e-05
11350.10815672315,31.30894606468363,-88.69467718957038,858.5786484884126,-37679.89145541481,6.044151860771845e-07,2.652558230453132e-05,-0.5283598092184784,3.721435434884147e-10,0.707599428410624,0.01813515965114876,-0.707366996029267,1.877428263857849e-05,4.811685811436694e-07,-1.876811565900397e-05
11376.27285823431,31.29867726578535,-88.65273667238873,885.122036154137,-37635.11469073773,6.245633770694607e-07,2.655624124982279e-05,-0.5265181849542053,3.71729380373443e-10,0.7076040674984366,0.01865771663212908,-0.7073580465014923,1.879642385940516e-05,4.956138131115909e-07,-1.878988868648957e-05
11402.49787561169,31.27789510154038,-88.61295309057762,909.1140436046874,-37546.11435229285,6.445161809359949e-07,2.661830867266691e-05,-0.5240649687681175,3.717535574280723e-10,0.7077141848439694,0.0191565075008492,-0.7074548718114351,1.88435988289133e-05,5.100611942498453e-07,-1.883669435976342e-05
11428.78334789772,31.23908556096246,-88.68798511679735,856.2370781689465,-37385.39577369959,6.122972618139672e-07,2.673438939717469e-05,-0.5206215181186049,3.72493028549457e-10,0.7076785360436999,0.01823379024413743,-0.7074435944089726,1.892423702930535e-05,4.875950745260196e-07,-1.891795438689474e-05
11455.12941445536,31.22665110527548,-88.66212947915523,871.8796715066003,-37332.42137670444,6.252409582382223e-07,2.677176642344399e-05,-0.518688107721789,3.721636672175824e-10,0.7075427623735046,0.01855415277346653,-0.7072994443670859,1.894725633228673e-05,4.96860836294866e-07,-1.89407405301571e-05
11481.53621496883,31.20546558769734,-88.60804262692179,904.9439550358801,-37241.99406381544,6.520778978187235e-07,2.683556375460543e-05,-0.5162416714000099,3.722092870672979e-10,0.7075277606776751,0.0192261123048234,-0.7072664906067641,1.899243192306881e-05,5.160937130507646e-07,-1.898541855297778e-05
11508.00388944436,31.17301451671823,-88.66817981244355,862.731830011598,-37108.60529370567,6.261694586759903e-07,2.693336965284832e-05,-0.5132095905143541,3.726880775431043e-10,0.7076127201598578,0.01849068096349279,-0.7073710882199947,1.906346530045616e-05,4.981488388870642e-07,-1.905695560670727e-05
11534.53257821092,31.15475923284855,-88.68998385054621,846.8822790987209,-37033.37908881063,6.171763977214484e-07,2.698855326835883e-05,-0.5109912604966993,3.725862219276443e-10,0.7076677794199908,0.01822761779567103,-0.7074329932783144,1.91038426783765e-05,4.920635825125124e-07,-1.909750451003807e-05
11561.12242192099,31.12475017388356,-88.5646550138634,924.7137126611058,-36904.79262111824,6.785301929045507e-07,2.707974988739782e-05,-0.5080458414916018,3.730245047096794e-10,0.7075447534399528,0.01977629643408095,-0.7072683198191158,1.91660680182161e-05,5.35702993713411e-07,-1.915857994689096e-05
11587.77356155126,31.09891220456266,-88.65562109688635,863.6505817444247,-36800.97313253233,6.373534493229544e-07,2.715823697714109e-05,-0.5054514358192607,3.732164939354895e-10,0.7076446333494157,0.01866073873882292,-0.7073985467457157,1.922359085600747e-05,5.069301591224692e-07,-1.921690576583406e-05
11614.48613840343,31.08451960644433,-88.60145227450427,896.9702463776987,-36739.82756869847,6.641176556931314e-07,2.7202204592659e-05,-0.5034510434833623,3.729778300542851e-10,0.7076694129008377,0.01933494342890359,-0.7074052289303617,1.925582244458344e-05,5.261075734740041e-07,-1.924863394733394e-05
11641.26029410492,31.06001222927611,-88.6530276632794,861.5476098047986,-36640.65419679035,6.413761355431672e-07,2.727700817118561e-05,-0.5009372770827101,3.731272029044064e-10,0.7077710611920341,0.01870559953821311,-0.7075238339496516,1.931113072509806e-05,5.103716410294975e-07,-1.930438527044721e-05
11668.09617060962,31.03267488396249,-88.6444870818508,864.3514369098993,-36528.20178252633,6.474267968996597e-07,2.73607882936055e-05,-0.4982512820378565,3.734150678900635e-10,0.7076456367240116,0.01881249653516302,-0.7073955309080249,1.936707907539057e-05,5.148666070898287e-07,-1.936023409696627e-05
11694.99391019871,30.99506846491696,-88.66277204783414,849.112784030791,-36375.05854159585,6.413888288472679e-07,2.747639257825489e-05,-0.4950212387116739,3.741247422964705e-10,0.7075793028264208,0.01858977702579528,-0.7073350620310398,1.944693912404422e-05,5.109169540518361e-07,-1.944022646885432e-05
11721.9536554813,30.99428902905758,-88.68383728507911,835.6743674439765,-36372.54840801086,6.313358189551301e-07,2.747875671584017e-05,-0.4938486400922804,3.7329003889168e-10,0.7076613888474461,0.01833663349968027,-0.7074237832709575,1.945070260902928e-05,5.039986788510966e-07,-1.94441718084524e-05
11748.9755493953,30.97214575714659,-88.67928932918839,836.4799676937137,-36282.19573829769,6.350934645931693e-07,2.75470857455373e-05,-0.491488876940848,3.733589527230812e-10,0.7076175796437383,0.01839644708543752,-0.7073784063395595,1.949789707729307e-05,5.069009620144235e-07,-1.949130682769687e-05
11776.05973520807,30.95229220462356,-88.62662594832491,867.8720473308812,-36199.81147862258,6.619017550719914e-07,2.760858449660419e-05,-0.4892450501581731,3.733479945302073e-10,0.7076171266403026,0.01905142365018282,-0.7073606160732865,1.954183550918001e-05,5.261316793662382e-07,-1.953475161152084e-05
11803.2063565173,30.91448650424149,-88.55473647783451,909.3967801827573,-36044.32346619725,6.995250847347533e-07,2.772597063938512e-05,-0.4860232107084135,3.740961624925352e-10,0.7076886893193671,0.01994577747550454,-0.7074075536432032,1.962751363406937e-05,5.53189594875535e-07,-1.961971642832027e-05
11830.41555725165,30.89468726531873,-88.60826796333613,873.8008864367165,-35966.15926624812,6.750999682333674e-07,2.778751241273641e-05,-0.4838538429653916,3.740469075454404e-10,0.7077052633393646,0.01929012211004272,-0.7074423163390914,1.967108490739121e-05,5.361803134119609e-07,-1.966377614054085e-05
11857.6874816716,30.87342625251011,-88.61213571633151,869.3000515050131,-35880.65700777887,6.748295431208929e-07,2.78538202471247e-05,-0.4815933910384885,3.740759132428698e-10,0.7075997128331001,0.01924433963387678,-0.707337973668558,1.971505142145223e-05,5.361832948387036e-07,-1.9707758878798e-05
11885.02227437018,30.85415815418875,-88.51447003959861,928.4086712844093,-35800.00397757359,7.23904139431087e-07,2.791418463935894e-05,-0.4794057145376523,3.740563715306448e-10,0.7076374112110067,0.02045597471915939,-0.7073416846501445,1.975967455321464e-05,5.712012913896782e-07,-1.975141684876487e-05
11912.42008027375,30.8329938832364,-88.6783699688735,824.1041391758084,-35720.52175125285,6.455284824558225e-07,2.798021888553734e-05,-0.4772411960142034,3.740264694698417e-10,0.7076663021589051,0.01843809570816688,-0.7074260610395374,1.980583834916163e-05,5.160369258056365e-07,-1.979911459142369e-05
11939.88104464273,30.8035430377539,-88.76183277551586,769.5561847561727,-35605.41480218545,6.067438792071237e-07,2.807250195085052e-05,-0.4746092314837393,3.743726227464656e-10,0.7077029643661514,0.01741334824047859,-0.7074887003166157,1.987154336230432e-05,4.889482198982945e-07,-1.98655270566426e-05
11967.40531307244,30.78869424758245,-88.63934967012237,844.2123555889752,-35542.35112165581,6.679046248430902e-07,2.811958452727118e-05,-0.4726789744423736,3.741743205417262e-10,0.7078020057144929,0.01893326782997449,-0.7075487337722665,1.990862204361998e-05,5.325433811071115e-07,-1.990149816528772e-05
11994.99303149379,30.7592019632177,-88.75054242576704,772.7185854835326,-35428.57018485736,6.153292515059077e-07,2.821238673860961e-05,-0.4700821465084244,3.745126625280319e-10,0.7077733818409577,0.01756429840571915,-0.7075554080523313,1.997263463755832e-05,4.956463802156739e-07,-1.996648364212321e-05
12022.64434617413,30.74160809017415,-88.62786131438391,846.8534321395938,-35354.9183397106,6.771103829171219e-07,2.8268389058213e-05,-0.4680259894875667,3.744297027750664e-10,0.707722090952399,0.01908279606796782,-0.7074647729154181,2.001181060510606e-05,5.395921727045822e-07,-2.000453458548315e-05
12050.35940371797,30.71917076215791,-88.60639851959128,857.9282369481684,-35265.44268869748,6.894381730836496e-07,2.833959920327302e-05,-0.4657678112487194,3.745163582502067e-10,0.7077626385261629,0.01935384018717165,-0.7074979726921663,2.006355225944499e-05,5.486398446022395e-07,-2.005604955090595e-05
12078.1383510678,30.68733466090184,-88.6398327622595,834.3814899950584,-35140.94121373924,6.752943384233528e-07,2.844080187906196e-05,-0.4630560055286878,3.749788235538153e-10,0.7076153914935368,0.01894197822773805,-0.7073618195374778,2.013072877693392e-05,5.388744094392199e-07,-2.012351498772833e-05
12105.98133550482,30.67686095369517,-88.63017808153784,839.313284253214,-35099.41365152086,6.808886784087361e-07,2.847422270382595e-05,-0.4614450516194975,3.745590287118807e-10,0.7076716718146588,0.01906763400805256,-0.7074147442782693,2.015606790866966e-05,5.430887532044987e-07,-2.014875003927156e-05
12133.88850464977,30.64968652875122,-88.65217048056807,823.3392004193001,-34993.41613764677,6.71994560813639e-07,2.856099320524424e-05,-0.4589934341199829,3.748295230131734e-10,0.7077578967497187,0.01880334625295755,-0.7075080738629608,2.021976903666255e-05,5.3718838051431e-07,-2.021263190531648e-05
12161.86000646368,30.62808318197217,-88.58508141536525,862.1951490409629,-34906.67320624713,7.071699154449797e-07,2.863035029504038e-05,-0.4568026259729206,3.748967464955528e-10,0.7077076458535356,0.01963534656152764,-0.7074352020962501,2.026800317342597e-05,5.623356886873638e-07,-2.026020067055689e-05
12189.89598924867,30.5997268877876,-88.62178653845039,837.1847185842764,-34797.14903864246,6.910073287486318e-07,2.872136157229656e-05,-0.4543220286612707,3.752117830347813e-10,0.7076766123977938,0.0191862801797813,-0.7074164787363101,2.033122232820206e-05,5.512129709424974e-07,-2.032374880821564e-05
12217.99660164872,30.57370634188858,-88.56431115681772,869.5273311983092,-34694.02094605381,7.219402443982149e-07,2.880531647743976e-05,-0.4519337424396654,3.754615729922452e-10,0.7077162706158734,0.01990201059405736,-0.7074363785307864,2.039229683362546e-05,5.734610386543707e-07,-2.038423195972408e-05
12246.16199265049,30.55031099900567,-88.68409804538678,794.95369621038,-34607.04870425682,6.634124310410257e-07,2.888060829390784e-05,-0.4497640052785509,3.755394513818673e-10,0.7076801555522727,0.01842701083774776,-0.7074402079568806,2.044352824542006e-05,5.323211532562634e-07,-2.043659661761428e-05
12274.39231158407,30.51827618267114,-88.56717496325035,862.4236974494822,-34479.39260218911,7.249863716002921e-07,2.898469721039556e-05,-0.4470743339583161,3.760629296927569e-10,0.7076961751333455,0.01987610352015369,-0.7074170034761837,2.051867755141515e-05,5.762802929261794e-07,-2.05105833530627e-05
12302.68770812382,30.48661913284992,-88.56427807231891,861.1075720834709,-34357.28164284646,7.290328417068154e-07,2.908763954868322e-05,-0.4444663909536357,3.765315192518685e-10,0.7078560046400661,0.01992139451770614,-0.707575622351044,2.059622800723838e-05,5.796455508171584e-07,-2.058806982603198e-05
12331.04833228909,30.47763807706362,-88.58591486529419,847.2896934607521,-34323.43993721552,7.187630513571018e-07,2.911686594649698e-05,-0.4430073569350401,3.760359137911686e-10,0.7075736222584458,0.01965138488478829,-0.7073006814559474,2.060850381518196e-05,5.723583067994091e-07,-2.06005542515003e-05
12359.47433444511,30.45619549161204,-88.60249307227845,835.3572878271148,-34241.65857088501,7.120398208189842e-07,2.918682196066956e-05,-0.4409353564522764,3.760670982775151e-10,0.7077191391726801,0.01945577913115429,-0.7074516609703586,2.066211896400825e-05,5.680185834953004e-07,-2.065430984011893e-05
12387.96586530369,30.44154657616593,-88.56391014209929,856.991668092921,-34184.29739933049,7.329096136093079e-07,2.923482354758722e-05,-0.4391842830682109,3.758317563184858e-10,0.7076633929262747,0.01993566229543314,-0.7073825323378925,2.069481455209369e-05,5.829958682349657e-07,-2.068660110223933e-05
12416.52307592411,30.41370552292057,-88.59924896507114,833.3208461475903,-34079.04295028405,7.170969357378579e-07,2.932601216626628e-05,-0.4368250361404043,3.761254685569402e-10,0.707711110630508,0.01950574719281946,-0.7074422534287282,2.076044764252297e-05,5.721939888212928e-07,-2.075256081444153e-05
12445.14611771385,30.38712852291282,-88.58853301393435,837.1953700600869,-33977.45608167705,7.247387974853244e-07,2.941342193576355e-05,-0.4345212212004197,3.76382369362454e-10,0.7077749444157709,0.01964491461510513,-0.7075022609663612,2.082429995410514e-05,5.779967173822683e-07,-2.08162770055848e-05
12473.83514242943,30.36747404372749,-88.56056027861827,851.8949250024559,-33901.88113586952,7.407374425257056e-07,2.947827483456608e-05,-0.4325575816321591,3.76353825456283e-10,0.7076830690902237,0.01999282699443788,-0.7074006030148184,2.086775882934531e-05,5.895371957578431e-07,-2.085942962917579e-05
12502.5903021772,30.35243444434787,-88.58411243664288,836.55958297623,-33845.60849926276,7.298388614366633e-07,2.95278912278444e-05,-0.4308463897815394,3.761125327126707e-10,0.7077458462793744,0.01970889478905506,-0.7074713721359344,2.090452204057673e-05,5.821369742812663e-07,-2.089641496257511e-05
12531.41174941416,30.32476186695608,-88.49955769271652,883.726462905901,-33738.19907509887,7.758471991609237e-07,2.961967119449755e-05,-0.4284913193496673,3.764421413160372e-10,0.7076974603041088,0.02075663012268861,-0.7073930008325185,2.096885206329284e-05,6.150123898821324e-07,-2.095983102538167e-05
12560.29963694875,30.2966435938342,-88.50688591017872,876.6513575327911,-33632.42802063648,7.74489437726379e-07,2.97130210810189e-05,-0.4261655631144643,3.767575032941399e-10,0.7077557804755825,0.0206729875729692,-0.7074537952272282,2.103660054195497e-05,6.144624933887853e-07,-2.102762464488081e-05
12589.25411794167,30.26009208979317,-88.53009439364716,859.5153485236195,-33495.89055860259,7.655696543028708e-07,2.983476374164073e-05,-0.4234592856513383,3.774232088937862e-10,0.70780797366993,0.02039306835668488,-0.7075141343844177,2.112412935752254e-05,6.08619611516694e-07,-2.111535988994322e-05
12618.27534590671,30.24333650529114,-88.52711799060202,859.6406527955659,-33433.04557296957,7.685604599907363e-07,2.989076517134356e-05,-0.4216926893484558,3.772629803575138e-10,0.7077846561430808,0.02043430441481587,-0.7074896173617403,2.116311101212414e-05,6.109958008172259e-07,-2.115428920675128e-05
12647.36347471152,30.2364299634067,-88.51454982091552,866.2987752699063,-33406.80348568482,7.757216432582475e-07,2.991390642084981e-05,-0.4203925915687794,3.766909698415593e-10,0.7077359758728244,0.02059324649955909,-0.7074363079057135,2.117815814041767e-05,6.162284324382493e-07,-2.116919093256976e-05
12676.51865857846,30.20726938034808,-88.49386873476629,875.4862744244333,-33297.30628732246,7.890981151965162e-07,3.001171166243697e-05,-0.4180509673044959,3.770604926526711e-10,0.7077534844177066,0.02085429083258797,-0.7074461769345246,2.124812676044208e-05,6.260860947573011e-07,-2.123890079617507e-05
12705.74105208542,30.17152186380934,-88.43905816910153,903.6912960752056,-33162.59810191674,8.211086463640964e-07,3.013207735389686e-05,-0.4154020920191561,3.777213940978867e-10,0.7076983103295725,0.02153455328567541,-0.7073705969702998,2.133222775367973e-05,6.491184005368734e-07,-2.132234945396375e-05
12735.03081016662,30.13689158200636,-88.54891300922837,836.9061234301288,-33037.94763805305,7.662527215548336e-07,3.02488135568741e-05,-0.4128888853578326,3.782745045462489e-10,0.7078312125796946,0.02018724522974829,-0.7075432853416636,2.141781345331614e-05,6.108329850153577e-07,-2.140910124656024e-05
12764.38808811344,30.13959516596358,-88.45181681283525,893.1167514104707,-33044.77550265319,8.173075187408492e-07,3.023988009492534e-05,-0.4120244016637803,3.773265162626059e-10,0.707689677912121,0.0213871903389799,-0.7073664314291185,2.140815598106056e-05,6.469789246104688e-07,-2.139837752682499e-05
12793.81304157525,30.12327950184138,-88.39642897197902,923.3468098853349,-32982.67447472551,8.481113718180609e-07,3.029520543690598e-05,-0.410304235491401,3.77167500026797e-10,0.7077182775134963,0.02207710945085666,-0.7073738485164439,2.144875990908263e-05,6.690891490914379e-07,-2.143832132766085e-05
12823.30582656022,30.09369846823543,-88.4420949658186,894.1168411992456,-32875.23604986725,8.26676115724431e-07,3.03955492044824e-05,-0.4080271026377582,3.775298120245036e-10,0.7076078217586605,0.02151518972616212,-0.7072806557690403,2.151597006727834e-05,6.542044391049765e-07,-2.150602205169224e-05
12852.86659943615,30.07858892795369,-88.27941743517584,985.7018779196765,-32814.22287872194,9.145967108989957e-07,3.044711691016103e-05,-0.4063331502325614,3.773618636705543e-10,0.7076570418212934,0.0235301385022175,-0.7072657360719027,2.155572314001344e-05,7.167442998865228e-07,-2.154380369613247e-05
12882.49551693134,30.0616624550109,-88.23898922749734,1006.925557999727,-32750.7461922434,9.378743042220194e-07,3.050482039488619e-05,-0.4046143963017834,3.772236667436511e-10,0.7075206850739503,0.02402981323589723,-0.7071125001605897,2.159287676074692e-05,7.333676692890768e-07,-2.158041933481474e-05
12912.19273613534,30.02881630965639,-88.32205190891025,955.9693003279576,-32633.5164346581,8.968992702579288e-07,3.061706800224011e-05,-0.4022388417817993,3.777080646607866e-10,0.707571787337226,0.02301160974180583,-0.7071974972047678,2.167295295891727e-05,7.048465531956369e-07,-2.166148843676004e-05
12941.95841449986,30.02937816829494,-88.27518298992722,982.7006835788452,-32633.95011688523,9.219095953033794e-07,3.061517331588839e-05,-0.4013190513653289,3.768343522885068e-10,0.7075389840152332,0.02359429268167568,-0.7071454753119473,2.167113309103917e-05,7.226669744638646e-07,-2.16590803565976e-05
12971.79270983956,30.0029339525707,-88.31759577590522,955.7344577009853,-32539.03604680088,9.018895797642975e-07,3.070582765926188e-05,-0.3992315130325404,3.770643284325469e-10,0.7076967821513853,0.0230812705938908,-0.7073202884232834,2.17396716336611e-05,7.090314047683867e-07,-2.172810615784222e-05
13001.69578033291,29.99856032248286,-88.33175161167239,947.2387204948084,-32523.59990859713,8.947341019481033e-07,3.072084504858198e-05,-0.3981243508578549,3.763756527508575e-10,0.7077390845008217,0.0229131952399638,-0.7073680776045499,2.175144632156848e-05,7.042074505030568e-07,-2.174004390397432e-05
13031.66778452299,29.9686791794766,-88.28490206934778,970.5594399842794,-32413.51307673413,9.229554157421199e-07,3.082369425811196e-05,-0.3958642066722127,3.767853668967303e-10,0.7076600907801036,0.02349428775571681,-0.7072699785271223,2.182235775618456e-05,7.245014369353692e-07,-2.181032773038469e-05
13061.70888131842,29.95148146328529,-88.37336939050923,918.7855891519342,-32354.23719001854,8.770043719862036e-07,3.088294788571473e-05,-0.3942314765661293,3.766075017892867e-10,0.7075937494033531,0.02240543703894243,-0.7072389345799545,2.186127282562055e-05,6.922211682884368e-07,-2.185031073944691e-05
13091.81922999407,29.93225585627244,-88.41461639831518,893.5907003775183,-32286.13465907264,8.565919289889082e-07,3.094933995567181e-05,-0.3924968588436814,3.765338958985575e-10,0.7076574696576026,0.02190361184675715,-0.7073184050696456,2.190980023252767e-05,6.781582623094128e-07,-2.189930244552395e-05
13121.99899019203,29.90685271540623,-88.38844801101871,905.7477586534429,-32193.71033616121,8.732157864928912e-07,3.10374006700375e-05,-0.3904731390620019,3.767463899179286e-10,0.7077718408052704,0.02223561189210863,-0.7074224736327399,2.197597124445491e-05,6.904049290628406e-07,-2.196512356375522e-05
13152.24832192238,29.88044473280139,-88.47532138341438,854.4480940625573,-32101.6591741719,8.285584566725048e-07,3.112898415574356e-05,-0.3884611675484224,3.769577288237124e-10,0.707698354886602,0.02116614930866687,-0.7073817608849171,2.203761301865346e-05,6.59110487312326e-07,-2.2027754332329e-05
13182.56738556407,29.86046846224511,-88.46057821470562,860.7773401493949,-32029.58475068735,8.384451547978898e-07,3.119860257908425e-05,-0.3866975672610649,3.769370465596398e-10,0.7077165973545981,0.02135410509109482,-0.7073943626909455,2.208761983422806e-05,6.664551275401736e-07,-2.207756298834544e-05
13212.95634186575,29.83740257819045,-88.45279422322872,862.8976960692605,-31946.86761436583,8.448624653445588e-07,3.127915331754803e-05,-0.3848118290543557,3.770438397627819e-10,0.7077273225461208,0.02145593135530472,-0.7074020116510678,2.214506329063675e-05,6.713644403516959e-07,-2.213488418615599e-05
13243.41535194664,29.79580797799204,-88.49985636299,832.7981671277091,-31800.23238908596,8.229651061671006e-07,3.142475891185453e-05,-0.3821645732382836,3.7791126509022e-10,0.7078542083486898,0.02088402529179263,-0.7075460675917591,2.225165141719322e-05,6.564968400271244e-07,-2.224196490176422e-05
13273.9445772974,29.7952157229561,-88.4775806993558,845.0950598767769,-31797.40577644435,8.352481525471341e-07,3.142690768354419e-05,-0.3812517279509598,3.770756102462457e-10,0.707867018535244,0.02116491246250384,-0.7075505370010188,2.225380336180626e-05,6.653789310385176e-07,-2.224385386896951e-05
13304.54417978091,29.77950199346943,-88.55134976845429,802.7764371991203,-31743.96355826459,7.961495491731405e-07,3.148191838322761e-05,-0.3797355734520169,3.768417220630558e-10,0.7076484406966405,0.02025309497996836,-0.7073585567193762,2.228512884275474e-05,6.378065789968001e-07,-2.227599987219357e-05
13335.21432163324,29.74101702426253,-88.51949312947389,816.8917577714863,-31606.76490974652,8.171737642709154e-07,3.161767616334369e-05,-0.3772247486393247,3.776070425178039e-10,0.7077680280180793,0.02065532242555622,-0.707466563973236,2.238532770367797e-05,6.532877200118362e-07,-2.237579298161149e-05
13365.95516546442,29.72689302956717,-88.48276554279475,835.815127473949,-31555.75913562371,8.387806182717666e-07,3.166771967600979e-05,-0.3757498051787939,3.773475192441794e-10,0.7077176407982199,0.02111277362180477,-0.7074026504664741,2.241953781835057e-05,6.688241176671216e-07,-2.240955935060032e-05
13396.76687425935,29.69466727627596,-88.47971597545387,834.4837589047387,-31442.26695023444,8.43498638700985e-07,3.178193594205506e-05,-0.3735373059868525,3.778385631475096e-10,0.7076283463514402,0.02115322830423238,-0.7073121075539305,2.249759081259773e-05,6.725234753636178e-07,-2.248753664913449e-05
13427.64961137864,29.68128902707366,-88.53176822672677,804.7382961970384,-31396.9605157943,8.158197939925266e-07,3.182930647271595e-05,-0.3721411869367864,3.775135330889655e-10,0.7077580943898187,0.02051988484949297,-0.7074605674523995,2.253471974703462e-05,6.533444943832178e-07,-2.252524661461116e-05
13458.60354055948,29.66665817247222,-88.51908263461918,810.3585439070147,-31345.29021765697,8.242186879512848e-07,3.188141122334359e-05,-0.3706742579760064,3.772661468022552e-10,0.7078235527990517,0.0206839309034155,-0.7075212766408193,2.257382485224189e-05,6.59649472842747e-07,-2.256418469683033e-05
13489.62882591653,29.62979371688559,-88.56055467003266,784.4517164178596,-31217.7997562763,8.044285853005715e-07,3.201279309937925e-05,-0.3683175577165492,3.779356334809162e-10,0.7076527635397959,0.02017244789860011,-0.7073651858066585,2.266096263265764e-05,6.459765461139234e-07,-2.265175361292314e-05
13520.72563194277,29.62449093728317,-88.48366544341773,825.8195314029065,-31196.8927958595,8.479265903573509e-07,3.203202870874101e-05,-0.367224351172308,3.773191010804203e-10,0.7078485017032966,0.02113305889229371,-0.7075329640274415,2.268163549867799e-05,6.771679781954524e-07,-2.267152470444359e-05
13551.89412351036,29.59551355639401,-88.56483385250613,779.1335917894206,-31098.65009374739,8.051120731647101e-07,3.213556559934327e-05,-0.3652259854449819,3.776405258731095e-10,0.7077428134734631,0.02013323781510721,-0.7074563892978941,2.275072071979384e-05,6.471922596694386e-07,-2.274151348193609e-05
13583.13446587154,29.5596328331531,-88.62945685779776,741.1094196242627,-30976.29065884771,7.7192479149744e-07,3.226428658850134e-05,-0.3629522912692883,3.782602636192555e-10,0.7076775471618364,0.0193390619554699,-0.7074132536499974,2.283911225363544e-05,6.241359622788481e-07,-2.283058262144772e-05
13614.4468246595,29.53931526156746,-88.64932968794491,728.7186504093778,-30906.70482213686,7.624530550519775e-07,3.233746178993731e-05,-0.3613040552052121,3.7823997595183e-10,0.7077585821854907,0.01910144570766491,-0.7075007741544126,2.28933432062051e-05,6.178603316542457e-07,-2.288500408056912e-05
13645.83136588925,29.52233699125367,-88.61283391657061,746.9725676461532,-30847.07273169456,7.845527510160056e-07,3.239898869205336e-05,-0.3597775740829313,3.780995619342189e-10,0.7077515432614742,0.01955747996134583,-0.7074812732267617,2.293702164581998e-05,6.338246033966624e-07,-2.292826265448264e-05
13677.28825595849,29.49094072028975,-88.66909911564221,714.195425337661,-30740.84934450706,7.553547881697284e-07,3.251245656439128e-05,-0.357714046561102,3.785334553381701e-10,0.7078170322502348,0.01887004862571531,-0.707565454504665,2.301894468762913e-05,6.136735706787151e-07,-2.301076311817537e-05
13708.81766164854,29.46761014192159,-88.55124796754868,775.3507222652347,-30657.32090430169,8.244267933404624e-07,3.259778580163223e-05,-0.3559215888853947,3.786918266437019e-10,0.7079513072464785,0.02033485018684315,-0.7076592027945913,2.308488770858451e-05,6.630791246928627e-07,-2.307536276187988e-05
13740.41975012515,29.44684393800477,-88.59598576232962,749.6920273176645,-30587.71763744879,8.008071399254578e-07,3.267323352194823e-05,-0.3542967790234199,3.786806022842243e-10,0.7078445841764026,0.01978492033749604,-0.7075680266059958,2.31343792714309e-05,6.466276089054788e-07,-2.312534058148794e-05
13772.09468893947,29.40923238063218,-88.62262311566084,732.4020426528531,-30460.40803846318,7.889093550981786e-07,3.281053227897868e-05,-0.3520106866394802,3.793887205593348e-10,0.7077368619485227,0.01945862858387098,-0.7074693120795963,2.322779579450164e-05,6.386286704677573e-07,-2.32190148561976e-05
13803.84264602885,29.38850058097091,-88.65221655315344,715.0251105164054,-30390.90919872224,7.737373675296202e-07,3.288637242861074e-05,-0.3503997798341381,3.793817527654131e-10,0.7077693712093208,0.01909973273456753,-0.7075116133545126,2.328226859127031e-05,6.28290973919758e-07,-2.327378957557499e-05
13835.66378971781,29.37256805095261,-88.59828257712819,742.288670984745,-30335.30298879268,8.061506344947191e-07,3.294516635901526e-05,-0.348954231198124,3.792030262672579e-10,0.7078673986810518,0.01977411376385663,-0.7075911521071565,2.332764913469484e-05,6.516525392923638e-07,-2.331854547606824e-05
13867.55828871888,29.34616684629335,-88.59202024303792,743.4085127275902,-30245.88657337652,8.12143186760361e-07,3.304238556264084e-05,-0.3471254460322424,3.794493493654676e-10,0.7078727430198324,0.01985726842542632,-0.7075941698467436,2.339672632721225e-05,6.56325701952725e-07,-2.338751888087796e-05
13899.52631213353,29.31030934320917,-88.54720369678272,763.9844093701295,-30123.76941742642,8.413692112431887e-07,3.317503839549257e-05,-0.3449287910738853,3.801113319021134e-10,0.7078628974091232,0.02041613515628162,-0.7075684157406401,2.349078686716666e-05,6.775197306750358e-07,-2.348101434464013e-05
13931.56802945303,29.28489073989254,-88.57526688390931,747.1205393961444,-30039.33150544595,8.274496616930824e-07,3.326910904063397e-05,-0.3431708538594082,3.803031021454983e-10,0.7077097413408124,0.02007091805860381,-0.7074250746453397,2.355200962081189e-05,6.679439713789677e-07,-2.354253614269105e-05
13963.68361055938,29.27070586540381,-88.60251266144498,731.6887669534393,-29992.661389744,8.129016170922253e-07,3.332165812267271e-05,-0.3418496472556478,3.800188393319607e-10,0.707847066485923,0.01974404977011986,-0.7075716515176408,2.359351063915182e-05,6.580961769381435e-07,-2.358433068165534e-05
13995.87322572618,29.23488055581173,-88.61307874683641,723.2665463049163,-29873.38051866638,8.099815710711119e-07,3.345500743720775e-05,-0.3397070050385652,3.806587006276757e-10,0.7079092240978624,0.01962100548489508,-0.7076372557367223,2.368990230636598e-05,6.566091912168359e-07,-2.368080099268548e-05
14028.13704561958,29.21912541857824,-88.49666613307863,782.5317379345472,-29817.37958049066,8.795570075080573e-07,3.351440444418349e-05,-0.3382903470966793,3.804964924446403e-10,0.7078497099144644,0.02106269071293084,-0.7075362710744396,2.373118258493175e-05,7.061422107510763e-07,-2.372067431709232e-05
14060.47524129914,29.20376276213561,-88.57110531894882,742.5510683703675,-29768.61919817368,8.374112843349979e-07,3.357153291871408e-05,-0.3369603667800263,3.8024318675361e-10,0.7078297819744921,0.02014861345861379,-0.7075429553219736,2.377017429226983e-05,6.766260276910511e-07,-2.376054214666695e-05
14092.88798421875,29.17590407254286,-88.53393254499272,759.4847896711773,-29675.15277854251,8.618839167401617e-07,3.36761673893514e-05,-0.3351298369078787,3.805635311207114e-10,0.7077009548439891,0.0206096602668753,-0.7074007940275285,2.384031068574464e-05,6.942772939995098e-07,-2.383019917314723e-05
14125.37544622754,29.13559771174298,-88.59087598281603,726.7429393480835,-29543.82090278269,8.321177468034068e-07,3.382755627958308e-05,-0.3328793030952888,3.813760968717225e-10,0.7077629636329998,0.01991411459698204,-0.7074827494224756,2.394898341109099e-05,6.738453756913296e-07,-2.393950164131181e-05
14157.93779957082,29.10922033237842,-88.56958199410575,735.5474284834775,-29456.42952541041,8.471879305058026e-07,3.392729089023392e-05,-0.3311313011241818,3.816278210383753e-10,0.7077759886884277,0.02018320479116262,-0.7074881542529453,2.402025537823237e-05,6.849705855849638e-07,-2.401048695325408e-05
14190.57521689092,29.08629564689449,-88.47285413107691,783.2261485713261,-29378.28421132334,9.068297384731302e-07,3.401457144496435e-05,-0.329493278484247,3.817628847279347e-10,0.7077001826769018,0.02138107782172467,-0.7073771257766974,2.408051878047435e-05,7.275219911422369e-07,-2.406952630379714e-05
14223.2878712282,29.06836621341989,-88.56563651975627,734.2227079673494,-29322.46557590451,8.534039187232168e-07,3.408217528218473e-05,-0.3281108687596405,3.816099119323348e-10,0.7076231565653571,0.02023916049021705,-0.7073336610752885,2.412474199863145e-05,6.900064258288369e-07,-2.41148723329162e-05
14256.07593602188,29.03300507905199,-88.46780556010962,781.1584851462568,-29204.13602403579,9.152501676889915e-07,3.421724387747816e-05,-0.3260352026611325,3.822748873983337e-10,0.7075835906620919,0.02145150623661918,-0.7072583478860035,2.422006486867792e-05,7.342692502176483e-07,-2.420893204813363e-05
14288.93958511103,29.00277770349334,-88.49513061398289,764.662797145647,-29106.76266419423,9.019501204239456e-07,3.433258187546e-05,-0.3242007657612432,3.826715953680373e-10,0.7078244766041345,0.02112722954131746,-0.7075091023102286,2.430966988992815e-05,7.255979311455836e-07,-2.429883861009815e-05
14321.87899273543,29.00125513971583,-88.41442101690795,805.4874059714284,-29099.30534760015,9.50519157231653e-07,3.43387705257412e-05,-0.3233722536658875,3.818893173165878e-10,0.7077910750283052,0.0221286464341898,-0.7074450712929694,2.431382766505521e-05,7.601566547590514e-07,-2.430194184805464e-05
14354.89433353656,28.9747270487498,-88.36725922790714,826.9677312849788,-29011.91375154607,9.817097093413823e-07,3.44406152005618e-05,-0.3216595939217005,3.821587026595112e-10,0.7077006367099112,0.02271391851106013,-0.7073360369057176,2.438338673889969e-05,7.825939820908395e-07,-2.437082467865921e-05
14387.98578255845,28.94595685398611,-88.36272063454378,826.6092835601955,-28918.90785135359,9.876016751928325e-07,3.455122317975289e-05,-0.3198909981507863,3.825059932481191e-10,0.7076932974551671,0.02277558957378771,-0.7073267107797739,2.446149625556907e-05,7.872407455051252e-07,-2.44488251470257e-05
14421.15351524869,28.93319107228184,-88.28060270036322,866.7789103379293,-28875.15557513221,1.038648284713795e-06,3.460066973394919e-05,-0.3186724097673917,3.822045024410692e-10,0.707572193419948,0.02379114460342285,-0.7071721080045333,2.449333918565923e-05,8.235549387125956e-07,-2.447948981753239e-05
14454.39770745927,28.92327028023979,-88.32709494924771,842.4397895492798,-28844.749625817,1.011661057128735e-06,3.46388077356604e-05,-0.3176046887673343,3.817274208796165e-10,0.7077327084139756,0.02322847813626456,-0.707351415042378,2.452530901394708e-05,8.04944575039161e-07,-2.451209592141621e-05
14487.71853544762,28.90397393899325,-88.28380563636631,862.3542287964449,-28781.40221762671,1.040092809607444e-06,3.47134953332958e-05,-0.3161783148149629,3.816877158009894e-10,0.7076434682569565,0.02376582496904682,-0.7072442744414936,2.457563948398965e-05,8.253596234238298e-07,-2.456177594432155e-05
14521.11617587742,28.88659988076595,-88.36376564470019,820.6367504440302,-28728.3050180606,9.935202481610814e-07,3.478049540840965e-05,-0.3148691667291736,3.815136916914264e-10,0.707744413726091,0.02278797747786637,-0.7073774545763786,2.462557862794513e-05,7.928951755318584e-07,-2.461281048563383e-05
14554.59080581966,28.85936804592952,-88.27712108222094,861.4170398505136,-28638.50942792043,1.049348847946929e-06,3.488645509069638e-05,-0.3131630699239501,3.818297134001461e-10,0.7077398960661497,0.02386346310057589,-0.7073374693967314,2.470153795758851e-05,8.328825926796322e-07,-2.468749246191272e-05
14588.14260275348,28.8313806829133,-88.43270382137995,781.2828288342129,-28554.29851155611,9.575033004848398e-07,3.499479837364506e-05,-0.311524083523692,3.820750127238623e-10,0.7076180006379097,0.0219448302423646,-0.7072776394404298,2.477205063379111e-05,7.682371638705349e-07,-2.476013538458864e-05
14621.77174456718,28.81438190870151,-88.38528051765671,803.3709357664407,-28498.80596237971,9.88366028258954e-07,3.506132771941445e-05,-0.310203573162383,3.819385255882181e-10,0.7076211989448739,0.02253630481905977,-0.7072622400222446,2.481982729907273e-05,7.904613293134244e-07,-2.480723680788846e-05
14655.47840955911,28.7863626704197,-88.42688213243581,780.2595438821166,-28411.31334015236,9.658930508664145e-07,3.517072022561183e-05,-0.3085399760726056,3.82233565676247e-10,0.7077281167569978,0.02203208036500081,-0.7073850964525594,2.490052395242109e-05,7.751710464242264e-07,-2.488845521429328e-05
14689.26277643867,28.74540666491976,-88.50653082962363,737.4290097760119,-28284.48106222411,9.211464448337026e-07,3.533106079234347e-05,-0.3064561538828609,3.830645091322342e-10,0.7076432439478207,0.02105217636780593,-0.7073300266319632,2.501011230860103e-05,7.440434142520076e-07,-2.499904232338801e-05
14723.12502432719,28.72144095662015,-88.47649880254717,750.2360322380238,-28208.20041104397,9.421934057696636e-07,3.542562510178477e-05,-0.3049267410095663,3.832169862728083e-10,0.7076039716129535,0.02142775032359428,-0.7072794583179235,2.507600601761954e-05,7.593546921927178e-07,-2.506450594460494e-05
14757.06533275895,28.70792818240341,-88.44996844077902,762.1375155674784,-28164.98109683618,9.600559079268982e-07,3.547910442190128e-05,-0.3037593086818174,3.829223077042936e-10,0.7075789360051805,0.02176050533211176,-0.7072442513629322,2.511328394759844e-05,7.723205446643647e-07,-2.510140537119375e-05
14791.08388168207,28.68168715682387,-88.49289430148082,738.8942637833977,-28084.13401660336,9.361807336623081e-07,3.558266246825487e-05,-0.3021907513304809,3.831414114827105e-10,0.7077948149378621,0.02124315363708498,-0.7074759561119188,2.519376558189357e-05,7.561443255272419e-07,-2.518241588796393e-05
14825.18085145954,28.64364277167781,-88.51333463476129,725.8045692163215,-27966.08203103035,9.273934381676862e-07,3.573353223008831e-05,-0.3002283910562695,3.838738288153262e-10,0.7077147262073437,0.02099444030100532,-0.7074032564013137,2.529748716845892e-05,7.504529218571853e-07,-2.528635358153523e-05
14859.35642287007,28.62136184528165,-88.5233629472373,719.1287787144527,-27897.12004084443,9.234203350095519e-07,3.582219026190186e-05,-0.2987992498581438,3.839377013694871e-10,0.70778767888189,0.02087884726575815,-0.7074796619789622,2.536275100997317e-05,7.481692891478675e-07,-2.535171358130789e-05
14893.61077710915,28.59711221762384,-88.53680166679503,710.6710952813971,-27822.34047268614,9.174830830350478e-07,3.591890381305489e-05,-0.297312927058591,3.840842253461557e-10,0.7077610423839512,0.02071821233266133,-0.707457736401374,2.543011499492844e-05,7.444130017869844e-07,-2.541921709923527e-05
14927.94409578996,28.56855446209107,-88.49570800089121,728.2889129243492,-27732.84219248465,9.46271013278135e-07,3.603348096731362e-05,-0.2956749363876713,3.844375060797615e-10,0.7077742895068274,0.02123210534819983,-0.7074557530965292,2.551218474026218e-05,7.653250507946821e-07,-2.550070288811452e-05
14962.35656094434,28.54278782584276,-88.54186059498488,703.948958926253,-27654.82935749624,9.198518702064709e-07,3.613663488264169e-05,-0.2941650785209332,3.846353083267682e-10,0.707800010630369,0.02066909623555908,-0.7074981579546025,2.558561512097478e-05,7.471482526687506e-07,-2.557470372471961e-05
14996.84835502373,28.5128688210504,-88.46503206210188,738.5328323258948,-27560.63461559713,9.715824071599604e-07,3.625759959560176e-05,-0.2924888703267107,3.85062226932271e-10,0.7077465657960829,0.02162226324757437,-0.7074161993679545,2.567022111470001e-05,7.842472226497627e-07,-2.565823860617397e-05
15031.41966090022,28.49173687162953,-88.49186283211037,723.9349858515305,-27496.72933762074,9.568339011666105e-07,3.634277015979696e-05,-0.2911395258510258,3.850694750483933e-10,0.707840812492546,0.02129996476502592,-0.7075202663748342,2.573362695263976e-05,7.743624522545034e-07,-2.572197346492228e-05
15066.07066186742,28.46045993374072,-88.50149855459179,716.8170755349486,-27401.52732920668,9.54029273773148e-07,3.64693589346332e-05,-0.2894642286358661,3.855186221129306e-10,0.7077669550065053,0.02118492192850118,-0.7074498297985969,2.582045280685257e-05,7.728593048918107e-07,-2.580888357999515e-05
15100.80154164149,28.43330496671653,-88.49459417314156,717.9443846350764,-27318.6912562372,9.613270849431248e-07,3.657971061807042e-05,-0.2879254283451013,3.857982396470212e-10,0.7076770362729886,0.02127363834733822,-0.707357208190874,2.589537290396694e-05,7.784466215404329e-07,-2.588366973002317e-05
15135.61248436208,28.40540743773577,-88.51617599319796,705.4718490704722,-27234.71410405662,9.504794667797417e-07,3.669322393746798e-05,-0.2863801764106713,3.860977857783884e-10,0.7079446957417795,0.02102132411320716,-0.7076325290441702,2.598529919058868e-05,7.715933175990142e-07,-2.597384102855497e-05
15170.50367459337,28.37792971513321,-88.469183742279,725.5665594519272,-27150.22723131897,9.836039570877101e-07,3.680581828458041e-05,-0.2848351618785934,3.864084926120021e-10,0.7078366015776797,0.0216045952609916,-0.7075068169259203,2.606161770426731e-05,7.954529351723526e-07,-2.604947546480169e-05
15205.47529732495,28.33745267206983,-88.48218467353774,716.1817766705243,-27028.71238439759,9.796427829021145e-07,3.69717352228768e-05,-0.2829081694107121,3.872529856015698e-10,0.7077535978416638,0.02144775195611444,-0.7074285470588875,2.617587206637889e-05,7.932331436063952e-07,-2.616385024447509e-05
15240.52753797292,28.31855704321043,-88.41919371251161,744.3011926591952,-26970.09490994909,1.022476012938697e-06,3.704988704046021e-05,-0.2816453636451276,3.872020579354073e-10,0.7076969976911948,0.02222993331880974,-0.7073477720370456,2.622988462588145e-05,8.239240636821937e-07,-2.621694102339816e-05
15275.66058238072,28.28605187453283,-88.46042926654853,722.2955318295928,-26874.06554590541,9.993890199280758e-07,3.718373552633529e-05,-0.279997080947176,3.876919286797217e-10,0.7076772724908407,0.02172648619060417,-0.7073436801144724,2.632339353934176e-05,8.081577132035845e-07,-2.631098494047019e-05
15310.8746168203,28.23900585197624,-88.41013033025442,741.9735252062389,-26732.40497486196,1.03747563486429e-06,3.737898709396026e-05,-0.2778805586853686,3.888499969828224e-10,0.7078202424686911,0.02235821181125246,-0.7074670352836518,2.646759728126326e-05,8.360429818812212e-07,-2.64543897675902e-05
15346.16982799294,28.22151281785285,-88.48208422006842,707.05880633254,-26682.64456708926,9.924141415366053e-07,3.74512467206585e-05,-0.2767253865436836,3.886791645148014e-10,0.7076702501242296,0.02147145317094732,-0.7073444419868,2.651223978710035e-05,8.044089954971541e-07,-2.650003367350067e-05
15381.54640303035,28.19194734285396,-88.42692950512033,730.3144305910106,-26593.4809240176,1.031886898767931e-06,3.757486283808127e-05,-0.275166347529503,3.890854084297673e-10,0.7078154432568937,0.02216318392895776,-0.7074683703114112,2.660589687586344e-05,8.330863527664363e-07,-2.6592850838109e-05
15417.00452949559,28.16028017358611,-88.38674754252155,746.3142521558204,-26498.86317389071,1.061996044303259e-06,3.770755789255597e-05,-0.2735567115110967,3.895766232738972e-10,0.7076889694131568,0.02266157959778953,-0.7073260423872354,2.669560420011969e-05,8.54845257788541e-07,-2.668191378433497e-05
15452.54439538414,28.1376689946884,-88.30339299740614,782.852134662003,-26429.81703755413,1.119722917393928e-06,3.780288834781693e-05,-0.2722164013194905,3.896960241361455e-10,0.7076062053549105,0.0236941210764118,-0.7072093964896056,2.676108870440032e-05,8.960923054379164e-07,-2.674608171723323e-05
15488.16618912481,28.11108802366267,-88.30332021052973,780.5772262822064,-26351.88281753497,1.123082558760401e-06,3.791468542303034e-05,-0.2707894762346984,3.899496016682141e-10,0.7077728944187159,0.02370692784769052,-0.7073757499701776,2.684655387318698e-05,8.992281572939964e-07,-2.683148977576647e-05
15523.87009958082,28.08026545618405,-88.28619239723982,785.7509489836017,-26261.2825846817,1.138320155820025e-06,3.804481219207851e-05,-0.26923781946604,3.903949567734285e-10,0.7076060802425587,0.02391908968469875,-0.7072016982056064,2.693258337204823e-05,9.103975998847029e-07,-2.691719196540481e-05
15559.65631605074,28.02880368421605,-88.27252956701567,787.4923980102114,-26111.19552422663,1.153979282285792e-06,3.826294545421164e-05,-0.2670833952439396,3.917359011024446e-10,0.7075754222900207,0.02409303954267518,-0.7071651176878679,2.708602319369159e-05,9.22282780466543e-07,-2.707031671262924e-05
15595.52502826954,28.01082938344205,-88.26372096491249,789.9236293759794,-26058.85009053367,1.162186237192285e-06,3.833944929106599e-05,-0.2659349265690806,3.916200189833462e-10,0.7077275649624529,0.02421333191305505,-0.7073132409091119,2.714614053384036e-05,9.287451039711668e-07,-2.713024840311751e-05
15631.47642640954,27.96854170778776,-88.26223992059822,786.8930078484794,-25936.73511137892,1.168652816183308e-06,3.851989816682934e-05,-0.2640799555995137,3.925588972471518e-10,0.7075530377110359,0.02423202270957838,-0.7071379711552175,2.726720146037865e-05,9.338373376956508e-07,-2.725120590556684e-05
15667.51070108149,27.94112648801038,-88.20556777189044,810.0467465323395,-25856.1361963723,1.210477649780161e-06,3.863761580348619e-05,-0.2626538422996494,3.928769095691254e-10,0.7076422640349739,0.02494099419079726,-0.7072026022698999,2.735481295776131e-05,9.641258948831684e-07,-2.733781727228642e-05
15703.62804333552,27.91155607693089,-88.18393111626681,817.1120176612685,-25770.71329648892,1.229114458777377e-06,3.876476620229048e-05,-0.2611840013544449,3.93272602606158e-10,0.7075720612740333,0.02521196543236715,-0.7071227465543881,2.744243633774948e-05,9.778194959839165e-07,-2.742501014010217e-05
15739.8286446622,27.87538617629559,-88.13157924980005,837.2606566528576,-25665.79084392827,1.269665923775645e-06,3.892094986472032e-05,-0.2595223603377138,3.939721122106238e-10,0.7076920197687798,0.02586887347075833,-0.7072190581635713,2.755848233329138e-05,1.007368844937615e-06,-2.754006457008738e-05
15776.11269699348,27.82912753474595,-88.08851937324006,852.1380316600431,-25532.98061398719,1.305640036495675e-06,3.912145744245952e-05,-0.2575856394180066,3.951105409429069e-10,0.7076168564653484,0.02640400507761167,-0.7071240655427893,2.769819816282436e-05,1.033530162897868e-06,-2.767890888148351e-05
15812.48039270384,27.79229352489088,-88.09929796058373,843.884543150446,-25429.17508562299,1.30358834053158e-06,3.928164868051685e-05,-0.2559483909617122,3.958110000718354e-10,0.707558014191413,0.02627525080912571,-0.7070699786028348,2.780912660261645e-05,1.032695215955544e-06,-2.778994535783207e-05
15848.93192461113,27.75214050270669,-88.03732707870941,867.4777915192889,-25314.13848189776,1.352142164500568e-06,3.945727986814895e-05,-0.2542045286503208,3.96695231504597e-10,0.7075786103502134,0.02704725746274226,-0.7070614794265653,2.79352944149709e-05,1.067829198462141e-06,-2.791487801968721e-05
15885.46748597779,27.73289891226126,-87.90542297801365,923.6944970511552,-25255.79971684439,1.446190723625635e-06,3.954197343910833e-05,-0.2530353840844023,3.966970827766437e-10,0.7075987799243976,0.02868225656183387,-0.7070172285800518,2.799833648687676e-05,1.134902282486913e-06,-2.797532560742735e-05
15922.0872705117,27.6930276425725,-87.86645022001531,936.6955342348517,-25143.02352677436,1.479657165510882e-06,3.971733990852217e-05,-0.2513261239293129,3.975599523616507e-10,0.7073959266165456,0.02916130311468796,-0.7067946062289486,2.811515035221452e-05,1.159003594291798e-06,-2.809125112906235e-05
15958.79147236733,27.64818064148921,-87.7479518734974,983.706873899047,-25014.21846647386,1.569714607415913e-06,3.991553293135418e-05,-0.2494635338404683,3.986880265964848e-10,0.7075366608885835,0.03063562916541569,-0.7068731036947193,2.826330584342344e-05,1.223772851176959e-06,-2.823679934425316e-05
15995.58028614669,27.59991241868032,-87.72626675818138,987.8564403854273,-24879.91503930732,1.593352734201935e-06,4.012979926427876e-05,-0.2475534736080555,3.999182641264011e-10,0.7072537597171843,0.03089733210221144,-0.7065785416378411,2.8404085388958e-05,1.240870687874667e-06,-2.837696789156993e-05
16032.45390690042,27.56021551966947,-87.59313240893233,1040.975229540066,-24765.96551700326,1.694194483823179e-06,4.030678250048317e-05,-0.2458529340151733,4.008342908233568e-10,0.7073230722812369,0.03254880662852497,-0.7065737780079493,2.853485959935617e-05,1.313085439551823e-06,-2.850463153565409e-05
16069.41253012877,27.52913897754272,-87.48416430596981,1084.248185623575,-24676.85572120393,1.777098284698068e-06,4.044571949057242e-05,-0.2444049252349147,4.013565082648048e-10,0.7074283379062943,0.033904146745266,-0.7066154273056439,2.86398203615402e-05,1.37258944866347e-06,-2.86069101537847e-05
16106.4563517827,27.48095644444422,-87.28211224539847,1164.856408929044,-24537.91120187001,1.930276857501929e-06,4.066163156363097e-05,-0.2424698379103949,4.027008452246548e-10,0.7072429512443721,0.03639282289565129,-0.7063059921355156,2.87898022472138e-05,1.481445905597512e-06,-2.875166136873598e-05
16143.58556826486,27.42598697413548,-87.096839837891,1236.473686661449,-24381.7357749412,2.074627566669157e-06,4.090909633387645e-05,-0.240372484373648,4.043481972024012e-10,0.7071054503424663,0.03867561173721438,-0.7060469637076378,2.896398074482453e-05,1.584204552670963e-06,-2.892062372290513e-05
16180.80037643066,27.3916716047276,-86.95343585556844,1292.434817314965,-24283.50591468436,2.185533176995035e-06,4.10638951529918e-05,-0.2388534505099582,4.050501000121592e-10,0.7070242045842126,0.04044458225325629,-0.7058664616160043,2.90740193481571e-05,1.663148954922726e-06,-2.902641101842859e-05
16218.1009735893,27.34623695937829,-86.68711050290166,1397.968723155094,-24150.64725857438,2.388840434685313e-06,4.126847885759459e-05,-0.2370003057898202,4.063416660485984e-10,0.7068328070968853,0.04371995050560933,-0.7054793994981354,2.921850166822758e-05,1.807261114590393e-06,-2.916255556359742e-05
16255.48755750484,27.31636556481019,-86.50839943867842,1468.229986703792,-24063.2393955389,2.526225290964131e-06,4.14030257480354e-05,-0.2355994234596495,4.068797162269869e-10,0.7066957143562169,0.04591790579346574,-0.7052023671379629,2.931351073911216e-05,1.904659950882095e-06,-2.925156717722231e-05
16292.96032639722,27.2753615668507,-86.16972961191257,1602.742470661923,-23939.18221772051,2.784215202502597e-06,4.158611647604901e-05,-0.2338457289038471,4.080475937547368e-10,0.7066316346262522,0.05008755262042298,-0.7048542431787338,2.945160518093013e-05,2.08759239180679e-06,-2.937752552103496e-05
16330.51947894334,27.233843585595,-85.84880563062575,1728.42525928354,-23814.38239982564,3.03172790969869e-06,4.1771391262655e-05,-0.2320916172017649,4.092425749742294e-10,0.7063950276444173,0.05402331086092241,-0.7043262148780075,2.958446987752547e-05,2.2625456724671e-06,-2.949782610658304e-05
16368.16521427809,27.22119823060405,-85.46722354021074,1883.819347119611,-23762.39550554266,3.315414700222203e-06,4.18204619737181e-05,-0.2310523296229175,4.0919461669432e-10,0.7062012398899337,0.05870333975602157,-0.7037571378846319,2.962607453921619e-05,2.462682619452617e-06,-2.952354123270173e-05
16405.8977319954,27.20904394018692,-85.14381722384616,2014.722729451827,-23713.80304819586,3.557044591846272e-06,4.18673267798211e-05,-0.2300495246454877,4.090900560973079e-10,0.7059749753200149,0.06266132520860757,-0.7031886120389015,2.966351653603274e-05,2.632891138460951e-06,-2.954643967615221e-05
16443.71723214931,27.19832112641375,-84.76443347697007,2168.517166593574,-23665.22729570765,3.839813437897963e-06,4.190423722755747e-05,-0.2290502719264297,4.089869508173253e-10,0.705743398400695,0.06730066729933598,-0.7025271272820902,2.969728540709867e-05,2.831974240787464e-06,-2.956194652674603e-05
16481.62391525508,27.18748656389518,-84.29829074866005,2357.339626419471,-23610.37037988509,4.187054753275485e-06,4.193622014314773e-05,-0.2279937446401212,4.08994371768572e-10,0.7056075857324158,0.0730065734886599,-0.7018205648672411,2.973738422980697e-05,3.076815741543382e-06,-2.957778263703625e-05
16519.61798229015,27.21050109917572,-83.86672964600884,2540.795028756836,-23644.86695027416,4.492725216533111e-06,4.180970475254882e-05,-0.2278017238607246,4.074583827232751e-10,0.7054478009840115,0.07827963788630714,-0.701091219603816,2.966410579931281e-05,3.291661632444353e-06,-2.948091139314247e-05
16557.69963469528,27.24187752319178,-83.51545403470688,2694.398714879888,-23705.27910400821,4.73365867331966e-06,4.164665734675947e-05,-0.2278584845729601,4.054852478938888e-10,0.7051793010380892,0.0825517378628487,-0.7003306770293527,2.955720348559762e-05,3.460110798076502e-06,-2.935397607061194e-05
16595.86907437561,27.27039702469919,-83.18509641921239,2839.339522875006,-23758.85037565842,4.959156773759008e-06,4.149692660139118e-05,-0.2278481748994539,4.036404755063103e-10,0.7050903448860554,0.08658411273011281,-0.6997539466657374,2.946702235296736e-05,3.618509321159956e-06,-2.924400445634894e-05
16634.1265037017,27.32468293409569,-82.89331123579331,2977.585003763571,-23882.74877059206,5.140399237693463e-06,4.123034721735991e-05,-0.2285095956566003,4.006229471178295e-10,0.7050031078118553,0.09014211295700704,-0.6992165483568167,2.929230751760375e-05,3.74533170671907e-06,-2.905188066395204e-05
16672.47212551063,27.377528902931,-82.79239481542139,3037.217648857344,-24016.41586191976,5.182850983923809e-06,4.098274110421537e-05,-0.2292600204097247,3.974769389292281e-10,0.7050257067063952,0.09138317867027212,-0.6990782229285711,2.912376721936189e-05,3.774929620355957e-06,-2.887808379046188e-05
16710.90614310708,27.43019395088497,-82.82264466178502,3042.364789714796,-24159.58324976459,5.130970028520151e-06,4.074531035040683e-05,-0.2300962655353208,3.942127741722676e-10,0.7051498711439952,0.09103685741372532,-0.6992486191381618,2.895820938575832e-05,3.73858733680424e-06,-2.871586417913464e-05
16749.42876026437,27.453187814329,-82.75842168046353,3077.161657411656,-24216.89957982854,5.163654084107556e-06,4.06373490708927e-05,-0.2301116849807671,3.923752367509993e-10,0.7049361583069725,0.09179952120914778,-0.6989333553310818,2.88768197104902e-05,3.760451485184742e-06,-2.863092246539966e-05
16788.04018122561,27.49740294505619,-82.84523001205227,3055.641313040425,-24342.41577302828,5.07674251783992e-06,4.044328652531046e-05,-0.2307723686179988,3.894542572902667e-10,0.7052050773827312,0.0907818637545892,-0.6993374395666423,2.874438059384238e-05,3.70029729857438e-06,-2.85052138323119e-05
16826.74061070467,27.49593020794978,-82.93084037218577,3018.951301640646,-24344.41740481927,5.016829954463412e-06,4.045504225062701e-05,-0.2302605392398153,3.885265895321733e-10,0.7049780509233697,0.08971473032742279,-0.6992462509345267,2.873812017161204e-05,3.657181522086132e-06,-2.85044658661152e-05
16865.53025388741,27.52797122870037,-82.99168603502726,3003.909241720467,-24435.56381336108,4.955962523371537e-06,4.031471284635453e-05,-0.2305910759750621,3.861871042225538e-10,0.7049587134247953,0.08897648056023141,-0.6993210804349154,2.8633892648254e-05,3.614031494417322e-06,-2.840490423411236e-05
16904.40931643264,27.54358419768701,-82.98238236600442,3013.084397864372,-24477.37869994761,4.953932301085733e-06,4.024423513444398e-05,-0.2304544181997509,3.846406895798352e-10,0.7050788826116888,0.08911204888556802,-0.6994249591259692,2.858927757135452e-05,3.613282376441127e-06,-2.836002437446158e-05
16943.37800447329,27.55230203436639,-83.08419158651098,2972.676526829765,-24508.17661460414,4.877337757667856e-06,4.021112088555422e-05,-0.2302136830892653,3.832737979844293e-10,0.7052362838069012,0.08789555844550694,-0.6997375127884173,2.856592604082967e-05,3.560250769172354e-06,-2.834319574484779e-05
16982.43652461744,27.55704752994165,-83.15399908440321,2944.510047407271,-24525.90488088545,4.82556142395583e-06,4.019387218088207e-05,-0.2298503509750343,3.821158848707032e-10,0.7053046871042139,0.08705826007681741,-0.6999111093585887,2.855224264900188e-05,3.524304618644796e-06,-2.833389908294446e-05
17021.58508394951,27.58044977186019,-83.31520471463951,2883.310052001019,-24600.78716504761,4.699678382633669e-06,4.009828480121609e-05,-0.2300218729312668,3.800765960928961e-10,0.7053287198791706,0.08509845137510073,-0.7001763039834675,2.84758042005151e-05,3.435627631240577e-06,-2.826778887082486e-05
17060.82389003124,27.59494428452251,-83.42738189928703,2839.934127560436,-24647.99693337018,4.613360904652813e-06,4.003969821937097e-05,-0.2299332420605955,3.784761352794557e-10,0.7055457959496159,0.0837601113315722,-0.7005562889103912,2.843647801664096e-05,3.375886552262505e-06,-2.823537979162239e-05
17100.15315090288,27.61151225530286,-83.62052410929547,2762.284205848132,-24706.20833815255,4.469520674641462e-06,3.997594046462979e-05,-0.2299461968191534,3.767159706938631e-10,0.7054114434257344,0.08138950641856821,-0.7007004015704,2.837492961835714e-05,3.273864547879049e-06,-2.818542960057309e-05
17139.57307508425,27.60640376278013,-83.84759263422892,2663.254970392465,-24706.80521451798,4.312829758097196e-06,4.000977973993294e-05,-0.2294228777270652,3.758404680883967e-10,0.7055228350853389,0.07863128630572529,-0.7011273719095278,2.839107507123504e-05,3.16421615493649e-06,-2.821419642352663e-05
17179.08387157588,27.59700626100811,-83.97350227925061,2606.456573312,-24688.93777403194,4.228945294039352e-06,4.005751267194614e-05,-0.2287296875549248,3.752474300266442e-10,0.705625080313655,0.07710847373174516,-0.7013993422055746,2.842240055561291e-05,3.10590990567035e-06,-2.825218888867841e-05
17218.68574986007,27.58895336514167,-84.17050265747933,2519.64087197219,-24679.02271897038,4.094295746629318e-06,4.010222999365759e-05,-0.2281119775028848,3.745347977225675e-10,0.7057727124795661,0.07471900384538367,-0.7018063779598457,2.844992247959805e-05,3.011946806055498e-06,-2.829003827379225e-05
17258.37891990204,27.57760707029281,-84.39963169683253,2418.261747421043,-24661.70885451378,3.938229984613582e-06,4.016251813362794e-05,-0.2274276678884803,3.739357306894517e-10,0.7056965710988672,0.07191108892974368,-0.7020231091279239,2.847821825722544e-05,2.901954989617033e-06,-2.832997656801723e-05
17298.16359215101,27.54562117333187,-84.6641408884863,2296.631276101974,-24589.60079137911,3.76544472459437e-06,4.031591119708711e-05,-0.2262411552391684,3.741697325918502e-10,0.7058824011907168,0.06869450506193378,-0.702531870654327,2.858187787211742e-05,2.78150857827558e-06,-2.844621157071034e-05
17338.03997754138,27.51897184544843,-84.73038587529402,2261.597854226551,-24520.66430345305,3.72968443768696e-06,4.043793191765815e-05,-0.2250880109197295,3.743586736578773e-10,0.7060435707281795,0.06790473198104674,-0.702770567924682,2.867185160158725e-05,2.757555594477169e-06,-2.853893763626826e-05
17378.00828749375,27.49398960608411,-84.86295155970994,2198.952073948923,-24460.13427889686,3.645879159820822e-06,4.055508752116641e-05,-0.2240159640146764,3.744219448489038e-10,0.7059813403278024,0.06627975748514575,-0.7028631777513676,2.874632567564493e-05,2.698795825801987e-06,-2.861935954805552e-05
17418.06873391614,27.46236312120122,-85.02692411071277,2121.721684264555,-24383.3534100222,3.541812882735239e-06,4.070339473475192e-05,-0.2227991681308024,3.747371058206069e-10,0.7060986896058651,0.06428574741622765,-0.7031661980942036,2.88489394135382e-05,2.626510514273819e-06,-2.872912716746554e-05
17458.22152920504,27.42435472051053,-85.12435041525049,2071.638505914977,-24285.89169857557,3.487042048521144e-06,4.087871764159962e-05,-0.2213982509476572,3.753756330889021e-10,0.7061352109560837,0.06310033783906212,-0.703310232768292,2.897045395110342e-05,2.588803678534178e-06,-2.885455419248427e-05
17498.46688624657,27.39018696376652,-85.14276436851831,2056.045980636494,-24194.91746231237,3.487061585246354e-06,4.10346694751045e-05,-0.2200616052171995,3.759204801562993e-10,0.706205532540723,0.06288767082223908,-0.7033998827478435,2.908307487849487e-05,2.589850624473618e-06,-2.89675321373957e-05
17538.80501841761,27.36425644458368,-85.19411985647069,2028.585314687209,-24128.08158220734,3.460099468938925e-06,4.115457292560726e-05,-0.218948978969793,3.760948088587016e-10,0.7062221082746212,0.06226575852813986,-0.703471848428042,2.916652920525989e-05,2.571536692663907e-06,-2.905294520215741e-05
17579.23613958693,27.31926398058743,-85.28376871757295,1981.041288947051,-24012.57029268928,3.412481560976316e-06,4.136332433485186e-05,-0.2173996201016332,3.770348393885739e-10,0.7062898237574463,0.0611779904932269,-0.7036352525439122,2.931346192890496e-05,2.539097456720521e-06,-2.920328807450689e-05
17619.76046411629,27.29292568027677,-85.17237811180378,2021.640872690907,-23936.6817561454,3.503396045576481e-06,4.148099563157377e-05,-0.2162141324490021,3.773602803267383e-10,0.7062047525207028,0.06254545798861354,-0.70342961138114,2.939808214700678e-05,2.603659215416451e-06,-2.928255782222816e-05
17660.37820686164,27.26899179341416,-85.20360213542962,2003.31341416446,-23874.82392594398,3.489968522952589e-06,4.159228576190203e-05,-0.2151593923275261,3.774678385181654e-10,0.7063311073136532,0.06218040362638864,-0.703588822085592,2.948087499846457e-05,2.595288084699371e-06,-2.936641739185274e-05
17701.08958317421,27.23636310608581,-85.1930405232538,2000.443786261458,-23787.99742491138,3.510347432190265e-06,4.174280539696819e-05,-0.2138838605749269,3.779742803511528e-10,0.7060417769780216,0.06229176351990725,-0.7032885091026743,2.957590110551553e-05,2.609385304986402e-06,-2.946056745097344e-05
17741.89480890166,27.21679924788069,-85.01915571311926,2067.872537034184,-23727.25423329403,3.645378329965468e-06,4.18279254947142e-05,-0.2128470401781523,3.780703749174406e-10,0.7061444125210524,0.06444242703556932,-0.7031977708528857,2.964822099432946e-05,2.705683546146518e-06,-2.952450312328237e-05
17782.79410038923,27.19176807693824,-85.04882741487312,2049.92807089315,-23663.02605661409,3.633715763509564e-06,4.194523311093194e-05,-0.2117826672322557,3.782246674400921e-10,0.7061888651666501,0.06408950969988836,-0.7032746604505163,2.97319026352805e-05,2.698291004475517e-06,-2.960920903990793e-05
17823.78767448089,27.16931881731185,-85.05755949278944,2041.244684798618,-23604.62818527839,3.636345088003315e-06,4.205011500821118e-05,-0.2107741252389411,3.782883508962071e-10,0.7061730358691038,0.06398813157207524,-0.7032679970014997,2.980518308344001e-05,2.700723306895655e-06,-2.968257118675822e-05
17864.87574852051,27.17916927859014,-85.00724578916764,2064.149398424945,-23627.74999964339,3.669394861396693e-06,4.200255296501965e-05,-0.2104953462603399,3.770489750930777e-10,0.7060625516408723,0.06460281983087451,-0.7031008480292987,2.976908386422e-05,2.723790911925587e-06,-2.964421220378567e-05
17906.05854035295,27.15348228419936,-84.98160165118429,2068.781929112535,-23559.15161396216,3.698787871855251e-06,4.212155135089743e-05,-0.2094014953633438,3.772771342461414e-10,0.7060534270101217,0.0649239341077909,-0.7030621057721036,2.985420645122078e-05,2.745192443420656e-06,-2.972772378236683e-05
17947.33626832527,27.14607029621345,-85.10002158564731,2018.599102078106,-23546.04391808822,3.614381194389722e-06,4.216011899153197e-05,-0.2088036477277354,3.766189618577612e-10,0.7059402318741315,0.06346780610025805,-0.7030813954069063,2.987139213590545e-05,2.685598069674053e-06,-2.975042236918994e-05
17988.70915128787,27.13402404009576,-85.07024082941258,2028.081003172354,-23513.03448502364,3.641236526285501e-06,4.221553275079055e-05,-0.2080313620009689,3.762802733384607e-10,0.7059939427829047,0.06384539996416123,-0.7031011393459462,2.991426537756175e-05,2.705247342684054e-06,-2.979169196091573e-05
18030.17740859569,27.12972843907914,-85.15895609286049,1990.851655795442,-23506.46491058087,3.577339570946413e-06,4.223850976183656e-05,-0.2074949125764881,3.755197734704248e-10,0.7061633511392112,0.06277904280722238,-0.7033672371360283,2.993376586598656e-05,2.661159299262019e-06,-2.981524056759652e-05
18071.74126010928,27.09861863903086,-85.30396528012271,1924.906973607853,-23432.95575731388,3.48204909755784e-06,4.238890687529415e-05,-0.20637030413126,3.758313976871516e-10,0.7062441591445524,0.06101302285081923,-0.7036037403030212,3.003744376597039e-05,2.594959857923924e-06,-2.992514346380978e-05
18113.40092619602,27.08792475277519,-85.27174454860247,1935.741201650354,-23403.54007787467,3.510130081145114e-06,4.243825050714167e-05,-0.20563720222502,3.754383018068074e-10,0.7062210774242269,0.06141404211654335,-0.7035456812667841,3.007281914145542e-05,2.615177372010246e-06,-2.99588934780244e-05
18155.15662773135,27.06027618647627,-85.49634990403273,1838.643646525682,-23343.17002254253,3.353450010138324e-06,4.257494588289296e-05,-0.2046350231342751,3.755435422495015e-10,0.706359725364511,0.0586745009697157,-0.7039185780706333,3.016605737319193e-05,2.505774747678978e-06,-3.006180484196852e-05
18197.00858609984,27.02712343971488,-85.42714682701964,1859.894041975285,-23254.12888299316,3.417580239987377e-06,4.27297736188421e-05,-0.2033856027221677,3.761144824885092e-10,0.7063558610963077,0.05953173626273009,-0.7038427202739622,3.027849458608005e-05,2.551874279535784e-06,-3.017076684575191e-05
18238.95702319638,26.99989479275028,-85.58151391394722,1792.026192551985,-23191.63531563973,3.312045320874733e-06,4.286307172843936e-05,-0.2023725037662144,3.762606127724396e-10,0.7062040039576225,0.05763024185155228,-0.7038485990821529,3.035998696128519e-05,2.477546688185914e-06,-3.025872718237279e-05
18281.00216142743,26.96836239691265,-85.62746533841413,1767.301204374826,-23112.96636058281,3.289026779989851e-06,4.301426668910851e-05,-0.2012221656843904,3.766729596129308e-10,0.7062398541077135,0.05707606211604405,-0.7039297228157154,3.046674552438146e-05,2.46222561628204e-06,-3.036708790552597e-05
18323.14422371211,26.93562114149574,-85.7139023924227,1726.270136511238,-23033.40624307454,3.235637308663494e-06,4.317270339641856e-05,-0.200068307877258,3.771047165464379e-10,0.7063480201842927,0.05603007042975696,-0.7041222598568422,3.058015446590496e-05,2.425728054041205e-06,-3.048379390047184e-05
18365.38343348346,26.8924937071812,-85.72750974641198,1712.617412744406,-22924.28982735709,3.240793965393482e-06,4.337974119647565e-05,-0.1986625575289227,3.78028237206738e-10,0.7063462445995476,0.0558701716503396,-0.7041331842624984,3.07261790162874e-05,2.430361750945932e-06,-3.062991052387322e-05
18407.72001468956,26.8538384541878,-85.71114625295161,1711.800001418442,-22825.60027536199,3.267178679853144e-06,4.356543668227463e-05,-0.1973523668311213,3.787894931580733e-10,0.7064588635027665,0.05608769316236212,-0.7042288665606837,3.086328661128171e-05,2.45032037796611e-06,-3.076586404597545e-05
18450.15419179474,26.82463424803798,-85.74937783482622,1691.140627613166,-22753.70256998812,3.248501859243006e-06,4.370745040144367e-05,-0.1962782641278352,3.79112456982741e-10,0.7063554539213341,0.05561713306006434,-0.7041624541216275,3.095781789823127e-05,2.437561807920751e-06,-3.086170412424781e-05
18492.68618978078,26.79081789158305,-85.76907751882769,1677.052389394634,-22669.59726003312,3.245553071818038e-06,4.387184412929211e-05,-0.1951029950332774,3.796438132883468e-10,0.7065022924983761,0.05539405430718909,-0.7043273301902129,3.107992318922263e-05,2.436854021971941e-06,-3.098424386560979e-05
18535.31623414811,26.7632492623035,-85.76025803465956,1675.409920108434,-22600.11229804948,3.262268343623358e-06,4.400572661494571e-05,-0.1940576325339304,3.799352024957808e-10,0.7063650260180471,0.05549922352307933,-0.704181358862766,3.116906572545087e-05,2.448958940470182e-06,-3.107270922055828e-05
18578.04455091699,26.71930011024022,-85.60671402217766,1727.341932103963,-22483.2543066656,3.397066662454502e-06,4.421655738747125e-05,-0.1926102098577083,3.810315688110536e-10,0.7063239517942921,0.05739033678935897,-0.7039885468681358,3.132290878257161e-05,2.545053554658008e-06,-3.121934203350903e-05
18620.87136662867,26.68150020516425,-85.66694036904195,1696.674488891516,-22392.23452474859,3.364475911308929e-06,4.440341040791934e-05,-0.1913892610779563,3.817004725248855e-10,0.7064051225916914,0.05666439054385884,-0.7041287837235995,3.145636534072187e-05,2.523276960701268e-06,-3.135499950292716e-05
18663.7969083467,26.65003970171291,-85.58702730991378,1721.793363752146,-22310.6618949805,3.438565001926741e-06,4.45562532513884e-05,-0.1902534699490944,3.822149559558738e-10,0.7060921229617311,0.05762845795711966,-0.7037364897048389,3.155402045617824e-05,2.575314866294742e-06,-3.144875133114757e-05
18706.82140365801,26.62238177004183,-85.5097044208101,1746.443163059261,-22238.82040091556,3.509625861873989e-06,4.469079834233101e-05,-0.1892046820229162,3.825677741220387e-10,0.7060603169683183,0.05858308713914635,-0.703625747893473,3.1651201125271e-05,2.626156758875885e-06,-3.15420645067847e-05
18749.9450806742,26.58146779016219,-85.44355310864606,1764.024157962694,-22135.22645259739,3.57756154346221e-06,4.489175193841909e-05,-0.1878901880102296,3.834742107655009e-10,0.7059684960131272,0.05939531715225674,-0.7034655028239974,3.17922892525158e-05,2.674783809495017e-06,-3.167957050668609e-05
18793.16816803268,26.547149579424,-85.43157366783306,1761.934183792723,-22050.78091138283,3.600623942082187e-06,4.506216544378835e-05,-0.1867429030434929,3.840574175702664e-10,0.7059859745797198,0.05955150522563829,-0.7034698391037369,3.191429684991024e-05,2.692042737479896e-06,-3.180055422982078e-05
18836.490894898,26.50891779964394,-85.38219382149789,1773.354270033118,-21955.36491458057,3.65502269686785e-06,4.525173477001265e-05,-0.1855072090146219,3.848393494650762e-10,0.706103934815985,0.06017546608767004,-0.703535130639365,3.205612782742378e-05,2.73188172146904e-06,-3.193950772238102e-05
18879.91349096294,26.47492726688304,-85.24888252892003,1817.397215683905,-21866.5211895765,3.774859211582722e-06,4.541827082456482e-05,-0.1843316145071633,3.855142504817738e-10,0.7060045930325412,0.06181120278564293,-0.7032935806569233,3.217570690366844e-05,2.817005956932058e-06,-3.2052154251928e-05
18923.43618644976,26.42928740779999,-85.20533731290172,1824.719914748651,-21754.31277099586,3.828782073036252e-06,4.564674396085924e-05,-0.1829639383121308,3.866114956552177e-10,0.7058913966852041,0.06234338047656655,-0.70313296525262,3.233442965286722e-05,2.855733417077543e-06,-3.220807550330826e-05
18967.05921211146,26.39699024551668,-85.05163602656066,1876.129439297365,-21669.16201262654,3.965839615227363e-06,4.580516639120514e-05,-0.1818286223710646,3.872380415181836e-10,0.7057955361286012,0.06422834961753994,-0.7028670271996451,3.244966046510536e-05,2.952963047563815e-06,-3.231501931827281e-05
19010.78279923299,26.36112743467169,-84.94167058941095,1909.958141482134,-21577.8911406143,4.07020693286668e-06,4.598345911864707e-05,-0.1806463243936561,3.879816037267479e-10,0.7057324351870128,0.06557906532619848,-0.7026789140609908,3.257852748460051e-05,3.027307908241208e-06,-3.243756864953923e-05
19054.60717963247,26.31536127699214,-84.76356700861427,1966.765195065401,-21459.91807823145,4.235101377783297e-06,4.621036046817602e-05,-0.1792454710978481,3.892172428886467e-10,0.7056878490700327,0.06776646589070191,-0.7024265416581108,3.274638154549677e-05,3.144600762180039e-06,-3.259504548807607e-05
19098.53258566239,26.2793973836265,-84.49968506013134,2056.947052706904,-21360.98119991418,4.46655013347383e-06,4.638422428231734e-05,-0.1780087413528099,3.901206452446641e-10,0.705426185720936,0.0709822513743083,-0.7018458687565404,3.287162197237142e-05,3.3076483141032e-06,-3.270478548660275e-05
19142.55925021086,26.24715520990496,-84.28379834302825,2129.442259122739,-21273.39023481015,4.658676721016231e-06,4.654075377692204e-05,-0.1768710843695362,3.908259793755431e-10,0.7053265739285247,0.0736236075682653,-0.7014735492507074,3.299009632339627e-05,3.443582015951564e-06,-3.280987958414933e-05
19186.68740670289,26.21938094400255,-83.97429950635923,2236.882722777455,-21191.07594711086,4.926345407737785e-06,4.666966158487259e-05,-0.1757814892653235,3.914417313814367e-10,0.7051180003744718,0.07739658988292981,-0.7008574479354466,3.309006224952909e-05,3.632098422912622e-06,-3.289012132425154e-05
19230.91728910159,26.19657924928513,-83.71399621009604,2326.766579398713,-21122.89419000257,5.152381573035537e-06,4.677444302207295e-05,-0.1748129312922151,3.918020536952519e-10,0.705144091320153,0.08059064129614704,-0.7005236170602673,3.318183574697531e-05,3.792338977450251e-06,-3.296441093997221e-05
19275.24913190936,26.17666439527055,-83.41563082041669,2430.780577922777,-21058.93903279381,5.409095706843678e-06,4.686141470256002e-05,-0.1738827975920428,3.920880845100092e-10,0.7046991113391344,0.08419210927238846,-0.6996517178271143,3.32420724732703e-05,3.971510894616914e-06,-3.300397678359525e-05
19319.68317016924,26.18165966833338,-83.11449472383461,2542.210214665369,-21052.34669762334,5.653575682417995e-06,4.68179360860537e-05,-0.1734285708051672,3.913088030816484e-10,0.7045597680432324,0.08785859473149024,-0.6990603222018406,3.322527669980725e-05,4.14319161100733e-06,-3.29659365869261e-05
19364.21963946607,26.17815350687204,-82.74450977891159,2676.257584793505,-21021.01344688182,5.959882491311082e-06,4.681267255571453e-05,-0.1727721674904888,3.909907487139326e-10,0.7045256250636677,0.09237421609394608,-0.6984435271175333,3.32465476067583e-05,4.359137075712216e-06,-3.295953354833162e-05
19408.85877592778,26.19157131982899,-82.37248726987035,2816.02005264829,-21028.05978797943,6.256303206144396e-06,4.671767793230371e-05,-0.1724325833644415,3.899607782863512e-10,0.7041634985141237,0.09686524981154175,-0.6974692509484544,3.319016220645493e-05,4.565663173677504e-06,-3.287463440215441e-05
19453.60081622662,26.21810256413254,-82.13569564849489,2910.881586657755,-21074.02404036971,6.431640657617436e-06,4.656340211807632e-05,-0.17241204487267,3.882153116919186e-10,0.7040798858335565,0.09974289624138681,-0.6969790816694386,3.309522771443624e-05,4.688408134395191e-06,-3.276145489192636e-05
19498.44599758046,26.25321236828631,-81.89448552931366,3010.675708100865,-21139.52459908706,6.603174725597698e-06,4.636433414872657e-05,-0.1725501527134478,3.861223273994602e-10,0.7041983650493755,0.1027013453653874,-0.6966690541414574,3.297875174529341e-05,4.809670599668704e-06,-3.262614190186109e-05
19543.39455775394,26.28601821775738,-81.68774042148343,3097.660334460631,-21201.92984534734,6.746990672585582e-06,4.617976390632264e-05,-0.1726615060655267,3.841003814775151e-10,0.7039956727451128,0.1051920912832718,-0.6960923294903455,3.285510949158431e-05,4.909259830084117e-06,-3.248626459943826e-05
19588.4467350599,26.32485368630805,-81.61182070766013,3139.039998281988,-21287.92688407773,6.779353486073721e-06,4.597532411560253e-05,-0.1729631163514231,3.816688898907491e-10,0.7039325701322596,0.106112714989525,-0.6958887518925424,3.271308652094274e-05,4.931259858841683e-06,-3.233927497534943e-05
19633.60276836047,26.36019914803324,-81.55712599232409,3171.621741768634,-21367.52866737898,6.796859558167065e-06,4.579111359486894e-05,-0.1732105843840055,3.793724911286001e-10,0.7040822922269958,0.1068075648420358,-0.6959339180699091,3.259354511484255e-05,4.944361222712042e-06,-3.221633863822235e-05
19678.86289706845,26.36829884944683,-81.62153744619107,3150.584671316733,-21391.35545792618,6.738983986963882e-06,4.575531748212608e-05,-0.1730049128535734,3.78078365914714e-10,0.7037751976866177,0.1059867961741896,-0.6957487534416203,3.254844842376227e-05,4.901715462856543e-06,-3.217723854396933e-05
19724.22736114854,26.40324218445591,-81.7071226743502,3130.941063362718,-21480.51453791604,6.644396064639627e-06,4.558535065775814e-05,-0.1733264379014736,3.75643130806533e-10,0.7039898066479005,0.1049873390145137,-0.6961173080097921,3.243032904674602e-05,4.836396660620753e-06,-3.206767078260214e-05
19769.69640111861,26.40391028916909,-81.78741593041732,3101.259907393727,-21487.82100851454,6.579606753718443e-06,4.558837906273102e-05,-0.1729866185292284,3.746517399958001e-10,0.7041298326620733,0.1040403486145957,-0.6964010533484802,3.24323397801395e-05,4.792116141927645e-06,-3.20763508912204e-05
19815.27025805098,26.40037294188463,-81.85277408423009,3075.697164121291,-21484.01556614681,6.52982598017397e-06,4.561140954927743e-05,-0.1725581952850845,3.738562739684834e-10,0.7041675802143142,0.1032593910932219,-0.6965554386952554,3.244514124276336e-05,4.757767359357369e-06,-3.209440512016226e-05
19860.94917357372,26.38774031517421,-81.91198339220696,3049.362620546908,-21458.110334986,6.491470756697978e-06,4.567993809426888e-05,-0.1719537318875176,3.734467270760536e-10,0.7042871442685346,0.1025649193669446,-0.6967788880966327,3.249461364838129e-05,4.732171325046213e-06,-3.214819545025782e-05
19906.73338987186,26.37452535518719,-81.90732572638309,3046.628761235744,-21426.36794233585,6.50473134604255e-06,4.57465540139594e-05,-0.1713044678773599,3.731397988835008e-10,0.7041374616250368,0.1026077588331989,-0.6966212835472214,3.253545908029618e-05,4.74110627651307e-06,-3.218816566442448e-05
19952.6231496888,26.33831056685175,-81.90067012227527,3036.887916865437,-21340.0759309627,6.536261726120659e-06,4.593001959849434e-05,-0.1702221580034236,3.737869813790045e-10,0.704135823820625,0.1026964664080324,-0.6966065562244258,3.266640376261818e-05,4.764314104168543e-06,-3.231710454077246e-05
19998.61869632744,26.3363849780788,-81.74799325251445,3092.70507635735,-21324.75611464586,6.660861830199341e-06,4.592783680804561e-05,-0.1697087382589216,3.731952080970612e-10,0.7040816894861284,0.1045523595873558,-0.6962756850374405,3.267484485704243e-05,4.85203944367292e-06,-3.23125857781273e-05
20044.72027365162,26.30749122883538,-81.52239345128095,3165.920394926797,-21240.45271936148,6.864827602040728e-06,4.605676325322932e-05,-0.1686490506050963,3.738146886989444e-10,0.7037814476759583,0.107255397181147,-0.6955606414025898,3.277156160038038e-05,4.994344291544322e-06,-3.238876000752491e-05
20090.92812608728,26.32859560153077,-81.21638511349782,3286.195101145894,-21267.75621813525,7.09582765551491e-06,4.592312023433127e-05,-0.1684774595452611,3.724761400405699e-10,0.7035611759710849,0.1109420658822011,-0.6947590851162763,3.269273077893562e-05,5.155200735656855e-06,-3.228371959918881e-05
20137.24249862388,26.3315469406709,-80.99656692317757,3368.277911638914,-21258.22573467404,7.270855238872355e-06,4.588857748880894e-05,-0.1680146478480318,3.717860730558862e-10,0.7036107937576114,0.113622807996452,-0.6943759835962195,3.269006111839945e-05,5.278964692983009e-06,-3.226100785305583e-05
20183.66363681561,26.36976456961383,-80.70250331968815,3491.293520968346,-21325.9012224351,7.476272316267701e-06,4.566738487359528e-05,-0.1681618687525617,3.697538786283529e-10,0.7034219289116687,0.1171617247568831,-0.6935960930727659,3.255065268850207e-05,5.421625988896454e-06,-3.209596488787975e-05
20230.19178678272,26.41079271957471,-80.5129743079836,3577.531798535291,-21408.26634896723,7.593793468013822e-06,4.544193100641249e-05,-0.1684230900219203,3.674841669788023e-10,0.7033802577600479,0.1194564506008453,-0.6931622778371881,3.240576002001003e-05,5.503533868495015e-06,-3.193500269974638e-05
20276.82719521282,26.46341959986339,-80.49391924702472,3605.591564899877,-21532.12719123493,7.564715701647691e-06,4.517550524554025e-05,-0.1690079244043426,3.645299324388752e-10,0.7034846070818265,0.1197128443354409,-0.6932239373407343,3.222233525090363e-05,5.483314581703612e-06,-3.175235660891492e-05
20323.57010936222,26.5175775873798,-80.42618296507057,3652.74378329761,-21656.49928195633,7.57286265413624e-06,4.489822017672385e-05,-0.1695931813280022,3.616028762579849e-10,0.7035063014865863,0.1205441556492975,-0.6931018848409904,3.203190536498405e-05,5.488591897330471e-06,-3.155817358935482e-05
20370.42077705718,26.57426006982129,-80.48043663675618,3655.316955093559,-21797.58900726171,7.482794628284646e-06,4.46218163669256e-05,-0.1703054677151564,3.584360410979497e-10,0.7034863185331693,0.1198925485102313,-0.6931946170990321,3.182873422869802e-05,5.424452419330897e-06,-3.136309357431929e-05
20417.37944669529,26.61839825302016,-80.59013007452197,3631.636823040498,-21913.51193254942,7.360568716673791e-06,4.441410809028533e-05,-0.1708174035592493,3.557198880952348e-10,0.703573683442878,0.1185881013154137,-0.6935075992804868,3.16743973445898e-05,5.338753750743219e-06,-3.122122924440808e-05
20464.44636724674,26.66223157663594,-80.78561646002755,3574.737945327377,-22036.04605600643,7.172915872799818e-06,4.421658508856118e-05,-0.1713774999370255,3.529282805330256e-10,0.703759768061196,0.1162601911783349,-0.6940903248776238,3.152422847977634e-05,5.207761222135693e-06,-3.109109525729773e-05
20511.62178825566,26.68737052753755,-80.94371456392282,3524.16609688586,-22110.11086088527,7.030380132738948e-06,4.410759307467961e-05,-0.1715580304739496,3.509370422712362e-10,0.7038447760787293,0.1143665627150773,-0.6944910065264019,3.143636712025293e-05,5.108042815665437e-06,-3.101859242958404e-05
20558.90595984141,26.7130771209831,-81.07669845333277,3483.117390113393,-22183.6935663394,6.907543222888315e-06,4.399358534046143e-05,-0.1717330919269416,3.489685381282823e-10,0.7039748537239692,0.1127834254060015,-0.6948816400145946,3.134939111731922e-05,5.022468765610335e-06,-3.094445234488925e-05
20606.29913270001,26.73481011039818,-81.24166265106467,3427.921821191365,-22250.03123756469,6.763661188854404e-06,4.390172255445764e-05,-0.1718504828355127,3.471278885040668e-10,0.7040642853507002,0.1108046263421503,-0.695290480797464,3.127389473346164e-05,4.921840650500925e-06,-3.088417032090576e-05
20653.80155810529,26.75856147663549,-81.4347161129611,3362.277580986698,-22323.4984922271,6.59731284890642e-06,4.380218464654349e-05,-0.1720213647907415,3.451897364400425e-10,0.7043662835258661,0.1085161003944958,-0.6959569795060701,3.12003507858214e-05,4.806789418240726e-06,-3.082785533648092e-05
20701.41348791042,26.79844879707744,-81.57992018805682,3320.728563663683,-22433.52449186442,6.456915143698091e-06,4.362035656965297e-05,-0.1724716196765226,3.427067208122393e-10,0.704450671275842,0.1067731108664516,-0.6963118920834864,3.106279793286475e-05,4.708167232634011e-06,-3.070391793774107e-05
20749.1351745491,26.82707374165731,-81.76603789696289,3258.633610195613,-22518.79022184589,6.294266323658004e-06,4.349653256487932e-05,-0.1727289714056285,3.406238681058414e-10,0.7044692902540561,0.1045217845654336,-0.6966722166573823,3.096071370756335e-05,4.593626852019288e-06,-3.061804019897597e-05
20796.96687103696,26.86697536020534,-82.01852369979966,3173.997269296677,-22637.2648925587,6.074403170949548e-06,4.332324888088315e-05,-0.1732383682713295,3.380618617226005e-10,0.7045288847940688,0.1014677030447411,-0.6971838027005494,3.082062313724037e-05,4.438849710267706e-06,-3.049930202180785e-05
20844.90883097289,26.90917006320861,-82.3912307367832,3041.735736260866,-22770.16435322172,5.763782787993799e-06,4.314716752488903e-05,-0.1738546443746171,3.35315760275784e-10,0.7048133067704837,0.09697796643473146,-0.6981096414080872,3.068041358232609e-05,4.221435790172145e-06,-3.038860407211941e-05
20892.96130854039,26.94121068859533,-82.83415719508635,2876.780971204169,-22881.76157292466,5.408999160506025e-06,4.302288925633489e-05,-0.1743048966204953,3.329129396917387e-10,0.7051988428543079,0.09163689798475921,-0.6992196270777771,3.057811248589392e-05,3.973465644235686e-06,-3.031884783388148e-05
20941.12455850892,26.94900543639064,-83.2417397895934,2717.10914950501,-22928.41919414993,5.096856463730017e-06,4.300999891524562e-05,-0.1742586097435393,3.314713662994055e-10,0.7052593007147258,0.08667650507397923,-0.6999127550722193,3.054502454156257e-05,3.753989450374486e-06,-3.031346379830481e-05
20989.39883623524,26.95398753014383,-83.82094087313446,2487.638471598624,-22977.31459633507,4.657231517678223e-06,4.30169716988223e-05,-0.1742285820340442,3.300052592060778e-10,0.7056324898868931,0.07964741923392682,-0.7011230272879014,3.053112589339426e-05,3.446164141484975e-06,-3.03360116203207e-05
21037.78439766475,26.9308944382003,-84.3819068081395,2257.717046046097,-22951.34885060429,4.244932554230971e-06,4.315285127074002e-05,-0.1736314314831383,3.296187571673312e-10,0.7059594169205443,0.07282147430172238,-0.7021935140823493,3.061077452338438e-05,3.15757772597478e-06,-3.044748298013985e-05
21086.2814993329,26.91649813437431,-84.83390542126014,2073.978891902736,-22939.58020386146,3.909289938230497e-06,4.323933595867701e-05,-0.1731432629320178,3.29029369784092e-10,0.7062420424169858,0.06731525179500625,-0.7030266562180203,3.066156061264798e-05,2.922497598705126e-06,-3.052196433699261e-05
21134.89039836646,26.87743341809455,-85.34351704311888,1862.503284692644,-22866.72761219869,3.538484891019014e-06,4.344345098761262e-05,-0.1721964326864285,3.29318488289949e-10,0.7064726401598481,0.06108819733892878,-0.7038265577827441,3.079281423011813e-05,2.662633208109537e-06,-3.067748021936675e-05
21183.61135248502,26.82571442809182,-85.71662436797965,1704.252362672016,-22754.13032807817,3.273285792661932e-06,4.370290055546785e-05,-0.1709544353515542,3.301869391834473e-10,0.7065991382491031,0.05652238328539452,-0.7043348368227388,3.096648924559129e-05,2.47707601013987e-06,-3.086725693412537e-05
21232.44462000219,26.76419075462058,-86.148003423246,1522.987658942312,-22619.24549009287,2.963300663893608e-06,4.401061609659674e-05,-0.1695501763073464,3.313919980801814e-10,0.7067149827727576,0.05123494405586301,-0.7048553379120368,3.117294222421891e-05,2.259954847211812e-06,-3.109091396216995e-05
21281.39045982712,26.72185587060778,-86.42088953823256,1408.92242225091,-22525.22826579115,2.766004548685892e-06,4.422165682041414e-05,-0.1684571047902791,3.32009821307146e-10,0.7069874781422425,0.04790444667462546,-0.7053626430700209,3.132480865318701e-05,2.12252362610803e-06,-3.12528163629359e-05
21330.44913146576,26.66430503018583,-86.74887766590282,1272.156910153123,-22395.64351527479,2.52821801302435e-06,4.450792893289752e-05,-0.1671027809687287,3.331628631486242e-10,0.7072093439778813,0.0438883145925577,-0.7058462099153398,3.152671217598119e-05,1.956498841298903e-06,-3.146594497089125e-05
21379.62089502233,26.60811459946599,-87.01194767898005,1162.313283496722,-22267.10000954124,2.337836676765821e-06,4.478727364356486e-05,-0.1657615470471315,3.343154688385367e-10,0.7072817455475511,0.04065989301803993,-0.706112059580172,3.171989022460929e-05,1.823498699345231e-06,-3.166743261388189e-05
21428.90601120058,26.5534896859581,-87.22848426091353,1071.845867821508,-22141.07520284144,2.181314770533242e-06,4.505932786176312e-05,-0.1644443053723663,3.35445078600737e-10,0.7072867840199043,0.038000026437296,-0.7062652425540872,3.190672714056059e-05,1.714236010431056e-06,-3.186064393138857e-05
21478.30474130534,26.51206896435906,-87.38526175003268,1006.765983420933,-22045.56877237208,2.067193497654146e-06,4.526618615329279e-05,-0.1633583881807845,3.36123458569544e-10,0.7074268679026132,0.0360832506853568,-0.7065060314324847,3.205542459843798e-05,1.635029674572978e-06,-3.201369900760312e-05
21527.81734724373,26.46752719480318,-87.51046701783146,953.9802757938761,-21941.72230472607,1.977779096370517e-06,4.548928401747203e-05,-0.1622149383942983,3.369375528805636e-10,0.7074384991940245,0.03454862926670793,-0.7065943831914356,3.221080213891762e-05,1.573054142160189e-06,-3.217236819225984e-05
21577.44409152667,26.4027306820347,-87.64764211981171,895.1195262798365,-21789.94596408811,1.882072981529806e-06,4.581541052784927e-05,-0.1607223541017896,3.385041351562153e-10,0.7074285992119387,0.03286517897638099,-0.7066647741283105,3.243799139764301e-05,1.506979494616753e-06,-3.240296743689328e-05
21627.1852372702,26.36458785663036,-87.79899732263938,834.1384925715251,-21703.33742147865,1.768251662820773e-06,4.600790255582074e-05,-0.1597153487300333,3.390733126359789e-10,0.7077366885997569,0.03102063792366726,-0.7070565326852994,3.258504035183203e-05,1.428227128484937e-06,-3.255372516318188e-05
21677.04104819695,26.31203058314096,-87.90958322516906,787.7382347286145,-21581.36527346423,1.689063059792348e-06,4.627461922786074e-05,-0.1584524822509991,3.402054105294463e-10,0.7076168527072463,0.02965972787201355,-0.7069949863880697,3.276602094182661e-05,1.373386262445812e-06,-3.273722557783945e-05
21727.01178863744,26.26205570794427,-88.0155222876392,743.7874164701595,-21466.01954736182,1.612221427349357e-06,4.65293925492827e-05,-0.1572431198871337,3.412468185561406e-10,0.7077142900354827,0.0283652305398454,-0.7071456215072315,3.29487872450845e-05,1.32058933862743e-06,-3.292231195892151e-05
21777.09772353159,26.23509208906014,-88.09224822727224,712.963141777775,-21404.60948068371,1.55442898989502e-06,4.666713262510723e-05,-0.1564326636657992,3.414387619027414e-10,0.7077225910635209,0.02742746696506113,-0.7071909218574176,3.304520659136183e-05,1.280651944113013e-06,-3.302038172498651e-05
21827.29911843002,26.17066012498678,-88.24658733498555,650.7479976397096,-21257.67323936752,1.438714404512254e-06,4.699779454845987e-05,-0.155001484898375,3.430081227000485e-10,0.7078257576851816,0.02553502764587266,-0.7073650158197859,3.32813332963601e-05,1.200634134300661e-06,-3.325966962642532e-05
21877.61623949553,26.13632725806662,-88.28222849515392,635.1360617237902,-21178.43485292492,1.414779070707766e-06,4.717541356248228e-05,-0.1540685491917378,3.434996273867037e-10,0.7078636273479346,0.02510528191538658,-0.707418291919374,3.340826891037938e-05,1.184866656367785e-06,-3.338725089903105e-05
21928.04935350448,26.10192422925831,-88.25998694583168,640.9120323078456,-21097.69498698832,1.438559423767383e-06,4.735484187122258e-05,-0.15312818714026,3.440211333550652e-10,0.7077243191659851,0.0253838523512226,-0.7072689530714383,3.352912561313448e-05,1.20258460954454e-06,-3.350755220302189e-05
21978.59872784825,26.04137903401754,-88.28516804548154,627.455426963108,-20958.21258413074,1.427201555166431e-06,4.767126445674802e-05,-0.151765959806562,3.455141917756068e-10,0.7078352070607196,0.02508591640946227,-0.7073905407570766,3.375800420154493e-05,1.196394956202832e-06,-3.37367972217325e-05
22029.26463053456,26.00903671504604,-88.39926169642537,583.6932890660953,-20886.89963832119,1.336896270248353e-06,4.783953961197814e-05,-0.1509016927735037,3.458964873487226e-10,0.7076885599295646,0.02368132573444657,-0.7072922257925928,3.386819392909784e-05,1.133328667277309e-06,-3.384922637448169e-05
22080.04733018899,25.96463651773245,-88.50319176675112,543.1914937312894,-20787.89982052557,1.256132061927508e-06,4.807208464427229e-05,-0.1498410290276968,3.4674444834897e-10,0.707942019417529,0.02241535835791909,-0.7075870650080137,3.404334193257043e-05,1.077904246660748e-06,-3.402627297211581e-05
22130.94709605638,25.93126459786944,-88.43790876042812,564.7680078203722,-20709.93328353331,1.315799854908358e-06,4.82501254184036e-05,-0.1489357070382695,3.472493422753123e-10,0.7079031849984497,0.02322933864959467,-0.7075219552472218,3.416858823737734e-05,1.121217878609112e-06,-3.415018729969322e-05
22181.96419800219,25.90645782313469,-88.49798603059439,541.5993885857739,-20655.10101066001,1.268600926619567e-06,4.8380926629119e-05,-0.1481997444664985,3.473703997823209e-10,0.7078303495777151,0.02249420481359723,-0.7074728366044269,3.425672756892358e-05,1.088647649311292e-06,-3.423942508318587e-05
22233.09890651403,25.85971254331234,-88.53487188971593,525.6087075454394,-20550.14582044102,1.243794760459324e-06,4.862964279550093e-05,-0.1471075760664285,3.483415048968539e-10,0.7080541692596259,0.0220547981938217,-0.7077105993854895,3.444314529314267e-05,1.072850993018023e-06,-3.442643240928859e-05
22284.35149270303,25.82864257330818,-88.5472442447324,519.3986285638412,-20480.36742785284,1.237502472465156e-06,4.8795864939115e-05,-0.1462708804224507,3.487244418302202e-10,0.7079554570695979,0.0219080280254461,-0.7076163985540892,3.455586545139663e-05,1.069348164765001e-06,-3.453931573725138e-05
22335.72222830532,25.78064012621093,-88.58840424168295,502.0466856445114,-20373.63446924497,1.208769376500426e-06,4.905325767228491e-05,-0.1451739326529843,3.497450862546768e-10,0.7079763770209492,0.02140944617089927,-0.7076525885166849,3.473854384986756e-05,1.050505368185691e-06,-3.472265639723702e-05
22387.2113856834,25.75278403910251,-88.57486854833905,505.3039986941352,-20310.97945830861,1.224115184187986e-06,4.920400080921507e-05,-0.1443946154854732,3.500171020053312e-10,0.7078361081537975,0.02158149445926845,-0.707507028306588,3.483859462838776e-05,1.062207661180638e-06,-3.482239782906482e-05
22438.81923782766,25.72550972753859,-88.66036335223673,473.6088443662125,-20252.38931270681,1.154063830796896e-06,4.934990186741529e-05,-0.1436469465873202,3.502223552840262e-10,0.7080515079105644,0.02054116966428031,-0.7077534868887947,3.495127094523481e-05,1.013965761596802e-06,-3.49365598495548e-05
22490.54605835781,25.69132946036386,-88.68125076305498,464.4860288509082,-20176.9894288289,1.140328110653825e-06,4.953515672146071e-05,-0.1427829985087305,3.507226106279951e-10,0.7080024892608318,0.02029094076917014,-0.7077116662329626,3.507974663060657e-05,1.005365195569111e-06,-3.506533707938784e-05
22542.39212152429,25.64208314432005,-88.68798595613143,459.6232849496766,-20068.28464826621,1.140653585071719e-06,4.980374489249579e-05,-0.1416871237057867,3.518113765945596e-10,0.7080013773129902,0.02021692877157298,-0.7077126719708615,3.526980188430577e-05,1.0071266742286e-06,-3.525541973683246e-05
22594.35770220978,25.61206724105148,-88.71128954153681,449.9838943480661,-20002.80973653351,1.124074856103124e-06,4.996768941881285e-05,-0.1409000462529033,3.521511634830743e-10,0.7081161008069868,0.01994154758721823,-0.7078352540682877,3.539130792720526e-05,9.966691202190693e-07,-3.537727133998698e-05
22646.44307593059,25.57947748563301,-88.73911317988494,438.7077186179578,-19932.03707933436,1.103726730165305e-06,5.014619341645388e-05,-0.1400786082136941,3.525887451435856e-10,0.7079704975944726,0.01960303540140891,-0.7076990507745621,3.551004987494691e-05,9.832397920105291e-07,-3.549643477354626e-05
22698.64851883821,25.55567901794229,-88.74868328324726,434.2456520350104,-19880.24850123333,1.09820824563937e-06,5.027719385812976e-05,-0.1393933130530044,3.526942041287529e-10,0.7081067234170041,0.01949785530810662,-0.7078382339113575,3.560953281202917e-05,9.805153593342469e-07,-3.559603091246398e-05
22750.97430772071,25.52734287630459,-88.74316733205174,434.802461799413,-19818.35028369609,1.106491297090801e-06,5.043401093189563e-05,-0.1386397069819776,3.529820584969507e-10,0.7078817471464868,0.01956907966163635,-0.7076112061466799,3.570932432267119e-05,9.871685703868753e-07,-3.569567679419115e-05
22803.42072000419,25.48733066831618,-88.77492427967741,421.9720842277699,-19732.27825382155,1.083254984449096e-06,5.065522002979459e-05,-0.1377201105536519,3.537063858042337e-10,0.7079250013707674,0.01918736387497776,-0.7076649296336016,3.58677075255152e-05,9.721464199184254e-07,-3.585453073844559e-05
22855.9880337543,25.45822801486686,-88.75384468978675,427.854781890525,-19668.82257983176,1.105437540525052e-06,5.081783768221649e-05,-0.1369614970814069,3.540313888402743e-10,0.7081409798198475,0.01946299414606276,-0.70787346267471,3.599411385013203e-05,9.892849688434336e-07,-3.598051621512241e-05
22908.67652767772,25.42539789690848,-88.81091160667278,406.8166072816955,-19599.49170101992,1.058575867939274e-06,5.099975902460974e-05,-0.1361648274415665,3.544666030052181e-10,0.7079920103887346,0.0187633550165782,-0.70774333150006,3.611460179259967e-05,9.571168668200578e-07,-3.610191670730644e-05
22961.48648112362,25.39721668927543,-88.76048054309108,422.7394010806175,-19537.73667912039,1.106932020704389e-06,5.115905043846311e-05,-0.1354236090884686,3.547691762390565e-10,0.7080572796264331,0.01939746674318384,-0.7077915297006118,3.623141424492912e-05,9.925717496264174e-07,-3.621781577496767e-05
23014.41817408509,25.36748667041747,-88.79177933972346,410.7361055504289,-19474.88379440659,1.082480283704386e-06,5.13253581801099e-05,-0.1346774877633105,3.550955719732463e-10,0.7080851605310883,0.01902097600182289,-0.707829638427408,3.635019955428318e-05,9.764592056482411e-07,-3.63370820933095e-05
23067.47188720069,25.34887827289703,-88.80743309801805,404.5941868379014,-19435.54825042015,1.070626238897959e-06,5.142982425648104e-05,-0.1340963409809874,3.5499589870326e-10,0.7079308394556845,0.01883291255350724,-0.7076802914149736,3.641603602758204e-05,9.687669809386133e-07,-3.640314781030338e-05
23120.64790175594,25.31095065163369,-88.81352254601877,400.8598219636206,-19355.01836011795,1.069594367093377e-06,5.164403484380587e-05,-0.1332335866510562,3.556530553681943e-10,0.7079488697702582,0.01876762570880021,-0.7077000624800314,3.656856043242418e-05,9.694274321365836e-07,-3.655570848107967e-05
23173.94649968479,25.28676745435591,-88.77948061032403,411.2546093269139,-19302.92083751907,1.10323398262224e-06,5.178212656794735e-05,-0.1325693604861173,3.557927564107296e-10,0.7079678502790013,0.01919808277378972,-0.7077075035962818,3.666777950162596e-05,9.94326318244348e-07,-3.665429536565541e-05
23227.36796357108,25.25563633263169,-88.84249574185472,388.7176711105926,-19238.67820505799,1.049799984195129e-06,5.195741170680903e-05,-0.1318242660852279,3.561598019469979e-10,0.7081784057788403,0.01843469278925914,-0.7079384270635586,3.680200105821091e-05,9.579981230746234e-07,-3.67895300525128e-05
23280.91257665008,25.22104611752222,-88.83328146407044,390.3254768478124,-19165.6432725011,1.062184606649574e-06,5.215506665101694e-05,-0.131021791105123,3.56694761483685e-10,0.7080109468987912,0.01855367160773337,-0.7077678024595322,3.693338433509927e-05,9.678521035827865e-07,-3.692070070772962e-05
23334.58062281002,25.19805864174266,-88.85627955629835,381.6775322133371,-19117.96465032304,1.043855112747318e-06,5.228598348410943e-05,-0.1303952543711333,3.567619075748107e-10,0.70786689545272,0.01827539528497426,-0.7076309430805369,3.701825666755943e-05,9.557210228451333e-07,-3.700591741913447e-05
23388.37238659355,25.17954010307494,-88.91674215877408,360.7895227154228,-19080.64086505559,9.90632914373495e-07,5.239040958285571e-05,-0.1298413699268585,3.56637637566394e-10,0.7080126668787132,0.01754181129126236,-0.7077953244528601,3.709906444455844e-05,9.191711081071781e-07,-3.708767594680908e-05
23442.28815319923,25.14723122956032,-88.79486468076789,399.9132557642767,-19010.28226434687,1.106105414158795e-06,5.257984283890624e-05,-0.1290650627690576,3.571343028733724e-10,0.7079745100642023,0.01905592027913254,-0.7077180079685429,3.72327794898423e-05,1.002161614073669e-06,-3.72192898997079e-05
23496.32820848307,25.11038521282958,-88.87932539057971,370.419917332212,-18935.72956334106,1.032676004663415e-06,5.279001650799594e-05,-0.1282632305063308,3.577157721635222e-10,0.7080675183793922,0.01802461065159429,-0.7078380633978434,3.738539663467333e-05,9.516849748138686e-07,-3.737328159582133e-05
23550.49283896009,25.09249930207928,-88.87925639673108,369.7174822095565,-18898.65755440702,1.034765392360701e-06,5.289356803607226e-05,-0.1277176995043167,3.575931377190422e-10,0.7080457989354244,0.01803453574774081,-0.7078160840998649,3.745757971482151e-05,9.540767862848508e-07,-3.744542716511697e-05
23604.78233180577,25.05415247119631,-88.87500699330751,369.5623047174299,-18819.35179889744,1.043063869954505e-06,5.311630993426757e-05,-0.1268892389041042,3.582741471300125e-10,0.708045237695087,0.01809666512142497,-0.7078139369454202,3.761534042814188e-05,9.613965081841624e-07,-3.760305243300145e-05
23659.19697485759,25.03558931355578,-88.87979473030563,367.2439211866638,-18781.24142090287,1.040734627363701e-06,5.322426639071858e-05,-0.1263410340053157,3.581754674390338e-10,0.707932032141343,0.01804430347304645,-0.707702031397356,3.768570077579662e-05,9.605614529632235e-07,-3.767345703088527e-05
23713.73705661656,25.00031437283963,-88.84626894818332,376.7636370794093,-18708.04162603107,1.076059331959846e-06,5.343127837504404e-05,-0.1255591766596322,3.587499127211734e-10,0.70799033088579,0.01846961331221068,-0.7077493779664294,3.783582843365083e-05,9.870376614358118e-07,-3.782295162881353e-05
23768.40286624876,24.97484671424846,-88.88338411976011,363.6420713736539,-18656.8348788876,1.044319118878368e-06,5.357930474925432e-05,-0.1249275144877615,3.589071942398179e-10,0.7080362456985049,0.01802202485238941,-0.7078068464228454,3.794261947321254e-05,9.657737654890717e-07,-3.79303263039339e-05
23823.1946935869,24.95763000417376,-88.86631913296921,368.4976560201728,-18621.29428985613,1.06229457368572e-06,5.368093814424739e-05,-0.1244027541695445,3.587651651356656e-10,0.7081154663561041,0.01824461541336812,-0.7078803908155256,3.801906462884649e-05,9.795622966671161e-07,-3.800644330846225e-05
23878.11282913178,24.93196034811024,-88.89149503880105,359.312868823484,-18569.64372670387,1.041605005658685e-06,5.383117482645803e-05,-0.1237723689350616,3.589356209766401e-10,0.707997929262636,0.01794035149347288,-0.7077705925146024,3.811880926259822e-05,9.659136113517894e-07,-3.81065693876233e-05
23933.15756405388,24.90457114981617,-88.8850741481924,360.3100716318111,-18513.91338793959,1.050788926294827e-06,5.399298188452552e-05,-0.1231170949248831,3.591880702489858e-10,0.7080268841918731,0.01803018691342579,-0.7077972740116474,3.823503131437507e-05,9.736703176542791e-07,-3.822263185239552e-05
23988.3291901949,24.87227926349562,-88.87856041320514,361.1343602616314,-18448.45909609888,1.060674748032313e-06,5.418430605485114e-05,-0.1223996650326492,3.596334125108828e-10,0.7079095597109282,0.01811745515654632,-0.70767768266971,3.836424087314654e-05,9.818519952153203e-07,-3.835167459749703e-05
24043.62800006933,24.84770209857625,-88.84194586917963,371.9093485541632,-18398.04694626612,1.098287953436982e-06,5.433139394426749e-05,-0.1217844542731471,3.597894370952544e-10,0.7079077972015635,0.01857946770169473,-0.7076639405245202,3.846877393834842e-05,1.009636206490087e-06,-3.845552239991416e-05
24099.05428686596,24.81623237228231,-88.84742780544767,368.8789435696274,-18334.95183934224,1.096853346507984e-06,5.451857210507672e-05,-0.1210876651775305,3.601972212412048e-10,0.7079110751995856,0.01852169338125707,-0.7076687341295531,3.860140448951864e-05,1.009962130962805e-06,-3.858818996866076e-05
24154.6083444494,24.80733031148769,-88.90830853552023,349.0765252738053,-18318.53767865514,1.039875543415287e-06,5.456969444801098e-05,-0.1207010182155598,3.596907997889638e-10,0.7079833788693445,0.0177814227877698,-0.7077600481511346,3.864074003680107e-05,9.704851214500938e-07,-3.862855095937052e-05
24210.29046736178,24.77433913042958,-88.86368350888696,362.019949781142,-18251.51339818485,1.086335344742419e-06,5.47684295063698e-05,-0.1199828056646037,3.601813736719033e-10,0.7078915333207535,0.01834017360979091,-0.707653913279062,3.877701704315207e-05,1.004641518037464e-06,-3.876400064731634e-05
24266.10095082416,24.74921533077609,-88.87597302074427,357.126829107817,-18201.72945343017,1.077531593662275e-06,5.491869259546166e-05,-0.1193803331324378,3.603358536234408e-10,0.7079218271067514,0.01819908145658632,-0.7076878596728206,3.888490210415695e-05,9.996435675915721e-07,-3.887205068410518e-05
24322.04009073816,24.72298513791635,-88.8602358166236,361.0837143605087,-18149.23137017132,1.095770382898827e-06,5.507695145718012e-05,-0.1187622368479368,3.605470068125598e-10,0.7078212745688217,0.01840078368799105,-0.7075820573558229,3.899162565874573e-05,1.013640724244636e-06,-3.897844794234259e-05
24378.10818368753,24.6973814131217,-88.87023141154933,356.9204634365777,-18098.73804849912,1.089195885264289e-06,5.523099130012292e-05,-0.1181594405291659,3.607213414103719e-10,0.7077739257774415,0.01828607878315887,-0.7075376663705949,3.909792381759184e-05,1.010135707388636e-06,-3.908487268367231e-05
24434.30552693972,24.66804851980712,-88.95331877422501,329.6421856624112,-18042.74736933718,1.012261005546929e-06,5.540543774217875e-05,-0.1175229812700127,3.610085297751097e-10,0.7078981613420998,0.01727304025392796,-0.7076873949081697,3.922721472460556e-05,9.571620552071794e-07,-3.921553538905702e-05
24490.63241844745,24.64673410231637,-88.95608551360557,328.0068496593258,-18000.83128274105,1.011937323243374e-06,5.553455070627868e-05,-0.116980289829244,3.610169312425309e-10,0.7078913345577602,0.0172487086519288,-0.7076811595569065,3.931820985135375e-05,9.580401868672134e-07,-3.930653616022962e-05
24547.08915685031,24.62396045171067,-88.9526224600974,328.2758050861839,-17956.01137148415,1.017827070559391e-06,5.567304738882811e-05,-0.1164206456303381,3.61085675372431e-10,0.708024233491555,0.01730476126312967,-0.7078127297872864,3.942370490232656e-05,9.6355148478258e-07,-3.941192810256687e-05
24603.67604147628,24.5959794747085,-88.93964942676142,331.3228643721058,-17900.90464130638,1.033600467684989e-06,5.58439679202423e-05,-0.1157964141081096,3.613642227561138e-10,0.707828931555527,0.01747026093455819,-0.7076133028214756,3.953399185257174e-05,9.757571676694665e-07,-3.952194845587639e-05
24660.39337234339,24.5646154486522,-88.94544805942616,328.3861134198508,-17839.81706302352,1.031470617123355e-06,5.603539968158799e-05,-0.1151358385312539,3.61767655209505e-10,0.7078636359027289,0.01740957661381763,-0.7076495133012943,3.967138077905295e-05,9.756991431945264e-07,-3.965938053094856e-05
24717.24145016131,24.53088806601995,-88.93345872869581,330.8942172369008,-17773.95098691523,1.047057969892668e-06,5.624261793613432e-05,-0.114446920120294,3.622731550619325e-10,0.7078467149455261,0.01756733434673892,-0.7076286883833376,3.981728397882944e-05,9.881850486358167e-07,-3.980501970556478e-05
24774.22057633286,24.5072226032629,-88.97055218327294,318.5744999987854,-17728.93177916792,1.013224458961468e-06,5.63867707866784e-05,-0.1138944863956334,3.623577570677527e-10,0.707917418319793,0.01712104305229183,-0.7077103510938373,3.992284881007141e-05,9.655374985258493e-07,-3.991117129890779e-05
24831.33105295571,24.48764530595794,-88.92677133899682,331.3979348777132,-17690.06265205221,1.058616523264273e-06,5.650908062523985e-05,-0.1133834069818945,3.623187093278596e-10,0.7080372503350344,0.0176749523712676,-0.7078166033095505,4.001677650093094e-05,9.989511404533194e-07,-4.000430599503566e-05
24888.5731828239,24.45705678366186,-88.97052892303228,316.8416369246961,-17632.09804945887,1.018811996463433e-06,5.669644049932006e-05,-0.1127519661749426,3.626737638149198e-10,0.7078245730998821,0.01713940078897346,-0.7076170342951229,4.013682890835475e-05,9.718809196550382e-07,-4.012506052701419e-05
24945.94726942955,24.4332060517611,-88.91869186321938,331.9114482483412,-17585.05896592968,1.072950987738956e-06,5.684620547594002e-05,-0.1121925348739889,3.628075388033554e-10,0.707829752475392,0.01778991722850485,-0.7076061597628851,4.024381286318393e-05,1.011449571442493e-06,-4.023110045140944e-05
25003.45361696432,24.40952212660832,-88.91203643436495,333.0897558986835,-17539.50592610393,1.082355590235455e-06,5.69935939274604e-05,-0.1116445396021235,3.629132095072026e-10,0.7079186639517256,0.01788457466709361,-0.7076927135135513,4.035330860878382e-05,1.019469887754337e-06,-4.034042881308662e-05
25061.09253032114,24.3845870419667,-88.9348995734078,325.2120753375019,-17492.37206404342,1.06247608311742e-06,5.714802236586656e-05,-0.1110884322791101,3.630541666686686e-10,0.7078567031692156,0.01761087744488743,-0.7076375973739751,4.045880037774391e-05,1.006580811949003e-06,-4.044627699894203e-05
25118.86431509579,24.3674699624122,-88.9560188331168,318.1761531100259,-17460.21266405395,1.043336435607348e-06,5.725405838180746e-05,-0.110629171687904,3.62886325000844e-10,0.7078820689103367,0.01736092683778761,-0.7076691470624613,4.053504394844383e-05,9.941287726622382e-07,-4.052285152707837e-05
25176.76927758856,24.336321530181,-88.92215647445138,327.3698374592392,-17400.20412306612,1.080877000735748e-06,5.745025439941829e-05,-0.1099953876710903,3.633003268541615e-10,0.707834957896648,0.01778826716551783,-0.707611408310944,4.067168235225654e-05,1.022100905983584e-06,-4.065883735549805e-05
25234.80772480576,24.30798697695437,-88.99669087199413,303.8164849829266,-17348.21558360814,1.009179771055501e-06,5.762514246674599e-05,-0.109414515619272,3.635509812898876e-10,0.7079404496823646,0.01688056824323109,-0.7077391657328668,4.08006057826474e-05,9.728747814709102e-07,-4.078900522065448e-05
25292.97996446145,24.28291074749395,-88.96579206579142,312.3070990268067,-17300.13345499911,1.043137221868456e-06,5.77841912861939e-05,-0.1088603145766658,3.637229278089469e-10,0.7080395221628784,0.01727499326633278,-0.7078287501594472,4.091933208556469e-05,9.983640236375859e-07,-4.090715105705884e-05
25351.28630497907,24.25147840388982,-88.9643932909341,311.659037217387,-17240.91076487064,1.04813548978014e-06,5.798262938285571e-05,-0.1082381437622164,3.641329064349145e-10,0.7077713267800618,0.01729608145341403,-0.7075599597054415,4.104431554655438e-05,1.003015801900991e-06,-4.103205817389937e-05
25409.72705549305,24.22918540132067,-89.00981931639953,297.2799985236331,-17200.08660116167,1.004557286743059e-06,5.812187975517297e-05,-0.107733498994503,3.641577005707929e-10,0.7078344732754372,0.01674697464678839,-0.7076363334349753,4.114597717771145e-05,9.734912082253611e-07,-4.113445943216295e-05
25468.30252585042,24.21531628491557,-88.97542457057638,307.1296334979729,-17173.31443589564,1.041057206257324e-06,5.821125934736637e-05,-0.1073184158610481,3.638865554003065e-10,0.7076933971996836,0.01717874893166117,-0.7074848655802979,4.120146905500113e-05,1.000136069252827e-06,-4.118932847392872e-05
25527.01302661247,24.17876820194235,-88.99029833966642,301.472827321765,-17105.38190691858,1.03002494830209e-06,5.844297899377977e-05,-0.1066480469580438,3.644914594545465e-10,0.7077740809644789,0.0170074553562879,-0.7075697111574354,4.136999986913295e-05,9.94100299498289e-07,-4.135805427926461e-05
25585.85886905645,24.15836729269674,-88.96487856355505,308.3673302757387,-17066.81328686853,1.058331515730046e-06,5.85741244327734e-05,-0.1061628500076118,3.644749578158571e-10,0.7077765776142387,0.01733188806826426,-0.7075643359266447,4.146330434012972e-05,1.015344916026855e-06,-4.145087069656943e-05
25644.84036517718,24.13017763719719,-88.99820272570356,297.535783321851,-17015.22635333065,1.027379665669173e-06,5.875292499947968e-05,-0.1055985275555584,3.6473916602642e-10,0.7077864089682935,0.01693106736593138,-0.7075838746594517,4.159001695303783e-05,9.948811814690496e-07,-4.157811589753356e-05
25703.95782768863,24.11133561878567,-88.96469815765801,306.8444626487283,-16979.56915041125,1.063954735005693e-06,5.88750823136665e-05,-0.1051348737799267,3.646644821387782e-10,0.7077729253543831,0.01735500628565272,-0.7075601159064339,4.167612500697239e-05,1.021922972110726e-06,-4.166359404847188e-05
25763.21157002575,24.08924160022485,-89.0011659970158,295.3365255181312,-16939.5737121475,1.028916697843261e-06,5.901542390057441e-05,-0.104645994263172,3.646847934906407e-10,0.7078826983482714,0.01691780201030912,-0.7076805088427757,4.17814722245098e-05,9.985420980662575e-07,-4.176953836141685e-05
25822.60190634596,24.05822803873032,-88.92000870664035,318.2270570883621,-16880.60631215871,1.116366268776933e-06,5.921853300539525e-05,-0.1040418756681551,3.651170301567182e-10,0.7078711532984949,0.01793044661973803,-0.7076440268639015,4.192565810670114e-05,1.061981083953842e-06,-4.191220590540803e-05
25882.12915153092,24.03204653254748,-88.9803975106972,299.5982644026207,-16833.91738031423,1.056893853187975e-06,5.938506966922435e-05,-0.1035154854143483,3.652876086794729e-10,0.7078092702418826,0.01719366474969224,-0.7076004104950911,4.203907155381046e-05,1.021187109399589e-06,-4.20266667009649e-05
25941.79362118814,24.01620508276272,-88.94300141891797,310.0380300580302,-16804.04843960567,1.09758788894967e-06,5.948921830390491e-05,-0.1030941581053409,3.650952703329202e-10,0.7078645735044142,0.01766748103902283,-0.7076440592107885,4.211658353306869e-05,1.051181212975722e-06,-4.210346335582668e-05
26001.59563165272,23.98425101469282,-89.00155363957589,291.8660089275079,-16747.01655277304,1.040343434493149e-06,5.969399719428394e-05,-0.1025079577489839,3.65496045174109e-10,0.7078168921358785,0.01695379293333346,-0.7076138224328772,4.225793529811266e-05,1.012171781705476e-06,-4.224581167339308e-05
26061.53549998895,23.95565978854568,-88.99325374727756,293.374994946547,-16694.79181175056,1.052269513746181e-06,5.98804286815421e-05,-0.1019532652146044,3.657961447431076e-10,0.7078577846247898,0.0170679328264146,-0.707651982914588,4.239246415964475e-05,1.022171043872229e-06,-4.238013902624476e-05
26121.61354399207,23.94617210514794,-88.98052476996307,296.773187938354,-16677.26310679963,1.066688461027893e-06,5.994289524983836e-05,-0.1016119795287967,3.653384242161215e-10,0.7077596647341333,0.01723343094916347,-0.7075498228975069,4.243096761992432e-05,1.033163073596234e-06,-4.24183873718276e-05
26181.83008218985,23.91989583934844,-89.01876694255886,284.8375730418884,-16630.49886437369,1.02957820829229e-06,6.011285323397557e-05,-0.1010940064938289,3.655231222200163e-10,0.7077779180563203,0.01677230147833459,-0.7075791624908545,4.255187074233707e-05,1.008356980841569e-06,-4.253992148408069e-05
26242.18543384442,23.88390213235159,-88.99754574202389,289.8533752147017,-16565.02561064858,1.055993361365072e-06,6.034967528920485e-05,-0.1004644112063321,3.661238495008133e-10,0.7076307997216945,0.01704155241814104,-0.7074255679617076,4.271089908399127e-05,1.028587260266273e-06,-4.269851178683988e-05
26302.67991895381,23.86259623294794,-88.99335099035659,290.3909182881086,-16526.5766574507,1.062877367879532e-06,6.048992303644578e-05,-0.1000006986179768,3.661316132779478e-10,0.7078392446432624,0.01710912737558319,-0.7076324427395838,4.282281690368122e-05,1.035066979587443e-06,-4.2810305814301e-05
26363.3138582538,23.837426613491,-88.98112131627781,293.111068710608,-16481.11512392661,1.078752188466793e-06,6.065632078146609e-05,-0.09949625277545647,3.662971491519224e-10,0.7076700976037446,0.01726681503687448,-0.7074594151899992,4.293051184214189e-05,1.047484145404268e-06,-4.291773088122684e-05
26424.08757321946,23.81077149215684,-88.95863472544086,298.7049592775999,-16432.89758697936,1.105784920291121e-06,6.083344043673132e-05,-0.09897699865865195,3.665270091010786e-10,0.7077680044690451,0.01755769009746842,-0.7075501930382999,4.306212755313808e-05,1.068247625975755e-06,-4.30488754372554e-05
26485.00138606701,23.79353577868112,-88.99507471394011,287.7248411086208,-16402.93940821628,1.06905584108254e-06,6.094593055542468e-05,-0.09856933175120904,3.663519023286541e-10,0.7078071735676867,0.01711945465298833,-0.7076001125114818,4.314364897112839e-05,1.043498525739437e-06,-4.313102778013442e-05
26546.05561975539,23.76504021429309,-88.99899927545509,285.7158941209777,-16352.28514971021,1.068181203979715e-06,6.11348685825686e-05,-0.09803893466145593,3.666415497337833e-10,0.7077037540083828,0.0170793372128641,-0.7074976322772585,4.327101859873586e-05,1.04427921147239e-06,-4.32584157303597e-05
26607.2505979881,23.74164434693849,-89.04710149006445,271.310346525186,-16311.8153465904,1.019392966694257e-06,6.128829973237342e-05,-0.0975713756538379,3.667058473895501e-10,0.7077765455733143,0.0164979242487869,-0.7075842401857005,4.338345286634919e-05,1.011247015059087e-06,-4.337166542895575e-05
26668.58664521479,23.7210568433476,-89.0043837155161,282.8251896450128,-16274.40100214675,1.067522207651374e-06,6.142764195728623e-05,-0.09712368337360341,3.667035537928854e-10,0.7077488010345381,0.01703569864002267,-0.7075437444693243,4.348092979100037e-05,1.046597345590302e-06,-4.346833203018154e-05
26730.06408663312,23.68680973554339,-88.98024667342921,288.5975130746344,-16213.40478202158,1.097505118948134e-06,6.165782426283435e-05,-0.09653712415522825,3.672365563372441e-10,0.7076631470894782,0.01734258636636051,-0.7074506091924084,4.363889891353349e-05,1.06945144233311e-06,-4.362579250853887e-05
26791.68324819031,23.66730978966683,-88.96485897624865,292.3268462411538,-16178.73486545885,1.11644625890889e-06,6.178935751771362e-05,-0.0961091396519438,3.671770884251651e-10,0.7076966576333242,0.01754435822433299,-0.7074791549719857,4.373426977599845e-05,1.084207036098917e-06,-4.372082853678194e-05
26853.44445658508,23.64277518506127,-88.98550240962402,285.741310145579,-16136.12520875216,1.097080149244304e-06,6.195331939656709e-05,-0.09563555593304458,3.672999561548579e-10,0.7075079090664517,0.01729581150525481,-0.7072964698738127,4.38383389976242e-05,1.071676568261733e-06,-4.382523788188328e-05
26915.34803926915,23.61047956461949,-88.92787670305756,300.8939421338699,-16078.31937210389,1.163536652568881e-06,6.217378046390829e-05,-0.0950737847025811,3.677726936198884e-10,0.7074322725264675,0.01801623818096585,-0.7072028247778489,4.399043572465876e-05,1.120308188470819e-06,-4.397616791863724e-05
26977.3943244492,23.59306936388961,-88.95782458864979,291.9466868428519,-16048.61140454768,1.133143553445256e-06,6.229007340850553e-05,-0.0946798569230195,3.676060669264569e-10,0.7076015827903667,0.0176618312417804,-0.70738112759998,4.408283575620781e-05,1.100313544685679e-06,-4.406910162928415e-05
27039.58364108843,23.56991283985193,-88.95906892397122,290.8660650398982,-16008.32631692738,1.134639361975125e-06,6.244687621444104e-05,-0.09422498133793417,3.676835525551995e-10,0.7076239172099252,0.0176580706665667,-0.7074035628605878,4.419517826564452e-05,1.102847942185578e-06,-4.418141587079929e-05
27101.91631890843,23.54429515379164,-88.90567620969452,304.9165370789585,-15962.64873178809,1.196224321043912e-06,6.262339466455711e-05,-0.09374003006315727,3.67887621217098e-10,0.7076197227480403,0.01832823890866187,-0.7073823207294062,4.432060693491238e-05,1.147959343650473e-06,-4.430573764676906e-05
27164.39268839082,23.51983430905445,-88.89778402564671,306.2980272105867,-15920.1279130439,1.208065169606182e-06,6.279032288445229e-05,-0.09327530643079848,3.680218285341197e-10,0.7074681726377698,0.0184328240136122,-0.7072280016333549,4.442934262815264e-05,1.157590242755034e-06,-4.441425977318162e-05
27227.01308077913,23.50430716955119,-88.8920459339793,307.3717394507812,-15893.17531357012,1.216410549581472e-06,6.289656346519849e-05,-0.09290322831506072,3.677980798747147e-10,0.7075431213549993,0.01851673218235066,-0.7073007841124328,4.450931260528268e-05,1.164829388142733e-06,-4.449406793148155e-05
27289.77782808041,23.47658121250869,-88.89359132647697,306.0211551648306,-15845.44806018716,1.218373503752187e-06,6.308607671654269e-05,-0.09241120980067952,3.680574453829564e-10,0.7074000276582932,0.0185050572449688,-0.7071579469873152,4.463436656578728e-05,1.167601747383296e-06,-4.461909215670549e-05
27352.68726306712,23.45769909358204,-88.95636539160272,288.0892927779699,-15814.41908201904,1.151533380978792e-06,6.321245506256276e-05,-0.09201812402646881,3.679314298685674e-10,0.7075920679538139,0.01774625987478579,-0.7073694967212054,4.473499793475018e-05,1.121944316226988e-06,-4.472092665825909e-05
27415.74171927882,23.44027511463985,-88.92056667287032,297.3954389068967,-15783.73305621922,1.193330372742515e-06,6.333388339941229e-05,-0.0916283484890635,3.677988816632648e-10,0.7074512750825023,0.01819580160447625,-0.7072172363707129,4.481252758906834e-05,1.152588015776373e-06,-4.479770272890007e-05
27478.94153102397,23.40881185333027,-88.88378737068636,306.4667529469218,-15729.10891170077,1.238255565419064e-06,6.35522661486524e-05,-0.09110123222547119,3.682273241939678e-10,0.707480318707525,0.01866176223542137,-0.7072341479232813,4.496944082918429e-05,1.186194146216271e-06,-4.495379352109218e-05
27542.28703338166,23.39145334661671,-88.86649331373334,310.6227439381469,-15699.11367562787,1.259833047880082e-06,6.367293643803655e-05,-0.09071837573290188,3.680823538118657e-10,0.7074525061727721,0.01888573692742393,-0.7072003799708003,4.505331771835081e-05,1.202716929705278e-06,-4.503726134455406e-05
27605.77856220346,23.36206294996338,-88.90209416445212,299.9221683663306,-15649.94970676798,1.224117759299279e-06,6.387450941871039e-05,-0.09022628539018723,3.683894509482971e-10,0.7075236878373038,0.018459443409466,-0.7072828414431607,4.519994104995772e-05,1.179276069856134e-06,-4.518455464946753e-05
27669.41645411511,23.34652873602037,-88.94249836224722,288.4124727886724,-15624.50627758327,1.181009738268329e-06,6.398022211397655e-05,-0.08987241966492183,3.681406957721441e-10,0.7075538509899195,0.01797273957557964,-0.7073255492931197,4.527607173112639e-05,1.15006800555226e-06,-4.526146280208702e-05
27733.20104651841,23.32495634183169,-88.94316224483144,287.5580706057041,-15588.00787089522,1.183032185622275e-06,6.413005547769378e-05,-0.08945626224131077,3.681539930282736e-10,0.7075168583037209,0.01797493123564392,-0.7072884889711138,4.537971495863785e-05,1.15290151224139e-06,-4.536506748402665e-05
27797.13267759288,23.28886776142098,-88.93353461634624,289.0411416023758,-15526.9221059396,1.198501115592345e-06,6.4381953940951e-05,-0.08890076659435882,3.687523166111391e-10,0.7074979868683435,0.0181046491351282,-0.7072663028184312,4.555688497422881e-05,1.165786240323663e-06,-4.55419664814442e-05
27861.21168629771,23.27017183666541,-88.9796995735762,275.9848360485414,-15496.50907191126,1.148893425151509e-06,6.451020150392663e-05,-0.0885225684809695,3.68626248774966e-10,0.7074295356422198,0.01754445845079676,-0.7072119483412558,4.56425420064409e-05,1.131948330505863e-06,-4.56285035234204e-05
27925.43841237338,23.24989923427752,-88.94382030072875,285.0502119099133,-15461.69097967373,1.191954852327325e-06,6.465400416622811e-05,-0.08812053410356113,3.686066300471565e-10,0.7074680026150038,0.01799970160625362,-0.7072389875184687,4.574728727720804e-05,1.163921926138917e-06,-4.573247838214384e-05
27989.81319634363,23.2283978221143,-88.982864516003,273.8868073516395,-15426.56789917785,1.150523807812284e-06,6.480280599295026e-05,-0.08771814655832143,3.685961686097437e-10,0.7073088805191299,0.01752523756851991,-0.7070917327400963,4.584169157903563e-05,1.135835499302331e-06,-4.582761792353986e-05
28054.33637951713,23.20062766868823,-88.96175550325952,278.7236202535104,-15379.74836598294,1.177965851145247e-06,6.499922165856212e-05,-0.08725078871382008,3.688679327223164e-10,0.7074030644830911,0.01779956868156302,-0.7071790940029398,4.598705796747022e-05,1.157119381936989e-06,-4.597249803131663e-05
28119.00830398941,23.17467379808384,-88.99833809182367,268.1598390419038,-15337.37239505949,1.139617398056662e-06,6.518029129318082e-05,-0.08681026742925987,3.690363695333814e-10,0.7075086000004596,0.01736211309862734,-0.707295536606418,4.61215152725272e-05,1.131812340431148e-06,-4.610762596209012e-05
28183.82931264454,23.14803971186988,-88.97469843542963,273.689727702878,-15292.66407511078,1.169911795610941e-06,6.536989253469762e-05,-0.08635814010929203,3.69264011125564e-10,0.7074042196204611,0.01766283898578401,-0.7071836777357038,4.624918497954866e-05,1.154773868829606e-06,-4.623476623261307e-05
28248.79974915707,23.13305106616632,-89.01237006812242,263.2183523734596,-15268.68159222635,1.128714337853521e-06,6.5474081415167e-05,-0.08602440356679462,3.689933956282155e-10,0.7075116414956431,0.01721201512686203,-0.7073022475484806,4.632939238937688e-05,1.127079974173388e-06,-4.631568082086962e-05
28313.91995799379,23.10255161588739,-88.95048766782838,278.7671835309431,-15216.96904138435,1.203482021148411e-06,6.569406206898549e-05,-0.08553587229905636,3.693958181578871e-10,0.7073499903629339,0.01798338182295742,-0.7071213522760095,4.64753166834285e-05,1.181569769771434e-06,-4.646029437814756e-05
28379.19028441557,23.07863009753055,-88.94470311273747,279.5764861324425,-15177.47421928003,1.213261166359458e-06,6.586476684219787e-05,-0.08511765210492041,3.695052623233443e-10,0.7074966107165417,0.01807010484910173,-0.7072658096402908,4.660582140390152e-05,1.190354931162244e-06,-4.659061755193016e-05
28444.61107447915,23.05385261431023,-88.99399544763281,265.8200552758454,-15137.90579104759,1.159637507166804e-06,6.603897255622721e-05,-0.08470049136534973,3.696190389738899e-10,0.7073779324982701,0.01747031387850749,-0.7071621649370911,4.672052203431826e-05,1.153870013480045e-06,-4.670627113302035e-05
28510.1826750391,23.02472413665713,-88.98735644813694,266.7298171599171,-15090.10892655067,1.170984511285501e-06,6.624787590210714e-05,-0.08423886492871727,3.699369885930768e-10,0.7074094715322253,0.01756467924892526,-0.7071913761185049,4.687049449148528e-05,1.163774638468286e-06,-4.685604424689743e-05
28575.90543374947,23.00350047913433,-88.99892573697231,263.0812838876172,-15055.73954502903,1.160254286543274e-06,6.639957843470603e-05,-0.08385369891606217,3.699287104237339e-10,0.7074279372406137,0.01743400555643963,-0.7072130809301873,4.697887831695256e-05,1.157757536135415e-06,-4.696461013791723e-05
28641.77969906581,22.98035554551122,-89.00805329136364,260.0334786833466,-15018.27886104861,1.152547305656266e-06,6.656557042016211e-05,-0.08345268145283466,3.6999850352493e-10,0.7073520157644962,0.01733117840807948,-0.7071396640417531,4.709113010663919e-05,1.153802857879988e-06,-4.707699303997195e-05
28707.8058202469,22.95609904633686,-88.98950097328643,264.1963974962342,-14978.50926123559,1.177211818996603e-06,6.674155401202227e-05,-0.08304026451899957,3.701276581296236e-10,0.7073412607982117,0.01757160352891645,-0.7071229723160083,4.721517154932356e-05,1.172908072799628e-06,-4.720060074919402e-05
28773.9841473567,22.92203478024571,-88.97551157721766,266.8641385203128,-14923.11571619333,1.197932489932515e-06,6.698871293300354e-05,-0.08254288389127037,3.706471158489313e-10,0.7074825705630196,0.01775955092274639,-0.707259631253955,4.739968715023011e-05,1.189848616336726e-06,-4.738475073491355e-05
28840.31503126606,22.91598916953273,-88.95491649166517,272.0435224686606,-14912.89156397195,1.222841503828368e-06,6.703376938010958e-05,-0.08229661866128964,3.700481792207008e-10,0.7073729858118918,0.01802276179847603,-0.7071433525909624,4.742452339740087e-05,1.208302982643023e-06,-4.740912805961273e-05
28906.79882365476,22.88795898533509,-88.99475201224286,260.8952301575376,-14868.63135651931,1.179751283478187e-06,6.723498515410047e-05,-0.08186365400878411,3.70296099694619e-10,0.7075749190449938,0.01754791992667389,-0.7073572906019818,4.757985911332485e-05,1.179984670697404e-06,-4.756522500126286e-05
28973.43587701323,22.86000970751769,-88.97194795626271,266.0008132040423,-14823.26544733822,1.210195030561543e-06,6.743980202535233e-05,-0.08142617184656713,3.705751096995033e-10,0.7075046188946841,0.01783951241362997,-0.7072796742125113,4.772039049471808e-05,1.203255040149094e-06,-4.770521822900232e-05
29040.22654464451,22.83723026444522,-88.96256866098358,267.764128868004,-14786.59578148786,1.224259841436525e-06,6.760664874477691e-05,-0.08103792876779597,3.706396958720585e-10,0.7074543167170109,0.01796587631303778,-0.7072261572720832,4.783518529869835e-05,1.214779530183328e-06,-4.781975808443466e-05
29107.17118066605,22.81141609641091,-88.97387985989887,264.110518280112,-14745.64190548822,1.21428052331307e-06,6.779489846214001e-05,-0.08062761522769668,3.708142785321661e-10,0.707525972200688,0.01783995051555069,-0.7073010232596383,4.797306375850281e-05,1.209619317392765e-06,-4.795781132917104e-05
29174.27014001167,22.8032785287795,-88.93512394786615,273.830949885088,-14731.80954762327,1.261305580118068e-06,6.785687883510401e-05,-0.08036671693723078,3.70308802765757e-10,0.7074234583765656,0.01832763696656138,-0.7071860060724352,4.801055187871467e-05,1.243837697178763e-06,-4.799443675554314e-05
29241.52377843335,22.76976942193645,-88.97796799591202,261.8782241540762,-14679.50658865408,1.214893689479639e-06,6.810050731342196e-05,-0.07989720554362688,3.707734887624567e-10,0.7074897395077416,0.01781242945565198,-0.7072654726943904,4.818677770389516e-05,1.213195797218235e-06,-4.817150300169406e-05
29308.93245250321,22.75067211225679,-88.95392669275391,267.4774828662455,-14648.71335840903,1.246073019874085e-06,6.824262848663921e-05,-0.07954623201323578,3.706983480660024e-10,0.7074422489968869,0.01811994959830404,-0.7072101548283426,4.828445863824511e-05,1.236725624101435e-06,-4.826861771088016e-05
29376.49651961531,22.7303279804368,-88.94627567820741,268.8395301916029,-14616.37875748324,1.257959479943496e-06,6.839326124144182e-05,-0.07918809950000449,3.706639445980438e-10,0.7073085708668011,0.01822293929874738,-0.7070737860400078,4.838200588485289e-05,1.24650314262535e-06,-4.83659459057441e-05
29444.2163379876,22.69742966733516,-88.98832895937208,257.2088884263934,-14565.45816116556,1.211999011697827e-06,6.863417902958913e-05,-0.07873073061743864,3.711042957495988e-10,0.7074179817321152,0.01771872709547403,-0.707196046077787,4.855929511524866e-05,1.216266649016981e-06,-4.854406078531442e-05
29512.09226666385,22.67413375200499,-89.00209318239689,253.076451096333,-14529.15850933841,1.198502833024505e-06,6.880623447764358e-05,-0.07835389557720036,3.711758141580887e-10,0.7072704247295012,0.01755722478952026,-0.7070524715710562,4.86706605305658e-05,1.208196607282697e-06,-4.865566213134629e-05
29580.12466551546,22.65053587862326,-88.99437479338712,254.3822987002523,-14492.0148568695,1.210864517903198e-06,6.898226280982921e-05,-0.07797383634832541,3.71271284905076e-10,0.7071918965174233,0.01766258807544823,-0.7069712946664716,4.878986664888264e-05,1.218559377050261e-06,-4.877464710954199e-05
29648.31389524342,22.6205495231904,-88.99404828478971,253.6423900269943,-14445.17162682482,1.215185404153204e-06,6.920594668555736e-05,-0.07754304262775649,3.716185851024075e-10,0.7073048008257594,0.01768154256022109,-0.707083760472448,4.895588738192176e-05,1.223822608451487e-06,-4.894058814087187e-05
29716.66031738025,22.60165307268759,-88.95017432998071,264.1501822805773,-14414.77121142396,1.270836248148236e-06,6.934999478737138e-05,-0.07720188161571723,3.715458184398749e-10,0.7073759473645531,0.01823695025322329,-0.7071408237086588,4.906338861557048e-05,1.264909530455937e-06,-4.904708050763319e-05
29785.1642942919,22.58065772590111,-88.9460339365683,264.5901825217424,-14382.04824395776,1.278748912643018e-06,6.950759993534204e-05,-0.07684946932626639,3.715347075900347e-10,0.7073731134415508,0.01830013938133947,-0.707136356382994,4.917475224253971e-05,1.272178434522406e-06,-4.91582935031913e-05
29853.8261891796,22.5526369521107,-88.97473949504007,256.616484614241,-14339.25534621978,1.247648604431225e-06,6.971630037013321e-05,-0.07644458549956075,3.717864290698339e-10,0.7073305750497245,0.01795696741946163,-0.7071026019760289,4.931898137720428e-05,1.252058617272742e-06,-4.930308583956927e-05
29922.64636608189,22.53032742686374,-88.98644844034848,253.0797631538314,-14305.03421852559,1.236356472374979e-06,6.988358698940844e-05,-0.07608674978553284,3.718187021745692e-10,0.7073472838353752,0.01782510244574318,-0.7071226524953655,4.943830557862066e-05,1.245841868374187e-06,-4.942260552140164e-05
29991.6251898765,22.50617366100714,-88.99214093553361,251.0053626037656,-14267.93195151109,1.232612458875255e-06,7.006555757766529e-05,-0.07571486651374537,3.719281948428926e-10,0.7072571057372752,0.0177648287219001,-0.7070339627460259,4.956062597535893e-05,1.244859930936431e-06,-4.954498936140537e-05
30060.76302628231,22.47410724626444,-88.9445126513486,261.9430411552958,-14217.63413852703,1.295402724323534e-06,7.03113238483176e-05,-0.07527442833837159,3.723855302339898e-10,0.7071802622045339,0.01836283601469582,-0.7069418147946623,4.97298021497446e-05,1.291297637567426e-06,-4.971303422910289e-05
30130.06024186122,22.44859791119198,-89.01220742472189,244.4916187289487,-14180.05188897851,1.215567964353315e-06,7.050064496574533e-05,-0.07490278258040041,3.725137532490819e-10,0.7071678775250015,0.01753956657740083,-0.7069503310753115,4.986177483479678e-05,1.236699158965076e-06,-4.984643582911609e-05
30199.51720402016,22.42792618075437,-89.00700902763114,245.2293625418733,-14148.36699605761,1.224699058627103e-06,7.065830764137727e-05,-0.07456352791630197,3.72489311382736e-10,0.7072874077596467,0.01761901295077861,-0.7070679228744584,4.998180080638786e-05,1.245080834254359e-06,-4.9966290492347e-05
30269.13428101304,22.40063881825948,-89.00373753289593,245.3135715285158,-14106.74015448747,1.232358113592329e-06,7.086666904484948e-05,-0.07417316285480721,3.727292409670121e-10,0.7071712902153648,0.01766884246021658,-0.7069505256458756,5.012100327339226e-05,1.252285157837601e-06,-5.010535651020614e-05
30338.9118419427,22.38117103324802,-88.97876487803904,250.927126071892,-14076.62393822333,1.265938525003357e-06,7.101719461082027e-05,-0.07384458261013514,3.726675885806209e-10,0.7069988087882856,0.01798496572408526,-0.7067700167918545,5.021559168858083e-05,1.277407661947323e-06,-5.019934141300527e-05
30408.8502567628,22.3531310763272,-88.95684107347473,255.5331420091568,-14033.67447787976,1.297061207560615e-06,7.123355750127717e-05,-0.07344995434019772,3.729483869690801e-10,0.7072323978818358,0.01827385034925796,-0.7069962736868591,5.038556201726238e-05,1.301889199115204e-06,-5.036873975303155e-05
30478.94989627983,22.33310135586128,-88.94605781867467,257.6141766676988,-14003.1782575933,1.313316996749024e-06,7.138819863134335e-05,-0.07312177900738479,3.72900971076489e-10,0.7070526013375417,0.01841466908451884,-0.7068127623498972,5.048227417170114e-05,1.314773995240614e-06,-5.046515010270199e-05
30549.21113215512,22.30144605494203,-88.9422898092642,257.6537362990225,-13955.42444841539,1.322520256818894e-06,7.163230695057854e-05,-0.07270481631432256,3.733164108170038e-10,0.7070939141899454,0.01847469958703825,-0.7068525227794172,5.065791004496851e-05,1.323571948515731e-06,-5.064061618326957e-05
30619.63433690677,22.27272026485983,-89.00192458118951,242.3954531830762,-13913.60950654699,1.251736904612321e-06,7.185026891802141e-05,-0.07232025388847421,3.735771642824639e-10,0.7071006129013514,0.01775164741202181,-0.7068777516513206,5.081157694049704e-05,1.275616484895282e-06,-5.079556234321571e-05
30690.21988391158,22.25272631871697,-88.95142405390528,254.0949338367972,-13882.58232862745,1.317983654664719e-06,7.200858481271511e-05,-0.071993019562545,3.735509747223864e-10,0.7072169332874143,0.01839023419339367,-0.7069777860829625,5.093270789793293e-05,1.324437216163255e-06,-5.091548487323479e-05
30760.96814740708,22.22538237880394,-88.97404547749454,247.8899485674088,-13842.26054320382,1.293318890733362e-06,7.221937458311395e-05,-0.07161881831741025,3.737774632531351e-10,0.7071216777292866,0.01812122156974057,-0.7068894457010243,5.107455018611137e-05,1.308874087228434e-06,-5.105777634540493e-05
30831.87950249353,22.20126879962323,-88.98402027642334,244.8467167997952,-13806.58766583967,1.284059098714426e-06,7.240642123462049e-05,-0.07126995530947969,3.738813281822119e-10,0.7070882082010279,0.01800988922239452,-0.7068588105605936,5.120424255297599e-05,1.304197588645881e-06,-5.11876305768666e-05
30902.9543251359,22.17291348687609,-88.97978973744968,245.1156181154673,-13764.42351822454,1.293353455983308e-06,7.262803106461976e-05,-0.07088888714934018,3.741640903837608e-10,0.7071965566993893,0.0180774643674952,-0.7069654695170865,5.136889063271557e-05,1.3130992808346e-06,-5.135210506994397e-05
30974.19299216581,22.14715720618521,-88.95456600842245,250.4719487190274,-13725.77611014171,1.329048034546992e-06,7.283137235571045e-05,-0.07052726494776554,3.743546405612964e-10,0.7070175759817857,0.01839668216695929,-0.7067781935178872,5.15000758592738e-05,1.340038153707456e-06,-5.148263893059061e-05
31045.59588128356,22.11867368851245,-88.92044128446456,257.8441772657101,-13683.03049715983,1.376697577498257e-06,7.305728265045385e-05,-0.07014592177349781,3.746604381815892e-10,0.7069323863791117,0.01882802910745218,-0.7066816144711808,5.165415895436141e-05,1.375727052618189e-06,-5.163583554431098e-05
31117.16337106017,22.09666067241606,-88.91515053801773,258.4929620690564,-13650.54448305869,1.386733696096351e-06,7.323089129081423e-05,-0.06981843442693515,3.746883216114496e-10,0.7070279935879281,0.01890853915173989,-0.7067751062849613,5.178399208379334e-05,1.384895153558052e-06,-5.176547016639589e-05
31188.89584093937,22.07478046590324,-88.8885603378438,264.1963504711609,-13617.86664598579,1.424115547341157e-06,7.340531228982241e-05,-0.06949110356866066,3.747236077020766e-10,0.7069694363134454,0.01924767607048188,-0.7067073728547315,5.190348631666369e-05,1.413104216727271e-06,-5.188424643662816e-05
31260.79367123956,22.04267520916138,-88.87497567062583,266.4987103070393,-13570.63003315211,1.446530642415517e-06,7.366013950770068e-05,-0.06909078743687082,3.75163104362975e-10,0.7070825861241583,0.0194310998809076,-0.7068155459223049,5.209223940024217e-05,1.431529395108762e-06,-5.207256599518677e-05
31332.85724315586,22.01458906502616,-88.80306760480866,282.6489575781511,-13528.11280406583,1.54377289771209e-06,7.388788581799145e-05,-0.06871591718441636,3.754766337781637e-10,0.7068849710710219,0.0203252663437242,-0.7065927015432131,5.224001844677125e-05,1.502072235491071e-06,-5.221841922462196e-05
31405.08693876216,21.99661477833423,-88.77891798564198,287.7850583495718,-13501.44591581299,1.578012392388375e-06,7.403250569192036e-05,-0.0684227322974644,3.753529648036662e-10,0.7067454487097641,0.02063182683251322,-0.7064442348788182,5.233239411810976e-05,1.527725286589111e-06,-5.231009013165514e-05
31477.48314101316,21.97211977956639,-88.73923551483466,296.3392470866486,-13465.04274041906,1.633666484024346e-06,7.423042761712217e-05,-0.06808130438767847,3.755021218065931e-10,0.706820812305603,0.02113619156044129,-0.7065047219337411,5.24786771104098e-05,1.569279445275574e-06,-5.245520863823997e-05
31550.04623374628,21.95143664311398,-88.69930672433905,305.0279407952243,-13434.2289793717,1.689235874994471e-06,7.43983698204225e-05,-0.06776928099738991,3.754977899968787e-10,0.7066252630220181,0.02163542508103865,-0.706293969054316,5.25836672478547e-05,1.610004698051359e-06,-5.255901393771919e-05
31622.77660168379,21.93403127286107,-88.6424645644888,317.7370054822699,-13407.81401757975,1.766477120438152e-06,7.454151165425459e-05,-0.06748047155482859,3.753722421753281e-10,0.7066332296399038,0.02234926484924778,-0.7062797120065245,5.268663684871274e-05,1.666363187516768e-06,-5.26602785423266e-05
31695.6746304349,21.92063244882799,-88.61414111724379,323.885974403385,-13387.85679100074,1.805992393696768e-06,7.465086309151479e-05,-0.06722505864090927,3.750671889658906e-10,0.7066299159552083,0.02271122217985101,-0.706264850116415,5.276429692689807e-05,1.69585470925119e-06,-5.273703733615471e-05
31768.74070649771,21.90754214687647,-88.58638220070391,329.8954822596377,-13368.38245304795,1.84482108428198e-06,7.475784040206452e-05,-0.06697288281591747,3.747496793706577e-10,0.70649366414422,0.02306190184873422,-0.7061171617791521,5.283033916821879e-05,1.724527987110285e-06,-5.280218499125492e-05
31841.97521726125,21.89275898341224,-88.59731287606223,326.829846544669,-13347.40246476321,1.833444973571703e-06,7.487605008532791e-05,-0.06671398571255861,3.744754709937032e-10,0.7066225187247329,0.02294435804353816,-0.7062499135595384,5.292327111836927e-05,1.718442944001531e-06,-5.289536444450146e-05
31915.37855100762,21.87288409163406,-88.63961122683097,316.3171553243814,-13319.89246635879,1.781871803632828e-06,7.50333657650867e-05,-0.06642336151787771,3.743858386271317e-10,0.7066465468066574,0.02243674458875597,-0.7062902622902516,5.30353149892915e-05,1.683925042832663e-06,-5.300857508425866e-05
31988.95109691397,21.85656707958025,-88.67669467494323,307.1718194109179,-13297.39933646346,1.736266006630278e-06,7.516256695932078e-05,-0.06615868173524501,3.741566085114532e-10,0.7065847684338907,0.02199073254577393,-0.7062424814926352,5.312117956608717e-05,1.653267526475347e-06,-5.309544636763476e-05
32062.69324505466,21.84288100774217,-88.7023003573336,300.7964347637966,-13278.43405157842,1.70512474773411e-06,7.527145901938975e-05,-0.06591237983897087,3.738292424680678e-10,0.7067155747493772,0.02169219861737202,-0.7063825819713331,5.320743547556114e-05,1.633169410007963e-06,-5.318236500536824e-05
32136.60538640318,21.81699380616243,-88.69507712310569,301.6277072660326,-13241.40046897653,1.71940466146858e-06,7.548154609897934e-05,-0.06557737859234504,3.740125810034565e-10,0.7064418821606019,0.02178591911235899,-0.7061058749217737,5.333542195954417e-05,1.644807899951217e-06,-5.331005386017618e-05
32210.68791283435,21.79579916870597,-88.79877983369711,277.0673435586335,-13213.61722625188,1.586174605030165e-06,7.564624475650074e-05,-0.06528927613633054,3.739369743451563e-10,0.7066391114046223,0.0205267281316329,-0.7063409142892151,5.346459665873923e-05,1.553060427266594e-06,-5.344203494620062e-05
32284.94121712635,21.76912796755662,-88.76812430617899,283.3132214236481,-13175.1528375047,1.631378539709803e-06,7.586536727264717e-05,-0.06494949722775818,3.741661279975853e-10,0.7066363755587421,0.02091773227339572,-0.7063267060923962,5.361985971170896e-05,1.587246154855393e-06,-5.359636186484346e-05
32359.36569296283,21.73614102181677,-88.8713058169923,258.704119253161,-13130.87012623084,1.499849855727902e-06,7.612686539844687e-05,-0.06458231930491191,3.745645101738769e-10,0.7066333854102987,0.01965882089169361,-0.7063598743824341,5.380244835965359e-05,1.496805440664097e-06,-5.378162346904368e-05
32433.96173493494,21.70840445074031,-88.82154460841558,269.287653521696,-13090.75453461079,1.570736538448564e-06,7.635747942568685e-05,-0.06423693503781372,3.748482193796957e-10,0.7066099853235038,0.02028484155776072,-0.7063187641298077,5.396458264182975e-05,1.549175685819154e-06,-5.394234175859757e-05
32508.72973854344,21.68445749403473,-88.82977693944001,266.7234741896789,-13057.34337747252,1.56376111841481e-06,7.655331404749965e-05,-0.06392562117581183,3.749430487827026e-10,0.7068178291062344,0.02020255586662639,-0.7065290512632201,5.411873231639209e-05,1.546843709977471e-06,-5.409662154026076e-05
32583.67010020087,21.65995817813829,-88.85425308846702,260.4685638695219,-13023.60927603875,1.535037256180913e-06,7.675292999533486e-05,-0.06361382210183408,3.750496575544815e-10,0.7066233236075248,0.01990854553281121,-0.7063428142771133,5.424444093602834e-05,1.528293627166807e-06,-5.422290743819837e-05
32658.78321723358,21.63660768395226,-88.85721364412439,259.146793593736,-12991.09713788206,1.534904635531086e-06,7.694517435870667e-05,-0.06330907406831558,3.751235256470057e-10,0.7065310340076127,0.01988277083097408,-0.7062512141157348,5.437314096829916e-05,1.530136185385583e-06,-5.435160661850491e-05
32734.06948788383,21.61360034158253,-88.84010494523375,262.3717731208397,-12958.70826424131,1.561765016199346e-06,7.713656458350901e-05,-0.06300599065762938,3.751961893190364e-10,0.7067726656879716,0.02011388437831562,-0.706486399457836,5.452734694011204e-05,1.551781506352024e-06,-5.450526156697067e-05
32809.5293113119,21.5834832680642,-88.83317652754354,263.0855203897275,-12916.78341435107,1.576188171357687e-06,7.73865517172121e-05,-0.0626577086716268,3.755482600144574e-10,0.706741841177654,0.02021181800927483,-0.7064527673411297,5.470180124407978e-05,1.564394220218444e-06,-5.467942693619379e-05
32885.1630875983,21.56278458847172,-88.85742910702027,257.0553383992894,-12888.6826358667,1.54680957200409e-06,7.755659849675635e-05,-0.06237760007382944,3.755014355491269e-10,0.7067373988589396,0.01992607321380437,-0.7064564406615442,5.482118036461454e-05,1.545653103084918e-06,-5.479938661202809e-05
32960.97121774578,21.53539698728057,-88.8228151334478,264.0531268836253,-12850.14894280079,1.598422745804523e-06,7.778726425080814e-05,-0.06204807225500528,3.757612311863205e-10,0.7065930980567022,0.02036214654463226,-0.7062996454830367,5.497366448163143e-05,1.584195791536867e-06,-5.495083357177634e-05
33036.95410368148,21.51363313114825,-88.84781015626741,257.8539028653071,-12820.75944588456,1.568088496279019e-06,7.796696182315978e-05,-0.06176378226639404,3.757563944842577e-10,0.7065284678670994,0.02006566287434383,-0.7062434743628037,5.50951227386239e-05,1.564721322880616e-06,-5.507289893192255e-05
33113.11214825911,21.48947399481221,-88.83613149349422,259.7896974704019,-12787.36022656797,1.588111201143755e-06,7.816995903460113e-05,-0.06146119941981918,3.758713570938907e-10,0.7065828609115976,0.02022467727340585,-0.706293353899925,5.524304157728557e-05,1.581233779235025e-06,-5.522040693842366e-05
33189.44575526103,21.46354760282438,-88.81834411495005,263.0216086318734,-12751.50540363841,1.616902285366179e-06,7.838876180648378e-05,-0.06114790622950871,3.760613254165688e-10,0.7065930675860264,0.02045777494593426,-0.7062968516175705,5.539881388918276e-05,1.603945069385522e-06,-5.537558975345276e-05
33265.95532940045,21.43786083945919,-88.82054015921779,261.8123757563827,-12716.52044963442,1.618339124089327e-06,7.860454459599273e-05,-0.06083989076663523,3.762286269814045e-10,0.7064568690612679,0.02044033008613587,-0.7061611011304851,5.554055115165424e-05,1.606987274699808e-06,-5.551729833239793e-05
33342.64127632351,21.41738905544613,-88.80497736726153,264.6798286566657,-12688.32707004819,1.643323914029614e-06,7.877831646281886e-05,-0.06056538700786283,3.761973799994519e-10,0.7063539693999586,0.02064272650858013,-0.7060522699697025,5.565553184908715e-05,1.626496023836664e-06,-5.563176013833462e-05
33419.50400261143,21.38929496809583,-88.81024720144036,262.7232920490928,-12650.33561099662,1.640994803823568e-06,7.901520585540858e-05,-0.06024516234903483,3.764593466921851e-10,0.7064987789362198,0.02059563290149925,-0.7061985163845619,5.58342184734831e-05,1.627661789810083e-06,-5.581048888553686e-05
33496.54391578276,21.36600095623074,-88.77560165712103,269.6863619029557,-12618.06520861427,1.693070748591357e-06,7.921526679280326e-05,-0.059953273246814,3.765540857223083e-10,0.7063341294356136,0.0210314087080499,-0.7060209502934889,5.596324560169249e-05,1.666330199587871e-06,-5.593843224422092e-05
33573.76142429547,21.33773244881251,-88.83722526477558,255.3630780876779,-12581.30011289459,1.612605665069189e-06,7.945031046744902e-05,-0.05964110122140756,3.767858715477491e-10,0.7064698738535478,0.02028963263603207,-0.7061784572401955,5.613881684968874e-05,1.612292346294437e-06,-5.611565976332254e-05
33651.15693754908,21.32085395071532,-88.81419631397191,259.9415111894113,-12558.08627138078,1.647565462991046e-06,7.959586419005087e-05,-0.05939413939241192,3.766141814515357e-10,0.7064598640033545,0.02058689587341337,-0.7061598396722483,5.624132095365161e-05,1.638924271925163e-06,-5.621743599491662e-05
33728.73086588689,21.29552253832308,-88.82382054865666,257.1376426487503,-12524.30663194818,1.638608663505652e-06,7.981109704558196e-05,-0.05909814149838595,3.767614327432126e-10,0.7064825140658774,0.02048268840823852,-0.7061855295575049,5.639500494237734e-05,1.635031711355385e-06,-5.637129813791437e-05
33806.48362059816,21.27056191527935,-88.75858280192901,270.6495394615473,-12489.47548204297,1.734263152939737e-06,8.00298318302838e-05,-0.05879824065408081,3.7694321627518e-10,0.706447351683978,0.02129947188543256,-0.7061261878720458,5.654809895562717e-05,1.70493192593754e-06,-5.652239116158588e-05
33884.41561392025,21.25066328541192,-88.75673564003745,270.4750809132551,-12462.8749608678,1.74054910631482e-06,8.020053382370112e-05,-0.05853806592855797,3.768789609116478e-10,0.7063359915293296,0.02133268920861443,-0.7060137741580187,5.665981216749639e-05,1.711233999234033e-06,-5.663396501266565e-05
33962.52725904085,21.21249952725904,-88.72884273818359,275.4053881701098,-12411.50706974678,1.78693852396446e-06,8.053074150346219e-05,-0.05816271228297257,3.77568376614032e-10,0.7064045471433815,0.0216923408337441,-0.7060714033113071,5.689921654256045e-05,1.747266779928734e-06,-5.687238259433961e-05
34040.81897010009,21.18882200642134,-88.75483332323526,269.1029111090449,-12380.69885643189,1.754781091914428e-06,8.073274335241123e-05,-0.0578849005855019,3.776373762123868e-10,0.7064790586995662,0.02138818405474806,-0.7061552279519463,5.704738036617758e-05,1.727071533243985e-06,-5.702123140166653e-05
34119.29116219284,21.17050398222228,-88.79440937274219,260.0557291662538,-12357.34280998183,1.702252341132273e-06,8.088772278121103e-05,-0.05764282095839705,3.77480947829205e-10,0.7062931017864702,0.0209088221290025,-0.7059835456923418,5.7140993423478e-05,1.691579409092411e-06,-5.711594951083883e-05
34197.94425137089,21.15345834510877,-88.74936985030556,269.2613234298391,-12333.85203581854,1.769170031644082e-06,8.103904830649877e-05,-0.05740092165878852,3.77330053851907e-10,0.7064191984474704,0.02148155572533034,-0.7060925057659131,5.725906920824294e-05,1.741195438460159e-06,-5.723258901220039e-05
34276.77865464504,21.12234092114642,-88.75292532334218,267.6060018014295,-12292.98730172243,1.770007981419898e-06,8.130866084120065e-05,-0.05707915887159631,3.777136663299532e-10,0.7064036572657474,0.02145124249034252,-0.7060778789864784,5.744821566040517e-05,1.744520419867025e-06,-5.742172177032912e-05
34355.79478998746,21.09458086954224,-88.78184808356704,260.6370596102395,-12257.21781126451,1.734027719679858e-06,8.154771037806518e-05,-0.05678217648992658,3.779446726130299e-10,0.7066137308909035,0.02111509815535836,-0.7062981787555818,5.763361348722026e-05,1.722213074314754e-06,-5.76078760736842e-05
34434.99307633384,21.07611713559557,-88.73481370029739,270.1474097229396,-12232.02512123258,1.804647149460902e-06,8.171275560186155e-05,-0.05653514312469474,3.778520365418372e-10,0.7062688572628404,0.02169834251642199,-0.7059354649480351,5.772308996995558e-05,1.77339743129608e-06,-5.769584194056153e-05
34514.37393358563,21.04966908342132,-88.74634875469677,266.9340707228164,-12197.77425706018,1.793225439613554e-06,8.19429271250161e-05,-0.05624717607411395,3.780415542215561e-10,0.7064191409471295,0.02157487858501748,-0.7060896028908245,5.789773749454963e-05,1.768265586797869e-06,-5.78707287305277e-05
34593.9377826122,21.02233828845297,-88.76983765736693,261.1788996830344,-12162.74359612351,1.764715782368508e-06,8.218039668223205e-05,-0.05595664700117819,3.782583991340534e-10,0.7063626146186086,0.02129780935585507,-0.7060414624138434,5.806035203557303e-05,1.750599880565777e-06,-5.803395453140198e-05
34673.68504525317,20.99961784516073,-88.75740095341725,263.1750360630462,-12133.00036187286,1.786915375169253e-06,8.238108453558228e-05,-0.0556914264984413,3.78313571305701e-10,0.7061092089751483,0.02145749841019911,-0.7057831046160612,5.81815203389833e-05,1.768040785063094e-06,-5.815465020733838e-05
34753.61614432058,20.96241575297664,-88.70724954829878,272.6905033464959,-12083.81986249169,1.866553404598605e-06,8.271316686166497e-05,-0.05533811660234581,3.789796489531045e-10,0.7061594331556769,0.02209100115803004,-0.7058138088069563,5.842132937453957e-05,1.827612284522285e-06,-5.839273550045334e-05
34833.73150360118,20.94272704412007,-88.75584124657085,261.9096341130263,-12059.52046427063,1.800058413772585e-06,8.288294300928647e-05,-0.05509981877790255,3.788698908179109e-10,0.7061369501305161,0.0215059152481586,-0.7058093849963785,5.853827093576268e-05,1.782825687404646e-06,-5.851111600984114e-05
34914.03154785863,20.91759630177764,-88.7486976006722,262.7051035466366,-12027.0692248815,1.81527209774238e-06,8.310612503067598e-05,-0.054825164359047,3.790184235927463e-10,0.7061356735147268,0.02160810552723453,-0.7058049866539771,5.869594205918867e-05,1.796125245623837e-06,-5.866845445652771e-05
34994.51670283573,20.88882504805163,-88.73263839229716,265.2545768500671,-11989.860588278,1.844259848463474e-06,8.336300445490379e-05,-0.05452984522722418,3.793202239193816e-10,0.706130076281966,0.02182002075281146,-0.7057928671531911,5.887725571689786e-05,1.819357346136183e-06,-5.884913915768048e-05
35075.18739525679,20.85814211653521,-88.71712666247186,267.6173945339058,-11950.3495392494,1.872989657706925e-06,8.363761679983413e-05,-0.05422514723626813,3.796990612100867e-10,0.7060579047458772,0.02202314300180227,-0.7057143515803405,5.906551562669253e-05,1.842353563890797e-06,-5.903677556906947e-05
35156.04405282981,20.8413083534186,-88.68087908070487,274.6693748175038,-11928.10683919708,1.929465316767189e-06,8.379117058906129e-05,-0.05399973792084409,3.795321854389559e-10,0.7061657025393467,0.02248735974310354,-0.7058075644923858,5.918383062012136e-05,1.884668266022762e-06,-5.915381502826561e-05
35237.08710424873,20.80353251778934,-88.66023531297486,277.8375549123883,-11879.71138395852,1.967622065984268e-06,8.413111130340952e-05,-0.05365695477802662,3.802018642312495e-10,0.7062341419826529,0.02275822798896677,-0.7058673574835261,5.943018480946389e-05,1.915123632402115e-06,-5.9399319591723e-05
35318.3169791957,20.78103038019611,-88.65772521949027,277.6899836294959,-11851.18985160469,1.97604999637304e-06,8.433341151593544e-05,-0.05340502061619884,3.802403282749549e-10,0.7060408363794328,0.02279730501140696,-0.7056726900763455,5.955683398225074e-05,1.923026601080957e-06,-5.952577964782075e-05
35399.73410834346,20.75821292167939,-88.5957654397795,289.7736191656402,-11821.01728227892,2.072469976913679e-06,8.454428489605488e-05,-0.05314653853306731,3.803341124652083e-10,0.7058475281469382,0.02356837666801169,-0.7054539422332101,5.969094382625861e-05,1.993091413750094e-06,-5.965765970507053e-05
35481.33892335755,20.73394551412784,-88.60401498225633,287.3309850211226,-11790.66738497198,2.065607727085967e-06,8.476250361967823e-05,-0.05288816751600496,3.804361198487234e-10,0.7059116331935666,0.0234833896558593,-0.705520916974316,5.985022674992549e-05,1.991022855653433e-06,-5.98171001470797e-05
35563.13185689854,20.70392187076919,-88.57533045302476,292.2849420850408,-11752.36890926985,2.114886519042038e-06,8.503663033654331e-05,-0.05259513173576061,3.807980502460251e-10,0.7059643063274571,0.02385286550576533,-0.7055612252778433,6.004899519744919e-05,2.028913633965967e-06,-6.00147093110446e-05
35645.11334262443,20.67782508269539,-88.56214374040285,294.1650310119141,-11719.44436804518,2.140442000546159e-06,8.527455103054741e-05,-0.05232715866369398,3.809895904397476e-10,0.7059153167527745,0.02402810519995987,-0.705506261195937,6.021316043828719e-05,2.049549172680619e-06,-6.017826881986285e-05
35727.28381519288,20.65699687676507,-88.50538259895878,305.0715134694821,-11692.18638220572,2.230050178874953e-06,8.546901687589222e-05,-0.05208538292206971,3.809994966550024e-10,0.7060390465563209,0.02474590672214546,-0.7056052546308436,6.036257202947392e-05,2.115643014696912e-06,-6.032548513396135e-05
35809.6437102636,20.62726256707586,-88.4540003612473,314.5350912096952,-11654.05147677363,2.314189960171235e-06,8.574461062243781e-05,-0.05179610036288382,3.813670782384382e-10,0.705891684040598,0.02538796527632745,-0.705434986952589,6.05460008500459e-05,2.177585884569016e-06,-6.050682885963439e-05
35892.19346450054,20.60056156273375,-88.40049700540727,324.4677315399326,-11619.73560948588,2.401267341595298e-06,8.599342530798451e-05,-0.05152480751837296,3.816136364397155e-10,0.7055047877217115,0.02604703153775225,-0.7050237993474607,6.068995731571444e-05,2.240655569938954e-06,-6.06485810353395e-05
35974.93351557424,20.58177135910596,-88.33041261671745,337.9681982521813,-11594.88288752708,2.511737674670332e-06,8.617172956687837e-05,-0.05129635403836569,3.815520270738764e-10,0.7055834772122485,0.02692704677082339,-0.705069484141194,6.082469059111529e-05,2.321240988860547e-06,-6.078038191535606e-05
36057.86430216423,20.55966901922472,-88.30216731663941,342.8616518734273,-11566.96740810277,2.560344939920659e-06,8.637719124242011e-05,-0.05105516023232436,3.815931936682704e-10,0.7054120087313069,0.02728267185123014,-0.7048842159383309,6.095577177469037e-05,2.357538995910131e-06,-6.091016436138474e-05
36140.98626396133,20.53898685673393,-88.23940202641421,354.7170213175386,-11540.05139586212,2.661070661537666e-06,8.657293097495664e-05,-0.05081920592237518,3.816035345145578e-10,0.7055110031006852,0.028073476800685,-0.7049522362518303,6.110448679515268e-05,2.431450941122559e-06,-6.105609185675008e-05
36224.29984166988,20.51961693686235,-88.13512606121508,374.8858115908448,-11513.8020042709,2.824888586283571e-06,8.676030636788199e-05,-0.05058699576722066,3.81593857046109e-10,0.7052405746666646,0.02935989953402553,-0.7046291680419703,6.121678094015527e-05,2.54851833936089e-06,-6.116370919874708e-05
36307.80547701014,20.50630928172767,-88.10831495695862,379.7194817355933,-11496.84929783028,2.869668344242174e-06,8.688557231171921e-05,-0.05039633686731303,3.812776015291224e-10,0.7052283001145238,0.02970387697830577,-0.7046024659159791,6.130502877882437e-05,2.582138341161264e-06,-6.125062542668108e-05
36391.50361272071,20.49153303834079,-88.03605211648214,393.5563733737176,-11477.02921540635,2.984266521375816e-06,8.702822865954539e-05,-0.0501937471746432,3.810576146068299e-10,0.7050520088072588,0.03059966889254111,-0.7043876740736011,6.13929291316839e-05,2.664488974296824e-06,-6.133508168963185e-05
36475.39469256078,20.47351520636969,-87.95407415055813,409.1405300937256,-11453.0354765521,3.115138909311606e-06,8.720181409199575e-05,-0.04997361165969434,3.809776737430917e-10,0.7049875973501835,0.03161941041729645,-0.7042781590411895,6.151283194944325e-05,2.758913045634058e-06,-6.145093077608407e-05
36559.47916131248,20.4704775665791,-87.92222703531415,415.3513743645757,-11448.53082929929,3.164789873909844e-06,8.723263404422532e-05,-0.04983906539213194,3.802510077208138e-10,0.7051602898613522,0.03203358129287071,-0.7044323133324445,6.155086575155694e-05,2.796094292386691e-06,-6.148732333964675e-05
36643.75746478333,20.460841142725,-87.92064827235423,415.2391275114438,-11436.73925728971,3.170455821335686e-06,8.732239847597994e-05,-0.04967322435206364,3.797676015434388e-10,0.7050622968777617,0.03206344013084565,-0.70433286043285,6.1605690418859e-05,2.801582746959673e-06,-6.154195500710253e-05
36728.23004980847,20.45626779099603,-87.91049346025935,417.0559023610797,-11430.90398239379,3.187538148970659e-06,8.736584787512447e-05,-0.04953369302957444,3.790875790845575e-10,0.7050376009542211,0.03220208099255737,-0.7043018136701285,6.163457047291871e-05,2.815114296917174e-06,-6.157024775714708e-05
36812.89736425313,20.44151959768126,-87.92371504323253,413.7759881929474,-11413.28854694428,3.172292707859922e-06,8.750215832555556e-05,-0.04934361105040801,3.787994454590608e-10,0.7049186374023223,0.03204911767639065,-0.7041897041375368,6.171978816496707e-05,2.806089453316553e-06,-6.165596575440526e-05
36897.75985701503,20.43395897070695,-87.94324397702466,409.5676806742875,-11404.57045248409,3.144908823718306e-06,8.75712023655922e-05,-0.04919251923115136,3.782171338577382e-10,0.7050501795355211,0.03183003862251259,-0.7043313171401367,6.177924287502624e-05,2.789071960916507e-06,-6.171625335200047e-05
36982.81797802663,20.42288168791902,-87.96045574284486,405.6733607673978,-11391.54155053341,3.122202514685752e-06,8.767324432627865e-05,-0.0490233099133039,3.777788437618842e-10,0.7049825628572467,0.03163046168494522,-0.7042726232265237,6.184462247546161e-05,2.77478346939781e-06,-6.178234299401673e-05
37068.0721782576,20.39887608679432,-88.06574079331425,383.8200545685468,-11365.03016229297,2.968188139932326e-06,8.788896603021727e-05,-0.04879673051296068,3.777892004827794e-10,0.7050380238012766,0.03035372115601531,-0.7043843174131522,6.199770490048043e-05,2.669162489585855e-06,-6.194022105652548e-05
37153.52290971724,20.38251680319521,-88.09284394314217,377.8013053889179,-11345.91220871691,2.931590754200093e-06,8.803985283957705e-05,-0.04860260536509437,3.775554231943841e-10,0.7050348559640863,0.03003549285338103,-0.7043947879515822,6.210286524536918e-05,2.645670848005261e-06,-6.204648497254698e-05
37239.17062545685,20.37088650284789,-88.15699833358258,364.6810662476013,-11333.40213827569,2.836241351380412e-06,8.814349515632996e-05,-0.04843735620475313,3.771028656854324e-10,0.7052907773874273,0.02927252828804502,-0.7046830491471944,6.219625088444356e-05,2.581405530594529e-06,-6.214265821130653e-05
37325.01577957207,20.34764618059216,-88.23840177081559,347.7617326805664,-11307.34601948681,2.717376555591035e-06,8.835450853798359e-05,-0.0482148493353544,3.771025327564301e-10,0.7054022804425534,0.02829097514065239,-0.7048347309682929,6.235220348778741e-05,2.500707309496074e-06,-6.230203642526207e-05
37411.05882720533,20.32373629849977,-88.26912907855196,340.8463665406728,-11279.36050719723,2.676660639648664e-06,8.857662358686093e-05,-0.04798490168181237,3.771687079100132e-10,0.7053566645698355,0.02792639326555463,-0.7048036186146188,6.250387430634582e-05,2.474645611471345e-06,-6.245486716342533e-05
37497.30022454834,20.30317038762579,-88.32348618333545,329.4520633272729,-11255.99150534379,2.598081843009229e-06,8.876553043788126e-05,-0.04777535120523273,3.770824976054212e-10,0.705321261708869,0.02727161793689937,-0.7047938287710064,6.263225195559497e-05,2.421708997857545e-06,-6.258541611716603e-05
37583.74042884442,20.27750812974718,-88.3732086009277,318.8378548066295,-11226.48805086973,2.527737002343549e-06,8.900326239417753e-05,-0.0475405333921138,3.77203933729438e-10,0.7055286093880088,0.02668311099761072,-0.7050238508394355,6.281687067742205e-05,2.3757357398478e-06,-6.277192940637062e-05
37670.37989839089,20.25317005692983,-88.44289389529369,304.4284886052389,-11199.09114764537,2.425486919958116e-06,8.922702739971201e-05,-0.04731544303753048,3.77257039502242e-10,0.705332248001203,0.02583375870315063,-0.7048589908497287,6.295513193330992e-05,2.305817849813337e-06,-6.291289089514121e-05
37757.2190925416,20.22452318625634,-88.41841123219733,308.2630813717169,-11164.52494922918,2.471212281627418e-06,8.950118531969703e-05,-0.04706091644587287,3.775547018397133e-10,0.7054500003278807,0.02615467716529031,-0.7049649890774622,6.315983589075299e-05,2.34166151643288e-06,-6.311641221654877e-05
37844.25847170932,20.20910560002415,-88.55272920568768,281.6866855876052,-11149.27873610965,2.264621586534226e-06,8.963468488903248e-05,-0.04688856102406445,3.772014543281971e-10,0.705580497982487,0.02452190515765438,-0.7051542492963176,6.326181176960064e-05,2.198615399307755e-06,-6.322359463600839e-05
37931.49849736819,20.17552014553236,-88.62029811644348,267.6111638144091,-11111.11511000174,2.166392170609171e-06,8.994779006207128e-05,-0.04662059141013168,3.776265186063311e-10,0.7055232676756517,0.02370382209584353,-0.705124960591935,6.34757836974516e-05,2.132628012560958e-06,-6.343994809081816e-05
38018.93963205612,20.14998286576027,-88.63362852633031,264.3145352418156,-11081.34693842204,2.151240326817899e-06,9.019042553820996e-05,-0.04638875146005031,3.777700986105522e-10,0.7056213027971433,0.02355851992073527,-0.7052279199665042,6.365548624129934e-05,2.12526044031704e-06,-6.361999840205179e-05
38106.5823393773,20.11905572290992,-88.66782196189548,256.8712806048667,-11045.8118973414,2.104192469095873e-06,9.04831172823414e-05,-0.04613364558039972,3.781137654838867e-10,0.7056470103690379,0.02315400524963539,-0.7052670382795874,6.386348062349716e-05,2.0955170841624e-06,-6.382909184296593e-05
38194.42708400464,20.09550106416724,-88.69429218709605,251.150585158826,-11018.83382649759,2.067461180446159e-06,9.070658217126677e-05,-0.04591512439074404,3.781677573494271e-10,0.7056369815545359,0.02284340409792478,-0.705267132813245,6.401959898642002e-05,2.072489974394663e-06,-6.398604410094489e-05
38282.47433168226,20.07062843646418,-88.73713956102483,242.2870862855277,-10990.74685485131,2.004771389840646e-06,9.094143309652358e-05,-0.04569275421086452,3.782621847238229e-10,0.7056419343061007,0.02233172626644022,-0.7052884753441078,6.418471470016001e-05,2.031278768293495e-06,-6.415256431122934e-05
38370.72454922788,20.03535675564028,-88.76499533583237,236.0702477846091,-10950.35057983813,1.967811136688769e-06,9.127885459463925e-05,-0.04542010722613552,3.78784420566877e-10,0.7055338672878205,0.02200108647596871,-0.705190747304575,6.441229766768596e-05,2.008607377772381e-06,-6.438097224516371e-05
38459.17820453535,20.00356557684718,-88.82012690718167,224.7949500800926,-10914.71729267005,1.886155042632026e-06,9.158056732652429e-05,-0.04516818327059765,3.791470142642442e-10,0.7056931299166852,0.02134299968744933,-0.7053703069848837,6.463846909544562e-05,1.954927385879714e-06,-6.460889989714124e-05
38547.83576657716,19.97203287513637,-88.81186861965209,225.6105958487279,-10878.15897128734,1.905732425904008e-06,9.188779546338739e-05,-0.04491335862546553,3.795462723407221e-10,0.7055910568645299,0.02145726344667253,-0.7052647200679929,6.484611214787239e-05,1.97199227273726e-06,-6.481612073528242e-05
38636.69770540691,19.95088775118683,-88.83998040403964,219.7904625353065,-10854.42454176581,1.864735345174472e-06,9.209057054197032e-05,-0.04471229227228325,3.795013523157131e-10,0.705518710982731,0.02112479547331614,-0.7052023784439081,6.498188153123263e-05,1.945701702094403e-06,-6.495274568658064e-05
38725.76449216172,19.91560200022578,-88.89657309195454,208.3088143266109,-10815.16159619159,1.780248124637146e-06,9.24284995404928e-05,-0.04444809420663396,3.800030818158433e-10,0.7056498157759448,0.02044780491007426,-0.7053534927814452,6.523116714977889e-05,1.890221112675296e-06,-6.520377467499554e-05
38815.03659906482,19.8921281918793,-88.87359886116765,212.1099848372667,-10787.84527386892,1.821897050751571e-06,9.266109515544543e-05,-0.04423386015017042,3.800891065080483e-10,0.7056334502044815,0.02074596021463775,-0.7053284137068726,6.539430026206198e-05,1.922623638530275e-06,-6.536603112557228e-05
38904.51449942805,19.8587352202372,-88.90847765253061,204.8296669710452,-10750.54090432127,1.771636421512462e-06,9.298482050330841e-05,-0.04397951620394847,3.8053080135325e-10,0.705565305378328,0.02033046899609998,-0.7052723390180645,6.561564004888313e-05,1.89067790820267e-06,-6.558839498014897e-05
38994.19866765435,19.83094776048076,-88.93697896128623,198.9057079578719,-10719.59021073864,1.730379562708649e-06,9.325504034908083e-05,-0.04375204077148365,3.807517851598243e-10,0.7056889956350227,0.01999901983335684,-0.7054055555253815,6.581722943817908e-05,1.865241041099515e-06,-6.57907939363594e-05
39084.08957924022,19.804699416766,-88.93962061680112,197.8624350495375,-10689.93633931523,1.730869605411172e-06,9.351388953071686e-05,-0.04353065986839275,3.809298561756258e-10,0.7058441886293226,0.0199868103974514,-0.7055611568332848,6.601436263989866e-05,1.869274509654072e-06,-6.598789197693471e-05
39174.1877107783,19.77036585193617,-88.91986386516325,200.8120587410878,-10650.80596397128,1.769581167042603e-06,9.385624432031314e-05,-0.04327156518454815,3.814500347954639e-10,0.7053510518489513,0.02023191546857964,-0.7050608313761971,6.621016366691386e-05,1.899137218209871e-06,-6.618292114001867e-05
39264.49353995997,19.74206608743683,-88.97012972418794,190.9119418188301,-10620.04674962649,1.692154118865822e-06,9.413112495069471e-05,-0.04304736375498899,3.816749902058064e-10,0.7054665309537064,0.0196325535155168,-0.7051932991303286,6.641385986112471e-05,1.848243113862373e-06,-6.638813733676502e-05
39355.00754557775,19.71158751089544,-88.98651615820931,187.2757658216909,-10586.24855629798,1.670557836377314e-06,9.44326160193082e-05,-0.04281167484424962,3.820129143946539e-10,0.7055748176071351,0.01944987927615046,-0.7053066889215536,6.663644787902009e-05,1.836900686214806e-06,-6.661112506032565e-05
39445.73020752785,19.67798133038256,-88.98847254197686,186.2527774900749,-10548.78863114337,1.673255298446571e-06,9.476807115101509e-05,-0.04256206807290019,3.824877595199255e-10,0.7055442875234254,0.01944101934618523,-0.7052763915116677,6.687021304053713e-05,1.842584694389502e-06,-6.684482234048366e-05
39536.66200681279,19.65101208400612,-88.95920032267757,191.0879166609327,-10518.18816175137,1.726664806972564e-06,9.504203954579284e-05,-0.04234099575793542,3.82718270957232e-10,0.7053610798736294,0.01981229449362331,-0.7050827795283264,6.704671460663626e-05,1.883218811639815e-06,-6.702026131291356e-05
39627.80342554393,19.62344735576045,-88.97620652828284,187.4250857905328,-10487.97805627789,1.703356322557567e-06,9.531682302641016e-05,-0.04212228300345271,3.829379090827082e-10,0.7053376774440421,0.01961849745483805,-0.7050647869378885,6.723795281039109e-05,1.870178849454458e-06,-6.721193888888663e-05
39719.15494694403,19.59206591194623,-89.0080469897008,181.0058893805645,-10453.96024825345,1.655773156266496e-06,9.562885945297695e-05,-0.04188909483643802,3.833004130929079e-10,0.7056476064418354,0.01925130089885455,-0.7053849529801393,6.748703431603402e-05,1.841164332634046e-06,-6.746191454942404e-05
39810.71705534973,19.56500018973309,-89.01971908171036,178.3696521512126,-10424.39045865511,1.640939205596846e-06,9.590079249330735e-05,-0.0416745387406179,3.83503614571809e-10,0.7054627355827324,0.01911880653772248,-0.7052036177817336,6.766095861362762e-05,1.833685484212354e-06,-6.763610661518017e-05
39902.49023621421,19.53439188037328,-88.98896370378593,183.3629180726754,-10390.16195868786,1.697976363527653e-06,9.621492504871522e-05,-0.04144216627737553,3.838820579835975e-10,0.7053039936142039,0.01950920149978083,-0.7050341229082363,6.786793145542056e-05,1.877274426523889e-06,-6.784196312582046e-05
39994.47497610973,19.50552758024505,-89.02481572347348,176.3344955831277,-10359.32081257113,1.642664604004717e-06,9.650346385184666e-05,-0.0412241219663541,3.841393957680832e-10,0.7054393138595181,0.01908797582356415,-0.7051810226583999,6.808376647137062e-05,1.842229746556924e-06,-6.805883812179746e-05
40086.67176273028,19.47228934831823,-88.99333930916083,181.3793289233557,-10322.44606825865,1.701721465149457e-06,9.684636144301799e-05,-0.04098290639559368,3.846249999065629e-10,0.7054567322358933,0.01949217949712629,-0.7051873906951235,6.832800318457148e-05,1.887942437706486e-06,-6.830191573113244e-05
40179.081084894,19.43742263748722,-88.97574921720505,183.86609979299,-10284.22869319464,1.73787852756533e-06,9.720519572991788e-05,-0.04073726397453144,3.851664103086319e-10,0.7053069747737202,0.01972084726342199,-0.7050312169313284,6.856696987451648e-05,1.917177609997143e-06,-6.854016185992397e-05
40271.70343254591,19.41385518676289,-89.0174762715173,175.9512319258248,-10259.57389260701,1.671113501668882e-06,9.744127543553014e-05,-0.04054613437844679,3.852040174375068e-10,0.7052111919067312,0.01922116966413951,-0.7049491980471039,6.872326973110758e-05,1.873114951287876e-06,-6.869773826636382e-05
40364.53929676049,19.38316156899368,-88.97518709107554,182.9181208475303,-10225.59197461381,1.748802899751583e-06,9.776256619095148e-05,-0.04031889220475299,3.85595247273812e-10,0.7051602797942381,0.01975648040147931,-0.7048834667387469,6.894576676416911e-05,1.931654020896826e-06,-6.891870186997691e-05
40457.58916974426,19.34759569653792,-88.97534877003221,182.2056969372113,-10187.37319851413,1.755086863257022e-06,9.812934047814232e-05,-0.04007581358500568,3.861516683184661e-10,0.7053067891728977,0.01977506545887572,-0.7050295126017631,6.921878804684408e-05,1.940724356581854e-06,-6.919157613211086e-05
40550.85354483839,19.31249811768638,-88.97971851510704,180.7610474434512,-10149.89543014049,1.75405816992118e-06,9.849194422627576e-05,-0.03983654814531812,3.866861024148245e-10,0.7051013196026762,0.01973205306682092,-0.7048251676743698,6.945421227275066e-05,1.943655704760873e-06,-6.942701062936283e-05
40644.33291652127,19.28553949225681,-88.93311014210923,188.466950583311,-10120.17565985267,1.839536924017051e-06,9.877825659204e-05,-0.0396285500498182,3.869297126695912e-10,0.7051377697235908,0.02032299143389155,-0.7048448413019263,6.966072948484652e-05,2.007713200718383e-06,-6.963179101577545e-05
40738.02778041126,19.25785303291318,-88.90886248183632,192.1810011003249,-10090.23052057472,1.886908144736249e-06,9.906982502187898e-05,-0.03942041752591595,3.871854631927347e-10,0.705013853158915,0.02063423359256998,-0.7047118287286139,6.985461246641835e-05,2.044493714119439e-06,-6.982468709766207e-05
40831.93863326922,19.2219860995878,-88.87529548993174,197.3349619499672,-10051.53628903194,1.952413443879108e-06,9.944894907837157e-05,-0.03917893050425843,3.877820361744848e-10,0.705041865189145,0.02106453990975891,-0.7047271222450422,7.012549838520349e-05,2.095139923400957e-06,-7.00941931437587e-05
40926.0659730011,19.19212705868075,-88.85863291643233,199.6244014793816,-10019.67104331798,1.987624527625486e-06,9.976407581863004e-05,-0.03896490260634371,3.881205768949374e-10,0.7050916570546796,0.02128764190921212,-0.704770232877396,7.035306278668813e-05,2.124051239062089e-06,-7.032099153027865e-05
41020.41029866068,19.16608960143058,-88.82311953858722,205.2592562615046,-9991.528854677828,2.055207192763541e-06,0.0001000425624785308,-0.03876609704021415,3.883185923890285e-10,0.7048939648095276,0.02173506889649145,-0.7045587898855284,7.053053682685233e-05,2.174775432575022e-06,-7.049699977234379e-05
41114.97211045221,19.14300129466012,-88.77192596826278,213.648065968238,-9966.221519673638,2.14999949367982e-06,0.0001002928396477258,-0.03857897348303552,3.884092781681408e-10,0.7047500903276253,0.02237673832571986,-0.7043947553742136,7.069386022551556e-05,2.244622644554727e-06,-7.06582163854161e-05
41209.75190973302,19.11204647273993,-88.69270464545637,226.6576300548722,-9932.164058030941,2.296447186754601e-06,0.0001006305863337956,-0.03835871200821125,3.888447566235897e-10,0.7047819197352858,0.02336847958921089,-0.7043943984355948,7.093728580402651e-05,2.352070149654292e-06,-7.089828124329422e-05
41304.75019901615,19.08758237909547,-88.67378845028409,229.3384779881016,-9906.247673564798,2.335747315489817e-06,0.0001008923213108037,-0.03817062873262408,3.889653810951646e-10,0.7045535433710994,0.02361018018845215,-0.7041578337760935,7.109926583385049e-05,2.382596033187062e-06,-7.105933322411055e-05
41399.96748197304,19.06507864783328,-88.65470781284756,232.0799613231372,-9882.432045678659,2.375037775050823e-06,0.0001011338905954895,-0.03799128370147578,3.890059955584407e-10,0.7045694782593243,0.02386204944325539,-0.704165287621439,7.127164842826589e-05,2.413796866278161e-06,-7.123076199487607e-05
41495.40426343628,19.03771202740177,-88.67780004365596,227.4512027575553,-9854.546192506412,2.340904414227684e-06,0.0001014219771211239,-0.03779695044076987,3.892095626393454e-10,0.7046026457395831,0.02359622634798755,-0.7042074314329231,7.147734650973244e-05,2.393683386225233e-06,-7.143725459393628e-05
41591.06104940221,19.01129558920112,-88.6266560654561,235.571550850072,-9826.140659532106,2.438413466891075e-06,0.0001017108968604547,-0.03760132148644159,3.894369497307757e-10,0.7045868260339618,0.02424118067517629,-0.7041696958688906,7.16808413301902e-05,2.466166214623532e-06,-7.163840477010744e-05
41686.93834703355,18.98395882026599,-88.68883415270456,224.2877837563048,-9799.294351138404,2.334471411925633e-06,0.0001019947325558871,-0.03741234536853787,3.896057236704593e-10,0.7044205040775211,0.0234883970552122,-0.7040287932809323,7.186206147376997e-05,2.396188957208748e-06,-7.182210076112537e-05
41783.03666466218,18.96313221299667,-88.5592999405763,245.8463539856626,-9775.101742984547,2.571263466390894e-06,0.0001022360575396449,-0.03723414777408858,3.896716812027131e-10,0.704450754417443,0.02509806441754548,-0.7040035174356711,7.203907785277961e-05,2.566597317402018e-06,-7.199334216501652e-05
41879.35651179183,18.93145312226826,-88.62633192030023,233.659548688822,-9744.086645425939,2.459527042716986e-06,0.0001025673666900694,-0.037030644324695,3.900129203229393e-10,0.7044304402513846,0.02429073729635226,-0.7040115093053231,7.226835035421623e-05,2.4920154112996e-06,-7.22253717339661e-05
41975.89839910075,18.90589910652152,-88.56549295579431,243.3259663695433,-9716.674302891943,2.57561473940971e-06,0.0001028513722804414,-0.03684154013848048,3.902136757425831e-10,0.7042753274612281,0.02504981653679851,-0.7038296978403887,7.245436895130407e-05,2.577072600373886e-06,-7.240852351031678e-05
42072.66283844442,18.87081682557854,-88.54917348907462,245.1821401825946,-9680.619398294006,2.614592708348254e-06,0.0001032329551908813,-0.03662041633414109,3.907661947984143e-10,0.7044372710389813,0.02527319407226022,-0.7039837601040475,7.274040307086726e-05,2.609717570725657e-06,-7.269357339623141e-05
42169.65034285822,18.84909956674667,-88.51338379801986,250.640985430344,-9657.803996709612,2.685362435397727e-06,0.0001034735161796017,-0.03645008277260511,3.907884725169224e-10,0.7042892031431306,0.02572466355862394,-0.7038192405360779,7.289573161830843e-05,2.662568391467496e-06,-7.284708928796819e-05
42266.86142656028,18.83165329704631,-88.51644195719281,249.6692210525659,-9640.199558480106,2.684737038812524e-06,0.0001036627611008029,-0.03629996078110211,3.906016805244513e-10,0.7042760390876454,0.02570379339391238,-0.7038068302014023,7.302756722644393e-05,2.665269575946717e-06,-7.297891416772601e-05
42364.29660495411,18.80278299361374,-88.48627200499956,253.9613124494925,-9610.396174482561,2.747779069576666e-06,0.0001039813710359316,-0.03610450730489586,3.909118542573919e-10,0.7042536678489807,0.02609077660926518,-0.7037702040116985,7.325068239724969e-05,2.713748295752863e-06,-7.32003964596507e-05
42461.9563946313,18.77074344127956,-88.51270684676723,248.7023207185293,-9578.73878087003,2.708759866123324e-06,0.0001043275474983,-0.03590281171675481,3.913017604213587e-10,0.7042434582088204,0.02578295301880514,-0.7037713320131396,7.349257689691012e-05,2.690625855699606e-06,-7.344330732921066e-05
42559.84131337431,18.74708389402985,-88.47558667956234,254.259305676043,-9554.198519156258,2.783433627882756e-06,0.00010459195337995,-0.03572846783916794,3.91404550721002e-10,0.7040542581752314,0.02624913942935379,-0.7035647668366386,7.366027603014378e-05,2.746263989555616e-06,-7.36090639726973e-05
42657.95188015926,18.70866923410692,-88.48162069079061,252.2385194912337,-9515.948451277764,2.783570412620653e-06,0.0001050129560323584,-0.03550358532175427,3.920740067129365e-10,0.7040620521376147,0.02619266375985524,-0.7035746709663392,7.395736511153889e-05,2.751377369437824e-06,-7.390616873314713e-05
42756.28861515862,18.67941169061909,-88.48863100939997,250.3089359405945,-9486.974488860506,2.779192720380034e-06,0.0001053343554787419,-0.03531407738588293,3.923669322154415e-10,0.7042028233950669,0.02612917174492104,-0.7037179000576212,7.419828944532624e-05,2.753098658067483e-06,-7.414719552613813e-05
42854.85203974396,18.64874131867495,-88.40098674931517,263.9288814833909,-9454.633861632185,2.95025251289523e-06,0.0001056858845913763,-0.03511275019237629,3.928035612428723e-10,0.7039702024425494,0.02721402392587298,-0.7034439869874261,7.442438826772405e-05,2.877092064349972e-06,-7.436875627760756e-05
42953.64267648873,18.61248390716873,-88.4165128315683,260.3838697051435,-9419.146870048349,2.93264287670669e-06,0.0001060856573196391,-0.03490050414041612,3.933766366937555e-10,0.7038115403532945,0.02703475478461296,-0.7032921202233201,7.468849014265613e-05,2.86892854190216e-06,-7.463336927146665e-05
43052.66104917105,18.58122290624344,-88.34769509830288,270.7748261148683,-9386.859365122735,3.070481157054276e-06,0.0001064433323365919,-0.03470087636073076,3.938218612448906e-10,0.7039912062938208,0.02790405979988097,-0.7034379730905304,7.496196083767479e-05,2.971263020376129e-06,-7.49030517982601e-05
43151.90768277652,18.54892717570616,-88.29765494074861,278.0056570394764,-9354.075050172869,3.174450011606043e-06,0.0001068109331579845,-0.03450014987128353,3.942931948470734e-10,0.7036471649880325,0.02852198806811472,-0.7030688650426342,7.518598317488265e-05,3.047626455000283e-06,-7.512419077077981e-05
43251.38310350088,18.51737900189242,-88.21292228171127,290.8309998203337,-9321.354473920008,3.343952356636351e-06,0.0001071762132625599,-0.03430039768406947,3.947672423945729e-10,0.7034920709486024,0.02957273674157488,-0.702870220687409,7.542985849101549e-05,3.170849309788485e-06,-7.536318243432423e-05
43351.08783875289,18.48574445652142,-88.10708351021091,306.9706174856395,-9288.165320978356,3.554371533815129e-06,0.0001075464182489672,-0.03409966154913801,3.952666698545166e-10,0.7033557511865743,0.03088265852906017,-0.7026774324890531,7.568020949094237e-05,3.322935887242837e-06,-7.56072232374804e-05
43451.02241715714,18.45889486293622,-88.00148430778172,323.115533225099,-9259.695947722208,3.763881024817371e-06,0.0001078635667104557,-0.0339169552205074,3.955700527824157e-10,0.7031507724355145,0.03218592257086103,-0.7024137492709858,7.588599628606295e-05,3.473594706034212e-06,-7.580645468656723e-05
43551.18736855686,18.43545013574832,-87.81158526273927,352.8110041168931,-9232.596596713376,4.132954959029639e-06,0.0001081539562084188,-0.03373991559645129,3.958186666045239e-10,0.7029726315766395,0.03452270793101495,-0.7021244215827388,7.608021474166354e-05,3.736269258398578e-06,-7.598841600643077e-05
43651.58322401661,18.41579326414492,-87.64400434926908,378.9131375438355,-9209.646057032209,4.459839730205539e-06,0.000108398314327466,-0.03357863760820053,3.95892424800537e-10,0.702607140704698,0.03657482592946765,-0.7016545277253332,7.622128590746596e-05,3.967765345210806e-06,-7.611794311168039e-05
43752.21051582521,18.41144961011863,-87.44250657971457,410.9555758155034,-9200.563270062557,4.845074447104943e-06,0.0001084725859000517,-0.03346836894402273,3.953718232293047e-10,0.702352063167767,0.03904571452469512,-0.7012658930913973,7.62573042208456e-05,4.239356708942622e-06,-7.613937418789926e-05
43853.06977749856,18.42219928297713,-87.26085930657966,440.4661232465791,-9206.398430203521,5.184895601770463e-06,0.0001083720454528269,-0.03341257124472018,3.942124767364193e-10,0.7021722320752731,0.04127595010815087,-0.7009580154618682,7.617826540433156e-05,4.478004310796488e-06,-7.604653573572741e-05
43954.16154378246,18.43862284105385,-87.11777824012434,464.1267907892639,-9218.607642480547,5.447616436534258e-06,0.0001082019816820689,-0.03337993316660238,3.927849152126556e-10,0.7019891425869914,0.04303284018544448,-0.7006689168042159,7.60481917087498e-05,4.661852273290869e-06,-7.590516843768134e-05
44055.48635065534,18.46878502944372,-87.08808894595741,470.3593864380829,-9246.986019863903,5.486649053534856e-06,0.000107864259876134,-0.03340568123681829,3.906788769354925e-10,0.7017673748410033,0.04340001176968642,-0.700424076806062,7.57888452776099e-05,4.687075653530405e-06,-7.564377297789669e-05
44157.04473533126,18.4889228215757,-87.2513993160776,445.0723643232765,-9270.609348791586,5.166711719279552e-06,0.0001076197261541791,-0.03341399570958061,3.887871037790409e-10,0.7021612723038508,0.0414445274284788,-0.7009370895234412,7.564878955138482e-05,4.465111445418568e-06,-7.551689970046242e-05
44258.83723626265,18.49739556109318,-87.40721507318986,420.3527179490792,-9282.680606574564,4.868300662257449e-06,0.000107507048758956,-0.03338055393983889,3.873884997988851e-10,0.702410430963497,0.03957013088232826,-0.7012949581084131,7.558679055015123e-05,4.2581645476732e-06,-7.546675387451994e-05
44360.86439314325,18.48245921071661,-87.61765909375401,385.801941366414,-9273.266746657331,4.478657465163633e-06,0.0001076505348684232,-0.03327000637905372,3.868898882424183e-10,0.7025638087565579,0.03702010294425472,-0.7015877830696013,7.56921004650063e-05,3.988433956256286e-06,-7.558694640863056e-05
44463.12674691089,18.46242861783893,-87.84250666345847,348.8216888972549,-9259.154183679089,4.062982065073158e-06,0.0001078481602017474,-0.03314297182855933,3.86588397494564e-10,0.7028660654683505,0.03429932778717671,-0.7020286761239226,7.58518586824768e-05,3.701512837276149e-06,-7.576148934849361e-05
44565.62483975033,18.42669498302904,-88.04638307841886,314.8140133870835,-9229.30353824445,3.691570650552074e-06,0.0001082246171326804,-0.03296014102099938,3.869467489120086e-10,0.703064769803937,0.03182813991242858,-0.7023439613531092,7.612840214005266e-05,3.446375837177748e-06,-7.605035243827929e-05
44668.3592150963,18.39835299665643,-88.18305063601257,292.006875112198,-9205.073703039605,3.442720150330543e-06,0.0001085265294200891,-0.03279800304079318,3.870729848581358e-10,0.7034425042072926,0.03018707670153819,-0.702794491388231,7.637577270316134e-05,3.277540516730232e-06,-7.630541516934534e-05
44771.33041763626,18.35720983323177,-88.31592111457938,269.5657531345394,-9168.532441585256,3.203980097079614e-06,0.0001089745085222549,-0.03259267136725258,3.877218761902178e-10,0.7033062773921852,0.02856983292360187,-0.7027257533817661,7.667073077677335e-05,3.114532087705797e-06,-7.66074451193819e-05
44874.53899331323,18.31482509494437,-88.41671063873578,252.365838924573,-9130.243104117544,3.025061495482438e-06,0.0001094424941836718,-0.03238191086191499,3.884523832735049e-10,0.7036555363369689,0.02736540992636163,-0.7031232097984176,7.70343398466443e-05,2.995892421004917e-06,-7.697606215058065e-05
44977.9854893288,18.28718166641809,-88.48939587590149,240.1222510841168,-9105.498519470975,2.894163291179466e-06,0.0001097474284201604,-0.03221987563301529,3.886121757810473e-10,0.703604067248871,0.02648973151214985,-0.7031052393301931,7.724065753376574e-05,2.908005190890477e-06,-7.718589691166539e-05
45081.67045414601,18.24617096270929,-88.5631084554298,227.4644082216873,-9068.198837560365,2.764382997424891e-06,0.0001102061411708365,-0.03201409032537703,3.893131715392867e-10,0.7036017953792336,0.02560336564032937,-0.7031358006308372,7.756066081524417e-05,2.822354876294668e-06,-7.750929246902985e-05
45185.59443749224,18.20536809968857,-88.60689709513609,219.6160138856909,-9030.625763241043,2.691358442148681e-06,0.0001106688463002275,-0.03180811821389418,3.90033837962795e-10,0.7036256785741691,0.0250851790772495,-0.7031783766155087,7.78874528917876e-05,2.776789936974101e-06,-7.783793905041648e-05
45289.75799036209,18.16410235096308,-88.71589018070837,201.6103194999953,-8994.157743230697,2.490999241426519e-06,0.0001111274471030172,-0.03160680752783079,3.907145923638542e-10,0.7037360156541299,0.02376960254948657,-0.7033344764217017,7.821897488620071e-05,2.641947979804736e-06,-7.817434453271804e-05
45394.16166502032,18.12840626875712,-88.73706130160724,197.5589639239965,-8961.212100784302,2.458964162134007e-06,0.0001115378364384795,-0.03141860427909922,3.912491211230424e-10,0.7037274274314856,0.02352786234636851,-0.7033340115569182,7.850620811297652e-05,2.624714038159755e-06,-7.84623195457276e-05
45498.80601500485,18.09258731934547,-88.8024422203938,186.659303044247,-8929.199921107791,2.340102089261469e-06,0.000111943198383552,-0.03123436480577974,3.917487188859264e-10,0.7037433722690588,0.02274425705784611,-0.7033757408267033,7.879135397700125e-05,2.546454971235616e-06,-7.875019383219688e-05
45603.69159512962,18.05200936355352,-88.82747998474163,181.9959653608107,-8892.082755467873,2.300768263267116e-06,0.0001124125018791799,-0.03103299043154778,3.924791910902148e-10,0.703649221611236,0.0224524023959761,-0.7032909189665024,7.911034952479885e-05,2.524293847934439e-06,-7.907006603326649e-05
45708.81896148752,18.00737283415534,-88.84315301575316,178.7372121914644,-8851.210553208417,2.280513125057002e-06,0.0001129328447710834,-0.03081930235557381,3.933846954212486e-10,0.703626244362098,0.02227785287165778,-0.7032734809635151,7.947347979314403e-05,2.516248511502652e-06,-7.943363572101955e-05
45814.18867145335,17.96819174076418,-88.89473850369765,170.0909757138618,-8816.272174546641,2.187508119651466e-06,0.0001133844219890988,-0.03062704670566241,3.940353111004251e-10,0.7037632336677905,0.02166748259447075,-0.7034296050498325,7.980535697270317e-05,2.457049616160861e-06,-7.976752414814131e-05
45919.80128368686,17.92896449494715,-88.87880721614522,171.8348750339029,-8780.074696073696,2.22817130330493e-06,0.0001138506398937078,-0.03043114842686889,3.947498021224377e-10,0.7035580438269406,0.02187534313617999,-0.7032178825913529,8.011054792954981e-05,2.490833187343044e-06,-8.00718155133598e-05
46025.6573581356,17.89192111863205,-88.87489450252039,171.7706733786859,-8746.263897066712,2.244586713739335e-06,0.0001142904510535031,-0.03024424229235471,3.953643939256452e-10,0.7036099398544406,0.02194367184790957,-0.7032676750198326,8.042603426364558e-05,2.508268294611176e-06,-8.038691173032673e-05
46131.75745603795,17.85283852867655,-88.86950823810879,171.8918406387793,-8710.721524051512,2.264529166060309e-06,0.0001147563658364467,-0.03005206098577355,3.960645768436646e-10,0.7034763209966841,0.02202433333628283,-0.7031314691749488,8.07386868529617e-05,2.527754949681904e-06,-8.069910786158028e-05
46238.10213992604,17.804655518973,-88.88000452066953,169.4499861592683,-8667.474637556837,2.254708594441001e-06,0.0001153297796025219,-0.02983408420432654,3.971252965380305e-10,0.7033616273225557,0.02191072192375419,-0.7030202693056677,8.112857500816016e-05,2.52727128979279e-06,-8.108920139378892e-05
46344.6919736288,17.77339450242341,-88.83784074583031,175.2438215059401,-8638.535808551789,2.347381889370171e-06,0.0001157127385913735,-0.02966608723583039,3.975392314813129e-10,0.7034091206611562,0.02244839344794947,-0.7030508236684651,8.140463112782414e-05,2.597923646945262e-06,-8.136316587855808e-05
46451.52752227495,17.73527660873511,-88.82876408293986,175.9119742050149,-8604.252643373324,2.375131188273866e-06,0.000116173039938979,-0.02948039414091812,3.982052464989007e-10,0.7033777411612304,0.02257761761736421,-0.7030152899786739,8.17250481641653e-05,2.623280179672682e-06,-8.168293517335231e-05
46558.60935229591,17.70390580404083,-88.78964624309886,181.1813547031709,-8575.495121864609,2.462641961789142e-06,0.0001165593124348809,-0.02931428702644198,3.986216912533865e-10,0.7031515317786331,0.02306906224831816,-0.7027730038992828,8.197154897300813e-05,2.68933036534252e-06,-8.192742119229871e-05
46665.93803142887,17.66790737370486,-88.73564789001011,188.5373355863902,-8542.430572111292,2.582396650519368e-06,0.0001170057062072265,-0.02913409885075465,3.992442534878316e-10,0.7032301228522859,0.02375296928719105,-0.7028288569323851,8.229632633651861e-05,2.779718968794204e-06,-8.224936772365665e-05
46773.51412871981,17.63525973466549,-88.71729267771491,190.620438383109,-8513.182783595978,2.628862442360605e-06,0.000117406017290586,-0.02896757164162224,3.996945012657513e-10,0.7030417622944608,0.02399067849811503,-0.7026323127178974,8.255632964955231e-05,2.817161751732848e-06,-8.250824907165419e-05
46881.33821452653,17.60762167836858,-88.67275045819004,196.6563128324206,-8487.899883307273,2.728188207198326e-06,0.0001177515637916576,-0.02881511651215815,3.999630608649704e-10,0.702949326491517,0.02455269355589948,-0.7025204060054251,8.278986077170318e-05,2.891693617815484e-06,-8.273934465910811e-05
46989.41086052156,17.57753987146075,-88.63824174663533,201.1260996073901,-8460.75779082412,2.808048211272882e-06,0.0001181259708556682,-0.0286569122713614,4.003233009723439e-10,0.7028871462320132,0.02499265920666615,-0.7024426719127782,8.304690318212672e-05,2.952910663577247e-06,-8.29943880437374e-05
47097.73263969529,17.5448345779263,-88.65050182437999,198.6463888995928,-8432.390032010486,2.792147480980958e-06,0.0001185245637585073,-0.02849514149524411,4.00746229997686e-10,0.7028395620085653,0.02485976975348405,-0.7023997734710595,8.332103887822662e-05,2.947104793324888e-06,-8.326890231703618e-05
47206.30412635905,17.51272834787077,-88.5941171386836,206.233516359509,-8403.216842078857,2.918815206396242e-06,0.0001189304121573926,-0.02833124776534099,4.012125978236114e-10,0.7026022167351326,0.02556149721756015,-0.7021370840662946,8.358006208577106e-05,3.040741223926901e-06,-8.35247308949299e-05
47315.12589614805,17.48743928478093,-88.55054935194325,212.047855583097,-8380.316579247825,3.017415162449334e-06,0.0001192508843950017,-0.02818905757938261,4.013836764753071e-10,0.7029245276346732,0.02612655661135035,-0.7024388191081572,8.384528508009008e-05,3.116392302614718e-06,-8.378734945788523e-05
47424.19852602448,17.45680489287327,-88.56283049667593,209.5910011787152,-8354.032799854527,3.001283389447468e-06,0.0001196273682366901,-0.02803601655216274,4.01720463930241e-10,0.7028453354115681,0.02599229637522768,-0.7023645535182866,8.410003332749507e-05,3.110147967525088e-06,-8.404250463489223e-05
47533.52259428053,17.4261740187268,-88.58900685507274,205.1340746737054,-8328.134459138791,2.955826509211351e-06,0.0001200021042128424,-0.02788482093404484,4.02042905889411e-10,0.7028074889804015,0.02568930218129906,-0.7023378291964453,8.435795049224393e-05,3.083485756155271e-06,-8.43015772500341e-05
47643.09868054156,17.39131782775831,-88.61803410813719,200.2037312653004,-8298.760753854531,2.905313456213401e-06,0.0001204298298322879,-0.02772256280745253,4.025380025279702e-10,0.7026249507284178,0.02534621532878186,-0.7021676372167963,8.463556776421729e-05,3.053110087823697e-06,-8.458048149285417e-05
47752.92736576909,17.35917045849202,-88.60558771726954,201.3306616197584,-8270.953865283967,2.941314532322823e-06,0.0001208334418831706,-0.02756612556256761,4.029624081666126e-10,0.702436322273721,0.02551125605907994,-0.7019729073573415,8.489683913290801e-05,3.083304397921168e-06,-8.484083055197315e-05
47863.00923226385,17.32259114723059,-88.63175022283569,196.8191062922974,-8240.279350642608,2.896914612000912e-06,0.0001212859163296596,-0.02740072578279912,4.035322015900594e-10,0.7025360611362419,0.02521369628028385,-0.7020834613610486,8.522587787625087e-05,3.05871757887689e-06,-8.517097220620589e-05
47973.34486366891,17.27821671519071,-88.61853555190426,197.8051372315186,-8202.312592054612,2.938410277617989e-06,0.0001218459740634497,-0.02721174847241099,4.044676719542351e-10,0.7023801098982082,0.02538943327019376,-0.7019210749499102,8.560086166459954e-05,3.094275214341433e-06,-8.554491790059664e-05
48083.93484497285,17.24192452535738,-88.60255096802081,199.337965508531,-8171.288562657642,2.983668362352346e-06,0.000122306932860764,-0.02704647550933946,4.050695374986721e-10,0.702227324410569,0.02559917410385572,-0.7017605698769538,8.590656235014807e-05,3.131659748659132e-06,-8.584946221170233e-05
48194.77976251274,17.20579438094207,-88.54887839579921,206.1980429802697,-8139.73920422151,3.11017589145617e-06,0.0001227752711413113,-0.02688008403014645,4.057043284874189e-10,0.7023384162683705,0.02628023002949479,-0.7018465647675136,8.625113842678902e-05,3.227361206019642e-06,-8.619073627463105e-05
48305.88020397729,17.17108056451911,-88.47270934173625,216.207254705216,-8109.019015779911,3.285677983610906e-06,0.0001232318743659042,-0.02671704675575475,4.063046688111997e-10,0.7021542125208555,0.02722567357046229,-0.7016261831341654,8.655216444805779e-05,3.35601629109332e-06,-8.648707605936019e-05
48417.23675840994,17.14373649142368,-88.40398463144879,225.2634610113672,-8084.70106837506,3.443703791897875e-06,0.0001235944595742453,-0.02657566240040988,4.065895057604437e-10,0.7019419510762127,0.02807835750150105,-0.7013801455136138,8.67833935870588e-05,3.471419747167019e-06,-8.671393571638493e-05
48528.8500162121,17.11945466872534,-88.33077565387681,234.9664691848612,-8062.89340228591,3.611232009478326e-06,0.0001239197186064814,-0.02644301977417837,4.067515471393488e-10,0.7017764320832844,0.02898732862477062,-0.7011775063468196,8.699439924869126e-05,3.593359828357759e-06,-8.692015454303243e-05
48640.72056914616,17.1021036781975,-88.3236833321554,235.5383102404694,-8048.300489493016,3.633133751278411e-06,0.0001241435082002368,-0.02633445375404766,4.065518567978199e-10,0.7017347462673053,0.02909208685173947,-0.7011314460223917,8.714661286136089e-05,3.612870594884134e-06,-8.707169057318533e-05
48752.84901033863,17.07274236779124,-88.34628387385523,231.6718677905933,-8024.432897339091,3.594866415562928e-06,0.0001245156116782251,-0.02619596981603897,4.068232659176238e-10,0.7017912142907766,0.02883757726451425,-0.7011984758919803,8.741382437154349e-05,3.591955645737975e-06,-8.733999396552592e-05
48865.23593428337,17.05069653625759,-88.35745600817005,229.5897173165056,-8006.432728807876,3.578634501513789e-06,0.0001247969496728903,-0.02607709388810083,4.068001202667015e-10,0.7017555715528648,0.02871917452440821,-0.7011676627028122,8.7606360943389e-05,3.585268819190207e-06,-8.753296707662489e-05
48977.88193684462,17.01095420051518,-88.42769838587617,218.9086888124131,-7975.184462219872,3.439176285308131e-06,0.0001252945482530758,-0.02591557615473613,4.074547591116062e-10,0.701689402576284,0.02787674943080709,-0.7011354395044044,8.794432121248005e-05,3.493856109699753e-06,-8.787489176669626e-05
49090.78761526029,16.98009813479563,-88.46183735855929,213.4925621866255,-7950.579269307401,3.374987497722483e-06,0.0001256863722030173,-0.02577620064015575,4.077757166759152e-10,0.7015610662889802,0.02747382930924839,-0.7010229086382392,8.820175004838079e-05,3.454068280077629e-06,-8.813409172342791e-05
49203.95356814509,16.9375051137544,-88.51498035355915,205.2397811639243,-7916.891853916235,3.272354461582373e-06,0.0001262273631023617,-0.02560795182301097,4.085690071135223e-10,0.7015737226431906,0.02684400511380462,-0.7010599743908325,8.858079504386491e-05,3.389327790362144e-06,-8.851592911862069e-05
49317.38039549359,16.89622753094099,-88.55737817206982,198.5544638548988,-7884.206675416826,3.192186830492042e-06,0.000126755451524552,-0.02544357495649475,4.093192138659502e-10,0.7017089267542297,0.02635026650105866,-0.7012140053805942,8.89668128410615e-05,3.340842817769736e-06,-8.890406377867899e-05
49431.06869868354,16.85597747850185,-88.56587856756525,196.5726959676655,-7851.799309719695,3.186490994504954e-06,0.0001272795678357972,-0.02528071322764467,4.100633365116505e-10,0.7016649504857466,0.02626460101399127,-0.7011732121763788,8.932871533845254e-05,3.343737015555143e-06,-8.926611230914615e-05
49545.019080479,16.81233173947606,-88.55074533996785,197.7503059436335,-7816.322259626146,3.234702614978537e-06,0.0001278555698413656,-0.02510860521413865,4.109771489458768e-10,0.7018567633191604,0.02647709082750142,-0.7013571699770097,8.975806614467484e-05,3.386064784179814e-06,-8.969417485717319e-05
49659.2321450336,16.77318132792145,-88.58865765514898,191.820889714085,-7785.711574121065,3.162537896229633e-06,0.0001283624945071014,-0.02495275156269355,4.11644029371585e-10,0.7017665243250517,0.02602976338438243,-0.7012836131562012,9.010083405481607e-05,3.341999525323676e-06,-9.0038832381069e-05
49773.70849789361,16.73209367217553,-88.59483607506364,190.1793888766333,-7753.039658899553,3.161973299722723e-06,0.0001289041075267848,-0.02479089107361942,4.124279847969506e-10,0.7015821869965599,0.02596747194515539,-0.7011014587858547,9.045696628346933e-05,3.348059254847322e-06,-9.039498464204048e-05
49888.44874600122,16.68674330227945,-88.59859245787356,188.7914276798295,-7717.094790805321,3.168215817847871e-06,0.0001295049361326113,-0.02461920170175325,4.133960254378406e-10,0.7016244197924618,0.02594326316388804,-0.7011446167129275,9.088388266385432e-05,3.360522266316972e-06,-9.082173208079016e-05
50003.45349769783,16.64452228479263,-88.57489470868664,191.1427722935597,-7683.232722427636,3.235945498397101e-06,0.0001300730445778656,-0.02445480024206843,4.142629978185575e-10,0.7011883841267142,0.026237183509035,-0.7006973385390769,9.122673824725181e-05,3.413537255476416e-06,-9.116285172502049e-05
50118.72336272722,16.5994566490144,-88.60510754229632,186.2409637636368,-7648.412498889561,3.181816816088384e-06,0.0001306686080954384,-0.02428798210190225,4.151918587528849e-10,0.7013101401584246,0.02589246461642076,-0.7008320005287406,9.165912709715853e-05,3.384067289543354e-06,-9.159663568490333e-05
50234.25895223871,16.55170721255339,-88.57541015965539,189.2634596352113,-7610.445083702523,3.265714012295917e-06,0.0001313171448813147,-0.02411183083943334,4.163035124706813e-10,0.7013517107421896,0.02627759830849036,-0.7008592654649959,9.212065282548419e-05,3.451491560920712e-06,-9.205597146844024e-05
50350.06087879047,16.50759965822569,-88.56080812012029,190.334163420501,-7575.81442494155,3.314240704576068e-06,0.0001319157427454845,-0.02394690875506438,4.172446760396377e-10,0.7012154352216211,0.02647144377337758,-0.7007155979836616,9.25231512978237e-05,3.492822996033969e-06,-9.245719936056007e-05
50466.12975635282,16.46552439935648,-88.53193633188708,193.3036337935021,-7542.628276954851,3.395544733619214e-06,0.0001324927587798007,-0.02378717329776917,4.181166159157267e-10,0.7010771432545009,0.02683965898059752,-0.7005631973631623,9.291068598094708e-05,3.556942558141219e-06,-9.284257498092263e-05
50582.4662003114,16.42302603473184,-88.50844288047681,195.5327955898667,-7509.382574951141,3.465108164508267e-06,0.0001330765143125065,-0.02362785854763763,4.190018119678172e-10,0.7009923145965602,0.0271440890524919,-0.7004665756143923,9.330970747977501e-05,3.613173720386194e-06,-9.323972589850043e-05
50699.07082747044,16.37165500193804,-88.50126918882439,195.4393875184835,-7469.852415985241,3.500183868951096e-06,0.0001337798754992731,-0.02344942257850655,4.202503755599504e-10,0.700970032180792,0.02725142822645911,-0.7004401085568692,9.380017552691945e-05,3.646644840220256e-06,-9.372926389495542e-05
50815.94425605605,16.32153080876364,-88.50015110669166,194.5842889496463,-7431.623185856407,3.520811506691344e-06,0.0001344679191079419,-0.02327575690152461,4.214406767093392e-10,0.700710339272112,0.02727553868837368,-0.7001792802933384,9.424768285400683e-05,3.668643340762459e-06,-9.41762537978005e-05
50933.08710571953,16.28330918378709,-88.45326750734506,199.8604594831165,-7401.654144553899,3.645463632863703e-06,0.0001350064994185882,-0.02312857733750214,4.221738641471774e-10,0.7005167604418044,0.02786135794526687,-0.6999624821326684,9.460105200422932e-05,3.762527780529244e-06,-9.452619967505117e-05
51050.49999754062,16.23427973473554,-88.41134089839713,204.2302767432446,-7363.778678863523,3.763437785826029e-06,0.0001356954677260492,-0.02295730260491664,4.233693408420351e-10,0.7004344454568029,0.02839084743194381,-0.6998588230239546,9.507451752043486e-05,3.853674157655061e-06,-9.49963845482032e-05
51168.18355403079,16.17869375880717,-88.36896424144642,208.4683792467609,-7321.195515332154,3.886191472987268e-06,0.0001364790558959484,-0.02277205041638691,4.248524495962281e-10,0.70019560739688,0.0289192745547749,-0.6995981447782086,9.559288014406667e-05,3.948149227392985e-06,-9.551131269078094e-05
51286.13839913649,16.13471205320255,-88.30034186590413,216.227836119538,-7286.940774425903,4.068542824814061e-06,0.000137111072906661,-0.02261337430480618,4.258678860155551e-10,0.7000923783268376,0.02977347742526104,-0.6994589896722576,9.602470719612063e-05,4.083731719524994e-06,-9.593783157515937e-05
51404.3651582426,16.08326372067186,-88.25507178374531,220.7986074755563,-7247.815006435274,4.199322836412137e-06,0.0001378446876028585,-0.02244022625975034,4.271820856478767e-10,0.6998738544940107,0.03033740535791599,-0.6992160281632946,9.651061152819781e-05,4.183441808078506e-06,-9.641989915046132e-05
51522.86445817565,16.0400395266572,-88.19459465172318,227.4102217964402,-7214.630935215856,4.364660431281372e-06,0.0001384696515419699,-0.02228610905077705,4.281599213735801e-10,0.6997206755210974,0.03108942149647928,-0.6990296643367255,9.69300888060437e-05,4.306719083780169e-06,-9.683436521545914e-05
51641.63692720711,15.98649368178902,-88.1283174836496,234.4341096886032,-7173.923277765648,4.550339624491754e-06,0.0001392450415907534,-0.02210939503385266,4.295991405832346e-10,0.6993679828846884,0.03190275911529872,-0.6986399569485193,9.742731825119168e-05,4.444298769006979e-06,-9.732589866048394e-05
51760.68319505676,15.94046147357547,-88.06810585128015,240.8047466594994,-7139.038468702699,4.719453995664473e-06,0.0001399156955737368,-0.02195128022046162,4.30705491920467e-10,0.699402261089796,0.03265941438937102,-0.6986393099942648,9.790473961673907e-05,4.571777415823972e-06,-9.779793909219989e-05
51880.0038928961,15.88852747338849,-87.97734653146561,250.7267198069946,-7099.394426042477,4.968401289259982e-06,0.0001406816172064425,-0.02177917561834313,4.321144867536601e-10,0.6991043415372207,0.03377258510771778,-0.698288115931621,9.840409718069104e-05,4.753740678645295e-06,-9.828920740095059e-05
51999.59965335159,15.83888790043616,-87.90356981821878,258.5103736244789,-7061.977550013575,5.176589738620956e-06,0.0001414139015282835,-0.02161456323858851,4.334048820002304e-10,0.6989489953412016,0.0346849594043899,-0.6980878538404681,9.889887682602398e-05,4.907802358562444e-06,-9.877702826800547e-05
52119.47111050806,15.79002186501641,-87.82976015206808,266.2306669612586,-7025.305445942971,5.386472082674495e-06,0.0001421384399053455,-0.02145286712678878,4.346652491955681e-10,0.6988270127230524,0.03559901383518054,-0.6979196973330011,9.939297005231762e-05,5.063186813893782e-06,-9.926392413716335e-05
52239.61889991197,15.73213005855683,-87.71678438879991,278.3592052431533,-6981.541506039547,5.701814709747233e-06,0.0001430075072282032,-0.02127019424120075,4.363839884737465e-10,0.6983708771538463,0.03697200116351812,-0.6973915350695027,9.994303249242253e-05,5.291019477579637e-06,-9.980288000187819e-05
52360.04365857501,15.68038430697286,-87.58400335189195,292.8942872075595,-6941.921495461305,6.067070934479228e-06,0.0001437963523839697,-0.02110084414296719,4.378652032866034e-10,0.6980920927830193,0.03859374937834423,-0.6970244561814866,0.0001004637253364238,5.554097915350383e-06,-0.0001003100797767558
52480.74602497726,15.62857752908439,-87.44463102124875,308.043882789363,-6902.294954758698,6.452996187990855e-06,0.0001445913570109837,-0.02093214071700256,4.393661733076209e-10,0.6977654503214616,0.04029140552673514,-0.696601196024664,0.0001009825125149532,5.831081720905093e-06,-0.0001008140184686475
52601.72663907063,15.57440599316648,-87.26449456519704,327.7827917305421,-6860.267346051499,6.948862851248462e-06,0.00014543489808885,-0.02075683687244273,4.41041128854222e-10,0.6972826935454856,0.04247304525817331,-0.6959879274416653,0.0001015160726649224,6.183570578534655e-06,-0.0001013275701090779
52722.98614228227,15.52669436766775,-87.06240236406279,350.0955650063282,-6822.383937005227,7.501915548559127e-06,0.0001461913638761303,-0.0205947387789239,4.424701478834254e-10,0.6967429930044686,0.04491403744054201,-0.6952938425885955,0.000101982896458526,6.574107921891621e-06,-0.0001017707830131111
52844.52517751802,15.48752104935511,-86.83247132243783,375.7510653873505,-6789.839948846198,8.125556900420101e-06,0.0001468292067042337,-0.0204493575641292,4.435683951385798e-10,0.6962963252918125,0.04769453227448571,-0.694660927507802,0.000102384057550233,7.013048266735996e-06,-0.0001021435871430892
52966.34438916578,15.46807692330706,-86.60532073844728,401.6381042348743,-6770.959244105282,8.729896289585188e-06,0.0001471717233967432,-0.02034559200943359,4.437822543164891e-10,0.6958760261875719,0.05043892417195057,-0.6940456460139942,0.0001025842204168649,7.435574039232967e-06,-0.0001023143905677153
53088.44442309884,15.44823811533211,-86.41242843566972,423.3660626548822,-6752.584256822578,9.248519063126536e-06,0.0001475115974883906,-0.02024371169275059,4.439664167684396e-10,0.6954549763737506,0.052764534745175,-0.6934504510317513,0.0001027799776161864,7.797970946034439e-06,-0.0001024837326013674
53210.82592667943,15.4393018989266,-86.30579368820612,435.4165054503285,-6743.789083151551,9.534331434137361e-06,0.0001476690006828856,-0.02017084585816556,4.435230066391512e-10,0.6952285763262999,0.05405873915710536,-0.6931236729916515,0.0001028682940763637,7.998707858637527e-06,-0.0001025568456943437
53333.48954876208,15.41980108720224,-86.34195630701399,430.3431952459845,-6731.285882775397,9.459047483568034e-06,0.0001479552912513208,-0.02008714281912692,4.433248705016316e-10,0.6954896780641548,0.05366274901878474,-0.6934163263592289,0.0001031022130159681,7.955183742995556e-06,-0.0001027948509430567
53456.43593969716,15.38448746314361,-86.36982605824663,425.5664975361682,-6707.813116179163,9.420218302332406e-06,0.0001484822330975101,-0.019971058601454,4.438530180198774e-10,0.6952265601927219,0.05332667178475442,-0.6931783580535139,0.0001034270194282004,7.933268138078823e-06,-0.000103122313804776
53579.66575133417,15.33519499405707,-86.47362605934156,411.4556439299749,-6676.801064137435,9.194751533012194e-06,0.0001492056986598129,-0.01983300713988196,4.448890278881413e-10,0.6952312735324674,0.05209258654275123,-0.69327691878849,0.0001039198454225316,7.786550673528852e-06,-0.0001036277178232321
53703.17963702527,15.27289793462499,-86.53943633308059,401.306792720589,-6636.265539421176,9.079119936641452e-06,0.0001501381283764007,-0.01966726125730361,4.465770251465525e-10,0.6952309642938264,0.05131772511434608,-0.6933343960903801,0.0001045618483491805,7.718120260195143e-06,-0.0001042766069156749
53826.97825162881,15.19661912505894,-86.56518832494315,395.2786099536298,-6585.705637365216,9.08106859489486e-06,0.0001512989651671642,-0.01947253291899435,4.489705106896989e-10,0.695145343129478,0.0510213593819594,-0.6932704154667331,0.000105354424905479,7.732664871756019e-06,-0.0001050702657327244
53951.06225151276,15.12954280297792,-86.55292606650791,393.9859949192413,-6540.762654037305,9.175951286235709e-06,0.0001523346521507152,-0.01929516611050068,4.510157846218803e-10,0.695061256411776,0.05118513185594784,-0.6931740275295994,0.0001060640966401215,7.810685348415338e-06,-0.0001057761116248517
54075.4322945581,15.04859022189659,-86.50047350255585,396.6514140834258,-6486.072958676039,9.393429507152093e-06,0.0001536020469165765,-0.01908982561627808,4.537726351372427e-10,0.6947406671317677,0.05181741907395485,-0.6928055640994866,0.0001069030960341883,7.973396102428162e-06,-0.000106605332400817
54200.08904016238,14.96036839888168,-86.41281057308989,402.8655694365376,-6426.292749033382,9.717077844246625e-06,0.0001550015479843874,-0.01887037964100738,4.569404717632064e-10,0.6943010351408974,0.05286555799659943,-0.6922854614791717,0.0001078190169186901,8.209569341769223e-06,-0.0001075060155551096
54325.0331492433,14.87791052119705,-86.27173540826459,415.0518987645685,-6369.491260681672,1.01871508567698e-05,0.0001563345898346249,-0.01866056880873227,4.599550437370288e-10,0.6937583135742209,0.05454899544117471,-0.6916104429154506,0.0001086783337641747,8.545186150655327e-06,-0.0001083418664386395
54450.26528424212,14.78858493849998,-86.1033980801744,429.6683446012832,-6308.115939008913,1.074790435564984e-05,0.0001577938603778995,-0.01843825421325522,4.633620535002612e-10,0.6932597607030622,0.05656179778927179,-0.6909485211221691,0.0001096353552630904,8.944948411050194e-06,-0.0001092698449783274
54575.7861091271,14.70530827981985,-85.91390743013305,446.5219452591101,-6250.576849837099,1.137082405991788e-05,0.0001591729373821707,-0.01822805082162569,4.665519753213648e-10,0.6926484255751478,0.05881646772484094,-0.6901466978665506,0.0001105214688303494,9.384966693549492e-06,-0.0001101222841779939
54701.59628939716,14.62052469809498,-85.64185100404603,471.7822586471335,-6190.467668308041,1.223994719852911e-05,0.0001606058642636761,-0.01801123909162326,4.699987165040823e-10,0.691868767068305,0.06204467231063378,-0.689081163203931,0.0001114298992772187,9.992692133737283e-06,-0.0001109809378084879
54827.69649208536,14.53185512265716,-85.35715942146345,497.662714008902,-6128.044815895162,1.316547078663458e-05,0.0001621150082813158,-0.0177886120763649,4.736943436759628e-10,0.6912476853155575,0.0654308162150638,-0.6881440043650359,0.0001124198984658007,1.064123015771694e-05,-0.0001119151365624482
54954.08738576245,14.44361556214911,-85.05629661278148,524.6935277224007,-6065.914658831026,1.415388984234803e-05,0.0001636313073021217,-0.01756776153063125,4.774455344087501e-10,0.690364682644951,0.0689769717921051,-0.6869101632716282,0.0001133763004756546,1.132785913937664e-05,-0.0001128089762246975
55080.76964054035,14.35853824489505,-84.70101227713954,556.9305548547699,-6004.682523406435,1.531443316317851e-05,0.0001651162938883714,-0.01735042759087116,4.812049444159183e-10,0.6893459072102943,0.07314879164968294,-0.6854538890893939,0.0001142998380784978,1.212873675428369e-05,-0.0001136545059798163
55207.74392807573,14.26814386285362,-84.26279337080365,596.6203449275143,-5938.343129811177,1.674964736797283e-05,0.0001667143171030242,-0.01711927703686891,4.854615556210002e-10,0.688202571950072,0.0782809799852295,-0.6837359638129664,0.0001152997530962287,1.311500135614516e-05,-0.0001145514286400637
55335.01092157365,14.18516196271732,-83.77182579773414,641.1785453948207,-5875.239394622418,1.835633681143417e-05,0.0001682025606597393,-0.0168984043904441,4.895471926568181e-10,0.6870355204537154,0.08401607366203437,-0.6818790990575405,0.0001162360378675489,1.421425127075494e-05,-0.0001153636492139448
55462.57129579107,14.09870960752651,-83.22964708764218,689.6073370129725,-5808.784195676869,2.015362577206732e-05,0.0001697604659739409,-0.01666883984093631,4.940090323096337e-10,0.6857454078238938,0.09031659686373596,-0.6797717827936901,0.0001172185814971918,1.543835838961919e-05,-0.0001161974738901301
55590.42572704037,14.02387799012158,-82.64233568826671,742.200756839365,-5747.878485066718,2.209656259170233e-05,0.000171123992456753,-0.01645613001205967,4.980954257658853e-10,0.6840759853599384,0.09706465208240951,-0.6771546404347322,0.0001180222007419892,1.674636165892276e-05,-0.0001168280755605045
55718.57489319298,13.94842713757562,-81.98949873540279,799.9745198906094,-5684.554534550943,2.42754026598561e-05,0.00017249905695372,-0.01623740296989827,5.024856855669275e-10,0.6825351838036471,0.104559495597117,-0.6744787535648212,0.0001188851727827836,1.821235592701695e-05,-0.0001174818896646626
55847.01947368306,13.86799121420135,-81.27322836638446,862.091787045407,-5616.242969125117,2.670222841164574e-05,0.0001739561898517188,-0.01600538110297145,5.074277846697149e-10,0.6808503949194372,0.1127257106353703,-0.671453776833301,0.0001198135683527181,1.983705926750294e-05,-0.000118159985786344
55975.76014951101,13.79952281792083,-80.42900762186048,935.8744581087341,-5550.309598670148,2.953981553292137e-05,0.000175189225728682,-0.01578110249792588,5.122747177528281e-10,0.6788771675958488,0.1222728509508038,-0.6677750808493266,0.0001205989168366727,2.172112141496779e-05,-0.0001186266901951451
56104.79760324706,13.73740496085742,-79.4692347778298,1019.338956647535,-5483.42721326997,3.27687693300786e-05,0.0001762761643888105,-0.01555507876969908,5.173304582486428e-10,0.6764596070050871,0.1329874893262357,-0.6632585676734084,0.0001212745126690024,2.384176792242987e-05,-0.0001189078530856436
56234.13251903491,13.69329958491697,-78.37999959096183,1114.750356846951,-5421.032413502739,3.639375990374108e-05,0.0001769829010375493,-0.01534271209711115,5.2208128769214e-10,0.6742313902252945,0.1451136082925584,-0.6584299569836167,0.0001218120737359542,2.621739333067371e-05,-0.0001189572595296239
56363.76558259543,13.66765683925015,-77.18721435129441,1219.827383637024,-5363.549965691078,4.031734573047173e-05,0.000177274343247383,-0.01514511106092058,5.264629353162576e-10,0.6716490848822699,0.1582014706517816,-0.6527517046372259,0.0001220943931305109,2.875833971391372e-05,-0.000118659170445469
56493.69748123025,13.66681440458801,-75.84984096242492,1339.267616660697,-5312.161081199079,4.46233735881375e-05,0.0001769971479469936,-0.01496550468933494,5.303332979200099e-10,0.6689299806708604,0.1727123549714015,-0.6462489934077656,0.0001220912366359659,3.152297790513262e-05,-0.0001179515660230586
56623.92890382535,13.69966270122476,-74.37344409844417,1474.307975919538,-5270.944577414802,4.921505823800195e-05,0.000175953632879829,-0.01481523625257155,5.332510041061696e-10,0.6662585292254647,0.1885705867740398,-0.6390160886623855,0.0001217177146788642,3.444966161179362e-05,-0.0001167408363918911
56754.46054085471,13.77666841431359,-72.77252880448403,1626.418164269164,-5245.204091361198,5.393097734328313e-05,0.000173927584692962,-0.01470897883110063,5.346354355549034e-10,0.6635378943605996,0.2055276168105814,-0.6309048549350853,0.0001208160628355534,3.742218444201518e-05,-0.0001148742841138615
56885.29308438413,13.89464610599207,-71.15404868038571,1787.591675992005,-5237.244153996923,5.837184556950362e-05,0.0001710164636995441,-0.01465287862807126,5.342165163829006e-10,0.6609771628248237,0.2224237478580443,-0.6224295029677936,0.000119428977160777,4.018874205793536e-05,-0.0001124639746650905
57016.42722807475,14.071684667954,-69.53145173590769,1962.497433112015,-5257.734493193907,6.231106378451396e-05,0.0001669378129315215,-0.01467637441941532,5.309107027407967e-10,0.659017721895359,0.2392680606921236,-0.6140481682285023,0.000117416905630057,4.263028803197298e-05,-0.0001094046994879504
57147.86366718671,14.29300569720679,-68.03538878660375,2139.90163651211,-5305.875422650221,6.537745270451246e-05,0.0001621030675343319,-0.01477669061896104,5.248836958341041e-10,0.6575899549066737,0.2546852979836202,-0.6062672247327541,0.0001149284528981644,4.451191362453154e-05,-0.0001059586656722697
57279.60309858293,14.56960638880483,-66.72230152933173,2320.083174381183,-5392.950032120622,6.731376791645842e-05,0.0001564684365007948,-0.01498464739677687,5.152212124008388e-10,0.6569266762052449,0.2682604461883724,-0.5996573946186989,0.0001118850763880177,4.568902679831547e-05,-0.0001021312055572407
57411.64622073274,14.86668961625347,-65.73693076864363,2483.676008717679,-5510.199584675362,6.798827520451746e-05,0.0001508364877221434,-0.01527521956002187,5.030982445403511e-10,0.6570231337955564,0.2785937742454978,-0.5950335345963136,0.0001086938786290686,4.60888457758275e-05,-9.843869943514432e-05
57543.9937337157,15.18124301508854,-65.14432067320683,2623.40594406143,-5663.11093292904,6.734783647772064e-05,0.0001453828638032415,-0.01566300911306617,4.883880878907745e-10,0.6580187761875758,0.2851843748878799,-0.593008079316972,0.0001054197634755111,4.568877125631089e-05,-9.500454048265904e-05
57676.64633922509,15.49021612195908,-64.91309839640861,2733.620845587882,-5839.130228330315,6.576242883155495e-05,0.000140471341041509,-0.01611269895496776,4.725763355238023e-10,0.6593653065740732,0.2881834087400516,-0.5930539018002376,0.0001022587178034813,4.469338252434072e-05,-9.197470807425801e-05
57809.60474057181,15.78214459482641,-65.04253207078378,2807.637970083535,-6032.686795379753,6.341198465666853e-05,0.0001362514136734395,-0.01660851908465057,4.563618724929654e-10,0.6613144706993547,0.2877107563012117,-0.5954488641898248,9.937505958023846e-05,4.32340056298367e-05,-8.947750121553012e-05
57942.86964268809,16.04127282265335,-65.48443600633576,2841.564252708201,-6230.757841831404,6.059181849079277e-05,0.0001328609577814466,-0.01711437344838506,4.408382390364288e-10,0.6633599461607821,0.284005464805983,-0.5994892110211603,9.685711832983246e-05,4.146760905634317e-05,-8.753135878249265e-05
58076.44175213121,16.27469755447339,-66.1398999124154,2844.334333790882,-6430.691714723102,5.752634077545157e-05,0.0001300600139049026,-0.01762291805456074,4.261499496799014e-10,0.6655741265357339,0.2780741554730014,-0.6047013163304527,9.464405023883739e-05,3.954189817698095e-05,-8.598799063923315e-05
58210.32177708716,16.45970169685942,-66.97367429526227,2810.521659806632,-6612.724845387427,5.443881781226568e-05,0.0001280861586120836,-0.01808008982462393,4.134658828060413e-10,0.6676103489640295,0.2700895781721376,-0.6105368111806773,9.290467217450864e-05,3.758567217654942e-05,-8.496231728766513e-05
58344.51042737448,16.61827970872687,-67.95273785381377,2748.971333608755,-6787.816887949695,5.125684547754657e-05,0.0001265644632600728,-0.01851613121108598,4.018740962542937e-10,0.6698002524687972,0.2604902605969012,-0.6170714726362116,9.145122876312604e-05,3.556605767855139e-05,-8.42519007707931e-05
58479.00841444806,16.72919921451204,-69.01318167786567,2660.060331043121,-6934.462138586998,4.822209573760741e-05,0.0001257092905876409,-0.01887265117797455,3.924707997827795e-10,0.671632634655289,0.249727705773846,-0.6234793251607758,9.04195369981817e-05,3.36199618162963e-05,-8.393682647346354e-05
58613.81645140288,16.82327138065609,-70.11066678039954,2558.098130425106,-7070.780746999832,4.524419683288288e-05,0.0001250584534168187,-0.01919939317271829,3.840190429424488e-10,0.6737932621340893,0.2385261765829685,-0.6301607915302316,8.959885927580386e-05,3.171844322331594e-05,-8.379675377372675e-05
58748.93525297769,16.86494992406962,-71.25129593623041,2433.352376217874,-7168.957659913684,4.245565175367552e-05,0.0001250796114943315,-0.0194212038648639,3.778888834171822e-10,0.6754486058459517,0.2265113161604007,-0.6363359512007182,8.920933911323431e-05,2.991630250095857e-05,-8.404356625995341e-05
58884.3655355589,16.88271416345189,-72.30766035507617,2310.195828850081,-7242.143032327658,3.997871807125288e-05,0.0001253277280243522,-0.01957434459368391,3.732097953012271e-10,0.6770353239497511,0.2152676120518198,-0.6419008374174718,8.90540967425524e-05,2.831530655943117e-05,-8.443266880229071e-05
59020.10801718442,16.87755788565596,-73.26667319692487,2191.846254357415,-7290.394641328719,3.782041945612179e-05,0.0001257961331856962,-0.01965944121824201,3.698870218629128e-10,0.6784788132701043,0.2049519025400009,-0.6467829757357896,8.91141642802933e-05,2.691921568557117e-05,-8.495110418498867e-05
59156.1634175474,16.85973218269435,-74.16268888021902,2077.555674039877,-7323.719123557687,3.584891397154134e-05,0.0001263732087148449,-0.01970388262172353,3.673571115124908e-10,0.6795522932906245,0.1951430486934389,-0.6509304954165054,8.925584172088285e-05,2.563107687087607e-05,-8.549650975181697e-05
59292.532458,16.83424543437609,-74.99666286962426,1968.897282579729,-7346.313154672944,3.403754151871445e-05,0.0001270002458858759,-0.01971921258204684,3.65384983087015e-10,0.6809128128169445,0.1860421375529822,-0.6550042608357602,8.951811916362793e-05,2.445855317368097e-05,-8.611197846550566e-05
59429.21586155727,16.79317332557247,-75.69687197825586,1873.625785704436,-7348.85051410604,3.257568784819112e-05,0.0001277703702719543,-0.01968065484976339,3.644187535422419e-10,0.6816588014638729,0.178241279099279,-0.6579428303722267,8.987193132403744e-05,2.349986233569959e-05,-8.674514689661705e-05
59566.21435290104,16.76250232423331,-76.36269717372014,1784.870000053859,-7356.808001256611,3.114500615665236e-05,0.0001283722794856389,-0.0196566522062514,3.631873469052106e-10,0.6825720866643574,0.1708348405012795,-0.6608480239542504,9.015521938777033e-05,2.256414058730926e-05,-8.728587023346414e-05
59703.52865838369,16.72019459595868,-77.02348161414869,1694.764243869911,-7354.580672431281,2.975249785914685e-05,0.0001291136194918629,-0.01960550564914034,3.624617772097107e-10,0.6833671094427592,0.1634151386231504,-0.663540578063564,9.053413427554726e-05,2.164963443269829e-05,-8.790746724797243e-05
59841.15950603199,16.6760954366242,-77.64047318103303,1610.15257799374,-7348.139758425732,2.845408414004653e-05,0.0001298538969639682,-0.01954328383235382,3.619451185819591e-10,0.6841792184433005,0.1564691522191052,-0.6660470008591887,9.094098504529328e-05,2.07978530309403e-05,-8.853085377602355e-05
59979.10762555094,16.63529739170132,-78.19453203855625,1534.300521423513,-7340.782539257891,2.728073794010451e-05,0.000130523298358126,-0.01947881309904428,3.614745891389815e-10,0.6850560670548628,0.1502365743225471,-0.6683792237528799,9.133762545138222e-05,2.003084508624987e-05,-8.911412384256294e-05
60117.37374832779,16.58771849195942,-78.78903730042008,1452.697821793991,-7329.299761676246,2.602050381674791e-05,0.0001312813095480991,-0.01940361352703755,3.612082385991207e-10,0.6856632882514034,0.1434437429528429,-0.6704908929011683,9.175540092113266e-05,1.919562906427645e-05,-8.972503230996631e-05
60255.95860743578,16.53246473774492,-79.30853066951443,1379.781172538094,-7308.249623980603,2.494438068920059e-05,0.0001321222266404321,-0.01930338641832615,3.614154871538369e-10,0.6862228904961425,0.1374941696143331,-0.672307376698297,9.225645450557221e-05,1.848484622049701e-05,-9.038563966772207e-05
60394.862937638,16.46495531039793,-79.83996022534002,1304.265112332817,-7277.921018383146,2.385738430972373e-05,0.000133126430408633,-0.0191790667147324,3.620868839379168e-10,0.686939275028255,0.1314130937995941,-0.6742523017049061,9.289597480288549e-05,1.777121776866549e-05,-9.118029366917504e-05
60534.08747539136,16.39704063821987,-80.35410831206075,1231.587104707873,-7246.278511106624,2.279646310926475e-05,0.0001341273549604778,-0.01905176227414078,3.628316046424941e-10,0.6876718739709093,0.1255147480859295,-0.676120295704535,9.354751922235495e-05,1.707441259950997e-05,-9.197609899880818e-05
60673.63295885053,16.32873437931895,-80.78931948777827,1169.328263179081,-7211.133246157474,2.191075690652689e-05,0.0001351214988574451,-0.01891575377064763,3.637613987638083e-10,0.6880131884118069,0.1204589304691814,-0.6773860003711336,9.416875801792792e-05,1.648728260665431e-05,-9.271420872168073e-05
60813.5001278718,16.25100043616188,-81.22922774339668,1106.078482089078,-7169.019747835939,2.102081318153896e-05,0.0001362458697590741,-0.01876203355492395,3.650567263525739e-10,0.688370681788487,0.1153382779922057,-0.6786392835488815,9.488630383414682e-05,1.589844422316413e-05,-9.354490967759264e-05
60953.68972401693,16.17412850001023,-81.58135863381402,1054.416793151865,-7124.456260866902,2.032819481658084e-05,0.0001373530237508768,-0.01860252325811531,3.664952979288086e-10,0.6887446169024605,0.1112496211504808,-0.6797004260010373,9.562041272801933e-05,1.544510756118369e-05,-9.436478147434152e-05
61094.2024905572,16.09830552808307,-81.94105490334778,1002.6082568452,-7081.062205181354,1.960261243906696e-05,0.0001384462147777089,-0.01844669389816485,3.678931673966915e-10,0.6893242227504042,0.1070944228547119,-0.6809542338981857,9.637486658566494e-05,1.497294070634861e-05,-9.520465301658783e-05
61235.03917247734,16.02250028390441,-82.22409222884083,960.6942742978915,-7035.238867207152,1.905477075411613e-05,0.0001395395677912745,-0.01828516902544093,3.694377614450638e-10,0.6893833679030056,0.1037622555012403,-0.6815297662425216,9.707753500987597e-05,1.461158545464443e-05,-9.597160712468723e-05
61376.20051647942,15.94182658456722,-82.48413666876537,921.6113000944771,-6985.387274618821,1.856402958540394e-05,0.0001407067556769697,-0.01811384388103826,3.712185268479276e-10,0.6898291115647307,0.1007572564833864,-0.6824310796176613,9.789312387643462e-05,1.429838553494027e-05,-9.684327479686539e-05
61517.68727098683,15.86824233717205,-82.69189444959619,889.9360611895553,-6939.248604325684,1.818231074787851e-05,0.0001417759994038015,-0.01795281594148674,3.728272821257566e-10,0.6896782882844807,0.09828482158720614,-0.6826391690905104,9.856889559788609e-05,1.404687733752482e-05,-9.756286392091767e-05
61659.50018614822,15.79808942139359,-82.88952593155028,860.1636742528755,-6895.528983957992,1.781312302517082e-05,0.0001427994575817955,-0.0177986769227314,3.743281978097972e-10,0.6899372753641048,0.09598994527724793,-0.683227176232412,9.927435087553326e-05,1.381189254189487e-05,-9.830884174971059e-05
61801.64001384158,15.73254974978474,-83.08104847559548,831.8646793682059,-6855.146924700937,1.744498296948261e-05,0.0001437588640565133,-0.01765374702747376,3.756672747323338e-10,0.6900776968672389,0.09374905569710106,-0.6836799999045566,9.992051084447724e-05,1.357449107392881e-05,-9.899414972363327e-05
61944.10750767815,15.66989930403381,-83.24329049781799,807.5500596884769,-6816.117588281201,1.714121632352835e-05,0.000144680251912068,-0.0175128652347779,3.769494010540151e-10,0.6901095824241252,0.09184143726842155,-0.6839710418972949,0.000100531376585942,1.33789565474422e-05,-9.963714769083934e-05
62086.90342300637,15.60693803290158,-83.45844766156488,777.3173043343326,-6778.714678402876,1.669668242805083e-05,0.000145605977925044,-0.01737670731501855,3.781575513492532e-10,0.6903625506332058,0.08932960851856049,-0.6845587428108025,0.0001011673532989621,1.309057111624342e-05,-0.0001003168496383713
62230.02851691595,15.54363603385487,-83.65752472686418,749.2474663269953,-6740.77944758364,1.628817276397014e-05,0.0001465403423308255,-0.01723972164151533,3.79411083931789e-10,0.690405056206058,0.08698050037983322,-0.6849040328312893,0.0001017828248521433,1.282308256020369e-05,-0.0001009718376010672
62373.48354824191,15.47783178392314,-83.85024668636082,722.0314877551219,-6701.141962859055,1.589445307451921e-05,0.0001475157084984057,-0.0170989306204881,3.807775306535227e-10,0.6907809578682684,0.08474703725749221,-0.685562740695175,0.0001024782812206513,1.257233659638092e-05,-0.0001017041517070282
62517.26927756858,15.41807859417808,-84.02080705392218,698.0954657198877,-6665.217571095173,1.554346891920433e-05,0.000148404634098601,-0.01696814872884048,3.819493726962042e-10,0.6909331513178808,0.08274883416234911,-0.6859600936168442,0.0001030858606313527,1.234596251402373e-05,-0.0001023438902510013
62661.38646723355,15.35655218657022,-84.22109946920574,670.8970031799716,-6629.138305868039,1.511179809915966e-05,0.0001493197900346111,-0.01683748460258593,3.831449023098125e-10,0.6910428512897832,0.08038796675582768,-0.6863512199446995,0.0001037006267753577,1.206333662553178e-05,-0.0001029965819969825
62805.8358813318,15.28693572363531,-84.41501066502404,644.1794411597862,-6587.620628607964,1.470336130402728e-05,0.0001503620886470675,-0.01669355039296173,3.84672863892279e-10,0.6910770169377157,0.0780933883722022,-0.6866504686025345,0.000104394433934257,1.179682564072144e-05,-0.0001037257573665112
62950.61828571976,15.21546315111787,-84.62455327208062,615.9080003800628,-6545.56386675364,1.424929615426993e-05,0.0001514344317276383,-0.0165488262559903,3.862540684325901e-10,0.6913759621204251,0.07563931852146964,-0.6872258831647358,0.0001051474681360957,1.15035570656518e-05,-0.0001045163060496713
63095.73444801933,15.14292132532294,-84.7945722097945,592.348518472748,-6501.990169332637,1.389616796412641e-05,0.0001525330859729362,-0.01640085315492644,3.879482731958222e-10,0.6914156681998599,0.07362899060079765,-0.6874841074347584,0.0001058872332847911,1.127595231471778e-05,-0.0001052851322462197
63241.18513762197,15.06845198423879,-84.98356010410173,566.8667667872872,-6457.974384551652,1.34882302918367e-05,0.0001536633488170268,-0.01625236060054147,3.896940847369444e-10,0.6916084232802387,0.07140596485088023,-0.6879123485851178,0.0001066700552742945,1.101328144823849e-05,-0.0001060999921016158
63386.9711256927,14.98734873630283,-85.19315344755887,539.076196133052,-6410.500473670792,1.302584607850789e-05,0.0001548986823295534,-0.01609578151406731,3.91677113013855e-10,0.6918956446815308,0.06894284755331093,-0.6884522255759742,0.0001075383815090103,1.071549199578795e-05,-0.0001070031856014841
63533.09318517436,14.9145704138749,-85.32106180892792,521.0770794463324,-6366.641240729326,1.276973118833422e-05,0.0001560235527977191,-0.01594889172799228,3.934683041651063e-10,0.6918784470435557,0.06742934217231998,-0.6885848308651669,0.0001082965062879466,1.055440042938214e-05,-0.0001077809719094772
63679.55209079159,14.83343660454744,-85.48435748825814,499.0269976642973,-6318.683677801995,1.242139612217174e-05,0.0001572798131164014,-0.01579234947699463,3.955428305983442e-10,0.6919476405377181,0.06549844294273771,-0.6888406863838634,0.0001091543165266049,1.0332339261126e-05,-0.0001086641964116206
63826.34861905489,14.75773215047635,-85.60651198547217,482.0043934658827,-6273.527463816986,1.217506401784284e-05,0.0001584645275542979,-0.01564342827205301,3.974736363878344e-10,0.6920320126882711,0.06406288605864846,-0.6890604133276095,0.0001099716025932607,1.018030686073554e-05,-0.0001094993823231498
63973.48354826482,14.66887153160146,-85.75187867472145,462.0986778636474,-6221.048831520302,1.187456946675475e-05,0.0001598625575980527,-0.01547689164066744,3.999047119647087e-10,0.6920125953192211,0.06233815343128699,-0.6891990907620391,0.0001109173680768211,9.991702399835426e-06,-0.0001104664131048081
64120.95765851615,14.58847690533875,-85.86724350503115,446.0766282881193,-6173.595794906932,1.164317946461166e-05,0.0001611388699244877,-0.01532351236304843,4.02051734648735e-10,0.6920721723609334,0.06098109517192719,-0.6893802998258755,0.0001117959762971814,9.850766065567888e-06,-0.0001113611365071379
64268.77173170198,14.50581605394617,-85.92553729481381,436.2126863842218,-6123.752539095667,1.157350580101628e-05,0.0001624741502194317,-0.01516483761253936,4.043919475355238e-10,0.6920244200636317,0.06030109492371796,-0.6893921786004006,0.00011270630345793,9.820915716663693e-06,-0.0001122776044170751
64416.92655151775,14.41884820785338,-86.04844687378349,419.5276837674909,-6073.318928615542,1.131986046348766e-05,0.0001638726727275718,-0.01500535309907553,4.068122704084594e-10,0.6918477454148799,0.0588327076348069,-0.6893417261039765,0.0001136302491204115,9.662783855662567e-06,-0.0001132186562511918
64565.42290346557,14.33501685052785,-86.11058446349884,409.5430000010695,-6023.792225683892,1.123457690815809e-05,0.000165244570260104,-0.01484875752009768,4.092136840174827e-10,0.6917536777482132,0.05810287433975037,-0.6893092242757513,0.0001145573677521271,9.622084503925295e-06,-0.0001141525558018541
64714.26157485831,14.24613333369853,-86.22589118741699,394.0138154644583,-5972.977826955049,1.09962322305982e-05,0.0001666953003056212,-0.01468963599373752,4.11745848573842e-10,0.6917562787983845,0.05674150566602187,-0.6894252321983444,0.000115547888892993,9.477848475343598e-06,-0.0001151585212474782
64863.44335482384,14.16147718193518,-86.26023202343042,387.167531669928,-5923.242902998149,1.098824382470744e-05,0.0001681082010425383,-0.01453381655964822,4.142481608001229e-10,0.6915518043355062,0.05633744130019031,-0.6892532123881919,0.0001164881671388361,9.489737771209793e-06,-0.0001161009817374474
65012.96903430906,14.07107786923974,-86.29628303630588,380.0199411938663,-5870.643712772606,1.098041949678314e-05,0.0001696282844523426,-0.01437162430662166,4.169984182677423e-10,0.6913793416324859,0.05591566873348669,-0.689114527510672,0.0001175072925919588,9.503464235460946e-06,-0.0001171223632779733
65162.83940608428,13.98249343856015,-86.35290086220904,370.9744316736148,-5820.119824630606,1.090735013578294e-05,0.0001711225338982646,-0.01421516999442794,4.196509452119046e-10,0.6914014825578281,0.05526237659439706,-0.68918943681422,0.0001185386088544178,9.474560597201023e-06,-0.0001181593605713514
65313.05526474724,13.89588718152559,-86.38249878285801,364.8252899908531,-5770.603922552288,1.091214215736689e-05,0.0001726022073149818,-0.01406181559225565,4.222783977260744e-10,0.6911793156081318,0.05491468312618637,-0.6889943569447257,0.0001195211836650258,9.496042169689019e-06,-0.0001191433528477368
65463.61740672747,13.80454065620285,-86.39749241731533,360.0301683911033,-5718.521902126464,1.096612692664528e-05,0.0001741799507851171,-0.01390285266773485,4.251442824370158e-10,0.690976763608684,0.05474437126574525,-0.6888047195409228,0.0001205763058740138,9.552960970996267e-06,-0.0001201972814788686
65614.52663029054,13.71594220177385,-86.41211441348138,355.4295537102319,-5668.516230916271,1.101819938023334e-05,0.0001757221406333672,-0.01374958297314732,4.279083263036654e-10,0.690663600165026,0.05456993410130859,-0.6885044160243955,0.0001215867322334275,9.606673877103474e-06,-0.000121206622229242
65765.78373554205,13.62032163591765,-86.43256809052687,350.0750745428936,-5615.215221350757,1.105970754710243e-05,0.000177398057383169,-0.01358896995125209,4.309766340619139e-10,0.6903881183397946,0.05432860829542957,-0.6882471621920747,0.0001226945680915414,9.655185181708883e-06,-0.0001223140811120159
65917.38952443213,13.5323232585803,-86.45783038653569,344.593536171013,-5566.812802978327,1.107727530683171e-05,0.0001789503038431446,-0.01344085045317004,4.337240597911833e-10,0.690158215835067,0.05403334024101192,-0.688039796107058,0.0001237234727551307,9.68646369164598e-06,-0.0001233437073049938
66069.34480075957,13.4402015147765,-86.44569625345014,342.6062836799908,-5515.765884800551,1.121789385723187e-05,0.0001806016970045635,-0.01328697004868069,4.367312888039181e-10,0.6897811575764073,0.05417568106686185,-0.6876503769564809,0.0001247985620640195,9.801727724396937e-06,-0.0001244130508703316
66221.65037017618,13.34247103296572,-86.44598820991696,339.2690213170227,-5462.487713925964,1.132638150243073e-05,0.0001823633043774217,-0.01312836385668821,4.399766801991805e-10,0.689602542434353,0.05418443157283073,-0.687470518573017,0.0001259831089725212,9.898923985048805e-06,-0.0001255936107065976
66374.30704019091,13.24401880345556,-86.44507186876119,336.0570960829816,-5409.374989394979,1.144052504153945e-05,0.0001841534987553696,-0.01297081366256029,4.432748004175937e-10,0.6892930082919162,0.05419743101782275,-0.6871589988868574,0.0001271627809129984,9.998499859508245e-06,-0.0001267690926451974
66527.31562017412,13.14465814921226,-86.4008179495915,336.8544868359946,-5355.368737930285,1.169899898194119e-05,0.0001859926343907357,-0.01281178112743427,4.46715223132431e-10,0.6888698942524319,0.0547209396000153,-0.6866930536831199,0.0001283600302890139,1.019638326933093e-05,-0.0001279544104125429
66680.67692136219,13.04308712240579,-86.3442361142062,338.6592997393478,-5300.509151127773,1.200490076998354e-05,0.0001878941060784501,-0.01265137474984976,4.503006180064325e-10,0.6885793925584098,0.05540210792190583,-0.6863469868032628,0.0001296256503530872,1.042949345844645e-05,-0.0001292053980902541
66834.39175686146,12.94347460007862,-86.32626707644455,336.9672157487102,-5248.15884195828,1.218391907907963e-05,0.0001897607234653382,-0.01249761387621734,4.537463668095038e-10,0.6880093020995374,0.05559776881055811,-0.6857592054641193,0.000130807561668052,1.057050907611278e-05,-0.0001303797627218774
66988.46094165267,12.83985930544892,-86.24882810792818,340.4718510051684,-5192.969156770649,1.257149281619948e-05,0.0001917438233332737,-0.01233774741210542,4.575140004339866e-10,0.6875915531370185,0.05651674595802054,-0.6852649132793054,0.0001321058143341244,1.085846781310202e-05,-0.0001316588009121836
67142.88529259522,12.73359666348248,-86.20175815251545,341.0909668871031,-5137.755095422565,1.286510894004462e-05,0.0001937834344107922,-0.01217849242356364,4.613672181018369e-10,0.6870675713737493,0.05706273165045344,-0.6846938675714939,0.0001334164474371118,1.108057963300291e-05,-0.0001329555158755601
67297.66562843176,12.62567362553188,-86.15303914975135,341.7511275377364,-5082.314370602539,1.317126855227824e-05,0.0001958750741353951,-0.01201936867906214,4.653273791057711e-10,0.6864865335394529,0.05762273847430707,-0.684063871829039,0.0001347500261710213,1.131073245883643e-05,-0.0001342744833702053
67452.80276979219,12.51364522728415,-86.05582192309747,346.4202753784971,-5024.38198829414,1.365772434958472e-05,0.0001980877826742794,-0.01185503339495053,4.696101570776844e-10,0.6859110204108875,0.0587606784081016,-0.6833894282136098,0.00013617363368617,1.166573339483941e-05,-0.0001356730230209961
67608.29753919819,12.40795100910765,-85.96627406409732,350.5048991077789,-4970.40745740457,1.411743460813481e-05,0.0002001952110635629,-0.01170070752880754,4.736179344712722e-10,0.6854867259608743,0.05981832243593362,-0.6828717447438498,0.0001375521343236961,1.200335121178604e-05,-0.0001370274031596988
67764.15076106749,12.28948357332516,-85.82781395487854,358.153557417221,-4909.7532509609,1.477899984477659e-05,0.0002025981343229109,-0.01153134054622986,4.783661771146992e-10,0.6845205812659513,0.06140839892169506,-0.68176054059952,0.0001390309682985736,1.247247986022392e-05,-0.0001384703845310444
67920.36326171843,12.16638332433433,-85.74064260700108,361.1276494724931,-4848.844186155127,1.527502682978907e-05,0.0002050970761867069,-0.0113620935379176,4.832611722340644e-10,0.6838363883206998,0.06240986218576009,-0.6809825365554196,0.0001406208395010547,1.283366513334906e-05,-0.0001400339870932284
68076.93586937414,12.04954293473124,-85.56730000743251,371.293803868262,-4789.655870931358,1.608818555498158e-05,0.0002075361118156203,-0.01119758693356201,4.881078817028644e-10,0.6829219273900181,0.06441032464769439,-0.6798776867855539,0.0001421354168802607,1.340561487047485e-05,-0.0001415018240930837
68233.86941416697,11.92476024731519,-85.44378496525952,376.8230597592739,-4728.671077130157,1.674596055283187e-05,0.0002101414371390253,-0.01102958666484017,4.932658233597159e-10,0.6821088890346556,0.0658241327866637,-0.6789254156702161,0.0001437726508902192,1.387419254524274e-05,-0.0001431016489255745
68391.16472814293,11.79624152656473,-85.28251832191134,385.039628124182,-4665.894361204207,1.756661754164289e-05,0.0002128715481372417,-0.01085812991315633,4.987526655679945e-10,0.681101873785401,0.06766155554434349,-0.6777327470141191,0.0001454586037487212,1.445004892182652e-05,-0.0001447390807304106
68548.82264526613,11.66204216530164,-85.11512256858734,393.243396231132,-4601.255463477955,1.843945662590736e-05,0.0002157560720832878,-0.01068307993020911,5.04595979116257e-10,0.6803528966079213,0.06959153357756107,-0.6767843691879357,0.0001473035672082885,1.506729991829182e-05,-0.0001465309434401451
68706.84400142322,11.52565102166773,-84.92047564849678,403.183653877033,-4535.891068117293,1.944284524090859e-05,0.0002187356238750724,-0.01050709715035507,5.106901900065979e-10,0.6791720226185829,0.07179232877924105,-0.6753669356996019,0.0001491226551627876,1.576310909657796e-05,-0.0001482871898526944
68865.22963442763,11.3838197408029,-84.7148352349577,413.3911594615677,-4468.80135412167,2.052477845046902e-05,0.0002218749860349406,-0.01032787996177181,5.171649477037032e-10,0.6778445039418391,0.07409754546416594,-0.6737824020263099,0.0001510162967445517,1.650811778923788e-05,-0.0001501113051355399
69023.98038402418,11.23342158506579,-84.48471479238337,424.7039535875488,-4398.419692800463,2.175016631626991e-05,0.0002252542248289811,-0.01014184102405015,5.242319242101408e-10,0.6766663381121774,0.07669639027296743,-0.6723057316825732,0.0001531078656825335,1.73539305250647e-05,-0.0001521212004593441
69183.09709189364,11.07390459377318,-84.21279799290562,438.2656928749865,-4324.252315370873,2.319942000031058e-05,0.0002289025750418942,-0.009947894212566108,5.319969041540539e-10,0.6752336329142814,0.07974380870322703,-0.6705083027018545,0.000155331087185955,1.83443061755686e-05,-0.0001542440698286574
69342.58060165691,10.90859897330148,-83.88945479715068,454.7281274701442,-4247.59934688776,2.491814183976713e-05,0.000232759481127986,-0.009749080961012575,5.403517798166617e-10,0.673443946582994,0.08333183457193812,-0.6682683252527787,0.0001576222631137365,1.950415089673639e-05,-0.0001564108881340852
69502.4317588797,10.73868375179861,-83.51433244551222,473.9421935478346,-4169.008961784231,2.692049286942493e-05,0.0002368047782117411,-0.009546693076355552,5.492718004256967e-10,0.6717468326466994,0.08751095137576249,-0.6660222523010637,0.0001600730896827454,2.085331509878855e-05,-0.0001587089578126291
69662.65141107688,10.56009634515524,-83.08030067005679,495.9761117682696,-4086.744119789571,2.926549611841666e-05,0.0002411418440058737,-0.009336789723636971,5.590397450334669e-10,0.6694537455103727,0.09226442216739378,-0.6630653012939102,0.0001625929535391315,2.240863540966689e-05,-0.0001610413661133523
69823.24040771712,10.3691016883124,-82.57182285860004,521.3928951990322,-3999.103793968634,3.205675368387558e-05,0.0002458765481078669,-0.009115548534142722,5.69977163257318e-10,0.6670016253049719,0.0978122611797035,-0.6597908227024589,0.0001653626335232309,2.424955575204546e-05,-0.0001635749357681879
69984.19960022735,10.17103805611326,-81.94173621806834,553.1594919037393,-3907.101628504509,3.552400409569031e-05,0.0002509147836830859,-0.00888535613597082,5.820568755930563e-10,0.6642255258731659,0.1046512034072252,-0.6559296264439527,0.0001683000701089689,2.651630234666281e-05,-0.0001661980725175361
70145.52984199714,9.969522732507233,-81.18455152325748,591.1722464329999,-3811.94180036148,3.972828994934492e-05,0.0002561722577955159,-0.008649009875222508,5.952150040948009e-10,0.6607218590979579,0.1127388356915672,-0.6510325107218314,0.0001712553893228011,2.922127205616819e-05,-0.0001687439647262194
70307.23198838334,9.763845547935034,-80.2738576726461,636.3407444182629,-3712.546487341196,4.485084865773695e-05,0.0002616693369065588,-0.008404115881228715,6.09744976781735e-10,0.6567912912915207,0.1223661119796294,-0.6452916665782784,0.0001743412664741004,3.248134258006047e-05,-0.0001712887608104806
70469.30689671467,9.560776839806341,-79.08859332919434,695.4894283034696,-3607.757131098762,5.151919681244846e-05,0.000267248849694218,-0.00814812016997676,6.26012258867796e-10,0.65199732991413,0.1347235315815292,-0.6379263972068843,0.0001774259439819335,3.666188291074874e-05,-0.0001735968661563877
70631.75542629619,9.371940339561695,-77.6513509231626,766.5733009472516,-3501.535830983817,5.966299529536288e-05,0.0002725272528437661,-0.007890030943602799,6.435192708441262e-10,0.646494139168777,0.1494354223016158,-0.6289862689607109,0.0001803316648540545,4.168319070373495e-05,-0.0001754480577316008
70794.5784384138,9.216734701864352,-75.89798691475431,853.505543092953,-3397.442780236265,6.955417992389132e-05,0.0002768656259235838,-0.00763787036060764,6.617104306727019e-10,0.6401554264429352,0.1669827452053226,-0.6179933112971616,0.0001827154528530732,4.766081274726116e-05,-0.0001763898626326754
70957.77679633888,9.103551855711276,-73.79827766645332,957.5566180825862,-3295.56172637519,8.130291588491983e-05,0.00027981507596863,-0.007391789352737078,6.805980198088503e-10,0.6331193971663642,0.1874548720458424,-0.6047320414981973,0.0001844537698266443,5.461332882230613e-05,-0.0001761833633411718
71121.35136533288,9.064634239055554,-71.30765874421566,1083.563238706593,-3202.65929715334,9.479051350768602e-05,0.000280169821679908,-0.007166892197574648,6.987300019277778e-10,0.6256687404338704,0.2110679229830041,-0.5889921091523609,0.0001850250509966495,6.241777907364525e-05,-0.0001741789032914904
71285.30301265194,9.125921982941707,-68.53336238222724,1229.949416007985,-3127.748153106428,0.000108887633239657,0.0002769000816853563,-0.006983158635449494,7.138194138052532e-10,0.6185877437359932,0.2366436731400945,-0.5715335236564439,0.0001840252488757528,7.039973113832691e-05,-0.0001700269686827182
71449.63260755134,9.295046188957839,-65.58551563907656,1395.716758838349,-3074.774126642315,0.0001224070150878445,0.0002696635406347594,-0.006849097515086033,7.244474927315388e-10,0.6124207226080972,0.2630964377100262,-0.5530274911287125,0.0001813362009464559,7.790217857701742e-05,-0.0001637500178523591
71614.34102129021,9.581045908606507,-62.74699939956019,1574.224716065838,-3056.152957731506,0.0001332028122272587,0.0002585959707098548,-0.006791961541938691,7.271852230987236e-10,0.6084489929778905,0.2883005943366224,-0.5358105489452025,0.000176960898953493,8.384915240461065e-05,-0.0001558347823801116
71779.42912713616,9.952236182597343,-60.36579139262081,1750.675777851651,-3077.467015628698,0.0001396555533031124,0.0002454968328670868,-0.006823599653767715,7.204879550773988e-10,0.6066939078572843,0.309440001017169,-0.5218470883330072,0.0001713268219828325,8.738405196102134e-05,-0.000147366574885931
71944.89780036994,10.36717771199518,-58.55982195740721,1916.415753450604,-3134.648007920151,0.0001419707357925641,0.0002322190700706895,-0.006934400361481775,7.057182540503811e-10,0.6071031072379756,0.3259732219414107,-0.5121675911214422,0.0001652137398982613,8.870858090093078e-05,-0.00013937850453249
72110.74791828997,10.78896608228116,-57.44338076446601,2059.335120405183,-3225.470424795783,0.0001406215455420415,0.0002202510080756968,-0.00711890497217766,6.84269318762808e-10,0.6089944493118506,0.3369581241088377,-0.5072804568379284,0.0001591126041907855,8.803739457852519e-05,-0.0001325376850869164
72276.98036021703,11.19058956826278,-56.93930267993939,2174.957987159073,-3341.386768139387,0.0001368301902192646,0.0002102121465241926,-0.007357781388774657,6.590120916523834e-10,0.6119694221442966,0.3430969305496656,-0.5067455672100371,0.000153470091695598,8.604207250655705e-05,-0.000127081984576224
72443.59600749899,11.56962707358229,-57.00051620749372,2261.192239151034,-3481.999385101928,0.0001311801105420635,0.0002020036405292821,-0.007649777820589501,6.309449106102842e-10,0.6158880930342591,0.3447701929892581,-0.5103446454774713,0.0001483184683390145,8.302772456792527e-05,-0.0001229014442693981
72610.59574351547,11.90554567738534,-57.70105639815356,2304.159841229843,-3644.969242003103,0.000123913182139993,0.0001960192732713932,-0.007989396951539546,6.013485439646101e-10,0.6204448634109347,0.3410309512635187,-0.5183143050440659,0.0001438578237801965,7.907224861327686e-05,-0.0001201775892669436
72777.98045368242,12.17409018929127,-59.07120501539791,2289.931830405836,-3821.837125129008,0.0001153604869910304,0.0001925336755012244,-0.00835780639095246,5.722001361625541e-10,0.6253485462187152,0.3311587625397303,-0.5304664723156545,0.0001403352957630318,7.431577664414796e-05,-0.0001190426838519475
72945.75102545688,12.32238787069041,-60.97622895956607,2208.375118341612,-3980.118963609159,0.0001065907226422391,0.0001921067453665967,-0.008683927415198228,5.48181125927545e-10,0.6302576413272908,0.3158242873886235,-0.5454170092203836,0.0001384422255296345,6.937387880028332e-05,-0.0001198061548911481
73113.90834834172,12.33567851211232,-63.25564836071031,2065.349269977753,-4098.583089467791,9.805090554756189e-05,0.0001945771542014148,-0.008921828597286931,5.311123348023147e-10,0.6346650000998258,0.295960379774782,-0.5614330912542284,0.0001382612364138687,6.447471978247304e-05,-0.0001223077266719616
73282.45331389041,12.20183330277523,-65.51455388933411,1888.859826557606,-4147.516153079231,9.09431283182838e-05,0.0001996908867499469,-0.009007581862586506,5.236390731998228e-10,0.6381863823402958,0.2751438524167824,-0.5758278554236901,0.0001400100177412033,6.036308000961926e-05,-0.0001263293459163166
73451.38681571151,11.9577636049598,-67.51430379780142,1710.217445694625,-4131.747327655695,8.552720930246956e-05,0.0002066268352991801,-0.008952697005612865,5.244286104096637e-10,0.6403821495127006,0.2557845454432207,-0.5870805427936713,0.0001431831329776406,5.719090173217836e-05,-0.0001312654193927442
73620.70974947361,11.64150152105356,-69.11577563877994,1551.142780098597,-4065.399795276285,8.192575007929758e-05,0.0002147197097994175,-0.008788674752862274,5.317614753258061e-10,0.6416664182838701,0.2397824679732262,-0.5951807796005506,0.0001474414028185931,5.509695137830396e-05,-0.0001367599839643579
73790.42301291008,11.28163159471778,-70.29572585669719,1419.786659887985,-3964.378492351429,8.006876688550155e-05,0.0002235708408297243,-0.008550573469873415,5.440577740435095e-10,0.6415970880538938,0.2274763026645383,-0.5999177903057279,0.0001523378718573845,5.401093067771405e-05,-0.0001424417304351645
73960.52750582379,10.89581522093934,-71.17864558871086,1310.39254396713,-3844.555348329915,7.942863599141668e-05,0.0002330353516716978,-0.00827306143305845,5.597241094338176e-10,0.6406347063187289,0.2179034318105501,-0.6024374833501556,0.0001576970031592768,5.363855226031013e-05,-0.0001482944723070787
74131.02413009177,10.48878828627233,-71.7711610820331,1222.037119395087,-3710.551440395612,8.007284850735725e-05,0.0002431304406797618,-0.007966335421177499,5.786043240760554e-10,0.6389247412198974,0.2111227204739669,-0.6030356721144978,0.0001635215263197873,5.403313921882878e-05,-0.0001543363516353537
74301.91378967013,10.05343453085743,-72.13384578656577,1148.807120379651,-3563.97209450732,8.19309225173916e-05,0.000254176281073821,-0.007634039918380598,6.010157273384136e-10,0.6363067095607619,0.2064776614467091,-0.6018747410845067,0.0001698991886426914,5.513125451223348e-05,-0.0001607055664168238
74473.19739059889,9.594014704839559,-72.28799449286183,1088.718390988469,-3408.939256912988,8.501511385388044e-05,0.0002661949696507789,-0.007285165031818593,6.269037517823471e-10,0.6329040376727748,0.2037879077223731,-0.5991978050432417,0.0001768284937053608,5.693676546987908e-05,-0.0001674112329682056
74644.87584100665,9.105704204155442,-72.19584605917649,1041.851047376307,-3244.17796121593,8.973627071599817e-05,0.000279426154546445,-0.006917111897902773,6.572270988145772e-10,0.6284185854197912,0.2033258591944895,-0.594616274149837,0.0001843970432606634,5.966196437180842e-05,-0.0001744784215041276
74816.95005111545,8.576928531680746,-71.82517023616197,1006.840890590768,-3066.864062931284,9.663152004322241e-05,0.0002943421735614006,-0.006524010602850421,6.936263851535362e-10,0.6223844623372025,0.2052045853358879,-0.5875827576740955,0.000192779617041841,6.356081131544925e-05,-0.0001820000110212105
74989.42093324558,8.020732800894208,-71.11920182872414,985.3886635528804,-2881.235302375718,0.0001062699214636114,0.0003107288125252728,-0.006115033759124141,7.366164348770033e-10,0.6148605026350469,0.2098856933873944,-0.5779285712022855,0.0002018835948067278,6.891397007607141e-05,-0.0001897573465783114
75162.28940182053,7.425205064941029,-70.03503976830497,975.1654693889024,-2684.351849503581,0.0001195540305159462,0.0003290980792543842,-0.005684072015986494,7.88825046235361e-10,0.6054028367788322,0.2174116172156527,-0.5650175072327687,0.0002119386114945256,7.611116677389818e-05,-0.00019780056960116
75335.55637337173,6.812594957496061,-68.47005198906955,978.7025940847695,-2480.777904022254,0.000137610571816423,0.0003488100143857198,-0.005240925867481216,8.515933209415544e-10,0.5933480430071004,0.2281506632474567,-0.5477309330319966,0.0002224499778601732,8.553514347324346e-05,-0.000205347831449478
75509.22276654342,6.174841298596419,-66.33649558268914,993.482405724676,-2267.138648719731,0.0001621502490999512,0.0003700287941847144,-0.004778572860351307,9.296983304799927e-10,0.5787831634158509,0.2423098081601751,-0.5256195459864851,0.0002337849625538299,9.787497807093402e-05,-0.0002123108508388345
75683.28950209744,5.530362992115775,-63.46918397036412,1020.573869956614,-2044.200434645333,0.0001955000097183247,0.0003915847902870132,-0.00429876404665774,1.028718749406877e-09,0.5609946210565688,0.2600752865286575,-0.4970672089279677,0.000245488679810458,0.000113807755626963,-0.0002175143367096408
75857.75750291836,4.890137068769716,-59.68328207192494,1058.449127511066,-1810.105924686882,0.0002407318062173925,0.000411687304915012,-0.003797730316807218,1.159087285136342e-09,0.5394777475878579,0.281136229468532,-0.4604331228557362,0.0002572329037551876,0.000134050920506592,-0.0002195429741204691
76032.62769401819,4.298097869338401,-54.70530253270901,1108.765405176111,-1566.2728755925,0.0003010845605785594,0.0004253204314387683,-0.003278593387361193,1.336449967196289e-09,0.5151832938449015,0.3056351709155444,-0.4147299947632291,0.0002684151714357544,0.0001592386977183108,-0.0002160780909899517
76207.90100254123,3.789366566501689,-48.19810091409581,1170.83022018814,-1309.414990216172,0.0003794730141877324,0.0004243891595829208,-0.002734622860752723,1.594934392946838e-09,0.4885441009338656,0.3325501189286367,-0.3578907053247244,0.0002780787316536371,0.0001892871392903377,-0.0002037109714703059
76383.57835776907,3.425154533833183,-39.88192918006304,1244.422592228706,-1039.832090790877,0.0004731935653342666,0.0003953977189606423,-0.002166622994013162,2.003811733617798e-09,0.4623901019076585,0.360442946446858,-0.2896299167884462,0.0002850782913696891,0.0002222246083672595,-0.0001785661100160932
76559.66069112561,3.261301927527192,-29.52747067672966,1329.427931197406,-752.9957923715519,0.000569499052392276,0.0003225676098325431,-0.00156535440990039,2.760753187135173e-09,0.440205034649972,0.387129803490656,-0.2095494876645351,0.0002880639336183196,0.0002533322548277505,-0.0001371262138161312
76736.1489361819,3.360814225282818,-17.29043409418433,1427.027079396667,-444.2080892928699,0.0006388547069060398,0.0001988640809888973,-0.0009213117175213293,4.669105301391309e-09,0.4273707617615269,0.4104291824775624,-0.1191371234310598,0.0002858967096401672,0.0002745633611597295,-7.969874084165934e-05
76913.04402866098,3.777493981336763,-4.091904739529896,1539.877886797039,-110.1611359977328,0.0006460955483013738,4.622095048848406e-05,-0.0002279546928883,1.878415770929963e-08,0.4288985598733698,0.4283164003627576,-0.02233911013761507,0.0002777658544424741,0.0002773888328130829,-1.446738831832681e-05
77090.34690644301,4.536889732034421,8.757271738141881,1673.530316238069,257.7983850904113,0.0005836884376849833,-8.991407874186856e-05,0.0005322311930706562,-8.008292719949884e-09,0.4456902200256183,0.439098807765411,0.07636759290090729,0.0002631634188553507,0.0002592714362460362,4.509220964373234e-05
77268.05850957023,5.614441463397871,19.8460224205229,1834.569532998639,662.1507625362383,0.0004822625157292036,-0.0001740628996551496,0.001363882682734386,-3.110736665269148e-09,0.4741780789979272,0.442809476413206,0.1696013508225298,0.000243071714993364,0.0002269916379823667,8.694052516460533e-05
77446.17978025188,6.948265183548718,28.61241517004894,2033.119466350207,1109.064291444301,0.0003790588569896914,-0.0002067761632313959,0.002279170705268025,-1.852948756861505e-09,0.5079725999009864,0.4411250205634712,0.2518826680878317,0.0002192956777760325,0.0001904370637063663,0.0001087396848356057
77624.71166286919,8.445377108556642,35.15506064083556,2277.975535448978,1604.260641577136,0.0002934467297563208,-0.0002066593919125659,0.00328923619354207,-1.278042225646799e-09,0.5413002389943297,0.4364079193648562,0.3202406542757424,0.0001942432156556843,0.000156603067001277,0.0001149169536406802
77803.6551039804,10.03022558007725,39.82407035758248,2582.212935028249,2153.257196974872,0.0002284266830053951,-0.0001904805728800533,0.004404697005413791,-9.500013537977992e-10,0.5707667989623201,0.431134239573941,0.3740294189829099,0.0001697279022777869,0.0001282056178040667,0.000111224459428201
77983.01105232586,11.65070945950893,42.9967776773966,2962.843332192414,2762.584591274918,0.0001805476293599066,-0.0001683444053357396,0.00563813819802221,-7.387619968351087e-10,0.5952929161417789,0.4273618811091703,0.4144097954723253,0.000146922745097145,0.0001054761093570358,0.0001022794377271565
78162.78045883297,13.27390267671286,44.99104855938593,3440.240707171008,3439.16592293849,0.0001453840805576248,-0.0001453386603295818,0.007002824791233554,-5.92061747582242e-10,0.6149668929531086,0.4263005717755212,0.4432291754073323,0.0001263956512414608,8.761860030452515e-05,9.109797765828207e-05
78342.96427662121,14.89964302423003,46.03211366387614,4048.075592609725,4196.609618700994,0.0001190664808421431,-0.0001234353280554435,0.00852547731899612,-4.840849267260149e-10,0.6308161163423421,0.4289337117873571,0.4625417208528932,0.0001081656166298849,7.354897604367151e-05,7.931171883051505e-05
78523.56346100719,16.53060745435854,46.17878026425345,4836.874865918572,5040.10861663468,9.912024220743399e-05,-0.0001032850343829868,0.0102155093923596,-4.021427429512303e-10,0.6433671286135706,0.436237532414448,0.4728827312277581,9.208167902687316e-05,6.24363332423059e-05,6.768116358089464e-05
78704.57896950985,18.17996980066555,45.41119494259942,5884.880120241457,5969.960280614487,8.374402379261651e-05,-8.495474598728822e-05,0.01207234319988119,-3.387261219561867e-10,0.6533832343469111,0.4494012813363197,0.4742869798538694,7.792760149522467e-05,5.359911629569904e-05,5.656717959310568e-05
78886.01176185545,19.83092807796787,43.73185437003509,7271.691797573069,6956.718453127513,7.180256030918956e-05,-6.869243226885e-05,0.01403539239448814,-2.900118237216266e-10,0.6612303784292756,0.4686483215964675,0.4664701105350019,6.569311584859941e-05,4.656012410685296e-05,4.634371924060426e-05
79067.86279998253,21.49876272404619,40.91948506967665,9149.948250313671,7931.381975838933,6.24023036007946e-05,-5.409172735083e-05,0.01596500274957487,-2.537881065635242e-10,0.6677235385008244,0.4957722417257781,0.4472858238333276,5.513179277570227e-05,4.093432523906333e-05,3.693095709409059e-05
79250.13304804718,23.17223954905683,36.84676277724539,11675.90001415703,8749.560848815374,5.484695672065226e-05,-4.110062475850492e-05,0.01757140089756102,-2.295270504767735e-10,0.6728363363512145,0.5302985321817913,0.4141161700300561,4.610569395443467e-05,3.633837905046946e-05,2.837705451600634e-05
79432.82347242814,24.84474931520655,31.07667175106479,15068.09329675669,9081.289489005034,4.868256319603187e-05,-2.934017202728011e-05,0.01819565324056889,-2.206340878281967e-10,0.6769915933853207,0.5727446166324958,0.3609449011038816,3.8472861485156e-05,3.254859368619831e-05,2.051219441958298e-05
79615.93504173188,26.43031741298149,23.22075782775824,19322.87186055872,8290.081261970408,4.370713243239324e-05,-1.875164738487094e-05,0.0165721524313506,-2.411356066081065e-10,0.6803228516258263,0.6197258721744655,0.2806760157225658,3.234957844312982e-05,2.946817186462984e-05,1.334623813682521e-05
79799.46872679768,27.79825570526313,13.10966787725801,23902.8621182566,5566.622116348613,3.968372726828673e-05,-9.241751585140446e-06,0.01110227223660744,-3.58284805785839e-10,0.6831539973519346,0.6621119883389871,0.1682471366642536,2.782996980826961e-05,2.697277146381788e-05,6.853963750257969e-06
79983.42550070286,28.81019431236604,1.152560081835504,27536.95576319611,554.0072567379394,3.630014192546768e-05,-7.303110125994572e-07,0.00110239081242962,-3.591738237799921e-09,0.6853398570346824,0.6847862907058638,0.02754007446654882,2.487795236090816e-05,2.485785780983894e-05,9.997093464826639e-07
80167.8063387679,29.30624409189259,-12.00631940266941,28539.41664017293,-6069.530303299478,3.352303479092741e-05,7.129405554691242e-06,-0.01204967173398909,3.27088328589746e-10,0.6871002077205172,0.6748099306311268,-0.1293764003641761,2.354405360921289e-05,2.312291715864382e-05,-4.433188742653024e-06
80352.61221856173,29.29254001654966,-24.39152432599795,26587.23157221783,-12055.76113886854,3.119753242971596e-05,1.414626408444024e-05,-0.02387892471705943,1.642954351301095e-10,0.6885227368430408,0.6326762145699916,-0.2716327790735449,2.358052574832203e-05,2.166789413000834e-05,-9.302879045651857e-06
80537.84411990669,28.86630012829032,-35.14601621824465,22801.51470270189,-16052.54652286503,2.932318737804686e-05,2.064388422094645e-05,-0.03172225624171012,1.231051422734146e-10,0.6896680112201571,0.5718442891960716,-0.3855334935050475,2.472720604637763e-05,2.050278008454968e-05,-1.382283356134362e-05
80723.50302488382,28.2201551795063,-43.91444484635685,18722.32871612859,-18025.99288967278,2.771781147955392e-05,2.668690846226342e-05,-0.03554015577899793,1.093757228455526e-10,0.6906530701756791,0.507134786699699,-0.4688453598598821,2.656869961400368e-05,1.950894362665878e-05,-1.803598951405243e-05
80909.58991783821,27.44703699439861,-50.6186076779365,15150.83660162875,-18457.14832574993,2.657043141188861e-05,3.236879959458295e-05,-0.03630652923103938,1.065750461353801e-10,0.6911516309607472,0.4492813198991325,-0.5252017446366626,2.893774851389215e-05,1.881090814928426e-05,-2.198961172127553e-05
81096.10578538408,26.69054641338182,-55.46388528361892,12460.52837764947,-18105.72199736804,2.579381971519417e-05,3.747960879822928e-05,-0.03553333574061877,1.083937605953615e-10,0.6914351208454971,0.4035061726492157,-0.5614849018207065,3.145219993763415e-05,1.835480500717655e-05,-2.554098694384068e-05
81283.05161640994,25.9966740424861,-58.86986427298869,10530.50483804069,-17435.87620097862,2.538074611441572e-05,4.202415306251927e-05,-0.03414003078550571,1.122991204740205e-10,0.6916442095571481,0.3695744569720534,-0.5846250365556919,3.394844748317806e-05,1.8140076747947e-05,-2.869555195664812e-05
81470.42840208396,25.47640415747043,-61.11655641579134,9294.689913409937,-16848.80719440173,2.510222388398395e-05,4.550367299093542e-05,-0.03291465385399558,1.159447186556239e-10,0.6916430336758688,0.3463993842914782,-0.5986464337109541,3.593600645453184e-05,1.799802774501469e-05,-3.110414051520852e-05
81658.23713585922,25.11080738373165,-63.20803048322495,8338.639746438888,-16513.45155540574,2.436581528046231e-05,4.825291923826224e-05,-0.03218533163015382,1.180272463630655e-10,0.6920432643056061,0.3245375063754867,-0.6112276880396863,3.74011411990957e-05,1.753947148453399e-05,-3.303350273643279e-05
81846.478813479,24.84521557287477,-65.90345758290353,7348.121148503305,-16429.5904467586,2.268454442786458e-05,5.072014558402152e-05,-0.03194823492084527,1.183568488900473e-10,0.6930552151769932,0.295896022680892,-0.6267145084052685,3.849931757846682e-05,1.643706691462907e-05,-3.4814081709154e-05
82035.15443298186,24.4912952187895,-68.98969760011019,6220.061390554754,-16195.10931190247,2.066666550753555e-05,5.380958257346258e-05,-0.03141984334299707,1.197943258733762e-10,0.6943777219400328,0.2622550540424448,-0.6429484484434377,4.001672510655267e-05,1.511365943034525e-05,-3.705287555476551e-05
82224.26499470713,24.0465223597082,-71.71631336702775,5193.535631047433,-15718.81235923125,1.895078346780102e-05,5.735665075830218e-05,-0.03042564973571573,1.231403551988827e-10,0.6953192635731807,0.2317176405588185,-0.6555728894255807,4.199269609729399e-05,1.399421671472843e-05,-3.959227732855115e-05
82413.81150130021,23.57505649221742,-73.85228741536559,4379.456873558014,-15125.69812530051,1.766149412091356e-05,6.099898599930109e-05,-0.02921026925589301,1.276746579525281e-10,0.6959613844690514,0.2073455682917413,-0.6643568799838334,4.418712855605528e-05,1.316453108763384e-05,-4.218053403256149e-05
82603.79495771787,23.14864567005397,-75.58678325988583,3746.609623673045,-14578.11950305004,1.653704059396893e-05,6.434589621571605e-05,-0.02808805311042188,1.321656589603829e-10,0.6966431976764541,0.1873571157431993,-0.6709761963358049,4.627289692125385e-05,1.244475871316113e-05,-4.45680263199548e-05
82794.21637123344,22.73625578775701,-76.9983256770566,3241.577196730347,-14038.94169774276,1.561455576226206e-05,6.762505554507877e-05,-0.02698699335417599,1.369259494986939e-10,0.6970455920633162,0.1709026584894336,-0.6757698119449722,4.836754015936826e-05,1.185882428918598e-05,-4.689122761824768e-05
82985.07675144226,22.36176138372117,-78.00973354710676,2876.494483239344,-13544.15617262116,1.50037486187107e-05,7.064609914972606e-05,-0.02597598856644788,1.416016059392838e-10,0.6973753724330235,0.1590554183082283,-0.6789946862699978,5.035475344110794e-05,1.148477088377871e-05,-4.902755584221878e-05
83176.37711026709,22.00060917604852,-78.89798099691851,2565.977293092924,-13076.45646826292,1.444986410951914e-05,7.363783752454234e-05,-0.02502131924177226,1.463288836217589e-10,0.6976206107065202,0.1485953287227162,-0.6816112856785207,5.233956341704188e-05,1.11484874612322e-05,-5.113845056328259e-05
83368.11846196344,21.68650834745567,-79.64443197415727,2317.148852885509,-12680.52692870705,1.39448720352816e-05,7.631288992960491e-05,-0.02420791759423481,1.5055071796687e-10,0.6975087234964946,0.1397133978618118,-0.6833729478195757,5.409845000262226e-05,1.083610572070742e-05,-5.300208585985906e-05
83560.30182312484,21.38699449988698,-80.2900881213227,2106.399512934848,-12310.12169923795,1.350463730464718e-05,7.892317089109465e-05,-0.0234467405663956,1.547240358864686e-10,0.6978650446916939,0.1321043644169919,-0.6852474425377467,5.586592253790457e-05,1.057529997465228e-05,-5.485585047610941e-05
83752.92821268826,21.11259852719751,-80.90470435390077,1918.083725212746,-11981.29601493817,1.30277607789257e-05,8.137781278906239e-05,-0.02276795004208284,1.58604802503406e-10,0.6978928504248014,0.1247843678883081,-0.6866464098826772,5.750344388951264e-05,1.028170856426734e-05,-5.657678435678189e-05
83945.99865193974,20.86675091156305,-81.33951353140007,1780.340157924278,-11688.48078040295,1.273580146487027e-05,8.361445422807531e-05,-0.02216043079252544,1.622041885153666e-10,0.6979582720512765,0.1196144944785104,-0.6876322579951104,5.901938241587935e-05,1.011460695402526e-05,-5.814621420967484e-05
84139.51416451953,20.62393261187604,-81.85269464784085,1633.538143151834,-11410.29502898455,1.229488049017038e-05,8.587997429204245e-05,-0.02158325816392171,1.657766112899214e-10,0.6979535337951088,0.1134835386692822,-0.688665827370705,6.053787009594476e-05,9.843136239504882e-06,-5.973228929753177e-05
84333.47577642757,20.39468287828793,-82.30608741836073,1506.657162586613,-11152.40043181864,1.189659802531529e-05,8.805959859303551e-05,-0.02104691689418369,1.692200336496681e-10,0.6982135686166973,0.1081043207685777,-0.6897939135942183,6.202904879200939e-05,9.603949978895871e-06,-6.128104958993724e-05
84527.88451602899,20.17874319922324,-82.65929421990477,1405.7212035996,-10911.85559266851,1.161324574504051e-05,9.014736365045903e-05,-0.02054559588024248,1.725526056295069e-10,0.6982133529878245,0.1038836297515839,-0.6904419438013135,6.344794710857876e-05,9.440098814667912e-06,-6.274174468933991e-05
84722.74141405964,19.97795616554663,-83.11950598711319,1290.939325256844,-10698.28446906109,1.111730436462554e-05,9.213142887117104e-05,-0.02009714071376551,1.755925112485136e-10,0.6984198478056501,0.09839745917378989,-0.6914537033214949,6.479853218761293e-05,9.129194918335729e-06,-6.415222189302677e-05
84918.0475036314,19.78305475790813,-83.42434558761904,1209.169496527702,-10489.58228270365,1.084520877516377e-05,9.408251708868155e-05,-0.01965976515404527,1.786742375903961e-10,0.698336778776385,0.09473988276936789,-0.6918804891053253,6.612133174754544e-05,8.97035271333295e-06,-6.551002430366944e-05
85113.80382023768,19.59650228104179,-83.7545076368699,1126.694212947053,-10295.25574946768,1.05041584224044e-05,9.598256221509519e-05,-0.01925117630018831,1.816280800065372e-10,0.6984406747348296,0.09079895293572943,-0.6925134845400625,6.742298520088427e-05,8.76514882579788e-06,-6.685081225729627e-05
85310.01140175895,19.41691965905626,-84.01487216137967,1059.92060087081,-10109.71322505451,1.025765351678895e-05,9.783934318429959e-05,-0.01886075041569807,1.845360818287605e-10,0.6987001840106258,0.0877177936532804,-0.6931720823959104,6.871927998986162e-05,8.62731076948022e-06,-6.817557444724471e-05
85506.67128846832,19.2374286933269,-84.24052796439011,1001.217991607146,-9926.64180495061,1.005838259455487e-05,9.972449755225039e-05,-0.01847661811358116,1.875071274667596e-10,0.6987589856773381,0.08502848902129889,-0.6935663458671976,7.002080443476969e-05,8.520481772943621e-06,-6.950046362470684e-05
85703.78452303697,19.0809783651381,-84.47459897340063,945.2351221190938,-9771.234556126454,9.808345698483675e-06,0.0001013923881844318,-0.01814552634253682,1.90051233685696e-10,0.6987428315356291,0.08222677912057103,-0.6938878161618673,7.116145148801911e-05,8.374149528725739e-06,-7.066700642840504e-05
85901.35215053961,18.9228255586454,-84.63708432694108,902.5465612703821,-9614.360173539984,9.678730373099007e-06,0.0001031024922399298,-0.01781314156269808,1.927079999275734e-10,0.6988322320549928,0.08030334030395457,-0.6942030409721572,7.23512980236287e-05,8.313942374322372e-06,-7.187202994142008e-05
86099.37521846007,18.76511395182996,-84.91008843165048,842.9771624553439,-9464.194201688351,9.337199683460673e-06,0.0001048297332834282,-0.01749459024247837,1.953154004457605e-10,0.6986929641480852,0.07701385520151936,-0.6944355436302472,7.351658656570096e-05,8.10341028635414e-06,-7.306862009100223e-05
86297.85477669702,18.62257823891733,-85.08079166923307,802.8644526656454,-9328.261232080569,9.15873654654788e-06,0.0001064128406461927,-0.01720365922628951,1.977058098896229e-10,0.698839524775279,0.07499489070351958,-0.69480389158129,7.462291424148505e-05,8.008043476530412e-06,-7.419198453721285e-05
86496.79187756934,18.48055730955217,-85.21328983299654,769.876336862789,-9193.786747246579,9.044767251528726e-06,0.0001080117121509283,-0.0169166575406423,2.001362258799759e-10,0.6985804201234542,0.07339541159866791,-0.6947141260519495,7.570110662554697e-05,7.953434879086336e-06,-7.528213877113591e-05
86696.18757582165,18.34223306508466,-85.36076954274866,735.6326916381455,-9065.403870251881,8.892754550408313e-06,0.0001095878587708639,-0.01664206786270915,2.025037055547935e-10,0.6988717426660062,0.07167162078099963,-0.6951869471384262,7.682140711418923e-05,7.87829071117883e-06,-7.641636687565144e-05
86896.0429286302,18.20964655427218,-85.44831992319416,711.9146957531307,-8942.602001592462,8.846193455301278e-06,0.0001111200369535334,-0.01637887370574371,2.048123917177205e-10,0.6984218630713169,0.07059865998880575,-0.6948445351471034,7.783567982645287e-05,7.867873251992086e-06,-7.74370042327095e-05
87096.35899560805,18.08510982530299,-85.56306262241348,685.1474082859847,-8829.863836113553,8.735122733131621e-06,0.0001125742335043582,-0.01613519201665711,2.069503309243782e-10,0.6984434755501715,0.069244077531736,-0.6950025512653762,7.884423500805531e-05,7.816661638263128e-06,-7.845580408636674e-05
87297.13683881113,17.96006062892459,-85.62623258136841,666.702413990933,-8716.742975390487,8.723491218024159e-06,0.0001140545304769615,-0.01589184688561482,2.091538634573847e-10,0.6983160966945687,0.06850030642563694,-0.6949482562913099,7.985955889862448e-05,7.83370780290725e-06,-7.947441204275463e-05
87498.3775227436,17.85220339442329,-85.73007116483258,643.729620656557,-8621.849538707216,8.611689471877758e-06,0.0001153414236630448,-0.01568269048558243,2.109695089410016e-10,0.6983243405615313,0.06727661961415397,-0.6950760685522053,8.07504286577582e-05,7.779502384406997e-06,-8.037481614947995e-05
87700.0821143635,17.73822762831253,-85.80643770995573,624.8451315587859,-8521.880693779507,8.558012154357294e-06,0.000116717495058992,-0.01546520144742561,2.129534507357174e-10,0.6980146671177745,0.06635587950464265,-0.694853490145011,8.16694332260375e-05,7.763801142942208e-06,-8.129956774346988e-05
87902.25168308843,17.63922356223007,-85.81625484090058,616.9855017386853,-8434.503629042589,8.626571128550869e-06,0.0001179295871376457,-0.01527142842629732,2.146646843704871e-10,0.698035103450348,0.06627401615782648,-0.6948818319910589,8.251884507051665e-05,7.834642189907583e-06,-8.214607826018265e-05
88104.88730080138,17.53782931068535,-85.9355974117728,593.253736036719,-8349.050140512893,8.467965896907887e-06,0.0001191724005545265,-0.01508193972767983,2.163630338024488e-10,0.6980627870108165,0.06486440538564656,-0.6950426343205681,8.337916879245286e-05,7.747641481407475e-06,-8.301843072472474e-05
88307.99004185628,17.43982976377305,-86.01925439510761,575.2587901468786,-8266.504255061973,8.377634669004584e-06,0.0001203871263244823,-0.0148984821606709,2.180209551790106e-10,0.6979523326388511,0.06387483425709506,-0.6950233551361006,8.420698447918443e-05,7.706410488753022e-06,-8.385360739083587e-05
88511.56098308356,17.34327725802151,-86.12524248174924,554.4893860139817,-8186.694008807654,8.235469850649271e-06,0.0001215916361730437,-0.01472070772010861,2.19640069986436e-10,0.6980165411834875,0.06263031673991161,-0.6952010753665573,8.504642630832733e-05,7.63088595043469e-06,-8.470338958642216e-05
88715.60120379608,17.24785872928176,-86.24137855736043,532.7147982781859,-8108.960763693987,8.066666038389092e-06,0.000122790428594329,-0.01454739833093647,2.212355593014591e-10,0.6979803144314758,0.06125347116551636,-0.6952873733960923,8.586874587111574e-05,7.535683514970846e-06,-8.553744788945045e-05
88920.11178579481,17.14638379485739,-86.32852619628162,515.0213430246356,-8026.245293409965,7.96188439163371e-06,0.0001240803667469904,-0.01436589076711357,2.230014584522198e-10,0.697853895484659,0.06022063887215326,-0.6952506987389104,8.674643144531577e-05,7.485700882830707e-06,-8.642284218185407e-05
89125.09381337455,17.04755221896418,-86.42092448137751,497.0554342456467,-7946.780132475794,7.840191585171389e-06,0.0001253467408889707,-0.01419094539632554,2.247133810997373e-10,0.6977822977971729,0.05912906409367723,-0.6952725285084319,8.761372866891223e-05,7.424260825051769e-06,-8.729860137752137e-05
89330.54837332954,16.94523259387356,-86.5519589598081,473.9658767335672,-7866.337199965818,7.63182089464077e-06,0.0001266641324914126,-0.01401498672290705,2.264892390309691e-10,0.6978979988647059,0.05758423551826235,-0.6955182762797383,8.853669166872586e-05,7.305247634114569e-06,-8.823479545308241e-05
89536.47655495937,16.84192417716095,-86.62820513727753,458.6465353063048,-7784.627757392017,7.542190550973301e-06,0.0001280139309794094,-0.01383751109480854,2.283401495635488e-10,0.6977223700555752,0.05668030551957286,-0.6954163131838201,8.94504695825849e-05,7.266615150100932e-06,-8.915482495527244e-05
89742.8794500748,16.73146038320316,-86.6537102416096,450.0406045165126,-7696.913417860807,7.570704151902202e-06,0.0001294795486999052,-0.01365012828326249,2.304111706257069e-10,0.6976334498120631,0.05639956976613783,-0.6953499254525558,9.046057899310365e-05,7.313206867275635e-06,-9.016447946438763e-05
89949.75815300351,16.62545420001886,-86.61360826628191,450.4309562367627,-7612.153818628769,7.746314721331143e-06,0.0001309104944272222,-0.01346876225892512,2.324409148905365e-10,0.6972527024118226,0.05689127070982167,-0.694927848296218,9.141404589951829e-05,7.458789638190402e-06,-9.110924346548192e-05
90157.1137605957,16.51820600249298,-86.59281685499332,448.1878553695719,-7527.918130213798,7.880860137530439e-06,0.0001323696508065228,-0.01328908315317289,2.345012944462473e-10,0.697056987136853,0.05716355140876749,-0.694709127409914,9.240890256097154e-05,7.578176748316254e-06,-9.209764660236662e-05
90364.94737223013,16.41522123148999,-86.51128182965294,453.9723100803841,-7446.443904022864,8.156810202679987e-06,0.0001337950096543617,-0.0131150229181227,2.365218185125304e-10,0.6967616648288185,0.05816367828477152,-0.6943297517054936,9.337228591720575e-05,7.794452354287205e-06,-9.304638783908361e-05
90573.26008981997,16.31014699003838,-86.3794473971315,465.8949683545937,-7363.040661457239,8.559301187110295e-06,0.0001352718680283874,-0.01293830338331004,2.386508210382689e-10,0.6963721395771102,0.05976399710498627,-0.6938028692858206,9.436354822311518e-05,8.098461300084815e-06,-9.40153931961528e-05
90782.05301781857,16.21240565496549,-86.15882899157248,489.0460251155521,-7283.789625850287,9.176594524892778e-06,0.0001366750378663347,-0.01276960682050233,2.406925997716248e-10,0.695767921556809,0.06241718356786018,-0.6929625501157606,9.528345996201151e-05,8.547857736991306e-06,-9.48992722334603e-05
90991.32726322518,16.12529241967681,-85.88450972229917,518.904768771814,-7211.75420414298,9.925747144922859e-06,0.0001379483346647282,-0.01261423879039293,2.425376779092952e-10,0.6950233761223246,0.06570019843494582,-0.6919111050431861,9.610010823377586e-05,9.084293273421662e-06,-9.566977797750918e-05
91201.08393559097,16.03451018098582,-85.49965459500544,561.5484283852491,-7134.599413489046,1.096392133812976e-05,0.0001392990929980766,-0.01245058407901434,2.445966687053728e-10,0.6942968313920053,0.0703090625694736,-0.6907276784678463,9.698860215060748e-05,9.821703612647892e-06,-9.649001546934336e-05
91411.32414702499,15.96715988658235,-85.01992513494174,616.2664509502291,-7072.283742957375,1.222824126392721e-05,0.0001403314942140463,-0.01231345161163766,2.461843579062141e-10,0.6933546069723951,0.07602299500196319,-0.6891742270578435,9.764247658132789e-05,1.070602752830218e-05,-9.705376967175672e-05
91622.04901219998,15.92381782610338,-84.35997142517976,693.4738796661834,-7022.075669301875,1.392784844648772e-05,0.0001410325732079258,-0.01219791595564413,2.473743275013309e-10,0.691991839739623,0.08382724753872969,-0.686895697203228,9.804220090142915e-05,1.187674098483358e-05,-9.732017355705532e-05
91833.2596483581,15.91552608201976,-83.52674930983893,793.2352903439075,-6991.154138957049,1.602318846552444e-05,0.0001412198646778227,-0.0121162718539336,2.478969903836068e-10,0.6906493490958121,0.09366146959192637,-0.6842689913479564,9.813312974061806e-05,1.330819055892048e-05,-9.722655612915864e-05
92044.95717531712,15.96788834344487,-82.60092528864052,908.9763790739935,-6999.615473252915,1.82448972855898e-05,0.0001404956919543106,-0.01210303569579427,2.47027867403686e-10,0.6891509537906261,0.1045146666926312,-0.6811796543913051,9.760966624754931e-05,1.480320338777474e-05,-9.648063077332227e-05
92257.14271547629,16.10630893421977,-81.75282094251654,1025.026242019681,-7071.9347872506,2.007378018869903e-05,0.0001384944683448962,-0.01219995921709435,2.439393624327907e-10,0.6881717889501228,0.114459141256039,-0.6785864101864569,9.627809174700602e-05,1.601330929293753e-05,-9.493705744299025e-05
92469.81739382225,16.3449537925982,-81.42841316473215,1090.948478477573,-7237.834573100349,2.03624751604739e-05,0.0001350936635578293,-0.01245743943328364,2.377997966631346e-10,0.6882363655306751,0.1183467160618703,-0.6779847709471387,9.400127860979823e-05,1.616413079321761e-05,-9.260108668896204e-05
92682.98233793494,16.56894736962363,-81.99166929790067,1045.118887075628,-7428.570012096172,1.857133170400827e-05,0.0001320026261960604,-0.01275631844925448,2.311611843141531e-10,0.6899063195677102,0.1119834464802104,-0.6807572529866115,9.194142692619063e-05,1.492364625381976e-05,-9.072216249470083e-05
92896.63867799363,16.68657388614766,-83.28929395035517,889.9860628303577,-7563.892632985308,1.534338443355588e-05,0.0001304017190032743,-0.01295882088617658,2.265034263819833e-10,0.6921902889466129,0.09689471856948428,-0.6853749409085045,9.086076337282933e-05,1.271894193924155e-05,-8.996614272402417e-05
93110.787546783,16.67468994851988,-84.73560408007135,700.1767570076912,-7599.013961448411,1.202324414562323e-05,0.0001304881934598269,-0.01298904956615444,2.249380309993386e-10,0.6941477510824782,0.07982691235406332,-0.6895424311794589,9.093692461512876e-05,1.045773597865826e-05,-9.033360402783832e-05
93325.4300796991,16.57122788164456,-85.93140201597612,537.1170730888585,-7551.200052953825,9.372279687771244e-06,0.0001317626313153669,-0.01287763489198011,2.258417110539256e-10,0.6960604669015205,0.06563698717535967,-0.69295884401435,9.19212488822558e-05,8.667973719129902e-06,-9.151165077561483e-05
93540.56741475521,16.45323345680381,-86.80684053665351,417.4145957352858,-7482.034321217464,7.433248270183047e-06,0.0001332387972147244,-0.01273033486449789,2.27405223178807e-10,0.6970046399856901,0.05515399484789026,-0.6948190447979246,9.298682714755591e-05,7.358049991637436e-06,-9.269524865541926e-05
93756.20069258803,16.3242506667174,-87.40317034114966,335.5106726973322,-7397.551404854761,6.118400830369151e-06,0.0001349023692578401,-0.01255764273895227,2.294732887763838e-10,0.6980355475374542,0.04802807562785066,-0.6963813104739378,9.423734370761624e-05,6.483965303091242e-06,-9.401401567327984e-05
93972.33105646375,16.20099030038294,-87.85486011397028,273.9906529645517,-7314.754812609715,5.113606349431558e-06,0.0001365184404999956,-0.01238853365500281,2.31536976762594e-10,0.6984395977419413,0.04259916798041408,-0.6971392849218162,9.539020336467358e-05,5.818031093819775e-06,-9.52126116233828e-05
94188.95965228413,16.07819940815538,-88.20757847913364,226.2862751695189,-7231.010422257913,4.323496777397668e-06,0.0001381579604619885,-0.01221853449172746,2.336797848703947e-10,0.6987924930599729,0.03836401533323083,-0.6977385976742895,9.656400828694903e-05,5.301406542501023e-06,-9.641837369045947e-05
94406.08762859236,15.97407205786802,-88.44074079691529,194.8849324650122,-7159.378876940868,3.799320114976073e-06,0.0001395735002898678,-0.01206967226748777,2.354749891690387e-10,0.6992286637508303,0.03558451511806571,-0.6983226091818765,9.760252785913764e-05,4.967099903390924e-06,-9.747605533177609e-05
94623.7161365793,15.87077223944067,-88.63486211034341,168.9193459958995,-7088.319931031258,3.360053581189717e-06,0.0001409970813494517,-0.01192239325722608,2.372885707388603e-10,0.6990592890229357,0.03324844595102264,-0.698268165113586,9.856548984013941e-05,4.687941942902107e-06,-9.845394348509665e-05
94841.84633008968,15.77429728487529,-88.81065788089579,145.7945262209607,-7022.547216833074,2.955049333683386e-06,0.0001423371234281579,-0.01178459873888623,2.389601398332326e-10,0.6991054053514516,0.03114613681782557,-0.6984112584666307,9.950188787083021e-05,4.432950152486447e-06,-9.940309171652982e-05
95060.47936562814,15.68183591178911,-88.93124647215932,129.8270658582226,-6959.209951918492,2.679749787152039e-06,0.0001436444801715343,-0.01165145254109271,2.405803723697451e-10,0.69943199856811,0.02972834678455564,-0.6987999327550325,0.000100458417615468,4.269839930707041e-06,-0.0001003676349067264
95279.61640236521,15.59506069271823,-89.04478792168945,115.0506791518445,-6900.360412070677,2.415599452590003e-06,0.0001448796909062351,-0.01152635275166173,2.420741171902994e-10,0.6994247027223511,0.02838163045630283,-0.6988486229727373,0.000101317531137532,4.111317081449854e-06,-0.000101234081156795
95499.25860214359,15.50432957581209,-89.13689051023511,103.0300930429049,-6838.927188330462,2.202366412265122e-06,0.0001461885852052326,-0.0113974609164549,2.436868822924615e-10,0.699438541847398,0.0272972598235727,-0.6989056684758956,0.0001022321494345909,3.989853830570289e-06,-0.00010215426297726
95719.40712948442,15.43569848964371,-89.22465535967258,91.93334373459322,-6793.199806483921,1.991795501333079e-06,0.0001471790784992412,-0.01129521547443632,2.447629861826477e-10,0.6993932795673168,0.02626356655324506,-0.6988999818112962,0.0001029157669398327,3.864685540122346e-06,-0.0001028431781426942
95940.06315159332,15.36253244336849,-89.25630766250593,87.53701084080768,-6743.675240888591,1.92453248711614e-06,0.0001482621117512574,-0.011187080912152,2.459934163984492e-10,0.6992499496156196,0.0259108520774485,-0.6987697187071482,0.0001036509403999458,3.840807118924724e-06,-0.0001035797550029365
96161.2278383665,15.28446638716707,-89.33760866302349,77.37113031074266,-6692.179494209967,1.727371432831994e-06,0.0001494081789325665,-0.01107612153571925,2.473161919160045e-10,0.6994989719048037,0.02496696307190384,-0.6990532615265045,0.0001044874020003212,3.729430938429198e-06,-0.0001044208241762735
96382.90236239704,15.21587561442826,-89.39606631403801,70.06677433439667,-6647.057231041479,1.585641614150471e-06,0.0001504257996361769,-0.01097613777345341,2.484223773561033e-10,0.6993270242159519,0.02428663601426116,-0.6989051767656679,0.0001051718799855711,3.652470274559795e-06,-0.0001051084382939487
96605.08789898131,15.14627130438413,-89.41450725506311,67.45516340356478,-6600.87024708553,1.547987521633191e-06,0.000151479356936347,-0.0108748012281759,2.495852614321773e-10,0.6993028822013556,0.02409982316983114,-0.6988874870666278,0.0001059043333372527,3.649742867228378e-06,-0.0001058414247665396
96827.78562612491,15.08342189414741,-89.47452562032426,60.1676162216259,-6560.270017279261,1.39792169676406e-06,0.0001524199290197107,-0.01078305565407706,2.505523131342539e-10,0.6993325849333833,0.02340776331415004,-0.6989407277918754,0.0001065652183392322,3.566905735763884e-06,-0.0001065055066330394
97050.996724549,15.01641404754795,-89.52018950126308,54.57614868890897,-6516.96845529914,1.28493509444033e-06,0.0001534348186660559,-0.01068724463055876,2.516370080450799e-10,0.69912138555783,0.0228829467130846,-0.6987467942638635,0.0001072414907726596,3.510121946597976e-06,-0.0001071840304665879
97274.72237769651,14.94654930313532,-89.54314017634208,51.60472333612987,-6471.722908606391,1.232032069479048e-06,0.0001545085343496633,-0.01058863665759409,2.528134744586772e-10,0.6991666089239434,0.02264374371950288,-0.6987998339328452,0.0001079984359631875,3.497719820775345e-06,-0.0001079417811903716
97498.96377173866,14.88470444575469,-89.58782354282823,46.27446029849993,-6432.404111065,1.118335844844559e-06,0.0001554548240979201,-0.01050010041786075,2.537738163462631e-10,0.6990624775325071,0.02213478676406976,-0.6987119568955408,0.000108642898479766,3.440017836128639e-06,-0.000108588423265889
97723.72209558106,14.83400081604895,-89.57935132612313,46.98440757599685,-6399.544458488842,1.14718173907627e-06,0.0001562526999901068,-0.01042243492433351,2.544902047469113e-10,0.698943757170738,0.02227372615495131,-0.6985887608680243,0.000109181932080278,3.479376460945404e-06,-0.0001091264781445157
97948.99854086991,14.76570968868046,-89.60280518832299,44.06440114009428,-6356.235514727627,1.090603883406865e-06,0.0001573182650133199,-0.010328092340863,2.556349037937239e-10,0.6988933540821946,0.02202566079362698,-0.6985461979331531,0.0001099180971616909,3.464074610272526e-06,-0.0001098634983547374
98174.79430199844,14.71451087107526,-89.6606927549838,37.45546554625576,-6324.695506651451,9.363122916272619e-07,0.00015810483349524,-0.01025320766487399,2.563188286758761e-10,0.6986900301559441,0.02135325398209052,-0.698363656545564,0.0001104346629514331,3.375086668836805e-06,-0.0001103830764708724
98401.11057611335,14.66385113043534,-89.64822429213442,38.63366139011539,-6292.412698926886,9.756972937875929e-07,0.0001589155627716006,-0.01017741140465881,2.570413140712022e-10,0.6985626858626256,0.0215409603321833,-0.6982304870940345,0.000110980708257539,3.422214044057e-06,-0.0001109279318133249
98627.94856312104,14.59940238219437,-89.68742543152466,34.11119368312458,-6252.6137442089,8.724906668203656e-07,0.0001599283562379075,-0.01008978082919663,2.58082484379599e-10,0.698545890079305,0.02110246992642096,-0.6982270736011982,0.0001116847198699017,3.373899232343608e-06,-0.0001116337469423489
98855.30946569391,14.54900933393911,-89.71984396665913,30.42221428185228,-6221.713555680236,7.858875567414718e-07,0.000160723582436128,-0.01001682633174094,2.587677318070654e-10,0.6981735638163757,0.02073617899529681,-0.6978655573194122,0.0001121797487362077,3.331806688190826e-06,-0.0001121302594784799
99083.19448927676,14.49081724451263,-89.76804131786785,25.0456300654795,-6186.451159837245,6.543975522730786e-07,0.0001616409124334375,-0.009937147135392822,2.596441505780701e-10,0.6984794975509291,0.02019787823701761,-0.6981874062268103,0.0001128688668341161,3.263820394240575e-06,-0.0001128216671426707
99311.60484209335,14.44525391624672,-89.76233862135297,25.54426938573365,-6158.21738017082,6.735595265911745e-07,0.0001623818603146269,-0.009869045397534311,2.602346467494963e-10,0.6982955319346028,0.02030203604860487,-0.698000341871056,0.0001133562686430573,3.295686349232171e-06,-0.0001133083496136294
99540.5417351527,14.39191056529504,-89.80483789533673,20.86737298333167,-6126.229165036454,5.560018835453129e-07,0.0001632306547408378,-0.009795201403700604,2.609918183333679e-10,0.6982233944699688,0.01982233687549681,-0.6979419628779745,0.0001139365448283164,3.234621744136031e-06,-0.0001138906206392226
99770.00638225536,14.33130916436511,-89.82286857837568,18.82620988058279,-6089.596775318842,5.076702008249986e-07,0.000164212915795544,-0.009714236406031094,2.619579571730254e-10,0.6983052058886762,0.01964518488897281,-0.6980288155097213,0.000114635320379119,3.224996813232185e-06,-0.0001145899475258537
100000,14.28103527561869,-89.80331232336896,20.79893501121197,-6058.775688332968,5.665865122752511e-07,0.0001650479019267163,-0.009642840998831925,2.6268498996979e-10,0.697987048485217,0.01991464104325808,-0.6977028930176675,0.0001151656820277782,3.285853545653254e-06,-0.0001151187972635218
100230.5238077899,14.22689947148019,-89.83978699122842,16.85245262076729,-6026.80082231033,4.639658774524062e-07,0.000165924212616287,-0.009569890542928996,2.634712869432249e-10,0.6979091163765314,0.01950865672262414,-0.697636400307746,0.0001157638217645578,3.235946639340599e-06,-0.0001157185857106958
100461.5790278395,14.17614261960018,-89.87931675866722,12.63180549982096,-5997.088447842514,3.512227144306613e-07,0.0001667468425920478,-0.009500808964678331,2.641676772483495e-10,0.6978761866455735,0.01906688293997357,-0.6976156720300374,0.0001163319073761202,3.178338654576876e-06,-0.0001162884811026571
100693.1668851804,14.12315399710402,-89.87790300657701,12.71247892011571,-5965.505507600941,3.572183594301079e-07,0.0001676296262898413,-0.009429037927263273,2.649554643251786e-10,0.6978607536498572,0.0191242115477431,-0.6975986640020349,0.0001169450348664282,3.20476767685648e-06,-0.0001169011148109695
100925.2886076685,14.07949815417431,-89.84151475567357,16.42783033324212,-5938.994182600576,4.657480938587453e-07,0.0001683773915285193,-0.009365544495287903,2.655261092274522e-10,0.6976829137684606,0.01960288193070073,-0.6974074671126343,0.0001174367801498303,3.299635536671291e-06,-0.0001173904158663931
101157.9454259898,14.02928025509841,-89.91483668009865,8.7855373835728,-5910.688342236778,2.514729349407565e-07,0.0001691846588373327,-0.009299469881294486,2.661840760561953e-10,0.6979235137563023,0.01875756825230734,-0.6976714016549651,0.0001180400150902997,3.172473195010893e-06,-0.0001179973752943053
101391.1385736679,13.98158670808862,-89.86813360963056,13.53726402282092,-5881.913678002323,3.912832937417661e-07,0.0001700117951126365,-0.009232913742395059,2.668710627212934e-10,0.6974950528114259,0.01935518105477479,-0.6972264522110092,0.0001185442940994026,3.28955204206263e-06,-0.0001184986434980933
101624.8692870695,13.92825134742782,-89.91074156072153,9.115917187479441,-5851.582919529329,2.662273014863919e-07,0.0001708935149421759,-0.009164177558983529,2.676373789671995e-10,0.6972175837339722,0.01887006510022261,-0.6969621795412948,0.0001191113403700822,3.223726422562265e-06,-0.0001190677075982823
101859.1388054117,13.87620759439984,-89.87335186021726,12.86642759374192,-5820.778727261825,3.797464109587099e-07,0.0001717974794913242,-0.009094968973354912,2.684349385592142e-10,0.6973088437498249,0.01936838265877422,-0.6970398046918849,0.0001197570366249915,3.326359807743735e-06,-0.0001197108313880953
102093.948370768,13.83188232651406,-89.866282537519,13.52469962046095,-5795.105487098632,4.027194187548889e-07,0.0001725584729332486,-0.009034028938338094,2.690040297520984e-10,0.6969286702432029,0.01948482369965687,-0.6966562373598275,0.0001202217833951095,3.361176479501979e-06,-0.0001201747881020569
102329.2992280754,13.78720675223581,-89.87777899032413,12.30767427311634,-5769.68496443513,3.697173374292836e-07,0.0001733188996979041,-0.008973714166908869,2.695678104562353e-10,0.6970563325250121,0.01938972926278664,-0.6967866022767201,0.0001207734559499188,3.359505543142004e-06,-0.0001207267219160389
102565.1926251407,13.74108067000236,-89.91692173362489,8.32882063314551,-5744.052650411722,2.524327928330952e-07,0.0001740927457308158,-0.008913300402353469,2.701479769600925e-10,0.697119771133999,0.01895666885866256,-0.6968619806042673,0.0001213234008836741,3.299128256852292e-06,-0.0001212785362491053
102801.6298126474,13.70220724271132,-89.89534160823101,10.4512588062335,-5721.589488206588,3.192521006317333e-07,0.0001747760242979469,-0.008858023467626732,2.705848250073409e-10,0.6968967162543459,0.0192543146065243,-0.6966306801276579,0.0001217604876570712,3.364077748269126e-06,-0.0001217140063238056
103038.6120441616,13.65230866246666,-89.89703299813769,10.23174833942824,-5693.429498581778,3.156461908470192e-07,0.000175640494123394,-0.008794154248274785,2.712977453142244e-10,0.6966572895777406,0.01926855026677423,-0.6963907682418118,0.0001223205006814566,3.383211158913202e-06,-0.0001222737043244231
103276.1405761397,13.60607680543835,-89.87067844863459,12.79089738692098,-5666.984228117788,3.982857739733023e-07,0.0001764598003653999,-0.008733174451496987,2.719368907818291e-10,0.6965348565845441,0.0196269228465845,-0.6962582784691508,0.00012286941394558,3.4622079353501e-06,-0.0001228206253018714
103514.2166679343,13.55604317255311,-89.91721372234197,8.14896650543584,-5639.83641303917,2.561937977926627e-07,0.0001773097372068011,-0.008671348460707627,2.726174332185039e-10,0.6963995155857938,0.01909930021744364,-0.696137559710243,0.0001234368608942649,3.385352245880407e-06,-0.0001233904291977357
103752.8415818013,13.51175724931847,-89.92189991652424,7.65422651178946,-5615.289810536185,2.427482748441091e-07,0.0001780848675118039,-0.008613750877712304,2.731794058382583e-10,0.6964696247438229,0.01908596456900417,-0.6962080609611413,0.0001239887533818876,3.39777194859307e-06,-0.0001239421885839519
103992.0165829059,13.4718796230294,-89.90603053903747,9.172845555841693,-5592.93263854853,2.932403544032211e-07,0.0001787965946986689,-0.008559723188898293,2.736406056239185e-10,0.6961470244669387,0.01931162510275094,-0.695879113646949,0.0001244264787897917,3.451681077117017e-06,-0.0001243785935029351
104231.7429393304,13.42683820793778,-89.91518395270478,8.24283939926039,-5568.280754250717,2.658481471334079e-07,0.0001795882522433948,-0.008502394583177081,2.742199246952188e-10,0.6964440771482177,0.01925052061113401,-0.6961779729717343,0.0001250305031315789,3.455987862529669e-06,-0.0001249827302519425
104472.02192208,13.37672013280879,-89.88751352412504,10.8771422938429,-5540.341992666139,3.543561617335583e-07,0.0001804935772812077,-0.008440277103185425,2.749688884666127e-10,0.6960942734406752,0.01961884187400137,-0.6958177480924329,0.0001255975865464616,3.539864188268219e-06,-0.0001255476925627251
104712.85480509,13.33542104500162,-89.8952734109058,10.08586551073839,-5517.957645222323,3.312493209444445e-07,0.0001812258671339634,-0.008386842634015923,2.754493608935625e-10,0.6959628311917321,0.01956295426100738,-0.6956878274204552,0.0001260831099941297,3.544094602979172e-06,-0.0001260332893295932
104954.2428652322,13.28706626830909,-89.8603616564842,13.38270578266205,-5491.121008556577,4.438327259556296e-07,0.0001821110951222827,-0.008326857759811818,2.761589464647801e-10,0.6956991967915692,0.02002139735663735,-0.6954110410860056,0.0001266509524036655,3.644864124271878e-06,-0.0001265984941074385
105196.1873823223,13.25027372073787,-89.86075691824358,13.29653842193757,-5471.252318394884,4.441836214023884e-07,0.0001827724322881864,-0.008277646491225098,2.765243549974565e-10,0.6955663552082578,0.02005498455326687,-0.6952771764499885,0.000127086408749893,3.664231234482521e-06,-0.0001270335731151616
105438.6896391259,13.20661612502806,-89.82932941269543,16.22607036965032,-5447.233851096611,5.468364578772304e-07,0.0001835777854097159,-0.008222353640269638,2.771048401448187e-10,0.6954350764861058,0.02047478842012088,-0.6951336048892954,0.0001276222841102248,3.757416548576427e-06,-0.0001275669597599293
105681.7509213658,13.1563002730745,-89.78893764382006,19.96455585354419,-5419.628761992456,6.796959494805741e-07,0.0001845119793416664,-0.008161869950810242,2.778757147071525e-10,0.6951355189292879,0.02099817385657781,-0.6948182973783716,0.0001282165717058068,3.873077681485557e-06,-0.0001281580607268363
105925.3725177289,13.11707339040644,-89.77743953566632,20.97029873841855,-5398.548989250586,7.195218236437141e-07,0.0001852321639395228,-0.008111425400171991,2.783191471259181e-10,0.6948414363009044,0.02117111950676158,-0.6945188300539693,0.0001286624588701585,3.920215678666449e-06,-0.0001286027224888648
106169.5557198725,13.08105377467658,-89.72485726129386,25.8286487603672,-5378.521693310604,8.928239301749471e-07,0.0001859204064953383,-0.008062747444059871,2.787129878454952e-10,0.6948060756198499,0.02184993082784729,-0.6944624275229545,0.0001291342449619228,4.060952284286116e-06,-0.0001290703757197237
106414.3018224316,13.03559883816491,-89.68260371322557,29.65826881096609,-5353.800025615373,1.034685061381391e-06,0.0001867774866913108,-0.008007229515296107,2.79355988829358e-10,0.6945851336345402,0.02239758467039125,-0.6942239235772883,0.000129688574093016,4.181936350741082e-06,-0.0001296211312195587
106659.6121230258,13.00636571741217,-89.62860669915351,34.59808371992808,-5337.458721424398,1.214408333608123e-06,0.0001873472069741734,-0.00796442929197802,2.7956680443908e-10,0.694394077056806,0.02308820333512124,-0.6940101361783771,0.0001300488991313229,4.324051033642419e-06,-0.0001299769931485086
106905.4879222658,12.97157508171431,-89.59558964895949,37.54117738502958,-5318.645521069737,1.327040447079421e-06,0.0001880084275926814,-0.007918103566837706,2.799104325472072e-10,0.6943405111607484,0.02352912439229718,-0.6939417307989922,0.0001304981177482153,4.422191123956387e-06,-0.0001304231688063523
107151.9305237606,12.93498721689511,-89.55450578783933,41.20099092817823,-5298.823768516408,1.467311948327592e-06,0.0001887097191710712,-0.007870450781520957,2.803113325189874e-10,0.6939416800741582,0.02405578915474966,-0.6935246025573193,0.0001309101303336736,4.538056415909645e-06,-0.0001308314498427096
107398.9412341245,12.90525519568141,-89.53517684463397,42.8604053757267,-5283.012329716587,1.535551696011818e-06,0.000189273490808884,-0.007828918209322787,2.80503643913411e-10,0.6939742369659262,0.02433387245783194,-0.6935474779880938,0.0001313075181196273,4.604234895876044e-06,-0.0001312267706520276
107646.5213629835,12.86303296374441,-89.52847841423637,43.29733663111539,-5261.050021004692,1.564180641459919e-06,0.0001900632518512454,-0.00777844101318584,2.810267757043866e-10,0.6936797771153417,0.02444765759753267,-0.6932488335488087,0.0001317993681991124,4.645062363937514e-06,-0.0001317174887906702
107894.6722229828,12.83290204537896,-89.49925265721815,45.84064413761418,-5244.977541654021,1.666212057506196e-06,0.000190644023129732,-0.007736842653685731,2.812396175662064e-10,0.6935969706499082,0.02484146560682025,-0.6931519741595163,0.0001321866721436064,4.734320951053966e-06,-0.000132101864095605
108143.3951297938,12.80275476187968,-89.46953619255189,48.41267442238347,-5228.938572130263,1.770495258284548e-06,0.0001912270094200266,-0.00769544381216798,2.814534598565008e-10,0.693529921627159,0.02524177922730229,-0.6930704183368479,0.0001325784738664748,4.825338407575308e-06,-0.0001324906330350034
108392.6914021203,12.76654492469358,-89.42653659094817,52.14393806512327,-5209.622387535196,1.921090525074054e-06,0.0001919332635637956,-0.007649382480433628,2.818473049761575e-10,0.6932860668158322,0.02579618527386811,-0.6928059809689021,0.0001330220697509909,4.949561401933552e-06,-0.0001329299547986306
108642.5623617066,12.73762823771076,-89.40764991723321,53.70520545968139,-5194.515995629371,1.990122394025769e-06,0.0001924901417012176,-0.007609659416185978,2.820168410966383e-10,0.6930221148437737,0.02605806382604339,-0.6925320418379027,0.0001333574496023766,5.014323293565403e-06,-0.0001332631454167206
108893.0093333433,12.71282112197643,-89.3898461635888,55.18146169066981,-5181.554480410761,2.055056707553681e-06,0.0001929703919445724,-0.007573213501087567,2.820720551821553e-10,0.6929778162173665,0.02631508835629357,-0.6924779923536853,0.0001336818285963178,5.076423875074739e-06,-0.0001335854079512274
109144.0336448757,12.68499544048775,-89.37540483382074,56.33076224917646,-5167.166282887517,2.109546687250502e-06,0.0001935066752038708,-0.007534814576993913,2.822069428032953e-10,0.6928175412514169,0.02652710050843626,-0.6923095105545453,0.0001340224717564291,5.131549602872562e-06,-0.0001339241954778004
109395.6366272094,12.6561435277641,-89.42272215319593,51.9246428707391,-5153.432156036747,1.954952927267769e-06,0.0001940257404177016,-0.007497503801883536,2.823082491836501e-10,0.6929343244020497,0.02600343805955114,-0.6924462427825052,0.0001344032304526848,5.043690224316483e-06,-0.0001343085609521546
109647.8196143185,12.63105309015362,-89.45665794803892,48.75775369207932,-5141.383318132816,1.84435562474807e-06,0.000194482692981908,-0.007462771008938446,2.823190263308273e-10,0.6928760743611475,0.02563496034854367,-0.6924016921051269,0.000134707425689144,4.983891988736329e-06,-0.000134615197345771
109900.5839432521,12.59400076749913,-89.50519984684705,44.24844539378678,-5123.656752077837,1.685410024033165e-06,0.0001951585501548436,-0.007419935996158304,2.826442170733186e-10,0.6928719890713991,0.0250920997978092,-0.6924174895014523,0.0001351734838294833,4.895257132291758e-06,-0.0001350848147950329
110153.9309541415,12.55716875523894,-89.58080706323327,37.362058936347,-5106.598674145956,1.432663174030747e-06,0.0001958145796372553,-0.007378224402315721,2.829361264468807e-10,0.6928320902310122,0.02422098588118341,-0.6924085853719731,0.0001356183965963502,4.741136150454105e-06,-0.0001355354976504967
110407.8619902073,12.51015804946383,-89.61130001031002,34.48926587234808,-5083.764109865395,1.334421960583827e-06,0.0001966955891650708,-0.007328338516961873,2.835533227686369e-10,0.6930663730494626,0.02390467424888788,-0.6926540002057242,0.0001362738855802863,4.700246571037254e-06,-0.0001361928029424478
110662.3783977666,12.46983161423729,-89.65932800594469,30.11400668707678,-5064.652171715053,1.173961731006769e-06,0.0001974399452134464,-0.007283996963016847,2.839687222125501e-10,0.6927101463155858,0.02335627024027307,-0.6923162799248791,0.0001367183077461862,4.609763202541526e-06,-0.0001366405714134619
110917.4815262401,12.42565641525004,-89.6653185052164,29.4579351698759,-5042.992182648466,1.158272895547653e-06,0.0001982882073687797,-0.007236164424202257,2.845324717985463e-10,0.6926271378141765,0.02332539954819515,-0.6922342650956939,0.0001372889086831443,4.623438028541645e-06,-0.0001372110355190316
111173.1727281591,12.37729999173778,-89.62946161626452,32.45666690217089,-5018.654440813712,1.288579351379566e-06,0.0001992482624181402,-0.00718467992164516,2.852547193436548e-10,0.6926927284175941,0.02380526854044208,-0.6922835583720939,0.000137966971083782,4.741410818421141e-06,-0.0001378854747008695
111429.453359173,12.33655183581588,-89.67277415945223,28.55355113929638,-4999.544596655881,1.142312867986999e-06,0.0002000116937810635,-0.00714086098225175,2.856864779510755e-10,0.6924378686199756,0.02331786242285957,-0.6920451424517068,0.0001384437574090229,4.662096969077019e-06,-0.0001383652370264269
111686.3247780561,12.29148409677798,-89.65341827551867,30.10814920734324,-4977.321988868493,1.215280963884921e-06,0.0002009039022140367,-0.007092769857568518,2.863020086428628e-10,0.6922294257458925,0.02358914515526408,-0.691827384612182,0.0001390194886661801,4.737375753744561e-06,-0.0001389387472952524
111943.7883467151,12.24788375485302,-89.62514128582045,32.42357297566414,-4955.753491662002,1.320148813920418e-06,0.0002017770249753159,-0.007045792147930933,2.868867139304987e-10,0.6921254363798096,0.02397166194094731,-0.6917101843313649,0.0001396028693005893,4.835124694107543e-06,-0.0001395191122611875
112201.8454301964,12.20236437147277,-89.57895008428697,36.25217619987492,-4933.04766633642,1.489635469535673e-06,0.0002027034938859825,-0.006997379745360985,2.875443375648927e-10,0.691892912758975,0.02456582799845304,-0.691456667348612,0.0001401972764710462,4.977738774495944e-06,-0.0001401088806842445
112460.4973966926,12.15994567476091,-89.53331920722849,40.00915700623878,-4911.933766622783,1.658156753374074e-06,0.0002035723008605674,-0.006951405668609456,2.881161677536922e-10,0.6917187722295312,0.02515503718496581,-0.6912612270039112,0.0001407633494716749,5.118998402815283e-06,-0.0001406702399579842
112719.745617551,12.12006652690842,-89.47728447236338,44.63081004521603,-4891.926815387372,1.864827734322407e-06,0.0002044014166529274,-0.006907169011490973,2.88629143358012e-10,0.6914478405295124,0.02586589464668681,-0.6909638714629387,0.0001412822296207261,5.285129336755429e-06,-0.0001411833411366134
112979.5914672798,12.08525181379669,-89.3903353900764,51.86265757926748,-4873.826028395413,2.183059376875599e-06,0.000205154384853628,-0.006865784290021268,2.890347823078802e-10,0.6910277568887295,0.02694309692639711,-0.6905023029061409,0.0001417183935731101,5.525584719614139e-06,-0.0001416106316293
113240.0363235557,12.04635532838897,-89.34467613121498,55.52737961771,-4854.616042973325,2.355811790569227e-06,0.0002059625682223889,-0.006822994456172751,2.895111169505218e-10,0.6907125492267282,0.02752590665327387,-0.6901638574441584,0.0001422127664289094,5.667387016506986e-06,-0.0001420997947210645
113501.0815672315,12.01154926308941,-89.22924689119024,65.06021355244454,-4836.115158868362,2.781273026903555e-06,0.0002067401244466802,-0.006781359457263196,2.899502568453744e-10,0.6905411563202838,0.02895427635464738,-0.6899338652747329,0.0001427175429147161,5.984122945298165e-06,-0.0001425920310823483
113762.7285823431,11.97978294799182,-89.1729867541661,69.57969198110253,-4820.171677357748,2.994104839784562e-06,0.0002074182701425149,-0.006743457708539057,2.90240240404472e-10,0.6900817400110167,0.02965726688453443,-0.689444163379147,0.0001430921126942699,6.149591750070202e-06,-0.000142959907794518
114024.9787561168,11.95167611263372,-89.06155836774646,78.70683693783963,-4804.951267152795,3.408144281895501e-06,0.0002080628293939268,-0.006706703687432256,2.904899717398573e-10,0.6897282308039623,0.03102748859845286,-0.689029990145013,0.0001434672754446893,6.453888726466232e-06,-0.0001433220375372494
114287.8334789772,11.92719299824458,-88.95069851973055,87.7592087119674,-4791.444792786121,3.821325687416433e-06,0.0002086353254004954,-0.006672469851868418,2.906388343706217e-10,0.6894572555104094,0.03239331381123729,-0.6886958547837155,0.0001438100691669402,6.756741861091492e-06,-0.0001436512528077034
114551.2941445536,11.90326951495243,-88.87102863416898,94.17496390291434,-4778.801117462349,4.122198680781456e-06,0.0002091762698462859,-0.006639556764303636,2.907375825894235e-10,0.6891686120849325,0.03338244956630908,-0.6883596356150069,0.0001441261099802592,6.981285150304233e-06,-0.0001439569284046166
114815.3621496883,11.88515529546851,-88.76221530347138,103.0276758637165,-4768.303126481106,4.529220728103028e-06,0.0002096203488750392,-0.006609734085501618,2.907075261737182e-10,0.6887475282695042,0.03471406132750396,-0.6878721477451328,0.0001443492272378784,7.275449596898957e-06,-0.000144165763055365
115080.0388944436,11.8599045420744,-88.6869104558897,108.9966977596184,-4755.164950405205,4.817858558265092e-06,0.0002101872132199551,-0.006576362107146081,2.908402739223281e-10,0.688424301870674,0.03564704771269431,-0.6875007690144745,0.000144675613159628,7.491395163056569e-06,-0.0001444815283751707
115345.3257821092,11.84752705103394,-88.62296550053993,114.138659688449,-4748.17753690797,5.059737517246702e-06,0.0002104854927122699,-0.006551595572276035,2.905983757485944e-10,0.6882386284461094,0.0364502288906698,-0.687272719158268,0.0001448453655103599,7.671244403304742e-06,-0.0001446420821169777
115611.2242192099,11.83460546400968,-88.53922359291815,120.8884971219185,-4740.561134035413,5.375800552000799e-06,0.0002108084041729765,-0.006526042281850456,2.903958328913563e-10,0.6879950186911746,0.03748725545699296,-0.6869729626573173,0.0001450211979763495,7.901869268705947e-06,-0.0001448057606746218
115877.7356155126,11.81406666978492,-88.44963666160504,128.0023200810159,-4729.344721602391,5.718707401118825e-06,0.0002112910035126857,-0.006495627361291137,2.904150780805057e-10,0.6875779616048586,0.0385838738156975,-0.6864945287226015,0.0001452707677645203,8.151961356430047e-06,-0.0001450418611744088
116144.8613840343,11.80809642869614,-88.39584743367675,132.3377136765473,-4725.492641457635,5.921734996527931e-06,0.0002114523091969816,-0.006475409273128159,2.899833351325431e-10,0.6873877908141174,0.03926347593184095,-0.6862655130618633,0.0001453449353586933,8.302078459252476e-06,-0.000145107634973764
116412.6029410491,11.79239771430487,-88.35954012616719,135.1067799293069,-4717.538671847818,6.065828679586065e-06,0.0002118012240964053,-0.006449641876249146,2.898041916354006e-10,0.6873829882974444,0.03974415700772817,-0.6862330322743649,0.000145586077498522,8.417717663586889e-06,-0.000145342519555503
116680.9617060962,11.78742220704416,-88.32328081212714,138.0053326330573,-4714.483990467373,6.20376810721311e-06,0.0002119306903871223,-0.006430641470889451,2.893250030354178e-10,0.6873569154136413,0.04022309840631008,-0.6861790083655663,0.0001456719257471318,8.524503169997923e-06,-0.0001454222912643814
116949.9391019871,11.77458095838599,-88.35731035140095,135.0520084566424,-4709.221752180895,6.084791907814124e-06,0.0002121748112985076,-0.006408690126139033,2.889821316354699e-10,0.6873321463074485,0.03986041668438878,-0.6861753613540424,0.0001458316701538625,8.457208308009424e-06,-0.0001455862344025007
117219.536554813,11.76462182460495,-88.36172051450103,134.5598762824706,-4704.698955128479,6.074307619207009e-06,0.0002123797189677935,-0.006387809715642729,2.885946611953859e-10,0.6871943095840527,0.03984601536946058,-0.6860381288120068,0.0001459426219530387,8.462281884900963e-06,-0.0001456970785150754
117489.755493953,11.74902956750266,-88.41669612713656,129.8737431850263,-4698.607305617996,5.878294982027201e-06,0.0002126665411328116,-0.00636486624040412,2.883042085076517e-10,0.6873278339731937,0.03924187029404361,-0.6862066940580714,0.0001461638794167463,8.344990140425316e-06,-0.0001459254631163094
117760.5973520807,11.72924734163583,-88.44995762126892,126.9166394556415,-4690.203165063896,5.765239608342265e-06,0.0002130543731253568,-0.006338869151566701,2.88156536983003e-10,0.687333449753226,0.03889044753902553,-0.6862323252659297,0.0001464290106264267,8.285192228027066e-06,-0.0001461944278786946
118032.063565173,11.7223658215993,-88.48808923125547,123.7281826046163,-4687.74832422597,5.626490857729399e-06,0.0002131735271169308,-0.006320980039117546,2.876443476852073e-10,0.6872006857689558,0.03847303715762816,-0.6861228810739304,0.0001464797027859967,8.200688917849396e-06,-0.0001462499642035737
118304.1555725165,11.6965120970469,-88.51061274832372,121.5894999718216,-4676.417058197373,5.556177401101038e-06,0.0002136944619634196,-0.006291198201530259,2.876781621999442e-10,0.6872443616810463,0.03825257694738339,-0.6861789511630864,0.0001468451798829883,8.173521466347568e-06,-0.0001466175310176322
118576.874816716,11.6783571572561,-88.60343551938163,113.8506415979131,-4669.937867763503,5.2174131375777e-06,0.0002140084134878297,-0.006268032419773395,2.874147347996105e-10,0.6875308851197295,0.03720332625359125,-0.6865235833598052,0.0001471159280199688,7.960663274455838e-06,-0.0001469003884181637
118850.2227437018,11.65382092138096,-88.67631324627335,107.6826382620221,-4660.213582768698,4.955668257997069e-06,0.000214467930024321,-0.006240594341678961,2.873520569561087e-10,0.6877364769141388,0.0363880248417278,-0.6867731600218441,0.000147471145005826,7.80267423357855e-06,-0.0001472645812275784
119124.2008027375,11.62290648119151,-88.75701173692468,100.846344924816,-4647.802093687335,4.666169336492621e-06,0.0002150542156765194,-0.006209659101496368,2.874567455526553e-10,0.6874609881459359,0.0354536972821668,-0.6865461714783727,0.0001478100813881219,7.622852745317474e-06,-0.0001476133878616247
119398.8104464273,11.59495228551973,-88.83944201169032,93.93346593083916,-4636.782592634396,4.367256325497127e-06,0.0002155783128725082,-0.006180688625799454,2.87477194739396e-10,0.687787012700819,0.03452960593109973,-0.686919705026839,0.0001482357907284865,7.442018160011571e-06,-0.0001480488636180828
119674.0531307244,11.56383557982306,-88.92025352515142,87.15687484158512,-4624.353986149408,4.074227380950287e-06,0.0002161696327893928,-0.006149944589061765,2.875868742149391e-10,0.6877885204747463,0.03360822729346055,-0.6869669103785361,0.0001486383123148561,7.263090377469419e-06,-0.0001484607537565986
119949.9303149379,11.53167651422485,-89.01078075605552,79.62921991359167,-4611.682310764195,3.743037982601144e-06,0.000216775978360851,-0.0061189867622305,2.877138374974811e-10,0.6878574885301562,0.03257358977974883,-0.6870857921510782,0.0001490656189951656,7.059023714037802e-06,-0.0001488983846474384
120226.4434617413,11.48939544786603,-89.06031807962513,75.34791125714656,-4593.820674861609,3.569491242502049e-06,0.0002176251789194501,-0.006081268371833964,2.881682264615909e-10,0.6879078102813191,0.03202953407232172,-0.6871617454378185,0.0001496580269388795,6.96819661209399e-06,-0.0001494957165380118
120503.5940371797,11.45740920185802,-89.10508350213173,71.54942168923564,-4580.47932199052,3.409402842935007e-06,0.0002182645065983667,-0.006049661270684423,2.883428619455668e-10,0.6878261149764254,0.03153667160946338,-0.6871027599910799,0.000150077666109671,6.881027005172094e-06,-0.000149919836353566
120781.383510678,11.41294584818917,-89.14707376047161,67.91172168506779,-4561.669489044398,3.262878215147748e-06,0.0002191694103932548,-0.006010961514352178,2.888659256561381e-10,0.687840525852503,0.0310816394585099,-0.6871379197028927,0.0001507010283244109,6.809768910607121e-06,-0.0001505470922516242
121059.8133550482,11.36940546440823,-89.19587539109149,63.77020666899948,-4543.479657866556,3.08855331426693e-06,0.0002200522765818457,-0.005973222875093601,2.893553680362116e-10,0.6878190286183756,0.03054339826786356,-0.6871405365365781,0.0001513011743104941,6.71870336975642e-06,-0.0001511519248066783
121338.8850464977,11.32936849789072,-89.18073893688477,64.71685493823249,-4525.72459170632,3.159019907845334e-06,0.0002209139195078433,-0.005936196294918904,2.898224408863184e-10,0.6877547605720759,0.03077015325941236,-0.6870660873292653,0.0001518796658395402,6.795097413769518e-06,-0.0001517275833415525
121618.6000646368,11.29362264797694,-89.13673420623518,67.94702254212844,-4509.367864943522,3.340723304877966e-06,0.0002217102347250656,-0.005901138358310959,2.902047162251074e-10,0.6873623042063116,0.03132814893326788,-0.6866480061343112,0.0001523415492907765,6.943323361930722e-06,-0.0001521832379107691
121898.9598924867,11.25780867908915,-89.11431218207497,69.46587307216153,-4493.439155374713,3.439616207836271e-06,0.000222493513206082,-0.00586676911510412,2.905636392049307e-10,0.6875489505297576,0.0316537396484655,-0.6868199182761361,0.0001529218532731051,7.040296587374702e-06,-0.0001527597048715495
122179.9660164872,11.22274678287401,-89.05112537374748,74.15262403386512,-4477.139395940803,3.698334369006108e-06,0.0002232956516181704,-0.005832043411104627,2.909507729341984e-10,0.6868844686051387,0.0324281971936162,-0.6861185650000557,0.0001533272223752175,7.238663311793797e-06,-0.0001531562564009642
122461.6199265049,11.19717561400167,-88.98925806025973,78.77371622475381,-4464.970833326424,3.950107578739827e-06,0.0002238959385546002,-0.005802815439739553,2.910727207295071e-10,0.6866803108742711,0.03320764002557289,-0.6858768854439676,0.0001536962227499202,7.432700133591168e-06,-0.0001535163960504454
122743.9231158407,11.17918969970679,-88.90004509701215,85.54743630907072,-4455.550731418491,4.307687015479916e-06,0.0002243564373244509,-0.005777254833485493,2.91017254153853e-10,0.6861968597993998,0.03429995044954185,-0.6853390721370818,0.0001539079860351036,7.693180490997999e-06,-0.0001537155917248298
123026.8770812382,11.16125882519113,-88.864787370302,88.12424876369988,-4447.172868789748,4.454068642416898e-06,0.0002247736973667448,-0.005753129410776472,2.908949086538629e-10,0.6861266483810231,0.03476675989579604,-0.6852452480863507,0.0001541799615504116,7.812461032688965e-06,-0.0001539819015218968
123310.4833228909,11.14404231586932,-88.81445330832344,91.85999176679796,-4438.828695372183,4.660190578442063e-06,0.0002251882159755258,-0.005729127884096833,2.90771439652616e-10,0.6858688260214792,0.03540416797121627,-0.6849544447613637,0.0001544086596103353,7.970489273824308e-06,-0.0001542028062760087
123594.7433444511,11.13667100117577,-88.79674669572476,93.15794791069173,-4435.286008142349,4.733529642874608e-06,0.000225365181018111,-0.005711389280164457,2.903344035834914e-10,0.6856366347609733,0.03565260837432234,-0.684709052402887,0.0001544783422181015,8.032761900677265e-06,-0.0001542693519487909
123879.6586530369,11.12944740342073,-88.80449104730519,92.49561153059199,-4432.287211022741,4.70626356277734e-06,0.0002255189349615928,-0.005694400731382436,2.898626356647877e-10,0.6858686680735311,0.03562104495074013,-0.6849430421586724,0.0001546352674028968,8.031085348452996e-06,-0.0001544265767052137
124165.2307592411,11.11786990045212,-88.80213551476176,92.57271608258171,-4427.256333984094,4.72088945378604e-06,0.0002257748137979238,-0.005674855396956845,2.895245956114032e-10,0.68570158776593,0.03568957122932018,-0.6847721679290015,0.0001547727952285976,8.055653943676743e-06,-0.0001545630116891267
124451.4611771385,11.10510813847595,-88.85831040678673,88.14204453668007,-4422.829781105177,4.504122766978151e-06,0.0002260098278439044,-0.005656142687750478,2.891478093858437e-10,0.6856572935204788,0.03506507960718699,-0.6847600779469913,0.0001549204447545627,7.922759342655933e-06,-0.0001547177238953245
124738.3514242943,11.08564778925201,-88.91731005768901,83.44992904849568,-4415.631320227951,4.278438319161278e-06,0.0002263873254196916,-0.005633949330428599,2.889530789674266e-10,0.6858016016904732,0.03441645840085803,-0.6849374747174815,0.0001552084116754403,7.789022117656047e-06,-0.0001550128452395595
125025.903021772,11.07100504627311,-89.02142832814083,75.34944064967409,-4411.312195294715,3.87095170257265e-06,0.0002266237984744672,-0.005615493465225792,2.885707692019007e-10,0.6860724587728988,0.03323425688552639,-0.6852670303290227,0.0001554264655857559,7.529063465578198e-06,-0.0001552439995871385
125314.1174941416,11.04373809367186,-89.10292947371025,68.91551753965786,-4401.265598391908,3.556766883194076e-06,0.0002271516819922791,-0.005589818528444155,2.885642690733625e-10,0.6861551550296446,0.03231289405141273,-0.6853938821231028,0.000155803302582943,7.337197093571828e-06,-0.0001556304425058355
125602.9963694875,11.01731377102832,-89.14379699658883,65.61985079701637,-4390.851960592396,3.402833211035394e-06,0.0002276953802053301,-0.005563766901366569,2.885833939403713e-10,0.6861874177505645,0.0318751764782519,-0.6854466758280092,0.000156181507372266,7.255034093236673e-06,-0.0001560129088421184
125892.5411794168,10.9879197588395,-89.28062457287055,55.00815086258226,-4380.979874592034,2.865603282290583e-06,0.0002282234561863727,-0.005538490176584298,2.885684678147518e-10,0.6864576546783363,0.03029989231452894,-0.6857886177184701,0.000156599876019854,6.912239010713011e-06,-0.0001564472502835777
126182.7534590671,10.95159538132532,-89.35957717716998,48.81629891473045,-4367.195105688013,2.559206912942703e-06,0.0002289513165299336,-0.005508365204143792,2.88813531569939e-10,0.6867545398160351,0.02941749969870727,-0.6861241933275715,0.0001571643228339765,6.732218211261521e-06,-0.0001570200675385741
126473.6347471152,10.92098601286159,-89.43994189762213,42.5792264157251,-4355.855683319057,2.243930002979449e-06,0.0002295540825710826,-0.005481426739899768,2.888994062066875e-10,0.6867603488291236,0.02850539742627104,-0.686168506302548,0.0001575767460699831,6.540546173816871e-06,-0.0001574409481607378
126765.1865857846,10.88850892758376,-89.51827863126086,36.52141726548576,-4343.742879563981,1.935480065819819e-06,0.0002301999315450455,-0.00545361206355339,2.890387175486997e-10,0.6868918243473779,0.02762268653409598,-0.686336189883579,0.0001580480070872384,6.355746861970971e-06,-0.0001579201602901742
127057.4105208542,10.8520279352074,-89.5457904288,34.31958858768002,-4329.117027485717,1.831117138701919e-06,0.0002309794700546342,-0.005422748435712511,2.893482136757794e-10,0.6870105324242087,0.02734815684107991,-0.6864659860322218,0.0001586096273429581,6.313849293946582e-06,-0.0001584839083092204
127350.3081016662,10.82220916528514,-89.62556488060478,28.22044718651944,-4318.210065365008,1.513344534817354e-06,0.0002315675424780328,-0.005396645579085377,2.89411887908076e-10,0.6870872542576211,0.02644573272184673,-0.6865781224187685,0.00015902923003278,6.120975882389297e-06,-0.000158911389330866
127643.8808811344,10.78974720591869,-89.67365140455429,24.52489131601212,-4305.695164898802,1.322837332750174e-06,0.0002322429989262113,-0.005368629222255182,2.89585526693669e-10,0.6867884104446005,0.02590878381314525,-0.6862995378421471,0.0001594225359366073,6.014143447544559e-06,-0.0001593090551194476
127938.1304157525,10.75563834120317,-89.74608212758601,19.02535047752587,-4292.983157941526,1.032299618873939e-06,0.0002329336788307926,-0.00534046799008502,2.897750216610403e-10,0.6869618234632561,0.02509816402927872,-0.6865031894014194,0.0001599356222615069,5.843251174289986e-06,-0.0001598288449682646
128233.0582656022,10.71812592076767,-89.80231904191862,14.76219767851119,-4278.653216820809,8.063650013508412e-07,0.0002337156216234499,-0.005310399817671172,2.90076831592107e-10,0.686876710595727,0.02447208826443473,-0.686440625585916,0.0001604516309518887,5.716581177168761e-06,-0.000160349763251356
128528.6659943616,10.68501307591819,-89.85942412351667,10.46712788789671,-4266.173281046458,5.751060460012492e-07,0.0002344006945836426,-0.005282732536840458,2.902562902315595e-10,0.686990441455324,0.02384276437432415,-0.6865765720136184,0.0001609477374827935,5.585869540271296e-06,-0.0001608507763808098
128824.9551693134,10.653159496761,-89.89896508388479,7.501369541798499,-4253.938997990355,4.145306951864046e-07,0.0002350755125836283,-0.005255467919641254,2.904215733480233e-10,0.6869225175138928,0.02341764652267799,-0.6865232398826446,0.0001613945098492786,5.502046425890876e-06,-0.0001613006983698962
129121.9273613534,10.6144543226726,-89.94515330331016,4.057918795169565,-4239.116730550631,2.258146961139393e-07,0.0002358979823451117,-0.005225110837468957,2.907667591878186e-10,0.6870335040528747,0.02291904710562707,-0.6866511144467338,0.0001619847879306642,5.403720434414484e-06,-0.0001618946303198749
129419.5841449986,10.57333319892015,-90.00190648901931,-0.1405374491136024,-4223.576749325341,-7.878277699276879e-09,0.000236766148277652,-0.005193982978882133,2.911653838627713e-10,0.6870013998473643,0.02228911047744214,-0.6866397300960398,0.0001625728685494439,5.274522917330756e-06,-0.000162487282568173
129717.9270983956,10.53829745072688,-90.07017771914386,-5.157430979446478,-4210.72220765659,-2.908838377811173e-07,0.0002374885947043314,-0.005166265514149227,2.913825507776181e-10,0.6870382412484632,0.02152346006426105,-0.6867010161668932,0.000163077398484846,5.10887118494879e-06,-0.0001629973537570498
130016.9578033291,10.50110311769934,-90.1273316068385,-9.326955868925747,-4196.870992943502,-5.295250837238217e-07,0.0002382715749005094,-0.005137428035013187,2.916718470972253e-10,0.686988748810462,0.02088844856504168,-0.6866711102913168,0.0001636031459303182,4.974485979227169e-06,-0.0001635275018079205
130316.6778452299,10.45677208344334,-90.15053006289774,-10.9810819181125,-4179.684700091362,-6.285720861184975e-07,0.0002392508453033724,-0.005104622766513041,2.921975769311565e-10,0.686949666382532,0.02066086516773666,-0.6866388954855329,0.0001642659493199682,4.94050262579242e-06,-0.000164191636631696
130617.0888131842,10.42180450227251,-90.15832461533194,-11.51185208741239,-4165.990606115363,-6.632928441934689e-07,0.0002400371145347694,-0.005076196413977462,2.92483819395667e-10,0.6868599033539462,0.02061649545070672,-0.6865504256431011,0.000164783908380083,4.946083882431854e-06,-0.0001647096618758096
130918.1922999407,10.38682032940732,-90.1863977442013,-13.50980065241042,-4152.688821333512,-7.834036067679516e-07,0.0002408052852976172,-0.005048350740464543,2.927458470818496e-10,0.6867566062114444,0.02032889555902264,-0.6864556592966593,0.0001652862251509934,4.89268887703297e-06,-0.0001652137942794652
131219.9899019203,10.34606052001806,-90.2180131519163,-15.74251386037347,-4137.251547091789,-9.196952477007498e-07,0.0002417028576344938,-0.005018016195751995,2.931623569211791e-10,0.6866186848434621,0.01999805464509962,-0.6863273972285947,0.0001658689010671753,4.831000700512875e-06,-0.0001657985336891254
131522.4832192238,10.30984040374185,-90.22683729865511,-16.32429018448138,-4123.255081578039,-9.601677024060617e-07,0.0002425230324486957,-0.004989537999887787,2.934809584746207e-10,0.6866729128987781,0.01994599777934949,-0.6863831630230152,0.0001664445746152092,4.834766383378687e-06,-0.0001663743413295935
131825.6738556407,10.2688526712873,-90.22282988522235,-15.97367495433928,-4107.256721683919,-9.468791986512282e-07,0.0002434678284364654,-0.004958747341729881,2.939464926727528e-10,0.686178205537344,0.02003175645135594,-0.685885747401069,0.000166972145821764,4.874455837084781e-06,-0.0001669009801068189
132129.5634186575,10.23522506730105,-90.24387185546995,-17.42815098833465,-4094.582641484695,-1.039499210623163e-06,0.000244220710877681,-0.004932076141247121,2.941782029668868e-10,0.6864072234614345,0.01983875781181969,-0.6861204705505584,0.0001675442066925012,4.842415443392754e-06,-0.0001674742135640385
132434.1535194665,10.19871848909129,-90.23240627628897,-16.55083269792955,-4080.301424457348,-9.940957320265951e-07,0.0002450759007395745,-0.004903569991194405,2.945288791727127e-10,0.6861560401732825,0.02002114277401312,-0.6858638824929491,0.0001680688058541192,4.904029638817184e-06,-0.0001679972440087373
132739.4457729739,10.16504832858291,-90.2323652705329,-16.49539424620576,-4067.35175170663,-9.970847905701947e-07,0.000245856177124021,-0.004876765401633079,2.947870486581184e-10,0.685836163011279,0.02006479009113394,-0.6855425929091733,0.0001685248748513125,4.930355705041165e-06,-0.0001684527382866551
133045.4417978092,10.128606782066,-90.22498892349502,-15.91645998157623,-4053.271957744612,-9.687869873457155e-07,0.0002467104578142131,-0.004848706269480341,2.951306997682843e-10,0.6857520993298616,0.02020318180650162,-0.6854544282300653,0.000169089203219782,4.98159599876415e-06,-0.0001690158050207312
133352.1432163324,10.09613699029987,-90.23027635097178,-16.24105352491873,-4040.965594300006,-9.945734850066492e-07,0.000247461608801947,-0.004822866987250307,2.953486423630961e-10,0.6855760577011686,0.02018746746697009,-0.6852787732378306,0.0001695601097833861,4.992865724374536e-06,-0.0001694865838985856
133659.5516546442,10.06137153532202,-90.23700922188411,-16.66171342735718,-4027.8618955998,-1.026982602259518e-06,0.0002482664288471777,-0.004796171488234417,2.956279965979638e-10,0.6854788901606156,0.02015691546387334,-0.6851824630088044,0.0001700871023984127,5.001512655972023e-06,-0.0001700135502642078
133967.6687425935,10.02929343862612,-90.19545372283091,-13.69645141033032,-4014.995492014667,-8.496359561244848e-07,0.0002490633837550415,-0.004769855182548577,2.9589325791785e-10,0.6852962157188721,0.02070128704249318,-0.6849834742483875,0.0001705867133547784,5.153048328288795e-06,-0.0001705088644795679
134276.4961137863,10.00155424830516,-90.18230353958964,-12.74084660196778,-4004.279214232578,-7.945938230183916e-07,0.0002497303066798349,-0.004746183054443084,2.960027724950707e-10,0.6851016106100917,0.02090561441577125,-0.6847825728991946,0.0001709943504670411,5.217827403669161e-06,-0.0001709147219195315
134586.0354055948,9.971867493330198,-90.16849379470486,-11.7421104546799,-3992.855840150443,-7.365040586843024e-07,0.0002504451430057928,-0.004721758406049817,2.961668874168095e-10,0.6848526427377859,0.02111614675267163,-0.6845270269399515,0.0001714209170255192,5.285442465284211e-06,-0.0001713394142975168
134896.2882591653,9.946482834593558,-90.13499430940726,-9.38371423859922,-3982.73252798087,-5.91575365570419e-07,0.0002510825022268786,-0.004698954856513395,2.962367882823927e-10,0.6847962647386994,0.02156785535286508,-0.6844565375650618,0.0001718423011054663,5.412222707085593e-06,-0.0001717570502034506
135207.2563194277,9.920033850546954,-90.12194238082598,-8.454859430934675,-3972.589571066212,-5.357436448235368e-07,0.0002517238321436768,-0.004676208099488308,2.96310085289698e-10,0.6845360433988629,0.0217688768359627,-0.6841898206736714,0.0001722152210362518,5.476602689030127e-06,-0.0001721281185034902
135518.9412351036,9.893786216645497,-90.14869486402416,-10.28545909551446,-3963.230857757835,-6.548201198534402e-07,0.0002523176925000479,-0.004654462142913374,2.963266838811082e-10,0.6843208142179545,0.02149613426239035,-0.6839831086976473,0.0001725669635943857,5.42073621261572e-06,-0.0001724818035130062
135831.3446587154,9.868207268622667,-90.16356491109843,-11.28753454464702,-3953.942990089038,-7.219959257377423e-07,0.0002529100325808007,-0.004632874489738344,2.963396260374144e-10,0.6843191930158598,0.02137215616196693,-0.6839853718252065,0.0001729713320634309,5.402114039957091e-06,-0.0001728869540471374
136144.4682465949,9.839273766678428,-90.17988061284076,-12.38060462229132,-3943.471455201286,-7.961229998833104e-07,0.0002535811796474295,-0.004609977791387581,2.964431572911857e-10,0.6843531164606071,0.02123214597597873,-0.6840236720951988,0.0001734386262769187,5.380956325632117e-06,-0.0001733551337395184
136458.3136588925,9.811247555325583,-90.21820479285253,-14.98130006783336,-3933.740888152328,-9.681255992873073e-07,0.0002542072608878887,-0.004588026118783469,2.96492957173011e-10,0.6843095309189707,0.0208271217369642,-0.6839925183119296,0.0001738557012781716,5.29133921359122e-06,-0.0001737751610451032
136772.8825595849,9.782198509016025,-90.23085194765342,-15.80727476437134,-3923.229748996563,-1.026981141455016e-06,0.000254887893446129,-0.004565242727599598,2.966035808986873e-10,0.684177014194135,0.02072608561944496,-0.6838630097662083,0.000174287116665971,5.279758932912823e-06,-0.0001742071272403862
137088.1766164854,9.751117994186254,-90.28098246594143,-19.18805037542128,-3912.6480239949,-1.253368693816544e-06,0.0002555752380908944,-0.004542457919909636,2.967217286618697e-10,0.6843077165571713,0.02018566676095475,-0.6840099339900741,0.0001747907016532682,5.15596532249766e-06,-0.0001747146399304736
137404.1975012515,9.714267923861206,-90.31900344107019,-21.71300196186717,-3899.802816962922,-1.427647902524684e-06,0.0002564152723642178,-0.004517131984979526,2.970143846008464e-10,0.6841384428540952,0.01978107508746665,-0.6838524095586782,0.0001753219614435568,5.069232580073789e-06,-0.0001752486606096182
137720.9468893947,9.686172656251154,-90.34216770129021,-23.23072483583351,-3889.924910424249,-1.535199555257324e-06,0.0002570652028582485,-0.004495327629772432,2.970837612432845e-10,0.6842053036829591,0.01956083029703327,-0.6839256330230509,0.0001757834518150542,5.025494908432174e-06,-0.0001757115998815696
138038.4264602885,9.646998168917291,-90.35077285196893,-23.72872668697997,-3875.838449432621,-1.579526159329205e-06,0.0002579990195416565,-0.004468747316750163,2.974777341824861e-10,0.6842879846018054,0.01951492260885104,-0.6840096590443524,0.0001764429970597077,5.031903978991543e-06,-0.0001763712310830716
138356.6378971781,9.615968244190952,-90.38101288279613,-25.70301809025727,-3865.099621991011,-1.720455849152489e-06,0.0002587141023229521,-0.00444611635359081,2.976181682519937e-10,0.6838118884548805,0.0191951280276375,-0.6835424243250982,0.0001768090403386318,4.963166366429291e-06,-0.0001767393666535191
138675.5828871888,9.583134655781899,-90.41030591505475,-27.59780641201174,-3853.736305293838,-1.85818223240765e-06,0.0002594751272610045,-0.004422849138908315,2.978092186921018e-10,0.6839560213571473,0.0189043143004824,-0.6836947169984036,0.0001773666460398882,4.902354418208411e-06,-0.0001772988833822629
138995.2631213353,9.548137282319969,-90.41214192598611,-27.63099444058763,-3841.181787218386,-1.872596993288032e-06,0.0002603230759893318,-0.004398301460220969,2.980953974443883e-10,0.6838598881937211,0.01893455395845854,-0.6835977101678464,0.0001779208018613455,4.926229892023647e-06,-0.0001778525906306543
139315.6802945303,9.511599792981162,-90.42061646991759,-28.10415759491622,-3828.239751163412,-1.917559769974733e-06,0.0002612025822818806,-0.004373400599634193,2.984152430480953e-10,0.6835430626659623,0.01887962132628221,-0.6832822831138972,0.0001784388939744813,4.928524524818619e-06,-0.0001783708174810118
139636.8361055938,9.479516317833069,-90.41173247208918,-27.42712663585004,-3816.632539027009,-1.882769643682988e-06,0.0002619975464794098,-0.004350112416555864,2.986343655895338e-10,0.6832677659438187,0.01903292771201802,-0.6830026263789665,0.0001789091777317556,4.983647138807184e-06,-0.0001788397526777779
139958.7322572618,9.444478594934596,-90.44815517131154,-29.76081029522996,-3804.784948550096,-2.055691552319789e-06,0.00026281086433932,-0.004326634874416502,2.988752942771462e-10,0.6833659418293396,0.0186565561742892,-0.6831112232748163,0.0001794906989038218,4.900270999601355e-06,-0.0001794237953480889
140281.3704561958,9.408386817360618,-90.45183826776427,-29.90508996624072,-3792.064646986322,-2.079536938513065e-06,0.0002636921846929611,-0.004302252188791903,2.99188157387657e-10,0.6831008936391932,0.0186606725260122,-0.6828459637367283,0.0001800223384286931,4.917777060556956e-06,-0.0001799551549751147
140604.7524129914,9.375917757491056,-90.42147763259953,-27.80748979680484,-3780.089243621761,-1.945961209764576e-06,0.0002645297037340449,-0.004278801947488936,2.994456982270357e-10,0.6829832246198461,0.01907459232236491,-0.6827168117454401,0.0001805617575285216,5.042791374243915e-06,-0.0001804913253786577
140928.8798421875,9.337420550635521,-90.44205259732915,-29.06331157450434,-3766.909325118592,-2.048089417112082e-06,0.0002654538215378087,-0.004254076523867401,2.998023035129253e-10,0.6826843665838205,0.01887665488199921,-0.6824233409537059,0.000181113222685666,5.007895253720041e-06,-0.0001810439737100227
141253.7544622754,9.308670695588784,-90.45118019279995,-29.58521201871711,-3756.975093898685,-2.095902730640959e-06,0.0002661550761667915,-0.004233099215970259,2.999036943544965e-10,0.6827451151685283,0.01882521010244636,-0.6824855337302658,0.0001816075334034536,5.007432344152571e-06,-0.000181538485754964
141579.3779957082,9.276422282904027,-90.46071027555075,-30.12084314006609,-3745.868247786377,-2.146515595835911e-06,0.0002669435439250573,-0.004210877715709776,3.001011320138115e-10,0.6826568378692213,0.01876499245262351,-0.682398881408709,0.0001821216964247804,5.006193550389217e-06,-0.0001820528778535948
141905.7521689092,9.253782195176207,-90.4260822318099,-27.79362950729852,-3737.373196321578,-1.989703267774512e-06,0.0002675528095264123,-0.004191665308011792,3.000914797567063e-10,0.6825187386263414,0.01922936965840775,-0.682247799497098,0.0001824990548090144,5.141751557320705e-06,-0.0001824266082486501
142232.878712282,9.216086593644619,-90.43776129733683,-28.45710825621656,-3724.496623078504,-2.051305025419403e-06,0.0002684769854789981,-0.004167616190143448,3.004363982161672e-10,0.6820796882696877,0.01913394978157812,-0.6818112591588895,0.0001830113819572755,5.133902463377816e-06,-0.000182939358726897
142560.7593602188,9.184768215722418,-90.43871763378188,-28.43642480864101,-3713.676310973604,-2.061775789193702e-06,0.0002692591617403636,-0.004145951134009286,3.006187635999721e-10,0.6819840678245301,0.01917593842185145,-0.6817144212587369,0.0001835183171288713,5.160143930885043e-06,-0.0001834457566596337
142889.3958511103,9.155891972428153,-90.43165967536829,-27.90295131947333,-3703.591486986372,-2.034132958220963e-06,0.0002699928556377441,-0.004125182899934307,3.007440573249977e-10,0.6818441400265034,0.01931213001539444,-0.681570592765526,0.0001839799072193166,5.210932645547913e-06,-0.0001839060968032107
143218.7899273543,9.119941387437036,-90.44926121831759,-28.94632024500308,-3691.544974310911,-2.12397956025832e-06,0.0002708726361363403,-0.004102308297714568,3.0103151745175e-10,0.6817329994980574,0.0191559205890983,-0.6814638165823645,0.0001845492136454074,5.185622646952466e-06,-0.00018447634421492
143548.9433353656,9.088337542551097,-90.44903354215809,-28.84680861236578,-3680.719572308788,-2.129146952657668e-06,0.0002716693193440222,-0.004080870959108676,3.012224947635957e-10,0.6817490959516284,0.0192154985292011,-0.6814782420937127,0.0001850958175572224,5.217034288937934e-06,-0.0001850222803621354
143879.8578255845,9.049295121474678,-90.48436986110521,-31.00959119782861,-3668.015945271245,-2.304637226671972e-06,0.0002726074665599084,-0.004057432901674735,3.015705421235524e-10,0.681388594184108,0.01884178294630021,-0.681128037522755,0.0001856371652376055,5.133245851233545e-06,-0.0001855661793120849
144211.5351524869,9.024258006896934,-90.48588780668153,-31.03464732201494,-3659.510816157083,-2.317231966535405e-06,0.0002732409154547048,-0.004038714622057141,3.015762221763617e-10,0.6814725987490655,0.01888271354027969,-0.6812109408804006,0.000186090945476491,5.156336472402008e-06,-0.0001860194940927367
144543.9770745927,8.989442838213028,-90.48008074880391,-30.56413563443424,-3647.625942393468,-2.297000213688294e-06,0.0002741316708362348,-0.004016339601494179,3.018629666110011e-10,0.6808730699553226,0.01899181799392914,-0.6806081458810724,0.0001865326240051398,5.203016246872694e-06,-0.0001864600451576091
144877.1853544762,8.952642179233223,-90.49538127272083,-31.4332294778506,-3635.475556803976,-2.37812172020354e-06,0.0002750466155886627,-0.003993754461335114,3.021752587343226e-10,0.6810185701402799,0.01887096234092386,-0.6807570636109763,0.0001871950489388507,5.187157698511509e-06,-0.0001871231673049318
145211.1617587742,8.917203805402265,-90.485510798208,-30.70461383214922,-3623.40587096863,-2.338505994999408e-06,0.0002759636189498067,-0.003971340413561607,3.024845157781808e-10,0.6807325605086615,0.01903724755328171,-0.6804663122758345,0.000187739427391537,5.250287942879397e-06,-0.0001876659987153215
145545.9080581966,8.88035500434656,-90.48114674881968,-30.3244812799016,-3611.006320955741,-2.325445987814943e-06,0.000276911584522516,-0.003948647634163562,3.028251095438686e-10,0.6806554272315813,0.01914402238930497,-0.6803861528768529,0.0001883622892902522,5.297852245357099e-06,-0.0001882877712127132
145881.4260275348,8.843221061979762,-90.47850391962751,-30.05421337039918,-3598.590267644725,-2.320653349985354e-06,0.0002778672147200339,-0.00392602022652248,3.031710518759413e-10,0.6802714479170959,0.01922179601270848,-0.6799998275067928,0.0001889050509541063,5.337713888078179e-06,-0.0001888296244936756
146217.7174456718,8.809210654823151,-90.46790001181459,-29.29446589998319,-3587.11670159112,-2.276489276036318e-06,0.0002787568386105186,-0.003904501892650913,3.034412547957504e-10,0.6801036139797703,0.01940019648350438,-0.679826858931556,0.0001894622216590318,5.404476980908688e-06,-0.0001893851236621793
146554.7840955911,8.77399674381814,-90.44663491672443,-27.86944858308001,-3575.111075141474,-2.180333394085562e-06,0.0002796945925018596,-0.003882483968180903,3.037600056418337e-10,0.6798050021074421,0.01970131162685377,-0.6795194619806566,0.0001900149635881153,5.50679091770359e-06,-0.0001899351511468625
146892.6277643867,8.743104433624959,-90.4276949406775,-26.60909653826806,-3564.598188389929,-2.094038997331022e-06,0.000280520896512553,-0.003862164020434366,3.039551804029487e-10,0.6797837467589155,0.01998287268186291,-0.6794899757590025,0.0001905692922565338,5.601960803551812e-06,-0.0001904869370490051
147231.2502432718,8.70553848982092,-90.38666189652042,-23.96825996045128,-3551.57646185,-1.900090949452162e-06,0.000281552282167481,-0.003839204983577068,3.043679804114046e-10,0.6793197058784715,0.02051317055074452,-0.6790099208618156,0.0001911378159432969,5.771719240900532e-06,-0.0001910506528137966
147570.6533275894,8.671591675133294,-90.34401290566686,-21.25345667660294,-3539.747243428663,-1.696170139224366e-06,0.000282495862487867,-0.003817617245598088,3.046827588627987e-10,0.6791382304129343,0.02107074833493721,-0.6788112842116119,0.000191725639625719,5.948424813976504e-06,-0.0001916333403458896
147910.8388168207,8.639937556458484,-90.32829646197492,-20.22174874079747,-3529.152189381746,-1.623542557918057e-06,0.0002833448702322761,-0.003797436485092897,3.048946083925057e-10,0.6789629352041899,0.02130934551850919,-0.6786284544392917,0.0001922512947297005,6.033833444153891e-06,-0.0001921565850529572
148251.8085145954,8.610200096908612,-90.27618155162627,-16.96071935715448,-3518.591681794666,-1.369923872694813e-06,0.0002841980131652031,-0.003777365446604412,3.051063595062976e-10,0.6783853498066766,0.02196591474603678,-0.6780296316693666,0.0001926645825565723,6.238421564122021e-06,-0.0001925635569574019
148593.5642287007,8.58184325123011,-90.22425934303608,-13.73258392369327,-3508.505251040726,-1.115581610696356e-06,0.0002850172961506278,-0.003757874417142147,3.052797523997815e-10,0.6782094780312995,0.02263257371442651,-0.6778317362727632,0.0001931685202345099,6.446239569233019e-06,-0.0001930609313274084
148936.1077710915,8.555093706071798,-90.1609665700214,-9.829441424628964,-3498.763916259699,-8.029641088334287e-07,0.0002858129703076259,-0.003738821836543071,3.054256401269991e-10,0.6777279006168034,0.02342290813585762,-0.6773230209057706,0.0001935688967082549,6.689921547320687e-06,-0.0001934532572032369
149279.4409578996,8.529659759723655,-90.10397492824032,-6.332548042794948,-3489.57084436984,-5.200355385192184e-07,0.0002865672460736505,-0.003720421550261904,3.055259561840959e-10,0.6772625269018484,0.02413834147076011,-0.676832232400702,0.0001939453960975444,6.912415808829797e-06,-0.0001938221741058521
149623.5656094434,8.504426846164835,-90.07873219014438,-4.783378209536408,-3481.005802278592,-3.947520612057631e-07,0.0002872727506219653,-0.003702754162471586,3.055732860221593e-10,0.6771266024107654,0.02449001087012077,-0.6766835856291536,0.0001943830874621512,7.030360213241028e-06,-0.000194255910403237
149968.4835502373,8.484059462375065,-90.02678432521317,-1.623795124797417,-3473.546558563343,-1.345813527780691e-07,0.0002878901332133158,-0.003686321897560609,3.055251790014242e-10,0.6769018421357902,0.02515368837330416,-0.6764343248594389,0.0001947353826764346,7.236371400089261e-06,-0.0001946008843636056
150314.1966090022,8.462997316633068,-89.98082795651219,1.159770667238131,-3465.982225524017,9.654269308031011e-08,0.0002885184697914681,-0.003669834362323692,3.054877504452454e-10,0.6765987089320541,0.02574333776247746,-0.6761087882059879,0.0001950723583169118,7.422144828212488e-06,-0.0001949311076905651
150660.7066186742,8.435785897615945,-89.9740710181884,1.564527119162288,-3457.166015758494,1.309008709598044e-07,0.0002892542014597583,-0.003652080710665392,3.055623887193597e-10,0.6764970811368961,0.02587792212325182,-0.6760019481727276,0.0001955397911464878,7.47994873648503e-06,-0.000195396674200232
151008.0154164149,8.414009893251263,-89.9846868393256,0.9221676247404851,-3450.385767291131,7.745947205716092e-08,0.0002898226447747245,-0.003636535113212357,3.054586851136723e-10,0.6762717227912508,0.02580293728491788,-0.6757792919840893,0.0001958581403687191,7.472906440352033e-06,-0.0001957155252350376
151356.1248436208,8.388974424319652,-89.96455462183212,2.129395848773935,-3442.067366447714,1.797287298422267e-07,0.0002905229650744487,-0.003619424297440614,3.054926499807492e-10,0.6759823900506601,0.02608819946726939,-0.6754787913081791,0.0001962467900947111,7.573755589133736e-06,-0.0001961005885986925
151705.0367459337,8.363071346329978,-89.96598144919045,2.038811613415062,-3433.870172724286,1.729056571688241e-07,0.0002912164983466982,-0.003602500112373753,3.055176186292482e-10,0.6760075352701893,0.02613143933975632,-0.6755022839488471,0.000196721928030472,7.604393236642789e-06,-0.0001965748971042048
152054.7529732496,8.334950668697537,-89.94263200054115,3.428893086976912,-3424.57534664526,2.923748801816845e-07,0.000292006715068308,-0.003584485744454964,3.056422624217509e-10,0.6755475974216359,0.02644794042609797,-0.6750296755175748,0.0001971209308349259,7.717357970566781e-06,-0.0001969698041812038
152405.2753797291,8.304024170941947,-89.92520201227757,4.457580366218977,-3414.535664825801,3.823271462162285e-07,0.0002928650902807414,-0.003565757340528898,3.05835910850804e-10,0.6754295464625754,0.02670794337537845,-0.6749012950019416,0.0001976652398631049,7.816110593907695e-06,-0.0001975106464606974
152756.6058238072,8.272492454488535,-89.93640741025004,3.779028347900464,-3404.835169264648,3.259773540634634e-07,0.0002936996119956993,-0.003547449517349409,3.06001841058506e-10,0.6752758491702587,0.02662933780733444,-0.6747505841720753,0.0001981826653262888,7.815284892857215e-06,-0.0001980285084473326
153108.746168203,8.242296585113596,-89.8976652948225,6.063234449710809,-3394.717111424326,5.2613330869847e-07,0.0002945744158077512,-0.003528772994380554,3.062080065180236e-10,0.6751677317988526,0.02714080506565144,-0.6746219999101687,0.0001987406611961646,7.9890985455904e-06,-0.0001985800209414772
153461.6982799294,8.213738700165175,-89.87640028656411,7.303147767717694,-3385.435803482694,6.372045983533448e-07,0.000295381571073342,-0.003511031408382514,3.063412984146008e-10,0.674975471675671,0.02744306313720917,-0.6744173527196951,0.0001992279440514917,8.100183305518082e-06,-0.0001990632078546945
153815.4640303035,8.185778857074036,-89.86002901310431,8.248529759723574,-3376.44973952383,7.235247219185929e-07,0.0002961673086020304,-0.00349365825818846,3.064501528267925e-10,0.6745552248301525,0.02767833539442688,-0.6739871371884267,0.0001996329824134033,8.191336216273735e-06,-0.0001994648582539344
154170.0452949559,8.154135413625626,-89.81417891766709,10.91612539820976,-3365.849091074647,9.635509129409496e-07,0.000297098727453087,-0.003474679659858799,3.067082735009173e-10,0.6743970957921307,0.02827095767219711,-0.6738042711093164,0.0002002136320061074,8.393024156180769e-06,-0.0002000376354254138
154525.4439538414,8.128702747897343,-89.77271061288388,13.31811339495115,-3357.251720141107,1.181593420185185e-06,0.0002978579942056931,-0.003457833174864292,3.067864871850511e-10,0.6740955346462676,0.02880576870306554,-0.6734797825617803,0.0002006353738787012,8.573645539182694e-06,-0.0002004521036397839
154881.6618912481,8.104334474866791,-89.7202724352904,16.34956307483476,-3348.806612221167,1.45785947026083e-06,0.0002986067218648322,-0.003441202265559753,3.068527806414449e-10,0.6737531079859909,0.02946730340646444,-0.673108407725482,0.0002010376542778972,8.792594029642497e-06,-0.000200845285550319
155238.7009958082,8.071749309355884,-89.70621378742595,17.11871513911635,-3338.555351778582,1.535828013129814e-06,0.0002995228783806189,-0.003422777848648774,3.070870840586726e-10,0.6732546280078067,0.02967074317083718,-0.6726005063435653,0.0002015048088188185,8.880440150620822e-06,-0.0002013090304974912
155596.5631605074,8.048407220525746,-89.62828366943094,21.60436175227443,-3330.016140787105,1.948186295611493e-06,0.0003002862053521914,-0.003406171181527633,3.071664603141327e-10,0.6730080798171629,0.03063466018337892,-0.672310488609715,0.0002019452474682289,9.192347339304245e-06,-0.0002017359257182464
155955.2502826954,8.026698362383172,-89.54878432734985,26.16159664210743,-3321.954834435789,2.370554060525863e-06,0.0003010089035995827,-0.003390110507149365,3.072036760208465e-10,0.6723887899483495,0.03159882556758047,-0.6716458881516028,0.000202246299123939,9.504539075074357e-06,-0.0002020228433774265
156314.7642640954,8.002836864917382,-89.50683869096063,28.52455649181397,-3313.918405877594,2.597186297900669e-06,0.0003017352251761084,-0.003374131021990607,3.072403990229829e-10,0.6722852600884682,0.03214610317250422,-0.6715162685914929,0.0002027036019315648,9.692508951144976e-06,-0.0002024717400188536
156675.1070108149,7.985170563649988,-89.42533104941469,33.170480429812,-3307.06017920625,3.032661067284441e-06,0.0003023529512593901,-0.00335940395806918,3.071694596337012e-10,0.6718478875224885,0.03314043627429759,-0.67103002574548,0.0002029884123786524,1.001286849269195e-05,-0.0002027413081356483
157036.2804333552,7.966533628028846,-89.38724881551633,35.30062679188253,-3300.686919343938,3.239843857427171e-06,0.000302932588250408,-0.003345218298361881,3.070547354773589e-10,0.6716288534734711,0.03363622093144287,-0.6707860474544327,0.0002033119296214041,1.018217866516009e-05,-0.0002030567998467659
157398.286446622,7.948398303311585,-89.32716089506403,38.68503318488893,-3294.082087342669,3.564628265719709e-06,0.0003035328433614829,-0.003330845963998778,3.069627763434252e-10,0.6712523916552464,0.03438126568217877,-0.6703713164157457,0.0002036022682111135,1.042842269745796e-05,-0.0002033350231041208
157761.1269699348,7.938180515487437,-89.24832329589567,43.15841324750634,-3289.516685374779,3.987737216528467e-06,0.0003039437069994296,-0.003318579493669798,3.066818243278756e-10,0.670937773936265,0.03534804378577764,-0.6700059792979981,0.0002037850597693527,1.073632085633424e-05,-0.0002035020442149623
158124.8039270383,7.922713127976841,-89.17557793905797,47.24901125309732,-3283.490612417764,4.381585063688534e-06,0.0003044908886466504,-0.003304881641486502,3.065380233942826e-10,0.6704207490345999,0.03623182251945666,-0.6694409875209558,0.0002039974339991286,1.102471669279965e-05,-0.0002036993095228168
158489.3192461114,7.915646659566834,-89.09128478068401,52.02167133932089,-3279.764910162237,4.834923678883664e-06,0.0003048232134235417,-0.00329353927516774,3.061804214778039e-10,0.6702308217888931,0.0372672660784243,-0.6691939220845142,0.0002041660261205146,1.135237200715354e-05,-0.0002038501652480416
158854.6748597779,7.91606722156545,-89.05235443066894,54.23951826547484,-3279.086821431161,5.043025715300113e-06,0.0003048795360283477,-0.003285284974577739,3.055393960715743e-10,0.669968654891053,0.03776845786541378,-0.6689032382392802,0.0002041253762264935,1.150725577232526e-05,-0.0002038007661521364
159220.872705117,7.919539610326751,-89.0105850435713,56.63380325352014,-3279.266533060116,5.264932163776572e-06,0.0003048553134638925,-0.003277908666026088,3.048199691839149e-10,0.6697860736847853,0.03830704606072823,-0.6686897297881745,0.0002040553011835639,1.167052605076001e-05,-0.0002037212918740049
159587.9147236733,7.926423457922076,-89.0392101257206,55.03642893133136,-3281.73683358805,5.108820164908829e-06,0.0003046310168902361,-0.003272833283752433,3.038899796955409e-10,0.6700868610826253,0.03805157014100503,-0.6690055899657115,0.0002039942518053498,1.158402295545977e-05,-0.0002036650809093003
159955.8028614669,7.918443831602017,-89.13114939294043,49.75650472802047,-3280.908334768728,4.621274845700895e-06,0.0003047235580834246,-0.003264481625352979,3.032676142972308e-10,0.6701337479688166,0.03704229955760956,-0.6691091900506357,0.0002040645157857206,1.127986606513205e-05,-0.0002037525244614488
160324.5390690042,7.899988257728713,-89.26028687709659,42.31779243963116,-3277.616844554072,3.938530821315326e-06,0.0003050488746820607,-0.003253706047753062,3.028739689649206e-10,0.6707239377506471,0.03562732295058707,-0.6697770483758819,0.0002044550542044568,1.086018529389357e-05,-0.0002041664163498239
160694.1253012877,7.872596081482803,-89.40042748658055,34.23968265868619,-3271.860624872204,3.198103992866108e-06,0.0003056030230423491,-0.003240521646823239,3.027090020866531e-10,0.6710143305746348,0.03406580178933131,-0.6701490528121152,0.0002049085224050719,1.040271837893263e-05,-0.0002046442914047652
161064.5635178271,7.837264382727338,-89.54420790685091,25.9645063114387,-3263.824164128546,2.43724438552962e-06,0.0003063696657260813,-0.003225127475332816,3.027564318459221e-10,0.6712398622357292,0.03245713761961325,-0.6704546866655361,0.0002054860842146386,9.936075745048261e-06,-0.0002052457190897151
161435.8556826486,7.794292634491954,-89.65268857234813,19.7186790517741,-3252.940039675286,1.8634156729587e-06,0.0003074029166563498,-0.003206979544331262,3.030707847368399e-10,0.671171462444786,0.03124689917729057,-0.6704437062812038,0.0002061545767263934,9.597683504662648e-06,-0.0002059310417993915
161808.0037643066,7.749168145890993,-89.74069253808376,14.66864135540671,-3241.115764400448,1.396342344744003e-06,0.0003085294047619169,-0.00318797329573871,3.034768645854974e-10,0.6713645929916192,0.03028834813077488,-0.6706810215671168,0.0002069671092722643,9.337239292475943e-06,-0.0002067563790622007
162181.009735893,7.69643162776976,-89.81200855073193,10.58752372659931,-3226.839574608706,1.016798676058227e-06,0.0003098974124677868,-0.003166631344199016,3.041184420948825e-10,0.671079340936636,0.02950369913307824,-0.6704304688552084,0.0002077946668600115,9.135598368948855e-06,-0.0002075937485039095
162554.8755750484,7.653615860119808,-89.83063865709025,9.502134316661213,-3214.609648883522,9.195193706928817e-07,0.0003110770425736585,-0.003147374164698672,3.04573341281403e-10,0.6710013287213635,0.0293451202822831,-0.6703593417425118,0.0002085603848974199,9.121039436086576e-06,-0.0002083608427420213
162929.6032639722,7.60515522311287,-89.86119294801151,7.75491843570773,-3201.013357716819,7.568323940527028e-07,0.0003123992370777793,-0.003126854104949942,3.051635406908916e-10,0.6710168390157371,0.02905127074611024,-0.6703876653927247,0.0002094505821578298,9.06803706911864e-06,-0.0002092541924788292
163305.1947894335,7.56023330223862,-89.85393813467067,8.126679849104855,-3187.850895247016,7.996764907610992e-07,0.0003136889190068881,-0.003106834589510039,3.057187897105343e-10,0.6706082535100697,0.02918148882995588,-0.6699730370585768,0.0002101864535092494,9.146254334306523e-06,-0.0002099873597873168
163681.6521427809,7.512111952308223,-89.8333386183602,9.231376354135461,-3173.60511022996,9.165517879215166e-07,0.0003150963980181637,-0.003085837258498582,3.063848205085855e-10,0.6701182997288978,0.02946403782789125,-0.66947024288345,0.0002109746674294708,9.276221205096933e-06,-0.0002107706384132522
164058.9773199539,7.467807526851235,-89.75848564592921,13.31837555236885,-3159.572823410953,1.334095136967217e-06,0.0003164928577086573,-0.003065127194618371,3.070377409055584e-10,0.6695415517478072,0.03037577645170554,-0.6688521523638968,0.0002117274532618818,9.605655947988623e-06,-0.0002115094462159343
164437.1723214932,7.425785728122575,-89.67185453107979,18.01823550431097,-3146.036312654061,1.820415612116036e-06,0.0003178498592977752,-0.003044975921420946,3.076496324324113e-10,0.6692341990675077,0.03143600678709307,-0.6684954679568219,0.000212538417028814,9.983588898393772e-06,-0.0002123038074689711
164816.2391525509,7.379794899795586,-89.5589918117407,24.09968572710414,-3130.969102014485,2.458261535374605e-06,0.0003193710075344386,-0.003023423006226785,3.084191598866735e-10,0.6684359832872029,0.03277713347308692,-0.6676318770658103,0.000213302840007073,1.045942443540829e-05,-0.000213046243795949
165196.1798229015,7.348178523958481,-89.41588381368643,31.8031513281239,-3119.4533898885,3.267894411504915e-06,0.0003205356662486456,-0.003005374744608329,3.08845750941324e-10,0.6674894546788082,0.03445928411440782,-0.6665993773217428,0.0002137814848327391,1.10365143188609e-05,-0.0002134964135740463
165576.9963469528,7.320924671395874,-89.20267284071846,43.25260138702028,-3107.923153566457,4.477005038649731e-06,0.0003216959713879478,-0.002987379548807454,3.092785921316073e-10,0.6664298224466133,0.03694448369120148,-0.6654049995085812,0.0002142235083229458,1.187578443061504e-05,-0.0002138940795401986
165958.690743756,7.305946947461528,-88.97130690714214,55.65428004029012,-3099.479079015179,5.791367818073719e-06,0.0003225308705459215,-0.002972410870587327,3.0940791722205e-10,0.6655647874634476,0.03964326490997896,-0.6643830957049867,0.0002145136469623267,1.277715031431144e-05,-0.0002141327839517415
166341.265037017,7.295813403279515,-88.6984400209637,70.24228517246419,-3091.593351521713,7.345303923038289e-06,0.0003232909168261742,-0.002958029469207313,3.09483690442013e-10,0.6646297852212808,0.04281034094469641,-0.663249595636126,0.0002147370248230801,1.383170819385578e-05,-0.0002142910956580048
166724.7212551063,7.31107681515897,-88.43050013765438,84.68809680123105,-3090.829700697348,8.858216605315426e-06,0.000323295008543885,-0.002950497211319586,3.088481859318707e-10,0.6634142999300428,0.04589114816803172,-0.6618251550609787,0.0002143712828907362,1.482896028491881e-05,-0.0002138577771910303
167109.0614310708,7.333519229145622,-88.158742743136,99.39719955482697,-3091.952201789312,1.038627990737373e-05,0.000323086376395247,-0.00294478032791549,3.080259885720097e-10,0.6626519402580977,0.04903701388053584,-0.6608350514292516,0.0002140161143132286,1.583744124275638e-05,-0.0002134293153262109
167494.2876026437,7.377772096864764,-87.90114659431643,113.5886518889708,-3099.425137633841,1.180836406931044e-05,0.0003222077190116447,-0.002945108388221341,3.06576583852078e-10,0.6618985691705156,0.05201213962658487,-0.6598518418565189,0.0002132235351309558,1.67551537311879e-05,-0.0002125642038471817
167880.4018122561,7.439691932326406,-87.70754589987742,124.6251320304642,-3113.119405767026,1.283862871666246e-05,0.0003207072566351193,-0.002951317345649542,3.045259824590574e-10,0.6618431852620626,0.05430075224307077,-0.6596118784434295,0.0002122394631766143,1.741313163418362e-05,-0.0002115239290864937
168267.4061070467,7.494091145160845,-87.66658333031243,127.4477490555246,-3127.679958046663,1.30066974726922e-05,0.0003191958061808716,-0.002958301534736334,3.02411167233019e-10,0.6620757244915294,0.05485555800533198,-0.6597993124556187,0.0002113186631045271,1.750857606271879e-05,-0.0002105920870795971
168655.3025388742,7.545028329968449,-87.74769133027112,123.6420156179912,-3143.670470116859,1.249167741507386e-05,0.0003176081950436857,-0.002966587395945034,3.00180941954026e-10,0.6626229146529912,0.05403026013787178,-0.6604164277277323,0.0002104285981680987,1.715834398124332e-05,-0.0002097278859827955
169044.0931643264,7.582154944845994,-87.90745081851938,115.360162494561,-3157.255025309711,1.155731955386402e-05,0.0003163085457882201,-0.002972554287308333,2.982019427249483e-10,0.6635123214769776,0.05232309711486662,-0.6614460630014184,0.0002098257570587264,1.654638973296759e-05,-0.0002091723340025454
169433.7800447328,7.599269659872018,-88.17078884635161,101.1443582999822,-3167.035035095233,1.007379702996394e-05,0.0003154310202424775,-0.002974904299765635,2.965973482661535e-10,0.6643727421993549,0.04941108734565511,-0.6625327803398188,0.0002094811481116243,1.557964475235154e-05,-0.0002089009958893322
169824.3652461744,7.59695944955801,-88.46009254202797,85.26309978764732,-3171.644773573707,8.469900133939726e-06,0.0003150661254329987,-0.002972382335797965,2.954851036250969e-10,0.6654079063037339,0.04620189775399495,-0.663801978315407,0.0002095328428225696,1.454869244636436e-05,-0.0002090271460107724
170215.8508394951,7.579405192032594,-88.75765291770185,68.78822919539218,-3171.945731107936,6.833739685366256e-06,0.0003151157062195807,-0.002965827446946135,2.947775352900239e-10,0.6665099877216358,0.04288996573944312,-0.665128569955888,0.000209885557909447,1.350615077609267e-05,-0.0002094505462159822
170608.2389003123,7.551200325945267,-89.0496672098645,52.56762403450464,-3169.023336870562,5.232966917751371e-06,0.0003154678300191123,-0.002956280025440197,2.943707770525279e-10,0.6673818366985257,0.03961670530581467,-0.666204947907031,0.0002103735421724824,1.248806330363534e-05,-0.0002100025607489624
171001.5315090288,7.507711258740361,-89.33819399411922,36.52054923287563,-3161.621772673303,3.653082906677723e-06,0.000316251170854134,-0.002942591969016071,2.943812993925028e-10,0.6679871686273462,0.03636001403571751,-0.6669968566868221,0.0002110713630289949,1.148907955528967e-05,-0.0002107584431093805
171395.7307508425,7.46282343733769,-89.58671675401449,22.74424108161191,-3153.107303569465,2.287553989037788e-06,0.0003171309679783489,-0.002927917814894412,2.944973431852859e-10,0.6686983441668343,0.03356816470955843,-0.6678552641175316,0.0002118743753681147,1.063593770215355e-05,-0.0002116072488522657
171790.8387157588,7.40918172126325,-89.81293735688666,10.25737287430617,-3141.739454946071,1.039180961988858e-06,0.0003182916200002186,-0.002910652092390278,2.948831557374399e-10,0.6690559114159492,0.03101373857077484,-0.668336712010114,0.0002127582036580016,9.862295802861113e-06,-0.0002125294999412471
172186.8574986007,7.356082560395083,-90.00293828370278,-0.1605121276966433,-3129.945369454011,-1.638454312383809e-08,0.0003194943934579033,-0.002893056324930273,2.953135499503174e-10,0.6695404275868518,0.02888451513865543,-0.6689170867591806,0.0002137147856481682,9.219828567571085e-06,-0.0002135158176010084
172583.7891990204,7.30131170202031,-90.12739034074754,-6.929448275322657,-3116.621589786759,-7.13392206858747e-07,0.0003208586694844858,-0.002874115431487464,2.958939304913851e-10,0.669685668376176,0.02750400581953423,-0.6691206349323899,0.0002146735355056119,8.816647046013421e-06,-0.0002144924091462101
172981.6359215101,7.250119916572691,-90.25326336950877,-13.72237066908412,-3104.392100061209,-1.423860759912921e-06,0.0003221179635250183,-0.002856253181952552,2.963763614934229e-10,0.6700818039304715,0.02611610860495073,-0.6695726792739151,0.0002156442021774595,8.404626675519826e-06,-0.000215480356838386
173380.3997754138,7.196476421924213,-90.34575838961733,-18.65316564719491,-3090.987015195523,-1.952281190247022e-06,0.0003235094741128555,-0.002837378752952853,2.96977092453754e-10,0.6699119825447877,0.02509570935383787,-0.6694417597738549,0.0002165217577722969,8.11116571044819e-06,-0.0002163697774173252
173780.0828749375,7.145438983491781,-90.43036243324757,-23.12185939973563,-3078.242758720984,-2.440015136042955e-06,0.0003248423404814797,-0.002819181248980361,2.97520753424114e-10,0.6696137110385111,0.0241634643398194,-0.6691775915269913,0.000217318255810659,7.842076466039691e-06,-0.0002171767163977018
174180.6873391614,7.103283056031353,-90.48882296727288,-26.17172572148027,-3067.558490910952,-2.7810900017241e-06,0.0003259684263684004,-0.002802934725486216,2.978703524039176e-10,0.6697680780564805,0.02355328131746089,-0.6693538087757867,0.0002181227039351587,7.670573704285721e-06,-0.0002179877892704818
174582.2152920504,7.06139117852176,-90.5448351379148,-29.06996379533632,-3056.954143981143,-3.110479699762073e-06,0.0003270934176217429,-0.00278682087981276,2.982161832368511e-10,0.6696697384514458,0.02296289391092192,-0.6692759252362688,0.0002188443241021275,7.504145265672511e-06,-0.0002187156281465701
174984.6688624657,7.017642279368443,-90.57102418534531,-30.35220564540368,-3045.397636040769,-3.272345160486719e-06,0.0003283317308956367,-0.002769900303878721,2.986593567334315e-10,0.6696938944836083,0.0227252946894587,-0.6693082050071548,0.0002196807564445531,7.45461466638452e-06,-0.000219554238110374
175388.0501841761,6.971664643421786,-90.61829214146226,-32.73805311402796,-3033.645967107145,-3.556906764861713e-06,0.0003295979704417815,-0.002752865721175892,2.991267382278207e-10,0.669517395326037,0.02223491715579785,-0.6691480786068476,0.000220470761106587,7.321914475565561e-06,-0.0002203491458375327
175792.3613958693,6.938993706515872,-90.66602010649426,-35.17112095039681,-3025.53332253792,-3.841701741992762e-06,0.0003304755811463535,-0.002739189461633061,2.992389975072724e-10,0.6694892799624871,0.02174438693584508,-0.6691360680918894,0.0002210495955194831,7.17948454269053e-06,-0.0002209329732770289
176197.6046411629,6.898189190422958,-90.70466009508533,-37.08376598325096,-3015.121994193981,-4.078574154441486e-06,0.0003316113752729918,-0.002723485205025077,2.995816738090439e-10,0.6695744627311381,0.02136378967828071,-0.6692335538750835,0.0002218383253789255,7.078088532000056e-06,-0.0002217253780460397
176603.7820686165,6.861273986234545,-90.74319958174874,-38.99114550442271,-3005.791222769362,-4.31494531989985e-06,0.0003326351303993764,-0.002708812492023004,2.99820496981315e-10,0.6690400216758539,0.02096500150933026,-0.6687114619293891,0.0002223464615032956,6.967436550857496e-06,-0.000222237269086322
177010.8958317421,6.822093073597085,-90.77029211606688,-40.27711798126769,-2995.707454438697,-4.487258492248186e-06,0.0003337506353228441,-0.002693515826756579,3.001378253525304e-10,0.6689953707741744,0.02071563414043407,-0.6686745610679643,0.000223077603175438,6.907662166570109e-06,-0.0002229706286529477
177418.9480890166,6.779809970411081,-90.82678971766752,-43.08193499723865,-2985.331893113545,-4.83303035875046e-06,0.0003349013843340259,-0.002678013440371198,3.004882614370582e-10,0.6689374582687093,0.02012289704561015,-0.668634722467726,0.0002238294395959114,6.733210576101217e-06,-0.0002237281428545761
177827.9410038923,6.741277846847343,-90.8285443069456,-43.02524896781621,-2975.089347126237,-4.859958328514383e-06,0.0003360540751654004,-0.002662687163007845,3.008292900357505e-10,0.6686125871564684,0.02016115039305727,-0.6683085512836826,0.0002244898297760014,6.769201338362814e-06,-0.0002243877482976706
178237.8767448089,6.706567951758583,-90.87155434546939,-45.12942491405408,-2966.569042072548,-5.126847314654789e-06,0.00033701175133635,-0.002648955068878119,3.009994287370011e-10,0.668989723888622,0.01973924612085075,-0.6686984468586383,0.0002252580345907589,6.646475463988401e-06,-0.0002251599576114681
178648.7574852051,6.665779047021124,-90.87849606362528,-45.32534891084547,-2955.901336414543,-5.18631852289914e-06,0.0003382267587848803,-0.002633358975481676,3.013909433096049e-10,0.6684846755932041,0.01971218350861565,-0.6681939773181692,0.0002258988495254446,6.661273981006706e-06,-0.0002258006148040112
179060.5854035294,6.629189468579453,-90.89142828590315,-45.84592593604767,-2946.469339087558,-5.279487493468016e-06,0.0003393070967156211,-0.002618918948174351,3.016603325299994e-10,0.6682180667188501,0.01962248923563149,-0.6679298934811012,0.0002265297562801363,6.652136369170404e-06,-0.0002264320639001109
179473.3626832526,6.594196613031338,-90.91384056687529,-46.85799200105775,-2937.643189361813,-5.428440737745441e-06,0.000340322350170962,-0.002605068672237015,3.018707870445675e-10,0.6681724899998901,0.01942897420653265,-0.6678899545238984,0.0002271924099440747,6.606251437744982e-06,-0.0002270963420624334
179887.0915128787,6.560237550397487,-90.91097540422058,-46.56888098030586,-2928.702009950876,-5.427947516128068e-06,0.0003413618808473188,-0.002591166480077756,3.020959801639139e-10,0.667763237791879,0.01951964820249652,-0.6674778835889204,0.0002277455541399251,6.657319308553328e-06,-0.0002276482319942888
180301.7740859569,6.522329933539223,-90.91521152772165,-46.62878527885844,-2918.893930040947,-5.471503225012258e-06,0.0003425081193124904,-0.002576549230766157,3.024139482241476e-10,0.6673727091005448,0.01952822581286546,-0.6670869367996964,0.0002283758433906803,6.682585276745115e-06,-0.000228278051722945
180717.4126010927,6.491620962050987,-90.91376647309315,-46.42724680778564,-2910.874762326034,-5.47791668877067e-06,0.0003434519713280337,-0.002563560978865151,3.025496193857224e-10,0.6671843447721804,0.01960898710791772,-0.666896121996286,0.000228939371372917,6.728678838049236e-06,-0.0002288404698599459
181134.0092619603,6.458150830974524,-90.92494869739048,-46.85840935291111,-2902.383523622279,-5.56115187698433e-06,0.0003444546198433362,-0.002550204052872845,3.027368806221327e-10,0.6670434129029484,0.01954431447758815,-0.666757028061058,0.000229558849727503,6.726054501703763e-06,-0.0002294602921619651
181551.5662773135,6.427607644008725,-90.91710977051277,-46.33269032683899,-2894.354604593038,-5.529333265775807e-06,0.0003454116539582241,-0.002537300293395115,3.028784636024444e-10,0.6669349903664262,0.0197020912580295,-0.6666439146764376,0.0002301576377409752,6.799143616702134e-06,-0.0002300571882306341
181970.0858609984,6.401012825167754,-90.90429359129215,-45.57328342471727,-2887.270248646445,-5.465466801224335e-06,0.0003462616362985431,-0.00252526853488031,3.029233115482799e-10,0.6665489304770288,0.01990958279390904,-0.6662515179968024,0.0002305885256441745,6.88759839334305e-06,-0.0002304856376157225
182389.5702319638,6.371334095958828,-90.94087827461018,-47.30182755999139,-2880.235985819994,-5.700391156772388e-06,0.0003471001563768942,-0.002513322411097359,3.029647208776633e-10,0.666627268461238,0.01955648648513193,-0.666340347639589,0.000231175359243318,6.781867473218051e-06,-0.0002310758598271417
182810.0216142743,6.342690572067809,-90.94590865288677,-47.43476979075434,-2872.967893068276,-5.74535512422432e-06,0.000347977251264937,-0.002501214307008324,3.030326049058961e-10,0.6662962594469214,0.01955846307460464,-0.6660091379816936,0.0002316436588361523,6.799668891393674e-06,-0.0002315438385748304
183231.4422371211,6.313133174232201,-90.95450155172168,-47.74217584209727,-2865.550210835183,-5.812535627700627e-06,0.0003488762797182319,-0.00248901867039961,3.031182667660178e-10,0.6661622430695882,0.01952497243524226,-0.6658760466805426,0.0002321948683214818,6.805546923060984e-06,-0.0002320951128436536
183653.8343348347,6.277923254794693,-90.97387518653785,-48.5646238265405,-2856.916414257646,-5.948390657653104e-06,0.0003499266249639673,-0.002475812013271064,3.033350513653014e-10,0.6659552199436057,0.01936426606187092,-0.6656736288677968,0.00023282174005789,6.769857768890998e-06,-0.0002327232942130476
184077.2001468955,6.246734148091956,-91.0178194949238,-50.62861631848633,-2849.720318293537,-6.232388575383506e-06,0.0003508009036440103,-0.002463895988877984,3.034016181809234e-10,0.6658269290240503,0.01892067191543421,-0.6655580422381403,0.0002333604416651936,6.631357432868965e-06,-0.000233266201651186
184501.5419179474,6.216714206478537,-91.02740257592471,-50.97193406463231,-2842.277934480393,-6.307516202143615e-06,0.0003517173607734416,-0.00245180922723537,3.034964308773587e-10,0.6657358146617312,0.01887752853465224,-0.6654681163209416,0.0002339376192341865,6.633508345447624e-06,-0.0002338435508197524
184926.8618978078,6.187614747665768,-91.04655918744238,-51.79404809308711,-2835.24367297109,-6.441012890566922e-06,0.000352585706617948,-0.002440116275118166,3.03549653652566e-10,0.6655736277011441,0.01872138135831841,-0.6653102763157185,0.0002344583092363016,6.594887833822454e-06,-0.000234365539754471
185353.1623414811,6.150358684101812,-91.08957428281794,-53.75905407280269,-2826.604529512141,-6.726117540862004e-06,0.0003536534381963768,-0.002427086095294098,3.037771344641842e-10,0.6655693650046809,0.01829283311395952,-0.6653179329383803,0.0002351689347316847,6.463497725145587e-06,-0.0002350800949889047
185780.4455091698,6.120292124117521,-91.10088540980112,-54.17601781334934,-2819.253619419617,-6.813628376016011e-06,0.0003545728762613119,-0.002415206552716562,3.038687119681797e-10,0.6655339828125971,0.01823174082398374,-0.6652842143812864,0.0002357675131177974,6.458651706578952e-06,-0.0002356790318630061
186208.7136662868,6.085769557383322,-91.12417591678678,-55.16104350562273,-2811.027497494463,-6.978066209691112e-06,0.0003556048752554728,-0.002402620761320926,3.040570220889995e-10,0.665173695078218,0.01802292417644598,-0.6649294841019913,0.000236326401089579,6.40327908220873e-06,-0.0002362396365323734
186637.9690834669,6.053904173005663,-91.15033835499793,-56.29453457729532,-2803.528049466614,-7.159477830096005e-06,0.0003565496556090876,-0.00239069975611365,3.04169193354736e-10,0.6650841523428686,0.01778841486779733,-0.6648462243211757,0.0002369233365528389,6.336777966545183e-06,-0.000236838579307368
187068.2140365801,6.017790798672106,-91.17786975599573,-57.46773431127468,-2795.041435958371,-7.352990754348729e-06,0.000357625267168248,-0.002377981010672702,3.043910516110419e-10,0.6649474688305639,0.01753700356981036,-0.6647161723698064,0.0002375903493096994,6.266093186766293e-06,-0.0002375077054776955
187499.4508067418,5.984230757537567,-91.18053074862581,-57.42784265977374,-2786.803630390311,-7.391377474926831e-06,0.000358681723475914,-0.002365519319095037,3.045886836610939e-10,0.6647414356181611,0.01757249838909975,-0.6645091297552344,0.0002382173949573159,6.297297813623171e-06,-0.0002381341455996943
187931.6816803268,5.947988854910856,-91.21531234866835,-58.94346912481959,-2778.46720886815,-7.631848333263987e-06,0.0003597487669435496,-0.002353018855342894,3.047999251243022e-10,0.6646562202809375,0.01723884869770377,-0.6644326250672221,0.000238897253306298,6.196155965114643e-06,-0.0002388168865230209
188364.90894898,5.911779824626776,-91.25378377734866,-60.62968647624255,-2770.230969855328,-7.896695347187062e-06,0.0003608079025587894,-0.002340648026316572,3.050030283733634e-10,0.6644622872404624,0.0168599018854953,-0.6642483533086389,0.0002395329176266464,6.077849062440754e-06,-0.0002394557962913154
188799.1349096294,5.881729148069912,-91.26442612608851,-60.9860982298309,-2763.054873549908,-7.984363566039182e-06,0.0003617420248824476,-0.002329215339731892,3.050918607422708e-10,0.6641786994366521,0.01680160530495401,-0.6639661518816596,0.0002400503101098305,6.072508147608647e-06,-0.0002399734902622017
189234.3618644975,5.850261112470303,-91.27037603379186,-61.10532783498401,-2755.486217524684,-8.043944619788852e-06,0.0003627339762289947,-0.002317492699632793,3.052262553104487e-10,0.6642187722503403,0.01680606189845521,-0.6640061247407397,0.0002407223948364265,6.090757498857013e-06,-0.0002406453283337837
189670.5921211146,5.816727609866533,-91.27679081935824,-61.23503296415242,-2747.457231272197,-8.108161536082731e-06,0.0003637921948645745,-0.002305425392521167,3.054141758277436e-10,0.6639196253729556,0.01679671519110375,-0.6637071186254933,0.0002413152789519656,6.105112511986651e-06,-0.0002412380389923632
190107.82799233,5.779845676678512,-91.29831030307128,-62.07363559050746,-2738.905010066361,-8.27047069024489e-06,0.0003649219736145559,-0.002292963291489532,3.056632040544509e-10,0.6637092743674301,0.01661486662929412,-0.6635012788896728,0.0002419887834207214,6.057789935438828e-06,-0.0002419129481498229
190546.0717963247,5.750483583475887,-91.29745739183721,-61.87203108163067,-2731.804761061871,-8.286522923193298e-06,0.0003658706911425215,-0.002281759089474742,3.057528219468644e-10,0.6634715901200529,0.01669160483940212,-0.6632615933583949,0.0002425296622041994,6.101556334331765e-06,-0.000242452898640503
190985.3258566238,5.713453678118217,-91.30885336913771,-62.21710536375362,-2723.114393921675,-8.385932814048112e-06,0.0003670349852967958,-0.002269269193606447,3.060231251162545e-10,0.663166535923571,0.01662501818549118,-0.6629581156748902,0.0002431894059535887,6.096550530654585e-06,-0.0002431129762881582
191425.5925021086,5.679392117671025,-91.32448839061999,-62.77815144209939,-2715.223792616925,-8.510697664068748e-06,0.0003680969932757863,-0.002257489620626076,3.062065674205291e-10,0.6630825622625228,0.01651513254589378,-0.6628768624515597,0.0002438624246805259,6.073784013893913e-06,-0.0002437867742901935
191866.8740670289,5.644421615054228,-91.33362256244256,-63.02081414379482,-2707.043703638539,-8.595243069123658e-06,0.000369206570045636,-0.002245512096316069,3.064254724599822e-10,0.662655334068901,0.0164721104662548,-0.662450572757511,0.0002444395219992488,6.076212778619976e-06,-0.0002443639898869925
192309.1728910159,5.610191166752223,-91.33539188621808,-62.91571540513957,-2698.947209881545,-8.632456971575776e-06,0.000370313609371335,-0.002233646908981087,3.066378361655225e-10,0.6623081323361183,0.01651639071236972,-0.6621021605435172,0.0002450428638112787,6.110786629947547e-06,-0.0002449666577140574
192752.4913190936,5.578350203182779,-91.34372157462614,-63.13457273256878,-2691.540723056992,-8.710166278081893e-06,0.0003713301005672507,-0.002222394157793285,3.067744432193885e-10,0.6623439867981037,0.01649455208379166,-0.6621385705418177,0.0002457283116974165,6.119446264393612e-06,-0.0002456521026718067
193196.8317016924,5.548193807515229,-91.34467663049445,-63.01255335862713,-2684.430146272943,-8.739440584138641e-06,0.0003723133965402306,-0.002211425122250055,3.068796034698262e-10,0.6619180322950408,0.01654656491251627,-0.6617111852363797,0.0002462193311830936,6.154967756372339e-06,-0.0002461423885074815
193642.1963946607,5.513365283156028,-91.34565682974753,-62.86664202213335,-2676.262529132075,-8.772497600060452e-06,0.0003734493502241961,-0.002199626003285365,3.071082039543945e-10,0.661749905380935,0.01660484517303168,-0.6615415454742477,0.0002469065943392385,6.195461061446662e-06,-0.0002468288528321545
194088.5877592778,5.484514492763205,-91.33721747732579,-62.31081942872506,-2669.347945570564,-8.740102096709185e-06,0.0003744193029368576,-0.00218889696336328,3.071955671563692e-10,0.6613288369964505,0.01676558117127719,-0.6611162877520619,0.0002473881667291823,6.271624883240683e-06,-0.0002473086568621277
194536.0081622662,5.450598216049007,-91.34068583808096,-62.28842629989229,-2661.482996031261,-8.788649719036691e-06,0.0003755246869245679,-0.002177428121276547,3.073947428420473e-10,0.6612397757513966,0.0167973903548918,-0.6610263903302368,0.0002480841018976164,6.302049049728865e-06,-0.0002480040439027592
194984.4599758046,5.42164929264208,-91.32860778185541,-61.56582300333356,-2654.530249666147,-8.732343007284008e-06,0.0003765119595987684,-0.002166745036367287,3.074910312038901e-10,0.6609189010337541,0.01700273199532715,-0.660700159564352,0.000248613038096949,6.395793569672172e-06,-0.000248530755715282
195433.9455775394,5.388402430814605,-91.35242343830699,-62.49669395401174,-2647.19735336963,-8.91337975357331e-06,0.000377547575726173,-0.002155789992795293,3.076336311416794e-10,0.6608707368542279,0.01680126439150549,-0.6606571337275462,0.0002492797431751755,6.337419163797123e-06,-0.0002491991723016427
195884.467350599,5.355693987930779,-91.35455150766977,-62.41690402387958,-2639.662542997225,-8.95287760463481e-06,0.0003786246055387789,-0.002144709825616739,3.078022015911116e-10,0.6604567661309498,0.01684072180556577,-0.6602420238194625,0.0002498331029076702,6.370393944991633e-06,-0.0002497518716435577
196336.0276836047,5.32686580027245,-91.36985855770267,-62.96903177224171,-2633.244340764421,-9.076040437492036e-06,0.0003795426330361712,-0.002134574373057941,3.078427798862041e-10,0.6603219771463175,0.01673559143666723,-0.6601098647056312,0.0002503879432389015,6.345980390995157e-06,-0.0002503075121770908
196788.6289706845,5.294654201731088,-91.37106354979518,-62.84756434711998,-2625.854099084687,-9.109584247775629e-06,0.0003806104403006207,-0.002123688049931485,3.079991656449109e-10,0.6599880820653156,0.01678804683473864,-0.6597745296324559,0.0002509641420955471,6.383748261264951e-06,-0.0002508829375941911
197242.2736114853,5.259730406044505,-91.38369178161999,-63.23844297826726,-2618.062426753042,-9.220784200815468e-06,0.0003817391372151476,-0.002112516596526633,3.082053219932318e-10,0.6598695425439928,0.01671459213056024,-0.6596578170439029,0.0002516630842885267,6.374662773469482e-06,-0.0002515823357633414
197696.9640111861,5.234376773188592,-91.38870778786797,-63.32861260180436,-2612.321833201852,-9.274520355767587e-06,0.0003825763903938165,-0.002103036507315467,3.081721948360039e-10,0.6596957158390025,0.01672755798724599,-0.6594836057857066,0.0002521477173483392,6.393577314553011e-06,-0.0002520666450229002
198152.7025805098,5.200446091908492,-91.43033026307147,-65.05135816767253,-2605.268224862331,-9.57813166371662e-06,0.0003835984794154452,-0.002092534245898655,3.0829585732444e-10,0.6595549042080356,0.01632026544485688,-0.6593529560111796,0.0002527704736727498,6.254644155690025e-06,-0.0002526930782337181
198609.4917357372,5.162429318252042,-91.43673538313288,-65.12948435433843,-2596.763775208722,-9.652496241329606e-06,0.00038485261826203,-0.002080906543058605,3.085941490073837e-10,0.6594454742271765,0.0163192819781168,-0.6592435168542989,0.0002535540717256906,6.274696779199875e-06,-0.0002534764199467196
199067.3338987186,5.131329204074379,-91.42963154743408,-64.62876823874522,-2589.609297641134,-9.631345701635099e-06,0.0003859182691771887,-0.002070400564092603,3.087350138914674e-10,0.6589552866722139,0.01646436485082801,-0.6587495688980134,0.0002540649194607044,6.347953517334842e-06,-0.0002539856035028678
199526.231496888,5.103351889196528,-91.42584945480692,-64.29871712137732,-2583.221225685377,-9.629641519542192e-06,0.0003868738830677579,-0.002060543238266618,3.087866608295209e-10,0.6585804837430342,0.01657412721475493,-0.6583718948089128,0.0002545472885438241,6.406049445191893e-06,-0.0002544666670421072
199986.1869632744,5.069535481200102,-91.45189732369036,-65.29192650222534,-2576.04377192593,-9.832729706058021e-06,0.0003879429429832882,-0.002050092089602137,3.089348435207088e-10,0.6584234038755681,0.016346757887111,-0.6582204511238386,0.0002551912456888953,6.335664078209147e-06,-0.0002551125854146326
200447.2027365161,5.035745363001388,-91.46409309611283,-65.65227091817306,-2568.674955575563,-9.943696005644385e-06,0.000389051628197148,-0.002039526173451209,3.091085232048618e-10,0.6583225896245539,0.01628015594168058,-0.6581212567091975,0.0002558812615522579,6.327880747644543e-06,-0.0002558030061176346
200909.2812608728,5.001639830064101,-91.46106158720967,-65.32097536125039,-2561.017937964099,-9.952793240905855e-06,0.0003902158821395745,-0.002028769709472747,3.093196508319768e-10,0.6579168886278473,0.01638103599730506,-0.6577129267403843,0.0002564869928382474,6.386099422506937e-06,-0.0002564074788873621
201372.4249862388,4.969090069750434,-91.48239497477196,-66.09662549708045,-2554.118635720963,-1.012526524012037e-05,0.0003912624653213414,-0.002018650796631655,3.094418620769776e-10,0.6578507990431566,0.01621080326714902,-0.6576510348651124,0.00025715002653962,6.336708105301639e-06,-0.0002570719398917655
201836.6363681561,4.933702116189239,-91.48508834372886,-66.01475002322273,-2546.326287152251,-1.017468731089497e-05,0.0003924588634232854,-0.002007863500984561,3.096749514006421e-10,0.6575520455484828,0.01624896125850829,-0.6573512484684375,0.0002578179957438685,6.371016032797803e-06,-0.0002577392657010088
202301.9178678272,4.901791271788331,-91.50296728080772,-66.63231219621659,-2539.559315401927,-1.032450617205163e-05,0.000393498213733714,-0.001997921831790825,3.097859883798553e-10,0.6572765837629632,0.01611367972831499,-0.6570790339743955,0.0002583930603649896,6.334719844883701e-06,-0.0002583153982426754
202768.2719521282,4.869470395840835,-91.49286244353324,-65.99432583066447,-2532.276605562951,-1.028464825549374e-05,0.0003946335362324346,-0.001987610463763581,3.099623814019007e-10,0.6571733836234679,0.01630374283310994,-0.6569711136060318,0.0002590951555046222,6.427863467873322e-06,-0.0002590154091501175
203235.7010936222,4.835494958629863,-91.50807502234112,-66.47735486449466,-2525.068175718231,-1.041901359835199e-05,0.0003957546101706506,-0.001977394127346076,3.101323166376261e-10,0.6568719735537596,0.01619878082204668,-0.6566722082898668,0.000259712278483995,6.404630499298163e-06,-0.000259633295829937
203704.2077705718,4.805514861431051,-91.48673891440069,-65.35696912344368,-2518.154302548473,-1.02999418611642e-05,0.0003968489246296178,-0.001967444409249026,3.102685765259089e-10,0.6565932141140201,0.01651334765908417,-0.6563855255638028,0.0002603158034416199,6.546953686059276e-06,-0.0002602334623350516
204173.794466953,4.769403570375069,-91.50905295614083,-66.14069728525855,-2510.65179046746,-1.04856293752384e-05,0.0003980267104167343,-0.001957071150480524,3.104800132784923e-10,0.6561988548141545,0.01632509190619037,-0.6559957533655704,0.0002609326528962002,6.491552840431219e-06,-0.0002608518910975514
204644.4636724674,4.733468425568072,-91.53734152175672,-67.18414720231901,-2503.311213896642,-1.071332836442425e-05,0.0003991833810446058,-0.001946861139750567,3.106742701874069e-10,0.6559158834732619,0.01607159190833801,-0.6557189566621066,0.0002615799298939679,6.409367406085834e-06,-0.0002615013952788531
205116.2178825566,4.696918562965066,-91.55019718154372,-67.53810074591028,-2495.620490585647,-1.083611992485358e-05,0.0004004086970797079,-0.001936416053583564,3.109149383521589e-10,0.6557865517421294,0.01599877371446901,-0.6555913671529436,0.0002623311205077939,6.399912020333173e-06,-0.0002622530417612095
205589.0595984141,4.667030274263389,-91.532386980769,-66.58130966396462,-2488.874189980381,-1.074077836771606e-05,0.0004015007544103079,-0.001926739831598851,3.110406763546479e-10,0.6554969370506533,0.0162729964462786,-0.6552949138131987,0.0002629266176090289,6.52726759217969e-06,-0.0002628455839939195
206062.9913270001,4.631017284007751,-91.53760144205224,-66.60270526114709,-2481.226722858284,-1.081050946258618e-05,0.0004027362681606967,-0.001916401850383394,3.112817660511105e-10,0.6554027312402468,0.0162887855198542,-0.6552002866173544,0.0002636968282600958,6.553681992850936e-06,-0.000263615376043908
206538.0155810529,4.592962151590355,-91.53975528137616,-66.4783963118894,-2473.129724708602,-1.086108103317807e-05,0.0004040540060503464,-0.001905754829141395,3.115826268215471e-10,0.6548796094967834,0.01632904722701022,-0.6546760001338964,0.0002643471094139908,6.591343464276691e-06,-0.0002642649209540842
207014.1348791042,4.564763757102702,-91.52866404290248,-65.83337120837959,-2466.911738812575,-1.08100994560877e-05,0.0004050766466378348,-0.001896591252731287,3.1164956142973e-10,0.6545205225467373,0.01652476350281351,-0.6543118878837753,0.0002648678310622769,6.687152070918828e-06,-0.0002647834019133663
207491.351745491,4.526962586052782,-91.52448820228875,-65.43810218619861,-2458.820112838595,-1.081607490995888e-05,0.0004064112748090186,-0.001886022582820917,3.119560227435254e-10,0.654251391646856,0.01664379148142242,-0.654039652985177,0.0002656290686499052,6.757455752420954e-06,-0.00026554310178118
207969.6687103696,4.495605351734138,-91.51828849351188,-64.99279107611399,-2452.064266501449,-1.080180895401299e-05,0.0004075333481015095,-0.00187651473992683,3.120960579391704e-10,0.6539533521643394,0.01678524555736656,-0.6537379003381671,0.0002662386842899074,6.833639858081573e-06,-0.0002661509691485473
208449.0883097289,4.459466886411819,-91.51951937823448,-64.84377134090025,-2444.459347067938,-1.084419038686325e-05,0.0004088007530159199,-0.001866392371527064,3.123469809740671e-10,0.6536407510560647,0.01684162397604664,-0.6534237454691908,0.0002669374854094678,6.877877101625334e-06,-0.0002668488634476541
208929.613085404,4.424080132198938,-91.51570650134495,-64.48244294005026,-2436.955932653419,-1.085031054403871e-05,0.0004100609010116153,-0.001856383961331365,3.125881107859648e-10,0.6533779357749586,0.01695690578482803,-0.6531578601714523,0.000267650512951093,6.946247007850861e-06,-0.0002675603609197168
209411.2455850893,4.391224464048653,-91.49896797479759,-63.58251410763206,-2429.790752179705,-1.076223972308631e-05,0.0004112764479182069,-0.001846668777543004,3.127888453173392e-10,0.6532109918094724,0.01722208539701374,-0.6529839198596643,0.0002683715588960157,7.07568911636594e-06,-0.0002682782664469975
209893.9883623525,4.353456468413735,-91.49288882199785,-63.11665296977771,-2421.814244869047,-1.075393539991585e-05,0.0004126333180624841,-0.001836373263134437,3.130972854457364e-10,0.6525773321652248,0.01735344400213902,-0.6523465585385937,0.0002689933071606573,7.153114370789661e-06,-0.0002688981819425824
210377.8439766475,4.322019017625759,-91.48894635764378,-62.7777894440479,-2415.192887686057,-1.075496630138993e-05,0.000413766052428005,-0.001827140535950606,3.132335774099636e-10,0.6522908993375627,0.01746969048694198,-0.6520569202706898,0.0002696111319262829,7.220740058414936e-06,-0.0002695144214538071
210862.814993329,4.287302923999836,-91.46083428981724,-61.39672481394943,-2407.535843782112,-1.058564513511275e-05,0.0004150925015881529,-0.001817158849088506,3.135070922030793e-10,0.651858231091009,0.01785694198894607,-0.6516135995081002,0.0002702908918375849,7.40432281971199e-06,-0.0002701894561487152
211348.9039836646,4.25035924211336,-91.45670749578788,-61.027487423883,-2399.83939130353,-1.05896200387097e-05,0.0004164252598393434,-0.001807183735299252,3.13789172586961e-10,0.6515299195061649,0.01797412185181515,-0.6512819412169861,0.0002710199124790152,7.476778556629284e-06,-0.0002709167598037231
211836.1135248502,4.220958774013249,-91.41594676625141,-59.15260097293198,-2393.101545767502,-1.032253413527308e-05,0.0004176126153212392,-0.001797965106101107,3.139489279131201e-10,0.6510693397903712,0.01850379900638295,-0.6508063418847432,0.0002715939324052605,7.718869910535482e-06,-0.0002714842226845926
212324.4462000219,4.188773473861808,-91.3884205940191,-57.830918386063,-2386.034149606007,-1.015200282462767e-05,0.0004188594285283895,-0.001788532296173364,3.141546385354859e-10,0.6504748768192284,0.01887877397755331,-0.6502008591705296,0.0002721511029340901,7.898658876970567e-06,-0.0002720364571453374
212813.9045982712,4.154051790348062,-91.34097090210255,-55.6693787755344,-2378.156035543311,-9.837795036551891e-06,0.0004202635660252042,-0.001778527062012365,3.144704089914539e-10,0.6500402788702269,0.01948388279692612,-0.6497482146684498,0.0002728738232696003,8.178941772922705e-06,-0.0002727512205971665
213304.4913146576,4.130375120367013,-91.29832748635317,-53.77223281057564,-2372.586792712576,-9.547525627137407e-06,0.0004212645081305964,-0.00177028113026331,3.144836150366605e-10,0.6495355486041891,0.02003170112234149,-0.6492265859087181,0.0002733048651983218,8.428732479230008e-06,-0.0002731748630636911
213796.2089502233,4.106408990081432,-91.24461402938931,-51.42094801830495,-2366.789868735849,-9.175203990016162e-06,0.0004223138756489779,-0.001761894229643847,3.14528808733683e-10,0.6490061610924541,0.02070336050648978,-0.6486758574201007,0.0002737548578310806,8.732806946762303e-06,-0.0002736155336762621
214289.0601120059,4.079563834450795,-91.1975451520661,-49.34504321485907,-2360.538136532529,-8.851803268001105e-06,0.0004234471758433447,-0.001753198752142152,3.146365058364151e-10,0.6486673996473451,0.0213051551467013,-0.6483174266741744,0.0002743395943332509,9.010546272759543e-06,-0.0002741915809699472
214783.0474130534,4.057605779492119,-91.14769599160684,-47.18397686368075,-2355.224000989917,-8.502680023628104e-06,0.0004244177238862831,-0.001745228715026767,3.146211493593793e-10,0.6481596383175406,0.02193219782180393,-0.6477884650428952,0.000274746423433001,9.296772821595508e-06,-0.0002745890879192572
215278.1734724373,4.041698440145173,-91.09302058340003,-44.8557374090968,-2351.037761304907,-8.112238891548863e-06,0.0004251893083110875,-0.001738119917462449,3.144564643332617e-10,0.6475893263908642,0.02261073084742676,-0.6471944765724739,0.0002749967481864596,9.601574954632158e-06,-0.0002748290764666607
215774.4409152667,4.02263977036588,-91.04752980810044,-42.90331262573289,-2346.381767125145,-7.790194466418705e-06,0.0004260456626698951,-0.001730688097416089,3.143557845964505e-10,0.6472440733397276,0.02319260509005469,-0.6468284112054289,0.0002753977641818979,9.868289027966487e-06,-0.0002752209028908393
216271.852372702,4.009343378175338,-91.01479956347671,-41.50400158223885,-2343.078912864588,-7.557530254118666e-06,0.0004266549994384031,-0.001724277047362326,3.140748898533775e-10,0.6470413223717363,0.02363523934788543,-0.646609502186237,0.0002757005527557001,1.007083833353937e-05,-0.0002755165566804621
216770.4104819695,3.994152782826499,-91.0101037861167,-41.25525067839494,-2339.865354559651,-7.532905317999664e-06,0.0004272422026996956,-0.001717951894447394,3.137828943164371e-10,0.6469968390653825,0.02376730100281163,-0.6465601481406338,0.0002760587450413272,1.014096343551474e-05,-0.0002758724190171828
217270.1178863744,3.978250453673071,-91.02521365269898,-41.81838436452441,-2336.84091679772,-7.655435417139058e-06,0.0004277911495272667,-0.001711785250295009,3.134663906706674e-10,0.6467841001921349,0.02366988745336358,-0.6463508402479993,0.0002763219656528762,1.011235406985552e-05,-0.0002761368664221334
217770.9772353159,3.957693073590948,-91.06400514505265,-43.33517382054151,-2333.294298016187,-7.957043352239552e-06,0.0004284308160325767,-0.001705256255594317,3.132208125785949e-10,0.6468184695796393,0.02331455789611886,-0.6463981466398672,0.0002767513704989458,9.975497228026314e-06,-0.0002765715287734773
218272.9911843001,3.93509314941684,-91.09157223777862,-44.37964026302225,-2329.171031004552,-8.177553164488055e-06,0.0004291814855267168,-0.001698327772389478,3.130536355529772e-10,0.6464761402589994,0.02307256474633447,-0.6460642821578977,0.0002770901512374242,9.889275190319881e-06,-0.0002769136221802545
218776.1623949553,3.904832974814504,-91.17693928059229,-47.75542689039351,-2324.503564429556,-8.834440181229534e-06,0.0004300178854675616,-0.001691026245564241,3.129607797524954e-10,0.6466923499283356,0.02219874669536354,-0.6463112339275776,0.0002777292766676891,9.533500532851179e-06,-0.0002775656021302854
219280.4935350449,3.874431505178646,-91.24151089784465,-50.26750216317114,-2319.484228786827,-9.339003341105872e-06,0.0004309279361438639,-0.001683493932742898,3.129166756352304e-10,0.6467896197469086,0.02155518622094817,-0.6464303413047154,0.0002783635888830789,9.276863468919181e-06,-0.0002782089635868097
219785.9872784825,3.837503784623821,-91.30240018831259,-52.58976131417113,-2313.154131370033,-9.823531316601276e-06,0.0004320868070476672,-0.001675038152794115,3.130513347062773e-10,0.6467956141716719,0.02095019295303724,-0.6464562289335146,0.0002791194029793952,9.040885901559039e-06,-0.0002789729440316551
220292.6463053456,3.796656430761645,-91.35874778346162,-54.69659406907882,-2306.017738277757,-1.027994364192838e-05,0.0004334041779062775,-0.001666029838307824,3.132979029856188e-10,0.6465316080663289,0.02038808812079046,-0.6462100634403739,0.00027986055290329,8.825278676151046e-06,-0.0002797213676636511
220800.47330189,3.754873179891088,-91.40748178943514,-56.47713588136467,-2298.609206154309,-1.068268149296089e-05,0.0004347832028471628,-0.001656857940226454,3.13584790154969e-10,0.646169548678313,0.01990942381033338,-0.6458627566926857,0.0002805975919212695,8.645620006616431e-06,-0.0002804643682301131
221309.4709605637,3.716872900779597,-91.4523002807171,-58.10607941608477,-2291.895227596025,-1.105485351570983e-05,0.0004360398476207447,-0.001648218907837123,3.137800814226458e-10,0.6462959673355829,0.01949030525968646,-0.6460020165565439,0.0002814671583923869,8.488186705326678e-06,-0.000281339140433642
221819.6419800219,3.677037918487625,-91.4778524773471,-58.93929090822443,-2284.547162979831,-1.128536688398332e-05,0.0004374323562551207,-0.001639155894713567,3.140653347798945e-10,0.6460258805894032,0.01927664068629087,-0.6457382205779409,0.0002822492473889621,8.421980433553372e-06,-0.000282123568489434
222330.9890651403,3.636803799008096,-91.50698499313592,-59.90868809790061,-2277.211412101188,-1.154469947595266e-05,0.0004388298630902466,-0.001630134666449901,3.143523997333689e-10,0.6459648990252176,0.01902916009696739,-0.6456845528883772,0.0002831259780088944,8.340467990245076e-06,-0.0002830031024868749
222843.5149270304,3.595310427237922,-91.52019879244344,-60.22723662724157,-2269.411541271043,-1.168585926401831e-05,0.0004403327359608083,-0.001620814789343784,3.147073402013165e-10,0.6454665667604151,0.01894845095108836,-0.6451883794769026,0.0002838761354140991,8.333526947918839e-06,-0.0002837537886729484
223357.2222830532,3.559426839830619,-91.52207004675098,-60.11827373413622,-2262.519423350239,-1.173587158172813e-05,0.0004416733175178801,-0.001612175986014384,3.149399943809587e-10,0.6451114476925215,0.01899987691061084,-0.6448315940005751,0.0002845819292470852,8.381531045556523e-06,-0.000284458475689028
223872.113856834,3.518920481908236,-91.52954185269243,-60.20937907271363,-2254.873754660982,-1.183341641319777e-05,0.0004431678337999434,-0.001603032632871715,3.152810730175823e-10,0.6447246401226706,0.01898749492463479,-0.644444983390975,0.0002853726003585322,8.404379891400605e-06,-0.0002852488167092575
224388.1923782766,3.482618742783757,-91.54444398088172,-60.61540665933519,-2248.165558542424,-1.198424953868249e-05,0.0004444839776340026,-0.001594587744295312,3.154945354568902e-10,0.6443688615529676,0.01889269005796985,-0.6440918381732849,0.0002860620874807463,8.387249413456247e-06,-0.0002859391053023679
224905.4605835782,3.442629490372608,-91.52734854255529,-59.73385775693234,-2240.279231085272,-1.189344333294219e-05,0.0004460558062950117,-0.001585339513803543,3.158769812664916e-10,0.6438987561753186,0.01915426874488021,-0.6436137989454322,0.000286859861821299,8.533314954794405e-06,-0.0002867329120628063
225423.9212152429,3.410456990704868,-91.52412555934923,-59.4432792618277,-2234.097854690225,-1.190120751375683e-05,0.0004472913087044553,-0.001577329127308718,3.160224532321105e-10,0.6436174244655115,0.01926556659595234,-0.6433290192579185,0.0002875261954454995,8.606595868712237e-06,-0.0002873973548502426
225943.5770220978,3.372662453890113,-91.53575721082727,-59.71046696940857,-2227.134842820482,-1.202943927765337e-05,0.0004486848741039153,-0.001568796616565932,3.162813757935816e-10,0.6433695262481223,0.01921123086130199,-0.6430826353693023,0.0002883103509539944,8.609044236490756e-06,-0.0002881817878085802
226464.4307593059,3.339486575486511,-91.52601940960641,-59.16039608268017,-2220.705348604706,-1.198784399202477e-05,0.0004499880162080575,-0.001560669956849398,3.164675559670074e-10,0.643029844625585,0.01939411000087725,-0.6427373099303306,0.0002889915934733982,8.716134717534514e-06,-0.0002888601220208142
226986.4851883822,3.305544631011885,-91.52739612326181,-59.04392361542492,-2214.334688039768,-1.203316891922174e-05,0.0004512820577173451,-0.001552613632344209,3.16648086709573e-10,0.6424987726370899,0.01944656773855549,-0.6422044097040729,0.0002895813236519097,8.764783787996824e-06,-0.0002894486510128208
227509.7430772071,3.270602595321134,-91.53165088422016,-59.03504618917104,-2207.848579440686,-1.2102105808536e-05,0.0004526060169750209,-0.001544505348490318,3.16847909965132e-10,0.64230426488291,0.01947707787448847,-0.6420088878857103,0.0002903413719512359,8.804240950682354e-06,-0.0002902078524227218
228034.2072000419,3.23087245851353,-91.55034655790131,-59.56371352704207,-2200.744365316771,-1.228922660987083e-05,0.0004540591009909995,-0.001535994746237949,3.171396430606374e-10,0.6419700769322948,0.0193417857910778,-0.6416786384155768,0.0002911223300954793,8.771165432840036e-06,-0.000290990167767179
228559.880337543,3.191172953707857,-91.58127330906318,-60.5627787378265,-2193.871579875824,-1.257339491482314e-05,0.0004554681000618771,-0.001527676274289288,3.174014668253701e-10,0.641636037164627,0.01906990974433219,-0.6413525884649329,0.0002918758714316844,8.674772304477694e-06,-0.0002917469325450923
229086.7652767774,3.151647975349617,-91.60063388515654,-61.10909650511794,-2186.872623714968,-1.276791264365195e-05,0.0004569172221364486,-0.001519300285881079,3.176849519515042e-10,0.6412057969993369,0.01892505914080773,-0.6409264515075592,0.0002926087003147193,8.63628648475347e-06,-0.0002924812234240388
229614.8648112362,3.105149267857547,-91.59892195905167,-60.80460067513727,-2178.30679917299,-1.28044251897774e-05,0.0004587147377122554,-0.001509868687918243,3.18200666217389e-10,0.6408669003512548,0.01901885396491068,-0.6405846291940562,0.000293602084670465,8.713158955596513e-06,-0.0002934727670225253
230144.1817408509,3.069630700137924,-91.58735225485447,-60.1782676125297,-2171.59017285462,-1.275118552627553e-05,0.0004601386892589875,-0.001501751240310622,3.184507411449904e-10,0.6404361471028346,0.01922012948697816,-0.6401476744770908,0.0002943116324291499,8.832586527793045e-06,-0.0002941790651938715
230674.7188720069,3.029844215200815,-91.57490197679664,-59.50061648215247,-2164.119178319694,-1.269494859088359e-05,0.0004617327237534512,-0.001493142665801458,3.188151552404587e-10,0.6398599160653051,0.01942672376384318,-0.6395649416524507,0.0002950614412669318,8.958331298673033e-06,-0.0002949254184075395
231206.4790175595,2.990313663376861,-91.561041935323,-58.77450858818295,-2156.699265841877,-1.262662858352445e-05,0.0004633274058818826,-0.001484600909022656,3.191762303399483e-10,0.6396288137127361,0.01965943659323606,-0.6393266190957472,0.000295969311532843,9.096822702294404e-06,-0.000295829479913595
231739.4649968478,2.949920375038089,-91.5569370536579,-58.41907857198503,-2149.311520161772,-1.263674562696056e-05,0.0004649217963941834,-0.001476112636588485,3.19536714298265e-10,0.6390350181891776,0.01977213497311502,-0.6387290639626848,0.0002967092083865496,9.180364688947691e-06,-0.0002965671513258858
232273.6796357108,2.914155163094343,-91.53431565240682,-57.38665163421351,-2142.471103361218,-1.249307842803377e-05,0.0004664161222490632,-0.001468030588167685,3.198196609739865e-10,0.6385955039732102,0.02009586569992843,-0.6382792287679184,0.0002974526635677868,9.360493053823635e-06,-0.0002973053451140095
232809.1257665008,2.878066862945801,-91.51519133427523,-56.49066726140798,-2135.652569255761,-1.23768960587502e-05,0.0004679135713686126,-0.00145999286756855,3.201028413600299e-10,0.6380427052721082,0.02037677346618917,-0.6377172420862226,0.0002981443510607027,9.521650904537808e-06,-0.0002979922687477976
233345.8062281003,2.83939447375683,-91.48974397580831,-55.35030843838049,-2128.301525369146,-1.221124923487295e-05,0.0004695406603230726,-0.001451621152434192,3.2046970113476e-10,0.6375016354869679,0.02072805164725806,-0.6371645651819219,0.0002989215552651652,9.719287121957057e-06,-0.0002987635045650425
233883.7238659355,2.806382785844462,-91.47119090317477,-54.50079918876129,-2122.076382808636,-1.209468267815567e-05,0.0004709259469753142,-0.00144404638492997,3.206705817233475e-10,0.6370297465877608,0.02100457173065881,-0.6366833640076347,0.0002995766724888512,9.877842816335843e-06,-0.0002994137787757741
234422.8815319923,2.769190313829651,-91.46008314372307,-53.91545735131059,-2115.262717369953,-1.204211039265949e-05,0.0004724475763243557,-0.001436099220380407,3.209636253762865e-10,0.636625551884203,0.02120043374335759,-0.6362724533727353,0.0003003500805143906,1.000203646069748e-05,-0.0003001834941025902
234963.2820848307,2.733580982687451,-91.45431728445115,-53.53923982677317,-2108.833949400735,-1.203116257159487e-05,0.0004738902562649232,-0.001428441687692953,3.212016348729132e-10,0.636152337355909,0.02133462565748808,-0.6357944872924278,0.0003010401321651447,1.009597568142055e-05,-0.000300870790288868
235504.928389601,2.697569725737957,-91.45067454511387,-53.24193897410437,-2102.391970196595,-1.203782565109223e-05,0.0004753438450051983,-0.001420802853942617,3.214448280510764e-10,0.6357733891104147,0.02144842817223555,-0.6354114944112069,0.0003017807504750948,1.018086453631719e-05,-0.0003016089709451703
236047.8233180577,2.661688243920224,-91.42188987823886,-52.01615933386255,-2095.587424213674,-1.183747896946412e-05,0.0004768993401374374,-0.001412947141628246,3.217468828731699e-10,0.6352246157079113,0.02183509288249761,-0.634849227076852,0.00030250070502692,1.039810301419581e-05,-0.0003023219409759898
236591.9697485759,2.626399572646259,-91.4297354856764,-52.15135135242354,-2089.499862532962,-1.193741843731149e-05,0.0004782854813330096,-0.001405602362858549,3.219421090012688e-10,0.6349461248878219,0.02182502029135872,-0.6345709180220468,0.0003032455225664836,1.042346653339521e-05,-0.0003030663265723312
237137.3705661655,2.59015685459695,-91.41219775635474,-51.34767089238292,-2082.859172746959,-1.182870154971186e-05,0.0004798176644884261,-0.001397912662671111,3.222257360621899e-10,0.634519461710216,0.02209099107550117,-0.6341347927706887,0.0003040077674977145,1.058412433965998e-05,-0.0003038234668535448
237684.0286624876,2.545729861329442,-91.43040249776561,-51.82428086933405,-2075.426784903351,-1.202396606840908e-05,0.0004815283650932773,-0.001389720772158975,3.226359179945221e-10,0.633961297524003,0.02195690302795896,-0.6335809507614147,0.0003048231903174127,1.055738458579816e-05,-0.0003046403108355707
238231.946935869,2.50608768286235,-91.43589331439038,-51.85299366678261,-2068.632578379437,-1.210972622082065e-05,0.0004831075778695661,-0.001381985516739483,3.229511026155107e-10,0.6335591396573518,0.02196909201864247,-0.6331781285224879,0.0003056271123408182,1.059782699692209e-05,-0.0003054433136618486
238781.1282913177,2.456170204598523,-91.4453788132471,-51.98280605966604,-2060.195943776249,-1.223957272206346e-05,0.000485081895090593,-0.001373183762620595,3.235277995034885e-10,0.6330913896996733,0.0219350563699705,-0.6327112777672844,0.0003066483099469419,1.062460819066456e-05,-0.0003064641964310197
239331.5756405388,2.414157023685437,-91.43168427840136,-51.30404609762069,-2052.752511425592,-1.216766487285712e-05,0.0004868466821976593,-0.001365075662345436,3.239541437926494e-10,0.6327681579917734,0.02216209145825239,-0.6323799360119658,0.0003076024128340481,1.077347638295022e-05,-0.000307413689656063
239883.291901949,2.367705867892146,-91.41712179863663,-50.57987404261291,-2044.582436784481,-1.209212945828103e-05,0.0004887982815634635,-0.001356515490483308,3.245006012441276e-10,0.631898884261141,0.02237931518377003,-0.6315024672813088,0.0003084067072338013,1.092252428020052e-05,-0.0003082132306215034
240436.2800006933,2.320649552577696,-91.4039140610675,-49.90699084325737,-2036.369413982279,-1.202783551823204e-05,0.0004907752591748682,-0.001347959044265247,3.250600263880588e-10,0.631298361721542,0.0225907594606965,-0.6308940315927009,0.00030935546392776,1.10701615863321e-05,-0.0003091573298248193
240990.5428686594,2.274183808725036,-91.36967433586453,-48.48802887189387,-2027.949353901704,-1.17834404836585e-05,0.000492827220894226,-0.001339298049506349,3.256589564929788e-10,0.630500327712902,0.02302610632919019,-0.6300797264421334,0.0003102491137707703,1.133041295654286e-05,-0.0003100421492922899
241546.0834444941,2.230832163530279,-91.33079086242716,-46.92638461468914,-2020.002052012332,-1.149421088378102e-05,0.0004947819816537116,-0.001330981264730015,3.261882561968562e-10,0.630103529850956,0.02352644822558586,-0.6296641680805121,0.0003112760669019604,1.162224924143053e-05,-0.0003110590187545183
242102.9046736177,2.187688931658991,-91.28894321008224,-45.27178913037678,-2012.070694271012,-1.117690035052071e-05,0.0004967489485185926,-0.001322706133060572,3.267208844136127e-10,0.629431854227971,0.02404837791108601,-0.6289722844742106,0.0003121725346363973,1.192701487217496e-05,-0.0003119446067774719
242661.0095082416,2.143048349845004,-91.25276993670488,-43.82472458281048,-2004.01647987522,-1.090709198375073e-05,0.0004987593713600839,-0.001314381447007573,3.272795301779686e-10,0.6286679771166069,0.02450350568765549,-0.6281902607179625,0.0003130485175397585,1.220164921590208e-05,-0.0003128106361526931
243220.4009073815,2.098118905544322,-91.20952507488209,-42.13865318421046,-1995.831566342049,-1.057400040872683e-05,0.0005008210325563623,-0.001306002531765981,3.278658959411621e-10,0.6278725736872705,0.02503382147596776,-0.6273733151569217,0.0003139370438566788,1.251694092074736e-05,-0.0003136874139895587
243781.0818368752,2.054981935214903,-91.15571617776101,-40.10137830067146,-1987.796095996097,-1.014469323955155e-05,0.0005028650503097774,-0.001297752771268142,3.284341427090899e-10,0.6270849438091187,0.02567873618682989,-0.6265589591251032,0.0003148140996010922,1.289144045214323e-05,-0.0003145500406465007
244343.0552693971,2.013968924013292,-91.11495003530791,-38.54148739562106,-1980.345082264162,-9.823862066643126e-06,0.000504771306120597,-0.001289914741069961,3.289116507644743e-10,0.6264236726455701,0.02618496035294118,-0.6258761582789995,0.0003156670884455042,1.319511148224222e-05,-0.0003153911852931736
244906.3241844746,1.966102154280575,-91.05964676499305,-36.46722092734204,-1971.581183241577,-9.37831432097425e-06,0.0005070336476310565,-0.001281252707804745,3.29613861440138e-10,0.6253880573934603,0.02683280267000052,-0.6248121501949516,0.0003165491371399979,1.358180801794972e-05,-0.0003162576334494407
245470.891568503,1.926699013705036,-90.99357611701515,-34.06198070388476,-1964.028796658782,-8.827619194451314e-06,0.0005090044074231661,-0.001273409198808568,3.301203375478734e-10,0.6248067568241913,0.02761582255077854,-0.6241961628510768,0.0003174748160226066,1.403206365466423e-05,-0.0003171645629609011
246036.7604147627,1.880829696629176,-90.93299189452139,-31.84671367916933,-1955.559329657446,-8.325445208979989e-06,0.0005112270677593305,-0.001265001755427848,3.307875345040091e-10,0.6239050728530303,0.02832323821406404,-0.6232618503557028,0.0003183925246357085,1.445397338988895e-05,-0.0003180642740031402
246603.9337234339,1.838218289175988,-90.87786306413425,-29.84464020159259,-1947.72759701284,-7.86516715247513e-06,0.0005132983012868499,-0.001257037834638707,3.313537682658809e-10,0.622944837900577,0.02896667749419363,-0.6222710041950561,0.0003191828216330409,1.484186928507248e-05,-0.0003188375645085667
247172.414501613,1.791696429077138,-90.80715253516513,-27.31809933736947,-1939.048921349948,-7.264182655407055e-06,0.0005156144052521184,-0.001248558506628328,3.32071317595388e-10,0.6219426662470747,0.02977511447644609,-0.6212295249394016,0.000320098600156543,1.532451941418168e-05,-0.0003197315638577192
247742.2057633285,1.748740151281551,-90.73320110400506,-24.71074804246249,-1930.908558525376,-6.626609162363756e-06,0.000517806111074562,-0.001240457356875803,3.327043078421399e-10,0.6212907709616562,0.03063329247819423,-0.6205351105892998,0.0003211138775428589,1.583280452460565e-05,-0.0003207233147925106
248313.3105295571,1.700434087210413,-90.67468372471225,-22.63597457192286,-1922.213052860104,-6.125420845338443e-06,0.0005201615625498882,-0.001232031051360145,3.334407004719784e-10,0.6202610204254677,0.03130370304314909,-0.6194705898063514,0.0003220330415922158,1.625255557276494e-05,-0.00032162265827284
248885.731828239,1.653800873154061,-90.59696831396666,-19.93754066849162,-1913.494520527032,-5.444650336275539e-06,0.0005225473270689562,-0.001223622219257245,3.341895832442555e-10,0.6190822451676607,0.03217134102662959,-0.6182457691714355,0.0003228875124494855,1.677923144676728e-05,-0.0003224512414115853
249459.4726942955,1.599935819364857,-90.53150496156826,-17.66196667990013,-1903.890262838155,-4.872118721884239e-06,0.0005251951587329873,-0.00121468045756095,3.35102925188035e-10,0.6180135657678901,0.03290949738421857,-0.6171367210392364,0.0003239568791878236,1.725084797286697e-05,-0.0003234972454555543
250034.5361696431,1.548499946828152,-90.43530381963183,-14.39137034170149,-1894.191779688064,-4.010783186637405e-06,0.0005278991758154877,-0.001205713376718682,3.360440298110269e-10,0.616918529872206,0.03397408368897074,-0.6159823326501976,0.0003250403030392998,1.790016983285154e-05,-0.0003245470420753129
250610.9253032114,1.490085300880122,-90.32112652277507,-10.55469193293176,-1883.16108052143,-2.976164823762808e-06,0.0005310053387574585,-0.001195935070430945,3.372350155522084e-10,0.6156921961479226,0.03522015816968153,-0.6146840008133891,0.0003262956650848717,1.866547116606553e-05,-0.0003257613562707025
251188.643150958,1.441791663641102,-90.17042100476743,-5.571403307364077,-1873.108039281697,-1.58794369686433e-06,0.0005338673114171854,-0.001186814816375639,3.382651867652814e-10,0.6141805875780674,0.0368349798093163,-0.6130750185908632,0.0003272422199981328,1.96260852429741e-05,-0.0003266531605959781
251767.6927758856,1.388650072939918,-90.00000438650332,-0.0001425539060825389,-1862.015498323369,-4.111615918991545e-11,0.0005370524578879352,-0.001177073068448389,3.394977029423855e-10,0.6124611835820245,0.03863859194255282,-0.611241164032161,0.0003282685679170843,2.070961488388874e-05,-0.0003276146586062571
252348.0772480574,1.35073907362853,-89.76190367850026,7.696613406869532,-1852.111463001236,2.243664590055127e-06,0.0005399149842529582,-0.001168119439261858,3.405281445010448e-10,0.6106635844141133,0.04114592097401024,-0.6092758213787031,0.0003290494631513052,2.217103418792167e-05,-0.0003283016820596571
252929.7996446145,1.324220188017221,-89.51113678956214,15.73140528706587,-1843.708499457947,4.627552850551336e-06,0.0005423456052757802,-0.001160145311946525,3.41293387408464e-10,0.6089754305338685,0.0437793842842317,-0.6073997369983001,0.0003296231694212325,2.369668574383639e-05,-0.0003287702859202096
253512.8630497907,1.306951484291696,-89.280924052934,23.05644087703873,-1837.034598771133,6.831077134143318e-06,0.0005442698250445393,-0.001153287188302708,3.417454930134113e-10,0.607395623115541,0.04618794092385181,-0.605636951558548,0.0003299454310523971,2.508990762787243e-05,-0.000328990097126915
254097.2705549305,1.297783531341667,-89.04049006456501,30.67239317355469,-1831.387379767563,9.142509604903515e-06,0.0005458810016904718,-0.001147097540912432,3.420108741326206e-10,0.6060905540470061,0.04871258690641241,-0.6041298234501356,0.0003302283484697195,2.654104575030988e-05,-0.0003291600446948542
254683.0252585041,1.282060224825367,-88.89011694839047,35.38166980116912,-1826.288614553181,1.06041662274574e-05,0.0005473531395455758,-0.001141273000913839,3.421769256560435e-10,0.6048300155956154,0.05028163567448804,-0.6027363477336426,0.0003304428270731239,2.747086853117995e-05,-0.0003292989725860393
255270.1302661247,1.25316127733941,-88.8031566406591,38.02969093586137,-1820.308261519658,1.147211257172839e-05,0.0005491178281364522,-0.00113491953590433,3.425115266232513e-10,0.6040040737610448,0.05121481775020552,-0.6018288490615508,0.0003310624926611103,2.8071508061178e-05,-0.0003298702236973792
255858.5886905646,1.213590463061876,-88.75720371478819,39.34162471238385,-1813.455314896614,1.195733026374079e-05,0.0005511740879356519,-0.001128046468633982,3.430151270717769e-10,0.6031785358740201,0.05171525451529806,-0.6009574682034865,0.000331850560803088,2.84521666343918e-05,-0.0003306285966445323
256448.4036517717,1.145632166093021,-88.75613326033572,39.15271176239637,-1803.193729459658,1.203572812284763e-05,0.0005543102509043622,-0.001119083571233732,3.441737495240904e-10,0.6022874276902273,0.05173856124559262,-0.6000610525887734,0.0003332427038750379,2.86266942516245e-05,-0.0003320108613617485
257039.5782768863,1.052309689245649,-88.71426971803068,40.14274915996302,-1788.574211052847,1.25422215879117e-05,0.0005588230639625137,-0.001107457570091045,3.461889226016208e-10,0.6008661540129991,0.05214234278476441,-0.598599458007848,0.000335165164027565,2.908517438620616e-05,-0.0003339007933631613
257632.1157002576,0.9490253548979971,-88.62885283821971,42.41109686309476,-1771.88344680057,1.350082976087329e-05,0.0005640480567759193,-0.001094599593589155,3.486462358564661e-10,0.5989187582586082,0.05295118146533239,-0.5965734249658281,0.0003372109659627305,2.981325731508082e-05,-0.0003358904661549396
258226.0190634596,0.8379851705182508,-88.45079534038882,47.400440720338,-1752.630491104777,1.541999047922794e-05,0.0005701538862452908,-0.001080215723746844,3.516655036655799e-10,0.5964121528590191,0.0546637085791369,-0.5939017890546425,0.0003394583269433849,3.111279837247193e-05,-0.0003380295098192404
258821.2915153092,0.7234495951132113,-88.16122219691026,55.57529638061656,-1731.115448250319,1.852602936378278e-05,0.000577067469091698,-0.00106450122027725,3.552172924560272e-10,0.5931844269996247,0.05744037604586579,-0.5903967882996847,0.0003417629224772585,3.309424504773829e-05,-0.0003401568257802817
259417.9362118814,0.6054784995310306,-87.76017124285649,66.77798287819896,-1707.339161620712,2.287335277967435e-05,0.000584812078399174,-0.001047465996662506,3.593356695409905e-10,0.5894178940319381,0.06126800183930595,-0.5862249446719782,0.0003442328329232365,3.578184180398762e-05,-0.0003423680812509707
260015.9563165272,0.5011520636369716,-87.20786811051487,82.07844400370711,-1682.952430283731,2.891037092062955e-05,0.0005927838860965746,-0.001030129850731584,3.63704178939386e-10,0.5849350738229916,0.06649394800833026,-0.5811433519077492,0.0003464147792239628,3.937956082627711e-05,-0.0003441692163077872
260615.3549998895,0.4021826315581612,-86.49308321601086,101.5165251663138,-1656.498720137102,3.685755382962533e-05,0.0006014241587380338,-0.001011605626749543,3.686625536011106e-10,0.57930898708499,0.07311543149118928,-0.5746764621900694,0.0003483191637711747,4.396186926760614e-05,-0.0003455337811281964
261216.1354399207,0.3239836087724926,-85.57447261347241,126.0927587234539,-1629.231776489268,4.722052508375174e-05,0.0006101316264932104,-0.0009926656721797175,3.739704265285651e-10,0.5729615239145461,0.08150251555527878,-0.5671351230920552,0.0003498756666737495,4.97690434266294e-05,-0.0003463178084459402
261818.3008218985,0.2685971415932333,-84.39025857838134,157.1670321281402,-1600.112080000799,6.079821100462264e-05,0.0006189844686487264,-0.0009726812305852426,3.799003797896003e-10,0.5653744918991116,0.09205583131794998,-0.5578297589861442,0.0003508847868191602,5.713202701975351e-05,-0.0003462023470598397
262421.8543384442,0.2587230551352448,-82.85392591078607,196.8775879761988,-1570.331234006756,7.860323064570985e-05,0.0006269535778329299,-0.0009523824866409287,3.862147559897624e-10,0.5568505177987496,0.1054482481750374,-0.5467752427913605,0.0003510912677110009,6.648455545309947e-05,-0.0003447388608049888
263026.7991895381,0.3078680771843179,-80.85960322284693,247.6712711269442,-1539.313014745689,0.0001018877164639892,0.0006332469942198104,-0.00093142324667048,3.93091081254437e-10,0.546533179218532,0.1221878569437957,-0.5326993932812374,0.0003497797313416922,7.819989233980028e-05,-0.0003409261463946554
263633.138582538,0.4853938035042036,-78.20143295027732,315.8020859438794,-1511.848211301105,0.0001323886859637245,0.0006337880811412027,-0.0009127005706753311,3.993116134022136e-10,0.5355244016348099,0.1438834635478191,-0.5158332421081493,0.0003459775033755746,9.295643922730476e-05,-0.0003332559575584151
264240.8757321946,0.8503205831362919,-74.80780916619943,405.6503469973886,-1493.845992460516,0.0001692941019800877,0.0006234416355418127,-0.0008997584997374495,4.0319422710364e-10,0.5248437756421744,0.1707678372689145,-0.4962855373520678,0.0003383150547600431,0.0001100771942016426,-0.000319906373168752
264850.0138606701,1.472845477966985,-70.9565265863977,517.9974122370122,-1500.673827646565,0.0002055265333362638,0.0005954243827834753,-0.0009017921281447713,4.004366535402099e-10,0.5179119896783623,0.2010983191866857,-0.4772759108449639,0.0003255127550344724,0.0001263922620364752,-0.0002999725817261229
265460.5561975539,2.35065628882665,-67.39562827020384,645.6877042152714,-1550.831545240793,0.0002288057201160587,0.0005495522466526896,-0.0009297897580845531,3.865943523896781e-10,0.5181851936701573,0.2305457302839349,-0.4640738747083545,0.0003077830222960935,0.0001369357181776536,-0.0002756428810995992
266072.505979881,3.339157337380183,-65.347224026438,760.9647294095771,-1658.054366057952,0.0002286407298627705,0.0004981817760486498,-0.0009917881116704923,3.607624811093938e-10,0.52663535343042,0.2510846371085244,-0.4629268846058349,0.000288029912239425,0.0001373244039162122,-0.0002531861734647212
266685.866452148,4.226185808848946,-65.34072655164542,831.0445978243558,-1810.208787477429,0.0002094635129524977,0.0004562603412562501,-0.001080311005559473,3.296791356125332e-10,0.5404573619374166,0.2578012768538611,-0.475008064905082,0.0002707273028865129,0.0001291384839557925,-0.00023794227133867
267300.6408663312,4.873303557846194,-66.99890334223315,838.3226339272853,-1974.859264972908,0.0001821310521955362,0.0004290510375255089,-0.001175861804567994,3.014976836201588e-10,0.5557907032677915,0.2509454754513056,-0.4959129703782957,0.00025847693795082,0.0001167051152635303,-0.000230630101079105
267916.8324819031,5.257896414033945,-69.56699227187644,789.8915366812931,-2120.214924365371,0.0001542985955039087,0.0004141659579877235,-0.001259505356583935,2.801820086272624e-10,0.5699553395006216,0.2343760600505225,-0.5195353226686927,0.0002513377415070754,0.0001033546762594384,-0.0002291036254649502
268534.4445658507,5.436813901314884,-72.36619971565554,709.157438564173,-2230.980229502575,0.0001294041107020642,0.0004071000272904039,-0.001322256934449071,2.656589244184123e-10,0.5823070080968845,0.2133313731595935,-0.5418220897163454,0.0002481817441386352,9.092274613571015e-05,-0.0002309268983008177
269153.4803926916,5.462686464707857,-75.05612659436191,615.043126094551,-2304.399330692708,0.0001081197882007223,0.0004050954428943243,-0.001362629767232831,2.566033909835396e-10,0.5921753145657531,0.1909352756416879,-0.5605491269252689,0.0002477197783982445,7.987236719762793e-05,-0.0002344898581344674
269773.9432444921,5.396955922952927,-77.46029606291842,522.2445500683373,-2347.991774821375,9.026307888220533e-05,0.0004058193939175402,-0.001385213459860579,2.512601185966961e-10,0.6003689820541489,0.1696566101140366,-0.5758989054142651,0.0002490246727346026,7.037119350562904e-05,-0.0002388748265413693
270395.8364108843,5.269540675260687,-79.55479784797537,436.5862325664804,-2368.246908430041,7.528385992257277e-05,0.0004083746925967582,-0.001393949725490552,2.485382022338498e-10,0.6071339183167223,0.150260092602047,-0.5882461213997425,0.0002515369887612605,6.225310443682066e-05,-0.0002437117307456923
271019.1631890843,5.115811868726022,-81.38540841087851,359.7997750507297,-2374.974210938522,6.235742986485564e-05,0.0004116102845493964,-0.0013946943121617,2.472641952579779e-10,0.6127154876607795,0.1326931475513863,-0.5981745543002418,0.0002544892021477135,5.511362766386735e-05,-0.0002484496771088833
271643.9268839082,4.953222830207756,-83.01812578128585,290.7575446541535,-2374.239383406481,5.081794488439803e-05,0.000414964180110379,-0.001391056072142873,2.467718556942332e-10,0.6174547103386019,0.116584609702072,-0.6063483718951855,0.0002575374452749578,4.862689042340375e-05,-0.0002529050439325048
272270.1308077913,4.774111918950313,-84.50892250274291,227.4620595800232,-2366.145969149216,4.02560232544941e-05,0.0004187583077963294,-0.001383125743355631,2.470464392163065e-10,0.6220650793014443,0.1016186292291366,-0.6137089025587811,0.0002610864634163954,4.265027792984429e-05,-0.0002575792988028887
272897.7782808041,4.561173744345967,-85.93478459024226,166.9520058793287,-2349.097770584781,3.010241489101973e-05,0.0004235559515279115,-0.001370002073120643,2.482670243447972e-10,0.6259220739035558,0.08694840115138039,-0.6198535457162014,0.0002651600152093452,3.68340410619241e-05,-0.0002625891983400472
273526.8726306712,4.314719962904711,-87.17871763306724,114.4096223758989,-2321.600177354249,2.117552861475898e-05,0.000429693848879887,-0.001350851346177814,2.506297975915501e-10,0.6291133158176256,0.07394430754153664,-0.6247525938491574,0.0002700181564489816,3.173721665120549e-05,-0.0002681465157173241
274157.4171927883,4.062094845535856,-88.14690324961441,74.03505322257955,-2288.286841122068,1.412414265104407e-05,0.0004365511789847406,-0.001328405285203773,2.536936918145417e-10,0.6309854865066761,0.06366468886827614,-0.6277654749772181,0.0002749509673746301,2.774179147740533e-05,-0.0002735478522413749
274789.4153102397,3.82055870974694,-88.90123952246205,43.23265483462641,-2254.126401343804,8.505417758354788e-06,0.0004434677166346551,-0.001305564694778268,2.56946002808814e-10,0.632006425958044,0.05558352453098524,-0.6295574590559418,0.0002796611699544718,2.459556242163959e-05,-0.0002785775085850743
275422.8703338166,3.606442100898807,-89.45876151576641,20.99623809210083,-2222.606263796551,4.249889775979087e-06,0.0004498820976930022,-0.001284347857538096,2.599905709171574e-10,0.6324870562283819,0.04959244095930068,-0.6305398211819319,0.0002838793398400967,2.22585889496872e-05,-0.0002830053617972953
276057.7856220346,3.415321878762106,-89.86130741754822,5.30955460983569,-2193.444455904892,1.103576044299746e-06,0.0004559012824832098,-0.001264581351212983,2.62841229661605e-10,0.6325927501943259,0.04526889026405683,-0.6309709305290392,0.0002877104141006606,2.058880877112205e-05,-0.000286972791977497
276694.1645411511,3.245834532414479,-90.1853626664772,-7.012343222206106,-2167.514511072388,-1.492569599820179e-06,0.0004613530975139508,-0.001246757947471197,2.653738456071465e-10,0.6324076141204409,0.04178765959954081,-0.6310255002000326,0.0002910631981372093,1.923261133189806e-05,-0.0002904270854641772
277332.0104651841,3.095144456877122,-90.44041763239848,-16.48293372014998,-2144.291840994424,-3.58460300991473e-06,0.0004663268758987806,-0.001230563487256464,2.676308901294354e-10,0.6321149890332348,0.03906073148530294,-0.6309069809538642,0.0002940688641952954,1.817160665670675e-05,-0.0002935068816921079
277971.3267759288,2.961038008256029,-90.64532874605332,-23.91891110626594,-2123.560610021882,-5.303431795625148e-06,0.0004708474733273656,-0.001215863420016206,2.696220898704152e-10,0.6319055168509785,0.03689270139042002,-0.6308276395425454,0.0002968279422580932,1.732978166203156e-05,-0.0002963216258944328
278612.1168629771,2.841479136753577,-90.80861449302211,-29.70973224470342,-2104.994735814993,-6.703632619680522e-06,0.0004749659559042597,-0.001202461404620601,2.713745507812016e-10,0.6315682984742257,0.03517700821486711,-0.6305878953252114,0.0002992719687450622,1.666881084509363e-05,-0.0002988073995428427
279254.3841237338,2.724498588046225,-90.9830615005349,-35.81664275210817,-2087.296763664931,-8.218425440160045e-06,0.0004789475368307069,-0.001189609247064836,2.730460711701148e-10,0.6311624506803142,0.03333668530451642,-0.6302814486891453,0.0003015977722971585,1.592976580399599e-05,-0.0003011767899690122
279898.1319634363,2.617627448719644,-91.1545178162787,-41.7467557538718,-2071.504781200854,-9.724661726948433e-06,0.0004825448804142418,-0.001177893625991327,2.744948442329317e-10,0.6308366984727241,0.0315355403874546,-0.6300479742308818,0.0003037197519178316,1.518295705728762e-05,-0.000303340016351331
280543.3637951713,2.513343521643549,-91.2673986985061,-45.47316000641553,-2055.387297437631,-1.075858803956411e-05,0.0004862882894385325,-0.001166040942584296,2.760110463182278e-10,0.6303558305252233,0.03037260232907779,-0.6296236797523611,0.0003058518559006221,1.473694117041769e-05,-0.0003054966126208187
281190.0830398941,2.418294755323286,-91.37918456071402,-49.13858041334087,-2040.980988183944,-1.178943576576738e-05,0.0004896766259208891,-0.001155205082321378,2.773199877716912e-10,0.6299065630715666,0.02922502524839374,-0.6292282384793806,0.0003077738141948087,1.427941542119764e-05,-0.0003074423832187903
281838.2931264454,2.327942916853882,-91.46397896788268,-51.80540712797107,-2027.068194583084,-1.259954334588472e-05,0.0004930013100683474,-0.001144691587411512,2.785811790773359e-10,0.6292764020065609,0.02836727067264605,-0.6286366900499109,0.0003095612970951912,1.395477261895343e-05,-0.0003092466022132023
282487.9974915708,2.243210554018077,-91.53890705196831,-54.10854356357289,-2014.056432801449,-1.332935804528722e-05,0.0004961523180656793,-0.001134727987711921,2.797360876152296e-10,0.6287233898363719,0.02762289653325951,-0.6281162921899505,0.0003112731589067237,1.367575375921519e-05,-0.0003109725923853866
283139.1995799379,2.156987743496543,-91.61876561447684,-56.54876433829126,-2000.995931222825,-1.411185156336736e-05,0.0004993523358245641,-0.00112477676716385,2.8091435075984e-10,0.6281188555738386,0.02682377744260788,-0.627545840310569,0.0003129879480304326,1.336613124361128e-05,-0.0003127024178798101
283791.9028441557,2.084999928612938,-91.66505147478985,-57.84189361802112,-1989.826405067769,-1.45963846959185e-05,0.000502132103044025,-0.001115925807211005,2.8184150026946e-10,0.6276941315239757,0.02640127431654216,-0.6271386572872866,0.0003145210897274847,1.322898709929379e-05,-0.0003142427561355889
284446.1107447915,2.016375068680067,-91.69561279554316,-58.58458552816938,-1979.030543925489,-1.494507002281204e-05,0.000504855497219977,-0.0011073186860276,2.827272276185222e-10,0.6270043987035724,0.02614049438176161,-0.6264592489117752,0.0003158807240784412,1.316941047008996e-05,-0.0003156060811711184
285101.826750391,1.949645637642226,-91.75878451615418,-60.46467797608295,-1969.134150097816,-1.557908133796198e-05,0.0005073590419495336,-0.001099247371268188,2.834946239468935e-10,0.626701261252779,0.02554003687514048,-0.6261806267940908,0.0003173005125857561,1.293098848363815e-05,-0.0003170369139769368
285759.0543374947,1.884479733940974,-91.79112468522739,-61.26230785287265,-1959.064173455448,-1.594672644491965e-05,0.0005099491278905802,-0.001091110648313627,2.842964712352677e-10,0.6261932382389646,0.02526889316437832,-0.6256831903243428,0.0003186636411148362,1.285909366467756e-05,-0.0003184040826978954
286417.7969906581,1.825377301366049,-91.82455497277242,-62.11893702661074,-1950.037029591767,-1.631916068464453e-05,0.0005122909236724789,-0.001083585013685058,2.849556505740487e-10,0.625551243115769,0.02498114093867328,-0.6250522381058131,0.0003198009171497132,1.277112286411916e-05,-0.0003195458105351834
287078.0582024691,1.76423016118885,-91.86687120107663,-63.26231171845426,-1940.884114919415,-1.677585617222754e-05,0.0005146823104371505,-0.001076018497519942,2.856409876570189e-10,0.6251709205255855,0.0246076149090707,-0.6246864374702679,0.0003211022451274939,1.263904019702723e-05,-0.0003208534034240795
287739.841473567,1.706256663149441,-91.89468695387289,-63.91347654847684,-1932.054017176432,-1.710326060183546e-05,0.0005170180865928674,-0.001068659611333076,2.86286498747608e-10,0.6245789631817571,0.02438449202225682,-0.6241027782328926,0.0003222553699175629,1.258132911946554e-05,-0.0003220096793549737
288403.1503126606,1.658625234843313,-91.9295850505477,-64.85379861121035,-1924.996269393297,-1.748167219254261e-05,0.0005188925625643167,-0.001062306952525517,2.866752760982148e-10,0.6243563971298154,0.02409916494174922,-0.6238911290329701,0.000323311173003437,1.247929759595342e-05,-0.0003230702427033013
289067.9882365476,1.604945927544462,-91.96432068619548,-65.74909361164053,-1917.033982735968,-1.786979558442492e-05,0.0005210262760766439,-0.00105547984157243,2.872038914645844e-10,0.6238304690723848,0.02380445864100234,-0.6233761319555637,0.0003243699638179575,1.237748358070669e-05,-0.0003241337244525358
289734.3587701322,1.55310984451629,-91.99969626728172,-66.6678987491964,-1909.409045052318,-1.826373910702189e-05,0.0005230845624610857,-0.001048863825451754,2.876876085554368e-10,0.6232912813491773,0.02350298951404235,-0.6228479998280497,0.0003253729210010982,1.226912132300153e-05,-0.0003251415174700832
290402.2654464451,1.502781415795573,-92.0372726616424,-67.6613562692151,-1902.090132438824,-1.867795461922219e-05,0.0005250730274161972,-0.001042440376002454,2.881303714249719e-10,0.6230453900988588,0.02318924988920005,-0.6226136979002432,0.0003264845315101901,1.21514925019298e-05,-0.0003262583187374751
291071.7118066605,1.45141256203835,-92.08596571380606,-69.01537758568027,-1894.826258378584,-1.919690912050682e-05,0.0005270536618608736,-0.001036071019919606,2.885697060877869e-10,0.6226875428451686,0.02275113543621442,-0.6222717749110245,0.0003275338661601634,1.196710522729967e-05,-0.0003273151720808288
291742.7014001168,1.405921342961725,-92.12741209703236,-70.1483615110868,-1888.377831282467,-1.964449466749479e-05,0.0005288252988058861,-0.001030170300169975,2.888891547963478e-10,0.6222782066280078,0.02239054350129609,-0.6218752527685003,0.0003284235154528747,1.1817191942883e-05,-0.0003282108460685139
292415.2377843335,1.353635744679927,-92.16680305644097,-71.16556145553481,-1880.901109632161,-2.008707416962628e-05,0.0005309000494364138,-0.001023731565198986,2.893704428858124e-10,0.6217768832707201,0.02204966965675418,-0.6213857937206794,0.0003294508352555829,1.168310093375488e-05,-0.0003292436149770758
293089.3245250321,1.306816511914033,-92.20539261659043,-72.17895764591218,-1874.272644468044,-2.051641473815683e-05,0.000532750210870718,-0.001017777623092958,2.897259296443408e-10,0.6216472153402074,0.02173122491752585,-0.6212672647128755,0.0003305344194596826,1.155465292051733e-05,-0.0003303323969026286
293764.9651961531,1.254027337256542,-92.25390178864447,-73.47959639186358,-1866.939760023319,-2.104911870925146e-05,0.0005348074644038694,-0.001011464015336568,2.901949340840071e-10,0.6211614574789744,0.02129339755207724,-0.6207963816567337,0.0003315583315321375,1.136581041855161e-05,-0.0003313634644343042
294442.1633798762,1.205065076164746,-92.29646567370007,-74.59529756067609,-1860.122201189672,-2.152437882841917e-05,0.0005367359101020061,-0.001005452614788616,2.9058865539654e-10,0.6207818020929375,0.02092440145771248,-0.6204290573735175,0.000332556170019371,1.120931506894083e-05,-0.0003323672027647102
295120.9226666385,1.161799207659571,-92.31532235266407,-74.95321937036391,-1853.80894199809,-2.177463901202501e-05,0.0005385495226003984,-0.0009997354779221332,2.909076613322952e-10,0.6203373946542371,0.02081046109122507,-0.6199882320783011,0.0003334412261256989,1.118595416348699e-05,-0.0003332535456820554
295801.2466551547,1.11502074155648,-92.35730848994524,-76.048822190496,-1847.368609560411,-2.224590211995634e-05,0.000540394710713832,-0.0009939709492404786,2.912504277126208e-10,0.6200209653528775,0.0204510189035941,-0.6196835912810013,0.0003344187836796225,1.103060259076313e-05,-0.0003342368152736062
296483.1389524342,1.067055713141684,-92.39268223535724,-76.91189013431593,-1840.6810093579,-2.266098739131218e-05,0.0005423303090282082,-0.0009880949126813198,2.916363136377811e-10,0.619605623772991,0.02016042895391894,-0.6192775517613336,0.000335396130794628,1.091295754407443e-05,-0.000335218543505052
297166.6031738027,1.024616601814949,-92.42719481554141,-77.77414455184348,-1834.819461508648,-2.306051253339372e-05,0.0005440352630356508,-0.0009826830601469638,2.918950926631436e-10,0.6192257086103797,0.01988088556445518,-0.6189064780669208,0.0003362484851788713,1.079560742086168e-05,-0.0003360751383924438
297851.6429429189,0.9804708646093694,-92.46895076860295,-78.85630584726334,-1828.848394881328,-2.353284002283525e-05,0.0005457774903394731,-0.0009772323541180645,2.921745784844756e-10,0.6189503914993921,0.01952701105573133,-0.6186422900000291,0.0003371815104267817,1.063760064185761e-05,-0.0003370136680110619
298538.261891796,0.9330098085021212,-92.52113176236888,-80.24938657311746,-1822.587520798087,-2.411147577088254e-05,0.0005476088568975687,-0.0009716470221085236,2.925039527515882e-10,0.6188490338006007,0.01906652319750548,-0.6185552475964423,0.0003382666100521687,1.042187644358402e-05,-0.0003381060247430983
299226.4636608189,0.8901768854028129,-92.56142794618656,-81.27655267016368,-1816.838424611576,-2.457335222768953e-05,0.0005493073842583155,-0.0009663544211249758,2.927546657778399e-10,0.6186012477802083,0.01873027058464791,-0.618317621226386,0.0003391861696202935,1.027002250376262e-05,-0.0003390306539230025
299916.2518987652,0.843325345644216,-92.61285789335668,-82.63112406867906,-1810.711664443294,-2.515020773463932e-05,0.0005511213240961466,-0.0009608806127904607,2.930696410186478e-10,0.6181917757749612,0.01826963352572514,-0.6179217524303831,0.0003400903693088362,1.005080730022973e-05,-0.000339941819388604
300607.6302628231,0.793535187879299,-92.66615181906103,-84.01683145989142,-1804.223906484661,-2.575400060140492e-05,0.0005530556528409116,-0.0009552357433859722,2.93447016654597e-10,0.6177794641186335,0.01778965158142561,-0.6175232745276226,0.000341066583040805,9.82139425275253e-06,-0.0003409251446902418
301300.6024186122,0.7458451659806081,-92.70778024048435,-85.03083141022016,-1797.885979324357,-2.624712781211294e-05,0.0005549674430827731,-0.0009496909014723188,2.938041906536913e-10,0.617211238130829,0.01743177024588868,-0.6169650280697322,0.0003419379701977154,9.65728387072669e-06,-0.0003418015686493757
301995.1720402016,0.6980371264266872,-92.74823727818826,-85.99877571708024,-1791.543810921617,-2.673239259647234e-05,0.0005568945849286664,-0.0009441642770233105,2.941661514177899e-10,0.6170680857968517,0.01709913646791471,-0.6168311292736792,0.0003430528148788252,9.506093464127817e-06,-0.0003429210812757606
302691.3428101306,0.6559871218399986,-92.78732950877904,-86.95515426551093,-1786.022208345611,-2.71952714357545e-05,0.0005585794097717962,-0.0009390895038197751,2.943969299895466e-10,0.6166543107948956,0.01677422245948319,-0.6164261224857425,0.0003438667601330936,9.35385909077472e-06,-0.0003437395148139656
303389.1184194271,0.6040417051525825,-92.8314735231003,-87.99784104803767,-1779.214870312704,-2.773027366406625e-05,0.000560674156017236,-0.0009333585954173757,2.948436181568077e-10,0.6163544415204872,0.01639868450219738,-0.6161362517565648,0.0003449969329362585,9.178965018068098e-06,-0.000344874803858766
304088.502567628,0.5563003798048315,-92.87448469233873,-89.02535542984378,-1773.012381195324,-2.824858008100103e-05,0.0005625934543364095,-0.0009279656489729047,2.951945691572594e-10,0.6160310146576873,0.01603530585366202,-0.6158222795469154,0.0003460046088860906,9.006510383812751e-06,-0.0003458873691552249
304789.4989627983,0.5078908182583082,-92.90530095066394,-89.65381015602203,-1766.55764512276,-2.865470780211361e-05,0.0005646184255693057,-0.0009224608539166984,2.955917563647265e-10,0.6156985096147295,0.01580331145523805,-0.6154956621202524,0.0003470673524190188,8.908277964899928e-06,-0.0003469530079115145
305492.1113215514,0.4605227872481112,-92.93332101833802,-90.19597543957735,-1760.234509420819,-2.903402831067762e-05,0.000566618392127622,-0.0009170450325651247,2.959713003368229e-10,0.6152030966629628,0.01559769304041226,-0.6150053350301247,0.0003480204702233622,8.823616941736272e-06,-0.0003479085964424501
306196.3433690677,0.4146198636237928,-92.96553580729928,-90.87608655387571,-1754.207726127543,-2.945259829051408e-05,0.0005685321346350075,-0.0009118032820093972,2.963050901539263e-10,0.6149151222323246,0.0153528187842636,-0.6147234325331776,0.0003490378449039666,8.714560087913882e-06,-0.0003489290380832177
306902.1988391158,0.3632980504397343,-93.00644181739632,-91.78492094117708,-1747.601156953633,-2.997025100274388e-05,0.0005706388891499142,-0.0009062801235519726,2.967411723143046e-10,0.614302190621799,0.01500726712037542,-0.6141188511487974,0.0003499903274631083,8.550186559598679e-06,-0.0003498858722891364
307609.6814740708,0.3183046403495317,-93.0241785983707,-92.00677932745043,-1741.532000058842,-3.025146674234928e-05,0.0005726088638861713,-0.0009010556008310916,2.970904371181737e-10,0.6138551238004932,0.01491473756632318,-0.6136739065818642,0.0003509439257569712,8.52682717829947e-06,-0.0003508403230017695
308318.7950249355,0.2702767717553748,-93.04716113784833,-92.36803788257212,-1735.158699681042,-3.059245731597335e-05,0.0005746876265133664,-0.0008956933166556025,2.974958622007984e-10,0.6133547971794284,0.01476514646472181,-0.613177052467632,0.0003519335628020993,8.472014280348488e-06,-0.0003518315756162495
309029.5432513591,0.2250676415911544,-93.06647143883899,-92.63202574593586,-1729.139091904632,-3.089276058122749e-05,0.000576667513721026,-0.0008905330890846564,2.978449234919835e-10,0.6128742214653847,0.01465576639930366,-0.6126989634788446,0.0003528708308462871,8.438260714647255e-06,-0.0003527699236304883
309741.9299216581,0.1785578607708638,-93.05265938384217,-91.8576629804267,-1722.457311466467,-3.087344300778007e-05,0.0005789194489982336,-0.0008850516152398264,2.983126460046939e-10,0.6122536781395953,0.01489729987871159,-0.6120724114447463,0.0003538806922418373,8.610592278729766e-06,-0.0003537759206647216
310455.9588128356,0.1376697013535368,-93.07769169886305,-92.32745160718019,-1717.158495579106,-3.122168727815974e-05,0.0005806787106407766,-0.0008802996202383026,2.985449633750354e-10,0.6117709529350064,0.01472733585054942,-0.6115936595761526,0.000354679605404388,8.538302845322733e-06,-0.0003545768180159751
311171.6337106018,0.09487387931688755,-93.09350903040438,-92.4961717816611,-1711.483465078918,-3.148558043738904e-05,0.0005825868170436819,-0.0008753723796709764,2.988459839548523e-10,0.6114349761607074,0.0146596734609653,-0.6112592118296972,0.0003556499902805518,8.527010928694434e-06,-0.0003555477544172913
311888.9584093937,0.0498982412674286,-93.09601219086379,-92.23863872424197,-1705.335669053447,-3.162455638770085e-05,0.000584684301198001,-0.0008702218980273016,2.992335298787232e-10,0.6107826213608533,0.01472666057567006,-0.6106050573199705,0.0003565454671393144,8.596714920695584e-06,-0.0003564418138071966
312607.9367123956,0.009019476374734624,-93.10127348073007,-92.09566559634598,-1699.798097339839,-3.178128879700192e-05,0.000586583243395281,-0.0008654011548616799,2.995179074130289e-10,0.6102463671581985,0.01476716692977423,-0.6100676678948385,0.0003573861517274406,8.648279195049418e-06,-0.0003572814978605997
313328.5724315585,-0.02959874420718134,-93.10458192529072,-91.90941007210564,-1694.549112944926,-3.191360975360994e-05,0.0005883965423825869,-0.0008607445709282773,2.997546791791924e-10,0.6096962690556598,0.01482826653872869,-0.6095159251503178,0.0003581638393739311,8.710810848485313e-06,-0.000358057897007505
314050.8693876218,-0.0704730711090488,-93.11238120283467,-91.84402998551498,-1689.092032839854,-3.209683106049651e-05,0.0005902887932099862,-0.000855999370063188,3.000314757933171e-10,0.6092025311812183,0.01484312364264685,-0.6090216791528298,0.0003590222547938753,8.747520644792168e-06,-0.0003589156729927619
314774.8314101316,-0.1122587388812604,-93.12408471142523,-91.89015942123315,-1683.597010247217,-3.232219896837436e-05,0.0005922022324318268,-0.0008512522591314027,3.003184306261855e-10,0.608592449325019,0.01481388880155531,-0.6084121284737846,0.0003598242032594354,8.758563700725136e-06,-0.0003597175903583085
315500.4623374628,-0.1451271114625632,-93.10312258689282,-91.0111827607294,-1678.779018033905,-3.219831651744414e-05,0.00059392545559603,-0.0008468639858703887,3.004876304669312e-10,0.6081544814110893,0.01513573600542691,-0.6079661032952125,0.0003605991996679249,8.974585334433442e-06,-0.0003604875027226644
316227.766016838,-0.1835342465771433,-93.10606659240361,-90.8180320587087,-1673.625266929258,-3.232798907537563e-05,0.0005957510652794798,-0.0008423224104271133,3.007197196349115e-10,0.6075665617259994,0.01520011531537029,-0.6073763935336572,0.0003613537443114251,9.040356940597325e-06,-0.0003612406406736006
316956.746304349,-0.2224802363026724,-93.10812169661472,-90.59483158436247,-1668.405998026873,-3.245049285904855e-05,0.0005976124242203458,-0.0008377643472373706,3.009666603223082e-10,0.6070693972065833,0.01527628971110656,-0.6068771605501616,0.0003621816079901589,9.113935238954745e-06,-0.0003620669183325056
317687.407064977,-0.2625964946785015,-93.13372876459222,-91.0697068278821,-1663.419589879816,-3.281485646771127e-05,0.0005993746657233499,-0.0008333394534304536,3.011745844802758e-10,0.6067210945051407,0.01510701767919429,-0.6065329871774134,0.0003630447718228492,9.039612823648694e-06,-0.0003629322137092589
318419.7521726124,-0.3000377685858436,-93.13390655719613,-90.80015310320515,-1658.40182056198,-3.291600318408276e-05,0.0006011879687478178,-0.0008289148068677492,3.013910599085669e-10,0.6060680412679418,0.01519957754911771,-0.6058774162226943,0.0003637459038260943,9.122381806854531e-06,-0.0003636314957486937
319153.7855100762,-0.3353373915233798,-93.133182864715,-90.51963666245639,-1653.661013857981,-3.300277615314598e-05,0.0006029123214120774,-0.0008246442201311244,3.015599369913684e-10,0.605823015906073,0.01531198935430623,-0.6056294820957312,0.0003646361388088119,9.216065631454144e-06,-0.0003645196535986447
319889.5109691397,-0.3748060841421453,-93.14143279497644,-90.47753951944212,-1648.542511614507,-3.319206497085629e-05,0.0006047747368391821,-0.0008202009775990707,3.018005178938956e-10,0.605095083809578,0.01531751795976808,-0.6049011771306718,0.0003653205301616006,9.247809032907797e-06,-0.0003652034608073201
320626.9324505466,-0.4096314638343313,-93.13486137996583,-90.02830556656701,-1643.80273439035,-3.321841703977573e-05,0.0006065261854976011,-0.0008159618053500549,3.019746128178053e-10,0.6044736469340994,0.01548225665713413,-0.6042753425108565,0.0003659945224250127,9.374140891053665e-06,-0.0003658744537784345
321366.0538640317,-0.4497678665790067,-93.14438142499294,-90.01942636948864,-1638.65430423532,-3.34235744054242e-05,0.0006084207184077502,-0.0008115354107942119,3.02226671769758e-10,0.6039926875256632,0.01548094124050009,-0.6037942588686824,0.0003668435083599411,9.40256879705659e-06,-0.0003667229899063417
322106.8791283435,-0.484813224747106,-93.15930441753588,-90.20447004296189,-1634.250981434735,-3.367204015666743e-05,0.0006100425471901221,-0.0008074932229078001,3.023440158133991e-10,0.603606275830379,0.0154253855756888,-0.6034091428721153,0.0003675858463129769,9.393794661500401e-06,-0.000367465795730004
322849.4121712634,-0.5218214273877202,-93.16380487043673,-90.06805217848027,-1629.453583296972,-3.381908826534091e-05,0.0006118333107570277,-0.0008032710686273251,3.025367505719913e-10,0.603187233009437,0.01547899885798528,-0.6029885891622953,0.0003684050192272391,9.454014541128829e-06,-0.0003682836947257895
323593.6569296283,-0.5561548792553923,-93.16346627414127,-89.80850785728407,-1624.932330704024,-3.390957265987736e-05,0.0006135360919586074,-0.000799199882578727,3.026807851658353e-10,0.6026435580477667,0.01558044557288956,-0.6024421198523741,0.0003690916575942575,9.542311380849629e-06,-0.0003689682858989204
324339.6173493492,-0.5923427065139698,-93.17140387661784,-89.77883322055251,-1620.321487892544,-3.409104473101357e-05,0.0006152725574709495,-0.0007950992120655608,3.028439765998436e-10,0.6020908419862854,0.01559476139498948,-0.60188884806149,0.0003697940491517507,9.578039657244818e-06,-0.0003696699878869959
325087.2973854344,-0.6315815924221307,-93.19432212015705,-90.16425597502048,-1615.578402709387,-3.443719277437168e-05,0.0006170514500960147,-0.0007909484338874334,3.030345123914631e-10,0.6017645997838211,0.0154578701103545,-0.6015660294636274,0.0003706648651561616,9.521479565455251e-06,-0.0003705425531408236
325836.7010020087,-0.6678624092405321,-93.19818138722128,-90.01336359927942,-1610.924379551996,-3.457823578079863e-05,0.0006188294803554212,-0.0007868560452659514,3.032110172955542e-10,0.6011965374772409,0.0155151295788316,-0.6009963040059194,0.0003713777446947655,9.584176675088808e-06,-0.0003712540542701603
326587.8321723358,-0.7031654969752716,-93.2045156974101,-89.94120656250647,-1606.444662353104,-3.474305049675075e-05,0.0006205474682572928,-0.0007828632411576554,3.03357238166345e-10,0.6008729564017848,0.01555289938773037,-0.6006716382980442,0.0003722049092310127,9.634092270610399e-06,-0.0003720802046895102
327340.6948788381,-0.7413586474047484,-93.21998884801866,-90.11312981111332,-1601.764927605195,-3.501209731810227e-05,0.000622341601535627,-0.0007787873915095036,3.035437894441683e-10,0.6002336180789314,0.01548697094064849,-0.6000337907178295,0.0003728837589570905,9.620987171113165e-06,-0.0003727596199963495
328095.293113119,-0.777987481422022,-93.22695486181483,-90.04896904665708,-1597.161911915021,-3.51886431444494e-05,0.0006241266408409879,-0.0007747633645927905,3.037184583513437e-10,0.5998066215218967,0.01551589309544168,-0.5996059041428483,0.0003736840355558964,9.666518072853333e-06,-0.0003735589871194208
328851.630875983,-0.8158634237756135,-93.24098079610417,-90.17897145792938,-1592.531032598881,-3.544370565294427e-05,0.0006259242066089336,-0.0007707402429180504,3.039010689924846e-10,0.5993776279492595,0.01547113304974261,-0.5991779242664387,0.0003744916125781257,9.666376077519063e-06,-0.0003743668375602905
329609.7121774578,-0.851881213016153,-93.2609878254853,-90.4921079049417,-1588.235379557534,-3.575801447952526e-05,0.0006275922289131605,-0.0007668933957683957,3.040221776837395e-10,0.5989075748585311,0.01536312122732602,-0.5987104957565731,0.0003751966997942736,9.624510734220784e-06,-0.0003750732359548481
330369.5410368147,-0.8914183563970902,-93.28047178342877,-90.76362646209755,-1583.518870330872,-3.607787067551643e-05,0.0006294370470079694,-0.0007628574199107778,3.042263931423169e-10,0.5983012154025961,0.01525750222481295,-0.5981066401387661,0.000375920019172705,9.586476479108928e-06,-0.0003757977651390737
331131.1214825911,-0.9247853707809157,-93.2794410804109,-90.49036012335117,-1579.248570468462,-3.616410912056064e-05,0.0006311403507849782,-0.0007590504185638117,3.043474302834284e-10,0.5981666445148202,0.01537838606815157,-0.597968928834984,0.0003768461738715626,9.688413761023546e-06,-0.000376721612600646
331894.4575526103,-0.9684262291603535,-93.31173593787871,-91.09525705512323,-1574.26801577326,-3.66341964239858e-05,0.0006330960093667412,-0.000754916301734469,3.046081083463661e-10,0.5973633976634104,0.01513480426789093,-0.5971716391187264,0.0003775125302406729,9.564660767997381e-06,-0.0003773913456256093
332659.5532940045,-1.007009867888342,-93.32421450969204,-91.16865600411468,-1569.608932781449,-3.688076409239466e-05,0.0006349591987471585,-0.0007509509884797421,3.048096203344605e-10,0.5971612529463357,0.01511355200556549,-0.5969699678930361,0.0003784941731433637,9.579307668375802e-06,-0.0003783729323935226
333426.4127632349,-1.049930573454205,-93.33714000699715,-91.22339501077452,-1564.454549750389,-3.714549988783611e-05,0.0006370344613398134,-0.0007467634995437133,3.051105192598815e-10,0.5966039930559388,0.01507893906923123,-0.5964134053882735,0.0003793757777078578,9.588578526095492e-06,-0.000379254584511896
334195.0400261143,-1.087936323509557,-93.35737704636196,-91.51765114619639,-1560.019085042115,-3.74759780943206e-05,0.0006388192914213596,-0.0007429336733505897,3.052742831940487e-10,0.596081278276313,0.01496945324078683,-0.5958932838866328,0.0003801071304734702,9.545671242294372e-06,-0.0003799872508352217
334965.4391578276,-1.127008152834827,-93.36483309613212,-91.44244078530625,-1555.275147171974,-3.767338478033597e-05,0.0006407580392158406,-0.0007389709462645927,3.05501185231042e-10,0.5956419613854207,0.01499530447776041,-0.5954531778458237,0.0003809764868058423,9.591094632140045e-06,-0.000380855739621552
335737.6142429546,-1.164434270656781,-93.35944981813515,-91.01808116147247,-1550.543895830223,-3.772816081036213e-05,0.000642720311161322,-0.0007350285313094714,3.057285989122256e-10,0.5950373539085612,0.01515048770562327,-0.5948444462788436,0.0003817470075684095,9.719815582724628e-06,-0.0003816232474214236
336511.5693754907,-1.202972981485002,-93.36676601068247,-90.94315994753799,-1545.893179066454,-3.792369550933067e-05,0.0006446442178464738,-0.0007311384312791191,3.059430913945788e-10,0.5944502839155312,0.01517431979280802,-0.5942565776380445,0.000382508600408216,9.764160238702913e-06,-0.0003823839569870645
337287.3086588689,-1.246281711473546,-93.38844845205988,-91.2358003422618,-1540.920767083061,-3.828995383979646e-05,0.0006466955386049663,-0.0007271105395853015,3.062244218890304e-10,0.5938418377804022,0.0150489378415522,-0.5936511246247637,0.0003833353106473646,9.71435304047665e-06,-0.0003832122019640247
338064.8362059816,-1.285065465536849,-93.39133077981271,-91.03424988379255,-1536.206889679603,-3.84399651958401e-05,0.0006486760691528156,-0.0007232190216771464,3.06457619049812e-10,0.5933776701135326,0.01512230967918644,-0.5931849417671786,0.0003842035752484265,9.791479756300338e-06,-0.0003840787863939576
338844.1561392025,-1.32310187186738,-93.39726086661609,-90.92290068739626,-1531.643350931306,-3.862159767661671e-05,0.0006506008149378584,-0.0007194121720499969,3.066637779851081e-10,0.5928776019231924,0.01516336210513744,-0.592683662092911,0.0003850148402873528,9.847090563365762e-06,-0.0003848888957204828
339625.2725904084,-1.360913407469436,-93.39334687701957,-90.54074377767223,-1526.969066237017,-3.869540110547772e-05,0.000652597692799926,-0.0007155671101459145,3.068950563095743e-10,0.5921629595174812,0.01530078424031945,-0.5919652495088992,0.0003857230860638327,9.966624256913937e-06,-0.000385594301725957
340408.1897010009,-1.400645752695573,-93.39893283546137,-90.40895132364928,-1522.234676737204,-3.887934659677341e-05,0.0006546197996106144,-0.0007117078280678835,3.07141513937919e-10,0.591915397634552,0.01535217335111057,-0.5917162738426816,0.000386752306140504,1.003097481758128e-05,-0.0003866222004091426
341192.9116219284,-1.438010272450223,-93.40039221736656,-90.17996973510553,-1517.726074772207,-3.901150705769709e-05,0.0006565624456467064,-0.0007079678352964108,3.073454132533413e-10,0.5912439279833367,0.01543530827400251,-0.5910424127214996,0.0003874540973396887,1.011506951938122e-05,-0.0003873220403152021
341979.4425137089,-1.474987139543817,-93.39605590995311,-89.79534103237739,-1513.186988273257,-3.907886528841829e-05,0.000658537846073732,-0.0007042270939908108,3.07558357885935e-10,0.5905608183481326,0.01557788760810157,-0.5903553248558747,0.0003881625578774308,1.023900081485478e-05,-0.0003880274915521621
342767.7865464503,-1.51493430729197,-93.40585125956913,-89.77844307208129,-1508.540848899031,-3.931175500960117e-05,0.0006605526476582023,-0.000700450107570971,3.077960604958016e-10,0.5899748357698814,0.01557748320711349,-0.5897691487850401,0.0003889611945335781,1.026999137710499e-05,-0.0003888255883170527
343557.9478998746,-1.549655353449966,-93.39746120101408,-89.30060401356972,-1504.226011723174,-3.932785682443569e-05,0.0006624589595346023,-0.0006968402470575994,3.079690243833849e-10,0.5894029228948784,0.01576469123874924,-0.5891920569959959,0.0003896955655237005,1.042314184228538e-05,-0.0003895561473048171
344349.9307633384,-1.583840679873099,-93.38426453417902,-88.69770231124797,-1499.910080267425,-3.928853619043237e-05,0.0006643832921871314,-0.0006932427805016348,3.081448457406586e-10,0.5887018894584809,0.01599763880688157,-0.5884844859506408,0.0003903507363657128,1.060755910622797e-05,-0.0003902065825573194
345143.7393358563,-1.623105161776743,-93.38645226756296,-88.48052475070078,-1495.2686697996,-3.943584823201913e-05,0.0006664425702091366,-0.000689508088737121,3.083904338610087e-10,0.5882587004630409,0.01607947177476341,-0.5880389011433769,0.0003912600490523878,1.069470780521959e-05,-0.0003911138570920722
345939.3778261219,-1.660613355090046,-93.3817143551358,-88.08849970781897,-1490.734186953757,-3.950071913718793e-05,0.0006684762780882934,-0.0006858361027897202,3.086170533962777e-10,0.5876552568020417,0.01622802684467067,-0.5874311465966051,0.0003920427677794951,1.082621228372297e-05,-0.0003918932570175135
346736.8504525317,-1.697448713344684,-93.37927626303055,-87.76451298923728,-1486.325389852086,-3.958945733580345e-05,0.000670462509327507,-0.0006822350509592938,3.088205805331948e-10,0.5869499573443121,0.01635011379262358,-0.5867221882675463,0.0003927279384915565,1.093985339556418e-05,-0.0003925755383101592
347536.1614432058,-1.735293635615117,-93.37356936860228,-87.34722023710704,-1481.766571753095,-3.964450516194071e-05,0.0006725331652592312,-0.0006785782331930832,3.090582482287725e-10,0.5862907205578498,0.01650685369569783,-0.5860583015309241,0.0003934892385084948,1.107858109149517e-05,-0.0003933332503908032
348337.3150360119,-1.77000172779508,-93.35722579033707,-86.66740368352687,-1477.407991570987,-3.956971911830715e-05,0.0006745398704117179,-0.0006750261159866919,3.09257106207757e-10,0.5858046814241208,0.01677709868145841,-0.5855643890625934,0.0003943226620335532,1.129316719898766e-05,-0.0003941609140539476
349140.3154785861,-1.804753097491118,-93.35024914908306,-86.24065705828336,-1473.201750180693,-3.960060956681208e-05,0.0006764754503507853,-0.0006715561919324368,3.094267854010022e-10,0.5852821308229545,0.01695042651172383,-0.5850366276582422,0.0003950916689445323,1.144229756412027e-05,-0.0003949259433056152
349945.1670283573,-1.840065348031956,-93.34427541012256,-85.83871574716271,-1468.960835966569,-3.964444480654787e-05,0.0006784367202788909,-0.0006680828892074317,3.096063892074577e-10,0.5844746135689827,0.01710511085667503,-0.5842242626673361,0.0003956810700481136,1.157991880217389e-05,-0.0003955115860186086
350751.873952568,-1.873563832392327,-93.31723443638056,-84.89070133195018,-1464.606488412393,-3.9442245742454e-05,0.0006804911271266925,-0.0006645705401044185,3.098126723516019e-10,0.5837754213824441,0.01747732526798149,-0.5835137408079841,0.0003963865782181974,1.186719568113349e-05,-0.0003962088957332947
351560.4405282981,-1.910003022669341,-93.33523484940753,-85.12105985881119,-1460.637044361398,-3.976307493483105e-05,0.0006823155203173897,-0.0006612450630791053,3.099401370317229e-10,0.5832643707517873,0.0173963096547754,-0.5830048838550785,0.0003971015499107648,1.184385995965235e-05,-0.0003969248844841903
352370.8710424871,-1.94353587852907,-93.32326215107952,-84.57665241658245,-1456.535652987136,-3.973254386210037e-05,0.0006842534560717346,-0.0006578717709459394,3.100980333332164e-10,0.5827053810952151,0.01761894423881788,-0.5824389529909803,0.0003978358210601082,1.202914435814523e-05,-0.0003976539201423536
353183.169791957,-1.982269361924849,-93.3179545542264,-84.177082261178,-1451.978619292176,-3.979387334508813e-05,0.0006864083634618507,-0.0006543051716202065,3.103558316733173e-10,0.5820678014245451,0.01777129566016932,-0.5817964476565343,0.000398642758815161,1.217108782233193e-05,-0.0003984569158353055
353997.3410834346,-2.019022798631705,-93.33309085493836,-84.32847619027875,-1447.969588883691,-4.008527117928603e-05,0.0006882877083987092,-0.0006509978770243453,3.104993468790718e-10,0.5816595129599088,0.0177231583213704,-0.5813894380498101,0.0003994527663950515,1.217132095837801e-05,-0.0003992672933346629
354813.3892335755,-2.058926015197935,-93.33411715803878,-84.08900516265435,-1443.412279695076,-4.022415887550695e-05,0.0006904594096339488,-0.0006474563987825801,3.107633081321177e-10,0.5809435967097623,0.01780898358806134,-0.5806705629370539,0.0004002131026920734,1.226864125525609e-05,-0.0004000250092283806
355631.3185689853,-2.096705187033049,-93.33715743226587,-83.9162757175398,-1439.132058931168,-4.038041402026572e-05,0.000692508668581577,-0.0006440517721064607,3.109707089525697e-10,0.58035651830676,0.01787839384117494,-0.5800810731051346,0.0004009892346600853,1.235282664566364e-05,-0.0004007989196431836
356451.1334262443,-2.136666996289161,-93.34468065041038,-83.84683292335639,-1434.699433781324,-4.059607193451377e-05,0.0006946375836453161,-0.0006405913330745192,3.11214056744619e-10,0.5798014431704464,0.01790354222344474,-0.5795249577700564,0.0004018330028395602,1.240809973457887e-05,-0.000401641383863808
357272.8381519289,-2.17950690994069,-93.34509730207336,-83.57458298776005,-1429.86245183523,-4.073845269199306e-05,0.0006969868322128249,-0.0006369632752610791,3.115486472631837e-10,0.5791108703060279,0.01799647818711866,-0.5788311730370659,0.0004027045570058895,1.251446682770779e-05,-0.0004025100599405286
358096.437102636,-2.220465878187256,-93.34665830463557,-83.34468797454048,-1425.262600428617,-4.088891609230882e-05,0.0006992340399214614,-0.0006334539095042939,3.118352758292357e-10,0.5784183607231441,0.01807780186634719,-0.5781357912301662,0.0004035130432014131,1.261133695058042e-05,-0.0004033159186220951
358921.9346450052,-2.262838680518787,-93.35127883187566,-83.18554727283826,-1420.575384493734,-4.108021054385971e-05,0.0007015345549993386,-0.0006299185774212027,3.121446146966882e-10,0.5775795688009604,0.01812372259682736,-0.5772951489277705,0.0004042479690662041,1.268479435118576e-05,-0.0004040489035827456
359749.3351557424,-2.308007648554474,-93.34411603693259,-82.70642123333427,-1415.425380641751,-4.114195981273565e-05,0.0007040973755108923,-0.0006261914168912577,3.125598233524895e-10,0.5770182794442904,0.01829705380317518,-0.5767281098012935,0.000405319971842187,1.285255874292273e-05,-0.0004051161454544993
360578.6430216423,-2.35494512031564,-93.34888296554537,-82.5242407261107,-1410.292661641072,-4.135028658016839e-05,0.0007066530416718584,-0.0006224856980587461,3.12975891768349e-10,0.5761853050327504,0.01834166766857392,-0.5758932965079723,0.0004061983164413383,1.293048340980819e-05,-0.0004059924566769268
361409.8626396133,-2.398550147971264,-93.34371350751017,-82.10943539820929,-1405.378203261767,-4.143112247991003e-05,0.0007091316142603025,-0.0006188898286535041,3.133479935095023e-10,0.5755073347284001,0.01849105340087582,-0.5752101992057449,0.0004071336320035257,1.308120553185056e-05,-0.0004069234281412361
362242.9984166985,-2.447548678263352,-93.34619265197587,-81.85798940555422,-1400.034077992278,-4.161996626179883e-05,0.0007118348680996743,-0.0006151184287439454,3.138206551640232e-10,0.5747775691892694,0.01856193600357635,-0.5744777703052786,0.0004081607607012306,1.318119273511957e-05,-0.0004079478676672877
363078.0547701014,-2.495831637477235,-93.3268045640319,-81.05792774099589,-1394.448235803779,-4.154566374530051e-05,0.0007147145150323272,-0.0006112551466501355,3.143530905535409e-10,0.5738366020673148,0.01884488410431796,-0.5735270841165713,0.0004091252085639627,1.34357360819559e-05,-0.0004089045332084765
363915.036127207,-2.548621709234327,-93.30945810577829,-80.28731418804863,-1388.447029061292,-4.15086438306151e-05,0.0007178288847973432,-0.0006072247254414566,3.149856842974007e-10,0.5728844977258087,0.01910629476964783,-0.5725658016636407,0.0004102111944967919,1.368097065111412e-05,-0.000409982993711359
364753.9469256079,-2.600707512521034,-93.27720891956078,-79.15201405437853,-1382.313332387145,-4.128833351173636e-05,0.0007210607912782847,-0.0006031518002904955,3.156556991039624e-10,0.5718230258525964,0.01951194041280041,-0.5714900323509995,0.0004112734394314395,1.403361264018481e-05,-0.0004110339398371273
365594.7916131248,-2.652206308749014,-93.24198425223003,-77.95421517702587,-1376.218841100649,-4.102734325262319e-05,0.0007243046787956617,-0.0005991114653765344,3.163243558911196e-10,0.5706475178868222,0.01994184470101911,-0.5702989676479447,0.0004122520496721029,1.440655762892216e-05,-0.0004120002470340697
366437.5746478333,-2.702081878891822,-93.17499461494012,-75.98520761227859,-1369.821070603411,-4.037077517472998e-05,0.000727782948927576,-0.0005949548016397834,3.170708299373265e-10,0.5692663878053811,0.02067811205001887,-0.5688907065219412,0.0004131941645974214,1.500892274159781e-05,-0.0004129214815137349
367282.3004980846,-2.749034580449348,-93.09771421949435,-73.79447438586961,-1363.583326034805,-3.957221799274556e-05,0.0007312202855049373,-0.0005908834331570479,3.177886994287788e-10,0.5679410453652011,0.0215148402645523,-0.567533384620595,0.0004141405335868266,1.568854285125238e-05,-0.0004138432688624837
368128.9736425315,-2.79666962490327,-93.01236931073385,-71.42002742995624,-1357.169252241707,-3.866793270299804e-05,0.0007347929033453282,-0.0005867514120644692,3.185562423629654e-10,0.5666228406839254,0.0224276290192456,-0.5661788101309482,0.0004151569416591186,1.643242242239432e-05,-0.0004148316064393898
368977.5985701503,-2.838206754756398,-92.92342199944299,-69.0095513246916,-1351.335600495589,-3.769221348674793e-05,0.0007380837720053102,-0.000582885631616571,3.191956126838725e-10,0.5652369338363472,0.02336885692426191,-0.5647536523996711,0.0004159546820727945,1.719701044013929e-05,-0.0004155990379803607
369828.1797802662,-2.891708351069284,-92.85264873908224,-67.00011450514391,-1344.592920657743,-3.696722966238433e-05,0.0007418774679340996,-0.0005786433307926831,3.200584600371696e-10,0.5638253458165251,0.02412561166132322,-0.5633089520388356,0.0004170143619761528,1.784369331545625e-05,-0.0004166324287705432
370680.721782576,-2.952798675829155,-92.78903195255015,-65.14466085394604,-1337.225827583213,-3.634459518890168e-05,0.0007460462721360836,-0.0005741493635454091,3.210815682669839e-10,0.5623631491954569,0.02480609259887254,-0.5618157788305771,0.0004182390000300582,1.844871126077208e-05,-0.0004178319114176892
371535.2290971726,-3.040887178802193,-92.73782137437904,-63.4766462977863,-1327.396831813771,-3.594350404337771e-05,0.0007516353836281506,-0.0005686183992324151,3.2271515064829e-10,0.5607539293338996,0.02535496128985585,-0.5601804130826049,0.000420140073534678,1.899698734780665e-05,-0.000419710371400841
372391.7062545685,-3.137835373810918,-92.61850649318751,-60.17125319240579,-1315.695913957151,-3.468730885292249e-05,0.0007584676752206949,-0.0005623098065694923,3.248363378628202e-10,0.5581855697798664,0.02651883507843497,-0.5575552723242395,0.0004219677841840218,2.004726507279969e-05,-0.0004214913024633772
373250.1577957206,-3.248234008850828,-92.40164782261624,-54.57516984757142,-1301.229643587355,-3.21753972239088e-05,0.0007671543813584947,-0.0005548480705210493,3.276922596803382e-10,0.5546757241855291,0.02856727131796245,-0.5539395905784196,0.0004240380206179066,2.183908301000696e-05,-0.0004234752618310003
374110.5882720533,-3.365285022780921,-91.99404365866069,-44.67716079497429,-1283.211206713992,-2.70996164973805e-05,0.0007783514209121767,-0.0005459065126243689,3.315293543488364e-10,0.5499094119695559,0.03234548685906827,-0.5489573124137728,0.0004264051538480878,2.508100789007022e-05,-0.000425666886510367
374973.0022454836,-3.453837315438077,-91.22205493662572,-26.92600162462909,-1262.228281445835,-1.689267666202567e-05,0.0007918893614202754,-0.000535744891230799,3.362654325094504e-10,0.5429191353333593,0.03934991429495657,-0.5414912480881867,0.0004281364332843587,3.103064684935732e-05,-0.0004270104266426788
375837.4042884441,-3.444990340991332,-89.82569381515752,3.77389518929502,-1240.504459414949,2.452387847855128e-06,0.0008061162032556639,-0.0005253133785798102,3.413672093328681e-10,0.5330022832525982,0.05168821116886551,-0.5304901156276578,0.0004277634374153737,4.148261194777506e-05,-0.0004257472857170162
376703.798983909,-3.189567011278605,-87.41845640339039,55.27131687355136,-1225.882814906514,3.67045535677521e-05,0.0008140837597639053,-0.0005179276401513346,3.446443591591299e-10,0.520534097294906,0.07230605300411697,-0.5154877119249192,0.0004223041360316934,5.866118166408205e-05,-0.0004182100537711265
377572.190925416,-2.490089740514822,-84.02181188735617,129.790678768976,-1239.414409865314,8.357450438849977e-05,0.0007980807714307001,-0.0005224403031004865,3.400976182652521e-10,0.5108266702141312,0.1009131847067361,-0.5007598387993998,0.0004080805678486686,8.061581769268251e-05,-0.0004000385478843657
378442.5847170933,-1.392060195009329,-81.34537097392651,199.6804878240328,-1311.864739554683,0.0001133993218997106,0.000745013063172899,-0.0005517078848940097,3.205760492807043e-10,0.5140514440849597,0.1250784096310371,-0.4986023251149185,0.000385649052375449,9.383568648990203e-05,-0.0003740588931425781
379314.9849736819,-0.5284653600471958,-81.88490094979379,202.9416500281076,-1423.253514753262,9.818953306141642e-05,0.0006886146733422501,-0.0005971760703353494,2.948070511212868e-10,0.5315670006421924,0.1245916858841787,-0.51675950690846,0.0003680817785065735,8.627309308511799e-05,-0.0003578283793637514
380189.3963205612,-0.3170453490958211,-84.69549095370313,139.2109266988649,-1499.36530328972,6.139466394211072e-05,0.0006612485894951222,-0.000627664532016124,2.791982391803113e-10,0.5506305770583295,0.1027746515572501,-0.540954160154883,0.0003640149905780596,6.794303726854727e-05,-0.0003576180323365554
381065.823393773,-0.5287525573892589,-87.46498227218326,67.30361399319693,-1520.185200815397,2.906664765961509e-05,0.0006565277105911244,-0.0006349165269405515,2.747410991167552e-10,0.5634690517886619,0.07842256955495759,-0.5579850113650111,0.0003686121032534487,5.130274362794112e-05,-0.0003650245350126165
381944.2708400466,-0.8586341693026027,-89.44029208002571,14.7724175056938,-1512.1641528789,6.459698551314268e-06,0.0006612407606227096,-0.0006301139147020595,2.755631833249988e-10,0.5706882252225315,0.06002465289056308,-0.5675227673433113,0.0003756569275121166,3.951137535921244e-05,-0.0003735732570796082
382824.7433168226,-1.179679274111893,-90.77860131465945,-20.31945418610916,-1495.17767374203,-9.087537781585409e-06,0.0006686933357492639,-0.0006216027613966096,2.780528354638764e-10,0.5745145895856725,0.04719223836691031,-0.5725730575958971,0.0003824469265947988,3.141526229224258e-05,-0.0003811544738776091
383707.2454922788,-1.456587782345787,-91.68769753513165,-43.52334124049377,-1477.15005211811,-1.992948748948586e-05,0.0006763920839880647,-0.0006126955778002861,2.807989745822044e-10,0.5762606286146308,0.03834385415050152,-0.5749835310165106,0.0003881501354414827,2.58271543166948e-05,-0.0003872899246599929
384591.7820453536,-1.691877144995758,-92.31086072718216,-58.91453438873108,-1459.942444008503,-2.759588524256258e-05,0.000683844904548905,-0.0006041654227708246,2.834551793488416e-10,0.5769088710175451,0.03225088729143991,-0.5760067063217695,0.0003930092593194741,2.19703630218908e-05,-0.0003923946751161743
385478.3576657719,-1.889123572193528,-92.76225296390972,-69.70598979137179,-1444.749760699664,-3.331770192942421e-05,0.0006905538825812158,-0.0005965031794224688,2.85777149773149e-10,0.5770501694147321,0.0278458925116986,-0.5763779179425578,0.0003970922479226472,1.91619180427547e-05,-0.0003966296436944468
386366.9770540691,-2.060070813329577,-93.09176186742721,-77.2874672007049,-1430.88210786767,-3.763883395967234e-05,0.000696836576802791,-0.0005894188012269509,2.878831714757835e-10,0.5766669765483015,0.02464175170343675,-0.576140248476311,0.0004005481117057008,1.711595689597392e-05,-0.0004001822507440051
387257.6449216173,-2.207021350988414,-93.34057372140106,-82.80467714625257,-1418.613021944697,-4.10062282377809e-05,0.0007025203329542232,-0.0005830208331270739,2.897051326411253e-10,0.5761220732011373,0.02224620665613303,-0.5756924087731132,0.0004035233896629401,1.558153234287038e-05,-0.0004032224471119101
388150.3659906482,-2.335718003667238,-93.52942537514078,-86.81545415797116,-1407.556584632943,-4.365322271913516e-05,0.0007077585629738412,-0.0005771464044717039,2.913092458276682e-10,0.5755279739147212,0.02045528504820176,-0.5751643504877374,0.0004061845550609912,1.443651956556451e-05,-0.0004059279242340054
389045.1449942807,-2.450369235985288,-93.67908730575898,-89.86170762618642,-1397.525482953234,-4.582086449289633e-05,0.0007126041499917935,-0.0005717153692077699,2.927253917873037e-10,0.5747790264927232,0.01905601230761467,-0.5744630516324393,0.0004084915916525039,1.354297989191812e-05,-0.0004082670304426297
389941.9866765434,-2.55527210661614,-93.8019176690055,-92.25198358660653,-1388.217661827962,-4.765921974993613e-05,0.0007171810082944047,-0.0005666014702609192,2.940103141712027e-10,0.5741535848472868,0.01793304304742128,-0.5738734572708951,0.0004107164698795544,1.282826813071977e-05,-0.0004105160827142943
390840.8957924021,-2.64955228976709,-93.89166381041443,-93.84994095132075,-1379.598571082424,-4.908212935528851e-05,0.0007215096231052643,-0.0005617885293838583,2.951667244093323e-10,0.5733910599229434,0.0171396270047833,-0.5731348364788982,0.0004126810504666369,1.233573344846161e-05,-0.0004124966413130359
391741.8771077831,-2.735147545610856,-93.98492936852037,-95.57709226093849,-1372.002071776721,-5.052912816996088e-05,0.0007253418878342543,-0.0005574101836335133,2.961183797846151e-10,0.5727204470710308,0.01631597515144884,-0.5724879906584056,0.0004144250879069613,1.180636988081616e-05,-0.0004142568805909324
392644.9353996,-2.814768161228137,-94.04247442901598,-96.4339403364766,-1364.532221449921,-5.153456752056611e-05,0.0007292098368576145,-0.0005531003419944813,2.970546371445767e-10,0.5718552501629874,0.01584557609162589,-0.5716356749340418,0.0004160257623496488,1.15276861959546e-05,-0.0004158660209605662
393550.0754557774,-2.888941930509244,-94.09651511196657,-97.2320559915787,-1357.615008086451,-5.248488339371375e-05,0.000732826891978346,-0.0005490308675521566,2.978814788735798e-10,0.5710561959051084,0.0154135020008893,-0.5708481434126611,0.0004175238948735037,1.126947826711125e-05,-0.0004173717786936818
394457.3020752785,-2.957143573236507,-94.13583783322811,-97.69899693312337,-1351.120290309582,-5.323989636269151e-05,0.0007362767939045631,-0.0005451476542155348,2.986249676000943e-10,0.5701823636153978,0.0151273081239774,-0.5699816596408729,0.0004188588926280167,1.111259823800145e-05,-0.0004187114544575646
395366.6200681279,-3.024824027678681,-94.17577924386177,-98.17918883290656,-1344.728612223614,-5.400590911139493e-05,0.0007397014792497419,-0.0005413208776087713,2.993542898006631e-10,0.5694851027391536,0.01484066216380512,-0.5692916976281704,0.000420304427408183,1.095304509830779e-05,-0.0004201616861423648
396278.0342554395,-3.088608204300964,-94.21168914933239,-98.58267577627058,-1338.701388740503,-5.471222660872561e-05,0.0007429635396426942,-0.0005376551938902008,3.000104744161804e-10,0.5686852793103194,0.01459233686200305,-0.5684980304356048,0.000421574929731192,1.081751824959044e-05,-0.0004214361193310076
397191.5494694403,-3.148042834345345,-94.24326617507741,-98.90679969785563,-1333.071651431365,-5.535221378839298e-05,0.0007460403862089049,-0.0005341627814196529,3.005845392713829e-10,0.5678573067733059,0.01438715812038735,-0.5676750219421772,0.0004227121315588033,1.070977903005187e-05,-0.0004225764390025958
398107.1705534973,-3.204690459085149,-94.25617427176628,-98.79121756890814,-1327.460796456036,-5.57540243378489e-05,0.0007491686343629311,-0.0005306911383257587,3.011607899287981e-10,0.5670449109847128,0.0143678988855277,-0.5668628533916084,0.0004238748015623182,1.074022563467587e-05,-0.0004237387107083927
399024.902362142,-3.26126056580734,-94.28199975046361,-98.99018748589741,-1322.082413905726,-5.631799115973717e-05,0.0007521657205608803,-0.0005273253626586812,3.016904781072445e-10,0.5662371952204097,0.01422142757070505,-0.5660585766940799,0.0004249689349865632,1.067338030727309e-05,-0.000424834879284211
399944.7497610975,-3.31371527407193,-94.29883999210182,-98.99840705405339,-1316.993271988306,-5.675629096295421e-05,0.0007550389502773411,-0.000524087363019301,3.021597241344247e-10,0.5655512016187271,0.01416729969982115,-0.5653737253106139,0.0004260751006889933,1.067336366506725e-05,-0.0004259413935451789
400866.7176273028,-3.364957289446478,-94.3119483035848,-98.92400356316861,-1311.987745628069,-5.714524239048543e-05,0.0007578934842582209,-0.0005208946660092528,3.026149315242919e-10,0.5647599860136284,0.01414769776257806,-0.5645827525262639,0.000427085115846317,1.069883010044469e-05,-0.0004269510876106815
401790.81084894,-3.417205371957075,-94.33566891416748,-99.09741454249553,-1307.069808156083,-5.767339550610152e-05,0.000760697484872764,-0.00051774857790968,3.030549266637021e-10,0.5639252164520808,0.01402287853607684,-0.5637508391373698,0.0004280350984067622,1.064375917058457e-05,-0.0004279027411209295
402717.0343254591,-3.465601582045893,-94.34855041931979,-99.0361728146153,-1302.377733796475,-5.8051822611339e-05,0.0007634119839912997,-0.0005147034677927598,3.034472241097734e-10,0.5633042981096268,0.0140104690625491,-0.5631300374029311,0.0004290868858341457,1.067222202866074e-05,-0.0004289541458848675
403645.392967605,-3.515577007027479,-94.36368412111879,-99.01678261879297,-1297.589429070142,-5.846725066995461e-05,0.0007661982586144758,-0.0005116316830027036,3.038665064339993e-10,0.5625945694598273,0.01397402819027786,-0.5624209954489837,0.0004301089643121612,1.068327907601414e-05,-0.0004299762653099168
404575.8916974427,-3.565443898604634,-94.39171966368708,-99.30517918335499,-1293.028891786608,-5.904747954668308e-05,0.0007688430519829063,-0.0005086609061777048,3.042369108205723e-10,0.5619224829804287,0.01381236622973221,-0.5617526995200165,0.0004310840745461647,1.059628559771329e-05,-0.0004309538235807347
405508.5354483839,-3.610877019956179,-94.39856912086037,-99.11878005257273,-1288.584207201366,-5.934283382196661e-05,0.0007714808276797032,-0.0005057465583048205,3.045841693437529e-10,0.56119922422403,0.01385754903986139,-0.5610281076775574,0.0004320000826328075,1.066726765095903e-05,-0.0004318683604938145
406443.3291652128,-3.657681498929244,-94.40225523112987,-98.8476776525001,-1283.979514984747,-5.960516883273051e-05,0.0007742398970411989,-0.0005027802696584328,3.049734528108186e-10,0.5604045364183833,0.01393202162395785,-0.5602313300876457,0.0004329230268252357,1.0762748299267e-05,-0.0004327892216825303
407380.2778041128,-3.703755004429546,-94.40843886123294,-98.6416680601871,-1279.499201318901,-5.989723703009121e-05,0.0007769380673332589,-0.0004998735424053937,3.053374768661904e-10,0.5596456004770026,0.01398302788350661,-0.5594708866996333,0.0004338366847061011,1.083962860417905e-05,-0.0004337012467684459
408319.3863326921,-3.750139205116499,-94.41563553015338,-98.45765915126812,-1275.02268669979,-6.0204878425768e-05,0.0007796507301165938,-0.0004969790069610841,3.057047729034086e-10,0.5589780443435762,0.01402655258416739,-0.5588020310277806,0.0004348259445883822,1.091117806584256e-05,-0.0004346890247986419
409260.659730011,-3.794278439041213,-94.41643552936975,-98.13972872039963,-1270.674372794375,-6.042176071741272e-05,0.0007823170483939932,-0.0004941449970388856,3.060454030467315e-10,0.5581208033809787,0.01412773734251617,-0.5579419666992347,0.0004356338897980969,1.102722051441793e-05,-0.0004354943011663262
410204.1029866068,-3.836955954696537,-94.41685846082605,-97.82449217345869,-1266.471051759039,-6.062805525030891e-05,0.0007849126041238624,-0.0004913776500593018,3.063549234128923e-10,0.5574046665821204,0.01423610856084678,-0.5572228419048959,0.0004365081243404944,1.11484123086138e-05,-0.0004363657359580994
411149.7211045223,-3.881030892757404,-94.4009833588233,-97.12009849497902,-1261.905187380263,-6.063044963819235e-05,0.0007877862573995249,-0.000488480079094633,3.06756240106789e-10,0.5564986888162473,0.01449780199333969,-0.5563098097207746,0.0004373742147009492,1.139439299527362e-05,-0.0004372257671884644
412097.5190973302,-3.924534997789584,-94.40692383433895,-96.93068475085309,-1257.739673511714,-6.091271405387896e-05,0.0007903827078469479,-0.0004857478555091664,3.070643311351851e-10,0.5557698773482865,0.01455202712485849,-0.5555793328358128,0.0004382338940434096,1.147451809295457e-05,-0.0004380836464911521
413047.5019901614,-3.962159629043049,-94.38059046449399,-96.03471180812035,-1253.63422646352,-6.074987939841213e-05,0.0007930270902415607,-0.0004830487607587718,3.073613754500778e-10,0.5549392366181001,0.01491615332925561,-0.5547387355396572,0.0004390166907734566,1.180028342127447e-05,-0.0004388580728309033
413999.6748197305,-4.001965046379484,-94.37917429465431,-95.70387733905839,-1249.721114695412,-6.092055151613323e-05,0.0007955132191653622,-0.0004804334519748013,3.07614656683209e-10,0.5540622828584015,0.01503727059789597,-0.5538581892318909,0.0004396854322588387,1.193307869418486e-05,-0.0004395234703329507
414954.0426343631,-4.041693891219849,-94.34638799355217,-94.65226915981958,-1245.348759894431,-6.068026557111777e-05,0.0007983759306547647,-0.0004776514761785501,3.079846977098835e-10,0.553140215905882,0.01545972263679707,-0.5529241317110324,0.0004405032181610165,1.231162981384917e-05,-0.0004403311356031263
415910.6104940221,-4.072084324602882,-94.30171406776513,-93.39762532884177,-1241.65182677952,-6.024011702426291e-05,0.0008008474635756106,-0.0004751382168305677,3.081912468166678e-10,0.5522044079718773,0.01599509533715845,-0.5519727032279104,0.0004410823929281205,1.277634662921158e-05,-0.000440897314936264
416869.3834703355,-4.105320330812051,-94.25880452299496,-92.17060144014832,-1237.731639503441,-5.983258382869469e-05,0.0008034740027828355,-0.0004725487561794673,3.084562957982385e-10,0.5511740858355099,0.01650904435157622,-0.5509267867432184,0.0004416675718047619,1.322904998431628e-05,-0.0004414694057581193
417830.3666466218,-4.12888843269887,-94.20306772178512,-90.72201454395953,-1234.493839704926,-5.921008187970209e-05,0.0008056972907441165,-0.0004702286202469852,3.085540168452214e-10,0.5503298676226752,0.0171501448059069,-0.5500625743774318,0.0004421684644374243,1.377946871476483e-05,-0.0004419537047982386
418793.5651179184,-4.147607695829544,-94.14787076161852,-89.32406187230178,-1231.70372238826,-5.857035747679353e-05,0.0008076359920679751,-0.0004680867906544436,3.08541706855732e-10,0.5495033278648003,0.01778486881822321,-0.549215445681937,0.0004425244952080252,1.432246120638885e-05,-0.000442292658727351
419758.9839910076,-4.163466274964787,-94.10156838116178,-88.15174740175716,-1229.308431785149,-5.803389813083244e-05,0.0008093039832375535,-0.0004661020275085856,3.08431887204987e-10,0.5487574371087043,0.01833544202374691,-0.54845103368296,0.0004427995289957832,1.479510716942927e-05,-0.0004425522880776152
420726.6283844442,-4.184599750278802,-94.08887774009536,-87.70988490957056,-1226.955754899793,-5.796649616903984e-05,0.0008108815344964569,-0.0004641400381458956,3.083125687667536e-10,0.5482818325300745,0.01857258919358647,-0.5479671767662575,0.0004432598772295749,1.501505816414754e-05,-0.0004430054929568087
421696.5034285822,-4.206313974605824,-94.09011120870217,-87.57993105388928,-1224.767130257854,-5.808747918126405e-05,0.0008123280564924607,-0.0004622465240573789,3.081531483415459e-10,0.5477921198657416,0.01867605819498689,-0.5474736627795902,0.000443643371324964,1.512528041242342e-05,-0.0004433854607596255
422668.6142656029,-4.23285475809225,-94.08551400364348,-87.28792360110086,-1222.061776622818,-5.815108174751068e-05,0.0008141356941615391,-0.0004601646915542304,3.08125024459839e-10,0.5472189436200734,0.0188323992154011,-0.5468947915243487,0.0004441514463447293,1.528535780272449e-05,-0.0004438883475908752
423642.9660495411,-4.256063967862225,-94.09128597107761,-87.25107536830697,-1219.816677402689,-5.833985655067429e-05,0.0008156223826169892,-0.0004582628992637802,3.079821630832575e-10,0.5468559480270523,0.0188970595179471,-0.5465293487399751,0.0004446591178479032,1.536556353731753e-05,-0.0004443935536688804
424619.5639463128,-4.283565032100048,-94.08797991681959,-86.98296607039043,-1217.055181443281,-5.842530107312093e-05,0.0008174797734637235,-0.0004561738661829357,3.079710275031159e-10,0.5464728087166283,0.01904774735698681,-0.5461407455841992,0.0004453461426053837,1.552289642860294e-05,-0.0004450755288936492
425598.4131337431,-4.307181665967147,-94.088340757946,-86.82229262395229,-1214.699473066899,-5.85437392735393e-05,0.0008190644026752599,-0.0004542437648820969,3.078585989214193e-10,0.5458708652746251,0.01915589558398601,-0.545534648963788,0.0004457065536355624,1.56408937455303e-05,-0.0004454320311748263
426579.5188015926,-4.338707408921612,-94.12108147080039,-87.3357962438141,-1212.143069174602,-5.913380084046027e-05,0.0008207244901347324,-0.0004522452501603764,3.077983228091049e-10,0.5454837514435874,0.01896356334232595,-0.5451540207632436,0.0004462998681579018,1.551546823729608e-05,-0.000446030091544436
427562.8861515862,-4.368231653634232,-94.13521225095604,-87.4441905400322,-1209.48586611736,-5.946551451441449e-05,0.0008224983144381056,-0.0004502160043051856,3.077650744402466e-10,0.5451150468927832,0.0189493655065928,-0.5447855870852484,0.0004469583933382193,1.553723018633027e-05,-0.0004466882580207581
428548.5203974394,-4.395541622364314,-94.15235476388132,-87.63297628769696,-1207.075602451593,-5.982953182024378e-05,0.0008241049343026424,-0.0004482854091705469,3.076703599636799e-10,0.5447275326298529,0.01890619892715052,-0.5443993391317944,0.0004475110325792976,1.553204510003698e-05,-0.0004472414111586712
429536.4267648873,-4.427045666852582,-94.18561834648021,-88.15255500702386,-1204.54874315121,-6.043191777629804e-05,0.000825763820434439,-0.0004463181111588935,3.076066732319027e-10,0.5444910069775746,0.01871549677724345,-0.5441692630605244,0.0004482242762654669,1.540657217553296e-05,-0.0004479594170988056
430526.6104917105,-4.464898056982058,-94.22794952982827,-88.83022151376963,-1201.612135387312,-6.11878454951888e-05,0.0008276919322308086,-0.0004442060173880487,3.0764922536548e-10,0.5438981160023099,0.01842709414878178,-0.5435858743493011,0.0004487941284838457,1.520500148038235e-05,-0.0004485364842368525
431519.0768277653,-4.499316878219814,-94.26043388207951,-89.30833091829982,-1198.834706405962,-6.179734836381762e-05,0.0008295396993834518,-0.0004421599871719815,3.076527661956931e-10,0.5435666911295415,0.01824166638132543,-0.5432605169834734,0.0004495288793332659,1.50858321147833e-05,-0.0004492756737505676
432513.8310350086,-4.5340272054927,-94.2839132888724,-89.58274038169991,-1195.90303060508,-6.2287701255104e-05,0.0008315223488700027,-0.0004400642595033468,3.076976399323864e-10,0.5431183701470804,0.01813817705392067,-0.5428154110969784,0.0004502333602845489,1.503615575037773e-05,-0.0004499822137966863
433510.8783875289,-4.564658415205157,-94.30226640673374,-89.76877108525113,-1193.255122872311,-6.269135707705918e-05,0.0008333274710976725,-0.0004380800128505348,3.076711849050391e-10,0.5428229791393293,0.01808875699275509,-0.5425215051517809,0.0004509640651805235,1.502769724385904e-05,-0.0004507136079593008
434510.2241715714,-4.602178023804619,-94.34172534875511,-90.37395402944993,-1190.340424944722,-6.341685722164338e-05,0.0008352810229955279,-0.0004360048441972997,3.077151996211246e-10,0.5424784886315946,0.01783832785978793,-0.5421851203114909,0.0004517456912557784,1.485475999277767e-05,-0.0004515013905556859
435511.8736855686,-4.636807761139035,-94.37430171269406,-90.84347609459431,-1187.579522680145,-6.403752005692631e-05,0.0008371503466427805,-0.0004339931073514653,3.077212097730667e-10,0.541837528506544,0.01764393590743803,-0.5415501812609558,0.0004522290480675141,1.472600165141305e-05,-0.0004519892219858926
436515.8322401659,-4.677233211847545,-94.42211435387247,-91.60698002782418,-1184.561710549632,-6.489684703173021e-05,0.0008391753565703704,-0.0004318946478157488,3.077956240356144e-10,0.5414766036200378,0.01731536723262524,-0.5411996769451095,0.0004530377191375878,1.448726394576206e-05,-0.0004528060226462914
437522.1051582521,-4.712726287024912,-94.4538902372918,-92.04754733525004,-1181.732914436086,-6.551588048833277e-05,0.0008411117366260837,-0.0004298723025179876,3.078228109231485e-10,0.5411755846652737,0.01714079540691189,-0.5409040641099114,0.0004538377624082397,1.437452178886056e-05,-0.0004536100612983132
438530.6977749856,-4.758440901157305,-94.51176425528686,-92.98863055084819,-1178.439053750078,-6.654567562685273e-05,0.0008433291527396587,-0.0004276881903330212,3.079732562701124e-10,0.5405846483677837,0.0167114987490667,-0.5403262790763377,0.0004545608251614263,1.40521797723929e-05,-0.0004543435704564125
439541.6154378245,-4.801121365650067,-94.56535627651769,-93.85134287477179,-1175.352066057397,-6.750629773820085e-05,0.000845418553300302,-0.0004255867581502479,3.080719493161326e-10,0.5403292032306537,0.01633387367895887,-0.5400822645065405,0.0004554929273824805,1.376931672958028e-05,-0.0004552847601361835
440554.8635065532,-4.844895595383234,-94.60905372838039,-94.48609279946345,-1172.03490787619,-6.833975164832726e-05,0.0008477075530832384,-0.0004234095785029851,3.082333204413614e-10,0.5398535717639925,0.01604357741620913,-0.5396151244822835,0.0004563394026854093,1.356167101224747e-05,-0.0004561378426776622
441570.4473533125,-4.891119964951973,-94.64840165365408,-95.00550160927493,-1168.458852836603,-6.912899029503159e-05,0.0008502074019890194,-0.000421146848352454,3.084655784184132e-10,0.5392825947309463,0.01579220447938425,-0.5390513178329345,0.000457213721323304,1.338892196496748e-05,-0.0004570176405073659
442588.3723626264,-4.937066844881402,-94.67399439743865,-95.22457594082218,-1164.712190924356,-6.972980917730956e-05,0.0008528802361914755,-0.000418830936464647,3.087461213434377e-10,0.5386798686272539,0.01566998239107411,-0.5384519036238418,0.0004581423218585104,1.332717729812977e-05,-0.0004579484396994613
443608.6439314326,-4.980297067890148,-94.69485105141605,-95.3576474957718,-1161.135297672893,-7.02539321365131e-05,0.0008554565107915272,-0.0004165843581976829,3.089849341800907e-10,0.5378736918125735,0.01558686240172012,-0.5376478011343087,0.0004588392736197011,1.32965503449602e-05,-0.0004586465750060485
444631.2674691086,-5.023348501371855,-94.71002688474471,-95.36776671587019,-1157.500081633745,-7.070032189690202e-05,0.0008581057435371176,-0.0004143250218768793,3.092424471341164e-10,0.5372652813586934,0.01556318277822619,-0.5370398215172201,0.0004597366333199141,1.331737877442954e-05,-0.0004595437078656474
445656.2483975033,-5.063448915012627,-94.72470948408791,-95.38662196433968,-1154.114865793988,-7.112673449053873e-05,0.0008605863164082011,-0.0004121631559019819,3.094361839268835e-10,0.5365997360058404,0.01554278570422806,-0.5363745878526406,0.0004604911231830431,1.333827500477082e-05,-0.0004602979089136487
446683.592150963,-5.101966316443542,-94.72983226940751,-95.21015687215838,-1150.726392114357,-7.141281989165263e-05,0.0008631076692266655,-0.0004100078817970249,3.096335826214878e-10,0.5359149775858687,0.0156115208457897,-0.5356875428995374,0.0004612411638593839,1.343622840504271e-05,-0.0004610454196764203
447713.3041763626,-5.1423878680114,-94.74019642137746,-95.13319866195658,-1147.270831868924,-7.17834339432711e-05,0.0008656813933813209,-0.0004078364932509643,3.098519112850989e-10,0.5353329299290531,0.01563439382638247,-0.5351045800552505,0.0004621077879904765,1.349585415684975e-05,-0.0004619106727951068
448745.389933132,-5.175635576998317,-94.73667702129542,-94.80816447973483,-1144.204450125786,-7.192285711507989e-05,0.0008680101933038253,-0.0004058109525590863,3.0996774162791e-10,0.5345606679695477,0.01578139276209971,-0.5343276666826614,0.0004626668183880934,1.36589300643973e-05,-0.0004624651537865928
449779.854893288,-5.210941324888902,-94.72965561634403,-94.39556147311504,-1140.923857713365,-7.202371549720528e-05,0.0008705237200726362,-0.0004037167731525853,3.101440615252436e-10,0.5337813275411809,0.01596060680010486,-0.5335426549604051,0.0004633119946102294,1.385350178098104e-05,-0.0004631048313698677
450816.70454146,-5.243101729366532,-94.7265836925685,-94.08959176808202,-1137.968194677663,-7.216430923866966e-05,0.0008727924859840583,-0.0004017447921512277,3.102344394255676e-10,0.533162428451832,0.01610765847109978,-0.5329190543142864,0.0004639653481962202,1.40171080563018e-05,-0.0004637535606424793
451855.9443749224,-5.272350208575867,-94.72351209102946,-93.80409418586623,-1135.25634752965,-7.229011038713833e-05,0.0008748851251418331,-0.0003998656245094695,3.102602890798289e-10,0.5326554021327643,0.01625804330861826,-0.5324072252035954,0.0004646198661032048,1.41814198727821e-05,-0.0004644033885623056
452897.5799036206,-5.304485003619681,-94.71984380295439,-93.48737683726954,-1132.306645561217,-7.242265240427124e-05,0.0008771735113422768,-0.0003979093899667572,3.103530911947296e-10,0.5320186889512132,0.01640995803952155,-0.531765548593089,0.0004652622007831869,1.435087404030591e-05,-0.0004650408238981754
453941.6166502032,-5.331525094042928,-94.71393304691456,-93.15830389608489,-1129.742165694474,-7.249696978196105e-05,0.0008791796353347044,-0.0003960951001066099,3.103421705494887e-10,0.5314029804763246,0.01658321181767868,-0.5311441656884984,0.0004657689012941357,1.453500381447756e-05,-0.000465542052962844
454988.0601500485,-5.365428134770776,-94.73456584300963,-93.34333939501298,-1127.030643297921,-7.298657666555515e-05,0.0008812424002037413,-0.0003942356154087833,3.103733381671347e-10,0.5307585258594599,0.01650965381353241,-0.5305016909525023,0.0004662956003333435,1.450448473495691e-05,-0.0004660699591400486
456036.9159512962,-5.399473206426655,-94.75555032540204,-93.53349082953987,-1124.320430262702,-7.348380592953916e-05,0.0008833129563250236,-0.0003923830458379517,3.104059441628964e-10,0.5301940802760671,0.01643576198230296,-0.529939268678823,0.0004668944597456004,1.447350413123995e-05,-0.0004666700699844581
457088.189614875,-5.429388428287726,-94.77130504618147,-93.64025435709102,-1121.869916041014,-7.388603837925505e-05,0.0008852018209715705,-0.000390627337788923,3.10368494403583e-10,0.529999365519528,0.01642207468197274,-0.5297448847457066,0.000467717774587055,1.449227437626376e-05,-0.0004674931985046096
458141.8867145335,-5.465856556156551,-94.80108555820406,-93.9958938005219,-1119.112960333914,-7.452603757817874e-05,0.0008873052977513049,-0.0003887711747830814,3.104175067373877e-10,0.5292565242101774,0.01626222826234498,-0.5290066241087927,0.0004681784206826807,1.438550872095139e-05,-0.0004679573599504218
459198.0128368685,-5.502972344014475,-94.83227768878616,-94.3745578837901,-1116.334228510816,-7.519234021014092e-05,0.000889432331982644,-0.0003869139361308421,3.104744672676436e-10,0.5290970481599258,0.01610781931888074,-0.5288517982652012,0.0004691667035739641,1.428330117865263e-05,-0.0004689492329132225
460256.5735813561,-5.544360789129828,-94.86275138725743,-94.70708879496247,-1113.213700759886,-7.587406920917568e-05,0.0008918451031571661,-0.0003849449923440155,3.106287069964291e-10,0.5283993281265599,0.01594419786717259,-0.5281587190598791,0.000469826016110856,1.41767760957915e-05,-0.0004696120786714585
461317.5745603793,-5.578587762422821,-94.87628850822956,-94.73326221290773,-1110.415175712383,-7.627499837612656e-05,0.0008940567837085213,-0.000383094149983983,3.106953425968016e-10,0.5278429451639306,0.01594144794185824,-0.5276021654588325,0.0004704903612118964,1.42093356918433e-05,-0.0004702757433384134
462381.0213992603,-5.622065331011309,-94.90827994767096,-95.07936953752638,-1107.172795507253,-7.699534343890822e-05,0.0008965893447857931,-0.000381097006811823,3.1088854871101e-10,0.527209260068948,0.01576691128953769,-0.5269734418458254,0.000471264794194354,1.409381580849486e-05,-0.0004710539996677696
463446.9197362879,-5.658183909420967,-94.92469997193126,-95.15026994393891,-1104.285936015256,-7.745233399224767e-05,0.0008988889173891793,-0.0003792291151782727,3.109843904059318e-10,0.5266441049627485,0.0157381513431581,-0.5264088941918765,0.0004719641644499201,1.410410442016702e-05,-0.0004717533749359046
464515.2752227494,-5.702033587753668,-94.95554585692025,-95.46597153846557,-1101.019230646466,-7.816384880125399e-05,0.0009014720039469534,-0.0003772376546984191,3.111897094459973e-10,0.5260275966134454,0.01557581084865476,-0.5257969441859895,0.0004727737596203975,1.399895119849775e-05,-0.0004725664579198861
465586.0935229589,-5.738382045144582,-94.97255297437516,-95.54488056795604,-1098.141586492462,-7.863492910261745e-05,0.0009037876784727648,-0.0003753863445159642,3.112875799314157e-10,0.5255733975183455,0.01554576776829514,-0.5253434355576084,0.000473576483677212,1.400776765059683e-05,-0.0004733692727010484
466659.3803142887,-5.776987731739172,-94.98697457135894,-95.55424712272601,-1095.057238132541,-7.908280406615316e-05,0.000906293541230384,-0.0003734710578408923,3.114463973180376e-10,0.5248918461285792,0.01553302372602852,-0.5246619628924843,0.0004742693532268334,1.403496200319332e-05,-0.0004740616407723449
467735.1412871981,-5.815987213921623,-95.0052120109671,-95.6385423481467,-1092.009419305739,-7.959058834305555e-05,0.0009087724470153053,-0.0003715750253597107,3.115973440079734e-10,0.5243034374068127,0.01548842772659559,-0.5240746159500168,0.0004750318380802347,1.403289730147012e-05,-0.0004748245202000553
468813.3821452652,-5.851200074522379,-95.00904206866066,-95.45239109688413,-1089.046314560356,-7.986758658954888e-05,0.0009112343842690557,-0.0003697144979632538,3.11726542044586e-10,0.5236050911542122,0.01557256945921669,-0.5233734675764991,0.0004756721559301262,1.414699324582312e-05,-0.0004754617361148181
469894.1086052153,-5.888297951906103,-95.03132782299215,-95.63082349223437,-1086.224500577951,-8.042766822492421e-05,0.0009135391765957308,-0.0003679084189577505,3.11817537327508e-10,0.5229391940840801,0.01548934499179992,-0.5227097482360857,0.0004762700611021334,1.410701544105423e-05,-0.0004760610918963823
470977.326396953,-5.924643048579707,-95.03732772284704,-95.48087233883534,-1083.222848867348,-8.074572012911796e-05,0.000916053727302756,-0.0003660479203663824,3.119624478685726e-10,0.5222985548807789,0.01555573395914884,-0.5220668535461164,0.0004769852281514733,1.420615707669708e-05,-0.0004767736286497244
472063.0412635905,-5.96366640716627,-95.05768734890329,-95.60489196372583,-1080.241058236721,-8.129245742487075e-05,0.000918524653201059,-0.0003642007298198852,3.121040839522289e-10,0.5217730416326761,0.0154949633723545,-0.5215429158609134,0.0004777904022703676,1.418882194387836e-05,-0.0004775796748538662
473151.2589614805,-5.996369918781248,-95.06278363596309,-95.46074807948695,-1077.520960541443,-8.15789357876653e-05,0.00092082887488667,-0.0003624481260637607,3.121723290575457e-10,0.5210165659606995,0.01556649355253028,-0.5207839727602597,0.0004782830217178794,1.428973675746361e-05,-0.000478069505707055
474241.9852602446,-6.03322845469428,-95.08059070004838,-95.54592946747908,-1074.682675067726,-8.207906348188603e-05,0.0009232098949834448,-0.0003606619938940865,3.122769176338048e-10,0.5205361755672986,0.0155309363829726,-0.5203044302034123,0.0004790754336542023,1.429389624000583e-05,-0.0004788621468243673
475335.2259428054,-6.073632294948169,-95.09430413834986,-95.52337756970635,-1071.521505496828,-8.254106665714609e-05,0.0009258940613279559,-0.0003587740502312563,3.124778514862771e-10,0.5198351366018529,0.01552628261088121,-0.5196032176518484,0.0004798159775428211,1.433100216588846e-05,-0.0004796019127175103
476430.9868054156,-6.106235792403524,-95.09954594525787,-95.38225516247536,-1068.832875634491,-8.283294111040434e-05,0.0009282079826429454,-0.0003570507381079115,3.125433969582059e-10,0.5193012204535246,0.01560364477167378,-0.5190667431403784,0.0004805093987188949,1.443805188925262e-05,-0.0004802924368703271
477529.2736576909,-6.145946954429677,-95.11702915801747,-95.43931619126701,-1065.798850327841,-8.335050469231293e-05,0.00093079954488862,-0.0003552183389136673,3.127122426867491e-10,0.5185002604269072,0.0155623287316088,-0.5182666630097097,0.0004811052461064144,1.443995030637989e-05,-0.0004808884960843447
478630.0923226383,-6.182485040281652,-95.11075716470684,-95.04047574189505,-1062.654326902445,-8.349577314779401e-05,0.0009335721851238189,-0.0003533557367941439,3.129162498001275e-10,0.5177530267332318,0.01573755781242437,-0.5175137930195902,0.0004818224630240079,1.464541678299441e-05,-0.0004815998314386892
479733.4486366892,-6.220409297966843,-95.11592560293441,-94.86245747818248,-1059.586632927967,-8.382128937233844e-05,0.0009362599297424244,-0.00035152531211618,3.131004276244747e-10,0.5169060711544441,0.01580629642915251,-0.5166643469308841,0.0004824072210110322,1.475136772496101e-05,-0.0004821816297141875
480839.3484497285,-6.249867035347804,-95.09197330595958,-94.16061821988731,-1056.720968113817,-8.365925460679294e-05,0.0009388690324157082,-0.000349768308451467,3.132274440197741e-10,0.5161012307731809,0.01613851950307965,-0.5158488427764871,0.0004829643673782387,1.510232760063253e-05,-0.000482728184238403
481947.7976251274,-6.273895095501027,-95.06490990492298,-93.43575366124271,-1054.21860581596,-8.341680265925731e-05,0.0009411766048347804,-0.0003481375017000567,3.132488280602313e-10,0.5154785846234139,0.01650373647964537,-0.5152143222849773,0.0004835309776813639,1.54808911047748e-05,-0.0004832830934225796
483058.8020397726,-6.284424420438758,-95.01584107058325,-92.36569212644748,-1052.393415181761,-8.276026131795913e-05,0.0009429513496256618,-0.0003467354562141858,3.130704010554017e-10,0.5147714714674961,0.01706316299285291,-0.5144885968663354,0.0004837255649539245,1.603408233771914e-05,-0.0004834597505414289
484172.3675840994,-6.298168192291357,-95.00783799997564,-92.09099921740878,-1050.949056161092,-8.274312222455301e-05,0.0009442704167040599,-0.0003454632036528735,3.127796340213549e-10,0.5144102008289345,0.01726465717022489,-0.5141204006161002,0.0004840401532874224,1.624537633519727e-05,-0.000483767462467495
485288.500162121,-6.321311171887095,-95.05337822133015,-92.81477298447129,-1049.614386872829,-8.359394736706434e-05,0.0009453388398271542,-0.0003442309429450166,3.124570705981373e-10,0.5142081650248717,0.01699131466558418,-0.513927360824641,0.0004844151239735453,1.600684384271565e-05,-0.0004841505894703632
486407.2056914617,-6.356778611374869,-95.11459636811276,-93.76523523811632,-1047.604616268209,-8.475820525875624e-05,0.0009469723706253371,-0.0003427816264521683,3.123364919606726e-10,0.5140444277343627,0.01657915530019734,-0.5137769995769373,0.0004851274038141942,1.564651250800714e-05,-0.000484875019544044
487528.4901033863,-6.402068807973799,-95.19158943287104,-94.95814086177813,-1045.113988914279,-8.622522440916381e-05,0.0009489990790622414,-0.000341180178813596,3.123607599802272e-10,0.5137984574051462,0.01602358377103104,-0.5135485367470543,0.0004859754513202199,1.515588114884863e-05,-0.0004857390642644397
488652.3593428336,-6.447041161950748,-95.24826714755032,-95.74692392248581,-1042.352229767875,-8.738699111071163e-05,0.0009513415293706793,-0.0003394959763082321,3.124680606009368e-10,0.5134582205954992,0.0156479706467231,-0.5132197242037134,0.000486879808255353,1.483797637756375e-05,-0.0004866536572797827
489778.8193684461,-6.495196801299383,-95.31179278739117,-96.64470757299969,-1039.472141189148,-8.867768026310497e-05,0.0009537819555111238,-0.0003377792647095177,3.126131750108272e-10,0.5129720727208961,0.01520752640616479,-0.512746602652985,0.0004876998891958104,1.445830940442698e-05,-0.0004874855271808299
490907.8761526032,-6.536589456473769,-95.34731509129735,-97.03315892440401,-1036.677165471662,-8.950449055077984e-05,0.0009562428203894268,-0.0003360962479730522,3.127350796865913e-10,0.5124621974450867,0.01501787423185089,-0.5122420982931833,0.0004884836616117942,1.431517530653766e-05,-0.0004882738610837251
492039.5356814509,-6.585206318995217,-95.39960492536842,-97.69859807771023,-1033.619281315646,-9.063674194163236e-05,0.0009589071482068226,-0.000334334145870301,3.129388840407972e-10,0.5119379980229883,0.01467871656092848,-0.5117275145034798,0.0004893687405465301,1.403159184120282e-05,-0.0004891675363865625
493173.8039549359,-6.6317728725598,-95.44104836576804,-98.16159515372998,-1030.560234856021,-9.159513135444577e-05,0.0009616214970068052,-0.0003325779962681629,3.131459151234527e-10,0.5112944116403779,0.01443394070439816,-0.5110906345555768,0.0004901536624127102,1.383713324112134e-05,-0.0004899583110023348
494310.6869868354,-6.681786614937248,-95.49143400775679,-98.77231993941537,-1027.399739080529,-9.27173055018952e-05,0.0009644173138722033,-0.0003307954922090214,3.133867860863029e-10,0.5107526669551532,0.01411319886763382,-0.5105576406435656,0.0004910820905953778,1.35696583754001e-05,-0.0004908945753164337
495450.1908047903,-6.728962962687598,-95.530766134446,-99.18315220222671,-1024.291047394295,-9.3656531998635e-05,0.0009672161564355429,-0.0003290360693832248,3.13614948180522e-10,0.5100805692622703,0.01388826501780994,-0.5098914622090831,0.000491874533540122,1.339255852697339e-05,-0.000491692176184871
496592.321450336,-6.776037769613531,-95.56676833517048,-99.52692506981839,-1021.152270392859,-9.4548244445206e-05,0.0009700707060843318,-0.0003272733476987297,3.138554138123957e-10,0.5094789547432556,0.01369568329474722,-0.5092948395432357,0.0004927571017888173,1.324617070932408e-05,-0.0004925790295220192
497737.0849789361,-6.82397553997771,-95.60231218363691,-99.8531079361821,-1017.957779156394,-9.544282085320775e-05,0.0009729968747116771,-0.0003254991787852102,3.14116222503912e-10,0.5087650984333973,0.01350492711596622,-0.5085858259207947,0.0004935634708042255,1.310140715398734e-05,-0.0004933895548579226
498884.4874600122,-6.872039727982239,-95.63324263032359,-100.0864263656489,-1014.698027587275,-9.627125617802431e-05,0.0009760189998223166,-0.0003237106201845085,3.144005632918795e-10,0.5080883435748185,0.01335684105142343,-0.5079127480913722,0.0004944466125225548,1.29982214616699e-05,-0.0004942757316254388
500034.5349769786,-6.914297215842828,-95.64266262380913,-99.94268839821166,-1011.538293375156,-9.673137506553659e-05,0.0009790360017109148,-0.0003219604012447017,3.146572938835894e-10,0.5073585583881685,0.01339845285956537,-0.5071816126701465,0.0004952530074410174,1.307876641489446e-05,-0.000495080283639368
501187.2336272722,-6.953859806620326,-95.65772706238315,-99.92642132025982,-1008.663221849166,-9.726270845578474e-05,0.0009817755462528238,-0.0003203069170586237,3.148284316445142e-10,0.5067373550514619,0.01339318839977941,-0.5065603315588769,0.0004960258884476068,1.311008179863135e-05,-0.000495852606895911
502342.5895223872,-7.000867949394159,-95.69046969447906,-100.1973056207036,-1005.539908345458,-9.812202409201703e-05,0.0009847132165974189,-0.0003185806862235378,3.1507998772756e-10,0.5060353788562869,0.01323000236501847,-0.5058624039120198,0.0004968312403011099,1.298936548479051e-05,-0.0004966614115506074
503500.6087879047,-7.041643333821507,-95.70258915683947,-100.1140185849269,-1002.554698332503,-9.862102060863308e-05,0.0009876036239785705,-0.0003169043555751405,3.152913492629004e-10,0.5053118985998931,0.01324880396002267,-0.5051381831343356,0.0004975696897050393,1.304581050558458e-05,-0.0004973986358459596
504661.2975635284,-7.087938212647545,-95.72944510497601,-100.2736865193985,-999.4155062569935,-9.939048612557108e-05,0.000990612756509156,-0.0003151854893399396,3.155542605179148e-10,0.5048113931051336,0.01314388961836363,-0.5046402488649177,0.0004985966903947926,1.298207598350643e-05,-0.0004984276531010284
505824.6620031141,-7.130257551524879,-95.74252590325759,-100.1965936039428,-996.3570768560219,-9.992013637209763e-05,0.0009936079802102236,-0.0003134982648695984,3.157949071423874e-10,0.5037885735750701,0.01314705553097583,-0.5036169991130852,0.0004990842137067399,1.302428879177067e-05,-0.0004989142414010082
506990.7082747045,-7.17433175231101,-95.76749868021082,-100.3331350202367,-993.3656974900348,-0.0001006509760135525,0.0009965125376635467,-0.0003118381825802694,3.160173832383307e-10,0.503105220492147,0.01305491587175477,-0.5029358130597117,0.0004998678533297453,1.297091047043974e-05,-0.0004996995359954375
508159.4425605604,-7.220105598203239,-95.7869032071287,-100.3505721077238,-990.1841736731052,-0.0001013094728416312,0.0009996458868541656,-0.000310124525124134,3.163036117693111e-10,0.5023684300098352,0.01301072795044515,-0.5021999207773198,0.0005007039751935899,1.296762060630023e-05,-0.0005005360242684578
509330.8710571955,-7.264015136093795,-95.80806460752966,-100.4132905831534,-987.1683771033348,-0.0001019854748313334,0.001002624603702124,-0.0003084688869415828,3.165402178356238e-10,0.5017650474975914,0.01295500455548319,-0.5015977778531596,0.0005015930509468573,1.295056379957681e-05,-0.0005014258386396235
510504.9999754062,-7.308881090718186,-95.8237288702919,-100.3643519307013,-984.0150423980825,-0.0001025844217372847,0.001005781556532108,-0.0003067763451523112,3.168242344933442e-10,0.5009721484878519,0.01294287175745695,-0.5008049277225658,0.0005023726227088934,1.297905372545113e-05,-0.0005022049344757617
511681.8355403079,-7.354877938365927,-95.83686058367594,-100.2592253024121,-980.7575041827531,-0.0001031540164257376,0.00100907497929469,-0.0003050575453794063,3.171454549566406e-10,0.5002561410203056,0.01295512850097704,-0.5000883634659489,0.0005032902814717302,1.30337036072377e-05,-0.0005031214863173428
512861.3839913649,-7.401377258248022,-95.8438117558681,-100.034231153396,-977.3844793318207,-0.0001036315659452521,0.001012532239773234,-0.0003033091904411676,3.175080153970559e-10,0.499322614194003,0.01301581840202728,-0.4991529440130135,0.0005040595987478391,1.313929714898022e-05,-0.0005038883189361145
514043.6515824262,-7.446781042536315,-95.85909711019276,-99.97320713189988,-974.2221932164822,-0.0001042360961467465,0.001015763334134399,-0.0003016325116416077,3.178060151367341e-10,0.498396371464948,0.01300423401899755,-0.4982266883528075,0.0005047248915284689,1.316935872818845e-05,-0.000504553053820025
515228.6445817564,-7.487180262787582,-95.85255057362214,-99.53866638050158,-971.080270386479,-0.0001044581394162717,0.00101907371232665,-0.0002999682311849765,3.181009756002999e-10,0.4976342731051253,0.01318676594387056,-0.497459524959376,0.0005055704597971881,1.339706624280713e-05,-0.0005053929247977518
516416.369272071,-7.526887212568694,-95.84103749646769,-99.01807870167917,-967.9188660758093,-0.0001045960267406469,0.001022444274079064,-0.0002983040066390836,3.184059514443645e-10,0.4967453206180843,0.01340863004083541,-0.4965643182875622,0.0005063068545187853,1.366672420977067e-05,-0.0005061223681898287
517606.8319505677,-7.560617672944298,-95.81463968626504,-98.26438032991562,-964.9424214486029,-0.0001044510399565874,0.001025694550559842,-0.0002967027224000683,3.186535286619184e-10,0.4957658507103954,0.01375619309482492,-0.4955749649469189,0.0005068716922653415,1.40643508686842e-05,-0.000506676530396439
518800.0389289612,-7.594831098793464,-95.80059915913182,-97.73925628216553,-962.1249765674554,-0.0001045074254506714,0.001028749430756611,-0.0002951560030893753,3.188516308573407e-10,0.4949621475686735,0.01400089623288456,-0.4947640876523571,0.0005075250759118753,1.435626129863422e-05,-0.000507321988919148
519995.9965335159,-7.627380172061024,-95.78478153689169,-97.19460992406155,-959.3976552764751,-0.0001045226227352584,0.001031731690202806,-0.0002936424131068931,3.190226211121905e-10,0.4940609195748758,0.01425755860572747,-0.4938551551556146,0.000508035776524799,1.466084357338213e-05,-0.000507824191915738
521194.7111050806,-7.657925330831922,-95.76492872180899,-96.59130211245601,-956.7482405147114,-0.0001044572376025104,0.001034661259342742,-0.0002921580141316702,3.191702908900023e-10,0.493308707225797,0.01455262406268067,-0.4930940090466294,0.0005086651414650912,1.500563940815163e-05,-0.0005084437598472949
522396.1889991198,-7.693082639261132,-95.76126462610792,-96.25632669967607,-954.0407504518811,-0.0001046879992966042,0.001037610937760566,-0.0002906611965076454,3.193399156857301e-10,0.4925095782477671,0.01470653360646733,-0.4922899577841044,0.0005092658471666247,1.520688251917459e-05,-0.0005090387547273665
523600.4365857503,-7.727465052940904,-95.76482238626645,-96.05956106614028,-951.4989523770574,-0.0001050316025892145,0.001040369732288394,-0.0002892200827887735,3.194565647409425e-10,0.4916433280025388,0.01479622034592365,-0.4914206282126207,0.0005097050766793632,1.533979654849465e-05,-0.0005094741954550459
524807.4602497725,-7.760845657256201,-95.75541801808393,-95.6332600322758,-948.8346512569284,-0.0001051570251807581,0.001043325609530894,-0.0002877469097953438,3.196167970146825e-10,0.4907898182962415,0.01499719100195051,-0.4905606282665873,0.0005102374065062625,1.559145596841915e-05,-0.0005099991348022288
526017.2663907063,-7.804259707720631,-95.77545955843767,-95.67764104845088,-945.9585804296928,-0.000105839053060183,0.001046423796507833,-0.0002862149090059562,3.198512194022208e-10,0.4902187613980755,0.01495463859992621,-0.4899906048191219,0.0005111550441597217,1.559332191231791e-05,-0.0005109171434603323
527229.8614228227,-7.835008645270793,-95.7670062042647,-95.28769778944009,-943.4935763471078,-0.0001059623592121516,0.001049189009395179,-0.0002848125218967208,3.199493144629148e-10,0.4894138242122085,0.0151486322657468,-0.4891793232246184,0.0005116363847369255,1.583647838029846e-05,-0.0005113912358842118
528445.2517751806,-7.877463644938228,-95.7783662125937,-95.18043068903125,-940.5661048998705,-0.0001064986954061633,0.001052412375001329,-0.0002832757875988835,3.202069895638163e-10,0.4885668514967581,0.01517204123209603,-0.4883312170507911,0.0005123100133258456,1.590936556989678e-05,-0.0005120629276183656
529663.4438916577,-7.917243900049438,-95.78327690955655,-94.97411464672899,-937.7249505511769,-0.0001069109143828439,0.001055582695094766,-0.0002817705523421975,3.204384777719661e-10,0.4877973997285673,0.0152528991526542,-0.4875588705473326,0.0005130280051943136,1.604183300294447e-05,-0.0005127771384408264
530884.4442309885,-7.961463048702275,-95.80197180295593,-94.98709751618988,-934.8105649201121,-0.0001075861523778947,0.001058803506074276,-0.0002802487883725385,3.206981980017197e-10,0.4871043479491849,0.01521902711637927,-0.4868665392123713,0.0005138586421379216,1.605493492638398e-05,-0.0005136077717133358
532108.2592667942,-8.005627965584276,-95.81255945606532,-94.8539379469627,-931.7880086440763,-0.0001081293992260299,0.00106219815182622,-0.0002787001797224554,3.209985085182794e-10,0.4862420137689155,0.01524899927836482,-0.4860028435874204,0.0005145824571100777,1.613778179369741e-05,-0.0005143293469793688
533334.8954876211,-8.046570256790702,-95.80234684691912,-94.36938697547885,-928.670956456943,-0.0001083043279646745,0.001065802026090468,-0.0002771290130769839,3.213351749123232e-10,0.4852564341647084,0.01545129135075325,-0.4850103756558637,0.0005152515993229887,1.640638231574443e-05,-0.0005149903311948752
534564.3593969716,-8.093961789811724,-95.8062738278785,-94.09707319847259,-925.3605856738286,-0.0001087643262353813,0.001069599905762271,-0.0002755060429366056,3.217430201829315e-10,0.4842847001838571,0.01553395482439736,-0.4840355018794406,0.0005160347870655967,1.655237315374865e-05,-0.0005157692511238089
535796.6575133418,-8.136523850028794,-95.79242469602517,-93.54069970866419,-922.1036285582124,-0.0001088917128091242,0.001073430536803134,-0.0002739049385061872,3.221368448003116e-10,0.4833092692179753,0.01576623627365664,-0.4830520422333153,0.0005168060005259656,1.685894732604654e-05,-0.0005165309459022779
537031.7963702526,-8.176723012477137,-95.77873734554726,-93.00492171861573,-919.0084549537185,-0.0001090037950568697,0.001077097936627311,-0.0002723576878272746,3.224783957865261e-10,0.4823051722396882,0.01599546299097629,-0.4820398576184957,0.0005174605698432969,1.716137804573361e-05,-0.0005171759163438693
538269.7825162885,-8.219458591373499,-95.76020157350813,-92.36960330519595,-915.6877503861081,-0.0001090529358524842,0.001081074660176056,-0.0002707494207112334,3.229034812372593e-10,0.4810852450977418,0.01625733122936906,-0.4808104743368772,0.000518019110453139,1.750543868804121e-05,-0.0005177232449977504
539510.6225151276,-8.259716926020698,-95.73278020252611,-91.59683074194629,-912.3996852927597,-0.0001089319101383238,0.001085075102746223,-0.0002691567393295592,3.233218125770803e-10,0.4801725472043701,0.01660298289006879,-0.4798854197075434,0.000518903126455368,1.794217470428361e-05,-0.0005185928393374099
540754.3229455811,-8.300167427867395,-95.69957626730923,-90.72556451718656,-909.0209614517044,-0.000108711927165535,0.001089234562266759,-0.0002675432691894456,3.237771781907593e-10,0.4789160603134437,0.0169836658727781,-0.4786148220852253,0.000519477479181018,1.842208408936874e-05,-0.0005191507278181059
542000.8904016238,-8.339805791268775,-95.66186871096218,-89.78560539952642,-905.6339358060732,-0.0001084060482648148,0.001093451402576,-0.000265933359276402,3.242406367886567e-10,0.4776958036446655,0.0174012756383027,-0.4773787557337282,0.0005201040664903155,1.894610367633101e-05,-0.0005197588721082577
543250.3314924333,-8.373671718183056,-95.59489827127376,-88.37827278960391,-902.1785080376833,-0.0001075505867547948,0.001097892330709047,-0.0002643093998875332,3.247339196498669e-10,0.4763497696974698,0.01805525183038928,-0.4760074694499801,0.0005206630971409903,1.97348753703427e-05,-0.0005202889537733483
544502.6528424212,-8.410656505073462,-95.53054612940062,-87.00628021755203,-898.5731872408824,-0.0001067556656934048,0.001102538558576293,-0.000262647690939007,3.252869768117552e-10,0.4749881209535802,0.0186832363387892,-0.4746205344556026,0.0005212928985967353,2.050459368681159e-05,-0.0005208894774951065
545757.861091271,-8.43857578197818,-95.45035541719498,-85.42497670037427,-895.3027459852735,-0.0001056109938210517,0.001106863781840599,-0.0002610898857276815,3.257243417677912e-10,0.4735451341326446,0.01943508983102485,-0.4731461416348699,0.0005216557685412044,2.14096312932037e-05,-0.0005212162397126587
547015.9628939716,-8.458338712402869,-95.33078605643465,-83.22760375945744,-891.9553008825472,-0.0001037089761202809,0.001111455416485838,-0.0002595154525316699,3.261948054780295e-10,0.4721526907235014,0.02050864639873158,-0.4717070688259125,0.0005221544459215931,2.268054616086621e-05,-0.0005216616319239231
548276.9649208538,-8.472330545939661,-95.20269189336707,-80.93304518417997,-888.8417848907493,-0.000101599389579151,0.001115808537437749,-0.0002580147858526334,3.265845751658873e-10,0.4704786982930652,0.02163276284787258,-0.4699810944273235,0.0005222110420960901,2.401143276239938e-05,-0.0005216587232892604
549540.8738576245,-8.477744261292084,-95.04564486773899,-78.21129081477491,-885.8306495210711,-9.889986152325493e-05,0.001120151932771052,-0.000256549300189287,3.269410318472572e-10,0.4688700224423943,0.02298836381174217,-0.4683061317924316,0.0005223004726581996,2.560802079426342e-05,-0.0005216723234080751
550807.6964054035,-8.471492413118217,-94.8641014335147,-75.15787701969819,-883.1803997678331,-9.566253669316957e-05,0.001124130706583625,-0.0002551934680329349,3.271679172987314e-10,0.4671158257001356,0.02452612454102314,-0.4664715037754372,0.0005220287098513613,2.740934998854698e-05,-0.0005213086431685956
552077.4392807573,-8.45288155380177,-94.66453962247213,-71.88514379981595,-881.0326971776668,-9.199695894182448e-05,0.001127525446625958,-0.0002539873916313067,3.272111583195949e-10,0.4657293694399153,0.02621853359135024,-0.4649907892154643,0.0005218769219288047,2.937939607415307e-05,-0.0005210492997099235
553350.1092157367,-8.422641606365733,-94.43923911867245,-68.2588793114173,-879.2310114202625,-8.776946579044929e-05,0.001130543556490022,-0.0002528850347306335,3.271275597044829e-10,0.4641373475719249,0.02809614871178651,-0.4632861792010064,0.0005212992207433766,3.155639274875341e-05,-0.0005203432248279381
554625.7129579107,-8.37552020641864,-94.2143315817767,-64.73390805195994,-878.4995867837863,-8.342514461691761e-05,0.001132157122578061,-0.0002520935262722619,3.266469219305483e-10,0.4628879577371088,0.02997910946412492,-0.461916133528338,0.0005204606290652954,3.370782477641663e-05,-0.0005193679321597412
555904.2572704037,-8.318495113144015,-93.99982422254774,-61.432189300004,-878.5599700807626,-7.920177883085181e-05,0.001132688143347218,-0.0002515310149405928,3.258732560973265e-10,0.4620189180496608,0.03179385832351945,-0.4609236717816553,0.0005195646478800268,3.575387101969551e-05,-0.0005183329856702188
557185.7489319298,-8.263494133815755,-93.81698897566467,-58.64372593041012,-878.9823126938177,-7.556704085454286e-05,0.001132637656969041,-0.0002510731479111425,3.249675495383273e-10,0.4612785382578177,0.03335642743465838,-0.4600709060634734,0.0005185729865686393,3.749955994350391e-05,-0.0005172153568899147
558470.1947368309,-8.216358315766175,-93.68269625756727,-56.61726505357215,-879.6440605720355,-7.286844477672239e-05,0.001132133362328865,-0.0002506842831020524,3.239762371767462e-10,0.4608692015709805,0.03454947565631423,-0.4595723606664643,0.0005177796353558117,3.881581768988247e-05,-0.0005163226540509946
559757.6014951101,-8.178876769338508,-93.57630461372496,-55.00691287932464,-880.1179492270936,-7.073630756336876e-05,0.001131790363970221,-0.0002502424652193265,3.230570727021863e-10,0.4606008707718018,0.03552774993767558,-0.4592286371080402,0.0005172374444914312,3.989632619561024e-05,-0.0005156964777270831
561047.9760324706,-8.151407497507106,-93.47945722100339,-53.51265427751752,-880.1025668531648,-6.883151090973945e-05,0.001132046059944638,-0.0002496625599348741,3.223196954369649e-10,0.4602314508373069,0.03642057519675766,-0.4587881101795793,0.0005168623892592448,4.090208411473087e-05,-0.0005152414472321172
562341.325190349,-8.122309161357871,-93.37616972191674,-51.92024510885473,-880.1000331435632,-6.679805755467575e-05,0.001132293819964452,-0.0002490876348856727,3.215793064969321e-10,0.4596929430701724,0.03734987726501157,-0.4581730989231093,0.0005162916691333897,4.194850229000892e-05,-0.0005145846973746564
563637.6558259543,-8.078564103460371,-93.21467197891305,-49.43567910766965,-880.1778284626254,-6.361093796714877e-05,0.001132561305053649,-0.0002485367163668956,3.208113369073622e-10,0.4590027285366671,0.03872909571413396,-0.4573658950438595,0.0005155313208729083,4.34987868882043e-05,-0.0005136929027543792
564936.9748123025,-8.011990167916993,-93.01627068871483,-46.43214075518404,-881.1900174413648,-5.963145698717948e-05,0.001131686882576483,-0.0002482502532705044,3.197058352357121e-10,0.4584671805131448,0.04041162570659093,-0.4566826645663517,0.0005144119768697117,4.534288418416087e-05,-0.0005124097040463486
566239.2890382531,-7.915706100349832,-92.79385418421377,-43.12991853334712,-883.7982390168351,-5.508575806024193e-05,0.001128791744202051,-0.0002484123958871726,3.180292021877262e-10,0.4582633981198672,0.04231162010099524,-0.4563058939579862,0.0005127435582624912,4.734179237408858e-05,-0.0005105533382855208
567544.6054085471,-7.80381204533196,-92.62896942585765,-40.78890955714364,-888.3298601018749,-5.157971139791093e-05,0.001123339611371802,-0.0002491118530314834,3.156791300066912e-10,0.4588406397087342,0.0438262639383958,-0.4567428064431038,0.0005108167406410709,4.879077257345324e-05,-0.0005084812710718584
568852.9308438414,-7.695254319582203,-92.58688911204061,-40.41501482505905,-894.5246621630705,-5.040486961514824e-05,0.001115634849053856,-0.0002502721072205261,3.127719609909323e-10,0.4605265904487532,0.04447154003285651,-0.4583743258925609,0.0005091367897003693,4.916566729251566e-05,-0.000506757346060301
570164.2722807475,-7.628460263203207,-92.75870037947924,-43.42332413984062,-901.1672053915444,-5.33463989143e-05,0.001107101452493238,-0.0002515506885702431,3.097524519207604e-10,0.4631120252617302,0.04348754311727814,-0.4610657019727712,0.0005081266045259324,4.771454079791879e-05,-0.0005058813782138032
571478.636671867,-7.629802658052903,-93.10699310312951,-49.17284276269571,-905.9029467260226,-5.974261947441743e-05,0.001100628151359684,-0.0002522910266123306,3.074244886321428e-10,0.465783962902994,0.04106876725599849,-0.4639698874428063,0.0005082047637682782,4.48090634797915e-05,-0.0005062254732298992
572796.0309858292,-7.690251981281761,-93.55416307090324,-56.40838551972223,-908.1788917568997,-6.812847162306692e-05,0.001096873085192192,-0.0002523431588484695,3.05948781587636e-10,0.4681623076007996,0.0377888947532931,-0.4666347026223299,0.0005092645462792293,4.110656502774061e-05,-0.0005076028254537296
574116.4622073274,-7.788549560572742,-93.99833818765853,-63.46269463007287,-907.9372486489277,-7.661083256078145e-05,0.001096042784464094,-0.0002516957980688397,3.053263584286608e-10,0.469968395603827,0.03445435373107745,-0.4687037341172023,0.0005110797691058552,3.746831343189821e-05,-0.0005097044789658644
575439.937337157,-7.907145798469275,-94.41484206579149,-69.9499713206136,-906.012738810674,-8.471062065521985e-05,0.00109719703921552,-0.0002505846336512766,3.05271195598996e-10,0.4711296115523039,0.03127602952974039,-0.4700903326577559,0.0005131323092828332,3.406438666615645e-05,-0.0005120003753816903
576766.4633922506,-8.037219829627469,-94.77926085011441,-75.46864927923983,-902.6504057152475,-9.198184981550651e-05,0.00110015820936715,-0.0002490804911030073,3.05703597813604e-10,0.4717525593230595,0.02847652185939671,-0.4708923071474497,0.0005154367142791648,3.111343981338056e-05,-0.0005144968029928665
578096.0474057181,-8.152756149949917,-95.05376761543047,-79.49985204499944,-898.9703138444789,-9.760956418851778e-05,0.0011037517466461,-0.000247494460104496,3.062490718218947e-10,0.4719116473597875,0.02638303375261994,-0.4711735757062747,0.0005174834207327247,2.893080226350878e-05,-0.0005166740746482563
579428.6964268809,-8.26464423266011,-95.29225835385611,-82.90981406124368,-895.0555260083537,-0.0001026113551553448,0.001107744137444993,-0.0002458499418209646,3.068811079358377e-10,0.4717365408665457,0.02456688337603769,-0.4710964150043198,0.00051933345069723,2.704561383588774e-05,-0.0005186287379092411
580764.417521312,-8.361910971418311,-95.47221671956606,-85.38177458290886,-891.2533693976906,-0.0001065111848019953,0.001111811657664006,-0.0002442425448383192,3.074814687643985e-10,0.4714477493750463,0.02322761877271465,-0.4708752043980931,0.000521050540359111,2.567148391061763e-05,-0.0005204177557715997
582103.2177708712,-8.45558770714111,-95.64049875228433,-87.65833138637795,-887.5486315961374,-0.0001102029227827495,0.001115814683747491,-0.0002426678768310383,3.080547948155336e-10,0.4711086623947408,0.02198370092938292,-0.4705954618106823,0.0005226746582972907,2.4389964117763e-05,-0.0005221052844748115
583445.1042737447,-8.548793074569621,-95.78736429743159,-89.55591623834067,-883.5997216887779,-0.0001135388774908426,0.001120226611101485,-0.0002410325536906222,3.087198547517448e-10,0.4704655650396678,0.02090402997820386,-0.4700009249126689,0.0005241341232307224,2.32886660338059e-05,-0.0005236164790848393
584790.0841444806,-8.631791827725461,-95.91492779219426,-91.17428356586971,-880.0328246048656,-0.0001164763886232119,0.001124253915368634,-0.0002395074367991218,3.092582260004481e-10,0.4698943081577808,0.01998865614671905,-0.4694689707153473,0.0005254741219894109,2.235294481353575e-05,-0.0005249984749870283
586138.1645140288,-8.71308858439013,-96.03178888237228,-92.60970763234084,-876.4445822972252,-0.0001192299888753697,0.001128374988635463,-0.0002379822643597476,3.098101705645475e-10,0.4693454826969354,0.01916422579779951,-0.4689540644643037,0.0005268710867317864,2.151310035933556e-05,-0.0005264316940941747
587489.3525297765,-8.787050173022394,-96.12865256904998,-93.74222201194104,-873.0359031340934,-0.0001215885082027846,0.001132372700276119,-0.0002365114854969998,3.103044669348199e-10,0.4687902121236253,0.01850519449696495,-0.4684248293585035,0.0005281814699041806,2.084962650135741e-05,-0.0005277697966205482
588843.655355589,-8.856693838404192,-96.21466231500622,-94.71054173771589,-869.7522820847227,-0.0001237336051923417,0.001136278850401227,-0.0002350800143641664,3.107596006714393e-10,0.4681676330042743,0.01793403732331256,-0.4678240084669777,0.0005293594834372841,2.02781056701693e-05,-0.0005289709454548687
590201.0801718441,-8.929800850961007,-96.30595816776817,-95.73849715087188,-866.3624532037747,-0.0001260131982548643,0.001140326063444413,-0.0002336252364981347,3.112579904766663e-10,0.4674689611779794,0.01731872740493442,-0.4671480400749775,0.0005305186973544719,1.965458557836719e-05,-0.000530154492113788
591561.6341754741,-8.997800856136401,-96.39778455964323,-96.80179776547568,-863.3088139749719,-0.000128269908577936,0.001143951302551017,-0.0002322663560669007,3.116405461414575e-10,0.4668380175766071,0.01670359647826515,-0.4665390921665062,0.000531555433381654,1.901920394385938e-05,-0.0005312150681587448
592925.3245799997,-9.06473872121801,-96.47040959639843,-97.54105132888479,-860.0556759388298,-0.0001301918666480998,0.001147950040995828,-0.0002308589403848906,3.120998538660889e-10,0.4661894792878608,0.01624591313765818,-0.4659063220273046,0.0005327220957146653,1.856446204387143e-05,-0.0005323985274318916
594292.1586155727,-9.129423409338177,-96.5433388129498,-98.29493835184134,-856.9599941008979,-0.0001321093368815388,0.001151762424932191,-0.0002294989377125284,3.12506880455784e-10,0.4655703141034817,0.01578829421817255,-0.4653025329182026,0.0005338321925613062,1.810317252619483e-05,-0.0005335251493222211
595662.1435290104,-9.200377712884155,-96.62687809168972,-99.17923344697122,-853.6734000829426,-0.0001342809808636788,0.001155807496351142,-0.0002280929598854866,3.12988501153698e-10,0.4647915779778626,0.01524087941311675,-0.4645416305928526,0.0005348741387695836,1.75389414017527e-05,-0.0005345865036259424
597035.2865838369,-9.270152732289787,-96.70327260693557,-99.9450772911806,-850.3727163122541,-0.0001363278848817776,0.001159932203947091,-0.0002266884794129708,3.134807044047701e-10,0.464154704807178,0.01475787893111052,-0.4639200308286906,0.0005361038733943061,1.704551516145748e-05,-0.0005358328223254513
598411.5950603196,-9.339243912881493,-96.75544795013927,-100.3041733278114,-846.7758728629371,-0.0001379528409239254,0.001164608943094588,-0.0002252104855078989,3.140882258758817e-10,0.4631185867243789,0.01445984747795336,-0.4628927933987528,0.0005370943098473126,1.67695748438851e-05,-0.0005368324496804532
599791.0762555094,-9.397355901656194,-96.79409895091133,-100.5089083285274,-843.632042886838,-0.0001392442950994372,0.001168761566398729,-0.0002238582984835143,3.145336138794325e-10,0.462291728079738,0.01427882504660895,-0.4620711601109062,0.0005380627679504371,1.661916850550538e-05,-0.0005378060482113153
601173.7374832779,-9.460354115985346,-96.83858917271365,-100.7748889368503,-840.3094902970439,-0.0001406928931311888,0.001173165007302272,-0.0002224638249629553,3.150510005717289e-10,0.4614620440785341,0.01405160663885702,-0.4612480574224739,0.0005391431194630332,1.641701009639603e-05,-0.000538893110963413
602559.5860743577,-9.518741381665379,-96.8589689285282,-100.6693067055407,-836.9110540698492,-0.0001416771237021711,0.001177828226054948,-0.0002210545384419922,3.156027854152766e-10,0.4604430422348521,0.01401344160487844,-0.4602297454498921,0.0005400862005612193,1.643735650001409e-05,-0.0005398360096806668
603948.6293763798,-9.575664525877176,-96.88703267503732,-100.7002271588735,-833.7238826389465,-0.0001427893928724528,0.00118219124607793,-0.0002197062310295642,3.16080635084055e-10,0.459399380695037,0.01391331989924729,-0.4591886437101474,0.0005408621203912805,1.6380491612775e-05,-0.0005406140145877424
605340.8747539136,-9.619738058355841,-96.88146561068415,-100.2627708074855,-830.7801228484353,-0.0001431817542574096,0.001186408019982073,-0.0002184269536194338,3.164710839321439e-10,0.4584062182522732,0.01408431961880225,-0.4581898000536745,0.0005415834358671196,1.663990126504742e-05,-0.0005413277488652544
606736.3295885053,-9.657576395978664,-96.86792018589423,-99.73806240997327,-828.0780913057476,-0.0001433716443688438,0.001190347142781941,-0.0002172158070488291,3.167734956202236e-10,0.4574587920793779,0.01431988393903096,-0.4572346086799382,0.0005422148447156733,1.697301217242941e-05,-0.0005419491255531614
608135.0012787179,-9.694180435816797,-96.84753592828417,-99.11165221244825,-825.3504931514195,-0.0001434266908130163,0.001194383176458956,-0.0002160023851483237,3.170893943867564e-10,0.4565304934173363,0.01460976456583497,-0.4562966646812219,0.0005428976295843497,1.73736621451189e-05,-0.0005426195647707269
609536.897240169,-9.71549545985717,-96.81277497381693,-98.35560331869321,-823.2735457498231,-0.0001430724442585936,0.001197570392631407,-0.0002149632859243441,3.171582195719719e-10,0.4556354668245765,0.01501403962720485,-0.4553880293140372,0.0005432111257175945,1.789982115374387e-05,-0.0005429161293478397
610942.0249055721,-9.745750565807542,-96.81105201414587,-98.08102540701033,-821.1848734020629,-0.0001434007579677596,0.001200625021902532,-0.0002139247693992422,3.172336081161216e-10,0.4548410160359503,0.01515823095854335,-0.454588360940778,0.000543616459002252,1.811680026185314e-05,-0.0005433144909225405
612350.3917247733,-9.768294616851769,-96.81231363954512,-97.9069537856694,-819.5742045784991,-0.0001437086875333148,0.001202978222915316,-0.0002130141299034289,3.171260007712182e-10,0.4543154141205792,0.01528757743781738,-0.4540581300710694,0.0005440250847239937,1.830628095005787e-05,-0.0005437169970552016
613762.0051647943,-9.802663198469046,-96.85250767336392,-98.28651631786481,-817.8796577372538,-0.0001448398837176755,0.001205268015997269,-0.0002120847971816716,3.170521664177764e-10,0.4538212361631948,0.01510979810549346,-0.4535696290470752,0.0005444844655175883,1.812839437639233e-05,-0.0005441825929844759
615176.872709868,-9.84337139208993,-96.89353525395691,-98.63526307596872,-815.8497099988999,-0.0001460528209306426,0.001208058334157951,-0.0002110718395417523,3.171100222796162e-10,0.4533209910514592,0.01492592139857808,-0.4530752010409316,0.0005451612996925353,1.794982996459956e-05,-0.0005448657139944632
616595.0018614822,-9.887541578897947,-96.94156791141698,-99.07215921817823,-813.7378242273459,-0.0001474322003298565,0.001210947241527918,-0.0002100412697404907,3.172017891586998e-10,0.4527801795568668,0.01468610768164828,-0.4525419419685998,0.0005458392111327767,1.770451489154708e-05,-0.0005455520090353503
618016.4001384157,-9.931576180327964,-97.00369732969801,-99.73565755119724,-811.8486356592859,-0.0001490715820897027,0.001213443250955371,-0.0002090716741151978,3.17208682749196e-10,0.4523820324725437,0.01434047828425008,-0.4521546792708979,0.0005465262861634051,1.732484443659647e-05,-0.0005462516189750031
619441.0750767814,-9.982099950470747,-97.05827871930812,-100.2299572478597,-809.4995935702602,-0.0001506457068829006,0.001216678544452004,-0.0002079872758383315,3.17397496283404e-10,0.4517790155771465,0.01404891659109192,-0.4515605240258188,0.0005472875921329135,1.701893507247657e-05,-0.0005470229102621215
620869.0342300634,-10.03361842201627,-97.11187821638087,-100.6985415415066,-807.0919761211132,-0.0001522189113560868,0.001220024243536334,-0.0002068917443898207,3.176121458176165e-10,0.4513083951260584,0.01377019098616041,-0.4510982701712156,0.0005482547423451073,1.672818984245034e-05,-0.000547999480080497
622300.2851691595,-10.08469075093837,-97.16950699517396,-101.2320689586603,-804.7786052108327,-0.0001538676466450428,0.001223222950275159,-0.0002058242558559777,3.177925481856994e-10,0.450623820324751,0.01345427912006217,-0.4504229232814788,0.0005488974788224228,1.63884365523623e-05,-0.0005486527694316154
623734.8354824191,-10.13574359982424,-97.22109564922786,-101.6653085827234,-802.3877824060249,-0.0001554130481400266,0.001226588821619217,-0.0002047408202681066,3.18006373617113e-10,0.450190873680862,0.01319439138276939,-0.4499974786391321,0.0005499112964724429,1.611704122773289e-05,-0.0005496750630782395
625172.6927756859,-10.19898143285548,-97.29565296462349,-102.3806883548456,-799.6876904041217,-0.000157513062924607,0.001230322432118092,-0.0002035825465960069,3.183462370012239e-10,0.4495995364387391,0.01275060478663959,-0.4494186970337394,0.0005509215175598093,1.562408759248798e-05,-0.0005506999240941526
626613.8646723352,-10.25833051888413,-97.35928215898842,-102.9430188747253,-797.0517920305224,-0.0001593819477896121,0.001234038679763407,-0.0002024448224876815,3.186644298395584e-10,0.4487543014616739,0.01238687493837648,-0.4485833126740404,0.0005515949146814636,1.522556374958173e-05,-0.000551384740549608
628058.358813318,-10.31096303534124,-97.40313048096449,-103.2314019118781,-794.4978944329952,-0.0001608257285807733,0.00123776002613188,-0.0002013320345167145,3.189535065100409e-10,0.4481278227069178,0.01218529333520072,-0.4479621235220427,0.000552509901038132,1.502360459139693e-05,-0.0005523056056661455
629506.1828571975,-10.36581493999223,-97.44296067950218,-103.4377044029346,-791.7775734615736,-0.0001622269545068659,0.001241787655003906,-0.0002001812183539778,3.193132463534786e-10,0.4472832301853827,0.01201008730244258,-0.4471219585393428,0.000553282168508887,1.485628500742668e-05,-0.0005530826780741506
630957.3444801933,-10.42271152133474,-97.49128199309699,-103.7629554079908,-789.0856727181473,-0.0001638130658828982,0.001245748473373517,-0.0001990417996315582,3.196656517460044e-10,0.4466046353885563,0.01177404002625382,-0.4464494062399517,0.0005542349246674043,1.461154602953098e-05,-0.0005540422857902727
632411.8513762193,-10.47620650149367,-97.52382490860171,-103.8581060717637,-786.3537590928777,-0.0001650798136619614,0.001249889266551217,-0.0001978964934103875,3.200384544413738e-10,0.4456498117270093,0.01165453517881859,-0.4454973922505995,0.0005548984803549456,1.451158216562024e-05,-0.0005547086960588218
633869.711256927,-10.5235415788645,-97.54952826198111,-103.8860223615855,-783.8560733742657,-0.0001661584436519996,0.001253723092272294,-0.000196814213606668,3.203198142859165e-10,0.4449649284432434,0.0115958823986862,-0.4448138071776736,0.0005557465880480674,1.44828764393248e-05,-0.0005555578425484709
635330.9318517436,-10.57856732554413,-97.58966778188639,-104.0878315938205,-781.1765584423649,-0.0001675940691977849,0.00125778927456348,-0.0001956903158189527,3.206793016437167e-10,0.4439923623198441,0.0114184010743488,-0.4438455113158868,0.0005563504673964833,1.430797759997984e-05,-0.0005561664538151182
636795.5209079159,-10.62614307188615,-97.6079012051523,-103.9933417669023,-778.5748247589434,-0.0001685485555240851,0.001261885230832184,-0.0001945899866736196,3.210108968456789e-10,0.4431642353009542,0.01141497845299633,-0.4430171979921289,0.0005571128810213336,1.435005586230695e-05,-0.0005569280367306347
638263.4861905486,-10.67469444877345,-97.63753859262498,-104.0712454239001,-776.0986535978138,-0.0001697293608323077,0.001265736062650407,-0.0001935249935481673,3.212944336989519e-10,0.442426842225308,0.01132614702934859,-0.4422818435284532,0.0005578896995134836,1.428200136109954e-05,-0.0005577068596138714
639734.8354826482,-10.73019573762518,-97.66836462476519,-104.1180624073296,-773.2891872251871,-0.0001710170826603107,0.001270150997764867,-0.0001923809518572649,3.217200993091141e-10,0.4415568481749477,0.01122536433701664,-0.4414141381579152,0.0005587428789480792,1.420449578084843e-05,-0.000558562294712774
641209.5765851615,-10.77897186076788,-97.68760667034894,-104.0285935257932,-770.6675041076121,-0.0001720190711729947,0.001274356441307955,-0.0001912877586954282,3.220720849306602e-10,0.4407881605950961,0.01121688486172648,-0.4406454175579351,0.0005596098080824191,1.424057936646673e-05,-0.0005594285863283618
642687.7173170197,-10.82388815802793,-97.70827226365833,-103.9876386862058,-768.2737525268354,-0.0001730076644736979,0.001278202383287152,-0.000190255021323351,3.223325289150766e-10,0.439796004466374,0.01119209836977682,-0.4396535709836418,0.0005600299234524831,1.425185751949687e-05,-0.0005598485506987028
644169.2655151772,-10.87296779858269,-97.71953110482053,-103.7702775805307,-765.5360685216582,-0.0001738738071079953,0.001282705161977144,-0.0001891410471484023,3.227412481081369e-10,0.4387350001885544,0.01123791230195678,-0.4385910506582918,0.0005606290260804828,1.436014866905134e-05,-0.0005604450829601001
645654.2290346556,-10.92103909088178,-97.7347931356867,-103.6222882848043,-762.9175155524736,-0.000174807118059786,0.00128701473803119,-0.0001880605567365482,3.231041571568732e-10,0.4378164910699955,0.01125681481914865,-0.4376717536841633,0.0005613222260544066,1.443230321709502e-05,-0.0005611366590114428
647142.6157485831,-10.96950617901399,-97.75371670586276,-103.5281227094583,-760.3411301260402,-0.0001758180520889249,0.001291259736226619,-0.000186994406411725,3.234533456666573e-10,0.4370256414889436,0.01125126175869468,-0.4368807851435675,0.0005621483924610047,1.447255746655819e-05,-0.0005619620629783375
648634.4335482385,-11.01154958480635,-97.75520706595195,-103.2079383572527,-757.842140701636,-0.0001764308868761119,0.001295508495996276,-0.0001859511560559774,3.237735600540308e-10,0.4360624929096761,0.01137419533136544,-0.4359141261798765,0.0005627236946210077,1.467800905668068e-05,-0.0005625322324436611
650129.6903430906,-11.04914615246755,-97.74047251825125,-102.6687314899307,-755.3355486136858,-0.0001766882847172251,0.001299898620872563,-0.0001849098542037911,3.241008776738629e-10,0.4350103029429737,0.01161761107672533,-0.4348551422938536,0.0005632149039734643,1.504150973600428e-05,-0.0005630140149611733
651628.3940608427,-11.08498901420221,-97.7387817514708,-102.3441005186018,-753.1137554463248,-0.0001771717784332773,0.001303743965102685,-0.0001839419184035616,3.243094111599787e-10,0.4342450299787528,0.01176907789069419,-0.434085515615127,0.0005638512228612953,1.528171539681743e-05,-0.0005636440993186291
653130.5526474724,-11.12430596795093,-97.73998369394677,-102.0408980489666,-750.7645615141695,-0.0001777530896247098,0.001307816012417343,-0.0001829464118296929,3.245759727140756e-10,0.4333114864905047,0.01189378820488405,-0.4331482218903226,0.0005643640227375043,1.549099519900065e-05,-0.0005641513797095623
654636.174067275,-11.15635009956818,-97.74220166999933,-101.8033345522781,-748.7994805694984,-0.0001782693900734926,0.001311234325236406,-0.0001820478968903299,3.246792971638909e-10,0.4324601163052975,0.01201281563328107,-0.4322932389655801,0.0005646962161832827,1.568605121733884e-05,-0.0005644783116904703
656145.2663029054,-11.19867346460778,-97.754042615793,-101.6432134747516,-746.4660372291113,-0.0001790934494973557,0.001315259258043739,-0.0001810631970945087,3.249451645516803e-10,0.4318222501185224,0.01206513193473284,-0.431653667062868,0.0005655756957761346,1.580220886428263e-05,-0.0005653548954839503
657657.8373554206,-11.2435932719921,-97.77361015770173,-101.5830348364077,-744.1230568094888,-0.0001800995539613927,0.001319277680959233,-0.0001800797558136259,3.252185956993604e-10,0.4309189932607925,0.01205204134571458,-0.4307504231597412,0.0005661088520677045,1.58330623574205e-05,-0.0005658873973908592
659173.8952443212,-11.2940846326261,-97.78887707840062,-101.4191324399776,-741.4481881926332,-0.0001810954858632688,0.001323940726496072,-0.0001790197473667387,3.256411826820735e-10,0.4300364319175411,0.01207209197399357,-0.4298669531049594,0.0005669321648290163,1.591506376869835e-05,-0.0005667087349449921
660693.4480075961,-11.34270337554162,-97.7912780731296,-101.0728619133967,-738.6861588240416,-0.0001818272669122971,0.001328875850769948,-0.0001779426660351253,3.261070367751997e-10,0.428872743230433,0.01218065037952299,-0.4286997336625353,0.0005674739489279286,1.611713936239697e-05,-0.0005672450268892892
662216.5037017618,-11.37568042174377,-97.76733369436083,-100.4350468436876,-736.3155917720147,-0.000181865890409827,0.001333306399793574,-0.0001769636749478046,3.264044978618503e-10,0.4278934847738065,0.01249075507724612,-0.4277111354050442,0.000567998351804507,1.658059435146575e-05,-0.0005677562959083665
663743.0704019089,-11.40916866879906,-97.72984323492651,-99.59276574556667,-733.7255150463531,-0.0001816485119005771,0.001338251297209179,-0.0001759356109308438,3.268033576093506e-10,0.4266651015252647,0.01289301050087948,-0.4264702558676145,0.0005683823769645625,1.717543789853414e-05,-0.0005681228131107566
665273.1562017413,-11.43376060215852,-97.67269046306212,-98.51905519223281,-731.2876250892044,-0.0001809390262056467,0.001343074905678882,-0.0001749477478083986,3.271386877945801e-10,0.4254766423465112,0.01344026256675418,-0.4252643090180478,0.0005687299537022329,1.79654513234377e-05,-0.000568446130074688
666806.7692136222,-11.44687176551504,-97.58909708529066,-97.13185848743225,-729.0276201088541,-0.0001795692529787624,0.00134776526653992,-0.0001740059560698206,3.273980958561214e-10,0.4242627895602669,0.01417941919768949,-0.424025775957872,0.0005689410252406558,1.901475569896647e-05,-0.0005686231874164095
668343.9175686146,-11.44327563965729,-97.47985924527583,-95.47929469227057,-727.2125229538135,-0.0001774858681305549,0.0013518108440983,-0.0001731735183997475,3.27460395938339e-10,0.4230570412551565,0.01510394295603421,-0.4227873355042084,0.0005688477684542691,2.030894987567097e-05,-0.0005684851187413346
669884.6094165265,-11.41963120232036,-97.34582468575937,-93.59566394872853,-726.0207966774487,-0.0001746623290145705,0.001354854251903833,-0.00017249209334631,3.272435313034117e-10,0.4220552100158572,0.01621350443920212,-0.4217436692771205,0.0005685693150867916,2.184193180273134e-05,-0.0005681496247234422
671428.8529259522,-11.36421301229563,-97.19677563960758,-91.6962319484381,-726.1790662599423,-0.0001711567309902366,0.001355458479084333,-0.0001721328886321674,3.26419733891798e-10,0.4214129312003623,0.01744298056078721,-0.4210517794904058,0.0005677327211123071,2.349939948419951e-05,-0.0005672461730549327
672976.656284318,-11.32391366817177,-97.15037040009656,-91.21385952460206,-727.0965232426394,-0.0001698615889365611,0.001354024173430926,-0.0001719539670483127,3.252580572545072e-10,0.4215714762774218,0.0179498359439548,-0.4211891653405983,0.0005672513238037743,2.415264972663488e-05,-0.0005667369000412069
674528.0276979218,-11.32137321479597,-97.22708268529267,-92.30979308698383,-727.9399133012377,-0.0001714464580426696,0.001351998695152346,-0.0001717574818516836,3.241340077150963e-10,0.4221559678006286,0.01756972671127579,-0.4217901917458211,0.0005672475214549819,2.360829809308629e-05,-0.0005667560311615291
676082.9753919819,-11.37270721686388,-97.41087669507343,-94.64989372723262,-727.6822349094651,-0.0001757723353809087,0.001351363438545886,-0.0001713017912022588,3.235030347758103e-10,0.4227417128551431,0.0163994286111457,-0.4224235013927708,0.0005679651094988339,2.203308304718754e-05,-0.0005675375836536802
677641.5076106749,-11.45757959765048,-97.61199694924902,-97.03001400961688,-726.0464454296184,-0.0001808377960459863,0.001353154901178325,-0.0001705236167009016,3.234861775060238e-10,0.4230110360205222,0.01508682046612623,-0.4227419123334927,0.0005693070232451272,2.030451245576319e-05,-0.0005689448246448521
679203.6326171847,-11.54634486510155,-97.7749841354471,-98.81202212122687,-723.6951471286209,-0.000185215189006012,0.001356508353747846,-0.0001695804533808412,3.237907749801715e-10,0.4229183282997642,0.01404227010141341,-0.4226851393913276,0.000570775080878502,1.895159730975528e-05,-0.0005704603666437042
680769.3586937415,-11.63823363861013,-97.90530919758319,-100.0800611887393,-720.7475534604807,-0.0001890110934307118,0.001361203036338711,-0.0001685013204394685,3.243672170680744e-10,0.4222228418717064,0.01322048798326635,-0.4220158135611796,0.0005719503879130243,1.790870242099843e-05,-0.0005716699437712771
682338.6941416697,-11.71222999771791,-97.99061402287465,-100.7927778194492,-718.0313375907675,-0.0001917203234246865,0.001365784367194995,-0.0001674802230235667,3.24845408570072e-10,0.421465116130797,0.01273082817540052,-0.421272797755937,0.0005729270430043057,1.73059061411492e-05,-0.0005726656111713811
683911.6472814293,-11.78515727712827,-98.06408244449572,-101.3324914008525,-715.2130076630284,-0.0001941987261522766,0.001370670483825981,-0.0001664391679622204,3.253754091404468e-10,0.4205910791011503,0.01232664368647691,-0.4204104062400177,0.0005738503164248352,1.681835096231271e-05,-0.0005736038081566335
685488.2264526617,-11.85166948894425,-98.12656406698396,-101.7489697604317,-712.5570983600549,-0.0001963922816624935,0.001375352641812766,-0.0001654397261147595,3.258370467575487e-10,0.4196701487572292,0.01200347841596701,-0.4194984508479528,0.0005746009120960965,1.643483499258926e-05,-0.0005743658280054903
687068.4400142321,-11.91223820011954,-98.1617836356227,-101.8003857268873,-709.7990626887528,-0.0001979866509215117,0.001380453897551958,-0.0001644203442477565,3.263508214072987e-10,0.4187135506824917,0.01188011194777056,-0.4185449802174768,0.0005754299456649113,1.63266083972107e-05,-0.000575198282530613
688652.2963442762,-11.96567684871674,-98.18833410304768,-101.7709988720244,-707.2618483374401,-0.0001993256002063911,0.001385221664181722,-0.0001634558104587225,3.267682858951448e-10,0.4178250916755128,0.01182264430547225,-0.4176577933132303,0.0005761920678396041,1.630374528821388e-05,-0.00057596135888691
690239.8038402419,-12.02131381417275,-98.22121138925306,-101.8185421047861,-704.7235548099385,-0.0002008246141235372,0.001389980970389683,-0.0001624945948310651,3.271909961435058e-10,0.4169506977609829,0.01172003710511587,-0.4167859463725058,0.0005769708622544895,1.621803237290588e-05,-0.0005767428814616097
691830.9709189367,-12.07381551159141,-98.24619135766493,-101.7703215673501,-702.2263966005935,-0.0002021341490802022,0.001394747829745051,-0.000161546399173404,3.275993120872037e-10,0.4159380695531186,0.01167155356897565,-0.4157742807592378,0.0005775410562036473,1.620626210773618e-05,-0.0005773136311133835
693425.8060165691,-12.1316464583662,-98.27508079211788,-101.7423210710216,-699.5480613294193,-0.0002035990688880245,0.001399882884819096,-0.0001605601218254475,3.280972379048701e-10,0.4148524977147831,0.01159317757757768,-0.4146904786631216,0.0005781577434176942,1.615679168912974e-05,-0.0005779319461287414
695024.317588797,-12.17468115469806,-98.28255341194634,-101.5012642264033,-697.2521392776421,-0.0002044487776935516,0.001404439133896483,-0.0001596650962263024,3.2842051381907e-10,0.4138624807898022,0.0116726988554081,-0.4136978379287476,0.0005786269641821246,1.631976469485121e-05,-0.000578396774678876
696626.5141107687,-12.2186267641853,-98.28325799890779,-101.1561546086676,-694.8215061689434,-0.0002051809468877504,0.001409347113927372,-0.000158742561520935,3.288114099031179e-10,0.4129960363387231,0.01180433765615925,-0.4128273048672959,0.0005793949454874653,1.656038550257813e-05,-0.0005791582309597515
698232.4040771715,-12.26307916409664,-98.28146033866896,-100.7723146471201,-692.3373526643902,-0.0002058737132040019,0.001414416867191806,-0.000157811226348521,3.292322488864406e-10,0.4119092303486362,0.01194726821868377,-0.4117359309418072,0.000579906617082188,1.681996756956962e-05,-0.0005796626374251372
699841.9960022735,-12.30386905190155,-98.28317658446957,-100.4646128148706,-690.0783212076559,-0.0002065892641550864,0.001419034708772251,-0.0001569345317487897,3.295503273500959e-10,0.41093113550472,0.01206763466276352,-0.4107539048150907,0.0005803810039312747,1.704379472742604e-05,-0.0005801306911253392
701455.2984199714,-12.34158972017847,-98.27739772744495,-100.0701577081383,-687.8554962919158,-0.000207116315937974,0.001423662154157694,-0.0001560692500496912,3.298548847167171e-10,0.409966794085336,0.0122416541840275,-0.4097839847473873,0.0005808585041492063,1.734449970151968e-05,-0.0005805994920533064
703072.3198838334,-12.38332991202188,-98.27752084764619,-99.73480738058566,-685.5400476626243,-0.0002078188671136619,0.00142846975702913,-0.0001551861511074531,3.302077799018694e-10,0.4088066283140729,0.0123670312556452,-0.408619524608703,0.0005811305306100454,1.758009517923638e-05,-0.0005808645572425657
704693.068967147,-12.41530247783542,-98.26281195273214,-99.25268276179901,-683.4576035766041,-0.0002080920013293201,0.001432929131934114,-0.0001543589128276622,3.304521274277395e-10,0.4079731910202214,0.01260741884659454,-0.4077783436883923,0.000581693965023554,1.797583669468312e-05,-0.0005814161489328876
706317.554262962,-12.45106965566345,-98.25126921304769,-98.79232805207742,-681.2525562879517,-0.0002084820242143947,0.0014376512299748,-0.0001535070325986131,3.307592410467023e-10,0.4069237947604814,0.01281777377937715,-0.4067218698540946,0.0005820519210299428,1.833416956117073e-05,-0.0005817630935364919
707945.7843841381,-12.48457760912016,-98.23040065039618,-98.21579717797837,-679.0181239960129,-0.0002086537127940899,0.001442534263296829,-0.0001526516482854168,3.310844358712877e-10,0.4058349576569495,0.01309197532656393,-0.405623733327411,0.0005823944440714704,1.878767106740156e-05,-0.0005820913260830986
709577.7679633888,-12.51069748370296,-98.20059842716061,-97.56304635911027,-676.9905509366599,-0.0002085416816725281,0.001447071952315674,-0.0001518457841729255,3.313122734173351e-10,0.4047351959087306,0.01342757258433898,-0.4045123967219928,0.0005825583350928687,1.932706719885841e-05,-0.0005822376475801491
711213.5136533292,-12.53336336217005,-98.16093535704351,-96.79606511837498,-674.9777505033547,-0.000208179500186003,0.001451676063119083,-0.0001510461252596787,3.31535985475842e-10,0.4037102540669334,0.01383347912595878,-0.4034731764244801,0.000582832505555765,1.997125715364957e-05,-0.0005824902389054375
712853.0301265195,-12.55342127763729,-98.11630189583445,-95.97918291986502,-673.0121264298953,-0.0002076764286663903,0.00145624030768036,-0.0001502598742732351,3.317395430932787e-10,0.4027516089251948,0.01427474267463624,-0.4024985592687333,0.0005831700982116017,2.066932298477578e-05,-0.0005828036912507334
714496.3260755135,-12.57097009274872,-98.07552717159849,-95.23578581362102,-671.2166307463192,-0.0002072137729922133,0.001460431384734513,-0.0001495143372612301,3.318619212824155e-10,0.4016776449905877,0.01468281870693972,-0.4014091993465069,0.0005831881105843658,2.131770439939122e-05,-0.0005827983594744434
716143.410212902,-12.57154669187148,-98.00597499227557,-94.20091037642953,-669.7675049651361,-0.0002059205879921955,0.00146409326501579,-0.0001488484116691611,3.318150334133473e-10,0.4008538178119348,0.01529944690701945,-0.4005617432790395,0.0005833092794547761,2.226325147681906e-05,-0.000582884262209686
717794.2912713619,-12.56891391469398,-97.93362693926397,-93.15127815487453,-668.4232726563939,-0.0002045182472135137,0.001467556418207371,-0.0001482080161608708,3.317176417416973e-10,0.4000364252787388,0.01593348413006675,-0.3997189833286242,0.0005833514712169621,2.32349376745132e-05,-0.000582888562799319
719448.9780036994,-12.56800060478419,-97.88125853969441,-92.37183356353087,-667.2911392075226,-0.0002035473644742816,0.001470419580112753,-0.0001476166990757101,3.315162137233091e-10,0.3992991493411136,0.01642930804496019,-0.3989610112551109,0.0005832959402984121,2.399992261528868e-05,-0.0005828019884000645
721107.4791828997,-12.55024800155824,-97.81124768775773,-91.45462761819621,-666.6617224787874,-0.0002019749642994548,0.001472303601296123,-0.0001471382721239878,3.310660228186152e-10,0.3987345088710667,0.01705350677139701,-0.3983696605810345,0.0005830767044992377,2.493765226534957e-05,-0.0005825431802271689
722769.8036021702,-12.54122442602921,-97.78584120995136,-91.10170338089681,-666.2831425135316,-0.0002014487100168076,0.001473319099250133,-0.0001467164996397643,3.30492270115691e-10,0.3984693463098281,0.01737956285228714,-0.398090154040068,0.0005830127366534102,2.542857209516285e-05,-0.0005824579287994111
724435.9600749902,-12.54584612195209,-97.80002513012356,-91.2117646264541,-665.8599483653761,-0.0002019348559468742,0.001474155590615094,-0.0001462860874248895,3.2994172365698e-10,0.3983634648594724,0.01743759223449547,-0.3979816333851445,0.0005831655921409042,2.552694887451193e-05,-0.0005826066277843133
726105.9574351547,-12.56578580310063,-97.85601698034762,-91.80425610401973,-665.3488997468423,-0.0002035042339508666,0.001474891512650735,-0.0001458376221695175,3.294357212145908e-10,0.3982417679841451,0.01720492517149807,-0.3978699489996459,0.0005833137358011507,2.520044350638113e-05,-0.0005827691241146671
727779.8045368242,-12.59714960381485,-97.93685856206322,-92.66835155131642,-664.683707134212,-0.0002057505053589552,0.001475789806954703,-0.0001453567369190483,3.290069697689093e-10,0.3983444452779896,0.01680969482273645,-0.3979896119797547,0.0005838904094288716,2.463952920335676e-05,-0.0005833702973443645
729457.5102545688,-12.64829425989706,-98.03871729408002,-93.69774068222067,-663.4408145190429,-0.0002087120898936093,0.001477817052052595,-0.0001447512481470919,3.288652200842577e-10,0.3980051641292152,0.01625051068716282,-0.3976732723932171,0.0005842966650408959,2.385677386999435e-05,-0.0005838094270551212
731139.0834834176,-12.69947146831439,-98.13157061739805,-94.59948637599064,-662.0752159173333,-0.000211493494147566,0.001480183520725746,-0.0001441210649140019,3.287856095039688e-10,0.397757909393674,0.01575867395670149,-0.397445617261472,0.0005849595960368679,2.317537208962266e-05,-0.0005845003260256774
732824.533138904,-12.7607461881429,-98.23874007415959,-95.63215124186289,-660.4774670807157,-0.0002147222858265713,0.001482966027919218,-0.0001434425963285617,3.288229535034678e-10,0.3974619470591484,0.01516665334842378,-0.3971724713348825,0.0005857366637390375,2.235098227169461e-05,-0.0005853100655546842
734513.8681571151,-12.82627075804331,-98.34662591824824,-96.64370090264137,-658.7153760859479,-0.0002180362856112926,0.001486117072663764,-0.0001427308764880806,3.289442736985081e-10,0.3970248130548172,0.01456567285530778,-0.3967575372384055,0.0005864523045912229,2.151521046806126e-05,-0.0005860575068019106
736207.0974947361,-12.89249788894007,-98.4420529448189,-97.47404366507027,-656.7570544305577,-0.0002211143039943009,0.001489815888655893,-0.0001419792501033903,3.291663147493345e-10,0.3964325059775351,0.0140469824053149,-0.3961835610937601,0.0005871345754039852,2.080421995142644e-05,-0.0005867658767064005
737904.2301291011,-12.96968367474368,-98.54817663750407,-98.37691597888556,-654.4903027031908,-0.0002245865902996264,0.001494148744201618,-0.000141163802330689,3.295466608300241e-10,0.395904538027483,0.0134584349080631,-0.3956757179314649,0.0005881757930516004,1.999453116835415e-05,-0.0005878358463510344
739605.2750582378,-13.0465017048379,-98.64616410937806,-99.1646438149084,-652.1414375358519,-0.0002279007389291956,0.001498755098421727,-0.0001403336845734539,3.29972946765046e-10,0.3950222794113074,0.01291626042245635,-0.3948110579099885,0.0005887814606613908,1.925171078742724e-05,-0.0005884666346109336
741310.2413009177,-13.11090362230332,-98.70672155218249,-99.51218111613817,-649.8051715374805,-0.0002302726164207724,0.001503658500249857,-0.0001395093435042484,3.303976641244232e-10,0.3941640238893729,0.01263482452415162,-0.3939614688493103,0.000589474057304991,1.889543647869448e-05,-0.0005891711353383561
743019.1378967013,-13.17842309028416,-98.77049825309649,-99.88066712164253,-647.3945658543903,-0.0002327700491686133,0.001508741073404049,-0.0001386721283898914,3.308651931248829e-10,0.3931950183578214,0.01232927624108345,-0.3930016684554641,0.0005900678728782292,1.850254826749507e-05,-0.0005897777126262462
744731.9739059892,-13.24344071176492,-98.83112598238549,-100.2192559134197,-645.0589317093925,-0.0002351764625602833,0.001513707882977974,-0.0001378540483882688,3.3129946811118e-10,0.3922834752855293,0.01204873587496087,-0.3920983970203243,0.0005906888553912959,1.814263014192078e-05,-0.0005904101700131975
746448.7584100665,-13.30534554034933,-98.87271276131411,-100.3138795941923,-642.5931206345898,-0.0002371549346563372,0.001519172921545852,-0.0001370112420893838,3.31805866110507e-10,0.3913231351901127,0.01189823129699212,-0.3911422097230399,0.0005913909292190862,1.798131883864547e-05,-0.000591117503831038
748169.5005111545,-13.35821356212859,-98.90150612672866,-100.2910873100516,-640.3353640895559,-0.0002387384632263503,0.001524289793564782,-0.000136215841947278,3.322099563801072e-10,0.3902971123736897,0.01183380038359922,-0.390117670832432,0.0005918272006214334,1.794418849564229e-05,-0.0005915551043602237
749894.2093324559,-13.40814384879665,-98.92339683658307,-100.1922720544488,-638.1095694147571,-0.0002401412117773407,0.001529423398669924,-0.0001354301592714059,3.326020135420153e-10,0.3891896875178357,0.01181429740760778,-0.3890103279438673,0.0005921243981858505,1.797461229531634e-05,-0.0005918515153649509
751622.8940182052,-13.45864195435141,-98.94348921326804,-100.0645765762674,-635.8411075358231,-0.0002415228726174887,0.001534710644613472,-0.0001346383353816529,3.33020930339478e-10,0.3883334042930306,0.01181487860090859,-0.3881536313542103,0.0005928499463653626,1.803720737754632e-05,-0.0005925754956589351
753355.5637337174,-13.50815009985185,-98.97090239400596,-100.0425676874603,-633.7267219744501,-0.0002430470723461149,0.00153959887279759,-0.0001338819877718557,3.333635493896553e-10,0.387309459451298,0.0117611138969527,-0.3871308481384034,0.0005931677131188765,1.80122454118973e-05,-0.0005928941683824351
755092.2276654337,-13.55467511543204,-98.9909609187609,-99.93935917023363,-631.6372007758779,-0.0002443783377371358,0.001544521102197755,-0.0001331336478657955,3.336970992354979e-10,0.3863321069496355,0.01175879673054594,-0.386153114139449,0.0005935480382689576,1.806583146020751e-05,-0.0005932730395581611
756832.8950209745,-13.60464540307721,-99.0122963638441,-99.83027428495416,-629.4292396207783,-0.0002457982270033609,0.001549756246098768,-0.0001323631352062778,3.340974937758391e-10,0.3853872266405202,0.01174909462914648,-0.3852080908198412,0.0005940907381670914,1.811172716301634e-05,-0.0005938145927097885
758577.5750291835,-13.65505697525299,-99.02995739080625,-99.66808647617046,-627.1570631881498,-0.0002471560737675064,0.001555218755104757,-0.000131581989749104,3.34536734927132e-10,0.3843182017459592,0.01176049075018203,-0.3841382186798948,0.0005945122855241107,1.819262320392921e-05,-0.0005942338648209656
760326.2769401819,-13.69826397769151,-99.02939579540454,-99.30723618362295,-624.9259452943013,-0.0002480235613881821,0.001560776077477119,-0.0001308123318586665,3.349589417703316e-10,0.3831311506444329,0.0118901585934928,-0.3829466055767419,0.0005947448614554164,1.845741520488542e-05,-0.0005944583871488203
762079.0100254118,-13.72970178775248,-99.01682272535227,-98.86263358031175,-623.0101434648254,-0.0002484513514112149,0.00156568469280143,-0.0001301113698506293,3.352162118775891e-10,0.3821968344070689,0.01210717906725436,-0.3820050214929351,0.0005950913697237327,1.885122305055295e-05,-0.0005947927115467763
763835.7835776907,-13.75365226509617,-98.98776296779582,-98.24717027611344,-621.1668276338278,-0.0002484121059089574,0.001570583247737786,-0.0001294280436032749,3.354377039830219e-10,0.3811878742132074,0.0124305534560249,-0.3809851398518858,0.0005952809783267842,1.941213906061208e-05,-0.0005949643787780784
765596.6069112562,-13.78002597544393,-98.96582011704709,-97.71329734605091,-619.3284573723823,-0.0002485612138946772,0.001575435865384996,-0.0001287482004210586,3.356596179205115e-10,0.3802283060375495,0.01270683596923627,-0.3800159220767405,0.0005955322864837731,1.990207188306022e-05,-0.0005951996402715246
767361.4893618189,-13.804985648303,-98.95888644053818,-97.39003747069677,-617.7651906254653,-0.0002490038187493181,0.001579482825462771,-0.0001281278577583019,3.357350618182835e-10,0.3794569144965497,0.01288900025628812,-0.3792379512016634,0.0005957904204030389,2.023719317766866e-05,-0.0005954466231798779
769130.4402866095,-13.83154009636022,-98.96291775997825,-97.20280551554448,-616.2956434402308,-0.0002497061904445236,0.001583213946293003,-0.0001275290807928001,3.357616063073308e-10,0.3786392791872965,0.0129966458995213,-0.3784161610434178,0.0005958684007304721,2.045295095540587e-05,-0.0005955172774876529
770903.4690644301,-13.85806883289616,-98.96074886747267,-96.93356819091787,-614.7398079215463,-0.0002502795787465189,0.001587239828645203,-0.0001269145659245947,3.358371954981406e-10,0.3778994326518243,0.01314761827515043,-0.3776706519340119,0.0005961633204966385,2.074130599385574e-05,-0.0005958024025893542
772680.5850957021,-13.90112578805301,-98.98501054666083,-96.90850671908537,-612.8939461921791,-0.000251690632707843,0.001591807265662221,-0.0001262424642331369,3.36073910952212e-10,0.3770865770770852,0.01312182542749977,-0.3768582018600136,0.0005965829833010403,2.075984199854715e-05,-0.0005962216743163274
774461.7978025188,-13.93917240834304,-99.00258587577098,-96.82643144994452,-611.1595068076903,-0.0002528822966232455,0.001596169737646024,-0.0001255956805126385,3.362525293675667e-10,0.3761882782385267,0.01313726773067969,-0.3759588180647445,0.0005967719055610238,2.084050128891057e-05,-0.0005964078979800338
776247.1166286917,-13.97681901941356,-99.00935444370593,-96.60404448808002,-609.2900916763043,-0.0002538425720421413,0.001601007129779014,-0.0001249235298784151,3.365084823943055e-10,0.3752731633035745,0.01322298076458328,-0.375040131020096,0.0005970853682690835,2.103867025804191e-05,-0.0005967145979065709
778036.5510398041,-14.00995404554401,-99.00123039243816,-96.21490957428642,-607.392612169464,-0.0002544135659804231,0.001606080815290768,-0.0001242480658461033,3.36783360748263e-10,0.3742077947120878,0.01340032638416159,-0.3739677858801235,0.000597213261618136,2.138611952963201e-05,-0.0005968302218755652
779830.1105232586,-14.02637707954296,-98.9539350811515,-95.41998657517954,-605.6089686784107,-0.0002538662256035859,0.001611231237691873,-0.0001235982807605108,3.369983957684603e-10,0.373239309170144,0.01383531321249113,-0.3729827958741778,0.0005974492130888283,2.214637308706468e-05,-0.0005970386087846821
781627.8045883297,-14.01378279383726,-98.85071795109241,-94.08195790482183,-604.1944018969468,-0.0002516217749909409,0.001615915221478485,-0.0001230259787150183,3.370105019456232e-10,0.3721236082580046,0.01462546913809324,-0.3718360868386063,0.0005971755061128968,2.347062035533057e-05,-0.0005967140982759922
783429.6427662116,-13.96782044123041,-98.74585741770453,-92.93578969387879,-604.1040195417336,-0.0002487716319732628,0.001617072855549248,-0.0001227246655006153,3.362857047876698e-10,0.3717432001196174,0.01545210590052241,-0.3714219154255884,0.000596772251788531,2.480580150534669e-05,-0.0005962564823265498
785235.6346100719,-13.91803622285261,-98.73065326218614,-92.97845943178338,-605.4504078683985,-0.0002478003605234577,0.00161360846658186,-0.0001227152983920679,3.347661637559188e-10,0.3724986342040413,0.01574472606459708,-0.3721657373872922,0.0005966282360246654,2.521820827258812e-05,-0.0005960950377191746
787045.7896950984,-13.98572864086418,-98.96190567600215,-95.49817027715551,-605.5572395921106,-0.0002541064996874279,0.001611298206725345,-0.0001224546643512371,3.339372997087952e-10,0.3733009775785677,0.01443635431774197,-0.3730217306473269,0.0005973808741976934,2.310200744316368e-05,-0.000596934004819039
788860.1176185545,-14.11364226348775,-99.21478564476382,-97.91953464626185,-603.5865025467693,-0.0002618835278704735,0.001614278123695954,-0.0001217754242081204,3.342570778499265e-10,0.3729861987869738,0.01294248256374885,-0.3727615814842551,0.0005983514433511431,2.076257284519286e-05,-0.0005979911080687106
790678.6279998249,-14.23353033248797,-99.39484134235775,-99.43056190997682,-600.9471198780061,-0.0002679896576240184,0.001619699313899657,-0.000120964069697156,3.34953001270536e-10,0.3721451931164943,0.01190785824891901,-0.3719546312006835,0.0005992634781023842,1.917516249837351e-05,-0.0005989566172357792
792501.3304804718,-14.34387922123201,-99.53393386966697,-100.458469176009,-598.1397109002529,-0.0002730866227893441,0.001625984896502422,-0.0001201220590905724,3.357511394073867e-10,0.3711878834122956,0.01113989263946156,-0.3710206834990217,0.0006002318720002681,1.801383857521823e-05,-0.0005999615002520846
794328.2347242814,-14.42138671528432,-99.59415330954971,-100.6614418025238,-595.5157395697778,-0.0002759573611322235,0.00163257101290854,-0.0001193200360987479,3.364549229476151e-10,0.3700193562961737,0.01087927053191547,-0.3698593861273878,0.0006008194978566894,1.766523222855552e-05,-0.0006005597460495297
796159.3504173188,-14.49863445388911,-99.65545423815882,-100.8776431259816,-592.9338425656354,-0.000278862540927113,0.001639085062019492,-0.0001185294776998197,3.371428025234446e-10,0.3688192079810478,0.01061254599822022,-0.3686664916197335,0.0006013162977382702,1.73025068411155e-05,-0.0006010673116903574
797994.6872679765,-14.56675616825958,-99.70397505623528,-100.9844317761338,-590.5365674923861,-0.0002813475273503386,0.001645263533712386,-0.0001177787462654773,3.377328744108355e-10,0.3677158162203676,0.01043238080758,-0.3675677990919454,0.0006018107714683087,1.707383491576108e-05,-0.0006015685237913883
799834.2550070285,-14.62177342141752,-99.72600125892222,-100.8303911500058,-588.2745258360846,-0.0002830456389906052,0.001651372539252124,-0.0001170577505223642,3.382517788299984e-10,0.3665184511275817,0.01042023916565416,-0.3663702957837768,0.0006020644424019292,1.711688855953534e-05,-0.0006018210738506807
801678.0633876791,-14.6770354042153,-99.74805141899509,-100.6746258171122,-586.0112189441277,-0.0002847579797048779,0.001657531571997745,-0.0001163391970688895,3.387772209904266e-10,0.3655578747250166,0.01041489314254826,-0.3654094823267456,0.000602712029733819,1.717151187107644e-05,-0.0006024673683826548
803526.1221856172,-14.73863273345156,-99.78777426009822,-100.705922822087,-583.7677461588106,-0.0002869715825209733,0.001663504481616784,-0.0001156272582228846,3.392970124108622e-10,0.3643827435930833,0.01029130324612477,-0.3642373853765137,0.0006029572113674666,1.702938905786903e-05,-0.0006027166819064721
805378.4411990665,-14.78625499276365,-99.79675668262357,-100.4298831620149,-581.6233025101805,-0.0002882835959949997,0.001669547468173698,-0.0001149375484574807,3.397647609748782e-10,0.3634035889360944,0.01036902055488249,-0.3632556288130527,0.0006034832968521688,1.72192320056828e-05,-0.0006032375880436309
807235.0302488382,-14.83648125132955,-99.82298299914169,-100.3594612460617,-579.6329776224316,-0.0002900173453191863,0.001675015143986832,-0.0001142807857821117,3.401473136335317e-10,0.3623219251111675,0.01033455771124644,-0.3621745081216724,0.0006036505848773196,1.721800800469982e-05,-0.0006034049791169112
809095.8991783821,-14.88553162635207,-99.8481562485232,-100.2824030284375,-577.6779868176998,-0.0002917149980173958,0.001680427748938479,-0.000113633386611865,3.405134831570289e-10,0.3614141627657048,0.0103120582187597,-0.361267018288313,0.0006040749402651053,1.723578264016681e-05,-0.0006038290000099958
810961.0578538409,-14.93111074194863,-99.86559154517997,-100.1279063367148,-575.7482835575031,-0.0002931902805418335,0.001685881658306548,-0.0001129933236835718,3.408689789681103e-10,0.3604327209105327,0.01033643936324954,-0.3602844769404586,0.0006043664478897729,1.733193680644158e-05,-0.0006041178753367914
812830.5161640991,-14.9824582893658,-99.88557166402084,-99.96810695031513,-573.6442968324566,-0.000294837768175258,0.001691859627677121,-0.0001123214785884442,3.413323505307482e-10,0.359403002390183,0.01034352981444153,-0.3592541294377222,0.0006047578944264284,1.740478312623441e-05,-0.0006045073898600544
814704.2840208396,-15.03367187729245,-99.9044860273082,-99.79519780970577,-571.5364873191392,-0.0002964686051651321,0.001697903595717959,-0.0001116513794002495,3.418032362204957e-10,0.3583659054755021,0.01035720272440613,-0.3582162064438209,0.0006051459995202929,1.748944221292141e-05,-0.0006048932138373642
816582.3713585923,-15.07576272387671,-99.91061505533777,-99.51825824405709,-569.5908302553366,-0.0002976579928433105,0.001703639776933926,-0.0001110153725510005,3.421819859987395e-10,0.3572010774839816,0.01044693254587659,-0.3570482759461237,0.000605172032214522,1.769925063980156e-05,-0.0006049131550077614
818464.7881347899,-15.11765626498745,-99.91966343167755,-99.28000076645407,-567.6983612816956,-0.000298911947213485,0.001709224630243492,-0.0001103920433633496,3.425330574219276e-10,0.3564582069205746,0.01053053024344035,-0.3563026258867918,0.00060585352268588,1.789819597325221e-05,-0.0006055890896736772
820351.5443298181,-15.1623681527991,-99.93057532286014,-99.04727198309961,-565.7326283196428,-0.000300267205257455,0.001715049307541541,-0.0001097567803556683,3.429327044875402e-10,0.3552751572753871,0.01058934529649673,-0.3551173089885124,0.0006058640617590785,1.805840802916555e-05,-0.0006055948771502783
822242.6499470712,-15.19947498657888,-99.92210020668378,-98.61853865814143,-563.7747193676192,-0.0003010632113840999,0.00172109453069829,-0.0001091253699663701,3.433321982566887e-10,0.3542515694927718,0.01077248317331014,-0.354087740672242,0.0006061752754795721,1.843326471222188e-05,-0.0006058949408559081
824138.1150130022,-15.24661344123137,-99.94066498075725,-98.46733887382034,-561.8377486008422,-0.0003026435449405216,0.001726832164478941,-0.0001085003269191535,3.43723492992447e-10,0.353259972129461,0.01078907816456388,-0.3530951765477214,0.0006064708631226115,1.852251051065145e-05,-0.0006061879448001818
826037.9495771788,-15.29148960975016,-99.94695704165071,-98.17597739440971,-559.8137303978318,-0.0003039222272373274,0.001733008830633081,-0.0001078608100864305,3.441728321230328e-10,0.3522454189067828,0.01088046131467432,-0.3520773362521291,0.000606846318754587,1.874479422799574e-05,-0.0006065567469539383
827942.1637123341,-15.32983191931893,-99.95039510610509,-97.89097697327536,-557.9918197794674,-0.0003050156887475215,0.001738630714370962,-0.0001072625120631011,3.445024378099261e-10,0.3512191507905573,0.01098859813902645,-0.3510472084962067,0.0006069897640559471,1.899089664302159e-05,-0.0006066926071029616
829850.7675144225,-15.37059980753524,-99.94999204575963,-97.54286468756254,-556.0305150360904,-0.0003060796844170485,0.001744767750195017,-0.0001066396615417822,3.449224841573913e-10,0.3501233624820023,0.01111751289744836,-0.349946810047868,0.0006071730636159884,1.927964565940948e-05,-0.0006068668918668019
831763.7711026708,-15.40897075221615,-99.94303775342699,-97.12906365366639,-554.0668348069599,-0.0003069584770418432,0.001751025958596472,-0.0001060186541256836,3.453488201285506e-10,0.3489794236378086,0.01128407260686148,-0.3487969435473599,0.0006072887606883032,1.963637396584695e-05,-0.000606971211570869
833681.1846196344,-15.43468223007976,-99.91349313613996,-96.5159283161948,-552.2434336914051,-0.0003070937707455071,0.001757124667196344,-0.0001054267193305186,3.456921924004013e-10,0.3479057731155274,0.01158904561953284,-0.3477126989178584,0.0006074156366473405,2.023354616994551e-05,-0.0006070785445501122
835603.0182312478,-15.47000745668475,-99.90125243273194,-96.0587408452875,-550.3207422576859,-0.0003078014578352998,0.001763395243924124,-0.0001048180350062745,3.461021119694292e-10,0.3467446045924343,0.01178458838804721,-0.3465442890749867,0.0006074672376780687,2.064560273021269e-05,-0.0006071163018237358
837529.2821268826,-15.48939743680161,-99.8687484176594,-95.45294779176534,-548.6875790793827,-0.0003077446420300226,0.001768993692876517,-0.0001042666116721867,3.463338994063842e-10,0.3458524493684464,0.01211045922925252,-0.3456403528400734,0.0006077086752373777,2.127968487187118e-05,-0.0006073359934752118
839459.9865193974,-15.51961546310034,-99.85193564428762,-94.97467760325398,-546.8886991565491,-0.0003082518163764252,0.001774993494318225,-0.0001036857517804394,3.466739288792663e-10,0.3447678218070148,0.01233351988331584,-0.3445471451642595,0.0006077671112461306,2.174190071362126e-05,-0.0006073780958067434
841395.1416451951,-15.5338097115105,-99.81077173481512,-94.29920302352204,-545.322890128329,-0.0003078962665312742,0.001780533414292748,-0.0001031510989894456,3.468697313032579e-10,0.3439243155378485,0.01271014748289749,-0.3436893757001234,0.0006080370106144379,2.247075804420444e-05,-0.0006076216514492065
843334.7577642753,-15.55345046517605,-99.78619094571931,-93.79511320084123,-543.7971649152267,-0.0003080168998209319,0.001785793642680927,-0.0001026259217218323,3.470429230062505e-10,0.3429616496441547,0.01298136157758929,-0.3427158843389547,0.0006080213687496935,2.301407531375584e-05,-0.0006075856624326347
845278.8451602899,-15.57369779483981,-99.76891655966175,-93.37780646981619,-542.3539175011254,-0.0003083127212536618,0.001790731850628843,-0.0001021181440536225,3.471661315627821e-10,0.3421104152999635,0.01321190272001921,-0.3418552060203709,0.0006080976080434155,2.348401592714337e-05,-0.0006076439762756289
847227.4141405963,-15.59013711398338,-99.73516579085344,-92.78503039511878,-540.8159632507043,-0.0003081627822315898,0.00179618793248099,-0.0001015943681917623,3.473526603545502e-10,0.3411648360775985,0.01353577905092317,-0.3408962130346115,0.0006081424407492333,2.412816573979637e-05,-0.0006076636074823534
849180.4750363139,-15.60766786639256,-99.71049650980925,-92.29755372482832,-539.3679492160286,-0.000308237358476904,0.001801275821557672,-0.0001010893182151867,3.474841469034223e-10,0.3402826736476335,0.01380666985617182,-0.3400024615385373,0.0006081824817936304,2.467646867946926e-05,-0.0006076816625949567
851138.0382023763,-15.62675096724193,-99.67556756982857,-91.67848040762631,-537.7217479048188,-0.0003081115674420726,0.00180716663123119,-0.0001005489948114823,3.477463097295197e-10,0.3393006263296537,0.01413285996911175,-0.3390061611487154,0.0006082861245722197,2.533688992186075e-05,-0.0006077582178433933
853100.1140175896,-15.6366646704963,-99.6317311446725,-91.01029037427696,-536.2787860137437,-0.0003075941740781818,0.001812500867552121,-0.0001000485385794337,3.478800421757033e-10,0.3384652604388224,0.01451608838383829,-0.3381538343741683,0.0006084390539519836,2.609471669823662e-05,-0.0006078792216669555
855066.7128846832,-15.63106848135158,-99.570738700356,-90.23264558742862,-535.1493881061117,-0.0003063648069535655,0.001816980294782464,-9.960821667627859e-05,3.47812429875874e-10,0.3377069403182926,0.01500198500857833,-0.337373558514809,0.000608405027560973,2.702722986388978e-05,-0.0006078044146000857
857037.8452303697,-15.62981531673312,-99.52168406088543,-89.57438353507588,-534.0337502264941,-0.0003054898118453769,0.001821300503975994,-9.917194625588898e-05,3.47737419448964e-10,0.3369404969241689,0.01541534965451695,-0.3365876787146774,0.0006083180766096632,2.783113320513578e-05,-0.0006076810926420189
859013.5215053955,-15.62406932683891,-99.47833842586364,-89.01299757561674,-533.1588813574596,-0.0003046494547503796,0.001824751069223241,-9.878176454391478e-05,3.475069410658493e-10,0.3364052902697693,0.01580438932265526,-0.3360338384740824,0.0006083633074609622,2.858103257835506e-05,-0.0006076915652216972
860993.7521846007,-15.61537603285189,-99.44145539108324,-88.54734735585572,-532.4798906556563,-0.0003038943132923074,0.001827469885263169,-9.842906116316342e-05,3.471498009292136e-10,0.3359158580248558,0.01615678485537274,-0.3355270808380633,0.0006082556808831863,2.925570775631772e-05,-0.0006075517071742499
862978.5477669701,-15.6213187321323,-99.4409732852026,-88.42727955521265,-531.7855145845081,-0.0003042761503659757,0.001829861214910859,-9.807462019744896e-05,3.468036249899363e-10,0.3355066304808419,0.0162994499953938,-0.3351104698848663,0.0006082461176551888,2.954957154022408e-05,-0.0006075279108521673
864967.9187756934,-15.63471960414465,-99.45590338065045,-88.44537459748213,-531.0391089152697,-0.0003051680777517794,0.001832274268905681,-9.771171545715783e-05,3.464923298959614e-10,0.3351917233199898,0.01635662111596263,-0.3347924018371585,0.0006084399846868841,2.969053711336661e-05,-0.0006077151363687559
866961.8757582165,-15.66537415744073,-99.50221919109745,-88.73192277487573,-530.114927865308,-0.0003071422632865841,0.001834973182759174,-9.731732563531666e-05,3.462980911458522e-10,0.3347887105136697,0.01622649750945694,-0.3343952473734956,0.0006086224682022157,2.949863795983513e-05,-0.0006079071797232466
868960.429286302,-15.69904201494573,-99.54072144736283,-88.90691895381953,-528.9769832579746,-0.0003090038316133221,0.001838506120618951,-9.688508110374151e-05,3.462448768272027e-10,0.3343042029828847,0.01613858653764253,-0.3339144293926047,0.0006089168371243336,2.939555345842228e-05,-0.0006082068858294646
870963.5899560805,-15.73718855458064,-99.58132712157669,-89.07890554867525,-527.71197036551,-0.0003110134360940652,0.001842473390983277,-9.643109032453343e-05,3.462766329964477e-10,0.3337141254806935,0.01603388325730877,-0.3333287148342234,0.0006091625344069227,2.926828748210122e-05,-0.0006084590049238571
872971.3683881117,-15.76436162739329,-99.60797749626171,-89.15035960297149,-526.6426322018915,-0.000312479081313835,0.001845924196201019,-9.601434960303729e-05,3.461817100612218e-10,0.3331646765065714,0.01601278033897774,-0.3327796456178533,0.0006092823409595919,2.928372957332902e-05,-0.0006085782071249976
874983.775227436,-15.79076794288926,-99.61483564113725,-88.99233059335424,-525.326991564707,-0.0003134768098120136,0.001850472151092813,-9.555421462001974e-05,3.462505054092988e-10,0.3324280359040148,0.0160976945072091,-0.3320380449384581,0.000609380901342472,2.950902610143049e-05,-0.000608666000610769
877000.8211436349,-15.80976266142697,-99.62877622770576,-88.96158243757363,-524.3707012288278,-0.0003144865711615117,0.001853693912905955,-9.516090190691272e-05,3.460841531087944e-10,0.3318384717481723,0.0161486125755459,-0.3314453101856284,0.0006093196321544266,2.965197682625288e-05,-0.0006085977114639037
879022.5168308843,-15.82987754998905,-99.66090556518414,-89.13750168894795,-523.6268851165523,-0.0003159441011992387,0.001855973327132394,-9.480736330005153e-05,3.457786662247379e-10,0.331574788213034,0.01611038423910972,-0.3311831754455329,0.0006095771591535171,2.961781958837745e-05,-0.0006088572063501447
881048.8730080143,-15.8598148989103,-99.71336612041577,-89.49290373430767,-522.8206485388421,-0.0003180834306252942,0.001858254437499313,-9.444367175838875e-05,3.455153928634332e-10,0.3311628374245407,0.01594796372686461,-0.3307786077485051,0.0006095980326647754,2.935669771557958e-05,-0.0006088907502401401
883079.9004185627,-15.90183188503212,-99.7976049835929,-90.1484707445891,-522.0340816827771,-0.0003212173520902042,0.001860113699477791,-9.408469666546809e-05,3.452401321902863e-10,0.3310138247697982,0.01561539371022575,-0.3306452958504102,0.0006100219090597903,2.877744543889301e-05,-0.0006093427509759697
885115.6098308356,-15.96752493110943,-99.91655495541005,-91.06846933917144,-520.9100992817199,-0.0003256623143234303,0.001862782911775205,-9.366620166491096e-05,3.451893229813505e-10,0.3306602725144384,0.01507387838849469,-0.3303165058086736,0.0006103989483758653,2.782638339439787e-05,-0.0006097643549483277
887156.0120379608,-16.04971856672932,-100.0501801107665,-92.05894122215223,-519.4315798306897,-0.0003308093039174073,0.001866551983710642,-9.318553039862543e-05,3.453757028970365e-10,0.330073197419242,0.014439047487361,-0.3297572282183056,0.0006107324372252766,2.671648207766116e-05,-0.0006101478013272854
889201.1178579485,-16.13598291473604,-100.1702119488228,-92.86075539811648,-517.6423759483903,-0.0003357504043380785,0.001871604816071967,-9.265096639158832e-05,3.457723883301506e-10,0.3294308021882015,0.01388243568865636,-0.3291381646204407,0.0006113555406610406,2.576293388400886e-05,-0.0006108124657655912
891250.9381337455,-16.20691245183964,-100.2416973951757,-93.18003741634664,-515.7191317112537,-0.0003392698494620055,0.001877740737520443,-9.209443215933989e-05,3.462636389888048e-10,0.3285121335853998,0.013595098108382,-0.3282307042618881,0.0006117197578089199,2.531532102477433e-05,-0.0006111957105667679
893305.4837332955,-16.28924879826478,-100.3336905445536,-93.66830529150538,-513.7061577888309,-0.0003435254045247711,0.001884000304180563,-9.1523981210942e-05,3.468209791469233e-10,0.3276961590754213,0.01319645480309954,-0.3274303380162162,0.0006123455389459683,2.465939866789911e-05,-0.0006118488155781344
895364.7655495937,-16.333845931927,-100.3643048535944,-93.6633034815131,-512.1279504427733,-0.0003455600285162286,0.001889437405908839,-9.103294874291534e-05,3.470896413450244e-10,0.3268929720881904,0.0131503596766148,-0.3266283564558137,0.0006125995958532899,2.464386117498505e-05,-0.0006121037044047375
897428.7945007486,-16.39216988412629,-100.4178678931894,-93.84249566683631,-510.4110144768052,-0.0003484348306112896,0.001895143283515765,-9.05190879324574e-05,3.474562226349858e-10,0.3259604264101053,0.01296901482131166,-0.3257023245849226,0.0006127337163801285,2.437888775876539e-05,-0.0006122485418689449
899497.5815300351,-16.43766881279596,-100.4464377303719,-93.80554698232582,-508.7834035929811,-0.0003504652754297774,0.001900856840671798,-9.002291424419787e-05,3.4776606025165e-10,0.3251802808552471,0.01293655746259183,-0.3249228532099803,0.0006130980140405491,2.439070926433919e-05,-0.0006126126574941524
901571.1376059571,-16.48354036369955,-100.4928858122457,-93.97514474151258,-507.3961007662475,-0.0003529157004384394,0.001905483101879722,-8.957096581079387e-05,3.479148821511675e-10,0.3245563526833989,0.0128094614276036,-0.3243034747965022,0.0006134341310536496,2.421077503225585e-05,-0.0006129561742195634
903649.4737223014,-16.53398354054412,-100.5423551264943,-94.1504020831874,-505.9026870060596,-0.0003555504249116483,0.001910495455664862,-8.910193133718334e-05,3.481393751936996e-10,0.3238292551052843,0.01266198882839543,-0.323581613354271,0.0006136992263418766,2.399614187238686e-05,-0.0006132299125025279
905732.6008982003,-16.58410860828982,-100.5947214246166,-94.36000220035685,-504.4652462748456,-0.0003582533974233695,0.001915285970174519,-8.864441611474688e-05,3.483283956963731e-10,0.3231304683601077,0.01250015187652989,-0.3228885965556638,0.0006139457770343284,2.375020683079205e-05,-0.0006134862221874097
907820.5301781857,-16.64689176122862,-100.67282564681,-94.79066758982694,-502.9728856621471,-0.0003618420244754322,0.001919985709898867,-8.817890577845072e-05,3.485584036856235e-10,0.3224479164972098,0.01219510643623398,-0.3222172221225931,0.0006142397599571077,2.323078818872925e-05,-0.0006138003040014689
909913.2726322517,-16.70585144709444,-100.7388679454619,-95.10173682437907,-501.4469152491426,-0.0003650831667337671,0.001924989320711401,-8.770918906283353e-05,3.48815012144683e-10,0.321752667096026,0.01195878410243599,-0.3215303504588601,0.0006145765401474971,2.28423534896528e-05,-0.0006141518953701289
912010.8393559096,-16.78341008943264,-100.8382163852687,-95.68443198949559,-499.78401876518,-0.0003695241704277854,0.001930118317967782,-8.721727158526623e-05,3.491706784459327e-10,0.3210500271648197,0.01153692270583551,-0.3208426707235355,0.0006150011441570381,2.210004692040604e-05,-0.0006146039336357861
914113.2414702504,-16.85172999347044,-100.9111198742889,-96.01277151710639,-498.0666502589057,-0.0003731711463656244,0.001935826868725348,-8.671766886390398e-05,3.495688039513312e-10,0.3201890305812068,0.01125930656258059,-0.3199910050614904,0.0006152455370112218,2.163483895714526e-05,-0.0006148650295434967
916220.4901219996,-16.93197492429256,-101.0067842792946,-96.53025054329022,-496.2913390888017,-0.0003776271369050652,0.001941495815001923,-8.62098377860565e-05,3.500124039130558e-10,0.3193601943208855,0.01085765596758298,-0.3191755708439531,0.000615577889507846,2.092850976540723e-05,-0.0006152220213304568
918332.596483581,-17.00745628226999,-101.0803763662239,-96.81680590807028,-494.3755854843861,-0.0003814978868953864,0.00194804238196048,-8.567954407267594e-05,3.505606104430263e-10,0.318410643570496,0.01057688836066793,-0.3182349248143318,0.000615900060398802,2.0458820431122e-05,-0.000615560168517924
920449.5717531712,-17.0874313544076,-101.1586008847351,-97.12682735896337,-492.3933183273934,-0.0003856001916591626,0.001954835374340188,-8.513973275902696e-05,3.511623774418944e-10,0.3174557947484578,0.01027210242094776,-0.3172895610183677,0.0006162879331253147,1.994158832373366e-05,-0.0006159652178256489
922571.4271547634,-17.16320122573393,-101.2241057181204,-97.31246232556589,-490.3809384792413,-0.0003893383378897619,0.001961969669224677,-8.459675647847851e-05,3.517924796420714e-10,0.3164957854255064,0.0100393467503149,-0.3163365197205898,0.0006167339543826247,1.956299674706847e-05,-0.000616423604063556
924698.1739382225,-17.22783650447114,-101.2655487281356,-97.28591805388713,-488.3966163492066,-0.0003922885637783139,0.001969374509841131,-8.406065662515872e-05,3.524094009148564e-10,0.3153413433966366,0.009934462246946317,-0.3151848177102753,0.000616819769960775,1.943218942318614e-05,-0.0006165135997110565
926829.8233793494,-17.29552471785597,-101.3115786213761,-97.29228765180817,-486.3887715560189,-0.0003954330853754042,0.001976870081590426,-8.352253596596973e-05,3.530503050601321e-10,0.3143091330943688,0.00980908069962542,-0.3141560330192019,0.0006171668275810453,1.926078048472318e-05,-0.0006168662054299709
928966.3867799363,-17.35702263058596,-101.3514537228953,-97.26487773818295,-484.4983647792533,-0.0003983015048348998,0.001984029921891,-8.300656597688625e-05,3.536126688347446e-10,0.3132776561538725,0.009718296315488461,-0.3131268825284542,0.000617382292238011,1.915203315029116e-05,-0.0006170851597593893
931107.8754678305,-17.4155216834794,-101.3825283805245,-97.15329678186448,-482.5861116043818,-0.0004009163175446381,0.001991457348040613,-8.248879335355603e-05,3.54197353989739e-10,0.3125517226671904,0.009685631222630636,-0.3124016131361161,0.000618251360416787,1.915892393356914e-05,-0.0006179544322123724
933254.300796991,-17.47305839134356,-101.4203326231393,-97.12478564629559,-480.8045954625446,-0.0004036668720092492,0.001998304406095133,-8.199525891690355e-05,3.546921049764459e-10,0.3115679563434544,0.009608782479220507,-0.3114197532580483,0.000618432717913413,1.9072518028499e-05,-0.0006181385489045508
935405.674147552,-17.51864413870122,-101.4356555780889,-96.91093159353012,-479.085752779869,-0.0004056295224538716,0.002005257011970831,-8.151422193296457e-05,3.551459576444007e-10,0.31064458248757,0.009656237654365478,-0.3104944664615443,0.0006187043509817127,1.923212760714546e-05,-0.0006184053680163237
937562.0069258802,-17.57206289730921,-101.460730806112,-96.76005429792414,-477.2649573658264,-0.0004080217608474413,0.002012550423913531,-8.101765703835624e-05,3.556809322715905e-10,0.3095486789776419,0.009645500289146888,-0.3093983661575724,0.0006187442389563441,1.927999743197888e-05,-0.000618443784786207
939723.310564638,-17.62075698918606,-101.4877770210451,-96.66083308712756,-475.622511226139,-0.0004103446944409781,0.002019113303755827,-8.055315097157389e-05,3.560883211152369e-10,0.3086512134500952,0.009630509964257704,-0.3085009316712748,0.0006189465066899441,1.931231837189515e-05,-0.0006186451426325011
941889.5965228414,-17.66364867197268,-101.5005406376498,-96.43355382651541,-473.9631682623949,-0.0004122139927546439,0.002025998651460699,-8.00874978882162e-05,3.565131370995771e-10,0.3071968574496383,0.009674910024043991,-0.3070444680220766,0.0006180835448606417,1.94660281798267e-05,-0.0006177769356121989
944060.8762859236,-17.72098307011579,-101.5328926826817,-96.34000250167612,-472.1386894832841,-0.0004149075013545305,0.002033359755651904,-7.959572114863896e-05,3.570676797001578e-10,0.306751626180516,0.009646040537729323,-0.3065999250918622,0.0006194257341902071,1.947831806634119e-05,-0.0006191194031060435
946237.161365793,-17.7467057107027,-101.5176002562009,-95.89924529613845,-470.6198259415656,-0.000415724709162083,0.002040144212410665,-7.91571866692862e-05,3.57396185341122e-10,0.3042817007845728,0.009806865685128474,-0.3041236242349254,0.0006163790954554973,1.986562775437042e-05,-0.0006160588820465637
948418.4633008973,-17.76521820893436,-101.5004505383616,-95.48325130402246,-469.2962849977472,-0.0004163101408289613,0.002046147359140984,-7.875302561286998e-05,3.575798314550827e-10,0.3029858343535068,0.01001271129399804,-0.3028203451411971,0.000615446656255938,2.033854057598398e-05,-0.0006151105026447312
950604.7936562814,-17.78626446199069,-101.490154096975,-95.13025676627119,-467.9917812971186,-0.0004171170900929749,0.002052000873725104,-7.835349223659522e-05,3.577518641441353e-10,0.3018734497888844,0.01018688026963568,-0.3017015199792905,0.0006148426607465001,2.074819290689225e-05,-0.0006144924816179075
952796.1640236521,-17.8115744760917,-101.4748442431933,-94.69504315417819,-466.4892686594857,-0.0004179331738144071,0.002058833642261435,-7.792230469626166e-05,3.580786884652236e-10,0.3007222125169366,0.01038477024774019,-0.3005428516002057,0.0006144275938267178,2.121788524485179e-05,-0.0006140611283914871
954992.5860214359,-17.8355923111698,-101.4660342710656,-94.34210900603586,-465.1174545253953,-0.0004188613804543908,0.002065034809254425,-7.751446774517148e-05,3.583088160924749e-10,0.2996907647522489,0.01055141552123813,-0.2995049617423491,0.0006140685910713921,2.161992835612361e-05,-0.0006136878793314078
957194.0712948447,-17.87286261954106,-101.4769858508947,-94.13053639777154,-463.6194942089649,-0.0004205943926668403,0.002071546249044254,-7.708711997902917e-05,3.586397662607683e-10,0.2988449884565282,0.01062063896116874,-0.2986562056171593,0.0006142131613064093,2.182849464909932e-05,-0.0006138251577960677
959400.6315159331,-17.91970064504359,-101.4975218897743,-93.96768261753363,-461.9681882575806,-0.000422812123334541,0.002078648160189409,-7.66358894263248e-05,3.590939276240518e-10,0.2978535880828969,0.01063460356357635,-0.2976636778999103,0.0006142416171083245,2.193096323680708e-05,-0.0006138499792615092
961612.2783836648,-17.9428595010569,-101.4583563321569,-93.28207526021934,-460.2079081642162,-0.0004230616512494755,0.002087178238722672,-7.616829056865779e-05,3.596383979424792e-10,0.2968593453207586,0.01095757663988579,-0.296657045118518,0.0006145403984681777,2.268371745967778e-05,-0.000614121608732046
963829.0236239705,-18.00677580429907,-101.5343439255035,-93.63364523821593,-458.8161722920218,-0.0004270058458778809,0.002092380225650385,-7.576329411228357e-05,3.598996416164721e-10,0.2959245779781367,0.01068637822108799,-0.295731562691665,0.0006142197279050602,2.218059874611757e-05,-0.0006138191062414316
966050.8789898136,-18.04994383436873,-101.5379582391288,-93.30366754415618,-457.0520776090902,-0.0004287809490189824,0.002100402146524171,-7.529841231341016e-05,3.604578136734314e-10,0.2947324521617761,0.01077994929046721,-0.2945352458545302,0.0006140202257327367,2.245801861373231e-05,-0.0006136093830840807
968277.856261249,-18.09023243456913,-101.5464160159953,-93.04540943802644,-455.4439208650493,-0.0004305931220347545,0.002107691513009595,-7.486089952187161e-05,3.608986205135113e-10,0.2938416417797948,0.01085906753476487,-0.2936409220393518,0.0006142286394624738,2.269913221730571e-05,-0.000613809067163807
970509.9672454898,-18.140450539796,-101.57134369444,-92.90932431099895,-453.7710282989701,-0.0004330623627295572,0.002115085381479941,-7.441438483176901e-05,3.613960216374096e-10,0.2927935564487568,0.01084784489108833,-0.2925925340112598,0.0006141603980783293,2.275431473769055e-05,-0.0006137387357243716
972747.2237769651,-18.17416350700189,-101.5658711221616,-92.53695178457599,-452.1721276417016,-0.0004343994461438449,0.0021226474183687,-7.398163416301535e-05,3.61839807064593e-10,0.2918289860475395,0.01099457455251533,-0.2916218037594998,0.000614234231793926,2.31411010456144e-05,-0.0006137981597804536
974989.6377173872,-18.20672911037192,-101.5567293569787,-92.13192565238836,-450.558985214893,-0.0004356290560070544,0.002130386226216602,-7.354815566994167e-05,3.623001189883713e-10,0.2909405513264137,0.01116194298647649,-0.2907263583421432,0.0006144969627238106,2.357519442379443e-05,-0.0006140445646731747
977237.2209558106,-18.23669560382883,-101.5540381626824,-91.81427957452269,-449.1130536240038,-0.0004369353842741584,0.002137286112542751,-7.314351209570623e-05,3.626306041176137e-10,0.289955275711691,0.01129199262604296,-0.2897353150991024,0.0006143133941372283,2.39237665176144e-05,-0.0006138473748514465
979489.9854086991,-18.27760771362783,-101.5551134400686,-91.47264162273416,-447.3991305602042,-0.0004386478034859884,0.002145457291057389,-7.269679550012105e-05,3.631825686078297e-10,0.2890647920867084,0.01140597085198875,-0.2888396749981822,0.0006146899826106464,2.425454851853224e-05,-0.0006142112760264491
981747.9430199844,-18.32067571876778,-101.5661974188546,-91.22782976068999,-445.7623158017935,-0.0004406576149073424,0.002153164877560562,-7.22642471607417e-05,3.636777911745482e-10,0.2880818214448443,0.01146536332193901,-0.2878535761300788,0.0006147439103479996,2.44661820268266e-05,-0.0006142568528286677
984011.1057611339,-18.36089133195293,-101.5650525403353,-90.86709367077997,-444.04483850603,-0.0004423206090071825,0.00216151056955883,-7.182025750411855e-05,3.642447538073391e-10,0.2869805435385888,0.01158085017792609,-0.2867467807645978,0.0006146837487061257,2.480502793951399e-05,-0.0006141830521207301
986279.4856312105,-18.38257390180647,-101.5442191744081,-90.40400065434748,-442.6011373842281,-0.0004430077848249966,0.002168883545135253,-7.142210687644242e-05,3.645923954259053e-10,0.2860921724426069,0.01180235943705189,-0.2858486233037497,0.0006147438383731513,2.536045526952813e-05,-0.0006142205093663656
988553.094656939,-18.39511878788407,-101.4955969969788,-89.69660229354717,-441.0463679758224,-0.0004427988487687472,0.002177282293862106,-7.100752602513379e-05,3.65036155301681e-10,0.2849837705054481,0.0121513920122162,-0.2847245917086674,0.0006145451897604518,2.620352554377577e-05,-0.0006139862909762615
990831.9448927676,-18.41458230378747,-101.4693081059733,-89.191682526641,-439.5963273900837,-0.0004432984285911897,0.002184871454670396,-7.061129672877753e-05,3.653979245061574e-10,0.2840528472814121,0.012394840500508,-0.2837822897533322,0.0006145332109065446,2.681557746860195e-05,-0.0006139478741001821
993116.048420934,-18.41311937877823,-101.4107637734688,-88.46613099883017,-438.3181199995363,-0.0004424434102508391,0.002192149262070654,-7.0244052098033e-05,3.656206420435129e-10,0.2831652885582404,0.01279791758208892,-0.2828759338470376,0.0006144439153412021,2.777036206447094e-05,-0.0006138160409199442
995405.417351527,-18.41377481565072,-101.3673793826505,-87.89315353450345,-437.1859463590379,-0.0004419922881178715,0.002198496799734833,-6.9901472506028e-05,3.657244023111129e-10,0.282356893987608,0.01312757747271776,-0.2820515596340979,0.0006142871632111716,2.855996257666933e-05,-0.0006136228869783524
997700.0638225536,-18.40988399954159,-101.3171911557235,-87.276609110602,-436.0957483994911,-0.0004412439917426992,0.002204767471682586,-6.956679320357635e-05,3.65795433026934e-10,0.2817035893847151,0.01349625361294086,-0.2813801048593296,0.0006144225615547392,2.943662427009695e-05,-0.0006137170107623452
1000000,-18.35935952898699,-101.2423683036842,-86.67193489894574,-436.0327675314804,-0.000438541927388273,0.002206234930611018,-6.939677030267439e-05,3.650068410980255e-10,0.2813278435352129,0.01399786216554658,-0.280979386081911,0.0006137678869021568,3.053888365450686e-05,-0.0006130076635552571
