Frequency (Hz),Trace M (dB),Trace th (deg),Trace Rs (Ohm),Trace Xs (Ohm),Trace Gp (S),Trace Bp (S),Trace Ls (H),Trace Cs (F),Trace Vrms (V),Trace Vreal (V),Trace Vimag (V),Trace Irms (A),Trace Ireal (A),Trace Iimag (A)
10000,33.14459076492609,-88.56093822960732,1163.610810161599,-46319.04621187255,5.420190314017084e-07,2.157577460089384e-05,-0.7371905163921446,3.436058298003135e-10,0.7070345783597858,0.01953086138669981,-0.7067647702382269,1.525958347708376e-05,4.215250835413015e-07,-1.52537603396026e-05
10023.05238077899,33.114328887349,-88.63737540742106,1098.09446919822,-46164.08418780814,5.149743481415369e-07,2.164961196783529e-05,-0.7330344003678688,3.43966309901139e-10,0.7070525916710911,0.01859252775917838,-0.70680809651583,1.531169570015507e-05,4.026335957165337e-07,-1.530640099441236e-05
10046.15790278395,33.08583002482905,-88.62493711922835,1104.555760163004,-46015.51926097912,5.213493373221671e-07,2.171928420318641e-05,-0.7289948476019532,3.44283179014974e-10,0.7070256504132032,0.01874935354854288,-0.7067770030806921,1.536046556123365e-05,4.07338544661673e-07,-1.535506358071754e-05
10069.31668851804,33.0863342790302,-88.57224163763397,1146.918378842654,-46016.17603522427,5.413046438074529e-07,2.171799688419272e-05,-0.7273285869083763,3.434864471334844e-10,0.7071140052366667,0.01940590950045332,-0.7068476689346164,1.536181998045079e-05,4.215870228777436e-07,-1.535603391159052e-05
10092.52886076684,33.04206546504558,-88.6406757027621,1086.547428098342,-45789.5892397931,5.179295888856484e-07,2.182673532412269e-05,-0.7220825989401044,3.443922612566178e-10,0.7070949219267022,0.01856525579531776,-0.7068511582304888,1.543786863954808e-05,4.053316907534432e-07,-1.543254659323642e-05
10115.79454259898,33.02601563178604,-88.68162287662516,1051.934231886022,-45708.28274360682,5.032326555364868e-07,2.186629145420768e-05,-0.7191426346444919,3.442113815694558e-10,0.7071730007984125,0.01806621454045498,-0.7069421934998715,1.546729555346376e-05,3.951444406305294e-07,-1.546224733372346e-05
10139.11385736679,33.00713361064432,-88.70371752350762,1032.117237817656,-45611.87285465625,4.958506683824676e-07,2.191289595063727e-05,-0.7159752943520936,3.441456041687507e-10,0.7070291243525284,0.01779411722985053,-0.7068051726428672,1.549697143041706e-05,3.90019189935085e-07,-1.549206275957611e-05
10162.48692870695,32.96778841666303,-88.64509754042885,1073.984587963594,-45407.92815778477,5.205851718568541e-07,2.20102730975925e-05,-0.7111346142506318,3.448962282423734e-10,0.7071069169781543,0.01852343403319436,-0.7068642545991192,1.556791831174232e-05,4.078185362888007e-07,-1.556257577017831e-05
10185.91388054117,32.94638264017551,-88.67926715922432,1044.395046317492,-45299.72104726946,5.086780092570972e-07,2.206346344084621e-05,-0.7078083135112723,3.449249452085737e-10,0.7071175660922503,0.0181063069572754,-0.7068857148964016,1.560555740765122e-05,3.995926932261407e-07,-1.56004406246432e-05
10209.3948370768,32.93141117809556,-88.68257078538373,1040.027827768506,-45223.45676851005,5.082622055442353e-07,2.210072967837306e-05,-0.7049915105910273,3.447119791942852e-10,0.7070190167009294,0.01806719762439802,-0.7067881339883615,1.562971636287107e-05,3.99402516298552e-07,-1.562461235403215e-05
10232.92992280754,32.89667981551535,-88.65916401608688,1054.357757059364,-45045.94292832656,5.19324448201506e-07,2.218740204483799e-05,-0.7006091644680774,3.452744557616966e-10,0.7069145751641688,0.01835740113797722,-0.7066761793091633,1.568884195305883e-05,4.074132508241779e-07,-1.568355113713446e-05
10256.51926251407,32.89207263837346,-88.72309525792633,1003.597827617235,-45024.81487596975,4.948118822450295e-07,2.219894541761561e-05,-0.6986699547768003,3.446419951610212e-10,0.7070374566696479,0.01757611331741131,-0.7068189622346996,1.569933243249695e-05,3.902668002074497e-07,-1.569448089777761e-05
10280.16298126474,32.84538189163636,-88.69838254802099,1017.639337294012,-44787.66652594856,5.070524229512452e-07,2.231605441934031e-05,-0.6933915863150228,3.456700048289537e-10,0.7070623779853696,0.01788580183604347,-0.706836122771755,1.578286242048739e-05,3.992422146157745e-07,-1.577781201048174e-05
10303.86120441616,32.83344844445487,-88.69933706271043,1015.526948132643,-44727.50874172595,5.073623196201242e-07,2.234608606670613e-05,-0.6908676240107606,3.453388372220634e-10,0.7070453927621905,0.017877802601828,-0.7068193344839757,1.580371620538864e-05,3.996005370906606e-07,-1.579866340268127e-05
10327.61405761398,32.82468092638271,-88.67711620036134,1031.84443893098,-44682.55313119464,5.165432963342539e-07,2.236817141441373e-05,-0.6885858787057401,3.448912300465972e-10,0.7069761147482252,0.01815436131662463,-0.706742984393677,1.581792573448943e-05,4.061867622864793e-07,-1.581270966203978e-05
10351.42166679344,32.78265969532247,-88.65646811148298,1042.988404425494,-44470.75711604638,5.270982946019423e-07,2.247432486887223e-05,-0.6837457738546879,3.457368001814861e-10,0.7069359030192468,0.01841223136568438,-0.7066960879428825,1.589222251974211e-05,4.139148637078981e-07,-1.58868313738958e-05
10375.28415818013,32.75162694000619,-88.7205193738574,989.8317307436374,-44317.78948437756,5.037193094022794e-07,2.255305181673149e-05,-0.6798267069903469,3.461322308488882e-10,0.7071556808738347,0.01763191464391373,-0.7069358334234632,1.59524420181715e-05,3.977513065847309e-07,-1.594748256751622e-05
10399.20165829059,32.75608015843453,-88.6309971698339,1059.569186392762,-44336.86163568437,5.387055609043652e-07,2.254172188368741e-05,-0.6785550393548683,3.451875973996364e-10,0.7069508946415557,0.01873526758735616,-0.7067025945777518,1.594038613428632e-05,4.224443337370114e-07,-1.593478744430064e-05
10423.17429393304,32.72153642504054,-88.66260740837645,1031.100539738411,-44165.77433792843,5.283146716518507e-07,2.262963277423173e-05,-0.6743820167579793,3.457277840142331e-10,0.7072240398804515,0.01835671844191199,-0.7069857661034419,1.600852638720603e-05,4.155175658473576e-07,-1.600313288835483e-05
10447.202192208,32.68810693218205,-88.59301465457872,1080.637412997263,-43997.27194483417,5.579131343822766e-07,2.27149787706582e-05,-0.6702639791734311,3.462536680361553e-10,0.7069899058092066,0.01921332775471395,-0.7067287845791346,1.606404870623766e-05,4.365604520298846e-07,-1.605811557462766e-05
10471.285480509,32.68193421768964,-88.73684265288982,969.5697212532864,-43971.76064438686,5.012105841073994e-07,2.273081693219098e-05,-0.6683346639755308,3.456577322673702e-10,0.7071323771570881,0.01744697637797886,-0.7069171110102659,1.6077548045829e-05,3.966790519465709e-07,-1.607265369799544e-05
10495.42428652322,32.65553513917133,-88.69957561906752,995.1917076725683,-43839.91412345187,5.175396379192677e-07,2.279851520761267e-05,-0.6647981869995385,3.458999003427348e-10,0.7069356074351966,0.01790607480411333,-0.7067087982648015,1.612117838806443e-05,4.083356717515438e-07,-1.611600616154545e-05
10519.61873823223,32.61689348154561,-88.72145234411182,974.2119460866332,-43650.28346066631,5.110495824507698e-07,2.289795277715424e-05,-0.6604002058438558,3.46603595309021e-10,0.7070676153453227,0.01764382444749947,-0.7068474433206836,1.619437624692595e-05,4.041066587358402e-07,-1.618933352041908e-05
10543.86896391259,32.6085691064041,-88.61085793790843,1057.426752677467,-43605.48853914164,5.5579248022468e-07,2.291941504715329e-05,-0.6582051683963738,3.4616166820024e-10,0.7071988433118641,0.01901600563695768,-0.7069431345668856,1.621329206881092e-05,4.359623269889723e-07,-1.620742967154303e-05
10568.17509213659,32.58807678356783,-88.62097715604321,1047.309676306508,-43505.32482266086,5.530172487481452e-07,2.297237921468519e-05,-0.6551828897589883,3.461606646599876e-10,0.7070597804328602,0.01889174821267224,-0.706807353495444,1.6247494018846e-05,4.341126091248277e-07,-1.624169351191665e-05
10592.53725177289,32.55716350080397,-88.75160037802493,944.8779056740873,-43358.67115240417,5.023629135501981e-07,2.305248988994752e-05,-0.6514725108609934,3.465326566684685e-10,0.7071576127756068,0.01728703257831695,-0.7069462835400802,1.630555641809635e-05,3.986023482103984e-07,-1.630068361363179e-05
10616.95557198725,32.53771926832411,-88.75449372244556,940.6276308842637,-43263.93601363761,5.022968276325792e-07,2.310301876856403e-05,-0.6485540254448913,3.464927118193494e-10,0.7070347498434578,0.01725266907563445,-0.7068242234784881,1.63384392620441e-05,3.986815158134878e-07,-1.633357433535149e-05
10641.43018224316,32.51994641117237,-88.77683843061213,921.9165756181651,-43178.19123155119,4.942706126037958e-07,2.314928660094062e-05,-0.6457799798128184,3.463822956663241e-10,0.7069931989227255,0.0169803598086201,-0.7067892548021357,1.637005991872472e-05,3.931714024012814e-07,-1.636533769865356e-05
10665.96121230258,32.49494809506874,-88.72437295015665,958.7315488461956,-43055.05673823642,5.16931976686853e-07,2.321456471610456e-05,-0.6424573433745906,3.465739895887634e-10,0.7071037226535165,0.01763466577060767,-0.7068837904165154,1.64191154220245e-05,4.094811036065077e-07,-1.64140085435445e-05
10690.54879222658,32.4577449138611,-88.75217135484806,933.9328305352858,-42876.03851594187,5.077855406454911e-07,2.331198956361333e-05,-0.6383146087853347,3.47220596840905e-10,0.7072845976380848,0.01730049047661712,-0.7070729771991969,1.649206280409078e-05,4.034030663678353e-07,-1.648712835821083e-05
10715.19305237607,32.43920138577923,-88.63967575631207,1015.944821098777,-42782.75051064332,5.547379620892989e-07,2.336073312050643e-05,-0.6354609001959416,3.471773865886918e-10,0.7070979989128278,0.01868817963351926,-0.7068509970343896,1.652292454036931e-05,4.366910701999776e-07,-1.651715278962891e-05
10739.89412341244,32.42893474522858,-88.75076049802813,931.9603543191567,-42737.14781684525,5.10011412249367e-07,2.338772568228246e-05,-0.6333235924432693,3.467485045272195e-10,0.7071459665194689,0.0173232656384979,-0.7069337468478725,1.654240760999921e-05,4.052466320904001e-07,-1.653744311260175e-05
10764.65213629835,32.40769073481489,-88.73318848855747,942.8031775722499,-42634.47230358423,5.184261860404045e-07,2.344373395845776e-05,-0.6303489353222396,3.467841500874279e-10,0.7071633830343462,0.01754490040659201,-0.7069457028473292,1.658254271642997e-05,4.114170323687289e-07,-1.657743825105983e-05
10789.46722229829,32.36883789905524,-88.6024752468682,1035.471816213285,-42443.89853718571,5.744461752020112e-07,2.354649812151571e-05,-0.6260880279911581,3.475400537643273e-10,0.7071474629751725,0.01916163558898526,-0.7068878030591402,1.665573965512912e-05,4.513220091235774e-07,-1.664962377663596e-05
10814.33951297938,32.37487929701832,-88.70999247776186,956.5149962847123,-42476.50545777747,5.298757593821439e-07,2.353049421364241e-05,-0.6251279424657772,3.464745596753661e-10,0.7071621092551925,0.01783989079678839,-0.7069370460391869,1.664403099691779e-05,4.198863195825196e-07,-1.663873382517395e-05
10839.26914021203,32.33646768911483,-88.59848932912334,1034.64604521001,-42289.38750543559,5.781880752897065e-07,2.363244868150568e-05,-0.6209427014640077,3.472072111901651e-10,0.707160500463292,0.01922000519898517,-0.7068992607264805,1.671687327992591e-05,4.543500254050608e-07,-1.67106977206673e-05
10864.25623617066,32.30783444974436,-88.63129825808716,1007.192593006979,-42154.47784252566,5.664704238956638e-07,2.370873763205922e-05,-0.6175382259264994,3.475172904728792e-10,0.7070783048928466,0.01881746215732505,-0.7068278661513699,1.6768655965376e-05,4.462639383419981e-07,-1.676271670650303e-05
10889.30093333433,32.28819065858717,-88.5957812829305,1031.02636716055,-42060.13681976934,5.82461900588821e-07,2.376120340989674e-05,-0.6147390657095171,3.474957125295874e-10,0.7071368191972999,0.01926165115769421,-0.706874437123846,1.680740646369775e-05,4.578157880914896e-07,-1.680117010032704e-05
10914.40336448757,32.27555868969772,-88.70626890842038,948.6108180827667,-42004.2150097677,5.373792382002816e-07,2.379499857356715e-05,-0.6125097475553292,3.471580648063199e-10,0.7071717467881496,0.01790383839105654,-0.7069450700204859,1.683137808376324e-05,4.261288357165426e-07,-1.682598295535676e-05
10939.56366272094,32.26123518855037,-88.67934867864498,966.7758290670607,-41935.64473913296,5.494502539524328e-07,2.383339545612215e-05,-0.6101034152507133,3.469259667539659e-10,0.7072857832836822,0.01824339940585083,-0.7070504632721277,1.686143713903549e-05,4.349160403817889e-07,-1.685582719511161e-05
10964.78196143185,32.23526517724767,-88.75347598228058,909.8854860841609,-41815.77894703017,5.201166754814852e-07,2.390310018263805e-05,-0.6069603519766467,3.471202423868524e-10,0.7071910731964096,0.01733078286455678,-0.7069786828285497,1.690799631180731e-05,4.143559270766926e-07,-1.690291834109679e-05
10990.05839432521,32.21990977709466,-88.63177975783032,996.9253948265963,-41739.44948052621,5.719019071847931e-07,2.394449061748329e-05,-0.6044589999804159,3.469552112610196e-10,0.7069830783588743,0.01883131150964597,-0.7067322369841472,1.693311308050704e-05,4.510330402635533e-07,-1.692710512148576e-05
11015.39309541415,32.18997044986998,-88.6207061955985,1001.607997772856,-41598.69679439226,5.784777064297269e-07,2.402528610553575e-05,-0.6010351299913904,3.473284885156322e-10,0.7071660269349979,0.01897730639976054,-0.7069113462753585,1.699472529419529e-05,4.560656151505843e-07,-1.698860476848639e-05
11040.78619902073,32.1742858730418,-88.65295622917832,976.4816970593923,-41526.46901763089,5.659447367138905e-07,2.406771846888105e-05,-0.5986116110005466,3.47132380774356e-10,0.7071476046827208,0.01858342767257194,-0.7069033816756345,1.702406876795054e-05,4.473826235811757e-07,-1.701818927512638e-05
11066.23783977666,32.14684908227296,-88.6314743238467,988.9847964061731,-41397.74617441015,5.767510968059652e-07,2.414212594384526e-05,-0.5953835469574495,3.474108951713801e-10,0.7070868071897991,0.01885136201514917,-0.7068354681621728,1.707538343766653e-05,4.552400517982369e-07,-1.706931387134747e-05
11091.74815262401,32.12847407249834,-88.66804867146514,960.5857416316112,-41313.51714004135,5.624929385431606e-07,2.419207432559121e-05,-0.5928056045695372,3.473185364794332e-10,0.7071827956694217,0.01840718073821895,-0.706943195870849,1.71127762476623e-05,4.454265110129581e-07,-1.71069782874078e-05
11117.31727281591,32.10439021160484,-88.70658777078208,930.2881215449074,-41203.04991537655,5.476932795970111e-07,2.425768212548609e-05,-0.589860746398693,3.474487609381668e-10,0.7071371587973488,0.01793504348790462,-0.706909679921752,1.715781320975858e-05,4.35171765825069e-07,-1.715229371469585e-05
11142.9453359173,32.08731761333936,-88.66515838305743,958.2221724198589,-41122.59629009025,5.663298083333394e-07,2.430433436571714e-05,-0.5873549833583134,3.473278479554906e-10,0.707158645683492,0.01845129969280232,-0.7069178875262366,1.71916182285626e-05,4.48566530404023e-07,-1.718576519636083e-05
11168.63247780561,32.05564448119536,-88.53777533690877,1045.856460619162,-40971.91952993409,6.226106905307508e-07,2.439106710284182e-05,-0.5838569345092807,3.478033978940675e-10,0.7071747462712558,0.02002792544111322,-0.7068910835244282,1.725429745313369e-05,4.88659676766228e-07,-1.724737638951265e-05
11194.37883467151,32.03998317874338,-88.64071802333979,970.5723969607055,-40903.41059918579,5.797816118681398e-07,2.44340817875747e-05,-0.581540082064667,3.475846667663472e-10,0.7070742779746507,0.0187597347004579,-0.7068253723002181,1.728150550553931e-05,4.585041043170896e-07,-1.727542203606934e-05
11220.18454301964,32.00745151522,-88.61027016067413,988.6723236650803,-40752.98707355382,5.949465536724013e-07,2.452364512580431e-05,-0.5780688645224945,3.480652647209867e-10,0.7071126779776175,0.01914096901612682,-0.7068535652182858,1.734601384287291e-05,4.695425833253789e-07,-1.733965760906433e-05
11246.04973966926,32.01462467613769,-88.56780632182989,1019.679003177009,-40784.38245783167,6.126385326773086e-07,2.450387244149103e-05,-0.5771836528712695,3.469974161218564e-10,0.7070831089530776,0.0196686045840798,-0.7068094997667086,1.733161956776971e-05,4.821056644739964e-07,-1.732491301479404e-05
11271.97456175511,31.97304964208556,-88.70157395710494,920.1983563424125,-40598.73613713677,5.579989362063587e-07,2.461866120462318e-05,-0.5732349291695695,3.477824140450996e-10,0.70723868792254,0.01802694103747047,-0.7070089045346087,1.741567170331126e-05,4.439113587602839e-07,-1.741001331369624e-05
11297.95914672798,31.94901542535337,-88.58228399185792,1001.960019142113,-40485.09248535207,6.109338577796539e-07,2.468533001528287e-05,-0.5703156213343553,3.4795653378671e-10,0.7071495284891588,0.01950104892485676,-0.7068805873224062,1.7461494430501e-05,4.815352955376173e-07,-1.745485352289067e-05
11324.00363235557,31.93304257681525,-88.54764230411946,1024.580389992217,-40411.22820134258,6.269932377307266e-07,2.472970111288926e-05,-0.5679657949138603,3.477907936785835e-10,0.7071602689582439,0.01993335854662513,-0.7068792734336943,1.749341123592557e-05,4.931024177630305e-07,-1.748646009559406e-05
11350.10815672315,31.92278528013618,-88.65663252513301,946.6588222745911,-40368.41510907383,5.805923707286203e-07,2.47582268070131e-05,-0.5660591705982074,3.473589014230343e-10,0.7070771733324019,0.01859111899084327,-0.7068327237348366,1.75107187506953e-05,4.604078142914767e-07,-1.750466497281486e-05
11376.27285823431,31.88420835904091,-88.59845592548116,983.3484146679003,-40191.7262803251,6.083789908001802e-07,2.486585782639331e-05,-0.5622853801612313,3.480835276070217e-10,0.7070312680968422,0.01931219771347162,-0.7067674674785934,1.758612849799781e-05,4.803561113811061e-07,-1.757956693307175e-05
11402.49787561169,31.87385833020622,-88.58779811367044,989.6677078872711,-40144.61409266612,6.137209704327835e-07,2.489481198815372e-05,-0.5603345723948778,3.476905157400925e-10,0.7070627955395614,0.01944918685435407,-0.7067952503850914,1.760747124628727e-05,4.843289739780219e-07,-1.760080876362784e-05
11428.78334789772,31.85687728609982,-88.60519291353062,975.622993621524,-40068.65003851761,6.073166737246013e-07,2.494237981384408e-05,-0.5579879784686257,3.47548501930529e-10,0.7073467384912582,0.01924699614547943,-0.7070848333782844,1.764806749640809e-05,4.802061967558294e-07,-1.764153305034382e-05
11455.12941445536,31.81547804595048,-88.62555580162358,956.9276192177141,-39883.31909086628,6.012381969642941e-07,2.505871330033e-05,-0.5541296960130877,3.483604464817026e-10,0.7072138006723621,0.01899680379418113,-0.7069586135744106,1.772689481682123e-05,4.761704910100461e-07,-1.772049834260128e-05
11481.53621496883,31.8274736058089,-88.6675188907949,928.9855331060273,-39938.54294032072,5.820892893697047e-07,2.502493015242617e-05,-0.5536207359214622,3.4707866233805e-10,0.7071997618347552,0.01848334684166062,-0.7069581805373394,1.770233804686145e-05,4.626676530257635e-07,-1.769629088165659e-05
11508.00388944436,31.79707046732246,-88.61657065925125,961.1873505170128,-39800.56960153118,6.064238222339375e-07,2.511062336792706e-05,-0.5504392812872575,3.47480825166004e-10,0.7071557874567465,0.01911548605520357,-0.706897380053459,1.776222595641427e-05,4.801397211218886e-07,-1.775573532059198e-05
11534.53257821092,31.75453363302751,-88.65020112412992,933.3668551793783,-39611.89233830725,5.945113344166701e-07,2.523093555565634e-05,-0.5465699132685123,3.483329370399834e-10,0.7070768676981376,0.01870318162714939,-0.7068294616318929,1.784508784874055e-05,4.720277729831185e-07,-1.78388438557772e-05
11561.12242192099,31.74168399324671,-88.70139851530446,896.6951086570751,-39556.43680782331,5.727793577068725e-07,2.526735146563884e-05,-0.5445494147808878,3.480190103013375e-10,0.7071196469691942,0.01807739016077604,-0.7068885365422281,1.787155545576888e-05,4.568831910393155e-07,-1.786571443179276e-05
11587.77356155126,31.7121594228413,-88.7094725276459,888.1724714474842,-39425.68380627586,5.711083245850697e-07,2.535131063849266e-05,-0.541501128686785,3.483701191696653e-10,0.7072286728231062,0.01798527932811006,-0.7069999472352329,1.793364682650258e-05,4.560641556836288e-07,-1.792784688643973e-05
11614.48613840343,31.70259404270121,-88.71097799223331,886.1840331379235,-39383.37586899756,5.710553511221083e-07,2.537857453333744e-05,-0.5396759590139442,3.47942269061013e-10,0.7073822696262623,0.01797534751227529,-0.707153846248053,1.795682151192762e-05,4.563022297170905e-07,-1.795102300946611e-05
11641.26029410492,31.6798467430803,-88.6188209634909,947.0662794569183,-39279.76610890662,6.134655682898912e-07,2.544360892261138e-05,-0.5370182249847777,3.480576940079071e-10,0.7072709138524814,0.01911448490436606,-0.707012575594356,1.800067755513543e-05,4.864807426080046e-07,-1.799410261533006e-05
11668.09617060962,31.66316527756759,-88.66798845604113,911.6681312806215,-39207.86251427994,5.92728345515822e-07,2.549130619127406e-05,-0.5348023392996299,3.478940210922261e-10,0.7071831234880533,0.01851023194126271,-0.7069408330686522,1.803181677402104e-05,4.719755035487911e-07,-1.80256388318394e-05
11694.99391019871,31.62559178316333,-88.67021693309384,906.3102291637706,-39042.77936949956,5.942394357298958e-07,2.559913640527371e-05,-0.5313257429987449,3.485614913349343e-10,0.707144276076766,0.01848649466375345,-0.706902593504353,1.810708132051729e-05,4.733637441923584e-07,-1.810089281536992e-05
11721.9536554813,31.60841214543392,-88.65488770074285,914.9819912098698,-38966.98794836766,6.022537146972189e-07,2.564860671348811e-05,-0.5290746689213369,3.484362206236332e-10,0.7073268790499299,0.01868523138056569,-0.7070800350418395,1.814687098375645e-05,4.793801751464722e-07,-1.814053806117058e-05
11748.9755493953,31.58476049178848,-88.62115389096968,935.4214481527425,-38862.46170426263,6.190064383631749e-07,2.571687238205471e-05,-0.5264418889076011,3.485698540259698e-10,0.7071451739028597,0.01910142175948974,-0.706887142803483,1.819075034304346e-05,4.913689681374923e-07,-1.818411269707949e-05
11776.05973520807,31.57378309890374,-88.65680917986107,910.1285708936971,-38815.76014028864,6.037370884442068e-07,2.574857526979418e-05,-0.5245999285929356,3.48186586300737e-10,0.7072618981948544,0.01866940886355828,-0.7070154494852809,1.821591193252939e-05,4.808407020920377e-07,-1.820956451299366e-05
11803.2063565173,31.54230562830246,-88.65530969811843,907.9280441900512,-38678.71549218396,6.065521001667389e-07,2.58397747086498e-05,-0.5215454662984081,3.486166207114305e-10,0.7071935818695489,0.01869092542270129,-0.706946540796633,1.827867636531351e-05,4.831002225254758e-07,-1.827229114924744e-05
11830.41555725165,31.5385766499989,-88.74705471672705,845.673059593204,-38665.51389669874,5.653888265954997e-07,2.585047410908697e-05,-0.5201683435435959,3.479335794105537e-10,0.70718982571283,0.01756363839763661,-0.7069716883991748,1.828548361172476e-05,4.541349584017601e-07,-1.827984333505657e-05
11857.6874816716,31.50809783346229,-88.59814584348791,942.8632325962346,-38528.47559799047,6.347826372121962e-07,2.593929480155213e-05,-0.5171326492365281,3.483680402512242e-10,0.7072180965459393,0.01940657747916244,-0.7069517811227346,1.835014961945646e-05,5.035414140043467e-07,-1.834323954760501e-05
11885.02227437018,31.476673389451,-88.65775474247604,899.6227306287906,-38394.73871635898,6.09928071875992e-07,2.603094403704464e-05,-0.514152377198984,3.487774636926539e-10,0.7072385442210291,0.01867646658771295,-0.7069919009632843,1.841505790987436e-05,4.862973272241252e-07,-1.84086358194615e-05
11912.42008027375,31.45776325045707,-88.69662182629141,871.7393898820666,-38314.56826766211,5.935181966917831e-07,2.608622912901007e-05,-0.5118987486285969,3.487034107994406e-10,0.7073696115027936,0.01820510493130402,-0.7071353063113547,1.845729868670014e-05,4.750233171961314e-07,-1.845118499333261e-05
11939.88104464273,31.42139951029378,-88.69363757796816,870.1736228586424,-38158.35129502898,5.973115616992579e-07,2.619296173219587e-05,-0.5086390899652894,3.493256933563191e-10,0.7073363489290188,0.0182459535451877,-0.7071009798433753,1.853196742484249e-05,4.780376651738275e-07,-1.852580083629581e-05
11967.40531307244,31.425939052519,-88.61765450942232,921.214014098342,-38175.28528283427,6.317469181296828e-07,2.617971335331578e-05,-0.5076944582189051,3.483676672713958e-10,0.7072881203564818,0.01918724056948203,-0.7070278176965414,1.852190708021304e-05,5.024604213266328e-07,-1.851509047812206e-05
11994.99303149379,31.3839030411225,-88.64594537405047,898.1270284613385,-37996.47875234509,6.217395376468743e-07,2.630353210966666e-05,-0.5041543081887722,3.49202046746852e-10,0.7072774361476372,0.01884274274672985,-0.7070263946482872,1.860900675217643e-05,4.957668788549129e-07,-1.86024016595809e-05
12022.64434617413,31.36988440763379,-88.61128845430456,919.6468169892232,-37935.56903778535,6.386644023484482e-07,2.634500232011284e-05,-0.5021884668233325,3.489582969584316e-10,0.707163457504092,0.0192722057994214,-0.7069007976461524,1.863561162587633e-05,5.078731637513955e-07,-1.862868984979991e-05
12050.35940371797,31.35095054811215,-88.68502536881581,869.0051813061822,-37857.45042335725,6.060254525222203e-07,2.640096862215266e-05,-0.5000017149591969,3.488741323082766e-10,0.7073608487553128,0.0183724888378448,-0.7071222115064267,1.867984551387028e-05,4.851770546816956e-07,-1.86735436285583e-05
12078.1383510678,31.31603669647074,-88.70916207452458,849.7298950029023,-37710.15574808383,5.972329922362623e-07,2.650459785817782e-05,-0.4969108249651892,3.494313012900057e-10,0.7072660405362232,0.01807711013934245,-0.7070349851208189,1.875047419886954e-05,4.792459524861126e-07,-1.874434864164392e-05
12105.98133550482,31.30603897891448,-88.60911024833437,914.5100264615882,-37664.57525142384,6.442677105235867e-07,2.653450368277337e-05,-0.4951687240042154,3.49049529907368e-10,0.7072707778003061,0.01931680215944747,-0.7070069407612507,1.877252346527765e-05,5.127104543187261e-07,-1.876552064943662e-05
12133.88850464977,31.2835080366216,-88.68032099809322,865.5343987571116,-37571.78688561091,6.128161687280622e-07,2.660159841662e-05,-0.492812802866019,3.491067784295071e-10,0.7074707118655557,0.01844824295547838,-0.7072301396853867,1.882475754560847e-05,4.908806752771359e-07,-1.881835627289436e-05
12161.86000646368,31.23977476412836,-88.65799354962803,875.8571270816734,-37387.10759100624,6.262550666841486e-07,2.673251702083794e-05,-0.4892625780805511,3.50024354896969e-10,0.7073353922857546,0.0187252247889723,-0.707087493268439,1.891395521591907e-05,5.007073969848242e-07,-1.890732646389745e-05
12189.89598924867,31.23196061235949,-88.62980681855997,893.4539367682443,-37353.40489884144,6.399755468637497e-07,2.675601364948708e-05,-0.4876972729059402,3.495344097994404e-10,0.7072109993967094,0.0190746972412457,-0.7069537138970609,1.892747055838358e-05,5.105064411494479e-07,-1.892058468737217e-05
12217.99660164872,31.19850250983069,-88.68509644145941,854.2169775905271,-37215.22740718657,6.16450334374532e-07,2.685657155128735e-05,-0.4847756627582843,3.500253145118706e-10,0.7072949463611603,0.01839965982351909,-0.7070555803233685,1.900043126014213e-05,4.94279612042158e-07,-1.899400104602782e-05
12246.16199265049,31.19483001172349,-88.59307365079039,913.5711681410227,-37196.86621012291,6.598842848683225e-07,2.686777813747802e-05,-0.4834220818262792,3.493926614926851e-10,0.7072176552274145,0.01953810259014058,-0.706947716887564,1.900700729898707e-05,5.25101227032779e-07,-1.89997525027332e-05
12274.39231158407,31.14404710300374,-88.61628130765986,893.4092209294787,-36986.29340035591,6.527028143358634e-07,2.702127673268088e-05,-0.4795798661053307,3.505736910604087e-10,0.7073578351193405,0.01926057961865528,-0.7070955642467809,1.911919635248623e-05,5.205947899476321e-07,-1.91121074251272e-05
12302.68770812382,31.1373084832521,-88.64577006172573,873.7243407074054,-36959.30305777416,6.3926988705488e-07,2.704167480585575e-05,-0.4781276997701842,3.500228192648286e-10,0.7072708809124911,0.01889935200766892,-0.7070183261277047,1.913104144354921e-05,5.112104799910099e-07,-1.912421006368484e-05
12331.04833228909,31.12418609592493,-88.74182428366478,810.6047082385649,-36908.01092633446,5.947828018388497e-07,2.708132573861567e-05,-0.4763660169293464,3.497031071928584e-10,0.7073519524517239,0.01772110206708726,-0.7071299365596069,1.916055635823648e-05,4.800243693533317e-07,-1.915454245243105e-05
12359.47433444511,31.09020014075394,-88.63249962880887,877.6285756111091,-36764.05934011442,6.489577427355983e-07,2.718498648080739e-05,-0.4734167177155816,3.50264943809169e-10,0.7072553669492254,0.01907276801572665,-0.7069981496430537,1.923211256048147e-05,5.186381588034513e-07,-1.922511815306377e-05
12387.96586530369,31.05967336687624,-88.68724358435293,839.643354186815,-36640.15762760627,6.251038628547999e-07,2.727813416781892e-05,-0.4707360567106949,3.506410824069144e-10,0.707308604029882,0.01840369221363649,-0.707069137671562,1.929903102242243e-05,5.021477540842688e-07,-1.929249714364347e-05
12416.52307592411,31.05884753108434,-88.62027598073718,882.3579670295933,-36634.58373120381,6.570681640782375e-07,2.728078577345154e-05,-0.4695819476420591,3.498878571050842e-10,0.7073766865828676,0.0192370265659715,-0.7071150638544313,1.930329461192128e-05,5.249508476935121e-07,-1.929615530312023e-05
12445.14611771385,31.04191788270746,-88.63531009714599,871.0956714950614,-36565.57204033037,6.511404982426169e-07,2.733261750228086e-05,-0.4676193820591661,3.497419761634005e-10,0.7074005911974826,0.01905720830985035,-0.7071438462137549,1.934050118776627e-05,5.210286286702805e-07,-1.93334817185652e-05
12473.83514242943,31.0082760637572,-88.63359688483787,868.9036569947074,-36427.81059308445,6.54422861035374e-07,2.743594394807137e-05,-0.4647861748776912,3.502571921813746e-10,0.7072624675776643,0.01907972024494431,-0.7070050652714034,1.940983754689922e-05,5.236164611746301e-07,-1.940277349758548e-05
12502.5903021772,31.00081563029142,-88.68639604316554,834.6566935391138,-36399.04274515028,6.296506497531616e-07,2.745881161953799e-05,-0.4633509886103402,3.497278107830266e-10,0.7073441813773935,0.01843542773006173,-0.7071039003801808,1.942784067502865e-05,5.063455134644742e-07,-1.942124114250405e-05
12531.41174941416,30.98013116030673,-88.71059480427904,817.3947772981988,-36315.47681190407,6.19481571789894e-07,2.752252556604065e-05,-0.4612239834529291,3.497263706534563e-10,0.7075494632794932,0.01814716410860493,-0.7073167065904171,1.947838397416796e-05,4.995798158213246e-07,-1.947197633145509e-05
12560.29963694875,30.95004168482998,-88.71310607654284,813.0561667723664,-36193.23406288447,6.203640975687348e-07,2.761553740702583e-05,-0.4586142268966899,3.501005074251997e-10,0.7073388935382917,0.01811589965658463,-0.7071068692154018,1.953837465132495e-05,5.004040324512401e-07,-1.953196559027903e-05
12589.25411794167,30.91864833303448,-88.57658964031835,896.0711003006421,-36061.65228396247,6.886255948397317e-07,2.771317671847187e-05,-0.4558959699506128,3.505698075017251e-10,0.7073077813879585,0.01980491183106361,-0.7070304541385186,1.960769809007259e-05,5.49023695345158e-07,-1.960001013707355e-05
12618.27534590671,30.90881082334238,-88.77043827633332,773.2779343544166,-36028.09005865203,5.954607203986708e-07,2.774333975897523e-05,-0.4544241162762814,3.500893440299952e-10,0.7074590340307463,0.01742158600520247,-0.7072444932078156,1.963169813788182e-05,4.834418688367718e-07,-1.96257447180067e-05
12647.36347471152,30.88951085512673,-88.54285037212574,914.2992545097871,-35942.90721870559,7.072631558948137e-07,2.780390978790203e-05,-0.4523070254435654,3.501119463642036e-10,0.7073407171488973,0.02023250863664667,-0.7070512963929735,1.967310016823944e-05,5.627219802472247e-07,-1.966505057716683e-05
12676.51865857846,30.84741792049588,-88.72685234533188,795.1765148095174,-35779.63585300796,6.208365249290627e-07,2.79350614266191e-05,-0.4492168600391427,3.509006845202197e-10,0.707344852726926,0.01796703643042426,-0.7071166284858421,1.976450104499653e-05,5.020316595725662e-07,-1.975812404481903e-05
12705.74105208542,30.83852922797873,-88.71040429861723,804.6391504291518,-35743.48296453016,6.294879058473166e-07,2.796295734184817e-05,-0.4477308307957545,3.504477389457051e-10,0.707330493170477,0.01817484860800776,-0.7070969533570812,1.978396279066421e-05,5.08348688567169e-07,-1.977743070555976e-05
12735.03081016662,30.81126845905775,-88.65137601172566,838.8715730119499,-35632.55914832061,6.603296708286569e-07,2.804867492256531e-05,-0.4453148176871481,3.507301628824615e-10,0.707443399127611,0.01891153499605581,-0.7071905802634261,1.984824654178798e-05,5.305877608699807e-07,-1.984115337906578e-05
12764.38808811344,30.790876567832,-88.65423812122724,835.1816785346856,-35551.3006596634,6.604354160663313e-07,2.811285094766231e-05,-0.4432774367461166,3.507233150331126e-10,0.7073957259492961,0.01888014877292222,-0.707143728723973,1.989229536310144e-05,5.309185256756637e-07,-1.988520908444167e-05
12793.81304157525,30.76401522388858,-88.63576552960407,844.0910097165437,-35443.84309642833,6.715238229216511e-07,2.819765255306003e-05,-0.4409211556116001,3.509775404993667e-10,0.7075365438193553,0.01911716532202729,-0.707278230139942,1.995642342376979e-05,5.392092453191934e-07,-1.994913755676044e-05
12823.30582656022,30.73517165299033,-88.55986469392606,888.1346369271678,-35326.99285404347,7.111988769373557e-07,2.828908658522465e-05,-0.4384567921360477,3.513285644619191e-10,0.7073192083984363,0.02005316901136452,-0.7070348880939272,2.001563295934364e-05,5.674621385045982e-07,-2.000758729793594e-05
12852.86659943615,30.72930130788403,-88.57698690956309,877.0076236566006,-35304.31555307524,7.032016132936638e-07,2.830768055315325e-05,-0.437167560191942,3.507456838187259e-10,0.7073064427336909,0.01984676794437151,-0.7070279412687664,2.002827738282699e-05,5.619863605457552e-07,-2.002039126126209e-05
12882.49551693134,30.68513392897643,-88.59607983154102,860.9795479485042,-35130.6451795763,6.972039000893524e-07,2.844808902861507e-05,-0.4340165169852806,3.516689347456422e-10,0.7075549860752129,0.01962331364488173,-0.7072828174651844,2.013452601046515e-05,5.584104794258173e-07,-2.01267810492032e-05
12912.19273613534,30.67707088543867,-88.64901182284888,827.7975968627055,-35100.61685135288,6.715110802536202e-07,2.847369118822132e-05,-0.4326481792541403,3.511602769777422e-10,0.7074645332846589,0.01897273900680111,-0.7072100826701072,2.014962190361094e-05,5.403712829079897e-07,-2.014237477893523e-05
12941.95841449986,30.62674742547143,-88.5886862825315,859.8664606496665,-34901.35050429041,7.054772526168525e-07,2.863480551129012e-05,-0.4292026195291475,3.5235293984971e-10,0.707344605352585,0.01971927701088622,-0.707069685982628,2.026071444241076e-05,5.648260232778782e-07,-2.02528398324862e-05
12971.79270983956,30.61283778320649,-88.61132259071719,844.7697242910307,-34847.73468150707,6.952389489805933e-07,2.867941610319708e-05,-0.4275576517584764,3.520834248471382e-10,0.7073620230017679,0.01944570302430009,-0.7070946868836198,2.029258215962799e-05,5.578522926602604e-07,-2.028491290404831e-05
13001.69578033291,30.58819214303211,-88.53711032110182,887.419036734109,-34749.24807954024,7.344373796327774e-07,2.875884519862241e-05,-0.4253687129759756,3.52269238096502e-10,0.7074048483058345,0.02036809143514053,-0.7071115613945869,2.035067102000485e-05,5.859506463584758e-07,-2.034223372209889e-05
13031.66778452299,30.57094095846181,-88.52177265515026,894.9830110755323,-34681.65520907591,7.435771651832209e-07,2.881449876153026e-05,-0.4235648845874301,3.521440180234884e-10,0.707419386174439,0.0205631230823807,-0.7071204606745013,2.039061190712704e-05,5.927101667919501e-07,-2.038199569731219e-05
13061.70888131842,30.5475700014395,-88.56647148284807,865.6765244196196,-34592.44837266423,7.229714461472792e-07,2.888995106171709e-05,-0.4215037406043446,3.522401279366993e-10,0.7073467249795556,0.02001474036247277,-0.7070635045789918,2.044150013059738e-05,5.784027878904576e-07,-2.043331538943627e-05
13091.81922999407,30.52390199500698,-88.42009817929221,951.450863432658,-34496.00527485309,7.98947964629475e-07,2.896682767490303e-05,-0.4193618671298635,3.52412517618327e-10,0.7074238208222242,0.02182872934805875,-0.7070869598866631,2.049950613709113e-05,6.325460891539344e-07,-2.048974468629936e-05
13121.99899019203,30.5084471081851,-88.37408761601998,977.435845731313,-34434.76763705742,8.236527848695379e-07,2.901703716357695e-05,-0.4176546186106901,3.522272685284395e-10,0.7074038376066906,0.02240126334607643,-0.707049059727239,2.053491970551703e-05,6.502765742268718e-07,-2.052462101206849e-05
13152.24832192238,30.47801354580498,-88.36753232832841,978.0331016189851,-34317.37462224007,8.297988691265861e-07,2.911610926643451e-05,-0.4152734704652806,3.526192975708128e-10,0.7072673806473558,0.02248318975948343,-0.7069099333762476,2.060112338714754e-05,6.548852372462396e-07,-2.059071174434032e-05
13182.56738556407,30.44665088773075,-88.39778787247018,956.5606943064114,-34198.09587660444,8.172765297418172e-07,2.921853394998094e-05,-0.4128782993404183,3.530353596884097e-10,0.7072893775527911,0.02211596575358454,-0.7069435250837233,2.067392824812095e-05,6.464452933104885e-07,-2.066381904903375e-05
13212.95634186575,30.42982755754149,-88.35100064702824,982.6098724852742,-34132.12569764208,8.427420574748635e-07,2.927365034880883e-05,-0.4111340704124789,3.529041742204143e-10,0.7072952199455458,0.02269882341109262,-0.7069308958968832,2.071357712039926e-05,6.647490552872527e-07,-2.07029076657416e-05
13243.41535194664,30.42225590198891,-88.22903588294363,1054.304081502297,-34098.90420783943,9.058787278611052e-07,2.929844672633752e-05,-0.4097892435199475,3.524355498074795e-10,0.707250205051939,0.02420747037554259,-0.7068358019540515,2.073112012028738e-05,7.095762893795371e-07,-2.071897301825876e-05
13273.9445772974,30.39440491747738,-88.16165036280294,1090.961703356653,-33990.29691923093,9.43305619908777e-07,2.938988417982673e-05,-0.407544550179089,3.527484980755367e-10,0.7072609648704251,0.0250445612453231,-0.7068174038473261,2.079690631072959e-05,7.364316987404171e-07,-2.078386346304157e-05
13304.54417978091,30.39345313538217,-88.06478951121716,1148.242502345976,-33983.08870852473,9.931443602235767e-07,2.939284412908765e-05,-0.406520995864824,3.520118490407409e-10,0.7072337038325105,0.02624384694653462,-0.706746611123179,2.079935690809006e-05,7.718172031738101e-07,-2.078503177757971e-05
13335.21432163324,30.38204582933031,-88.18812267680008,1073.784249211114,-33944.23843297529,9.310017799629388e-07,2.9430629499179e-05,-0.405122347927607,3.516042065486624e-10,0.7072324282059052,0.02472786403532425,-0.7068000001742156,2.082459062057857e-05,7.2811656383357e-07,-2.081185769661517e-05
13365.95516546442,30.36483805568952,-88.13255164244742,1104.544338157203,-33876.87659283131,9.614240723362855e-07,2.948731302742705e-05,-0.4033884821186954,3.514930721273815e-10,0.7071057885323841,0.02541427935939219,-0.7066489302197008,2.086161210584196e-05,7.497928125373623e-07,-2.084813349901806e-05
13396.76687425935,30.35675053602482,-88.16218523515494,1086.055424497125,-33847.2902839598,9.470158988276175e-07,2.951407571670235e-05,-0.4021092260184833,3.509911980223415e-10,0.7072131317118745,0.0250580646707245,-0.7067690620426695,2.088336599698708e-05,7.399420517379583e-07,-2.087025302012858e-05
13427.64961137864,30.33258970625086,-88.21645311358103,1051.178565328755,-33757.81193863655,9.215247807415955e-07,2.959407780098603e-05,-0.4001238335447583,3.511121370697161e-10,0.70734059447632,0.02439851199049187,-0.7069196766300706,2.094311974265065e-05,7.223973318506822e-07,-2.093065710029044e-05
13458.60354055948,30.32918129935948,-88.20054089384175,1060.140233658165,-33744.35595383187,9.301062984278298e-07,2.96053644721589e-05,-0.3990444502893435,3.504442899130516e-10,0.707235591008157,0.02459667931114836,-0.706807742286063,2.094817834847036e-05,7.28548777155821e-07,-2.093550555392984e-05
13489.62882591653,30.30868212948251,-88.2241817834288,1043.831420066835,-33667.85094314697,9.199883225429616e-07,2.967340234961411e-05,-0.3972240430061575,3.504327896274651e-10,0.7073295519273313,0.02431377602682758,-0.706911547030487,2.09988391506454e-05,7.218149878525422e-07,-2.098642963436109e-05
13520.72563194277,30.28851971274458,-88.36866918557483,956.8350028221896,-33596.98223035092,8.470019342672915e-07,2.974045561744485e-05,-0.3954762444330882,3.503643114589639e-10,0.7073628386792223,0.02253760491073396,-0.7070037071396551,2.104570176850904e-05,6.705465506407355e-07,-2.103501676377863e-05
13551.89412351036,30.25984922287766,-88.30408977573157,991.4823582586903,-33487.12849981496,8.833821650370587e-07,2.983606498757534e-05,-0.3932765399526671,3.507052142560233e-10,0.7073200605891076,0.0233385918570562,-0.7069349179676362,2.111277305027223e-05,6.96632854977374e-07,-2.110127694092629e-05
13583.13446587154,30.24843656770811,-88.40685465083303,930.2794505621326,-33447.88908953084,8.308835854886605e-07,2.987414372847127e-05,-0.3919122569215279,3.503090984067469e-10,0.7076309505936147,0.02208585530440127,-0.7072862060251817,2.114792055060532e-05,6.600473211040717e-07,-2.113761767911933e-05
13614.4468246595,30.22014075970151,-88.43818856208779,909.1190291320376,-33343.19382204439,8.171158153457619e-07,2.996884910894826e-05,-0.3897869802273244,3.506008257957153e-10,0.7073693900236784,0.02169658936468417,-0.7070365704490901,2.120680092060599e-05,6.504596577151755e-07,-2.119682305252134e-05
13645.83136588925,30.19207071904253,-88.50517922616589,867.4350682278765,-33240.83552134569,7.845081695031297e-07,3.006300757574959e-05,-0.3876966630960611,3.508715862246335e-10,0.7074510097576252,0.02087788242844487,-0.7071428746953388,2.127522046843036e-05,6.278619232324097e-07,-2.126595390255685e-05
13677.28825595849,30.17773001285631,-88.49248723792972,873.3900754322704,-33187.12680881916,7.924434105718316e-07,3.011131073643617e-05,-0.3861800073081063,3.506311344588622e-10,0.7074458196293145,0.02103995672584695,-0.7071328785539299,2.130937081315407e-05,6.337562924588514e-07,-2.129994454016891e-05
13708.81766164854,30.14736899625105,-88.51920372969424,855.0181009555462,-33075.4619445107,7.810401358949309e-07,3.021370338599577e-05,-0.3839954249478084,3.510057356940083e-10,0.7074557435023218,0.02071611345137806,-0.7071523680635543,2.138187201344203e-05,6.261158955900916e-07,-2.137270291012592e-05
13740.41975012515,30.1168972474121,-88.46925731258321,880.819817090725,-32961.28768923099,8.10156113467616e-07,3.031697086175441e-05,-0.3817897823949206,3.514114935877717e-10,0.7073495544392966,0.02133495893287356,-0.7070277304977536,2.14522237513628e-05,6.47038384179003e-07,-2.144246359931464e-05
13772.09468893947,30.09174179836809,-88.59329545920367,807.239337387071,-32872.65534279736,7.465706856428714e-07,3.040208733832585e-05,-0.3798874251542985,3.515485777743811e-10,0.7074686291818476,0.01981324212934985,-0.7071911316700502,2.151487853568368e-05,6.02541908188952e-07,-2.150643953921937e-05
13803.84264602885,30.0763692876014,-88.53789044478826,837.5608121782165,-32814.42368586459,7.773273411647377e-07,3.045456323254867e-05,-0.3783423115026289,3.513624529969243e-10,0.7074776573670573,0.02050298512526942,-0.7071805026119796,2.155281086453546e-05,6.246090685151466e-07,-2.154375825323814e-05
13835.66378971781,30.04420401930565,-88.48810479220288,862.9410142186724,-32694.99205918728,8.067077009902163e-07,3.056443191756413e-05,-0.3760982978234146,3.518348827019205e-10,0.707432607439872,0.02112176792933596,-0.7071172215331171,2.162967526813319e-05,6.457957642830834e-07,-2.16200323782303e-05
13867.55828871888,30.02261324416008,-88.58027413513807,808.4303583434371,-32619.09100552669,7.593329115566767e-07,3.063807425083922e-05,-0.3743621958969648,3.518424832655493e-10,0.7073893705733071,0.01998867201953792,-0.7071069046410132,2.167957190419519e-05,6.12598761507739e-07,-2.16709150869678e-05
13899.52631213353,29.9912625579151,-88.53998920520542,828.4377378820467,-32503.67186673176,7.836334974415128e-07,3.074578196997211e-05,-0.3721795930348705,3.522797720244596e-10,0.7072715769218684,0.02048810037333601,-0.706974767063605,2.175254720816091e-05,6.30123399721693e-07,-2.174341864897036e-05
13931.56802945303,29.98502812347814,-88.573047725319,809.1335832873294,-32482.06316487698,7.664143200071848e-07,3.076713025777267e-05,-0.3710767448132193,3.517033662520236e-10,0.7074700838823106,0.02009151171009017,-0.7071847359393774,2.17734433092406e-05,6.183461338972528e-07,-2.17646613021983e-05
13963.68361055938,29.9592108247464,-88.58081095139256,802.4163309522186,-32388.68457116041,7.644457303786737e-07,3.085604153098867e-05,-0.3691589836543056,3.5190612155814e-10,0.7075850033077511,0.02000464366315742,-0.7073021639567776,2.183983741044453e-05,6.174497240824318e-07,-2.183110748342564e-05
13995.87322572618,29.92878710208418,-88.51472441908481,836.892664553486,-32276.62047156805,8.027896632168112e-07,3.096136264017995e-05,-0.3670355976723692,3.523157643350142e-10,0.7073784818352093,0.02082008974072917,-0.7070720192644265,2.190862735400132e-05,6.448310194891726e-07,-2.189913572479059e-05
14028.13704561958,29.91030076107756,-88.55466081883525,812.7311888659566,-32211.25517765443,7.828079690259692e-07,3.102529789779685e-05,-0.3654498432718786,3.522187596134927e-10,0.7074237685315702,0.02033426978680378,-0.7071314628523087,2.195488211633117e-05,6.310736448927057e-07,-2.19458104155832e-05
14060.47524129914,29.88115608800332,-88.51326333558421,833.2666386931025,-32105.17832239284,8.078697908625372e-07,3.112665561361645e-05,-0.3634086146567168,3.525697479547471e-10,0.7074161799876312,0.0208507003819851,-0.7071088317945642,2.202677773957297e-05,6.492270830396402e-07,-2.201720785620182e-05
14092.88798421875,29.86575764766024,-88.54103504886625,816.3109863661258,-32050.84876927474,7.941361090141504e-07,3.118019573096489e-05,-0.3619592391306193,3.523551282290823e-10,0.7075416173759905,0.02051734875581624,-0.7072440729472852,2.206830219156939e-05,6.399384027647414e-07,-2.205902174755475e-05
14125.37544622754,29.83403467861116,-88.53626253764274,816.0801572900674,-31937.2683332304,7.995650645928919e-07,3.129095075975901e-05,-0.3598470103280253,3.527949536891655e-10,0.7074433526442018,0.0205791696702716,-0.7071439704728808,2.214366154525408e-05,6.441479255654817e-07,-2.213429059357344e-05
14157.93779957082,29.80424216152818,-88.68920932421834,728.455071248322,-31835.83777736021,7.183612241189591e-07,3.139470407887528e-05,-0.3578791644283231,3.531049848277297e-10,0.7075436782777502,0.01869986407890074,-0.7072965232165638,2.221879829965193e-05,5.872266560438404e-07,-2.221103695767146e-05
14190.57521689092,29.78356309628649,-88.64619017612321,750.60396830809,-31761.0604313842,7.436667724405409e-07,3.146751988740037e-05,-0.3562173969860195,3.531222942981299e-10,0.7075623665028038,0.01923721909922622,-0.7073008072188073,2.227130829817041e-05,6.055127542691624e-07,-2.226307543033018e-05
14223.2878712282,29.76759877287022,-88.58076557628138,785.440063361266,-31702.44150306965,7.810181624056078e-07,3.152396186736174e-05,-0.3547421889352154,3.529615693786981e-10,0.7075515337079122,0.02005035740124367,-0.7072673865098695,2.231152981565882e-05,6.322566281894855e-07,-2.230256967865234e-05
14256.07593602188,29.74134386238554,-88.7168415328819,708.1185136053459,-31613.72505762949,7.081687625352055e-07,3.16159684050671e-05,-0.3529358734514337,3.531380054012218e-10,0.7075721768295801,0.0183769200783488,-0.7073334957654589,2.23760474147175e-05,5.811461338857105e-07,-2.236849943730592e-05
14288.93958511103,29.71095558211087,-88.65395085425865,740.2759342877441,-31504.70647946613,7.454234268271941e-07,3.172377376782347e-05,-0.3509098584258124,3.535449953157214e-10,0.7076200096496649,0.0191604444413979,-0.7073605554633364,2.245442887795586e-05,6.080054706090062e-07,-2.244619579311576e-05
14321.87899273543,29.66948509360055,-88.59810129318019,767.3984052804518,-31357.41192148764,7.799745727699407e-07,3.187129892157516e-05,-0.3484659458723915,3.543887448813011e-10,0.7075823022355067,0.01985473293626436,-0.7073036858499534,2.255817338689518e-05,6.329815015323527e-07,-2.254929091949332e-05
14354.89433353656,29.66609770683975,-88.61690138144949,756.8305805842153,-31346.11970263431,7.698001637827308e-07,3.188328894217551e-05,-0.3475392978525262,3.537010458116996e-10,0.7075488232635927,0.01962758336397812,-0.7072765338062509,2.256541140625331e-05,6.259702213562984e-07,-2.255672744915454e-05
14387.98578255845,29.63013794451598,-88.58415118230157,771.6286533768622,-31219.48133772579,7.912099720986518e-07,3.201172591253217e-05,-0.345339149673576,3.543190052285036e-10,0.7076078676661867,0.02003940695913385,-0.7073240534237569,2.265851910816357e-05,6.416877288227161e-07,-2.264943100904947e-05
14421.15351524869,29.61597868179855,-88.71140640239243,701.227768823686,-31174.00043463664,7.211977166625504e-07,3.206179066526705e-05,-0.3440429546689945,3.540198343373285e-10,0.7076181119737547,0.01847453424852998,-0.7073769037631926,2.269309400181668e-05,5.924725996233717e-07,-2.268535852910383e-05
14454.39770745927,29.58955203767437,-88.59378549538746,762.917536806605,-31078.59979147431,7.893926548540437e-07,3.215710376933865e-05,-0.3422012373877959,3.542898314100358e-10,0.7075317745679852,0.01993012060511785,-0.707251017896749,2.275887706429217e-05,6.410838085757366e-07,-2.274984608251112e-05
14487.71853544762,29.54777671298211,-88.60720385318562,752.1285030928417,-30934.39071679087,7.855109705550243e-07,3.230738254906324e-05,-0.3398299864859428,3.551228071879446e-10,0.707443276616223,0.01976792978571445,-0.7071670372560396,2.286224392443037e-05,6.388345858677039e-07,-2.285331677529659e-05
14521.11617587742,29.53827019681766,-88.63368698253512,737.0581763951252,-30902.37520680887,7.713847611004868e-07,3.234157367730345e-05,-0.3386975014781797,3.546731159054308e-10,0.7075953918486086,0.01945117389669699,-0.7073279935075569,2.289110475517329e-05,6.292563015668242e-07,-2.288245427001343e-05
14554.59080581966,29.51526892704079,-88.63264812469899,735.7264178499304,-30823.09421653597,7.739564368606796e-07,3.24247323380974e-05,-0.3370515785292558,3.547675574116701e-10,0.7074703473630987,0.01946650295902419,-0.7072024799593182,2.294591734678789e-05,6.313717169823948e-07,-2.293722940201401e-05
14588.14260275348,29.49172695759852,-88.64070939463603,729.4735244486011,-30742.44199027995,7.714154836950675e-07,3.251001573473876e-05,-0.3353964749799876,3.548802001667017e-10,0.7074680770786804,0.01937289775646587,-0.7072027792068716,2.300611803295976e-05,6.299862663289435e-07,-2.299749082510336e-05
14621.77174456718,29.45966626063216,-88.58318615829775,757.5969162267706,-30630.88229918872,8.069629527198501e-07,3.262683188795968e-05,-0.3334107804680568,3.553535227610574e-10,0.7075291469039814,0.02009060331389603,-0.7072438485961963,2.309133852451381e-05,6.55688778777407e-07,-2.308202736067785e-05
14655.47840955911,29.4480179170304,-88.60245662867905,746.3318276557836,-30591.66816319729,7.970163512300309e-07,3.2669194631636e-05,-0.3322181009406081,3.549906969969092e-10,0.7075692427727667,0.0198598434141344,-0.7072904777653892,2.312243889915425e-05,6.489937494888631e-07,-2.311332922272873e-05
14689.26277643867,29.40391047796502,-88.58275134393818,753.1282325740594,-30440.86012464353,8.122492854554015e-07,3.283048731340466e-05,-0.3298200484626762,3.55928866983279e-10,0.7076156468253061,0.02011041332881566,-0.7073298204570061,2.323831736576308e-05,6.604322125837105e-07,-2.322893073915603e-05
14723.12502432719,29.3861976604036,-88.57580394985285,755.3218216774718,-30380.53581653578,8.178484032638132e-07,3.289547845006204e-05,-0.3284093859824435,3.558153685958355e-10,0.7075142444085121,0.02019929905139265,-0.7072258439556491,2.328105247364623e-05,6.646663934511832e-07,-2.327156253598125e-05
14757.06533275895,29.36803180108523,-88.53595432178729,774.8614394808711,-30317.78853053428,8.424524879798219e-07,3.29624047296849e-05,-0.3269773359028145,3.557317364090161e-10,0.7074562228092203,0.02069550401917344,-0.7071534510308788,2.332691323772419e-05,6.823916605740531e-07,-2.331692996133691e-05
14791.08388168207,29.3404001489518,-88.42561633015855,830.627035292894,-30220.99746538144,9.087836774264187e-07,3.30645982434215e-05,-0.3251838181879146,3.560502845651261e-10,0.7074976945003639,0.02206460647075655,-0.7071535482938772,2.340179992495647e-05,7.298278285078976e-07,-2.33904166501674e-05
14825.18085145954,29.32383047204307,-88.50219880975425,788.8075715632827,-30167.58786561953,8.661499316619835e-07,3.312551135434552e-05,-0.3238625402333449,3.558603039141144e-10,0.7077193132477758,0.02113206551104792,-0.7074037476230531,2.345141441109229e-05,7.002448801173691e-07,-2.344095763804578e-05
14859.35642287007,29.29461336834387,-88.48876534526804,793.2844808939253,-30068.99813779038,8.767764384981443e-07,3.3233713417349e-05,-0.3220617065275291,3.562059531956705e-10,0.707502448578759,0.02129746332209594,-0.7071818244277659,2.352095120103098e-05,7.080351403886365e-07,-2.351029203649448e-05
14893.61077710915,29.27459449583168,-88.46570474314944,803.5793152571999,-30001.19906174944,8.921544772192728e-07,3.330810482138849e-05,-0.3205964759533048,3.561898331388065e-10,0.7075344433215491,0.02158914879702303,-0.7072049894765692,2.357491877545313e-05,7.193465054954003e-07,-2.356394143334778e-05
14927.94409578996,29.25390288778316,-88.4857193489842,791.279943951256,-29932.65791821006,8.82543666215238e-07,3.338499586731721e-05,-0.3191283700550189,3.561843628492559e-10,0.707543244381818,0.021348467979117,-0.7072211009191494,2.36294144866637e-05,7.129624974012211e-07,-2.361865604685948e-05
14962.35656094434,29.22530733682564,-88.46188288355282,801.162107112953,-29836.59662513311,8.993087433744542e-07,3.349173903669903e-05,-0.3173725889091625,3.56509287915383e-10,0.7074461712069162,0.0216458278663761,-0.7071149434789966,2.370197543820655e-05,7.252126045904279e-07,-2.36908781253775e-05
14996.84835502373,29.2058260958167,-88.53203556959271,763.001429168054,-29774.01544812842,8.60132621913927e-07,3.35642909610643e-05,-0.3159785057556243,3.564369528603696e-10,0.7075626314479073,0.02078956929070921,-0.707257146468096,2.375646643508972e-05,6.980112898897021e-07,-2.374620975483732e-05
15031.41966090022,29.16912647611928,-88.48145459803789,786.0389762016675,-29650.85541359977,8.934382155827694e-07,3.370215492270022e-05,-0.3139477382999806,3.570942889805794e-10,0.7074345149504553,0.02141619123627536,-0.7071102740705421,2.385027404784113e-05,7.220202283767755e-07,-2.383934267019414e-05
15066.07066186742,29.16207283633774,-88.44733799132335,803.0461787275569,-29626.46930240727,9.142432372803294e-07,3.372881899162652e-05,-0.312968068560351,3.565662499948051e-10,0.7074801210484306,0.0218447941039553,-0.7071427908486785,2.3871062649048e-05,7.370644532574435e-07,-2.385968080227644e-05
15100.80154164149,29.13934059496286,-88.49689182470652,775.4771312223996,-29553.01149105668,8.872920285309618e-07,3.381421638284036e-05,-0.3114740531542656,3.566304232415109e-10,0.7074949054967516,0.02123980441138246,-0.7071760120453915,2.393144860119876e-05,7.184493960611958e-07,-2.392066183484724e-05
15135.61248436208,29.09621480313268,-88.55520297788691,741.8504424624317,-29413.05190439308,8.569589073096754e-07,3.397689800785946e-05,-0.3092859708742698,3.575032895621813e-10,0.7076061192214246,0.02052949283058437,-0.7073082495515827,2.404973318687546e-05,6.977452732894309e-07,-2.403960935401199e-05
15170.50367459337,29.06858361391045,-88.51017238353089,762.5939712929065,-29321.22328229415,8.864117964816511e-07,3.408193505730607e-05,-0.3076112516088472,3.577981135890197e-10,0.7076995229837287,0.02109436288189477,-0.707385073836029,2.412775043908498e-05,7.191746027184427e-07,-2.41170298573761e-05
15205.47529732495,29.0531661444577,-88.45672543175961,788.5636770529895,-29269.2204734923,9.198125591320297e-07,3.414080228515705e-05,-0.3063594545855683,3.576094408562571e-10,0.7073163700575834,0.02174865006800838,-0.7069819259158296,2.415693483334861e-05,7.427803803882119e-07,-2.414551258203399e-05
15240.52753797292,29.02533240970972,-88.47450446378501,777.0750893739279,-29179.10988295738,9.120339526141151e-07,3.424680482520187e-05,-0.3047138336467271,3.578887873459396e-10,0.7074551788690986,0.02153971895531135,-0.7071271955002399,2.423649200590609e-05,7.379226866419794e-07,-2.422525572333322e-05
15275.66058238072,28.98904610753913,-88.53214770308747,744.7267791094143,-29063.11891182938,8.811045889441224e-07,3.438529157346084e-05,-0.3028045177843496,3.584907158301101e-10,0.7074541766072725,0.02083450098652726,-0.7071473223930896,2.433382424030609e-05,7.166302806663315e-07,-2.43232695828283e-05
15310.8746168203,28.96857631389258,-88.46533590930011,776.8111554479858,-28994.85080093217,9.233409194421266e-07,3.446414486952178e-05,-0.3013984468340392,3.585083318823103e-10,0.7074861100403077,0.02166631093072135,-0.7071542737413242,2.439147272677815e-05,7.469732969407362e-07,-2.438003225335889e-05
15346.16982799294,28.93682521999432,-88.48779788941862,762.7511819798469,-28893.14548491483,9.130418457408368e-07,3.458618158326522e-05,-0.2996504650306538,3.589428504001536e-10,0.7075333759006123,0.0213967757560831,-0.7072097680324848,2.447922160625963e-05,7.402850992377454e-07,-2.44680254295318e-05
15381.54640303035,28.89818782288338,-88.55784356025907,724.334197874848,-28771.16977663295,8.744777723837797e-07,3.473500012696166e-05,-0.2976991889180365,3.596355472238822e-10,0.7074223138569007,0.02053523437290971,-0.7071242000468524,2.457991678441488e-05,7.135120594127596e-07,-2.456955859737478e-05
15417.00452949559,28.87416149185293,-88.42315313307344,789.7858389909592,-28690.14802483604,9.587707627619661e-07,3.482877730584461e-05,-0.2961780848837973,3.598216930405804e-10,0.7076254681047485,0.02221014880279506,-0.707276828689179,2.465488160130814e-05,7.738395715843413e-07,-2.464273440777165e-05
15452.54439538414,28.83723266832473,-88.54404804150199,726.307479853328,-28576.07727228217,8.88862998498744e-07,3.497171436910151e-05,-0.2943220116823105,3.604271685033153e-10,0.7075853491650084,0.02072287290764654,-0.7072818313030672,2.475327797773611e-05,7.249429827590309e-07,-2.47426600897079e-05
15488.16618912481,28.8144804977611,-88.49521690427727,748.739516620195,-28502.28072268524,9.210260881602706e-07,3.506071675789073e-05,-0.2928867634176984,3.605292610751155e-10,0.707437150913669,0.02132751399322068,-0.7071155914273975,2.481162266290774e-05,7.480102350494915e-07,-2.48003447527404e-05
15523.87009958082,28.79592948497817,-88.44544788605317,771.8773289371737,-28441.92883023121,9.534775024660327e-07,3.513348332656213e-05,-0.2915943985205992,3.604633265436049e-10,0.7075770457752597,0.02195240883402954,-0.7072364296714555,2.486861043774759e-05,7.715426987396171e-07,-2.485663909237268e-05
15559.65631605074,28.76448167494378,-88.4945074792291,744.9328628652806,-28344.00392669231,9.266054613606502e-07,3.525647765663217e-05,-0.2899221062675856,3.608767742906077e-10,0.7074404613903561,0.02134906151684136,-0.7071182531829807,2.495028105093896e-05,7.529468755181362e-07,-2.493891728851698e-05
15595.52502826954,28.73640450112024,-88.42903153434301,774.8655667024095,-28253.52744453883,9.699614500335073e-07,3.536720900541878e-05,-0.288331976283573,3.61199761239425e-10,0.7074988195386621,0.02216531769899521,-0.7071515243142046,2.503147526261672e-05,7.842141730105313e-07,-2.501918787558545e-05
15631.47642640954,28.70889823129995,-88.43498141993808,769.574029600949,-28167.31890857566,9.692488997986924e-07,3.54756551186797e-05,-0.2867910820229116,3.614719656692114e-10,0.7075558963799097,0.02210004922900581,-0.7072106718128998,2.511018233788492e-05,7.843002491475323e-07,-2.509793079441042e-05
15667.51070108149,28.66111643608075,-88.49587692456574,735.7408955494957,-28019.75751196636,9.364763581646066e-07,3.566451264322359e-05,-0.2846325110189894,3.625398570237757e-10,0.7074210590238236,0.02135072326208731,-0.7070987918010989,2.523832824776307e-05,7.617197072974941e-07,-2.522683087169988e-05
15703.62804333552,28.63012870151147,-88.38327989792379,788.0255622118597,-27919.83297189527,1.010110396065355e-06,3.578832323936414e-05,-0.282965147640709,3.630005773791467e-10,0.7074420597154352,0.02274735073804079,-0.7070762518207057,2.532805079050089e-05,8.144074089603701e-07,-2.531495402757871e-05
15739.8286446622,28.58733862451627,-88.45656665045134,748.7731584487417,-27789.45009552968,9.688915660805127e-07,3.595877272010571e-05,-0.2809959656078589,3.638649126045535e-10,0.7075064279769659,0.02185132950551344,-0.7071689084140841,2.545009762125283e-05,7.860260304060232e-07,-2.543795652191471e-05
15776.11269699348,28.56750444791365,-88.36700529598626,790.4200203045335,-27725.42237978851,1.027421756724043e-06,3.603869010856204e-05,-0.2797037588286838,3.638664054990743e-10,0.7073140343176736,0.02295690430395134,-0.7069413863168023,2.550082796933739e-05,8.276664097699447e-07,-2.548739287247479e-05
15812.48039270384,28.54512704291508,-88.45969359182158,743.756327032287,-27659.32272283725,9.714795874387928e-07,3.61280522275838e-05,-0.2783951552562713,3.638970961979421e-10,0.7074300032122276,0.0218232773097605,-0.7070933135112463,2.556710502874703e-05,7.887112795846918e-07,-2.555493678466917e-05
15848.93192461113,28.51673056605415,-88.40811076906056,766.2079462339995,-27570.50177621976,1.007214620361743e-06,3.624265790534778e-05,-0.2768629243965232,3.642297883050257e-10,0.7076198634184182,0.02247235817006066,-0.7072629385331719,2.565572321809165e-05,8.147659938256765e-07,-2.564278241959387e-05
15885.46748597779,28.49428246378509,-88.34267126728204,795.6740560683428,-27499.70413123026,1.051273526997078e-06,3.633361014215526e-05,-0.2755168426685124,3.643276314193252e-10,0.7075430255707555,0.02328409190254554,-0.7071598009630444,2.571814646581268e-05,8.463424332252509e-07,-2.570421681597623e-05
15922.0872705117,28.45508880111794,-88.31095631733355,807.3519708170359,-27379.07866526634,1.076087977965126e-06,3.649250694172319e-05,-0.2736774163365674,3.650911470667284e-10,0.707261801453227,0.02367261160792056,-0.706865519921947,2.582076870537474e-05,8.642415407199245e-07,-2.580630122849367e-05
15958.79147236733,28.41671656819291,-88.25748196624332,829.3291624579842,-27260.78526172958,1.114932202350422e-06,3.664881053932782e-05,-0.2718682510817561,3.658320661530012e-10,0.7073929692146139,0.02434334900461704,-0.7069739841419252,2.593689678476947e-05,8.925603702696921e-07,-2.592153449950849e-05
15995.58028614669,28.37511673800119,-88.24317709930007,832.268369707313,-27134.50499442744,1.129304878661322e-06,3.681880747317517e-05,-0.2699864913281737,3.666892923300248e-10,0.7073785969626388,0.02452588809626206,-0.7069532942521175,2.605687443867628e-05,9.03431329934738e-07,-2.604120806231988e-05
16032.45390690042,28.34380524855641,-88.11509076923497,889.7493254858879,-27036.04398820899,1.215937549014873e-06,3.694764370192551e-05,-0.2683881124723764,3.671782835126735e-10,0.7071501668638691,0.02610435150556174,-0.7066681833279831,2.61414655142776e-05,9.650086171677173e-07,-2.612364786171635e-05
16069.41253012877,28.29869438241236,-88.11837734790599,883.7565483462143,-26900.88552933492,1.219919073217214e-06,3.713342028987432e-05,-0.2664321982845119,3.681743724167153e-10,0.7073194804715254,0.02607661532500018,-0.7068386361735616,2.627914751455434e-05,9.688284286319117e-07,-2.626128263370969e-05
16106.4563517827,28.27132687197044,-88.14958078641045,866.4832965595612,-26820.1787571594,1.203327383532398e-06,3.724648317846181e-05,-0.2650219223012211,3.684329500750556e-10,0.707041098936022,0.0256881253560321,-0.7065742960229663,2.634831885582543e-05,9.572836978043804e-07,-2.633092315985454e-05
16143.58556826486,28.22873089108077,-88.10414503772103,883.5320064627512,-26692.00941830733,1.238751411748812e-06,3.742339169094353e-05,-0.2631488043356429,3.693506453845673e-10,0.707448937574744,0.02627016421317561,-0.7069610157199949,2.648942120452259e-05,9.836490070087399e-07,-2.647115166330362e-05
16180.80037643066,28.2045516733773,-87.98662251839976,935.6894350125524,-26616.46287909636,1.319151442915229e-06,3.752435808125649e-05,-0.2618005003634178,3.695470936190262e-10,0.7072506018990531,0.02771902628715852,-0.7067072020775398,2.655529970288339e-05,1.0407726038707e-06,-2.653489654581286e-05
16218.1009735893,28.17001532216334,-87.93477930185188,956.0630697636097,-26512.73711951841,1.358354227393158e-06,3.766873722563705e-05,-0.2601804720749292,3.701396124799425e-10,0.7071170837979289,0.02835973147178605,-0.7065481553508829,2.665329936230342e-05,1.068960756388765e-06,-2.663185479454754e-05
16255.48755750484,28.11991670859516,-87.85671639346799,986.6254596062886,-26362.86898223094,1.417617680262509e-06,3.787908451761229e-05,-0.258114738039275,3.713876522072818e-10,0.7070018694425023,0.02932419789321233,-0.7063934702509026,2.679910846371632e-05,1.111542124452034e-06,-2.677604691801238e-05
16292.96032639722,28.09000813089657,-87.8258508966385,997.4861188692588,-26274.33004171247,1.442839643667066e-06,3.800518551370854e-05,-0.2566562134071739,3.717821038591313e-10,0.7069983020020614,0.0297112269847939,-0.7063737268789489,2.688873306819979e-05,1.129984682085543e-06,-2.686497907371515e-05
16330.51947894334,28.0423928753744,-87.62785585313944,1082.390959803392,-26128.68009274541,1.582721765992716e-06,3.820655588897422e-05,-0.2546464366053533,3.729946993163094e-10,0.7069469287637475,0.03215635939409214,-0.7062152141089947,2.703294561742732e-05,1.22962711822664e-06,-2.700496557866543e-05
16368.16521427809,28.00286632772725,-87.57011539135277,1103.821275524473,-26012.09099921736,1.628421734867422e-06,3.837455871861898e-05,-0.2529271184940342,3.738047941213921e-10,0.7069012503262586,0.03287258980171003,-0.7061365098566681,2.715120740056987e-05,1.262595734677445e-06,-2.712183465991072e-05
16405.8977319954,27.96225473979885,-87.45736181805111,1149.723043987995,-25890.83635778963,1.711770414293523e-06,3.854769016793069e-05,-0.2511691011634998,3.746916818447328e-10,0.7069678537288929,0.03427206402423329,-0.7061366523793792,2.727860279737355e-05,1.322399620622252e-06,-2.724653060153263e-05
16443.71723214931,27.90034487728727,-87.37707162241111,1177.812464047325,-25710.39893774843,1.778066702525987e-06,3.881331337145126e-05,-0.2488450161261032,3.764534799909261e-10,0.7069620618609628,0.03526797502029159,-0.7060818131411344,2.746808349137845e-05,1.370290903417304e-06,-2.743388258211639e-05
16481.62391525508,27.86030519463549,-87.19393322711007,1254.24021076717,-25589.2719355286,1.910833130473138e-06,3.89852184448673e-05,-0.2471030245322192,3.773655079000953e-10,0.7068353052117712,0.03752467796623823,-0.7058385419041296,2.758897314080733e-05,1.464651418646697e-06,-2.7550067789137e-05
16519.61798229015,27.80881286462281,-86.9811418971284,1341.379780438956,-25434.87110413176,2.067694898695384e-06,3.920705679175937e-05,-0.2450471595328374,3.787830969468009e-10,0.7066830132598395,0.04014391422432629,-0.7055418820883396,2.774522600665762e-05,1.576098409112712e-06,-2.770042382284615e-05
16557.69963469528,27.77480176948976,-86.77697937308545,1426.405761083406,-25330.52612759077,2.216050687505083e-06,3.93532691548283e-05,-0.2434805880810187,3.794686665987866e-10,0.7064560389112409,0.04265075866682817,-0.7051673898439325,2.784515833480225e-05,1.681091338687646e-06,-2.779436587873874e-05
16595.86907437561,27.7130681575381,-86.55591948643271,1513.483478303746,-25148.00304704523,2.384517441288268e-06,3.962108125980819e-05,-0.2411701957812583,3.81343745074853e-10,0.7064091448855754,0.04537487150665018,-0.7049503535808211,2.803909241586004e-05,1.801038710701887e-06,-2.79811894505522e-05
16634.1265037017,27.67860778347358,-86.24667812089676,1642.541919555151,-25038.10380076554,2.608846816481133e-06,3.976798193926283e-05,-0.2395640062406051,3.821366535534841e-10,0.7063462362902582,0.04918139530447659,-0.7046319577462535,2.81500976960506e-05,1.960031796757794e-06,-2.808177835630948e-05
16672.47212551063,27.61608309042341,-85.93261751811538,1767.060832590359,-24850.13328492953,2.847105770962932e-06,4.003877884668299e-05,-0.237218663136187,3.841416603844303e-10,0.7060703225767991,0.05302905963747116,-0.7040761459229185,2.834132843955522e-05,2.128561345761505e-06,-2.826128313286698e-05
16710.90614310708,27.57771633716123,-85.53128016237972,1932.288890056491,-24724.62415518986,3.141724830263511e-06,4.019997528683304e-05,-0.2354777243489499,3.852036850370644e-10,0.7058906994561102,0.05795157505799246,-0.7035078496555205,2.846306607255754e-05,2.336735008911923e-06,-2.836698432595368e-05
16749.42876026437,27.5670780399063,-85.02154425409542,2148.866164147617,-24668.48352191203,3.504623972185492e-06,4.023226767249554e-05,-0.2344026860430849,3.851923729956912e-10,0.7058097158026024,0.06420743788845237,-0.7028831765244854,2.850360702644351e-05,2.592970225220124e-06,-2.83854208869455e-05
16788.04018122561,27.54553274507044,-84.57020373761738,2336.779823967947,-24584.08431748285,3.831805846503367e-06,4.031250058411779e-05,-0.2330634486383327,3.856258111185277e-10,0.70541259245632,0.06970982960234676,-0.7019597319310831,2.856486663612798e-05,2.822818882328844e-06,-2.842504704476925e-05
16826.74061070467,27.54236861149428,-83.97368184644142,2590.606205398052,-24539.53616271947,4.254567061558786e-06,4.030141750077175e-05,-0.2321060609322346,3.854373369457332e-10,0.7051427354161728,0.07699156129819436,-0.7009269411280101,2.857591505265608e-05,3.12008364395908e-06,-2.840506995505055e-05
16865.53025388741,27.55347082545964,-83.4515086650313,2816.587165570011,-24536.22513233676,4.617662538609227e-06,4.022599016904362e-05,-0.2315409866065073,3.846027487207286e-10,0.7047232685240147,0.08333348951048537,-0.6997788327215795,2.853410237828723e-05,3.37415610841447e-06,-2.833390317430033e-05
16904.40931643264,27.57646522664754,-82.87013806407907,3072.007970448607,-24559.18791078446,5.014778624303075e-06,4.009068067204899e-05,-0.2312246515780018,3.833594114127973e-10,0.704517955929422,0.09041009016798389,-0.6986927549522666,2.846445471426121e-05,3.652815227262509e-06,-2.822910064270036e-05
16943.37800447329,27.641367187549,-82.43585888448204,3280.69672594005,-24705.61496948699,5.281816541042191e-06,3.977524797421353e-05,-0.23206828906732,3.80210812171803e-10,0.7045827829858833,0.09571889111271369,-0.6980507087341755,2.827070966084668e-05,3.840628872931094e-06,-2.800861643473839e-05
16982.43652461744,27.70808447711055,-82.12339039915948,3440.108155288946,-24866.08441616085,5.459133032041204e-06,3.946017296144775e-05,-0.2330384244001464,3.768883628386383e-10,0.7044743662950936,0.09951586590777797,-0.697410012259287,2.80631900595862e-05,3.964278606191946e-06,-2.778177696715864e-05
17021.58508394951,27.7791284411198,-81.93302061501986,3550.234751500186,-25048.72857596313,5.546869378395887e-06,3.913601077986424e-05,-0.2342102072967889,3.73279762225919e-10,0.7042933486143771,0.1018131961863599,-0.6968953967309371,2.783845025914246e-05,4.024348097755746e-06,-2.754603302145045e-05
17060.82389003124,27.84206850078939,-81.90228297536532,3588.676417095225,-25222.55930184135,5.52906973421628e-06,3.886036885102249e-05,-0.2352931497441983,3.698545619452976e-10,0.7042329948389838,0.1021851548321511,-0.6967799546139466,2.764211489116534e-05,4.010908052792471e-06,-2.734957279828021e-05
17100.15315090288,27.90719381399309,-81.83434559280455,3644.774367973504,-25400.83040281268,5.535077797766427e-06,3.857456133439889e-05,-0.2364111994536778,3.664141332655544e-10,0.7042705779334972,0.1030236533947483,-0.6966944622888723,2.744492720344821e-05,4.01475903756857e-06,-2.714969132555347e-05
17139.57307508425,27.9544461073312,-81.86423883035944,3650.772324630997,-25537.39030829051,5.485870323489084e-06,3.837402039190948e-05,-0.2371355391074417,3.636165295158883e-10,0.7044448482391722,0.1026924498850613,-0.6969195110967368,2.73069609936166e-05,3.980749849132562e-06,-2.70152503106214e-05
17179.08387157588,27.99093960213541,-82.00621332452612,3602.445068891896,-25652.91332102884,5.368373988199337e-06,3.822804510840304e-05,-0.2376604008846454,3.611465229642642e-10,0.7044805938271139,0.1009772635747775,-0.6972062100411563,2.719491416248643e-05,3.898003776599065e-06,-2.69141026761552e-05
17218.68574986007,28.01792432943358,-82.17851645825867,3536.307338163575,-25743.87937569146,5.237012515715311e-06,3.812480240011457e-05,-0.2379546102719302,3.590427319500271e-10,0.7045475633372917,0.09889646760755161,-0.6975720448091821,2.711271840681471e-05,3.805778654561269e-06,-2.684428334375338e-05
17258.37891990204,28.0513819391286,-82.24642659779661,3519.049768254624,-25845.42508179901,5.172261084032082e-06,3.798732474794123e-05,-0.2383437736052972,3.568095355900111e-10,0.7047369740954521,0.09810291723443489,-0.6978753615706085,2.701783189461129e-05,3.761017547877272e-06,-2.675477503717858e-05
17298.16359215101,28.04935526406635,-82.5164791738994,3397.029045041596,-25860.4706965912,4.993400433464513e-06,3.801312378368955e-05,-0.2379340280903079,3.557817821878802e-10,0.7048124894602436,0.09482967499008967,-0.6984038788841452,2.702203563923275e-05,3.63570580198069e-06,-2.677633383063128e-05
17338.03997754138,28.07472649815924,-82.68199300943731,3332.08137316951,-25946.26183351122,4.869248136216896e-06,3.79158768726123e-05,-0.2381743167571976,3.53789822393406e-10,0.7050111137097372,0.09284491241787797,-0.6988708698267231,2.695038676695347e-05,3.549172843303467e-06,-2.67156643004949e-05
17378.00828749375,28.0843171603733,-82.88049221276357,3246.061603444989,-25988.79394111915,4.732183293101979e-06,3.788706177526437e-05,-0.238016057553759,3.523984633038156e-10,0.7049729996590706,0.0904252741830941,-0.6991496263584929,2.691663405576062e-05,3.452535083975178e-06,-2.669429134451134e-05
17418.06873391614,28.07163945687646,-83.04901689185411,3165.480599825038,-25964.38661156744,4.626748129221777e-06,3.795021747664491e-05,-0.2372456175657137,3.519184729363856e-10,0.70511862918446,0.08839376075371008,-0.6995561623506635,2.69572841655369e-05,3.379368560797006e-06,-2.674462633337403e-05
17458.22152920504,28.07157995371655,-83.15091376279238,3119.486844026292,-25971.53389189475,4.558975185507521e-06,3.795610767503458e-05,-0.2367651247670907,3.510124588492773e-10,0.7052163259616679,0.08716863570100576,-0.699808327581845,2.695939988069781e-05,3.3323308329734e-06,-2.675265992657522e-05
17498.46688624657,28.05608294816226,-83.34411545096168,3027.046309122443,-25940.37026260178,4.43805601460875e-06,3.803206310989444e-05,-0.2359371355082557,3.506258737905249e-10,0.7051759741493387,0.08481060812426161,-0.7000573656973132,2.700102014223517e-05,3.247377991005465e-06,-2.680502984338803e-05
17538.80501841761,28.03386653810237,-83.37769741391693,3004.461508470338,-25878.57135959765,4.426611031910546e-06,3.812808689594507e-05,-0.2348337043322644,3.506548373437147e-10,0.7051572048498649,0.08440512281774623,-0.7000874651026081,2.706662435200896e-05,3.239790697706228e-06,-2.687202839474201e-05
17579.23613958693,28.01868508132261,-83.40726730614733,2986.10814778447,-25836.88059248525,4.414307825005503e-06,3.819417734677855e-05,-0.2339161512887959,3.504128740001303e-10,0.7051537873256842,0.08405050186896941,-0.7001266863327884,2.711178761110275e-05,3.231577843352941e-06,-2.691850538406422e-05
17619.76046411629,28.00447648171279,-83.43626501614222,2968.385528843551,-25798.01011240101,4.401855894384217e-06,3.825619070474897e-05,-0.2330270516267913,3.501337079191601e-10,0.7051829236593045,0.08370673561141465,-0.7001972138147688,2.715534313018245e-05,3.223397861139395e-06,-2.696335229059527e-05
17660.37820686164,27.99546639500678,-83.45503079981846,2957.002313852898,-25773.41177311766,4.393680354087669e-06,3.829558483429454e-05,-0.2322694245834881,3.49661824428211e-10,0.7050983544600523,0.08347452824582684,-0.7001397664726738,2.717902221763787e-05,3.217644805790998e-06,-2.698788636797293e-05
17701.08958317421,27.99268588099208,-83.41185969432824,2975.41284408652,-25762.44589066808,4.424032716788729e-06,3.830524013208191e-05,-0.2316366227271558,3.490061171145575e-10,0.7051823749900292,0.08401921088009895,-0.70015923488851,2.719147136087145e-05,3.239737757826878e-06,-2.699778165015791e-05
17741.89480890166,28.01946895715921,-83.39255971691742,2992.967268767667,-25838.0728878212,4.423776423288391e-06,3.819014623284316e-05,-0.2317822906943501,3.471842479386762e-10,0.7051836270237805,0.08426237596844606,-0.7001312732756383,2.711087362076278e-05,3.239477688254245e-06,-2.69166352426947e-05
17782.79410038923,28.02074474224973,-83.33884262655322,3017.510339934554,-25837.99694326886,4.45910610118524e-06,3.818193041043054e-05,-0.2312485265194918,3.463867644438545e-10,0.7051331581119906,0.08491985059328112,-0.7000009926022993,2.710605581066552e-05,3.264407840042708e-06,-2.690877000282216e-05
17823.78767448089,28.04783290160759,-83.56349330592387,2925.426061955695,-25931.59438712223,4.295743838910536e-06,3.807838053754728e-05,-0.2315524345520319,3.443427248021996e-10,0.705336255476993,0.08220545378732985,-0.7005294402506758,2.702816017525199e-05,3.150075095375132e-06,-2.684396523154832e-05
17864.87574852051,28.04717449521137,-83.68337023672319,2871.179981334007,-25937.79914978516,4.216042223891618e-06,3.808707817735129e-05,-0.2310751558378424,3.434685753280188e-10,0.7054959078463571,0.08076509969743978,-0.7008576707569221,2.703412996785646e-05,3.094864446135065e-06,-2.685639583374887e-05
17906.05854035295,28.05781897971479,-83.91128252792728,2771.681408619693,-25983.69914881903,4.059080247740285e-06,3.805268514995803e-05,-0.2309516720291984,3.420732804547569e-10,0.7054793212993448,0.07798199911426446,-0.7011561028723398,2.699740761585674e-05,2.984228953599426e-06,-2.683196592740119e-05
17947.33626832527,28.06171051708559,-84.19783937147129,2643.337595870072,-26013.41662803461,3.866308743210058e-06,3.804882899061969e-05,-0.2306840291596624,3.408966512584406e-10,0.7057735632770957,0.07451263943997745,-0.70182917379127,2.699186708355838e-05,2.849689141755717e-06,-2.684101638261565e-05
17988.70915128787,28.0492791080944,-84.41641650129016,2540.927169558322,-25991.05846235851,3.725746474994961e-06,3.811053524385459e-05,-0.2299556569448808,3.404051841849653e-10,0.7058083194466556,0.07184553334907967,-0.7021421530843298,2.702669151393577e-05,2.751096881377178e-06,-2.688630729830194e-05
18030.17740859569,28.02622080320517,-84.69581593411648,2408.409495339681,-25941.26937323716,3.548301841673706e-06,3.82191874224565e-05,-0.2289872782317042,3.402741111588979e-10,0.7057831520074191,0.06842561256334277,-0.7024583925065306,2.709018368676078e-05,2.626390850996958e-06,-2.69625689295408e-05
18071.74126010928,27.99814324640341,-84.91429634640848,2302.600856575694,-25873.04704657924,3.412693686804064e-06,3.834654367563982e-05,-0.2278597989559392,3.403866772381895e-10,0.705960564685959,0.06577036721074046,-0.7028901604722337,2.717786235468487e-05,2.532008268571967e-06,-2.70596588355818e-05
18113.40092619602,27.97338399123374,-85.14157422211622,2194.230591453507,-25814.67583931081,3.269056788279992e-06,3.845978705175417e-05,-0.2268228523666906,3.403717094027784e-10,0.7060366103646775,0.06299580923915159,-0.7032206077708103,2.725165170309695e-05,2.431516761224856e-06,-2.714295943309774e-05
18155.15662773135,27.93192858429713,-85.25063328769536,2135.375686687912,-25701.88232186621,3.210383601718364e-06,3.86409295815279e-05,-0.2253123838129268,3.410791726386471e-10,0.7061838148956771,0.06167738816845714,-0.7034852380891367,2.738133162221955e-05,2.391458120974309e-06,-2.727669792078188e-05
18197.00858609984,27.89739397840133,-85.37286531474594,2072.733630953236,-25609.93013482609,3.139721778291452e-06,3.879324105329293e-05,-0.2239899461447283,3.41516536925432e-10,0.7062094694614143,0.06018604769271677,-0.7036401455432331,2.748544922552288e-05,2.342421943456323e-06,-2.738545195112928e-05
18238.95702319638,27.86286607350528,-85.5371813713447,1991.838873746482,-25520.43467064929,3.039768717455135e-06,3.894703532007225e-05,-0.22269383729135,3.419259517978871e-10,0.7062155177223045,0.05817577504605565,-0.7038152716939107,2.75883591465677e-05,2.272640766627302e-06,-2.749459336571228e-05
18281.00216142743,27.8410582829937,-85.6522568059727,1936.029661355479,-25464.55298200974,2.968497992419346e-06,3.904458486035172e-05,-0.2216951480517664,3.418881710048276e-10,0.7062577847719584,0.05677291287146389,-0.7039722259543221,2.765483359348697e-05,2.2230487110097e-06,-2.756533829852145e-05
18323.14422371211,27.79678602107142,-85.76828432485138,1875.355574173485,-25345.39651645781,2.903449314419226e-06,3.924006473909643e-05,-0.2201502695698994,3.427054742171184e-10,0.7063332839810528,0.05536057704715579,-0.7041604324076044,2.779203758385795e-05,2.178268068137491e-06,-2.770654257185305e-05
18365.38343348346,27.76695006226841,-85.79718283781189,1856.442446526229,-25262.9297893797,2.893178100364015e-06,3.937108600077164e-05,-0.2189292789625489,3.430334068495601e-10,0.7063933050640075,0.05501755241865924,-0.7042475206666419,2.788616527978985e-05,2.171918319493719e-06,-2.780145652344863e-05
18407.72001468956,27.7155060644735,-85.87256330427543,1812.906001865645,-25122.64417731926,2.85751764356487e-06,3.959852243625167e-05,-0.2172128325055152,3.441555553749732e-10,0.7064527616361451,0.05410301077622846,-0.7043780012523697,2.804692839405713e-05,2.147947253584836e-06,-2.796455819313413e-05
18450.15419179474,27.6842064875871,-85.91910229395576,1786.334513506165,-25037.70097241537,2.835103021670976e-06,3.973749661437316e-05,-0.2159805187529998,3.445289204574496e-10,0.7063813108448036,0.05353294597824897,-0.704349898846953,2.814087313766675e-05,2.132649630350216e-06,-2.805994558983358e-05
18492.68618978078,27.64792753421422,-85.97138717263923,1756.457344398692,-24939.5254473084,2.810039183517712e-06,3.989908661816397e-05,-0.2146388422196168,3.45089659692738e-10,0.706205869350167,0.05288455800073327,-0.7042229429872988,2.824645988093366e-05,2.115249406328469e-06,-2.816714781006806e-05
18535.31623414811,27.61439965717524,-85.96429561443492,1752.995863885503,-24846.49459926261,2.825492768778288e-06,4.004777892863907e-05,-0.2133463699256098,3.455850968466855e-10,0.706231167564794,0.05298115526268627,-0.7042410519324781,2.835298783134035e-05,2.127028824900281e-06,-2.827309086998054e-05
18578.04455091699,27.57420212671929,-86.01059112323206,1725.2571411371,-24738.03995522879,2.805537335604136e-06,4.022791330590761e-05,-0.2119265744297688,3.463018766220374e-10,0.706353054094226,0.05242870734492117,-0.7044046192880773,2.848381865291527e-05,2.114197402507852e-06,-2.84052476559419e-05
18620.87136662867,27.55125518597279,-86.07212218847128,1694.440028319849,-24677.98900105774,2.769261785520642e-06,4.033179737372672e-05,-0.2109258937325908,3.463461507588096e-10,0.7062851170380333,0.05167480752583591,-0.7043922066694067,2.855250482077817e-05,2.089022061206427e-06,-2.84759814294144e-05
18663.7969083467,27.51944156277661,-86.10601293352575,1673.960333138314,-24592.56944389869,2.755052104760057e-06,4.047515873978162e-05,-0.2097123650427623,3.467498047729205e-10,0.7064093446012742,0.05127475586796702,-0.7045459967600995,2.865787568241779e-05,2.080133269103233e-06,-2.858228269770773e-05
18706.82140365801,27.47586960597027,-86.07956739507827,1677.149413340115,-24472.69951683905,2.787231773961177e-06,4.067084610672394e-05,-0.2082102039070057,3.476468141172579e-10,0.7062755187392362,0.05159777549637275,-0.7043882295539889,2.879188024290722e-05,2.103424136155672e-06,-2.871494340627104e-05
18749.9450806742,27.44020943359244,-86.09309631823501,1664.785587407834,-24376.67114204177,2.788615435464845e-06,4.083238221553349e-05,-0.2069162171776347,3.482136032670148e-10,0.7063117819692862,0.05144171868648078,-0.704436003429133,2.890725130915718e-05,2.105357333413036e-06,-2.883048124380537e-05
18793.16816803268,27.40705431129184,-86.1333960869228,1641.636311761021,-24289.01502740403,2.769987227219637e-06,4.098365813770401e-05,-0.2056979839631453,3.486665047009336e-10,0.7062871908753964,0.05095210232814602,-0.7044469314739051,2.901194888833009e-05,2.092944354073561e-06,-2.893635710019195e-05
18836.490894898,27.35825306105458,-86.10372780725298,1645.24702087642,-24156.51533698273,2.806419889433519e-06,4.120556016263187e-05,-0.2041053636374134,3.497726486261865e-10,0.7062715473603256,0.05132338986086585,-0.7044042931895987,2.916940846393887e-05,2.119684600350746e-06,-2.909228982619183e-05
18879.91349096294,27.31648633759514,-86.12919601234239,1626.984400122137,-24046.03156232686,2.800998532229906e-06,4.139738469955542e-05,-0.2027045720691414,3.505715903762907e-10,0.7061860491295704,0.05101177805614726,-0.7043412060108243,2.930076778044063e-05,2.11655875209212e-06,-2.922422234332763e-05
18923.43618644976,27.27589734927714,-86.03353843021695,1659.525981772347,-23933.64675498016,2.883256540210477e-06,4.158226161887843e-05,-0.2012931557323592,3.514076848985016e-10,0.7064081776790005,0.05221174558299035,-0.7044760088994823,2.944424556320956e-05,2.176270755076072e-06,-2.936370961556435e-05
18967.05921211146,27.23535910904432,-85.96064938494627,1682.303278192029,-23822.92150530497,2.949537424712489e-06,4.176809226776312e-05,-0.1999010850368626,3.522290016881916e-10,0.7061822764002937,0.05309863424526416,-0.7041831739989167,2.956900419390055e-05,2.223326457146347e-06,-2.948529851440988e-05
19010.78279923299,27.18049004913696,-85.92623916218474,1686.278454829448,-23676.83799308792,2.992847242758755e-06,4.202221709108289e-05,-0.1982183397275975,3.535871137953786e-10,0.7061651256483134,0.05352796709960808,-0.7041334684703472,2.974945050190264e-05,2.255035755603612e-06,-2.966386048554882e-05
19054.60717963247,27.1471058625608,-85.78416220831302,1738.357916309356,-23582.6813768256,3.108847470985803e-06,4.217483561328993e-05,-0.196976000454887,3.541823770401881e-10,0.7061271325774879,0.05527861989617108,-0.7039600851926762,2.986125366898248e-05,2.337665294301215e-06,-2.976961188284354e-05
19098.53258566239,27.1048989267365,-85.62962115349168,1793.345030237423,-23465.18465900806,3.238072811313612e-06,4.236885550502679e-05,-0.1955438258041288,3.551371911139238e-10,0.7061403311900825,0.05718600381758052,-0.7038209490350618,3.000526053522674e-05,2.429943267258424e-06,-2.99067055274355e-05
19142.55925021086,27.06760797696575,-85.45485402854348,1856.979037105097,-23359.81872654195,3.38167778286784e-06,4.253972630865851e-05,-0.1942180547263461,3.559185826947799e-10,0.7061542291045422,0.05934151847675297,-0.7036564356751833,3.013402608358295e-05,2.532306388486077e-06,-3.002743665984311e-05
19186.68740670289,27.03009020365556,-85.32969486985112,1899.908262211063,-23256.62349011778,3.489398339183932e-06,4.271344306224601e-05,-0.1929153537356449,3.566756568122341e-10,0.705922378450091,0.0608662744252177,-0.7032934672199277,3.025247214503962e-05,2.608438729005983e-06,-3.013980952632945e-05
19230.91728910159,26.97984499108779,-85.03866455819961,2006.372062965771,-23112.56509086452,3.727818087929825e-06,4.294290166541763e-05,-0.1912794343839704,3.580733376453177e-10,0.7056568137835274,0.06442137117655714,-0.7027100581141927,3.04165600776189e-05,2.77681228098428e-06,-3.028954341867132e-05
19275.24913190936,26.96311467459063,-84.80132052485853,2097.829897059223,-23057.15743556064,3.913617882498701e-06,4.301440444999559e-05,-0.1903820051509767,3.581082833067111e-10,0.7054940207596637,0.0673240241837046,-0.7022743688155996,3.04713942400667e-05,2.9078302896465e-06,-3.033233241839777e-05
19319.68317016924,26.92504185744804,-84.49962499257484,2209.363927401318,-22943.547664277,4.15850782705052e-06,4.318479240060109e-05,-0.1890082249626357,3.590538267599026e-10,0.705324247059489,0.07101169379637526,-0.7017404312380789,3.059981752658906e-05,3.080774383529491e-06,-3.044433710656771e-05
19364.21963946607,26.92145902618895,-84.16861957103431,2340.362512812293,-22915.598634317,4.410768712602368e-06,4.318792705551493e-05,-0.1883438044220614,3.586649389998333e-10,0.7053523951969133,0.07507537309778786,-0.701345627892732,3.062080392488231e-05,3.259176965824253e-06,-3.044686188282018e-05
19408.85877592778,26.90878818251231,-83.80667394461595,2480.912379334589,-22861.98902192609,4.691363272344708e-06,4.32316338632559e-05,-0.1874710205148706,3.586791399868119e-10,0.7049321241349013,0.07946482529579854,-0.7004388918228713,3.065391607770707e-05,3.455521464192641e-06,-3.045852823610511e-05
19453.60081622662,26.91877096013141,-83.44231627123524,2628.436873399125,-22864.80740520072,4.962047744699795e-06,4.316491948739421e-05,-0.1870629070555652,3.578100906974726e-10,0.7046918628837291,0.08389670661969469,-0.6996799012640775,3.061792606888183e-05,3.645200542252198e-06,-3.040016298914001e-05
19498.44599758046,26.92935925181009,-83.05951419198857,2783.611449652369,-22867.03532237696,5.245665719026441e-06,4.309251684581908e-05,-0.1866508595538781,3.569523693493457e-10,0.7046015727941877,0.08856599271949178,-0.6990131910898777,3.058682530437049e-05,3.844658672101094e-06,-3.034423309123361e-05
19543.39455775394,26.96313536336381,-82.7058010085269,2934.936160803527,-22929.18023070701,5.492420483955706e-06,4.290951907620655e-05,-0.1867276620741462,3.551661795021932e-10,0.7043616554564547,0.09285586137183972,-0.698214244115838,3.047004086222173e-05,4.016859618037041e-06,-3.020410947130283e-05
19588.4467350599,27.0052294452687,-82.49082476569313,3034.61363154603,-23021.69013928562,5.627918567409391e-06,4.269545092698433e-05,-0.1870498377719405,3.529254095926035e-10,0.7043144627775945,0.09547642799859507,-0.6978130940117996,3.033077827347112e-05,4.111621329694126e-06,-3.005080166510823e-05
19633.60276836047,27.07013869316349,-82.35323806333237,3111.927679823043,-23178.49605801547,5.689843377937003e-06,4.237952352213327e-05,-0.1878907434662959,3.497316029269327e-10,0.7043378602002164,0.09716297471233765,-0.6976038830571897,3.011696227940133e-05,4.154616427312421e-06,-2.982902243253688e-05
19678.86289706845,27.11757042758493,-82.29920354780846,3150.21714354739,-23297.06948405747,5.69992120238787e-06,4.215311334257709e-05,-0.1884175822219613,3.471513325642952e-10,0.7043412480051378,0.09782922458073542,-0.6975141836976271,2.996001331486211e-05,4.161285285112379e-06,-2.966961581488075e-05
19724.22736114854,27.16353572880194,-82.42406092640431,3115.59441471853,-23425.32946320312,5.578973478510131e-06,4.19468243951063e-05,-0.1890191645716204,3.444565313385647e-10,0.7043576986725353,0.09631918638145723,-0.6977409132436511,2.980537774740635e-05,4.075812246863585e-06,-2.952538394659589e-05
19769.69640111861,27.19520852731423,-82.54628558032472,3076.696096454448,-23516.61333128692,5.469709551174559e-06,4.180752356323063e-05,-0.1893193087296628,3.423303099025666e-10,0.7043986540956115,0.09484401383827312,-0.6979842956190021,2.96997640942193e-05,3.998935574858776e-06,-2.942931364337957e-05
19815.27025805098,27.23690208477448,-82.6501724069014,3048.369734814226,-23633.15842252945,5.368561385118651e-06,4.162095570841749e-05,-0.1898199688844105,3.398586793115097e-10,0.7046217457544849,0.09361592484754645,-0.698375159355655,2.956962441456943e-05,3.928615251577889e-06,-2.930748488396385e-05
19860.94917357372,27.25185784266188,-82.90250569052635,2949.691421876986,-23689.98417703073,5.175659689642652e-06,4.156749931330397e-05,-0.1898387660424588,3.382636735404422e-10,0.7047391138623066,0.09056244664808745,-0.6988960307975296,2.952008068475909e-05,3.793475740844247e-06,-2.927532588099256e-05
19906.73338987186,27.24984800032039,-83.12690219337406,2856.710708399483,-23699.88218305503,5.013134532741089e-06,4.159003480626639e-05,-0.1894812838578448,3.373447413389837e-10,0.7050676391819586,0.08787354475567666,-0.699570308084679,2.953567536440135e-05,3.681071640210473e-06,-2.930538910867663e-05
19952.6231496888,27.24993336619802,-83.27171256941956,2797.11922623417,-23709.7143323144,4.907446861741614e-06,4.159785614485833e-05,-0.1891239165384351,3.36429298676188e-10,0.7049309411995909,0.08609652664597738,-0.6996534999269565,2.952659977070384e-05,3.606222305404158e-06,-2.930554989593837e-05
19998.61869632744,27.24473366542345,-83.4056060945281,2740.384852520746,-23704.76824785453,4.812541174689355e-06,4.162925259360269e-05,-0.1886495811926592,3.357255684853458e-10,0.7050412365766504,0.08448258310767764,-0.6999613120915946,2.954544217656037e-05,3.540325224456538e-06,-2.933256297553197e-05
20044.72027365162,27.23480242253214,-83.5619303147361,2673.049766757361,-23688.67653676695,4.703600903696416e-06,4.168350389557979e-05,-0.1880879311190625,3.351809548663126e-10,0.7050243658258619,0.08257864445125675,-0.7001714960556105,2.957401827007492e-05,3.463968705335067e-06,-2.937045245560893e-05
20090.92812608728,27.23062816385697,-83.69177253004078,2618.390674987603,-23685.90225654281,4.610833616892413e-06,4.170949561276317e-05,-0.1876333637780239,3.344492288135913e-10,0.7051583917783479,0.08101524655757027,-0.7004890344042811,2.959059212958256e-05,3.399646299488651e-06,-2.939465168389798e-05
20137.24249862388,27.22368172067177,-83.74587021892265,2594.124062184532,-23671.01185591639,4.574801290190494e-06,4.174440889591409e-05,-0.1870841325525777,3.338899204705785e-10,0.7052212041833782,0.08036912547836866,-0.7006266841190794,2.961491956418521e-05,3.375005136497419e-06,-2.942197819864899e-05
20183.66363681561,27.21170438374494,-83.8734063948425,2538.283248860784,-23647.43235513891,4.487422342146535e-06,4.180621541448358e-05,-0.1864679187323875,3.334541600042644e-10,0.7052728075025015,0.07882331960887227,-0.700854205443827,2.965377541242638e-05,3.314191320122762e-06,-2.946799165372907e-05
20230.19178678272,27.21352179686667,-84.00104091335675,2486.329305257831,-23659.97798279882,4.392991195978424e-06,4.180382492201702e-05,-0.1861377533686101,3.325108303748265e-10,0.7053421538883959,0.07727765961626923,-0.7010960828418268,2.964797797897175e-05,3.248248155790986e-06,-2.9469500880741e-05
20276.82719521282,27.22160644044367,-84.12560413763634,2437.290874985558,-23688.70332403045,4.297852478983857e-06,4.177201553987711e-05,-0.1859351166314108,3.313437955180855e-10,0.7055276478025385,0.07578140343566697,-0.7014459642104326,2.962650900999915e-05,3.182211836304298e-06,-2.945511099874596e-05
20323.57010936222,27.22928789558577,-84.23564401047362,2394.020813176404,-23715.4305804939,4.213690473626644e-06,4.17412761681023e-05,-0.1857167802766887,3.302091608016379e-10,0.7054319027694835,0.07443222817371939,-0.7014941288806839,2.959489453469738e-05,3.122645763730901e-06,-2.942969360958613e-05
20370.42077705718,27.20964386674655,-84.42177118363823,2312.232307817982,-23674.59464343486,4.086422887487409e-06,4.184026193034871e-05,-0.1849705906636603,3.300179634294052e-10,0.7054680547245795,0.07216496582287592,-0.7017673360485407,2.965702572244733e-05,3.033728080719565e-06,-2.950145197501567e-05
20417.37944669529,27.18833485096586,-84.63842962934808,2217.791117910185,-23630.94057673165,3.936861069367334e-06,4.194792252425067e-05,-0.1842048835168428,3.298671920023166e-10,0.705786079012366,0.06955040704513014,-0.7023508597613493,2.973596973996455e-05,2.930277120498393e-06,-2.959123810139027e-05
20464.44636724674,27.18178905265594,-84.79995954138317,2149.851371531696,-23622.70483526911,3.820911609822383e-06,4.198442197247324e-05,-0.1837171734951615,3.292232578159932e-10,0.7057187987223321,0.06757190555442959,-0.7024763771471855,2.975125092227242e-05,2.848654054682349e-06,-2.961455894516677e-05
20511.62178825566,27.159803139504,-84.89259383344391,2106.653238667982,-23570.17645859529,3.761939858170187e-06,4.209026177452879e-05,-0.1828870545517543,3.291980831555742e-10,0.7057798407394071,0.06645014150393173,-0.702644691354208,2.982448042948629e-05,2.808015800995874e-06,-2.96919969040509e-05
20558.90595984141,27.15400771519835,-85.14407726016572,2002.258459377053,-23568.36348402428,3.578805185105069e-06,4.212572110561048e-05,-0.1824523910171105,3.284662135908896e-10,0.7060779788146605,0.06340056910140615,-0.7032257674492695,2.985079083928554e-05,2.680379765581848e-06,-2.973020817355696e-05
20606.29913270001,27.11153879282821,-85.37072899624746,1900.356995193408,-23469.22529674904,3.427674098240366e-06,4.233144396495199e-05,-0.1812670578283284,3.290950708848167e-10,0.7059443494615816,0.06061514312372886,-0.7033372085712695,2.998104858914678e-05,2.574290101785851e-06,-2.987032482208099e-05
20653.80155810529,27.0803405670153,-85.45400397150841,1859.914125176614,-23392.34721659896,3.377601622958239e-06,4.248047200355804e-05,-0.1802577447822249,3.294172444346917e-10,0.7060999691751046,0.05961436133708532,-0.7035789183819077,3.008971810822003e-05,2.540404200739502e-06,-2.998228614247102e-05
20701.41348791042,27.05521009399682,-85.56195929400509,1810.928335108906,-23332.58389882773,3.306490649261628e-06,4.260189041657836e-05,-0.1793836959381287,3.295014237687657e-10,0.7060953366388378,0.05829661935089002,-0.7036846798072068,3.017105484373893e-05,2.490981611651577e-06,-3.006804883916341e-05
20749.1351745491,27.0236576423348,-85.69525380310654,1750.682740804793,-23257.56710572328,3.218289158658534e-06,4.275450618694856e-05,-0.1783957132684575,3.298039470577979e-10,0.7061142867875272,0.05666934496973614,-0.7038366084157311,3.027456496765566e-05,2.429691337596473e-06,-3.017690978189801e-05
20796.96687103696,26.98321635083263,-85.83150530365562,1687.962026928046,-23160.0153783274,3.130287117367271e-06,4.29497207995524e-05,-0.1772388710528022,3.304313830917126e-10,0.7062430944530853,0.0550139243734351,-0.7040971357616104,3.041298477546769e-05,2.369067616446842e-06,-3.032057323965911e-05
20844.90883097289,26.95133082192828,-85.90814127408224,1651.235016601988,-23081.9059323589,3.083533260280491e-06,4.310338863789363e-05,-0.1762348521121167,3.307870240039924e-10,0.7062797520409261,0.05408339336008105,-0.704205988831145,3.052043235997567e-05,2.337103030455646e-06,-3.043081893188031e-05
20892.96130854039,26.9225001800956,-85.8710486442663,1660.819207538305,-23006.60420951222,3.121475909391295e-06,4.324044451734004e-05,-0.175255902197355,3.311064267110856e-10,0.706258085955218,0.05454609907847655,-0.7041485688776546,3.061796145874334e-05,2.364702638484888e-06,-3.05265088950675e-05
20941.12455850892,26.88568769311182,-85.90319182221248,1641.247407331287,-22914.48176810227,3.109794446516506e-06,4.341778566043115e-05,-0.1741526837106146,3.316729793099667e-10,0.7061668559661202,0.05415257937671874,-0.7040874424472597,3.073832105298653e-05,2.357175725065152e-06,-3.0647807486958e-05
20989.39883623524,26.85404821083638,-85.85713975321011,1653.80267163781,-22832.22569441846,3.155837378174234e-06,4.356915882957061e-05,-0.1731284258977027,3.321022996490784e-10,0.7063264831609343,0.05473938341826511,-0.7042021731842936,3.085424492384484e-05,2.391163836033857e-06,-3.076144933727682e-05
21037.78439766475,26.82142687561776,-85.92353836504392,1621.556710709283,-22752.95195289259,3.11642292180694e-06,4.372823999091018e-05,-0.172130520247998,3.324929046179554e-10,0.7061570438242092,0.05391888294195119,-0.7040955365607982,3.095689264197778e-05,2.363725017270904e-06,-3.086651917676604e-05
21086.2814993329,26.78536219621788,-85.87309978275991,1634.98265543156,-22659.99756158858,3.167658446464537e-06,4.390207592378741e-05,-0.1710330302899169,3.330889863105101e-10,0.7061772178556068,0.05454882187299606,-0.7040672475343199,3.108280579305442e-05,2.40099849392896e-06,-3.098993420775346e-05
21134.89039836646,26.77075453193824,-85.75892683074856,1677.272588854024,-22618.11071232591,3.260688378702855e-06,4.397055746215043e-05,-0.1703242389913056,3.329383371213025e-10,0.7059438968700501,0.05594180518739474,-0.7037238804818602,3.112554011827333e-05,2.466511729004166e-06,-3.102765810603383e-05
21183.61135248502,26.76306220742756,-85.77152769284403,1670.890218683472,-22599.43520395015,3.253757539030606e-06,4.400832672934351e-05,-0.1697921928392878,3.324470978591608e-10,0.7061529425697565,0.0558121670148236,-0.7039438758260741,3.11609913456684e-05,2.462869370766825e-06,-3.106351004164467e-05
21232.44462000219,26.75357323938385,-85.69887549083157,1697.666190546396,-22572.31209967215,3.3132218378804e-06,4.40528755279125e-05,-0.1691983712648653,3.320810435780249e-10,0.7061483924906424,0.05671300139737118,-0.703867308297253,3.119528167530721e-05,2.505391320092157e-06,-3.109451098079795e-05
21281.39045982712,26.74037679871256,-85.67186908853421,1705.776065961214,-22538.08880044239,3.338929619607801e-06,4.41166304105354e-05,-0.1685532835462872,3.318203720663839e-10,0.7062251060001106,0.05705961088923941,-0.7039162600409483,3.124493150907422e-05,2.524441030234957e-06,-3.114278315262792e-05
21330.44913146576,26.72594434971762,-85.6837265001723,1698.411353934251,-22502.66309819384,3.335093805879918e-06,4.418746503357052e-05,-0.1679012965332263,3.315783862134856e-10,0.7059772466836934,0.05690262625041914,-0.7036802995401347,3.12836242270882e-05,2.521498228894229e-06,-3.118184073244143e-05
21379.62089502233,26.73605184502286,-85.70718966307648,1691.116032800418,-22528.93315958246,3.313232652135234e-06,4.413866080998245e-05,-0.1677106948032586,3.3043002643017e-10,0.7060614255865576,0.05662989700006479,-0.7037867514148616,3.125183272708768e-05,2.506563882778308e-06,-3.115115064172461e-05
21428.90601120058,26.7229396523771,-85.73350888540837,1678.362862772384,-22497.48114558609,3.297673884917833e-06,4.420340660283783e-05,-0.1670913731930702,3.301309450448921e-10,0.7062330735038661,0.0563290012281512,-0.7039830947766829,3.13042056562514e-05,2.496816851282214e-06,-3.120447399620822e-05
21478.30474130534,26.71939938656227,-85.86117561604003,1627.750612643663,-22494.54374141793,3.200113216494576e-06,4.422365819848435e-05,-0.1666853074376269,3.294146752689527e-10,0.7063510763260806,0.05477812814954845,-0.7042238278441338,3.131865006967347e-05,2.428788012769244e-06,-3.122433075304716e-05
21527.81734724373,26.71225378772057,-85.93158192654505,1598.928606746644,-22479.95102724416,3.148087394387929e-06,4.426016906365782e-05,-0.1661940580756421,3.288703881240437e-10,0.7062262161632615,0.05391194490021112,-0.7041654426293259,3.133620105370668e-05,2.392145046338562e-06,-3.124476177786615e-05
21577.44409152667,26.6995269400943,-86.06033647467761,1546.381598272653,-22454.06505883579,3.052613190465362e-06,4.432513634069001e-05,-0.1656208877873578,3.284922705241661e-10,0.7062784661654803,0.05234206350835811,-0.7043362692327796,3.137958123691771e-05,2.325530385891164e-06,-3.129329044745238e-05
21627.1852372702,26.67837993409972,-86.15083656261196,1507.487213127682,-22405.56354489789,2.989374644678557e-06,4.443064125359118e-05,-0.1648830465827261,3.284462138169669e-10,0.706385976482427,0.05124607897365222,-0.7045246533378786,3.1455675855889e-05,2.282010264568999e-06,-3.137279032383253e-05
21677.04104819695,26.65975915808504,-86.31078969373529,1442.136546726609,-22366.33557222285,2.870879151757635e-06,4.452494227488882e-05,-0.1642158105092231,3.282655403669752e-10,0.706332503767646,0.04928414365323908,-0.7046110125899527,3.151425348234491e-05,2.198897810116069e-06,-3.143744615852495e-05
21727.01178863744,26.63691541360365,-86.44564465069115,1386.128641319808,-22315.55622601254,2.772781880290802e-06,4.463955805226167e-05,-0.1634661552065071,3.282558052065213e-10,0.7065720970900208,0.04765059137193366,-0.7049635093592397,3.160138419710913e-05,2.131169135273791e-06,-3.152944023115785e-05
21777.09772353159,26.61388235190067,-86.39125867837616,1403.671138177483,-22256.52875906224,2.822451621568291e-06,4.475263042599774e-05,-0.1626587993056605,3.283694164176686e-10,0.7065311236855544,0.0483257931331743,-0.7048764760257089,3.16814736407505e-05,2.1669708382138e-06,-3.160727779224115e-05
21827.29911843002,26.58067910532658,-86.47632950035722,1365.692285404899,-22178.50069490866,2.765953409542662e-06,4.491839067351802e-05,-0.1617157485591667,3.287667949745753e-10,0.7066295418327729,0.0472946360088904,-0.7050450530253944,3.180030389394775e-05,2.128390774231575e-06,-3.172899747013124e-05
21877.61623949553,26.57121004155565,-86.61129710928985,1312.207910580811,-22160.77720288442,2.66264103758609e-06,4.496710797840332e-05,-0.1612148780738723,3.282729849233993e-10,0.7067782362536099,0.04565219443012664,-0.7053023127606187,3.183696066166985e-05,2.056411818641964e-06,-3.177047740599539e-05
21928.04935350448,26.5429718109872,-86.64498379322752,1295.164144904182,-22093.06924466528,2.644373148297849e-06,4.510804233111323e-05,-0.160352666198193,3.285217124078752e-10,0.7065883493114883,0.04523428352989328,-0.7051389614652356,3.192705444784001e-05,2.043902131382701e-06,-3.186156414541932e-05
21978.59872784825,26.52880725147551,-86.68501792528112,1277.764896772494,-22060.09740302661,2.616866096334715e-06,4.517914142236788e-05,-0.1597451043287735,3.282560248838149e-10,0.706647290595248,0.04475425518718739,-0.7052286508276907,3.197874084391598e-05,2.025316940064941e-06,-3.191454147022367e-05
22029.26463053456,26.50875383176632,-86.70326019644007,1267.946405017768,-22011.98505443762,2.608217780796753e-06,4.527955644056744e-05,-0.1590301032483289,3.282168872381686e-10,0.7066006653650027,0.04453574928975036,-0.7051957652520787,3.204711038755928e-05,2.019870831771771e-06,-3.198339265955642e-05
22080.04733018899,26.48619450912075,-86.72861244444873,1255.099123028602,-21958.18134126443,2.594589867663093e-06,4.539280904194779e-05,-0.1582765222152513,3.282643832645716e-10,0.7065110770886098,0.04422709313786786,-0.7051254259218582,3.212237497722473e-05,2.010837927384759e-06,-3.205937468209922e-05
22130.94709605638,26.4682441656049,-86.73038234674861,1251.937110399079,-21914.74357998656,2.598332262928618e-06,4.548294383536216e-05,-0.1576001131902645,3.281585606979276e-10,0.7067150653530917,0.0442270883050063,-0.7053298152333317,3.21953930421023e-05,2.014826852992054e-06,-3.213228603582246e-05
22181.96419800219,26.46042490981344,-86.85263915612974,1204.248317707107,-21900.54926115342,2.503196192267109e-06,4.55233116899491e-05,-0.1571357991666964,3.276160159299726e-10,0.7066910171552765,0.04272954901182662,-0.7053980290369439,3.221901478570827e-05,1.948098869206646e-06,-3.216006568024207e-05
22233.09890651403,26.43767619094948,-86.9484972853369,1164.764483552096,-21849.22788490757,2.432951621589058e-06,4.563850904085121e-05,-0.1564070143908494,3.27630283259893e-10,0.7068084558101472,0.04156529397696293,-0.7055852319467389,3.230298433667542e-05,1.899642016517973e-06,-3.224707982538228e-05
22284.35149270303,26.42478730337601,-87.08989738790059,1109.383546211048,-21823.39801498344,2.323358012453555e-06,4.570427135885159e-05,-0.1558628111876533,3.272636412923537e-10,0.7067935686759651,0.03983209902956929,-0.705670286046256,3.234469046976971e-05,1.822819237427569e-06,-3.229328616930886e-05
22335.72222830532,26.40970755460756,-87.08741563005798,1108.479083155779,-21786.993590791,2.329218016853641e-06,4.578043805776856e-05,-0.155244934085524,3.270565310020196e-10,0.7067726451680264,0.03987058613042953,-0.7056471556801068,3.239770318881121e-05,1.827625084599163e-06,-3.234611195275951e-05
22387.2113856834,26.38262515322581,-87.27328059605958,1034.852418666845,-21728.640853144,2.186901996285693e-06,4.591805285581819e-05,-0.1544730399364475,3.271806192083264e-10,0.7067502120793749,0.0375892229846183,-0.7057498937935833,3.248886487298572e-05,1.72795305237296e-06,-3.244288086751731e-05
22438.81923782766,26.37045256571759,-87.37498589052159,995.0232874038368,-21703.02252598478,2.108049904141565e-06,4.59798832194729e-05,-0.1539360551210372,3.268134416177768e-10,0.707013327855836,0.03635906970995311,-0.706077802947813,3.254202165681918e-05,1.67351531761273e-06,-3.249896182948932e-05
22490.54605835781,26.33450396959628,-87.40332816409563,980.4127249442399,-21618.07517245078,2.093546306751923e-06,4.616264179857906e-05,-0.152980879828355,3.273430382049174e-10,0.7069052587358144,0.03601345710381384,-0.7059873056477578,3.266563494507446e-05,1.66415856768004e-06,-3.262321692639287e-05
22542.39212152429,26.32537485577719,-87.5978624231338,906.2361926027748,-21602.87721509266,1.938450051976513e-06,4.620881267185706e-05,-0.1525217321770547,3.268199313314347e-10,0.7071950563656193,0.03363921753221097,-0.706394543291348,3.270686106634569e-05,1.555770510983019e-06,-3.266983836706871e-05
22594.35770220978,26.29410387933461,-87.70317352531789,863.6172993136896,-21531.93491262567,1.859760956378715e-06,4.636805202676214e-05,-0.1516712234462931,3.271425791613574e-10,0.7071333431817283,0.03234718438906317,-0.7063931091831713,3.281423046852712e-05,1.501057719573375e-06,-3.277988021582938e-05
22646.44307593059,26.26437291098234,-87.80041163124842,824.4309457863924,-21464.5642162959,1.786775194984693e-06,4.651978568835836e-05,-0.150848920728207,3.274146109438554e-10,0.7072202309952451,0.03116136759566425,-0.7065333851266589,3.292346001642427e-05,1.450665570821105e-06,-3.289148505091738e-05
22698.64851883821,26.2446895271192,-87.90148614236261,784.923177571665,-21421.19461910661,1.708272145654811e-06,4.662014212356405e-05,-0.150197885470356,3.273229410263745e-10,0.7072941648459063,0.02992732593480104,-0.7066607324504881,3.299574779727198e-05,1.396129853561829e-06,-3.296619775062287e-05
22750.97430772071,26.20917542626774,-87.93554549470751,769.1932024497646,-21338.54250870729,1.68710448071494e-06,4.680274157872246e-05,-0.1492742452565997,3.278350466672274e-10,0.7072046256813999,0.02951279505695447,-0.7065885489541244,3.312007242796337e-05,1.382154293598083e-06,-3.309122009147182e-05
22803.42072000419,26.1816320493916,-88.10107825384196,705.4915238056142,-21278.85774271917,1.556388640386198e-06,4.694340237075213e-05,-0.1485143582046924,3.279984719682992e-10,0.7073633308884562,0.02748674785753466,-0.7068290886613452,3.322374237850818e-05,1.291009287256576e-06,-3.319864986191002e-05
22855.9880337543,26.1472328868084,-88.16155394386769,680.4808339208835,-21200.1316165922,1.512486717075466e-06,4.712097074886222e-05,-0.1476245846819861,3.284593086837689e-10,0.7073389962988591,0.02674908355948934,-0.7068330370135545,3.334711649502281e-05,1.261071155783567e-06,-3.332326331667823e-05
22908.67652767772,26.11112212416179,-88.20819316725371,660.6156089140541,-21117.3132985839,1.479948820637884e-06,4.730821144637211e-05,-0.1467096884549072,3.289890690950434e-10,0.7073556698677564,0.02618367482656552,-0.7068708926435145,3.347954815314472e-05,1.239288295160158e-06,-3.345660337004065e-05
22961.48648112362,26.08292750400695,-88.25993431271509,639.5832003780732,-21053.31495395386,1.441635435412111e-06,4.745466243104921e-05,-0.1459286682570347,3.292301835785442e-10,0.7075619102602212,0.02556214567959349,-0.7071000166591347,3.359204389056538e-05,1.213582454276165e-06,-3.357011513790716e-05
23014.41817408509,26.0568265437745,-88.29676707708433,624.2707954854296,-20993.92556204114,1.4151480313967e-06,4.759074530678535e-05,-0.1451823375602227,3.294021872970269e-10,0.7073851540216629,0.0251107018364693,-0.7069393246831949,3.367930470861963e-05,1.19554527514419e-06,-3.365807833419979e-05
23067.47188720069,26.01923670753143,-88.4310801370533,572.743784628103,-20910.94644110063,1.308842301295752e-06,4.778599436048672e-05,-0.1442759096924563,3.299487154912976e-10,0.7074391281209272,0.02346463112954789,-0.7070498787797449,3.381779302175837e-05,1.121682427969006e-06,-3.379918569127479e-05
23120.64790175594,25.98852700377315,-88.42612076425709,572.6123196708271,-20840.23732370356,1.317430221025082e-06,4.794790038636453e-05,-0.1434573459779097,3.303067671237122e-10,0.7076077675515619,0.023540881490559,-0.7072160770216926,3.394053948137685e-05,1.129142802405021e-06,-3.392175197154e-05
23173.94649968479,25.9539189318471,-88.46450557825617,556.5444217451561,-20762.05009648711,1.290171408091346e-06,4.813021631562327e-05,-0.1425904259174169,3.307881148365518e-10,0.7076297273531807,0.02307726301752837,-0.7072533287058865,3.407002932548115e-05,1.11109383533094e-06,-3.405190697638291e-05
23227.36796357108,25.92088256066802,-88.52426233661546,532.9760248610845,-20688.31371096127,1.244426772662785e-06,4.830440819524106e-05,-0.1417572320935968,3.312035922775604e-10,0.7075329607601163,0.02234604937499466,-0.7071799945129292,3.418771914456636e-05,1.079752467223849e-06,-3.41706639519526e-05
23280.91257665008,25.89400027519697,-88.5114435103368,536.0110442365121,-20626.86958052283,1.258965773896635e-06,4.84477383511699e-05,-0.1410111499471313,3.31426178319439e-10,0.7075707212532915,0.02251497510782478,-0.7072124160892518,3.429118767645165e-05,1.09114921485944e-06,-3.427382303818092e-05
23334.58062281002,25.86555951108924,-88.51239733642872,533.994678807185,-20562.45724039758,1.262101001300875e-06,4.859954396976856e-05,-0.1402475049723396,3.316997311098198e-10,0.707473743119355,0.02250964558709837,-0.7071155584901624,3.43939031227845e-05,1.094308555166073e-06,-3.437648994306393e-05
23388.37238659355,25.84186591497946,-88.59547621009303,502.9016187864599,-20511.1288449876,1.194656108165759e-06,4.872472953888825e-05,-0.1395756613634966,3.317650009803902e-10,0.7076914005671365,0.02150046785022233,-0.7073647208610964,3.449184037455379e-05,1.047901252542833e-06,-3.447591848506169e-05
23442.28815319923,25.80657274424631,-88.58393368197665,505.0646190146366,-20431.37269835591,1.209167723764258e-06,4.891444676376011e-05,-0.1387131639132405,3.322940658044908e-10,0.7077230657227706,0.02165351374675244,-0.7073917324216167,3.462785796658986e-05,1.059474863567414e-06,-3.461164631114489e-05
23496.32820848307,25.77829518729877,-88.66349819003584,475.2442250453204,-20370.00568016872,1.144717227277973e-06,4.906508105304308e-05,-0.1379784562950715,3.325285828871738e-10,0.7075766233028709,0.02067648360165613,-0.7072744593653607,3.472614740248699e-05,1.014751750792193e-06,-3.471131792806948e-05
23550.49283896009,25.75607634852792,-88.64642024001949,480.1344351184255,-20319.86552572298,1.162194423969749e-06,4.918546282560545e-05,-0.1373222659710679,3.325824299872001e-10,0.7075592656898021,0.02089640305187192,-0.7072506308254419,3.481073529395868e-05,1.028068164050428e-06,-3.479555097359613e-05
23604.78233180577,25.72400744521215,-88.6663609462606,471.4058761657934,-20248.87397247406,1.149100250154536e-06,4.935871045216729e-05,-0.1365277738834176,3.329808474513326e-10,0.7077235004737573,0.02066469235601955,-0.7074217438082177,3.494117082335275e-05,1.02024101946645e-06,-3.492627272940695e-05
23659.19697485759,25.69097380794254,-88.67375029308204,467.0985123884844,-20175.68275878347,1.146883450838038e-06,4.953806542240135e-05,-0.1357214128918527,3.334201873336178e-10,0.7075839210395551,0.02057906237298878,-0.7072846014904891,3.506111264696227e-05,1.01970211952836e-06,-3.504628122398163e-05
23713.73705661656,25.66388776208095,-88.72172146848531,448.8867318808639,-20116.9363577874,1.10865622426155e-06,4.968462002136812e-05,-0.1350149853463775,3.33624771742376e-10,0.7074995705476653,0.0199941792420371,-0.7072169929530597,3.515997423879301e-05,9.936328675530589e-07,-3.514593123246426e-05
23768.40286624876,25.62503101878697,-88.76470593875628,431.9627593048873,-20032.32175150083,1.075924614580638e-06,4.989612552323329e-05,-0.1341378739791545,3.342634140386373e-10,0.7077188661781098,0.01947934756985856,-0.7074507393187753,3.532000920008018e-05,9.721525993710251e-07,-3.530662783695555e-05
23823.1946935869,25.60152204845243,-88.75539253403933,434.092973221581,-19980.4225793741,1.086847153284139e-06,5.002537875848592e-05,-0.1334826440984568,3.343608822286149e-10,0.7074881855977262,0.01959768522809516,-0.7072167019337589,3.540008306696464e-05,9.805954348321268e-07,-3.538649903199217e-05
23878.11282913178,25.57480090876974,-88.74134791228299,437.6987760388147,-19921.51652978309,1.102353645873868e-06,5.017276168027364e-05,-0.1327830156549757,3.3457827331542e-10,0.7075014810198791,0.01978116400303782,-0.7072248943554004,3.550523191710858e-05,9.926973078639871e-07,-3.549135170069781e-05
23933.15756405388,25.5461953563821,-88.80855359872838,413.0560934495635,-19860.6999680178,1.046723854529189e-06,5.032892324758731e-05,-0.1320731944673527,3.348309391551917e-10,0.7075823438061885,0.01896354506776903,-0.7073281821225008,3.561891538388767e-05,9.546039596098497e-07,-3.56061211648341e-05
23988.3291901949,25.51203656208367,-88.77534767733479,422.9647068679143,-19785.53547003213,1.079966012319962e-06,5.051888608251797e-05,-0.1312707419849301,3.353299338472087e-10,0.7077308166898056,0.01938734068778813,-0.7074652216989008,3.576129261136217e-05,9.796328589094564e-07,-3.574787222615091e-05
24043.62800006933,25.48770946634155,-88.77498315870106,421.9619589703402,-19732.75345164,1.083176867940481e-06,5.065400239335681e-05,-0.1306194411522716,3.354535884042583e-10,0.7076860647921481,0.0194004371143296,-0.7074200939616921,3.585467323735443e-05,9.829165331953117e-07,-3.584119791589325e-05
24099.05428686596,25.46217346892519,-88.78467043162891,417.4573909762136,-19677.75650129305,1.077619829564727e-06,5.079594005403025e-05,-0.1299558139858755,3.356174624728394e-10,0.7075921387934982,0.01928811399288811,-0.7073292045016625,3.595023712444496e-05,9.799603948539854e-07,-3.59368783692788e-05
24154.6083444494,25.43130759124159,-88.76534596808895,422.6527371516272,-19610.73226264725,1.098485641937374e-06,5.096881180416392e-05,-0.1292153005647571,3.359899763228059e-10,0.7075435131542932,0.01953520083375301,-0.7072737793352051,3.607036329058407e-05,9.958988781999216e-07,-3.605661233864206e-05
24210.29046736178,25.41131525758554,-88.83016616027821,399.6116359544064,-19569.34202155856,1.043048782157885e-06,5.107903906368397e-05,-0.1286460201700498,3.359262237896033e-10,0.7075368374987744,0.01874474261805398,-0.707288492089296,3.61471681976829e-05,9.576453526184716e-07,-3.613448054269199e-05
24266.10095082416,25.38167556693816,-88.78043354491108,415.2266132734351,-19504.58649917254,1.090975267120578e-06,5.124676691182729e-05,-0.1279254281764341,3.362663299887405e-10,0.7076572159197891,0.01937186620421287,-0.7073920172316854,3.627268804926625e-05,9.929520168097634e-07,-3.625909464688406e-05
24322.04009073816,25.35364305000986,-88.82389466395034,399.2174101393238,-19445.7582222621,1.05530186331964e-06,5.14034317252213e-05,-0.1272462561403891,3.365078888501511e-10,0.7076203062171936,0.01884422811452971,-0.7073693468321075,3.63810982734407e-05,9.688440381068047e-07,-3.636819562215831e-05
24378.10818368753,25.32923651489678,-88.86350997945702,384.7544144152126,-19394.72627863666,1.022457862613731e-06,5.154012438550759e-05,-0.1266204306708589,3.366173346762212e-10,0.7078099838455353,0.01837001652000609,-0.7075715622638262,3.648710889855274e-05,9.469614847647406e-07,-3.647481843301237e-05
24434.30552693972,25.29093700439319,-88.85015538564787,387.6387755051545,-19313.11741662227,1.038837284877934e-06,5.175742915157835e-05,-0.1257976454448708,3.372622637970439e-10,0.7075563463772998,0.01853827589637241,-0.7073134493458918,3.662798399467701e-05,9.596686911195512e-07,-3.661540997336504e-05
24490.63241844745,25.26311921271871,-88.86299570398813,382.147595226702,-19254.6063330553,1.030364307043762e-06,5.191517455445371e-05,-0.125128078476486,3.375091007886907e-10,0.707630372186356,0.01839168916584103,-0.7073913269260713,3.674329435573636e-05,9.549777331232727e-07,-3.673088207001741e-05
24547.08915685031,25.24577642205374,-88.84357483446607,387.9288007927473,-19217.55548980272,1.049974629924017e-06,5.201455955890737e-05,-0.1246000668674536,3.373820617563866e-10,0.7075441870382367,0.01863922056066216,-0.7072986328761638,3.680939757438123e-05,9.696899397421193e-07,-3.679662282342805e-05
24603.67604147628,25.21545332291701,-88.85191767727848,383.8553322400236,-19153.98088467823,1.045863704411071e-06,5.218750846931619e-05,-0.1239022466620521,3.377233448902265e-10,0.70772103394955,0.0185509148689957,-0.7074778621639997,3.694090865208255e-05,9.68301942029013e-07,-3.692821581650771e-05
24660.39337234339,25.18777741536296,-88.89691768127972,367.7096807387757,-19097.04230907868,1.007887037097625e-06,5.234472302049345e-05,-0.1232498053065774,3.379512221737283e-10,0.7077117078522718,0.01800509472407918,-0.7074826344124329,3.705112964170195e-05,9.426283208702181e-07,-3.70391368632545e-05
24717.24145016131,25.17287755359565,-88.82949736949681,389.5202962843147,-19064.25800567941,1.071294839909093e-06,5.24322902375097e-05,-0.122755239661395,3.377537851212298e-10,0.7076361985047908,0.01884566789956092,-0.7073852064015271,3.711001571854101e-05,9.88308729057159e-07,-3.709685313455078e-05
24774.22057633286,25.14236038324354,-88.83230111243839,387.2910481377924,-19000.67766749448,1.072306355656525e-06,5.260784498532063e-05,-0.1220644566217533,3.381045701173466e-10,0.7075180242645609,0.01881802882588932,-0.7072677261478398,3.722800959221669e-05,9.901624179327758e-07,-3.721483946739917e-05
24831.33105295571,25.11575044740806,-88.87206391375695,373.0290803314991,-18946.31364239912,1.038783217270052e-06,5.27602636860613e-05,-0.1214352731686651,3.382948677507969e-10,0.707749753129935,0.01834333368239716,-0.7075120035482793,3.734757461543882e-05,9.679678733472434e-07,-3.73350286976177e-05
24888.5731828239,25.09522289910175,-88.87604407283258,370.8792279467712,-18903.84500815601,1.037444995892357e-06,5.287893720931402e-05,-0.1208844056423211,3.382750631309121e-10,0.7075523271603921,0.01829924717371811,-0.7073156531725857,3.742108447368707e-05,9.67812058566455e-07,-3.740856724075538e-05
24945.94726942955,25.05812145994074,-88.85270198975728,377.0371190496493,-18826.62400356105,1.063322640687235e-06,5.309497272085856e-05,-0.1201137098357937,3.388813608820174e-10,0.7075727234174257,0.01859812811138568,-0.7073282608203247,3.757535052364272e-05,9.876457355418176e-07,-3.756236844071049e-05
25003.45361696432,25.04565970515991,-88.88738713194201,365.152821731006,-18801.76503425681,1.032556063649079e-06,5.316644248124844e-05,-0.1196792207146957,3.385489807587409e-10,0.7076232536216879,0.01818144035990705,-0.7073896410696037,3.762816402024757e-05,9.668057352347634e-07,-3.761574157457182e-05
25061.09253032114,25.01291765567337,-88.8447067944399,377.786429445931,-18733.45595335196,1.076053741154343e-06,5.335873337991227e-05,-0.1189701571295405,3.390019747868926e-10,0.7077360568977011,0.01872159920935264,-0.7074883942201105,3.777083004344276e-05,9.991441512497678e-07,-3.775761265143311e-05
25118.86431509579,24.98821303169295,-88.91472577648419,353.9570608270033,-18684.51291297862,1.013517358640368e-06,5.350106063938485e-05,-0.1183864267134784,3.391082463268591e-10,0.7077493367668751,0.01786758838662384,-0.7075237614237404,3.787138077472407e-05,9.560874283641426e-07,-3.785931032934255e-05
25176.76927758856,24.96467857696862,-88.92209413332507,350.6519729679544,-18636.60681753095,1.00922705065037e-06,5.363884758266064e-05,-0.1178113071128029,3.391980046116864e-10,0.7077105999559543,0.01778591177155842,-0.7074870702934939,3.796674115345617e-05,9.541655988351654e-07,-3.795474939745409e-05
25234.80772480576,24.93530068619899,-88.88782939886136,360.6241027606029,-18575.96657833142,1.0446919796142e-06,5.381271842178245e-05,-0.1171578930139855,3.395226177035779e-10,0.7075635192430084,0.01821553139980645,-0.7073290098528222,3.808232645832591e-05,9.803922821253756e-07,-3.80697047460531e-05
25292.97996446145,24.91752300485943,-88.8971448056281,356.9118171091796,-18540.07242471306,1.037951730680604e-06,5.391724044342304e-05,-0.1166625749840803,3.39397551832119e-10,0.7076335690751149,0.01811265413801381,-0.7074017245116541,3.815994893129673e-05,9.767455744365335e-07,-3.814744644824858e-05
25351.28630497907,24.89322421194662,-88.84475678784374,372.8524010873201,-18489.59051922794,1.090199023189569e-06,5.406250158093171e-05,-0.1160773339655832,3.395414809142835e-10,0.7076861047441967,0.01877120338050052,-0.7074371101176853,3.826628423173663e-05,1.015003967316286e-06,-3.825282049536201e-05
25409.72705549305,24.87262340770528,-88.8841722247231,359.3351347991237,-18448.88986375368,1.055345059725142e-06,5.418324814246128e-05,-0.1155554331599799,3.395079071182191e-10,0.7076308116127562,0.01829348307816238,-0.7073943129687975,3.834822753114597e-05,9.913681539950248e-07,-3.833541109684082e-05
25468.30252585042,24.83812024425578,-88.83019333384713,375.2773671963519,-18378.09796125256,1.110632043281045e-06,5.43899160314818e-05,-0.1148472746541148,3.400318274535148e-10,0.7075771215869959,0.01896888132513034,-0.707322814939976,3.849229595916153e-05,1.031909839514726e-06,-3.847846164142734e-05
25527.01302661247,24.82193698913275,-88.8980609514517,352.9052899933717,-18347.19498195362,1.047992478155101e-06,5.448408647173732e-05,-0.1143904604194985,3.398211891197914e-10,0.7075238273150197,0.0181400949635969,-0.7072912435292872,3.855512795622718e-05,9.885090161750705e-07,-3.854245375746063e-05
25585.85886905645,24.80298833343602,-88.83488967619378,372.338688340433,-18307.70385063691,1.110429034253084e-06,5.459923060068051e-05,-0.1138817179991286,3.397709567257454e-10,0.7075086113864882,0.01892994775915252,-0.7072553232488764,3.863661685123289e-05,1.03375298450565e-06,-3.862278493941107e-05
25644.84036517718,24.77461970122576,-88.8544252045382,364.9691387771995,-18251.45316772749,1.095185335361371e-06,5.476825773625856e-05,-0.1132706988575553,3.400342653722688e-10,0.7075791141067066,0.01870113814564267,-0.7073319377435811,3.875981908367932e-05,1.024412276638641e-06,-3.874627923926404e-05
25703.95782768863,24.74527143320407,-88.9230350226984,342.0364213969553,-18194.58920821523,1.032843199301714e-06,5.494197855024316e-05,-0.1126580906110327,3.403124808324085e-10,0.7076366679958221,0.01786607011441725,-0.7074110950719504,3.888501806066304e-05,9.817502264824534e-07,-3.887262270635842e-05
25763.21157002575,24.72190276499974,-88.92204788570052,341.4759568113496,-18148.13700406993,1.036435548749029e-06,5.508257304621049e-05,-0.1121120208269044,3.403988486338073e-10,0.7075091542983785,0.01788555839519945,-0.7072830481616951,3.897750739324298e-05,9.853363456088409e-07,-3.896505094153393e-05
25822.60190634596,24.705481400124,-88.90148555427243,347.3578116663322,-18115.09897176505,1.058122610620904e-06,5.518227940148542e-05,-0.11165054383024,3.402353392353346e-10,0.707536579282229,0.01815063699148263,-0.7073037292416896,3.904983760812536e-05,1.001756584402268e-06,-3.903698632023954e-05
25882.12915153092,24.67908587152599,-88.95621176054405,329.1213849594452,-18064.1814476348,1.008266613963041e-06,5.533979830713524e-05,-0.1110806515749858,3.404096356310647e-10,0.7075608877145414,0.01748621781158718,-0.7073447829807156,3.916194839338107e-05,9.678239306651329e-07,-3.914998746877288e-05
25941.79362118814,24.65051671951832,-88.8907654101933,348.6426960699449,-18006.34375732829,1.074896658816759e-06,5.551517057559462e-05,-0.1104703343892933,3.407176209911266e-10,0.7075077951147312,0.0183033959181203,-0.7072709988724074,3.928394440469027e-05,1.016285039725779e-06,-3.927079643588637e-05
26001.59563165272,24.63118547124493,-88.89926137398726,345.2453085186232,-17968.53942440107,1.068911948685113e-06,5.563228816511428e-05,-0.109984860546547,3.406491854419554e-10,0.7075612459967427,0.0182105146954227,-0.7073268650284612,3.936967741893989e-05,1.013257994623064e-06,-3.935663614065255e-05
26061.53549998895,24.61354263696821,-88.91114735065837,340.8638112740045,-17934.20497031993,1.059399541861399e-06,5.573923631902522e-05,-0.1095222256359709,3.405163759494053e-10,0.7075972414227821,0.0180753438303826,-0.7073663393281762,3.944720856290989e-05,1.00766624879673e-06,-3.943433620763442e-05
26121.61354399207,24.58084106108794,-88.97830773436364,318.7218868278699,-17871.80343805834,9.975554061019256e-07,5.593627194499634e-05,-0.1088901286416864,3.409194290208568e-10,0.7076304634896564,0.01725765831915524,-0.7074199927114905,3.958765256199019e-05,9.654618007867092e-07,-3.957587799253568e-05
26181.83008218985,24.55947049754124,-88.9322671339459,332.2912465619809,-17829.06812083826,1.04498674499587e-06,5.606870495286796e-05,-0.1083799074872081,3.409506221964282e-10,0.7075826222457345,0.01783559609284869,-0.7073578011276632,3.967927380904253e-05,1.000170833293664e-06,-3.966666646338204e-05
26242.18543384442,24.53485578060363,-88.98137216326187,316.1748756230961,-17782.3309646508,9.995688251351261e-07,5.621782450446408e-05,-0.1078471867312629,3.410605142658988e-10,0.7075133001198319,0.01723838253498678,-0.7073032645294611,3.97802817465295e-05,9.692364991302386e-07,-3.976847239261299e-05
26302.67991895381,24.50609570626115,-88.98931010355736,312.7300218809238,-17726.75467492028,9.948920538105566e-07,5.639435337820731e-05,-0.1072628583925354,3.413429183467453e-10,0.7075315540709951,0.01715157551116092,-0.7073236341757586,3.990612294465196e-05,9.673814222202031e-07,-3.989439586781107e-05
26363.3138582538,24.48023489247172,-88.99890138470518,308.8920846958084,-17676.99151613412,9.882287433367148e-07,5.655344367003144e-05,-0.1067157411967552,3.415165685421572e-10,0.7075176060285183,0.01704360146831612,-0.7073122920530329,4.001778884260301e-05,9.640003851000441e-07,-4.000617611205411e-05
26424.08757321946,24.45728007935492,-88.99444474610883,309.4891288064067,-17632.64642554803,9.951226835951199e-07,5.669551786050334e-05,-0.106203206852137,3.415880213359792e-10,0.7076400283850578,0.01711237111191613,-0.7074330897885209,4.012531428587972e-05,9.70322821631867e-07,-4.011358024612667e-05
26485.00138606701,24.43401897090187,-89.00417524300198,305.7202853036959,-17588.15304957065,9.879900846464527e-07,5.683927974539934e-05,-0.1056915745214407,3.416645306101868e-10,0.7075315612414957,0.01700044097933652,-0.7073272899862811,4.022076997420764e-05,9.664174201503948e-07,-4.020915784604488e-05
26546.05561975539,24.41292618616118,-89.01441682117012,301.8836778436486,-17547.9401122767,9.800739189814916e-07,5.696988508533697e-05,-0.1052073969087511,3.416598831895957e-10,0.7075502978816801,0.01688529608172475,-0.7073487900666026,4.031412812365047e-05,9.620743453608969e-07,-4.030264680295953e-05
26607.2505979881,24.3875241416629,-88.9977537928485,306.1321788548701,-17498.98642176823,9.994252069623167e-07,5.712868275274504e-05,-0.1046726033516955,3.418276878992441e-10,0.7074543453653198,0.01709955830827303,-0.7072476623375542,4.042121705890387e-05,9.770029154788337e-07,-4.040940798658361e-05
26668.58664521479,24.35511666053686,-88.96698596109577,314.4057962584791,-17436.52317633989,1.033783462737228e-06,5.733224234999593e-05,-0.1040590898486491,3.42263226618234e-10,0.7075091789769016,0.01749159452513021,-0.7072929254965992,4.056877193816563e-05,1.002972866233359e-06,-4.055637190381426e-05
26730.06408663312,24.32181815669773,-89.04256651520519,290.3699323411945,-17375.01696661996,9.6156775691689e-07,5.753783098779688e-05,-0.1034535430809523,3.426848416948453e-10,0.7075015668320934,0.01656930771001549,-0.7073075180654296,4.071287294289516e-05,9.534736757829517e-07,-4.070170649019417e-05
26791.68324819031,24.3110693247817,-88.96015536437902,314.9651894867918,-17352.779506792,1.045638117633343e-06,5.760867646597289e-05,-0.1030835057769742,3.423348265317812e-10,0.7075501901442682,0.01759879455008447,-0.7073312901346681,4.076682141803324e-05,1.013987310850223e-06,-4.075420908646429e-05
26853.44445658508,24.279749524114,-88.96225216448559,313.2589782027792,-17293.65654781559,1.047098144918273e-06,5.780570374697977e-05,-0.1024960104528948,3.427151490661815e-10,0.7078073311141888,0.01759026743173273,-0.7075887226847747,4.092108281461631e-05,1.016961479011662e-06,-4.090844421474486e-05
26915.34803926915,24.2622050735441,-88.98097376030306,307.0259320781032,-17261.02289052169,1.030159847989885e-06,5.791567049954058e-05,-0.1020673079107424,3.425733724973216e-10,0.7076379156834345,0.01736589923546732,-0.7074247983047661,4.098887117393941e-05,1.005893820563191e-06,-4.097652666753923e-05
26977.3943244492,24.23759335705963,-89.05461046650289,284.0995382728249,-17216.42420482652,9.582225207194934e-07,5.806825839851421e-05,-0.1015694466860279,3.426708617230138e-10,0.707537960690381,0.01646539503074725,-0.7073463483926277,4.109014804803957e-05,9.562250466712766e-07,-4.107902019607976e-05
27039.58364108843,24.2032046290316,-88.94995396725378,314.3326271891358,-17149.64483602442,1.068398641012516e-06,5.829066298494987e-05,-0.1009427801904502,3.432140051266057e-10,0.707534722243267,0.01776836849063948,-0.7073115779209597,4.124864451469217e-05,1.035880066991892e-06,-4.123563539932728e-05
27101.91631890843,24.19414060831994,-88.93610145782196,318.1597177783538,-17132.3798121626,1.083577693129953e-06,5.834888440409712e-05,-0.1006092300613855,3.427697106091867e-10,0.7074889624957484,0.01794928420670906,-0.7072612355062148,4.128735351802507e-05,1.047477037413647e-06,-4.127406391886397e-05
27164.39268839082,24.1600703183136,-88.94646653340348,313.895994317653,-17069.11956367727,1.077002440162076e-06,5.856552410444313e-05,-0.1000071963304674,3.432487869803916e-10,0.7073574020910474,0.01782911498327841,-0.707132672807521,4.143279759469109e-05,1.044323718407298e-06,-4.141963428730161e-05
27227.01308077913,24.13516123523163,-88.97320007902889,305.1107112984751,-17023.45721345998,1.052500813689719e-06,5.87236104977357e-05,-0.09951026783574039,3.433779220134818e-10,0.7074285218166889,0.01751205128202026,-0.7072117374164836,4.154845805569621e-05,1.028512006120044e-06,-4.153572594597589e-05
27289.77782808041,24.10343789713998,-89.00028366076077,296.0470167608048,-16965.33560814946,1.028261447635826e-06,5.892577720571377e-05,-0.09894243332650327,3.437618487888524e-10,0.7075970138739975,0.01719299042761103,-0.7073881078471382,4.170107293019817e-05,1.013240776391515e-06,-4.16887613951142e-05
27352.68726306712,24.08927262684584,-88.97356471431691,303.4813296617909,-16938.56338469167,1.057400333298533e-06,5.901793889110643e-05,-0.09855909460088536,3.43513301172084e-10,0.7074328214421297,0.01752997141968889,-0.7072155943950876,4.175694293046867e-05,1.034724420408554e-06,-4.174412088273303e-05
27415.74171927882,24.06190466375079,-89.01885522123972,289.2418363674946,-16889.16552111741,1.01371849025642e-06,5.919219566842024e-05,-0.09804564855135173,3.437256482145513e-10,0.7074156998320135,0.01698171941022149,-0.7072118449055346,4.187863658563536e-05,1.005308838846486e-06,-4.186656848142983e-05
27478.94153102397,24.04089977070064,-89.04751765104756,280.159563733449,-16851.21188685927,9.863320565006611e-07,5.932651469541775e-05,-0.09760032663028911,3.437074867610938e-10,0.707530228496265,0.01664184744939717,-0.7073344846318805,4.198010408470773e-05,9.874157455750442e-07,-4.196848995506373e-05
27542.28703338166,24.01839033635445,-89.05526457517045,277.2030333175456,-16810.12911875985,9.807036664859349e-07,5.947177079402577e-05,-0.09713845259186335,3.437550463569231e-10,0.7077261963968986,0.01656204449664861,-0.7075323792933526,4.209444594844834e-05,9.850844725111642e-07,-4.208291801062346e-05
27605.77856220346,23.99412322134719,-89.03554072043462,282.2373456894833,-16765.33337733826,1.003845851703781e-06,5.962999092893988e-05,-0.09665678052059058,3.438808075023224e-10,0.7073732250116808,0.01680849997781349,-0.7071734962453852,4.218562230927511e-05,1.002408638859338e-06,-4.21737110833461e-05
27669.41645411511,23.95691801481469,-88.99382188271028,293.2419021601803,-16696.64236255865,1.051559371367357e-06,5.987381277157028e-05,-0.0960393642361597,3.445013965816465e-10,0.7074600130518147,0.01733683582352992,-0.7072475550971539,4.236383840921792e-05,1.038157489900945e-06,-4.235111608669233e-05
27733.20104651841,23.94170526608832,-88.9471754362595,306.3124052710507,-16667.95522826659,1.102181931793986e-06,5.997510638294338e-05,-0.09565385046476831,3.443006213080072e-10,0.7074297382389204,0.01792318305592362,-0.7072026541621088,4.243430902619686e-05,1.075100250127307e-06,-4.242068766513515e-05
27797.13267759288,23.92268902428669,-88.97638979336534,297.2068364147827,-16634.14992260259,1.073788999074733e-06,6.009810343300052e-05,-0.09524029744434509,3.442068589646393e-10,0.7073924998495568,0.01757301392532183,-0.7071741921372594,4.251869745324718e-05,1.056247645531108e-06,-4.250557579932401e-05
27861.21168629771,23.89657668243009,-89.00135773967888,289.1428919663572,-16587.51127375837,1.050553362217614e-06,6.026800666259163e-05,-0.09475483128788489,3.443807762363357e-10,0.7074583530443721,0.01727783041593954,-0.7072473385374974,4.264253859391338e-05,1.041433106500591e-06,-4.262981954944305e-05
27925.43841237338,23.87360490262525,-89.01236383483348,285.24597896501,-16546.34829097466,1.041564474346144e-06,6.041834006764839e-05,-0.09430230178452326,3.444434812215799e-10,0.707479334522596,0.01715388636531407,-0.7072713432333457,4.275002741420983e-05,1.036537855727283e-06,-4.273745936750729e-05
27989.81319634363,23.85346633850103,-88.98824947883763,291.5629235982521,-16509.59229290972,1.069360582326976e-06,6.05519625418955e-05,-0.09387641151501816,3.444163684694397e-10,0.7074313601549604,0.01746180445293805,-0.7072158190509773,4.284197874958898e-05,1.057485287531474e-06,-4.282892559995976e-05
28054.33637951713,23.82236655870921,-89.05226632145448,272.2126237394408,-16455.26833916442,1.005031080432902e-06,6.075418505775765e-05,-0.09335231675605431,3.447586431664123e-10,0.7075276995977924,0.01668534700796149,-0.707330930253561,4.299008352603151e-05,1.013818203783187e-06,-4.297812762586155e-05
28119.00830398941,23.80022397605014,-88.99454981201438,288.0763336920119,-16414.40220711687,1.068867059056214e-06,6.090335012401378e-05,-0.0929063081072644,3.448220748727726e-10,0.7072921616252567,0.01740355233695992,-0.7070780142689935,4.308202195182047e-05,1.060071445013155e-06,-4.30689779770615e-05
28183.82931264454,23.78080462715681,-89.01113737848161,282.7314515212282,-16380.14229012625,1.053439049595693e-06,6.103134771002735e-05,-0.09249916273274414,3.447485606138588e-10,0.7075432869594582,0.01721646498854843,-0.7073337940850078,4.318767123036994e-05,1.05087426222335e-06,-4.317488401359661e-05
28248.79974915707,23.75469744384285,-89.07673985810746,263.246490379978,-16335.16567383491,9.862856845273122e-07,6.12017278377767e-05,-0.09203302038676719,3.449026952022924e-10,0.7074981045745705,0.01641706115603903,-0.7073076049920635,4.330463945071413e-05,1.004857694467027e-06,-4.329297932656307e-05
28313.91995799379,23.72984336466034,-89.02874151102799,276.1694816535137,-16290.03012158471,1.040416199927393e-06,6.136960222514977e-05,-0.09156763955017481,3.450628812206632e-10,0.7073070657845608,0.017016555357786,-0.7071023420640894,4.341229376480617e-05,1.044422904552606e-06,-4.339972846364679e-05
28379.19028441557,23.70190678422954,-88.99196808843222,285.744396611429,-16239.82189202301,1.083130448520477e-06,6.155797201412557e-05,-0.0910754642096606,3.453336268149336e-10,0.7074234492438845,0.01748484609744777,-0.7072073364276302,4.355318779319217e-05,1.076470940327385e-06,-4.353988260507479e-05
28444.61107447915,23.67992442500725,-89.02287444204953,276.3324925326628,-16201.75674971778,1.052401413558215e-06,6.170375242250572e-05,-0.09065301215538873,3.453488579663906e-10,0.707311786163374,0.017112277922213,-0.7071047537599612,4.364902564825605e-05,1.056018396043291e-06,-4.36362494399935e-05
28510.1826750391,23.66176854269374,-89.05162035352257,267.6834357130784,-16170.4549999499,1.023429718704131e-06,6.182423715472345e-05,-0.09026977745534744,3.452215447151583e-10,0.7074526419269892,0.01677249417793846,-0.7072537903811671,4.374259153410084e-05,1.037062155616861e-06,-4.37302963196521e-05
28575.90543374947,23.63128559895318,-89.01186063204676,277.9706318246564,-16116.1122443627,1.069914730223982e-06,6.203125046340691e-05,-0.08975949801698348,3.455889503572049e-10,0.7074674043726364,0.0172753108875237,-0.7072564541122937,4.389048535648849e-05,1.071740937958854e-06,-4.387739823861522e-05
28641.77969906581,23.6058857420654,-89.00854890317619,278.1326555101079,-16071.63153328358,1.076470172016838e-06,6.220280725215405e-05,-0.08930588912242374,3.4574838855659e-10,0.7073415953178807,0.01732480638200536,-0.707129396610458,4.400408319699852e-05,1.077785084960326e-06,-4.399088220664601e-05
28707.8058202469,23.58791658033817,-88.99087065732591,282.5339327572934,-16039.89432498335,1.097824407698591e-06,6.23252128161171e-05,-0.08892454144622551,3.456357281917295e-10,0.7071756223118172,0.01755058860489658,-0.7069578047038787,4.408056309472411e-05,1.093985431537636e-06,-4.406698581277754e-05
28773.9841473567,23.55490854909863,-89.00194037538927,278.4384965881126,-15982.7496005802,1.089668763975732e-06,6.254847377645765e-05,-0.08840394121667135,3.460737318618896e-10,0.707293539008091,0.01742865372736692,-0.7070787737952834,4.424568960018899e-05,1.090272652641086e-06,-4.423225467618822e-05
28840.31503126606,23.53045678104163,-89.01399946598335,274.3488143589383,-15940.63784327683,1.079351937798484e-06,6.271417059369599e-05,-0.08796822455111246,3.461899344567987e-10,0.7072669192439395,0.01729095840066147,-0.707055526684008,4.436106394913257e-05,1.084520271601982e-06,-4.434780502436974e-05
28906.79882365476,23.50518005778273,-88.96614496810592,286.8592849266349,-15895.88675617343,1.134901004981553e-06,6.288887549610962e-05,-0.08751951288372137,3.463660935416481e-10,0.7072754544504379,0.01789351588168591,-0.707049072241429,4.448582844298782e-05,1.125456670022666e-06,-4.447158957742399e-05
28973.43587701323,23.49416812928222,-88.94295910456493,292.9337991960574,-15876.36411681903,1.161768396028738e-06,6.296527790710914e-05,-0.08721098313104247,3.45994408973836e-10,0.7070803458369501,0.01818644640175616,-0.7068464250713709,4.452791003093109e-05,1.145279251399934e-06,-4.451317902777791e-05
29040.22654464451,23.46175788773149,-88.96334539210055,286.2824418554988,-15821.07062783955,1.143354214028625e-06,6.318615859059677e-05,-0.08670736750471461,3.464050880216641e-10,0.7072397807718968,0.01795084353377309,-0.707011933932311,4.469389235549124e-05,1.13440036943776e-06,-4.467949361492426e-05
29107.17118066605,23.44754751921116,-89.00162255380924,275.2994845243913,-15797.53444851366,1.10279529536126e-06,6.328179908591429e-05,-0.08637925274633007,3.461232879407803e-10,0.7071193015477206,0.01748741515651268,-0.7069030321992402,4.475338069601855e-05,1.106773561654675e-06,-4.473969307009144e-05
29174.27014001167,23.40449428891724,-89.01585150287018,270.1159615512622,-15724.23526096335,1.092151893365701e-06,6.357733624241872e-05,-0.08578071554530393,3.46936983936941e-10,0.7072669892178814,0.017327387805465,-0.7070547048631851,4.497157885226967e-05,1.10176213350355e-06,-4.495808074937237e-05
29241.52377843335,23.38902262535747,-89.00068869075412,273.8125226783596,-15697.52184989529,1.110859147958418e-06,6.36849460961907e-05,-0.08543803037194937,3.467280965258251e-10,0.7072518272905891,0.01752606569150254,-0.7070346414619686,4.504693202004611e-05,1.116286249564678e-06,-4.503309882106369e-05
29308.93245250321,23.36798461694931,-88.99869352342678,273.7330777839811,-15661.69172592358,1.115622569139382e-06,6.383056407283178e-05,-0.08504696168656542,3.46722048823521e-10,0.7073127706486365,0.01756416537156918,-0.7070946581734661,4.515384586339512e-05,1.121271449941049e-06,-4.513992187178432e-05
29376.49651961531,23.34327781389386,-88.95270408484768,285.5232892358028,-15618.75416355027,1.17004791759322e-06,6.400420376696506e-05,-0.0846187334969071,3.468755925892805e-10,0.70723630696039,0.01814175403859003,-0.7070035860187516,4.527242830505352e-05,1.161310938022843e-06,-4.525753110302681e-05
29444.2163379876,23.3224910300855,-88.9523375326205,284.9798622615905,-15583.57206259098,1.173099721825981e-06,6.414868723215229e-05,-0.08423394585612631,3.46859120069477e-10,0.707215255614013,0.01815775713760057,-0.7069821169088548,4.537327555615816e-05,1.164959199545049e-06,-4.535831792249857e-05
29512.09226666385,23.29550446415493,-88.98232342560149,276.0245253047283,-15538.70609370401,1.142828198686602e-06,6.433512194390534e-05,-0.0837982567186082,3.470605728826223e-10,0.7071807963330102,0.01779893447544725,-0.7069567714038315,4.550249122156023e-05,1.145245832355416e-06,-4.548807667237249e-05
29580.12466551546,23.27185117256564,-88.9531136924095,283.209696241602,-15498.25838824654,1.178683830208394e-06,6.45018401595757e-05,-0.0833878984519785,3.471660390469288e-10,0.707194663912747,0.01817177432938823,-0.7069611582572164,4.562171440550372e-05,1.17227623595149e-06,-4.560665076196639e-05
29648.31389524342,23.24339599567741,-88.96311524689223,279.6436065082342,-15450.75207726883,1.171017555895687e-06,6.470057427807057e-05,-0.08294109325317213,3.474325531000935e-10,0.7070710708101157,0.01805731367949175,-0.7068404576700771,4.575412896555922e-05,1.16847753071897e-06,-4.573920613278318e-05
29716.66031738025,23.22348558298179,-88.95071154186574,282.3744179698413,-15417.16532441613,1.187601193509743e-06,6.484101524299255e-05,-0.08257045184888075,3.473886317408932e-10,0.7072037258629742,0.01822588156746307,-0.706968830370591,4.58622217850824e-05,1.181949970152722e-06,-4.584698879241844e-05
29785.1642942919,23.19713141620229,-88.98160455069178,273.2896469030661,-15373.8848304991,1.15589589122765e-06,6.502482076858226e-05,-0.08214927878602819,3.475653777673802e-10,0.7074090368423482,0.01786203548951401,-0.7071834932281651,4.600512655109263e-05,1.161626669095453e-06,-4.59904587111685e-05
29853.8261891796,23.17656161754332,-88.97301676105468,274.9776778951982,-15339.46467376232,1.168254590173825e-06,6.517038093092798e-05,-0.08177684199480065,3.475441062692578e-10,0.7071566244007814,0.01797380682875942,-0.7069281672857507,4.609177593514575e-05,1.171515119093688e-06,-4.607688532422104e-05
29922.64636608189,23.14471118698553,-88.99455861602102,268.2897509227028,-15287.1094704897,1.147676758832564e-06,6.539444831071844e-05,-0.08131028947270029,3.47932306494081e-10,0.7071985921690739,0.01772128359425547,-0.7069765235661591,4.62526780325564e-05,1.159019310113053e-06,-4.623815415241087e-05
29991.6251898765,23.12810155224595,-88.99396412109299,267.9655512677216,-15259.61210271369,1.1504243771904e-06,6.551226329795071e-05,-0.08097736219481592,3.477576061008159e-10,0.7071358440842174,0.01773928849111369,-0.7069133041841323,4.633189822244938e-05,1.162287155692623e-06,-4.631731729561979e-05
30060.76302628231,23.10430948992891,-89.00004868536305,265.6614675639183,-15220.47644842426,1.146409523256103e-06,6.568095595109435e-05,-0.08058391800842063,3.478499011045337e-10,0.707181760558417,0.01767763568938021,-0.7069607794375412,4.645412562329145e-05,1.161227784479056e-06,-4.643960957477029e-05
30130.06024186122,23.0771690647631,-88.98086015822628,269.9583761458662,-15175.38975436926,1.171870672240744e-06,6.587531917646084e-05,-0.0801604203033872,3.480809676673549e-10,0.7070880670890195,0.01792432250396593,-0.7068608443551386,4.658568872309955e-05,1.180923491156979e-06,-4.657071841311403e-05
30199.51720402016,23.05084937675694,-88.99652122420743,265.0587957305671,-15132.55472425564,1.157136230229259e-06,6.606242693852168e-05,-0.07975031089746328,3.482634344024129e-10,0.706984611407327,0.01774084083285411,-0.7067619849237171,4.671094056163005e-05,1.172149079747564e-06,-4.669623148271156e-05
30269.13428101304,23.02773726064866,-88.92887346138296,282.1962723477999,-15093.24171511746,1.238324391088532e-06,6.623166635379748e-05,-0.07936018268446308,3.483674779444204e-10,0.70718708804116,0.01859296136703817,-0.7069426279973073,4.684501238635781e-05,1.2316224663413e-06,-4.682881902822684e-05
30338.9118419427,23.00263665006351,-89.03923003996434,252.4703108683546,-15054.72486785158,1.113634163682911e-06,6.640565332225621e-05,-0.07897560374247205,3.48455487859245e-10,0.7070529768193538,0.01724041083371976,-0.7068427549769426,4.69575544508477e-05,1.144988504427467e-06,-4.694359297421807e-05
30408.8502567628,22.98336891308118,-88.98522685952756,266.0876520956586,-15022.18051755614,1.1787522371965e-06,6.654735292366425e-05,-0.07862363309366195,3.484072271437371e-10,0.7071289731831009,0.0179209630694666,-0.7069018487722672,4.706357118794964e-05,1.192744963312464e-06,-4.704845472930749e-05
30478.94989627983,22.95651285441005,-88.94883571430836,274.8174934126868,-14977.78802944843,1.224624175036866e-06,6.674306312042641e-05,-0.07821099511569111,3.486361777952078e-10,0.7070609025116165,0.01838061615496491,-0.7068219526941035,4.719797155046105e-05,1.226949185395986e-06,-4.718202109039615e-05
30549.21113215512,22.93471947523883,-88.95714250543358,272.0064890500674,-14942.69624404536,1.217804134799564e-06,6.690015864916675e-05,-0.07784829402214238,3.486511993166154e-10,0.7070762355292186,0.01829100536328409,-0.7068396154524528,4.730995727524614e-05,1.223837881654431e-06,-4.729412519779854e-05
30619.63433690677,22.91273816186129,-88.93417324716488,277.3291183065215,-14906.69575462344,1.247620215717972e-06,6.7060736667651e-05,-0.07748212432620974,3.486893990425218e-10,0.7068747544603368,0.01858156920697863,-0.7066304860244622,4.741034368600308e-05,1.246272521078612e-06,-4.73939605142695e-05
30690.21988391158,22.88186877480073,-88.92751368930047,278.129484400824,-14856.86506134737,1.259622751592265e-06,6.728536993812486e-05,-0.07704550577698044,3.490542681184085e-10,0.7069794201395873,0.01867898943016696,-0.7067326197755235,4.757629424899921e-05,1.257005610188918e-06,-4.755968577864354e-05
30760.96814740708,22.86412136087336,-88.92370375206899,278.5808706791695,-14828.28790673016,1.26653154820601e-06,6.741487451729644e-05,-0.07672044997533047,3.489226176394498e-10,0.706922083113561,0.01873701769401838,-0.7066737265255801,4.766405162242103e-05,1.263338916623491e-06,-4.76473062391418e-05
30831.87950249353,22.82647854183875,-88.95601025153981,269.1326679339227,-14768.7843223285,1.23348173591039e-06,6.768790226411511e-05,-0.07623683882672702,3.495226974344776e-10,0.7068895535254993,0.01835029019693342,-0.706651333921594,4.785438117309799e-05,1.242261648006287e-06,-4.783825439392671e-05
30902.9543251359,22.81032862304619,-88.9251077505448,276.6046188880879,-14742.33155734717,1.272255154484796e-06,6.780800475550752e-05,-0.07592526317598675,3.493445378920838e-10,0.706885974251468,0.01874393477262853,-0.7066374215272544,4.793952070696945e-05,1.271174251425804e-06,-4.792266438373877e-05
30974.19299216581,22.78793059749756,-88.95251538511144,268.9094151521345,-14707.28805798143,1.242783981872808e-06,6.797077746388261e-05,-0.07557057562391314,3.493715470778751e-10,0.7070163343741132,0.0184219454863321,-0.7067762934594697,4.806302865824675e-05,1.252325371851632e-06,-4.804671065709353e-05
31045.59588128356,22.75950654730114,-88.90045866939843,281.3886950940152,-14661.02724079873,1.308633074311299e-06,6.818292804647999e-05,-0.07515961249707466,3.496678723474401e-10,0.7067844876462437,0.01907050133923609,-0.706527160097921,4.81980468086366e-05,1.300482583133208e-06,-4.818049876473356e-05
31117.16337106017,22.73642382627089,-88.91998997387921,275.7087815799891,-14624.93697506592,1.288570763182112e-06,6.835207094766969e-05,-0.07480215931745032,3.497245567731168e-10,0.7069806315240561,0.01884757933087335,-0.7067293556259847,4.833070149623072e-05,1.288460659245051e-06,-4.831352374074298e-05
31188.89584093937,22.70762046018384,-88.91281512400107,276.6755487261696,-14579.34064496379,1.301183767189484e-06,6.856551462857339e-05,-0.07439744396532257,3.500114472290832e-10,0.7068813935089583,0.0189461470737082,-0.7066274463960681,4.847492693184414e-05,1.299246384855281e-06,-4.845751231624535e-05
31260.79367123956,22.68338362220717,-88.87843146264058,284.6666733262594,-14540.45391687312,1.345904584737801e-06,6.874729437842834e-05,-0.07402835449438241,3.501403546618861e-10,0.7066943130809025,0.01937782171034153,-0.7064285895733912,4.859113490382206e-05,1.332387046903579e-06,-4.857286419389614e-05
31332.85724315586,22.66069175401439,-88.91722198141045,274.1623742980476,-14505.72197544762,1.30248893498794e-06,6.891369545294486e-05,-0.07368167344564495,3.501714885780562e-10,0.7068936406061588,0.0189176650374793,-0.7066404609693383,4.872184557135669e-05,1.303878690627861e-06,-4.87043954509165e-05
31405.08693876216,22.63340761441647,-88.90705246253833,275.9195245166244,-14462.82291122916,1.318615744342401e-06,6.911763867306072e-05,-0.07329480608900246,3.504023927239013e-10,0.7069019240970706,0.01905612506168658,-0.7066450271457191,4.886676336290548e-05,1.31731308440391e-06,-4.884900457331612e-05
31477.48314101316,22.6039909202306,-88.88115907953105,281.5512136391806,-14416.38883267027,1.354187536994989e-06,6.933905144054786e-05,-0.07289145494814876,3.507225129628593e-10,0.706682418700447,0.01938229690576172,-0.7064165679448429,4.900850200809085e-05,1.344164382317943e-06,-4.899006522949682e-05
31550.04623374628,22.57439642733922,-88.88173898145021,280.5079987931184,-14370.42281885868,1.357815343896765e-06,6.956087058366345e-05,-0.07249193262657078,3.510351334580104e-10,0.706991390968043,0.01939649326986799,-0.7067252669543945,4.918676168899925e-05,1.349451640084255e-06,-4.916824692544445e-05
31622.77660168379,22.5458658247496,-88.84700582820444,288.3180957080548,-14325.4671197235,1.404359944791358e-06,6.977748713260268e-05,-0.07209894731644188,3.513268480801796e-10,0.7068435365060062,0.01983366787912255,-0.7065652204282195,4.93301991855024e-05,1.38418014245774e-06,-4.931077566835232e-05
31695.6746304349,22.52110215231473,-88.83164850430248,291.3726672745913,-14286.89068173052,1.426897466610278e-06,6.996513540608614e-05,-0.07173941870376122,3.514652645379055e-10,0.7068001745930794,0.02003475428744493,-0.7065161678443383,4.946008688995512e-05,1.401981385257046e-06,-4.944021281666679e-05
31768.74070649771,22.48991236396709,-88.73940356422494,313.2825012490568,-14236.8074415973,1.544901056330173e-06,7.020647105280718e-05,-0.07132351575126333,3.51890482366598e-10,0.7067202343190355,0.0211827670078434,-0.7064027038296526,4.962676625716766e-05,1.487480018159107e-06,-4.960446887468035e-05
31841.97521726125,22.47717326806299,-88.73282831226803,314.4810209651135,-14217.09269703473,1.555107465120077e-06,7.030346988066885e-05,-0.0710609365056651,3.51567998538633e-10,0.7068129967805493,0.02127961441716241,-0.7064925975749199,4.970197314175889e-05,1.496348863201742e-06,-4.967944317586215e-05
31915.37855100762,22.44595678309303,-88.70014404820887,321.4937820497005,-14168.55189533089,1.600656348260535e-06,7.054252306943286e-05,-0.07065543863100317,3.519611000672762e-10,0.706712465755394,0.02169256201957033,-0.7063794603519387,4.986451171475683e-05,1.530592801687392e-06,-4.984101538117521e-05
31988.95109691397,22.42484242252827,-88.60022014336502,345.3731595903954,-14133.99911594453,1.727822894093797e-06,7.070916363794234e-05,-0.07032102484835971,3.520100572343307e-10,0.706632324127888,0.02293490087597959,-0.7062600313087167,4.997868357155362e-05,1.622139427375077e-06,-4.995235204896401e-05
32062.69324505466,22.40223914041551,-88.52731238316223,362.4406926766118,-14097.86327872108,1.822398761347014e-06,7.088588311386022e-05,-0.06997991749143684,3.521006584136817e-10,0.7064953406494663,0.02384203643244925,-0.7060929284861585,5.009547049385558e-05,1.690567458685891e-06,-5.006693665153069e-05
32136.60538640318,22.38944402591089,-88.4571693280455,379.1426605767253,-14076.73829038832,1.911981299664611e-06,7.098768661525681e-05,-0.06971434769131375,3.518180322272421e-10,0.7064701296753353,0.02471865653477871,-0.7060375571756794,5.016723445643592e-05,1.755299460995243e-06,-5.013651699918176e-05
32210.68791283435,22.37659709351128,-88.37806438991251,397.9861188735279,-14055.32587840174,2.012973316325465e-06,7.109040894582665e-05,-0.06944820912762158,3.515436133239995e-10,0.7061626141094032,0.02569535899645878,-0.7056949667468722,5.021986784905994e-05,1.827365974002688e-06,-5.018661036944119e-05
32284.94121712635,22.36819747570699,-88.3600604206453,402.0289262658006,-14042.14545224925,2.037204036785603e-06,7.115586350007931e-05,-0.06922350718592295,3.510642971011173e-10,0.7063609870359411,0.02593754700287409,-0.7058846135607877,5.02806692847962e-05,1.846304151624969e-06,-5.024675974335799e-05
32359.36569296283,22.3557669934323,-88.3835299262613,395.7572215857916,-14023.89217403457,2.010694058378205e-06,7.125013804341976e-05,-0.06897452138163307,3.507127604770703e-10,0.7062639614346942,0.02565806515248809,-0.7057977379632623,5.033977677976743e-05,1.828808126855573e-06,-5.030654616520557e-05
32433.96173493494,22.34501111041574,-88.35719269825042,401.7238250699524,-14006.9817321885,2.045885760217275e-06,7.133429157336625e-05,-0.06873290406809907,3.50328580522025e-10,0.7062911725447706,0.02599671709643697,-0.7058125750614498,5.040182633890192e-05,1.855158426736704e-06,-5.036767302058469e-05
32508.72973854344,22.34077305501764,-88.40279987152958,390.4173460183592,-14001.67151118942,1.989902531237767e-06,7.136455863404529e-05,-0.0685488252071768,3.496554058592032e-10,0.7062788507979841,0.02544769089531564,-0.7058202534021092,5.042118928353827e-05,1.816708567744849e-06,-5.038845005302581e-05
32583.67010020087,22.32482805969036,-88.48864489288987,368.8430169013037,-13979.67051242218,1.886016443589498e-06,7.148268302296896e-05,-0.06828370340130237,3.494002376351709e-10,0.7062349925455333,0.02440191264011079,-0.7058132978028212,5.049945064872974e-05,1.744862823438248e-06,-5.046929729598852e-05
32658.78321723358,22.29839191456561,-88.52503488841819,358.9560045979987,-13940.75055936771,1.845784820377981e-06,7.168462273245459e-05,-0.0679369879513355,3.495698556280653e-10,0.7063547148584034,0.02397100135217515,-0.7059478552250658,5.064985098101944e-05,1.718863937358826e-06,-5.062067671578801e-05
32734.06948788383,22.28457173736766,-88.53852561066979,355.149863646071,-13920.30888359758,1.831602848868221e-06,7.179075657405226e-05,-0.06768134860258107,3.49278022484792e-10,0.7064425048551229,0.0238210837750836,-0.7060407698099033,5.07308318016848e-05,1.710632338827687e-06,-5.070198252822261e-05
32809.5293113119,22.25972584713944,-88.57676313907186,344.9514431433374,-13883.98314462014,1.78838825345809e-06,7.198100735798691e-05,-0.06734947418185004,3.49386446649699e-10,0.7062128718848497,0.02335566944562627,-0.7058265602260897,5.084787582998494e-05,1.681626358250545e-06,-5.082006109021126e-05
32885.1630875983,22.23106257502059,-88.56021287647725,347.8787164441682,-13840.7867824524,1.814813621600929e-06,7.220461384707913e-05,-0.06698551644218553,3.496707888196743e-10,0.7063369196841601,0.02357709435360206,-0.7059433155223931,5.101515252721182e-05,1.702854588339093e-06,-5.098672448417979e-05
32960.97121774578,22.20502171333275,-88.67877513734321,318.3904735062536,-13804.76351443198,1.669825793991076e-06,7.240025099523794e-05,-0.06665751251751967,3.497769290018223e-10,0.7062772480588094,0.02212780235218728,-0.7059305287976909,5.114649704528589e-05,1.602429613491639e-06,-5.112138866792688e-05
33036.95410368148,22.18519552664996,-88.67311107893934,319.0707782839906,-13775.18519233138,1.68058002667165e-06,7.255537853526071e-05,-0.06636171144849914,3.497217842572057e-10,0.7064771294985925,0.0222173404572294,-0.7061276968704588,5.127070035928616e-05,1.612364445783695e-06,-5.124534121484292e-05
33113.11214825911,22.16063939965694,-88.68985327141721,314.220279625867,-13739.19235320207,1.663737108190506e-06,7.274643184012933e-05,-0.06603608767765552,3.498315125407177e-10,0.7064913295671176,0.02202494868445587,-0.7061479309528285,5.14063860525406e-05,1.602600014290723e-06,-5.138139935985626e-05
33189.44575526103,22.14180824283367,-88.71824866237641,306.7995129573533,-13712.0081472106,1.630929465220655e-06,7.289228688488845e-05,-0.06575385116212658,3.497188720766847e-10,0.70649813131774,0.02168872587862866,-0.7061651426721799,5.150936494986727e-05,1.581281601546768e-06,-5.148508741407773e-05
33265.95532940045,22.1145595012301,-88.71703944072161,306.1890863977733,-13671.82342554891,1.63726528472329e-06,7.310646547486045e-05,-0.06541036497252145,3.499400833254126e-10,0.7065150508571426,0.02171771391319277,-0.7061811792947016,5.166196766215797e-05,1.588048028868146e-06,-5.163755422348994e-05
33342.64127632351,22.08927642214436,-88.7814758435028,290.0467983364804,-13636.12838773818,1.559155633239971e-06,7.33014345038933e-05,-0.06508954163404389,3.500491682536876e-10,0.7064739824387153,0.02093588906295833,-0.7061637036919709,5.179545478457312e-05,1.534924034416744e-06,-5.177270656001411e-05
33419.50400261143,22.06813817849337,-88.78819250569551,287.7953697199706,-13605.29732917843,1.554080256678469e-06,7.346790876479243e-05,-0.06479301194908535,3.500355019319708e-10,0.7064372720619966,0.02086564959027506,-0.7061290562110946,5.191025197195669e-05,1.533244593151475e-06,-5.188760372969256e-05
33496.54391578276,22.04119789601187,-88.82915160249773,277.2791356623503,-13566.83987053912,1.505838585676888e-06,7.367835633920513e-05,-0.06446126600288257,3.502203942520186e-10,0.7063806366215476,0.02037287762175815,-0.7060867862035599,5.205399210553412e-05,1.501300511240065e-06,-5.203233793419204e-05
33573.76142429547,22.01667425698123,-88.80901542609239,281.2968607378053,-13530.65512857599,1.535817355911399e-06,7.387432241089967e-05,-0.06414147702337057,3.503493425258621e-10,0.7064945998521899,0.02063804264407589,-0.7061930974005107,5.2201232825802e-05,1.524896679122007e-06,-5.217895551514606e-05
33651.15693754908,21.98549784806564,-88.85285324952783,270.0528258153615,-13486.34742340764,1.484177817594333e-06,7.411934174640847e-05,-0.06378440006307558,3.506919429856129e-10,0.7064066940335395,0.02010893810994836,-0.7061204203133379,5.236702598720006e-05,1.490706831451212e-06,-5.234580407145114e-05
33728.73086588689,21.95332302887904,-88.83571085867484,273.1354661644051,-13439.40674293123,1.511605817132443e-06,7.437732527637331e-05,-0.06341620216500284,3.511074410520402e-10,0.7066076564725202,0.02033973900545153,-0.706314855572766,5.256455542826986e-05,1.513073526100659e-06,-5.254277396442129e-05
33806.48362059816,21.93968212535533,-88.78372171317194,284.8925655416228,-13418.5488807229,1.58151854921765e-06,7.449012900038808e-05,-0.06317215382276667,3.508444243590711e-10,0.7064096753122613,0.02098853277497427,-0.7060978054538396,5.263051036905193e-05,1.563734516173177e-06,-5.26072747447519e-05
33884.41561392025,21.90284306986223,-88.85544770326457,267.0600045797075,-13367.12686001952,1.49403026931278e-06,7.478054294967435e-05,-0.06278533290786824,3.513840643850068e-10,0.7064905650714678,0.02012070417842801,-0.706203990216967,5.284037876273376e-05,1.504882984040282e-06,-5.281894503862711e-05
33962.52725904085,21.87876277318059,-88.83784714710822,270.4593003961412,-13332.19741330231,1.520966892972883e-06,7.497553549281027e-05,-0.06247724453542239,3.514943883880826e-10,0.7064471672453152,0.02035023927773612,-0.7061539972769886,5.297522612643623e-05,1.526028523362735e-06,-5.295324182798382e-05
34040.81897010009,21.85015222051398,-88.85093648087972,266.5975033319048,-13291.57492217536,1.508441615502475e-06,7.520537325969389e-05,-0.06214362387105235,3.517577607765863e-10,0.7066711544310006,0.02020920219715591,-0.7063821265090147,5.315421588969705e-05,1.520090766137321e-06,-5.313247585903772e-05
34119.29116219284,21.82943720678801,-88.81306027102396,274.758279046325,-13261.19376449782,1.561705550808714e-06,7.537563557411267e-05,-0.06185897968648187,3.517527576627637e-10,0.7062915083067803,0.0206789629012894,-0.7059887217226589,5.32466430591487e-05,1.558967286861495e-06,-5.322381626740874e-05
34197.94425137089,21.80342535499724,-88.85722228407393,263.8142044717553,-13225.17569113807,1.507726249362901e-06,7.558328628244821e-05,-0.06154908227909107,3.518995256898837e-10,0.7063717419088109,0.02015103017044223,-0.7060842540025642,5.339855054694436e-05,1.523327929599244e-06,-5.337681774453658e-05
34276.77865464504,21.77528239275186,-88.82636560303824,270.1082147829972,-13184.5966585075,1.553180249239442e-06,7.581426259336131e-05,-0.06121910556463535,3.521707507741654e-10,0.7063948453450559,0.02054593606590199,-0.7060959864219888,5.356405807281485e-05,1.557944143911098e-06,-5.354139638889086e-05
34355.79478998746,21.75087298240426,-88.81658409703722,271.6427935808284,-13149.87593321706,1.570252850658323e-06,7.601390744714636e-05,-0.06091746002705151,3.522885079944346e-10,0.7065696749781942,0.02068560573292027,-0.7062668131196972,5.371858179684137e-05,1.572670669195337e-06,-5.369555602869003e-05
34434.99307633384,21.73406131810909,-88.81490455323959,271.5370658862797,-13126.12344437819,1.575325630905119e-06,7.615136677146499e-05,-0.06066757223317033,3.52114287411198e-10,0.7062948315517504,0.02071229209849329,-0.7059910693718032,5.379481346572851e-05,1.57754784561876e-06,-5.377167747622636e-05
34514.37393358563,21.70077914966333,-88.8355513790881,265.8631355332321,-13079.78556565292,1.55337917847235e-06,7.642227838702657e-05,-0.06031436442571507,3.525490165749926e-10,0.7063524976037487,0.02047362479881724,-0.7060557212845535,5.399019019123133e-05,1.564905483511362e-06,-5.396750603569714e-05
34593.9377826122,21.68246379653768,-88.72814600014092,289.7700472044903,-13051.71320980185,1.700217294385582e-06,7.658054631507818e-05,-0.06004649387447959,3.524947145093979e-10,0.7063515258025823,0.02181121705684638,-0.7060146944746514,5.410407481779346e-05,1.670663510169252e-06,-5.407827470736451e-05
34673.68504525317,21.65128173425294,-88.75281132138923,283.2117467568441,-13008.67711099171,1.6727814272141e-06,7.683534921514071e-05,-0.05971085169051465,3.528474616127635e-10,0.7061185409818993,0.02151431885698435,-0.7057907111903119,5.426566452011327e-05,1.653389256495655e-06,-5.424047058955135e-05
34753.61614432058,21.62535706766364,-88.81153211788471,269.1511095840514,-12973.85574661869,1.59834737666071e-06,7.704492963015902e-05,-0.05941405534494269,3.529807868176114e-10,0.7061533155982245,0.02080615153148865,-0.705846732080566,5.441516726054367e-05,1.603292359641537e-06,-5.439154237197599e-05
34833.73150360118,21.60585140165932,-88.77648933676244,276.4938937352959,-12945.96407783837,1.648992549767335e-06,7.720893226795291e-05,-0.05914997007613376,3.529276903707797e-10,0.706129182647136,0.0212513225104152,-0.705809325439577,5.45298276744462e-05,1.641103331833414e-06,-5.450512715386548e-05
34914.03154785863,21.58270563844013,-88.79012064010702,272.7411063254667,-12914.17314257689,1.634646019775546e-06,7.739978036539357e-05,-0.05886901055148325,3.529827862557077e-10,0.7063159434613749,0.02110321128635324,-0.7060006136407643,5.467878871396196e-05,1.633685380876168e-06,-5.46543777505737e-05
34994.51670283573,21.5531788451177,-88.7597331995175,278.6952341612352,-12872.6871444627,1.681076957021446e-06,7.764746246425923e-05,-0.05854493740588555,3.533059222265135e-10,0.7061249807574361,0.02148609835081185,-0.705798013618166,5.48395445545991e-05,1.668667558751336e-06,-5.481415141671201e-05
35075.18739525679,21.53202152327158,-88.75249026482632,279.6846553243186,-12843.36107970783,1.694748867700821e-06,7.782433262943141e-05,-0.05827721969707807,3.532982116616323e-10,0.7062206582207189,0.02159254011616316,-0.7058904874759522,5.497205003019264e-05,1.680758247054404e-06,-5.494634961703062e-05
35156.04405282981,21.51073496322146,-88.73796816820315,282.289485400595,-12813.76578723537,1.71842433596117e-06,7.800321337808314e-05,-0.05800920494910362,3.532997662045273e-10,0.706055822110159,0.02178069766589804,-0.7057197922297768,5.508584001935906e-05,1.699310436316313e-06,-5.505962327040975e-05
35237.08710424873,21.4833139046746,-88.78041782514849,272.0111838308285,-12777.11275938734,1.665422852546747e-06,7.822948777093113e-05,-0.057710237173771,3.534983606833881e-10,0.706269527909605,0.02127863148937497,-0.705948911675339,5.526145967196137e-05,1.664928457843822e-06,-5.523637332687652e-05
35318.3169791957,21.45779175889177,-88.76227482182182,275.2965032864411,-12741.82213166696,1.694864306958951e-06,7.844509203268754e-05,-0.05741847714450998,3.536621586031701e-10,0.7061559697088557,0.02151310981080959,-0.7058281941533099,5.540521945157208e-05,1.687925361085743e-06,-5.537950207840682e-05
35399.73410834346,21.44002584619959,-88.77930360406809,270.9994604359633,-12717.96656929105,1.674695766339834e-06,7.859323681227812e-05,-0.05717916522720638,3.535106097343724e-10,0.7061301481670171,0.02131697892347137,-0.7058083114840388,5.550745922289349e-05,1.675684491621506e-06,-5.548216029378924e-05
35481.33892335755,21.40232182189128,-88.7570635000332,274.8159596148924,-12666.2340010308,1.712152880124293e-06,7.891291705031644e-05,-0.05681560540816043,3.541380768743565e-10,0.7060605488058356,0.02160327661337767,-0.7057299745792038,5.572819905616436e-05,1.705111128800319e-06,-5.570210737559145e-05
35563.13185689854,21.3796239529078,-88.75231730513084,275.1936888569871,-12635.37964535301,1.722883531193457e-06,7.910532974711065e-05,-0.05654685128668049,3.541863633727749e-10,0.7060506513036988,0.02167592502753549,-0.7057178448080919,5.586338791621771e-05,1.715019462159263e-06,-5.583705595500387e-05
35645.11334262443,21.35875852845101,-88.77224423705815,270.2022912174154,-12607.62256516996,1.699116655334088e-06,7.928068036776678e-05,-0.05629286215466368,3.541497444806121e-10,0.7059924427490747,0.0214432390552542,-0.7056667178758148,5.598217207070661e-05,1.700356867660125e-06,-5.59563434855853e-05
35727.28381519288,21.32447158601151,-88.7992721635332,263.2969102736351,-12562.04172764651,1.667763832664271e-06,7.956993812048579e-05,-0.05596034242691007,3.546172845941851e-10,0.7061263077764152,0.0211289184780958,-0.7058101241395582,5.619650594865811e-05,1.681528332632223e-06,-5.617134272299463e-05
35809.6437102636,21.30655121325054,-88.77123261421917,268.9177095475529,-12537.35060761975,1.710047208500672e-06,7.972498889948785e-05,-0.05572189823008357,3.544984662578012e-10,0.7059310575670651,0.02148297904685155,-0.7056040955443976,5.629101559305961e-05,1.713054972647676e-06,-5.626494360753211e-05
35892.19346450054,21.27266461065133,-88.75268926915189,271.9805295591907,-12491.57426800489,1.742198476492648e-06,8.001602796341595e-05,-0.05539075770665407,3.549792416286199e-10,0.7059753114605511,0.02172732664767967,-0.7056408886030963,5.650043438997887e-05,1.738875813075032e-06,-5.647366994594038e-05
35974.93351557424,21.24833704857046,-88.77993973784518,265.3579919804296,-12459.70826052568,1.708517709119495e-06,8.022231422048353e-05,-0.05512238565464181,3.550685920501246e-10,0.7060766971999606,0.02140944640857565,-0.7057520371442673,5.665364010386527e-05,1.717834728811247e-06,-5.662759027949874e-05
36057.86430216423,21.22088984511375,-88.74777530816533,271.542026164593,-12422.47889015162,1.758786233535529e-06,8.046078600423013e-05,-0.05483128186002086,3.553136272836812e-10,0.7060591026284069,0.02181978476613243,-0.705721866883258,5.682131244686498e-05,1.755984453857069e-06,-5.679417282417331e-05
36140.98626396133,21.20005510807164,-88.71084033454413,278.9132787522502,-12394.0093085316,1.81478705746322e-06,8.064330168798158e-05,-0.05457980121994488,3.553107224237176e-10,0.7059269974875509,0.02228527114622143,-0.7055751501234494,5.694035271659644e-05,1.797538844621416e-06,-5.691197256810283e-05
36224.29984166988,21.16966710584467,-88.66865275889101,287.0877718759283,-12352.86831475016,1.88037540267362e-06,8.090915743203813e-05,-0.05427351425007166,3.556741644229061e-10,0.7058266793790966,0.0228163035456928,-0.7054578071123976,5.712089999328461e-05,1.846470006200988e-06,-5.709104802470368e-05
36307.80547701014,21.13848272388685,-88.62901517381327,294.6332221428998,-12310.87161143389,1.942922278773762e-06,8.118251754168237e-05,-0.0539645964548871,3.560666753560549e-10,0.7057275493777198,0.0233158525726424,-0.7053422892252333,5.730676365732989e-05,1.893302952432182e-06,-5.727547961219859e-05
36391.50361272071,21.12251186806203,-88.63258106238136,293.3670657948163,-12289.94480951042,1.941172370408528e-06,8.1320993661753e-05,-0.05374895985546585,3.558526456694363e-10,0.7060001657176251,0.02329577138065373,-0.7056157176743546,5.742659241238098e-05,1.894895827182968e-06,-5.739532111506875e-05
36475.39469256078,21.09500781635172,-88.60359784292596,298.6923851162271,-12253.22115652461,1.988225394512532e-06,8.156272701261083e-05,-0.05346510249707651,3.560982665223927e-10,0.7058594950468361,0.02366285121670252,-0.7054627532478739,5.758651304241678e-05,1.930499057919438e-06,-5.755414544384975e-05
36559.47916131248,21.06493893913636,-88.58172340776733,302.3879441833244,-12213.42454508541,2.025925300348765e-06,8.18269585998715e-05,-0.05316888897277285,3.564369165006714e-10,0.7056788484418222,0.02394094519390828,-0.7052726198296645,5.775881603100747e-05,1.959532515558148e-06,-5.772556679344288e-05
36643.75746478333,21.05111425745899,-88.53080760996946,312.7559788009444,-12194.22999065807,2.10189620632919e-06,8.195208882891681e-05,-0.05296323615496738,3.561769001032442e-10,0.7057176815182932,0.02458394991542744,-0.7052893558066156,5.785160884821711e-05,2.015283294860456e-06,-5.781649660407113e-05
36728.23004980847,21.02747807071921,-88.55015186333645,307.8690264755371,-12163.91581602095,2.079414499384835e-06,8.215773833013465e-05,-0.0527100632632722,3.562433169527806e-10,0.7055031311887504,0.02435337953302953,-0.7050826767283759,5.797863882627084e-05,2.00137424445655e-06,-5.794408564539427e-05
36812.89736425313,21.00267332939614,-88.51668224356553,314.1261234017496,-12130.96782469502,2.133153184729126e-06,8.237841656995598e-05,-0.05244638787013116,3.56389319873201e-10,0.7059001749581338,0.02479418596914447,-0.705464602477014,5.816794669497273e-05,2.043103173736957e-06,-5.813205442895214e-05
36897.75985701503,20.98574995488366,-88.42737055770131,332.3910956920312,-12106.99967964395,2.265943591579756e-06,8.253463673637472e-05,-0.05222238023376875,3.562735659991388e-10,0.7055288955018247,0.02589522373574757,-0.7050535155402746,5.825001290109703e-05,2.137966462183248e-06,-5.821076448892035e-05
36982.81797802663,20.95671102724156,-88.48585039485567,319.0697048789527,-12070.86236321589,2.188293833210336e-06,8.278627919556676e-05,-0.05194675575098607,3.56518305497392e-10,0.7054901384034686,0.02518925917705137,-0.7050403084977884,5.842278532394671e-05,2.085963504324005e-06,-5.838553417813861e-05
37068.0721782576,20.94116982684903,-88.4325079770788,329.7343218261243,-12049.61245494232,2.269305189960192e-06,8.292812203950298e-05,-0.05173604322672611,3.563256224654974e-10,0.7056535675528712,0.02586672190575226,-0.7051793176901496,5.853789600341014e-05,2.145788736134472e-06,-5.84985543343247e-05
37153.52290971724,20.92097558633966,-88.421476817623,331.3336849082143,-12023.4017481819,2.290241027500747e-06,8.310802441182075e-05,-0.05150477454460722,3.562810904273571e-10,0.7054184697581364,0.02600894959772536,-0.7049388285636802,5.864564013656157e-05,2.162278936304497e-06,-5.86057647064578e-05
37239.17062545685,20.90270150521764,-88.41335802988402,332.3842702210657,-11999.77558037315,2.306540751961312e-06,8.327100248189401e-05,-0.05128534195399727,3.561615294955597e-10,0.705624866719588,0.02613164023566355,-0.7051408298429684,5.877805748505778e-05,2.176747340398178e-06,-5.873773755204423e-05
37325.01577957207,20.88363347658503,-88.41828158798728,330.6816056642469,-11975.48620735892,2.304054296079568e-06,8.344029414119354e-05,-0.05106381835404649,3.560631066554587e-10,0.7053512246150543,0.02607612670786963,-0.7048690556989091,5.887456215030871e-05,2.176533461524282e-06,-5.88343162659466e-05
37411.05882720533,20.85740733744409,-88.3701843454101,339.7583391781005,-11940.90142676509,2.380918007310759e-06,8.36780262679723e-05,-0.05079924350231754,3.562730883126737e-10,0.7053462057664198,0.02668285946074557,-0.7048413261153766,5.904326070201155e-05,2.233574115145456e-06,-5.90009981356066e-05
37497.30022454834,20.835716092985,-88.42150552514701,328.3261667035828,-11914.48203559097,2.311135944570709e-06,8.386778297282693e-05,-0.05057027303268286,3.562418724692732e-10,0.7054363049561295,0.0260700968908291,-0.7049544172485623,5.918321560954093e-05,2.1871743124243e-06,-5.914278720530916e-05
37583.74042884442,20.81362936651358,-88.44573924778962,322.5373163972226,-11886.99755556394,2.280951215958989e-06,8.406364209675859e-05,-0.05033757677927449,3.562443278851749e-10,0.7054918296368172,0.02578925666903105,-0.7050203088739804,5.932539895248636e-05,2.168640197245019e-06,-5.928574837654125e-05
37670.37989839089,20.79426323386974,-88.45913275424014,319.1048988423041,-11862.7714244305,2.26593270475432e-06,8.423638069224942e-05,-0.05011944971247945,3.561508369600305e-10,0.7054529345822858,0.02563837156549412,-0.7049868912357367,5.944363897780583e-05,2.160368223885116e-06,-5.940436872874709e-05
37757.2190925416,20.77600345350227,-88.43880306123293,322.6752655904987,-11839.22072915133,2.300366090292845e-06,8.440232272217203e-05,-0.04990490684131656,3.560385421321918e-10,0.7053535929458087,0.02590023523043558,-0.7048779106317418,5.955291291572529e-05,2.1867535213554e-06,-5.951275111927527e-05
37844.25847170932,20.74276340795775,-88.449968408518,319.2401482498677,-11797.59868779526,2.291988206793025e-06,8.470099142962291e-05,-0.04961508624037957,3.564728946341991e-10,0.7054777951699471,0.02578281579754038,-0.7050065005993916,5.977384347484339e-05,2.184530833393052e-06,-5.973391154773838e-05
37931.49849736819,20.71699723181791,-88.48233391188933,311.733370362248,-11765.98010337132,2.250206250551881e-06,8.493117673513445e-05,-0.04936830781684946,3.566087720666736e-10,0.7054292526715079,0.02539825810023153,-0.7049718852622111,5.993124309963606e-05,2.157763056674777e-06,-5.989238647824049e-05
38018.93963205612,20.68766398256853,-88.49806264982243,307.5477545735467,-11729.61838403548,2.233810513128115e-06,8.519569553538525e-05,-0.04910254637472266,3.568915363319095e-10,0.7055379636925285,0.02522409217421354,-0.7050869190287014,6.012671632183494e-05,2.149624701550012e-06,-6.008827780265381e-05
38106.5823393773,20.65636007521804,-88.44319080753478,317.6938338500121,-11689.31694472651,2.323324346288451e-06,8.548505433689646e-05,-0.04882129172729892,3.572983390799991e-10,0.7053036413554481,0.02590624503649121,-0.7048277044621357,6.031242322390986e-05,2.215313126386857e-06,-6.027172457207509e-05
38194.42708400464,20.63679161334904,-88.45240506791956,315.1604636764645,-11665.17959954664,2.314365693050513e-06,8.566268482260639e-05,-0.04860842633505801,3.572141895641751e-10,0.7054984707979983,0.02581556835405551,-0.7050259915271714,6.045416596968286e-05,2.212136125699158e-06,-6.041367921962159e-05
38282.47433168226,20.60921484002876,-88.45336486176255,314.0418053344044,-11630.99104502914,2.31973047036345e-06,8.591456254987552e-05,-0.04835449511010256,3.574402130452439e-10,0.7053062017281158,0.02581230593764021,-0.7048337130545922,6.061535772008365e-05,2.218358713076279e-06,-6.057475114396941e-05
38370.72454922788,20.58696181133262,-88.41427562449442,321.1958545962166,-11602.56357872242,2.384126636981187e-06,8.61218489886006e-05,-0.04812537078163728,3.574918742091373e-10,0.7051581688998551,0.02630325660565769,-0.7046674264205303,6.074997198008762e-05,2.266047778006656e-06,-6.070769410090637e-05
38459.17820453535,20.56554107230282,-88.36712148601225,329.9676424848128,-11575.04029815088,2.460784310777237e-06,8.632263863149837e-05,-0.04790078639073341,3.575177594600045e-10,0.7051634720087131,0.02689903553947762,-0.7046502424199037,6.089346096264165e-05,2.322830713125271e-06,-6.084914169885164e-05
38547.83576657716,20.53586154695646,-88.38966230742578,324.3983615982374,-11539.04722923707,2.43442075953088e-06,8.659382859292041e-05,-0.04764201072725979,3.578081106229148e-10,0.7053904809264152,0.02664607543778691,-0.7048870244552407,6.110373393225658e-05,2.308189219892828e-06,-6.106012252681102e-05
38636.69770540691,20.51895682402956,-88.33427923372327,334.9206179134052,-11517.01511682744,2.522870118619907e-06,8.675468675222084e-05,-0.04744168095014644,3.576680893811063e-10,0.7050692135050419,0.02733069020877259,-0.7045393028109436,6.119103830164043e-05,2.371956226909223e-06,-6.114504879457087e-05
38725.76449216172,20.50085440040301,-88.31047178744943,339.0398273445073,-11494.28600407044,2.56394693264582e-06,8.692412208299112e-05,-0.04723915612382742,3.575511115204344e-10,0.7049139696938476,0.02763310484964924,-0.704372143249509,6.129777998609721e-05,2.402914474999286e-06,-6.125066394129796e-05
38815.03659906482,20.48406052309598,-88.2522605521052,350.0602358545428,-11472.39243334164,2.657239051246313e-06,8.708469589720903e-05,-0.04704073794175866,3.574095372971454e-10,0.7048635142204064,0.02836247249008288,-0.704292654961977,6.140847754949229e-05,2.470969513979879e-06,-6.135874366875092e-05
38904.51449942805,20.46242460667767,-88.21867806326686,355.9456573132634,-11445.2150166774,2.714663083373129e-06,8.728833193685419e-05,-0.04682136682827841,3.574342587134616e-10,0.7049410546715553,0.02879425909330939,-0.7043527391901817,6.155994241123878e-05,2.514498084360101e-06,-6.150856695663445e-05
38994.19866765435,20.4440587044914,-88.26145896352904,346.7438599136548,-11423.86730782686,2.654498945529702e-06,8.745545986033896e-05,-0.04662654993279074,3.572785816694618e-10,0.7048142226198399,0.0282791043109669,-0.7042466760067659,6.166528375786082e-05,2.474182466511469e-06,-6.161562822904512e-05
39084.08957924022,20.42470607281355,-88.26731909655862,344.8675872734372,-11400.50275854987,2.650984206024276e-06,8.76352370270424e-05,-0.04642416869087712,3.57187397652971e-10,0.7049453200702789,0.02822821747901988,-0.7043799202326434,6.180333382537802e-05,2.47479896451729e-06,-6.175376459792827e-05
39174.1877107783,20.40557061664874,-88.30758118434322,336.1918206562746,-11378.25325625064,2.594519682274744e-06,8.781029224810204e-05,-0.04622700189353245,3.57062741886564e-10,0.7049136654055483,0.0277479256789072,-0.70436732483556,6.192269318314057e-05,2.437498906046933e-06,-6.187470024280024e-05
39264.49353995997,20.39197831918806,-88.3464923909947,328.0091449785496,-11362.706680638,2.538403206886139e-06,8.79339235463215e-05,-0.04605766615291693,3.567289337896826e-10,0.7048845157490541,0.02728440453456522,-0.7043562605755505,6.200606838679185e-05,2.400107557569674e-06,-6.195959974450775e-05
39355.00754557775,20.36543401679488,-88.38486576710677,319.5148062375108,-11331.56620912763,2.486371116172209e-06,8.817894624396377e-05,-0.04582580178817437,3.56886558209408e-10,0.7050520485392338,0.02683504424947194,-0.704541178036812,6.219242054369004e-05,2.367110854765241e-06,-6.214735681655699e-05
39445.73020752785,20.34607520830198,-88.40877474936353,314.1504714769807,-11308.81268270058,2.454531920845094e-06,8.835842768607893e-05,-0.04562859983787623,3.567821523250991e-10,0.7050426977300956,0.02655673845642911,-0.7045423658411805,6.231744004621174e-05,2.347301747694995e-06,-6.227321662174248e-05
39536.66200681279,20.31796664645441,-88.44386390392793,306.3248800938118,-11275.88203708976,2.407469690290898e-06,8.861945600786862e-05,-0.04539109456470316,3.570011440016155e-10,0.7052336556192534,0.02614842122997931,-0.7047487276223174,6.251740039568748e-05,2.31799958315132e-06,-6.24744126036189e-05
39627.80342554393,20.29307639456084,-88.47135815441517,300.1319345867066,-11246.72389439894,2.371105988862253e-06,8.885150598123207e-05,-0.04516959171725156,3.571034929893264e-10,0.7051909311730162,0.02582479513232232,-0.704717907651735,6.26764807131989e-05,2.295275226158846e-06,-6.263443897911255e-05
39719.15494694403,20.27047096441802,-88.51498339587771,290.8888234435332,-11220.72954735346,2.308835913346324e-06,8.906091009682572e-05,-0.04496154500124858,3.571075538985328e-10,0.705101012795441,0.02530114857021239,-0.7046469258615868,6.281491271463124e-05,2.25398830830907e-06,-6.27744597432168e-05
39810.71705534973,20.24595952989946,-88.56618502719874,280.1535359472791,-11192.70245297723,2.234879901949987e-06,8.928798873119516e-05,-0.04474608983986458,3.571783880968541e-10,0.7052065132837587,0.02469133203533021,-0.7047741230352866,6.298304611733074e-05,2.205219712220353e-06,-6.294442869896149e-05
39902.49023621421,20.21783949885863,-88.58153811408067,276.3347933667297,-11159.68132066724,2.217510975513205e-06,8.955338381499942e-05,-0.04451146870784858,3.574113490227788e-10,0.7050989916477739,0.02451497830498589,-0.704672692717274,6.316018634831495e-05,2.195962008751932e-06,-6.312200005077461e-05
39994.47497610973,20.19110031293511,-88.6127998271936,269.4930869692267,-11128.74668664509,2.174705807257007e-06,8.980471565752201e-05,-0.04428599316918454,3.575805389014971e-10,0.7050170325047846,0.02414395786097975,-0.7046034951805589,6.332922254135672e-05,2.16876757569222e-06,-6.329207592499484e-05
40086.67176273028,20.16550252349332,-88.65310591294437,260.9709162634018,-11099.44560243095,2.117139704915228e-06,9.004481159783841e-05,-0.04406780497174825,3.57699921261827e-10,0.7052349025357664,0.02367190410711828,-0.7048375051815668,6.351707708924077e-05,2.132013252059221e-06,-6.348128544266885e-05
40179.081084894,20.13432063321786,-88.62012967201281,266.4625147485282,-11062.07256805149,2.176262100399651e-06,9.034655138806566e-05,-0.04381841203204054,3.580829382724379e-10,0.705100744662948,0.02408933336393133,-0.7046891258862487,6.371865702771688e-05,2.176908735752944e-06,-6.368145979617627e-05
40271.70343254591,20.10691247831088,-88.6633115139723,257.3936089893675,-11030.91106737729,2.114163630355029e-06,9.060501183342593e-05,-0.04359448132410931,3.582686014319225e-10,0.7052000209794812,0.02357793267307655,-0.7048057538643712,6.390878127688444e-05,2.136751130653469e-06,-6.387305080315411e-05
40364.53929676049,20.07976183711878,-88.70402364612126,248.8540516832834,-11000.08895580604,2.05555976427731e-06,9.08618529940737e-05,-0.04337268707307168,3.584461618277336e-10,0.7052878080531653,0.02309642133097577,-0.7049095314365813,6.409686229389879e-05,2.099012801057559e-06,-6.406248435070265e-05
40457.58916974426,20.05161156917482,-88.71970529726515,245.1170097862886,-10967.65654925875,2.036708603374403e-06,9.113166186307013e-05,-0.04314534775231055,3.586792801835986e-10,0.7050570108842628,0.02291245605917377,-0.7046846159484311,6.426574613710002e-05,2.088463857170316e-06,-6.423180244454828e-05
40550.85354483839,20.01595144964813,-88.75320798179307,237.8163706198123,-10927.02177975252,1.990822149878561e-06,9.147291641294812e-05,-0.042886631907697,3.591851085235006e-10,0.7050955901018433,0.02251813245018744,-0.7047359256430897,6.450908001640769e-05,2.060180248524023e-06,-6.447617437400331e-05
40644.33291652127,19.98669180755486,-88.75306584589892,237.1074071112377,-10893.20458428533,1.997230035758296e-06,9.175687780680677e-05,-0.0426555741303748,3.594715062894863e-10,0.7052130664831041,0.02254017440232501,-0.7048527574440039,6.472010624990784e-05,2.06859820321392e-06,-6.468703930829592e-05
40738.02778041126,19.95291946559038,-88.77607814961139,231.909999806689,-10854.8132159013,1.967327112173459e-06,9.208299924549202e-05,-0.04240748199598985,3.599132016483806e-10,0.7051185087333357,0.02227066862030968,-0.7047667193316719,6.494084697464919e-05,2.051110650169602e-06,-6.490844745397601e-05
40831.93863326922,19.92315554041485,-88.77325401466905,231.7127153596629,-10820.60349763045,1.978097960478424e-06,9.237392810569342e-05,-0.0421766046758837,3.602206854447713e-10,0.7049868691642529,0.02231785544010895,-0.7046335210750123,6.513391312097312e-05,2.061952244593952e-06,-6.510126720265503e-05
40926.0659730011,19.88653076854603,-88.82002301497212,222.0346676677065,-10779.74478947012,1.90993953808015e-06,9.272723489574666e-05,-0.04192070817764613,3.607544131683687e-10,0.7052201207110295,0.02176652550303798,-0.7048841302109196,6.540352906401688e-05,2.018671251077287e-06,-6.537236863085026e-05
41020.41029866068,19.85425674250139,-88.80441217703205,224.1992362649448,-10742.67004613593,1.941871718933442e-06,9.304620076302428e-05,-0.04168044706036485,3.611668611248497e-10,0.7052007299172696,0.02197466880712638,-0.7048582718580146,6.562705626066868e-05,2.044996218713539e-06,-6.559518659098714e-05
41114.97211045221,19.82495157661752,-88.78189681265904,227.7054668711368,-10708.94213922236,1.984650347364491e-06,9.333770518799917e-05,-0.04145402487842252,3.614710824090161e-10,0.7050683122746495,0.02226420496263413,-0.7047167020521115,6.582082643931194e-05,2.078448776015854e-06,-6.578800227883123e-05
41209.75190973302,19.78487490162286,-88.75586858381131,231.5771166087052,-10663.10664597293,2.035744865309987e-06,9.373708819196946e-05,-0.04118166338734525,3.62189936208616e-10,0.7047481419457521,0.02259084524045417,-0.7043859718132608,6.6073079158247e-05,2.117986010865045e-06,-6.603912419702244e-05
41304.75019901615,19.75205570020143,-88.76486091683509,229.1107133818874,-10626.36879127406,2.028027270567808e-06,9.406179823591856e-05,-0.04094539035098679,3.626062182911721e-10,0.7048582167153934,0.02250060765338525,-0.7044989910045527,6.631207379520385e-05,2.116825653393318e-06,-6.627827834346406e-05
41399.96748197304,19.7169189857648,-88.75254255584865,230.53308239444,-10586.72227007328,2.05591110323857e-06,9.441317331065897e-05,-0.04069880444125685,3.63127058441409e-10,0.7048785245491784,0.02266956520341391,-0.7045138928254822,6.656199887390658e-05,2.140697327254595e-06,-6.652756653480589e-05
41495.40426343628,19.68158962819407,-88.71224857766448,237.0759704783895,-10546.41835443968,2.130385245826025e-06,9.477103062478079e-05,-0.0404506147805672,3.636764145602134e-10,0.7047230169699346,0.02317678293623971,-0.7043417972688637,6.68005735156937e-05,2.19692326645776e-06,-6.676443776582631e-05
41591.06104940221,19.64236260707925,-88.65656408460286,246.2804995793318,-10501.61529570511,2.231922077719126e-06,9.517110396573244e-05,-0.04018613477486523,3.643879668338966e-10,0.7046889224708036,0.02387706479734505,-0.7042842914830102,6.708080527423408e-05,2.272907495941705e-06,-6.704228760830439e-05
41686.93834703355,19.61327891004409,-88.5451220049541,265.8388877131647,-10466.9756441747,2.424912274408709e-06,9.547699335426955e-05,-0.03996145984924371,3.647530382149992e-10,0.704478318849778,0.0252562743650689,-0.7040254415392996,6.727947665279811e-05,2.412038633432604e-06,-6.723622571430698e-05
41783.03666466218,19.57419016219603,-88.43235002287602,285.2066436298123,-10421.36912981197,2.624127447667956e-06,9.588486589153408e-05,-0.03969583216524861,3.655067086358053e-10,0.70439773481372,0.02665585156807659,-0.7038931981400876,6.756265325736608e-05,2.556709040596276e-06,-6.751426037554445e-05
41879.35651179183,19.548906632043,-88.31120964446934,306.3586394771837,-10390.85372635655,2.834982039389927e-06,9.615489786225734e-05,-0.03948856599620491,3.657370018425683e-10,0.7041571044842545,0.02815143059175895,-0.7035941477523009,6.773383221371526e-05,2.70792450169888e-06,-6.767968063790511e-05
41975.89839910075,19.53261159129332,-88.16159134734312,332.8345280310666,-10369.54916106806,3.092156226104954e-06,9.633695815749358e-05,-0.03931696686815293,3.656455200540693e-10,0.7041289607832822,0.03000450218683463,-0.7034893910090366,6.786480663412641e-05,2.891870456226662e-06,-6.780316412050231e-05
42072.66283844442,19.52314262234639,-88.02056303041442,357.9138861318445,-10355.87196035408,3.333394784083464e-06,9.644836625468149e-05,-0.03917480143450908,3.652863631421068e-10,0.703812774312926,0.03173881352957218,-0.703096770723485,6.791833285069495e-05,3.062813549657439e-06,-6.78492380972537e-05
42169.65034285822,19.52281231930893,-87.9440217495771,371.6864057892847,-10353.67035996023,3.462810120953948e-06,9.645979501283332e-05,-0.03907639270266771,3.64523723522957e-10,0.7036524464264062,0.03268772058462904,-0.7028927928815658,6.79140860870251e-05,3.154905068613729e-06,-6.784076696974977e-05
42266.86142656028,19.51746895677086,-87.92060378673223,375.6904604605731,-10347.24704705144,3.504357320039466e-06,9.65168263445881e-05,-0.03896233264901008,3.639111090139107e-10,0.7036993063810976,0.03299435536109988,-0.7029253774872147,6.795975060286719e-05,3.186429404306362e-06,-6.788500843084045e-05
42364.29660495411,19.50595211118515,-87.94281042546741,371.2413652178749,-10335.17891179162,3.471046022309875e-06,9.66322317842503e-05,-0.03882738398537218,3.634980894649914e-10,0.7038560154450114,0.03274639920915979,-0.7030938513576708,6.805519226919557e-05,3.166219291163122e-06,-6.798149932295877e-05
42461.9563946313,19.48859630603163,-88.00773585364144,358.909967595456,-10317.77739423401,3.367348126494654e-06,9.68029631799579e-05,-0.03867285950634582,3.632737172315244e-10,0.7037185540008383,0.03196065469135762,-0.7029924037973173,6.815937043127829e-05,3.09558145077957e-06,-6.808903842080457e-05
42559.84131337431,19.46179517039807,-88.06302223824115,348.0000605296691,-10289.91584610479,3.282911903090142e-06,9.707149809559665e-05,-0.03847972455650488,3.634195687135005e-10,0.7038061705450379,0.03130347486895649,-0.7031096771901234,6.835467624061201e-05,3.040238888807426e-06,-6.828703179563358e-05
42657.95188015926,19.44145506707137,-88.06507674974429,346.8863962241853,-10267.88543874894,3.286471325508937e-06,9.72800070437193e-05,-0.03830902916457807,3.633616735619541e-10,0.7038031933492963,0.03129544840830231,-0.7031070543506091,6.85011107935288e-05,3.045983591731631e-06,-6.843335563821351e-05
42756.28861515862,19.4095090911774,-88.01132005529912,355.287639763943,-10232.06729613137,3.389456127495928e-06,9.761426886920611e-05,-0.03808759228112416,3.637950150706828e-10,0.7036133376710904,0.03196384393383152,-0.7028869337451262,6.872013418192847e-05,3.121827751835372e-06,-6.864918814866004e-05
42854.85203974396,19.3913998706147,-87.96399621939523,363.0148058408011,-10211.40584813206,3.477000473018349e-06,9.780610154977577e-05,-0.03792326047796141,3.636927085584329e-10,0.7035831712750421,0.03256038289732612,-0.7028293536606341,6.88542116030309e-05,3.186431377864492e-06,-6.87804413372662e-05
42953.64267648873,19.37207832382417,-87.9861605012937,358.3464788640686,-10191.12260412981,3.44605698363445e-06,9.800344441045331e-05,-0.03776088445673582,3.635784260668815e-10,0.7036033622595398,0.03230685665948804,-0.702861265397171,6.899415622062323e-05,3.167955747402737e-06,-6.89213874568574e-05
43052.66104917105,19.35276963483232,-87.90900345325312,371.2636892831974,-10168.54758118936,3.585800092517897e-06,9.821154050319259e-05,-0.03759058260679993,3.635475368434357e-10,0.7034789946237041,0.03326492141976738,-0.7026920668968124,6.9131751747613e-05,3.268985011734882e-06,-6.905441938563125e-05
43151.90768277652,19.33796377394331,-87.92443228793087,367.9594771828876,-10153.03044224749,3.564827940449184e-06,9.836356676516717e-05,-0.03744689560714706,3.63265741923209e-10,0.7035509173678445,0.03309658823439009,-0.7027720179235787,6.924514594818869e-05,3.257444523349563e-06,-6.916848482194224e-05
43251.38310350088,19.32334955806533,-87.90053561209129,371.6050522008981,-10136.80977087259,3.611567770847856e-06,9.851797022368524e-05,-0.03730108187189993,3.630102057972188e-10,0.7033704038646432,0.03339867309799355,-0.7025770090659135,6.93370824303513e-05,3.292385543855754e-06,-6.925887089307722e-05
43351.08783875289,19.30966955835294,-87.93517388212555,364.9709157624645,-10123.00231308448,3.556930897700572e-06,9.865668235421533e-05,-0.0371646004144295,3.62669301254232e-10,0.7034177453080235,0.03299372984237424,-0.7026435356603744,6.943783652299504e-05,3.256973874145613e-06,-6.936141046848253e-05
43451.02241715714,19.29599885365209,-87.98276610879398,356.0770778556945,-10109.52841142481,3.4797158236155e-06,9.879402008792572e-05,-0.03702977121134186,3.623174361575745e-10,0.7034796200734107,0.03243055529254907,-0.7027316948466514,6.953853829352229e-05,3.205740929432724e-06,-6.946460633367921e-05
43551.18736855686,19.27733627870512,-88.02346478492397,348.2341081982584,-10090.60155586394,3.416018845404493e-06,9.898423004754799e-05,-0.03687543815501104,3.621621618866573e-10,0.7033541259802074,0.03194335085253965,-0.7026283860403685,6.965824889025484e-05,3.163581191727531e-06,-6.958637361222409e-05
43651.58322401661,19.25170839062695,-88.13398141016296,327.9453231965699,-10065.94423908918,3.233193298469525e-06,9.923954133379598e-05,-0.03670072570602671,3.622143161606761e-10,0.7035870785253772,0.03061585452307124,-0.7029206544978582,6.985651032209005e-05,3.03973285295829e-06,-6.979034359109374e-05
43752.21051582521,19.23120004184049,-88.17485971019616,320.0935385309311,-10045.14839260825,3.169008696889266e-06,9.944956328646009e-05,-0.03654066850398215,3.621293914879322e-10,0.7035955168908286,0.03013245965910495,-0.7029499884513581,7.00035593904281e-05,2.998000099044304e-06,-6.993933315906954e-05
43853.06977749856,19.20410743812397,-88.20954475512396,313.1363618109791,-10017.3135101294,3.1175024434055e-06,9.972971252389505e-05,-0.03635560679622872,3.62300443459509e-10,0.7036172523187141,0.029725628326413,-0.7029890644819,7.020156702716117e-05,2.96579664939188e-06,-7.013889123235025e-05
43954.16154378246,19.17469887158567,-88.23691156394501,307.4128418965496,-9986.962830877372,3.07924213976803e-06,0.0001000357584524181,-0.03616209353523663,3.625656851385674e-10,0.7037006786867498,0.02941117682622955,-0.7030857898307208,7.042428437789706e-05,2.943383662162164e-06,-7.036274811827799e-05
44055.48635065534,19.14847844914209,-88.28906937818535,297.5259492251902,-9960.610750494501,2.996164082201425e-06,0.0001003059539685161,-0.03598372344678227,3.626888153519381e-10,0.7037004008126765,0.02878900168339584,-0.7031112625225079,7.061250250613416e-05,2.88881951917352e-06,-7.05533856874668e-05
44157.04473533126,19.12529179235048,-88.2937232098282,295.9959815367545,-9936.433993326025,2.995294279848408e-06,0.0001005504998675296,-0.0358138230541237,3.627350980648053e-10,0.703697992614349,0.02874971977295447,-0.703110459616724,7.078422204773323e-05,2.891903301668477e-06,-7.072512273723251e-05
44258.83723626265,19.10006644834088,-88.33666118535849,287.8061282963699,-9911.055727709596,2.927481324592607e-06,0.0001008124139733003,-0.03564019320940986,3.628275143524136e-10,0.7037486813520444,0.02824279698973986,-0.7031817339229864,7.097212831944895e-05,2.848248906420691e-06,-7.091495241738093e-05
44360.86439314325,19.06767292327537,-88.3756126983873,280.1314222167364,-9878.215418152407,2.868505713875701e-06,0.000101151513620425,-0.03544040077290594,3.631964867524046e-10,0.7036670694312058,0.02777953457529516,-0.7031185121021075,7.120118750732729e-05,2.810897278112921e-06,-7.114568123888812e-05
44463.12674691089,19.05035363498177,-88.39984445387377,275.4629846235495,-9860.768133868454,2.830759498272513e-06,0.0001013328999297596,-0.03529643788034416,3.630023066589772e-10,0.7036765723353147,0.0275005890698344,-0.7031389877217658,7.132896023323966e-05,2.78762786949535e-06,-7.127446736957281e-05
44565.62483975033,19.0239941140575,-88.44488329281333,266.991889772954,-9834.472050251465,2.758519077483952e-06,0.0001016082503130381,-0.03512134846363742,3.631358125375395e-10,0.7038489119632257,0.02697255783999557,-0.7033319074202341,7.153872881767183e-05,2.741472591684886e-06,-7.148618082453021e-05
44668.3592150963,19.0005545858455,-88.51301962223665,254.6989319976271,-9811.761839757777,2.643872934665842e-06,0.0001018498639396116,-0.03495965432081771,3.631392009167065e-10,0.7038802682180124,0.02615544004879275,-0.7033941462242311,7.17097497488965e-05,2.664657819176521e-06,-7.166022472582725e-05
44771.33041763626,18.97258406335811,-88.59704080623086,239.6407854919308,-9784.79018846675,2.501481412499294e-06,0.0001021381678891184,-0.03478336942603147,3.633026903686065e-10,0.704136442586477,0.0251512570273272,-0.7036871066378042,7.193622724113486e-05,2.569511292828443e-06,-7.189032202879758e-05
44874.53899331323,18.94213787373345,-88.6309296641891,233.1208751206611,-9754.283426616863,2.448738643547461e-06,0.00010246054007179,-0.03459517264114412,3.636007422116762e-10,0.7038408089772459,0.02474288161146187,-0.7034057678120823,7.213192370999279e-05,2.535731980867635e-06,-7.20873392588839e-05
44977.9854893288,18.91036412286944,-88.67996144477371,224.0445544607474,-9722.849396019092,2.36873639442399e-06,0.00010279592502164,-0.0344043763961288,3.639373034690347e-10,0.7040571621674734,0.02416661604693588,-0.7036422828882272,7.238880369679427e-05,2.484730671089053e-06,-7.234614719627553e-05
45081.67045414601,18.874381280436,-88.72123476498142,216.2387155801387,-9687.085782181552,2.303195545943931e-06,0.0001031788075823486,-0.03419898976364626,3.6444079560989e-10,0.7040486101043495,0.02367776578991106,-0.7036503455531479,7.265633813378656e-05,2.443495708669043e-06,-7.261523806841677e-05
45185.59443749224,18.83940861537148,-88.76746248076421,207.677018639077,-9652.591477249151,2.227920035406499e-06,0.0001035511877370091,-0.03399883671722177,3.64901967926896e-10,0.7040116993781538,0.02312718083890541,-0.7036317263794751,7.291342650559032e-05,2.395247127098174e-06,-7.287407327703213e-05
45289.75799036209,18.80395915339726,-88.80703930634235,200.2781219660215,-9617.611805243288,2.164266488480162e-06,0.0001039308473884664,-0.03379771779458781,3.653868286081952e-10,0.7039221560006641,0.02265666280926508,-0.7035574442353449,7.317035642190198e-05,2.355084406638868e-06,-7.31324458523423e-05
45394.16166502032,18.77157711399491,-88.84999375334556,192.4286058027687,-9585.918686908662,2.093279304626227e-06,0.0001042776624578496,-0.03360886702472383,3.657517315911734e-10,0.7040922539811015,0.02215299449008245,-0.7037436656562603,7.343111682905488e-05,2.310377819549647e-06,-7.339476189138595e-05
45498.80601500485,18.74010187859699,-88.87299404270397,187.9674998558403,-9554.834521351275,2.058109049930483e-06,0.0001046185719023929,-0.03342283628270673,3.660976673069157e-10,0.7042549113433884,0.02189403300158454,-0.7039145057961296,7.368759064522978e-05,2.290816173814758e-06,-7.365197333647445e-05
45603.69159512962,18.69917145365744,-88.91844445281495,179.6314162824644,-9514.90615042711,1.983437475730558e-06,0.0001050608063298926,-0.03320661757693495,3.667884256343001e-10,0.7039867664109647,0.02134604409665028,-0.7036630682956084,7.396974788352279e-05,2.242885201080662e-06,-7.393573606806589e-05
45708.81896148752,18.66665351297771,-88.93256866208934,176.6879350150643,-9482.859785642582,1.964162845157035e-06,0.0001054168234814954,-0.03301866125230666,3.671815091956766e-10,0.7040645729059596,0.02119349380598891,-0.7037455212230816,7.422824485975942e-05,2.234391429711749e-06,-7.419460782226179e-05
45814.18867145335,18.62583543641459,-88.93322867441465,175.8263925853165,-9442.460510147748,1.971347345231867e-06,0.0001058678915345671,-0.03280237648465512,3.679043767575311e-10,0.7040774066061175,0.02120438946215485,-0.703758032537273,7.454718027210986e-05,2.245104627650112e-06,-7.451336518862472e-05
45919.80128368686,18.59297933904486,-88.95941833470479,170.9300341260215,-9410.595122643583,1.929482947471568e-06,0.0001062281588343501,-0.0326164898221649,3.68301122694744e-10,0.7039500248380869,0.02089758029050986,-0.7036397719057279,7.478667897698152e-05,2.22013008514564e-06,-7.475371813368965e-05
46025.6573581356,18.55277391640981,-88.98462943597207,166.0973078188317,-9371.631199374293,1.890583291108516e-06,0.0001066715023177486,-0.03240673823751478,3.689817974280088e-10,0.7038584768583172,0.0206039843323602,-0.7035568429593604,7.508841895291627e-05,2.198056368594411e-06,-7.505624030718005e-05
46131.75745603795,18.52258380211408,-88.99483781933161,163.9125404365387,-9342.306606674227,1.877458209249399e-06,0.0001070070062077784,-0.03223103472156284,3.692886970720643e-10,0.7039530124229332,0.02050012430330323,-0.7036544525567016,7.533444449952973e-05,2.193847386553703e-06,-7.530249372827726e-05
46238.10213992604,18.48557748971948,-88.99771825360254,162.8129864596645,-9306.310778488505,1.879321294956183e-06,0.000107421087247402,-0.03203300511477696,3.698644411953182e-10,0.7041361982917379,0.02048886539541883,-0.7038380439700245,7.564555309039184e-05,2.201124667061777e-06,-7.56135222863698e-05
46344.6919736288,18.44825257798654,-89.03441640876859,156.2526619827371,-9270.839509405349,1.817464551549033e-06,0.0001078344647549492,-0.03183751734444792,3.704256645767083e-10,0.7041167516576907,0.02005633066019433,-0.7038310475997965,7.593369596584826e-05,2.162924416946845e-06,-7.590288493200015e-05
46451.52752227495,18.41617310422345,-89.03225290213845,156.0783831629567,-9239.792331357525,1.827655902341834e-06,0.0001081966679087586,-0.03165791742742926,3.708155358822768e-10,0.7039303459236972,0.02009646288032468,-0.7036434211246174,7.616860298060239e-05,2.1745326243e-06,-7.613755635612746e-05
46558.60935229591,18.37399888095123,-89.03808221906138,154.4586916447293,-9199.330581388998,1.824641234991621e-06,0.0001086729256501157,-0.03144679266697856,3.715899041315568e-10,0.703932395669133,0.02004384748936499,-0.7036469724587096,7.650394795257132e-05,2.17838172320231e-06,-7.647292792483991e-05
46665.93803142887,18.34272020626142,-89.01561696318777,157.5438806665031,-9168.90168376395,1.873435333731824e-06,0.000109032126879231,-0.03127068879900866,3.719656327838541e-10,0.7039071858830389,0.02033797137918996,-0.7036133123086561,7.67545578157516e-05,2.217667373463237e-06,-7.672251362483005e-05
46773.51412871981,18.30360019283859,-89.01885628420675,156.3870649993851,-9131.631583392716,1.874893952522093e-06,0.0001094773460479616,-0.03107195027064775,3.7262479501055e-10,0.7038706205571975,0.02031613791092432,-0.7035773625010676,7.706387299014932e-05,2.224329622365029e-06,-7.70317653826844e-05
46881.33821452653,18.26796037271336,-89.00237372998495,158.4191801338717,-9097.427959437931,1.913545696970235e-06,0.0001098878564487475,-0.03088437071786315,3.731655180760284e-10,0.7038444575838161,0.02053681983987748,-0.7035447814477204,7.735032609222657e-05,2.25693289816474e-06,-7.731739261296237e-05
46989.41086052156,18.23107563418509,-88.98040508866478,161.2792693171015,-9062.075452983758,1.963295463595353e-06,0.0001103150560077299,-0.03069359833633979,3.737596872949209e-10,0.7036573848452937,0.02082012747930369,-0.7033492998070471,7.763089346304361e-05,2.29697738280423e-06,-7.759690402827495e-05
47097.73263969529,18.19664587869453,-88.95353466422509,164.9277879960756,-9029.076338828307,2.022377863744802e-06,0.0001107163585929063,-0.03051149281159737,3.742629243997277e-10,0.7036579873244866,0.02116912443681984,-0.7033394850967246,7.791399861317492e-05,2.343995466155227e-06,-7.787873178954873e-05
47206.30412635905,18.16230284028947,-88.95915551487263,163.45790288189,-8996.942238190475,2.018704397429408e-06,0.0001111121979386763,-0.03033297896161132,3.74735812460176e-10,0.7037813586452265,0.02112299825237608,-0.7034642988250015,7.820610550329472e-05,2.34724521980977e-06,-7.817087295067482e-05
47315.12589614805,18.12503295316798,-88.93374266500808,166.7915151134552,-8961.576474882366,2.07613079004056e-06,0.0001115488688627273,-0.0301442544399884,3.753493917095222e-10,0.703358458584205,0.02144133509879393,-0.7030315714184747,7.846689158249477e-05,2.392002109376189e-06,-7.843042394713756e-05
47424.19852602448,18.09388278999378,-88.94975512904999,163.760100035073,-8932.880282909526,2.051535977894777e-06,0.0001119083664622262,-0.02997862056209556,3.756891199433979e-10,0.7033407453069255,0.02126357286026164,-0.7030192490096681,7.871735873291443e-05,2.379802825235522e-06,-7.868137711300775e-05
47533.52259428053,18.05638707319443,-88.94528772229359,163.8146828572058,-8897.999910418077,2.068334885983289e-06,0.0001123467280783149,-0.02979288283474868,3.762943821419501e-10,0.7033215177270496,0.0213370988726767,-0.7029977848539626,7.90236332406099e-05,2.397388723698061e-06,-7.898725933879407e-05
47643.09868054156,18.02286867708735,-88.90913878074383,168.826756715661,-8866.289900089341,2.146841524122217e-06,0.000112745868562027,-0.02961843170501616,3.767716389783796e-10,0.7033116576152744,0.02179966082619,-0.7029737281900427,7.930418397814603e-05,2.45809136547406e-06,-7.926607965125193e-05
47752.92736576909,17.9873790964871,-88.86437127147799,175.0913035873649,-8832.709799465872,2.243396450635928e-06,0.0001131710679378873,-0.0294383926395457,3.773342001558032e-10,0.703234415854111,0.02236584095850754,-0.7028786615055912,7.959570420156231e-05,2.531481424995941e-06,-7.955543808651615e-05
47863.00923226385,17.95168812216863,-88.88044284719528,171.9797089045261,-8800.316574930315,2.219804821044223e-06,0.0001135888953655019,-0.02926297167979905,3.778520965432709e-10,0.7031742992758875,0.02218620885273907,-0.7028242079630425,7.988227447202781e-05,2.520406145237807e-06,-7.984250326541267e-05
47973.34486366891,17.91889064079789,-88.85577455982278,175.1617833109312,-8769.859797589428,2.276569116418398e-06,0.0001139814381489312,-0.02909462621328048,3.782922823533778e-10,0.7031058820111696,0.02250607987658513,-0.7027455853203871,8.015118911400881e-05,2.565600872578827e-06,-8.011011676781046e-05
48083.93484497285,17.87872581235589,-88.82791379833623,178.6690663189413,-8732.766742882857,2.341875978503333e-06,0.0001144633320270621,-0.02890493464146325,3.790253623276377e-10,0.702967544056961,0.02286280629410642,-0.7025956590286007,8.047498205702456e-05,2.617309919705706e-06,-8.043240905171643e-05
48194.77976251274,17.83980330746597,-88.83299377971377,177.1788079053679,-8697.634912137824,2.341150018489761e-06,0.000114926092889418,-0.02872243832831254,3.796810812676102e-10,0.7029410022814152,0.02281920173462513,-0.7025705208166616,8.079710811130534e-05,2.622873759792542e-06,-8.075452440817267e-05
48305.88020397729,17.80278523918773,-88.75039186477912,188.9586533663005,-8662.568988615178,2.516904729785321e-06,0.0001153842942417242,-0.02854084572294267,3.803412463346952e-10,0.7028150128979981,0.02384737564125447,-0.7024103110218686,8.11071395779127e-05,2.75206475275288e-06,-8.106043566443291e-05
48417.23675840994,17.76831785100335,-88.73892874756088,190.0061837825654,-8631.387321009224,2.5491542814999e-06,0.0001158001150626422,-0.02837270463686091,3.808373427537483e-10,0.7028992387181778,0.02401041867255202,-0.7024890316480128,8.140951695664373e-05,2.780877369598278e-06,-8.136200693302322e-05
48528.8500162121,17.73973768656839,-88.66140859337399,201.0551483717574,-8604.20546041846,2.714292113059394e-06,0.000116158811199271,-0.02821830375016917,3.811617912759537e-10,0.702468110084895,0.02496521183560091,-0.7020243470736949,8.161407646661107e-05,2.900505629372468e-06,-8.156251923887477e-05
48640.72056914616,17.70945981359659,-88.62706837601347,205.5507013578135,-8576.489370068291,2.792868359795785e-06,0.0001165308882020903,-0.02806271497727989,3.815140865783099e-10,0.7024894226503952,0.02540645159927331,-0.7020298434915849,8.187911808125512e-05,2.961265726498868e-06,-8.182555152922089e-05
48752.84901033863,17.68216279237857,-88.59255160823497,210.1065537335621,-8551.501698176175,2.871393668249719e-06,0.0001168679767186503,-0.02791659961933416,3.81748856943869e-10,0.7025688263150598,0.02585205431306817,-0.7020930330073891,8.212642366089992e-05,3.021962668277476e-06,-8.207080604551877e-05
48865.23593428337,17.66246304676545,-88.56695720153894,213.478343145783,-8533.490743784725,2.929737242791287e-06,0.0001171120464711865,-0.0277937312229247,3.816747325071528e-10,0.7024719067664257,0.02618187735945351,-0.7019838239546495,8.22874682341843e-05,3.066941725035701e-06,-8.223029427678782e-05
48977.88193684462,17.62716641240145,-88.53767315566958,217.0307980551584,-8501.689391508538,3.000737266726916e-06,0.0001175470781835896,-0.02762646806644828,3.822213108808751e-10,0.7022807092769658,0.02655328158614578,-0.7017785390417444,8.257169621791468e-05,3.122041473953227e-06,-8.251265280754523e-05
49090.78761526029,17.59255938547316,-88.59027256965999,208.4988635690748,-8472.342903983985,2.902910890597467e-06,0.0001179596668482715,-0.02746778608048709,3.826631188411857e-10,0.7023946402926499,0.02593311289949182,-0.7019157387943251,8.28730282196e-05,3.059755120349753e-06,-8.281652434683619e-05
49203.95356814509,17.56935277370888,-88.58945558580908,208.1178567908365,-8451.960538072735,2.911596446935192e-06,0.0001182440500385383,-0.02733868319318923,3.827037087559877e-10,0.7022884369933875,0.0259591367318234,-0.7018085009137134,8.30602620297866e-05,3.070209596847758e-06,-8.300349957374227e-05
49317.38039549359,17.53264600286167,-88.62546081449177,202.0516185186105,-8420.628602538023,2.847890807384039e-06,0.0001186876450947821,-0.02717469288286418,3.83244224471034e-10,0.7023310673949855,0.02553964273030989,-0.7018665506186968,8.337562217748631e-05,3.031880122758053e-06,-8.332047813355473e-05
49431.06869868354,17.49537115566455,-88.70472490084333,189.6996291756846,-8389.828904508135,2.693632233651552e-06,0.0001191310371570369,-0.02701302595716067,3.837664699971964e-10,0.7024159857114348,0.02459164832575666,-0.7019853757847018,8.36944867429127e-05,2.930151685972522e-06,-8.364317857576183e-05
49545.019080479,17.45483733522383,-88.68123476157596,192.3213067977786,-8354.218711019434,2.754137521723094e-06,0.0001196365998120679,-0.02683650603443648,3.845158893513524e-10,0.7022253853876986,0.02489277066033494,-0.7017840421751935,8.402761472190423e-05,2.978645013313682e-06,-8.397480401726126e-05
49659.2321450336,17.42184001764624,-88.73117533980106,184.4278394141004,-8326.768643714675,2.658645807247616e-06,0.0001200357202733699,-0.02668680791840083,3.848962089652123e-10,0.7022070028519355,0.02430055299299181,-0.7017864048117012,8.430404314295989e-05,2.917423010022205e-06,-8.425354789699147e-05
49773.70849789361,17.37664669763071,-88.78812107570225,175.3514523952232,-8289.111774135485,2.550933093315958e-06,0.0001205862241230753,-0.02650501946727001,3.857555079119766e-10,0.7023263751571169,0.02362722670230505,-0.7019288364212524,8.470321946164081e-05,2.849532979859363e-06,-8.465527478523463e-05
49888.44874600122,17.33513626904886,-88.75892769594394,178.7951271222922,-8253.027593756377,2.623767216966823e-06,0.0001211108131957627,-0.02632894327317447,3.865510296923595e-10,0.7024018550997881,0.02400766887375083,-0.7019914514314773,8.508174607388669e-05,2.908042414911095e-06,-8.503203398892921e-05
50003.45349769783,17.28954101972741,-88.78232610315024,174.6089900008264,-8214.721499294688,2.586334786324747e-06,0.0001216776981156302,-0.02614646471960599,3.874603686569033e-10,0.7022788539353185,0.02373709791672443,-0.7018775811116895,8.546424051070527e-05,2.88870017089813e-06,-8.541540737709051e-05
50118.72336272722,17.24851389001507,-88.74891521757955,178.6280787864424,-8179.308480518233,2.668759678630552e-06,0.0001222014412302169,-0.02597387340308941,3.88242919250009e-10,0.7022440068617739,0.02416549050497887,-0.7018280945088569,8.582889653151318e-05,2.9535280670517e-06,-8.577806334823801e-05
50234.25895223871,17.20553610494163,-88.75345110672048,177.1944084903709,-8143.19430488234,2.670882808856311e-06,0.0001227438149058116,-0.02579971623373647,3.890678401117149e-10,0.7019651868575395,0.02412070442421926,-0.7015506504722376,8.617542676340026e-05,2.961132598179369e-06,-8.61245369891192e-05
50350.06087879047,17.16221847019694,-88.75325831296323,176.4314116614757,-8106.87559412222,2.683263006310184e-06,0.0001232936877487834,-0.02562557624193665,3.899120195902559e-10,0.7019648479786181,0.02414344797553654,-0.7015495290551459,8.656141179642869e-05,2.977201705205228e-06,-8.651019756189109e-05
50466.12975635282,17.11824514763578,-88.75552975535224,175.3140177765661,-8070.24010497325,2.690536144558542e-06,0.0001238536026558329,-0.02545110177550841,3.907812121137732e-10,0.7019848117812414,0.02413676361613134,-0.7015697346762358,8.695687998887055e-05,2.989890410537448e-06,-8.690546319266591e-05
50582.4662003114,17.0780288227838,-88.76382879793964,173.427655803621,-8037.018538338421,2.683652241425474e-06,0.000124366340044479,-0.0252880360366827,3.914940460389406e-10,0.7018591078959644,0.02405132577508873,-0.7014468911221857,8.730092797876995e-05,2.99163042220746e-06,-8.724965428797584e-05
50699.07082747044,17.03103641956735,-88.75396163348721,173.9636771702583,-7997.998570591171,2.718257016889196e-06,0.0001249721556201739,-0.02510738336178318,3.924992303372175e-10,0.7017831381270504,0.02419003885228879,-0.7013661062382295,8.771698891836848e-05,3.023551371730131e-06,-8.766486344030708e-05
50815.94425605605,16.97985193726346,-88.72200489659743,177.4742242418822,-7955.302473700045,2.802888381506992e-06,0.000125639793441315,-0.02491591430635775,3.936982050463053e-10,0.7016359362519621,0.0245966392868404,-0.7012046722433903,8.816815181522571e-05,3.090834027645523e-06,-8.811395882336825e-05
50933.08710571953,16.93672957324543,-88.74142325860375,174.0112828526284,-7920.461364952061,2.7724701369887e-06,0.0001261943607650994,-0.02474973832204536,3.945205698640768e-10,0.7016094873081397,0.02437869125726206,-0.7011858185198654,8.8553285339157e-05,3.076944143646408e-06,-8.849981219807779e-05
51050.49999754062,16.8889425981298,-88.66512815198784,183.6220441560999,-7880.055730399378,2.955496754206864e-06,0.0001268337864399648,-0.02456684697296003,3.956314818117505e-10,0.7016372947748075,0.02533403948569866,-0.7011797771344003,8.900816078055757e-05,3.213820411994759e-06,-8.895012110108133e-05
51168.18355403079,16.84766936948337,-88.65087979594884,184.7896063160854,-7846.378467586962,2.999840901282145e-06,0.0001273766827217813,-0.02440559409672267,3.964157300735395e-10,0.7015840018893955,0.02552718423509119,-0.7011194438697068,8.938284644322639e-05,3.252201279488145e-06,-8.932366105982828e-05
51286.13839913649,16.79298587813928,-88.62325348718348,187.5043645997707,-7801.82910194242,3.078702596193348e-06,0.0001281010794734126,-0.02421121389699415,3.977623737429329e-10,0.7013338156649616,0.02587676952649871,-0.7008562718518304,8.986011185745332e-05,3.315524436756292e-06,-8.979892538746382e-05
51404.3651582426,16.74330818388509,-88.620664038596,186.8994423474437,-7762.054153220894,3.100294479128098e-06,0.0001287572254666665,-0.02403238097054861,3.988811041152354e-10,0.7012986286836342,0.02592794421011893,-0.7008191694742538,9.031591607764827e-05,3.339099689589475e-06,-9.025416948932493e-05
51522.86445817565,16.69808125192126,-88.56345561313475,193.7226364237827,-7724.901266780921,3.244303375710086e-06,0.000129370133090795,-0.02386234217437687,3.998777081132401e-10,0.7011202083508523,0.02664174901810439,-0.7006138478271743,9.072494065492984e-05,3.447441779343938e-06,-9.065941761349768e-05
51641.63692720711,16.64993367442309,-88.48506360007505,203.2484168691486,-7685.182420430789,3.438865234233575e-06,0.0001300295817869864,-0.02368505034994534,4.01019924594767e-10,0.7009236109137987,0.02761344616804213,-0.7003794728053949,9.116500886110019e-05,3.591518427112405e-06,-9.109423601980637e-05
51760.68319505676,16.59902755986712,-88.45316518830793,206.430747762333,-7644.47297930075,3.529902490566605e-06,0.0001307181439839099,-0.02350540191680343,4.022282613631517e-10,0.7010338293405886,0.02802870279610908,-0.700473284072631,9.166350619209576e-05,3.664886150678668e-06,-9.159021223324543e-05
51880.0038928961,16.54574215215596,-88.38499507931149,214.3179361616534,-7601.376812027524,3.706200374215862e-06,0.0001314506199987048,-0.02331913267462091,4.035783588332434e-10,0.7006286069453883,0.0288663862125972,-0.7000336967727058,9.212684807214089e-05,3.795690256773906e-06,-9.204862232093407e-05
51999.59965335159,16.49963113341856,-88.38437232375814,213.3889005514512,-7565.507149835976,3.725206636975575e-06,0.0001320737740989475,-0.0231557140424227,4.045592035185991e-10,0.7003671229136159,0.02888422791145261,-0.699771254222589,9.252903026865102e-05,3.816040918064424e-06,-9.245030705286271e-05
52119.47111050806,16.44598419896557,-88.29160509258227,224.3529635037407,-7522.071260732141,3.961601180895492e-06,0.0001328239481391991,-0.02296981910842217,4.059594806389223e-10,0.7001014362451907,0.03002684567855026,-0.6994572249760348,9.302362456310368e-05,3.989716167697549e-06,-9.293802715658687e-05
52239.61889991197,16.39872081621273,-88.22925652769507,231.3816335100539,-7484.409899390717,4.12666178871125e-06,0.0001334834916425026,-0.02280224964688544,4.070638793244824e-10,0.7001831411925742,0.03081265962995479,-0.699504832875963,9.349950093819226e-05,4.114592495146627e-06,-9.340892250898679e-05
52360.04365857501,16.34596963788156,-88.15803544207698,239.3486579815403,-7442.566208694107,4.31654880333847e-06,0.0001342234401179873,-0.0226226167633912,4.084109944845418e-10,0.6999504119502331,0.03169275757303267,-0.6992325423682153,9.399020061388451e-05,4.255742394660299e-06,-9.38938042051154e-05
52480.74602497726,16.29122905701288,-88.07780872201818,248.3275596493401,-7399.254652893393,4.530645469446462e-06,0.0001349966939543482,-0.02243923805205092,4.098568117434572e-10,0.6997534247151671,0.03268379078095446,-0.6989897175358103,9.450937964404412e-05,4.414304642211752e-06,-9.440623260795767e-05
52601.72663907063,16.23863290183596,-87.98386468214322,259.0042169722511,-7357.503697799782,4.778680540717457e-06,0.0001357474413349007,-0.02226130503959485,4.11234595158833e-10,0.6993102527195915,0.03382962092652356,-0.698491507684028,9.498009591348537e-05,4.594728345283477e-06,-9.486889422338561e-05
52722.98614228227,16.17973586239624,-87.94981294212226,261.7741644059445,-7312.578077714076,4.889107262338498e-06,0.0001365756573697893,-0.02207448843418726,4.128094356659314e-10,0.6992341504275889,0.03426227157050522,-0.6983942252560662,9.555116233837157e-05,4.681979378313764e-06,-9.543638558387928e-05
52844.52517751802,16.11546052966743,-87.82023678208951,276.4036626653612,-7261.853949173825,5.233835226380749e-06,0.0001375066692008101,-0.02187094969895042,4.14736846876433e-10,0.6988495590423134,0.03584320317108716,-0.6979297750920733,9.615759612836464e-05,4.931814308068607e-06,-9.603103925719233e-05
52966.34438916578,16.06744332098163,-87.69587305204645,290.6487047266316,-7223.545570155948,5.561155276751717e-06,0.0001382124121355096,-0.02170553768432328,4.159773795362438e-10,0.6984585616594495,0.03735844110974289,-0.6974587509188174,9.660521242141798e-05,5.167121340119546e-06,-9.646692658130957e-05
53088.44442309884,16.0109297332801,-87.55025158682196,307.1206876384661,-7178.694351820021,5.948726119769124e-06,0.000139046597364945,-0.02152115593993393,4.176136341100009e-10,0.6980158552306801,0.03912752050411358,-0.6969183390416828,9.713688258819976e-05,5.445041594247736e-06,-9.698415066901714e-05
53210.82592667943,15.95167619740066,-87.37469932544812,326.9902764184345,-7131.392501828219,6.416143139452962e-06,0.0001399308737144206,-0.02133017761006717,4.194167702216468e-10,0.6978368581342036,0.04127348694767642,-0.6966152308454048,9.774279449509087e-05,5.780987211837302e-06,-9.75716867875417e-05
53333.48954876208,15.91258938656756,-87.2081384843153,346.1945822662757,-7099.129789070081,6.852964226147047e-06,0.0001405281450760915,-0.02118484290341457,4.203538364498276e-10,0.6973572474398232,0.04329006850219862,-0.6960122847521599,9.810598061718648e-05,6.09015628214269e-06,-9.791676786597302e-05
53456.43593969716,15.86870514274777,-87.08362170349238,359.8954655368909,-7064.474448278203,7.192683973067116e-06,0.0001411869195586302,-0.02103294035648415,4.214443859521753e-10,0.6971093046486789,0.04480809979703947,-0.6956677488717895,9.854147700076848e-05,6.333951227093941e-06,-9.833770259338876e-05
53579.66575133417,15.82695915532508,-86.9455785571464,375.1847935253516,-7031.163815659363,7.567561819324591e-06,0.0001418201583727168,-0.02088561884922163,4.224671210491562e-10,0.696772861009227,0.04648311764200733,-0.6952206409574322,9.894806527087553e-05,6.601024258857032e-06,-9.872763594649385e-05
53703.17963702527,15.78264203493208,-86.88048296926301,381.3820966524914,-6997.874389824686,7.764973521965836e-06,0.0001424773470594862,-0.02073892659251251,4.235005599681158e-10,0.6964501801317459,0.04727260203609792,-0.6948439785320716,9.936659718463284e-05,6.744657031321055e-06,-9.913743106205109e-05
53826.97825162881,15.73078270649016,-86.82831771186376,385.6570029036575,-6959.69574564661,7.937600118128404e-06,0.0001432445965115349,-0.02057834224238241,4.248443798867793e-10,0.6963498539095725,0.0479198954771408,-0.6946990734536378,9.989225744180358e-05,6.874168937800167e-06,-9.965545092083094e-05
53951.06225151276,15.6639620882768,-86.79324407871214,387.2358826460733,-6911.598759423853,8.080857226095194e-06,0.0001442315789469548,-0.02038912787485058,4.268169063509173e-10,0.6961853748396492,0.04835536076299107,-0.694504021029471,0.0001005601643045317,6.984667014085559e-06,-0.0001003173019556286
54075.4322945581,15.59196734977241,-86.74619444864815,389.9936809777178,-6859.956785347266,8.26063495805808e-06,0.0001453038897700628,-0.02019024139904433,4.290409561234353e-10,0.6959101090061098,0.04892797931951069,-0.694187966372657,0.0001012723879219106,7.120249063427816e-06,-0.0001010217729436614
54200.08904016238,15.51561179203422,-86.60864019749309,403.1740907933449,-6803.521795782508,8.679657997995367e-06,0.0001464683463490909,-0.01997808755313791,4.316048847307399e-10,0.6955820821258414,0.05059228625815807,-0.6937397592366271,0.0001020500390740627,7.422481001396958e-06,-0.0001017797487263632
54325.0331492433,15.43712321994488,-86.4614617112905,417.146729859123,-6745.822720138784,9.131906564911393e-06,0.0001476751904649183,-0.01976309942015484,4.342953784781921e-10,0.6950097459494673,0.05235280353823644,-0.6930351585067167,0.0001028221799416866,7.745257411471896e-06,-0.0001025300525484631
54450.26528424212,15.35248567613016,-86.27025137472306,435.6749666227359,-6683.310251920205,9.712649579286824e-06,0.0001489932988570489,-0.01953492526174468,4.373493740436631e-10,0.6943241095189049,0.0546331711268271,-0.6921713557146432,0.0001036595265088406,8.156491432520479e-06,-0.0001033381298628355
54575.7861091271,15.27559538429993,-86.02510714238851,460.3592365727089,-6625.162677642961,1.043786989547737e-05,0.0001502143990428827,-0.01932042512088479,4.401731879023078e-10,0.6939599053887623,0.05758574872008358,-0.691566505718378,0.0001044843196076463,8.670252744276566e-06,-0.0001041239634340873
54701.59628939716,15.19285641400089,-85.81825279298087,479.9611666077417,-6564.457743652067,1.107880475569169e-05,0.0001515254789943179,-0.01909936765085965,4.432219647507582e-10,0.6933392470955435,0.06005020248099176,-0.6907338740390593,0.000105329065590196,9.122564087235826e-06,-0.000104933268711968
54827.69649208536,15.11893829136415,-85.49985942774798,512.1404162143574,-6507.156871336376,1.202055787318382e-05,0.0001527308786523219,-0.01888910619648369,4.460965402369642e-10,0.6923719421395415,0.06382036391494156,-0.6894243014369633,0.0001060635357006579,9.776556550810008e-06,-0.0001056119905471606
54954.08738576245,15.03277756361667,-85.15595343305826,545.8888547602631,-6441.426767747193,1.306267532008911e-05,0.0001541380919054762,-0.0186552986214638,4.49612169847945e-10,0.6916380505421067,0.06790712110464259,-0.6882963139963523,0.0001069797291798822,1.050359421299343e-05,-0.0001064628431144393
55080.76964054035,14.95578132516474,-84.80097440639237,580.6729365390523,-6381.72384266612,1.414082583194222e-05,0.0001554107995880835,-0.01843988204297273,4.527746720396911e-10,0.6909458483951306,0.07211979049688495,-0.6871716679499762,0.0001078137317668354,1.125341988199479e-05,-0.0001072248166165402
55207.74392807573,14.87896891747694,-84.32162189994129,628.3063343223243,-6318.945423548731,1.55815104048147e-05,0.000156704951845943,-0.01821649152328881,4.562212680087378e-10,0.6897295658674378,0.07775104512336575,-0.6853332393908154,0.0001086065909957368,1.224287949231888e-05,-0.0001079143341241182
55335.01092157365,14.80052003587037,-83.83486524747332,675.6612080076646,-6255.015492332476,1.707002424127366e-05,0.0001580278175189339,-0.01799071904281442,4.598241132016157e-10,0.6886154271512902,0.08345726622350491,-0.6835393852772881,0.0001094428548011492,1.326400935742206e-05,-0.0001086361105838737
55462.57129579107,14.73340569717571,-83.26795446344167,731.3738632053918,-6195.980254685665,1.878927111167213e-05,0.0001591770757265394,-0.01777993449986042,4.631376701421403e-10,0.6873856916509935,0.09007703580732855,-0.6814581547730425,0.0001101649981534961,1.443634425900317e-05,-0.0001092150117089923
55590.42572704037,14.67095019564758,-82.71190324475589,785.2623436973819,-6140.05232360258,2.049390123234477e-05,0.0001602440596971158,-0.01757892056705167,4.662813654314371e-10,0.6859687866353895,0.09650868863619738,-0.6791459705068934,0.0001108069469739356,1.558938737823247e-05,-0.0001097048335254923
55718.57489319298,14.61327563562916,-82.04680050097869,849.9151480034028,-6083.512099598802,2.252536225897243e-05,0.0001612317584552057,-0.01737698826408407,4.69532604796626e-10,0.6846664509315601,0.104209282545219,-0.6766894224551091,0.0001114511773505534,1.696336546754809e-05,-0.0001101526629947679
55847.01947368306,14.56779573518405,-81.34559040141168,918.2527458916179,-6032.909998149533,2.465823551767034e-05,0.0001620043242526145,-0.01719281452229474,4.723819398705015e-10,0.6830711561123792,0.1122425208929023,-0.6737861833076638,0.0001119239778327805,1.839139203565754e-05,-0.0001104025974010734
55975.76014951101,14.53631128972638,-80.60833728514069,990.5927424304243,-5989.094088293639,2.688137614370039e-05,0.0001625239960394131,-0.01702869110215572,4.747434655697063e-10,0.6814856664320242,0.1206439755821554,-0.6707218087314833,0.0001122514646729189,1.987197035847213e-05,-0.0001104784871153093
56104.79760324706,14.51472679330371,-79.85846671828398,1064.330981647442,-5950.134280046205,2.913030466662911e-05,0.0001628527472880751,-0.0168790072005372,4.767529234637715e-10,0.6799485340495722,0.129141333827936,-0.667572112099737,0.0001124778788678077,2.136270993425908e-05,-0.0001104305567262337
56234.13251903491,14.49335822993538,-79.07444541556387,1140.678371566939,-5909.263562331941,3.149258065176655e-05,0.0001631467414198824,-0.01672451345558858,4.789462431669684e-10,0.6785292210376429,0.1379968100709981,-0.6643483906898393,0.0001127321507794377,2.29270556339712e-05,-0.0001103761203309604
56363.76558259543,14.48444086927905,-78.28991222611998,1217.736244475185,-5875.016655516604,3.382722620262088e-05,0.000163200790197368,-0.01658934479994028,4.806301708101017e-10,0.6768416920960466,0.1467360114738122,-0.660744443106559,0.0001127976874857053,2.445399412950645e-05,-0.0001101150329121183
56493.69748123025,14.48133692461185,-77.46307575090077,1299.02621158736,-5841.710007641442,3.627243131064968e-05,0.0001631168201987117,-0.01645735834752947,4.822587738161396e-10,0.6753228691486447,0.1559264133693819,-0.6570752857998223,0.0001128358613692836,2.605285851630854e-05,-0.0001097869763409003
56623.92890382535,14.48342823320449,-76.65645709883664,1378.393194384097,-5811.283397586433,3.864186228688972e-05,0.0001629134659649582,-0.01633398629057797,4.836688036349733e-10,0.6739680413765491,0.1648510805521682,-0.6534960153189339,0.0001128334536024388,2.759881122968954e-05,-0.0001094060961307077
56754.46054085471,14.48050790648962,-75.75807823864682,1465.310339869789,-5773.084828393842,4.130468747179095e-05,0.0001627337623278733,-0.01618929998755423,4.85749310345652e-10,0.6723584513278227,0.1746801486693129,-0.649270923985369,0.0001128734091785456,2.93247505957313e-05,-0.0001089975481471283
56885.29308438413,14.49271277851866,-74.7550499197752,1563.877317650235,-5738.228506382598,4.421107232312599e-05,0.0001622206759053739,-0.01605454383485139,4.875759695318767e-10,0.6705368565367448,0.185536222355931,-0.6443570331486028,0.0001127307887868854,3.119238635553944e-05,-0.0001083294317069933
57016.42722807475,14.5200242943156,-73.65453283069819,1673.604837539453,-5706.468260198635,4.732411892137788e-05,0.0001613604218327568,-0.01592896425401448,4.891620153353729e-10,0.6684489433820642,0.1972826928098163,-0.6386732568585487,0.0001123928157556575,3.31710560159868e-05,-0.0001073863402685343
57147.86366718671,14.56601026643526,-72.46291594739174,1794.83416110988,-5679.665907906588,5.058715942197874e-05,0.000160080619687547,-0.01581768497276096,4.903400211619966e-10,0.6665627643438172,0.2099488037680318,-0.6326352966805153,0.0001118933639354992,3.524330965436563e-05,-0.0001061980885770011
57279.60309858293,14.65354802477047,-71.04000613889728,1945.86627888659,-5664.050442696538,5.425096776135233e-05,0.0001579143548040859,-0.01573791676463788,4.905610008380352e-10,0.66458648686724,0.2249454290730221,-0.625359698466166,0.0001109567805244664,3.755601580358823e-05,-0.0001044076281758916
57411.64622073274,14.78033586743078,-69.62764046089416,2105.208427478255,-5669.104310455663,5.756552442695418e-05,0.0001550178872566088,-0.01571573074988328,4.889964245329486e-10,0.6628657407641324,0.2396892385408002,-0.6180129927489497,0.0001096009051491745,3.963118906749448e-05,-0.0001021847702087491
57543.9937337157,14.97000320423205,-68.21391758843575,2281.75723655162,-5708.82136693651,6.036864741092439e-05,0.0001510387777945128,-0.01578943484494759,4.844775729128737e-10,0.6616204461796635,0.2544051488384612,-0.6107533340453062,0.0001076055318378796,4.137629285964317e-05,-9.933253682105356e-05
57676.64633922509,15.20130305574666,-66.89493620949756,2464.606377487049,-5776.773998720108,6.24814611023632e-05,0.0001464498685044364,-0.01594063100710776,4.776774661016649e-10,0.6604822838380425,0.2679547775934769,-0.6036862466784769,0.0001051519774573989,4.265969795492754e-05,-9.610977335107846e-05
57809.60474057181,15.48832185679915,-65.8577144768747,2642.141524959237,-5894.90558219859,6.331390787840221e-05,0.0001412602260164541,-0.01622919524665881,4.670283864116254e-10,0.6604635042211205,0.2788508222123889,-0.5987104971181955,0.0001022291154107118,4.316161711303016e-05,-9.267074428235057e-05
57942.86964268809,15.79837882686984,-65.19451634021637,2797.415693003998,-6052.640828464967,6.291983743819927e-05,0.0001361367843725324,-0.01662512941713762,4.538112193833895e-10,0.661170653485767,0.2860879580292798,-0.5960707284386922,9.914776004046521e-05,4.290114823398513e-05,-8.938551225588688e-05
58076.44175213121,16.12204481230407,-64.94960151908674,2921.478817647678,-6250.770608476017,6.136635961441727e-05,0.0001312989280325594,-0.01712985524695967,4.384161765463262e-10,0.6626656791600473,0.2893059243417195,-0.5961777289344428,9.603114811771345e-05,4.19251833096394e-05,-8.639595137076362e-05
58210.32177708716,16.42967915219309,-65.13381748513484,3000.101806100362,-6473.167669217697,5.893818940179978e-05,0.000127167945215122,-0.01769852150901806,4.223799313824949e-10,0.6643699969990039,0.2881468706487146,-0.5986308326905735,9.310950777350757e-05,4.03829393467005e-05,-8.389635658087648e-05
58344.51042737448,16.70177201744404,-65.76452024086078,3019.601645795256,-6707.806044501105,5.580213331470589e-05,0.0001239600222319593,-0.01829787380961809,4.066676584396233e-10,0.6666663108979194,0.2825333625022898,-0.6038367901671701,9.061758629380226e-05,3.84037575304291e-05,-8.20773924613758e-05
58479.00841444806,16.92025292322815,-66.64823413598519,2990.480245018822,-6926.584522124822,5.253780041135428e-05,0.0001216886537745643,-0.01885121166260431,3.929171574968039e-10,0.6691096004917588,0.2742085371319627,-0.6103419825263457,8.867800759065814e-05,3.634123127114053e-05,-8.088945506026297e-05
58613.81645140288,17.09689364495791,-67.76169834150177,2916.532492764581,-7133.110395587245,4.911026969994727e-05,0.0001201114598228697,-0.01936863776852263,3.806634560147203e-10,0.6712786392495448,0.263167532248995,-0.6175417892602044,8.709807429468787e-05,3.414585827041595e-05,-8.012574435735143e-05
58748.93525297769,17.21196626163174,-68.93598287629571,2810.698913807019,-7297.739110079261,4.59587257008513e-05,0.0001193278968262822,-0.01977008175148663,3.712203690082878e-10,0.6735350536296559,0.2513196200155607,-0.6248903240274549,8.611717759282753e-05,3.213334812020395e-05,-7.989753572633127e-05
58884.3655355589,17.29245140006545,-70.19269342450684,2679.574975292196,-7439.828838294588,4.285182498319073e-05,0.0001189779148645505,-0.02010865744417634,3.63293131788873e-10,0.6754318561959913,0.2382445717395479,-0.6320187626969643,8.540548923233632e-05,3.012501412201721e-05,-7.991608796208045e-05
59020.10801718442,17.33232475463416,-71.39723053257561,2539.411124149444,-7544.501121133244,4.007396280990728e-05,0.0001190583338288176,-0.02034467043403395,3.574288503361456e-10,0.6771809258988198,0.2255100501199037,-0.6385289529035481,8.505927459592131e-05,2.832584401551038e-05,-8.020428140438213e-05
59156.1634175474,17.33363537571619,-72.51368248268888,2397.57031547828,-7610.458191580808,3.765772850578482e-05,0.000119534583212424,-0.02047533123192711,3.535162055991929e-10,0.6785859206537668,0.2134897814469188,-0.6441280656261354,8.50351200885324e-05,2.675288220764017e-05,-8.071712917377115e-05
59292.532458,17.31652779761369,-73.48129193251971,2268.957726738396,-7650.698662145564,3.562985708515124e-05,0.0001201403167284453,-0.02053625405609956,3.508480239920104e-10,0.6799687993496001,0.2030168923060227,-0.6489543200621608,8.519904041329604e-05,2.543770306623962e-05,-8.131297405740534e-05
59429.21586155727,17.27463073894249,-74.46281158852841,2132.275107762169,-7669.401928572292,3.364997374339334e-05,0.00012103277507884,-0.02053911043238878,3.491874554574719e-10,0.6810364216558028,0.1921942478564673,-0.6533544051375388,8.554462815778239e-05,2.414141879074945e-05,-8.206750456437009e-05
59566.21435290104,17.22915961737262,-75.24098477237371,2021.34540568586,-7672.704089710836,3.210715693545331e-05,0.0001218736360617457,-0.02050069483221083,3.482344097240052e-10,0.6821428078828274,0.1836235217310019,-0.6569636311192365,8.596217571408671e-05,2.313984294472128e-05,-8.27891497842148e-05
59703.52865838369,17.17515938564033,-75.90115652188375,1924.378006352712,-7661.924533158018,3.083528061497558e-05,0.0001227708860996983,-0.02042480889239577,3.479222967578469e-10,0.683025043551274,0.1762922790254513,-0.6598819913243824,8.645031869013118e-05,2.231327218269956e-05,-8.352110802740832e-05
59841.15950603199,17.12388149087525,-76.53232905899183,1832.291602992809,-7651.05967452452,2.960274340495591e-05,0.0001236115233792531,-0.02034893670415762,3.476150271152465e-10,0.6835880185230678,0.1691746323552091,-0.6623235786500236,8.687885975916699e-05,2.150081446856265e-05,-8.417631050504324e-05
59979.10762555094,17.06509352862991,-77.07211489107414,1751.200777846063,-7629.080135401707,2.858190188920441e-05,0.000124516630356418,-0.02024381260177534,3.478147175337195e-10,0.6841320290353002,0.1630801077311459,-0.6644106498351412,8.73913149296422e-05,2.083192198089176e-05,-8.487209760406503e-05
60117.37374832779,17.01565249942619,-77.51254753044259,1685.256171715733,-7609.585353763178,2.774272490132969e-05,0.0001252691647868057,-0.02014564257249822,3.479037732024135e-10,0.6846509195674334,0.1581109491283049,-0.6661439855093483,8.783372925806473e-05,2.02840219761121e-05,-8.545947839679117e-05
60255.95860743578,16.96427546832901,-77.98566697953287,1615.219551289356,-7589.674165194971,2.682550300746481e-05,0.0001260490110967228,-0.02004671716729723,3.480142283585033e-10,0.6853456936597194,0.1527830455178909,-0.6680988406068372,8.83116802203887e-05,1.968718499830866e-05,-8.608930020734612e-05
60394.862937638,16.91881825836848,-78.37029914058108,1558.042499605282,-7570.266064530161,2.608195095289313e-05,0.0001267278063630797,-0.01994946599903526,3.481039795205898e-10,0.685730546025487,0.1484012413618048,-0.6694799872398636,8.871232408543758e-05,1.919853081458086e-05,-8.661000438287311e-05
60534.08747539136,16.87052781170521,-78.8126257711977,1493.376333422475,-7550.834059793056,2.520667704051991e-05,0.0001274504163967602,-0.01985249328440363,3.481971447195724e-10,0.6862369877227652,0.143357681477507,-0.6710959532587037,8.914502946328369e-05,1.862275710539706e-05,-8.717814632006751e-05
60673.63295885053,16.82072076645918,-79.23331668813196,1431.695308050701,-7528.992445663272,2.437530670884264e-05,0.0001281847464608038,-0.01974954038175909,3.484041105401e-10,0.6865654794974788,0.138516196373217,-0.6724473369565079,8.957386616675207e-05,1.807173766578465e-05,-8.773192006218871e-05
60813.5001278718,16.76857762811153,-79.5946160516789,1377.723990824103,-7502.65693563847,2.367712171040823e-05,0.0001289382507669711,-0.01963519506554905,3.488229440253928e-10,0.687072534199888,0.1343959320304556,-0.6737999708411403,9.006069844716165e-05,1.761646828338909e-05,-8.832094570378496e-05
60953.68972401693,16.71128697197389,-80.01497011332688,1315.942832054647,-7474.502052479195,2.284627475343562e-05,0.0001297659164034011,-0.01951652072563302,3.493315944760654e-10,0.6875937617308101,0.1295709498628944,-0.6752751662268895,9.058791429052266e-05,1.707048951575086e-05,-8.896498526498906e-05
61094.2024905572,16.65480000350952,-80.36251780212005,1264.063793661443,-7443.975243295594,2.217242488350705e-05,0.0001305717185669695,-0.01939210936434278,3.499574243672326e-10,0.6879835101012535,0.1255674525027323,-0.6764274721233723,9.110643242948976e-05,1.6628309340001e-05,-8.957612047037101e-05
61235.03917247734,16.59130281052894,-80.74846994334041,1206.902674809373,-7409.413167893125,2.141568419992829e-05,0.0001314751021953383,-0.0192576790513493,3.507812075583536e-10,0.6881449550512573,0.1210604756297976,-0.6774126072068515,9.165548467611221e-05,1.612430126461261e-05,-9.022602052590513e-05
61376.20051647942,16.52559662867766,-81.08342245953352,1156.486803140042,-7371.216317233449,2.07731129325483e-05,0.0001324036803467018,-0.01911433916754665,3.517879630643505e-10,0.6886472462212051,0.117207777093675,-0.6785995628622291,9.228384999476206e-05,1.570671338466051e-05,-9.093738573605397e-05
61517.68727098683,16.46173637762763,-81.39530926923793,1109.724089221884,-7333.647805734884,2.017171186185878e-05,0.0001333054151661826,-0.01897318236357384,3.527768534401884e-10,0.6889415212500529,0.1135847748101452,-0.6795137368984278,9.287406015773341e-05,1.531200963120819e-05,-9.160312992052221e-05
61659.50018614822,16.39690636532448,-81.68587624167277,1066.012804900095,-7294.663315235745,1.961439376930437e-05,0.0001342201500974863,-0.01882891884147474,3.538464800862162e-10,0.6892188845271086,0.1102058362152807,-0.6803508980319513,9.347842032001005e-05,1.494716368156189e-05,-9.227565964760732e-05
61801.64001384158,16.31535817396115,-82.0003960982955,1018.032703095266,-7244.042445144615,1.902418898369019e-05,0.00013537092871702,-0.01865525191328333,3.554996236691335e-10,0.6894581270755584,0.1065307335970835,-0.6811781791791367,9.423838354577046e-05,1.456112233344381e-05,-9.310664127606701e-05
61944.10750767815,16.23675816848347,-82.24748772766446,979.3287928345516,-7193.611273627304,1.858057589632719e-05,0.00013648270245526,-0.01848277162985126,3.57168513099371e-10,0.6897965948753879,0.1036673722111644,-0.6819621824122741,9.500224110525648e-05,1.427758960064534e-05,-9.392324659112263e-05
62086.90342300637,16.16453645911102,-82.48427009221918,943.0329976768935,-7147.882189953512,1.81416933837684e-05,0.0001375081119673242,-0.01832303948900239,3.586268038500987e-10,0.6899327249368078,0.1008925628825213,-0.6825158281635125,9.568182485909652e-05,1.399206644705101e-05,-9.465322860266378e-05
62230.02851691595,16.08979011676269,-82.65985939289114,914.4023896688577,-7098.565166588995,1.785044096487084e-05,0.0001385741330874837,-0.01815476807656414,3.602878013701153e-10,0.6900241663708921,0.09883807608611923,-0.6829087676193938,9.639779369295604e-05,1.380788229152713e-05,-9.540375786882321e-05
62373.48354824191,16.01815165079132,-82.83237473949967,886.7978339693275,-7051.769901943816,1.755553175635702e-05,0.0001396006685063454,-0.01799360839887934,3.618445191288519e-10,0.6900839656057646,0.09681441092456455,-0.6832589914691994,9.708304043753081e-05,1.362013586632842e-05,-9.61228830174064e-05
62517.26927756858,15.95109405567054,-82.98519279592003,862.3104147482284,-7007.981636870373,1.7296233889873e-05,0.0001405661898710056,-0.01784074914809731,3.632680280966622e-10,0.6901659748995502,0.09502765668413236,-0.6835925814212507,9.773362517048565e-05,1.345675926801277e-05,-9.680277433507646e-05
62661.38646723355,15.87354095982049,-83.1061170107577,841.0091267260239,-6955.95150194244,1.713109210454441e-05,0.0001416905501589637,-0.01766756415484895,3.651435102574791e-10,0.6900880716707374,0.09359887676552014,-0.6837110478341488,9.847884549613411e-05,1.335700427524752e-05,-9.756881390609642e-05
62805.8358813318,15.80481360255463,-83.25065960598891,817.9329369051183,-6911.362153804755,1.688690088713613e-05,0.0001426907786939302,-0.01751393695889379,3.666540454760358e-10,0.6901288052568871,0.09190397632253655,-0.6839820370312404,9.914990281594065e-05,1.32037240749372e-05,-9.826680466446133e-05
62950.61828571976,15.73754119346519,-83.32878965285524,803.0797926008643,-6866.064605264335,1.680512857627034e-05,0.0001436782491198768,-0.01735913246405738,3.682241311537461e-10,0.6902061559234888,0.09100625626675295,-0.6841800925158444,9.983116961315969e-05,1.316311210390308e-05,-9.89595619739272e-05
63095.73444801933,15.6672097550203,-83.46360098074638,781.5090248939973,-6820.689361892073,1.658108597143239e-05,0.000144712899136778,-0.01720475142632254,3.698212489520384e-10,0.6900194530540142,0.08939693864987905,-0.68420394105339,0.0001004954342359817,1.301989984372767e-05,-9.964845463095668e-05
63241.18513762197,15.59673395439438,-83.58709541816359,761.5059113917172,-6775.202383044609,1.638236936446093e-05,0.0001457557535635697,-0.01705070749959835,3.714478586411724e-10,0.6901437119031519,0.08796283448459642,-0.6845150712941946,0.0001012130496869776,1.290019250156727e-05,-0.0001003875812058499
63386.9711256927,15.52931837466192,-83.68689730849806,744.7179554841371,-6731.456982316834,1.62364235854268e-05,0.0001467599728288047,-0.01690165398220026,3.730019110420196e-10,0.6901890628058178,0.08680112277935803,-0.6847090677806276,0.0001018972239802574,1.281502986099118e-05,-0.0001010881756910503
63533.09318517436,15.46554882157099,-83.78435930721068,728.6643024086743,-6690.457940358289,1.608772703990275e-05,0.0001477144698328682,-0.01676007572388939,3.744245243821447e-10,0.6903103979100768,0.085676464063526,-0.6849729841156802,0.0001025587607660834,1.272887096555038e-05,-0.0001017657862634446
63679.55209079159,15.39095663917548,-83.92938340545889,706.5683947169391,-6643.770964025907,1.582852390672983e-05,0.0001488335571208935,-0.01660484339129066,3.761884690345883e-10,0.6902592567925532,0.0839613924704793,-0.6851338016491567,0.000103299885711166,1.256513717273836e-05,-0.00010253284213251
63826.34861905489,15.31858025221956,-84.02304967417928,690.7369454081041,-6597.453064055091,1.569731669970649e-05,0.0001499301736303313,-0.01645115676643397,3.779582438574607e-10,0.6902829335158234,0.08286932764712829,-0.6852905973662002,0.0001040465643311166,1.249091989888471e-05,-0.0001032940679283609
63973.48354826482,15.2491744738405,-84.0879017900417,678.5500270884568,-6552.660611459122,1.563558899852651e-05,0.0001509906478188853,-0.01630188429445886,3.796666558217386e-10,0.6902417603636912,0.08211402100836604,-0.6853400435577984,0.0001047638382365183,1.246314046449144e-05,-0.0001040198631599259
64120.95765851615,15.17557927625746,-84.18295124208969,662.8411946894875,-6506.29324767988,1.549736821662013e-05,0.000152118520985768,-0.01614930234024888,3.814929336681185e-10,0.6901367254641015,0.08099002883035851,-0.685368014328339,0.0001055123009692384,1.23822483026236e-05,-0.0001047832314008082
64268.77173170198,15.10274309177026,-84.22686214158661,653.0576040493296,-6459.352108982243,1.549376125226872e-05,0.0001532478280634944,-0.01599591511733343,3.833815177944673e-10,0.6899772699085525,0.08047158050171756,-0.6852685296451422,0.0001062627212642687,1.239334902971878e-05,-0.0001055375328038098
64416.92655151775,15.03068657802761,-84.29228567740482,641.0653756379631,-6413.908622055071,1.542907086294515e-05,0.0001543690462765374,-0.01584684828021712,3.852098319219782e-10,0.6900421793619083,0.07972203691261019,-0.6854214806446004,0.0001070378972214221,1.236631534788965e-05,-0.000106321144116776
64565.42290346557,14.95200864661365,-84.32823879937433,632.0159388535682,-6363.7175280655,1.545409351443255e-05,0.0001556060215135546,-0.01568667957997373,3.873550636961278e-10,0.6898876607584907,0.07929970826239023,-0.6853149208475781,0.0001078646334241224,1.239858958045192e-05,-0.0001071496809147644
64714.26157485831,14.87107249248631,-84.40666578985561,618.3221288483762,-6313.700207349893,1.536389842611728e-05,0.0001568810885991536,-0.01552759117922857,3.895257524279306e-10,0.6896621059391405,0.07836154821852842,-0.6851958027667752,0.0001086982023089654,1.235062699276825e-05,-0.000107994264653667
64863.44335482384,14.79980128027696,-84.45661865976277,608.4751301150236,-6269.496353820053,1.533578119944076e-05,0.0001580140576899184,-0.01538341604759823,3.913699506411404e-10,0.689811760751896,0.07780667678631208,-0.68540964854538,0.0001094975859175268,1.235067849101329e-05,-0.0001087988146193597
65012.96903430906,14.71986533898,-84.51009682001403,597.837834133253,-6220.272639841162,1.530986055362146e-05,0.0001592932084325877,-0.01522753310170393,3.935597817304282e-10,0.6895107473545912,0.07715894554756138,-0.6851799528879076,0.0001103258057460017,1.234588854590955e-05,-0.0001096328529662368
65162.83940608428,14.64305225273004,-84.51085939304677,593.115935605607,-6172.005691463976,1.542747133988025e-05,0.0001605393401163881,-0.01507462264598748,3.957252970506327e-10,0.6892717148821093,0.07714884763325268,-0.6849405465041363,0.000111150114990499,1.244081702567352e-05,-0.0001104516823508582
65313.05526474724,14.55947747221298,-84.5216652758283,586.9761689147092,-6120.23692587697,1.552771379868187e-05,0.0001619031442807194,-0.0149138017766659,3.981547459419654e-10,0.6889239501702167,0.07700662194562242,-0.6846065945451147,0.0001120356970383446,1.252313925813502e-05,-0.0001113335905914702
65463.61740672747,14.47869552945179,-84.5161094640939,582.7736642793874,-6070.224770267782,1.567132829336299e-05,0.0001632340152278481,-0.01475791158720323,4.00511839790187e-10,0.688665924801252,0.07707000262700349,-0.6843398064393429,0.0001129153236980804,1.26365832555916e-05,-0.0001122060029119065
65614.52663029054,14.39308140991606,-84.51399856045839,577.9661877854812,-6017.819003787637,1.581381130636233e-05,0.0001646543625092831,-0.01459685362788248,4.030704963824698e-10,0.6883314566642617,0.07708368180494797,-0.6840016814547591,0.0001138428476140743,1.274883743331921e-05,-0.0001131267479289497
65765.78373554205,14.30544103290809,-84.46938431098849,577.4407845712226,-5963.549277841398,1.608588540140852e-05,0.0001661278053649105,-0.0144319476181901,4.058030617141041e-10,0.6880933626864701,0.07761537764762998,-0.6837019298830375,0.0001148304132054497,1.295261133108096e-05,-0.0001140975620100634
65917.38952443213,14.22354967005496,-84.44147940920969,575.5196676135118,-5913.683590570482,1.630234487150869e-05,0.0001675127971807273,-0.01427835632010078,4.08283705414205e-10,0.6877170575074556,0.0779317271858963,-0.6832871995614552,0.000115729819969342,1.311444097346078e-05,-0.0001149843583627352
66069.34480075957,14.13681065205043,-84.38908674120857,575.7784180090016,-5860.747887194649,1.660266150571207e-05,0.0001689955897928232,-0.01411799979665738,4.110239153731445e-10,0.6873061622550418,0.07853561711597941,-0.6828044504233742,0.0001166948410795815,1.333423423466308e-05,-0.0001159305142400564
66221.65037017618,14.05808846679207,-84.31380669513575,578.7391188661665,-5812.39014502287,1.696246089346006e-05,0.0001703573118154513,-0.01396930788628648,4.134903456300076e-10,0.6869077138259122,0.07941271078952938,-0.6823018603804329,0.0001175821457823029,1.359355376141369e-05,-0.0001167937340053237
66374.30704019091,13.97379273743377,-84.18484816679573,586.5938163991179,-5759.758123179409,1.750038671898136e-05,0.0001718361014819343,-0.01381097622251069,4.163090823481256e-10,0.6863863452175012,0.08091287727525881,-0.6816005583859784,0.0001185395893638186,1.397373259722252e-05,-0.0001177130793235996
66527.31562017412,13.89490739059318,-84.07370356052327,592.8420940387125,-5711.177449694896,1.798179869656389e-05,0.0001732286628318648,-0.01366299111155281,4.188846803996215e-10,0.6858593081798311,0.08219792788069524,-0.6809159208514929,0.0001194322210624573,1.43135494064755e-05,-0.0001185714035140854
66680.67692136219,13.81978907666742,-83.95635577202115,599.7759015280269,-5664.973148969003,1.848213777161327e-05,0.0001745665571840959,-0.01352128563728531,4.213298957888225e-10,0.6855434654146686,0.08358004031823615,-0.6804294378061218,0.0001203249621846432,1.466977033265079e-05,-0.000119427360194903
66834.39175686146,13.74111765286125,-83.86886635864751,603.4722952749861,-5617.939635970917,1.890256131298445e-05,0.0001759707102596919,-0.01337818508634607,4.238801342275708e-10,0.6850241991751148,0.08458107722620077,-0.6797824614027365,0.0001212206015533077,1.496730929174931e-05,-0.0001202930334371483
66988.46094165267,13.67044180904758,-83.74265054313743,611.2539725000632,-5574.712418185464,1.943508955003308e-05,0.000177250439158667,-0.01324471446571647,4.261845122797873e-10,0.6842606532628076,0.08600865812119657,-0.6788336705937879,0.0001219951522011024,1.533427252915271e-05,-0.0001210275887827722
67142.88529259522,13.60015939852143,-83.6359122338078,617.0638092495047,-5532.550068074076,1.991178568824645e-05,0.0001785276491890984,-0.01311431117981014,4.284447038883823e-10,0.6840547151951996,0.08727316345239794,-0.6784646256967246,0.0001228624592105972,1.56750552940641e-05,-0.0001218584282058639
67297.66562843176,13.52806822970187,-83.56195916253532,619.5615414904779,-5490.604572250743,2.029313677047318e-05,0.0001798394220358208,-0.01298495051910809,4.30724885528339e-10,0.6833905593956309,0.08808954582445348,-0.6776893747046022,0.0001236628786681569,1.594023602968152e-05,-0.0001226312212930025
67452.80276979219,13.45200703796848,-83.49614131719461,620.9835082973541,-5447.040765356984,2.066097017207747e-05,0.0001812304920749056,-0.01285229712378778,4.331711320663237e-10,0.6831998121598148,0.08886954853436679,-0.6773951481067045,0.0001246007871120061,1.620787286616008e-05,-0.0001235421426319208
67608.29753919819,13.37420793843293,-83.43484869546272,621.8207908142912,-5403.020494063315,2.102216645908404e-05,0.0001826622684315544,-0.01271911067954973,4.356959437861008e-10,0.6826677682801303,0.08955078920671766,-0.6767687478016606,0.0001255026662742798,1.646315138141579e-05,-0.0001244181815031301
67764.15076106749,13.29185482498624,-83.42108774005455,617.9712910099886,-5358.241644248481,2.124149777368175e-05,0.0001841785850134473,-0.01258468724812743,4.383266095809016e-10,0.6824321926655322,0.08970883570160623,-0.6765101790685402,0.0001265042375618728,1.662956112704528e-05,-0.0001254064584374848
67920.36326171843,13.20241751779721,-83.40722697504971,613.7217391308077,-5310.10822181487,2.147840020615607e-05,0.0001858376887344226,-0.01244295423742363,4.412825553639628e-10,0.6820248040012384,0.08984535024188293,-0.6760810944796793,0.0001275710823842998,1.680535445384286e-05,-0.0001264593259604942
68076.93586937414,13.10727517574117,-83.35896475382935,612.2476298208065,-5258.51328434815,2.184507080910184e-05,0.0001876244013893677,-0.01229371404324487,4.445874061409351e-10,0.6817271783878277,0.09040190484903995,-0.6757066237297767,0.0001287538868048351,1.707368723570694e-05,-0.0001276168193128537
68233.86941416697,13.00690310139199,-83.32799330672083,608.8941293479432,-5205.214893701407,2.216980941696852e-05,0.0001895216534462323,-0.01214112122470561,4.481067314012959e-10,0.6810607535473596,0.09070500640233826,-0.6749935939222306,0.0001299368146908606,1.730523972647968e-05,-0.0001287792859508707
68391.16472814293,12.89747446596428,-83.26785117697167,607.569132974836,-5147.063970785797,2.261866310809847e-05,0.0001916155703648252,-0.01197787282344186,4.52127127837891e-10,0.6805290522739754,0.09136874156320778,-0.6743675140856585,0.0001312859546310619,1.762662801754311e-05,-0.0001300972861673925
68548.82264526613,12.78700848312486,-83.22582707254035,604.5687559354481,-5089.578294817484,2.301426044814623e-05,0.0001937461691465052,-0.01181685567475405,4.561821964939329e-10,0.6800153574923672,0.09182065889441815,-0.6737876913580916,0.0001326569685770146,1.791231643149225e-05,-0.0001314420793813805
68706.84400142322,12.67465507246173,-83.08878066549937,609.6061677304342,-5029.256603849015,2.375239345557083e-05,0.0001959574688825543,-0.01164994638035693,4.605919430822492e-10,0.6794141839922372,0.093376128109896,-0.672966962122987,0.0001340908090734264,1.842893607670535e-05,-0.0001328183699382235
68865.22963442763,12.55664599140486,-83.01244054905736,608.9622304656576,-4968.517767768049,2.430307450810845e-05,0.0001982885825490244,-0.01148277827254743,4.651502775325214e-10,0.6786313881013325,0.09419079763186616,-0.6720629840705513,0.0001355515424678426,1.88139071212094e-05,-0.0001342395529054155
69023.98038402418,12.4337728306021,-82.87911511292511,612.7201800013626,-4904.634913887888,2.50797531398167e-05,0.0002007556416388323,-0.01130906804075039,4.701251080914338e-10,0.6776855357048885,0.09564768450594684,-0.6709017854740533,0.000137086138735286,1.934816527292824e-05,-0.0001357138826130973
69183.09709189364,12.31391393541027,-82.70716096662544,619.6558519026423,-4841.972124254887,2.600463722130744e-05,0.0002031994503728413,-0.01113890285751064,4.751140208004228e-10,0.6767868785605206,0.09755798137485384,-0.6697185373436788,0.0001386233986064348,1.998238938693632e-05,-0.0001371756201210236
69342.58060165691,12.18026623170129,-82.56727422542741,622.8655804155303,-4774.446562893766,2.686699217801376e-05,0.0002059433407349877,-0.01095829956744494,4.807254279222227e-10,0.675806598042093,0.09907588291485754,-0.6685046951083204,0.0001403359611789352,2.057379921828193e-05,-0.0001388196700246094
69502.4317588797,12.0433971447909,-82.40644926455411,627.3492177070636,-4705.804145639571,2.783497970158635e-05,0.0002087927412299434,-0.01077591059833938,4.866158870109253e-10,0.6748045264041534,0.1008290146668869,-0.6672290900858854,0.0001421191643239766,2.123538705412533e-05,-0.0001405237175881956
69662.65141107688,11.89796141490605,-82.22291919612785,632.8363741674341,-4633.602312343268,2.893528153432338e-05,0.0002118629599983632,-0.01058617060065282,4.930618203159533e-10,0.6737579890342842,0.1028328556754507,-0.6658642741438788,0.0001440474737072314,2.198536168065423e-05,-0.0001423598207121881
69823.24040771712,11.73918253257562,-81.97121821994084,642.4422343093936,-4554.611694239156,3.036515398165039e-05,0.0002152745850696873,-0.01038177203993237,5.004593122484816e-10,0.6723701316896085,0.1055659226003763,-0.664031196536603,0.0001461545658027205,2.294709543752338e-05,-0.000144341913233693
69984.19960022735,11.57237291246889,-81.73553497720145,649.8236310876217,-4473.801720218798,3.179616106079889e-05,0.0002189051201663289,-0.01017412019074564,5.08327259170676e-10,0.6708861160681743,0.108084204815928,-0.6621223341666919,0.0001483786319100255,2.390478213449971e-05,-0.0001464403626005922
70145.52984199714,11.39981023555148,-81.39556061540434,664.1192757156696,-4388.984026850689,3.370439242953355e-05,0.0002227431809572452,-0.009958275382595229,5.169590366313924e-10,0.6694150689754914,0.1117922165729226,-0.6600144202100244,0.0001507816001731739,2.518050471670576e-05,-0.0001486641622348669
70307.23198838334,11.21087114996628,-80.97661627899038,682.2886997832849,-4296.451813424168,3.605221246856629e-05,0.0002270250023014082,-0.00972590620514795,5.268781473708301e-10,0.6671827447450011,0.116252966709596,-0.6569764551463704,0.0001533412578974912,2.671888068145096e-05,-0.0001509955058560198
70469.30689671467,11.01742156321843,-80.45541332167889,706.3368350713678,-4200.817985930431,3.892567306477739e-05,0.000231503808672873,-0.009487548223939435,5.376334320243835e-10,0.6645569683469383,0.1217699456611733,-0.6533054756483743,0.0001559826829333641,2.8581451597937e-05,-0.0001533417686073993
70631.75542629619,10.82317811193515,-79.79990247554449,738.1927042319575,-4102.662491714841,4.248158832976287e-05,0.0002361004356041749,-0.009244553125619082,5.492301132105666e-10,0.6616558483338739,0.1286984490395222,-0.6490186213424387,0.0001587008937449468,3.086885567110465e-05,-0.0001556698025469339
70794.5784384138,10.62760291168123,-79.01944341966316,776.4792556320418,-4001.889523880118,4.672508100683253e-05,0.0002408159790843185,-0.008996741183892598,5.617654640091823e-10,0.6584807992893714,0.1368932762094666,-0.6440940878174617,0.000161504497800361,3.357558770174587e-05,-0.0001579758928451718
70957.77679633888,10.43821372728874,-78.0635965846346,824.3875930921004,-3899.718063676391,5.188934432942258e-05,0.0002454595569964703,-0.008746883492140017,5.75157677684598e-10,0.6547150142571306,0.1468008590247516,-0.6380448712146425,0.0001642316117540065,3.682417717556576e-05,-0.0001600499992960364
71121.35136533288,10.25035620536239,-76.97625384025348,877.8659140378171,-3795.27801071673,5.785030804938645e-05,0.0002501042568598549,-0.008493050880188598,5.896258799895835e-10,0.6505166498344531,0.1578894044863086,-0.6310648521846224,0.0001669659565732763,4.052495114391036e-05,-0.0001619733280179575
71285.30301265194,10.0748646868225,-75.68144428212506,941.8054963592382,-3689.857012321569,6.494295580561684e-05,0.0002544370592511827,-0.00823814949217571,6.050769300071512e-10,0.6458501134842946,0.1709001053749601,-0.6228286466360581,0.0001695694472580139,4.487021957529317e-05,-0.0001635251076705144
71449.63260755134,9.925624135374903,-74.12207529180105,1019.941738502038,-3585.776235734136,7.338728075987049e-05,0.0002580052932634904,-0.007987361052969528,6.212078669503985e-10,0.6403852478769814,0.1862220256156836,-0.6127108803294213,0.0001717489784426537,4.994406534042989e-05,-0.0001643268144076492
71614.34102129021,9.801004722360144,-72.31874072421427,1109.942103252799,-3481.839827306097,8.310948251037373e-05,0.0002607108112967143,-0.007738003473427939,6.382801566467445e-10,0.6345409730362371,0.2035613771574645,-0.601003337920457,0.0001736059485359315,5.569296147671143e-05,-0.0001644302873834807
71779.42912713616,9.707733626005325,-70.238258650999,1213.584514587367,-3377.93614245185,9.419870457138909e-05,0.0002621961675673082,-0.007489823213385458,6.564001873934394e-10,0.6282330772575492,0.2230307846765965,-0.5873108788767933,0.0001749998726081585,6.212719501571424e-05,-0.0001636006327993603
71944.89780036994,9.685150840357327,-67.86136405289162,1336.442911370445,-3284.905688674832,0.0001062635270934358,0.000261190105224871,-0.007266797145142345,6.734373917761798e-10,0.6218820000508236,0.2447210188791311,-0.5717069571957057,0.0001753291189277329,6.89949550230889e-05,-0.0001611831136482263
72110.74791828997,9.73365185200862,-65.25873603109063,1476.06670880122,-3203.120660867451,0.000118666757326992,0.0002575113576410997,-0.007069577021645771,6.890438056950635e-10,0.6158760555402258,0.2678404833339054,-0.5545852425689375,0.0001745957603797745,7.59305584743831e-05,-0.0001572203225806382
72276.98036021703,9.869477193344276,-62.51492191989747,1633.122609072365,-3139.195189064537,0.0001304240614603597,0.000250701682776395,-0.006912552643731086,7.01458224312367e-10,0.6105325061096996,0.291552406218514,-0.5364206702251367,0.0001725070136490427,8.237863572478079e-05,-0.0001515665864702207
72443.59600749899,10.0940628798153,-59.79580144194249,1803.973281940192,-3099.014057556398,0.0001402974131151212,0.0002410144650340629,-0.006808378285367228,7.089189496967032e-10,0.6064813436484209,0.3145922543641261,-0.5185087595091245,0.0001691045907619082,8.77174458674714e-05,-0.00014457528249061
72610.59574351547,10.40085588470638,-57.26127562267564,1985.021013681888,-3087.396057039887,0.0001473406655691736,0.0002291658308826345,-0.00676725398998269,7.099500375004972e-10,0.6042312727826704,0.3359836610554908,-0.5022055460788092,0.0001645924074813011,9.152184294074945e-05,-0.0001368006318158635
72777.98045368242,10.78029254326165,-55.09609683520682,2170.894679615584,-3111.452816654218,0.0001508202301151274,0.0002161643465279704,-0.006804298400157974,7.028407153355052e-10,0.6038152590472707,0.3544936817198816,-0.4888016946359801,0.0001591263175541024,9.342141213404595e-05,-0.0001288162439027384
72945.75102545688,11.21147608980811,-53.39738501072275,2356.438311690576,-3172.644356713965,0.0001508750696308206,0.0002031340841210632,-0.006922158246988471,6.876995494876857e-10,0.6051924785320267,0.3696892394878767,-0.4791532137830372,0.0001531092389849798,9.352865431543749e-05,-0.0001212222334578234
73113.90834834172,11.70266456967218,-52.3559263886445,2536.978036046321,-3289.096240222741,0.0001470335871215326,0.0001906234944554584,-0.007159731120409871,6.618255821791055e-10,0.6083975885768922,0.380360922662379,-0.4748401776362243,0.0001464415248287731,9.155301491290854e-05,-0.0001142942065659187
73282.45331389041,12.20237245640016,-52.32497233443124,2679.341070211215,-3469.786737283413,0.0001394162159689143,0.0001805460837029772,-0.007535688090953703,6.259178672692903e-10,0.6133986306302773,0.3837663268354364,-0.4785198913800098,0.000139898141466321,8.752578372480017e-05,-0.0001091362779697487
73451.38681571151,12.63542516789913,-53.47163302529781,2742.876421304011,-3702.949160769459,0.000129166476547916,0.0001743778510098764,-0.008023574346296514,5.851569696290572e-10,0.6193299687557687,0.377751844428944,-0.4907882987903769,0.0001343754835982223,8.196048848925811e-05,-0.0001064859094850501
73620.70974947361,12.92648891370319,-55.61762341564783,2700.618819733073,-3946.757943274851,0.0001180844095898747,0.0001725717743357143,-0.008532192069282327,5.477465362701111e-10,0.625459626490994,0.3626847744405335,-0.5095679530340119,0.0001307644632567447,7.582628494693537e-05,-0.0001065350616556384
73790.42301291008,13.01821731609856,-58.3073383973295,2555.655889343507,-4139.14521636164,0.0001079980845711105,0.0001749139064428435,-0.008927519242488592,5.210860758131558e-10,0.6307245705203349,0.3412435638976994,-0.5304397364041062,0.0001296349377001253,7.013693490639235e-05,-0.0001090230591868154
73960.52750582379,12.92721028818371,-61.06652012129126,2348.543829561733,-4248.510342326058,9.96602662427786e-05,0.0001802851905601551,-0.009142328273753721,5.06504667547737e-10,0.635025081780686,0.3174869480191638,-0.5499626281194421,0.0001307909509796744,6.539020433432558e-05,-0.0001132713292730457
74131.02413009177,12.70106299164748,-63.54147427344471,2126.844980466518,-4273.535138911837,9.333764490992915e-05,0.000187546205280257,-0.009175028266723157,5.023805908534565e-10,0.6379146495314384,0.2948014049851435,-0.5657094940918026,0.0001336127377653831,6.174685413805541e-05,-0.0001184891965421942
74301.91378967013,12.36879609001051,-65.54074603962155,1920.25011345635,-4221.55756377016,8.92769658685952e-05,0.0001962701878739328,-0.009042590150812629,5.073964403510727e-10,0.6393698986022739,0.2755379933705048,-0.5769511950312936,0.0001378375154725218,5.940140833577163e-05,-0.0001243810811955123
74473.19739059889,11.96204524347551,-67.1139020432197,1737.450017057188,-4115.905997498624,8.704914645616484e-05,0.0002062137618110669,-0.008796007258393562,5.192239111038135e-10,0.6393808192021051,0.259624477479426,-0.5842969815574012,0.0001430901677455151,5.810263448273686e-05,-0.0001307626857004899
74644.87584100665,11.50831188807494,-68.2135853716542,1587.951734940202,-3972.894281562105,8.674734354239005e-05,0.0002170330605881059,-0.008470852904075326,5.36677172454181e-10,0.6382318432444634,0.2479419104347664,-0.5881026226613716,0.0001491460142191307,5.794061842987318e-05,-0.0001374315040062393
74816.95005111545,11.02227171530957,-68.87910339148944,1470.043689507303,-3805.574169010958,8.832580121342947e-05,0.0002286533318391924,-0.008095437462862681,5.589847258925382e-10,0.6359421738311781,0.2402547434931406,-0.5888124545949835,0.0001558546222859148,5.888084458047463e-05,-0.00014430422526515
74989.42093324558,10.50604632339921,-69.1397982448436,1379.431184322465,-3619.916002731846,9.192149709003071e-05,0.0002412212382125513,-0.007682784027964264,5.863023547717898e-10,0.6323064953821074,0.236240363681873,-0.5865168323840837,0.0001631958844429232,6.097273296059208e-05,-0.0001513777478179149
75162.28940182053,9.97537011022836,-69.00967661657113,1314.115925595934,-3425.117917572842,9.764328799533075e-05,0.0002544979242161368,-0.007252632291973974,6.182222109588454e-10,0.6274596393821098,0.2357759195167427,-0.581476839461007,0.0001710065846343234,6.425789358384803e-05,-0.0001584745250835694
75335.55637337173,9.41846887881835,-68.46951469819017,1269.714798364833,-3218.336103700054,0.0001060759679654632,0.0002688699209285644,-0.006799101567610146,6.564304739259247e-10,0.6208535825410171,0.2387323042809086,-0.5731195842463798,0.0001794183775601587,6.899044140161494e-05,-0.0001656238907933574
75509.22276654342,8.847766084277643,-67.51518076532018,1243.915098869153,-3005.32866046337,0.0001175798156795029,0.0002840756497568496,-0.006334496560868063,7.013392726093462e-10,0.6127482525250916,0.2450283921017549,-0.5616239916853464,0.0001883540935366196,7.531984056237116e-05,-0.0001726388895054084
75683.28950209744,8.267319358025398,-66.10074308713412,1234.875885136326,-2786.753398872604,0.0001329122219466123,0.0002999439787590811,-0.005860284106657699,7.546083250552718e-10,0.6026177902550965,0.2545617955903588,-0.5462110337202535,0.0001976670845707973,8.349983819122393e-05,-0.0001791648775423302
75857.75750291836,7.677678975136983,-64.16482228809289,1240.21829676935,-2561.500078091959,0.0001531242574142414,0.0003162570640556332,-0.005374208420845124,8.190789373769459e-10,0.5905636021477606,0.2674333300602396,-0.526540389860673,0.0002074726478773368,9.395279512056542e-05,-0.0001849804635799857
76032.62769401819,7.084576671699243,-61.63899233516337,1257.56670982721,-2329.608946925764,0.0001794331742433115,0.0003323951921007376,-0.004876443056347376,8.985393604228535e-10,0.5761068711118342,0.2832917156528632,-0.5016422338526979,0.0002175753984637375,0.0001069893643095995,-0.0001894527116229323
76207.90100254123,6.489781176905032,-58.39336414842798,1284.989467136138,-2088.178626421299,0.0002137485323794253,0.0003473531325812408,-0.004361016982251114,1.000120859447285e-09,0.5589411789660674,0.3019856149682245,-0.4703402278098702,0.0002279231335078891,0.0001231426672931593,-0.0001917937388967151
76383.57835776907,5.912200809771875,-54.21770962168128,1323.096968119153,-1835.714871371822,0.0002583954394174818,0.0003585076243562297,-0.003824946437016615,1.13504977108019e-09,0.5391000027431041,0.3235434838361265,-0.4312173779253302,0.0002381968784176314,0.0001429550129660364,-0.0001905298327186172
76559.66069112561,5.378408281039714,-48.82890633182713,1372.500006736519,-1569.391005415509,0.000315753557509026,0.0003610497563937307,-0.003262505788309881,1.324612876278559e-09,0.5170117648861285,0.3477706378824679,-0.382566005360501,0.0002479351791485041,0.0001667748806934211,-0.0001834611463746369
76736.1489361819,4.932295858247748,-41.87934404545163,1434.510622375851,-1286.179564657547,0.0003864440324758807,0.0003464850031093799,-0.002667606314062909,1.61256981655627e-09,0.4935861561537715,0.3737797335534399,-0.3223600538704738,0.0002561378717598026,0.0001939664317276712,-0.0001672830915319171
76913.04402866098,4.638460387871856,-33.11715165130013,1510.342917170976,-985.2245486298423,0.0004644632078767404,0.000302977919208349,-0.002038709544657853,2.100317287967281e-09,0.4717535328979633,0.4000223858802579,-0.2500669642243368,0.0002615604490518901,0.0002217896159439667,-0.000138647880501846
77090.34690644301,4.565710231309456,-22.50082658805363,1601.602076653589,-663.4323719717001,0.0005329308707092002,0.0002207562020588093,-0.001369672671659132,3.11188452320871e-09,0.4555683711341796,0.4241828905747685,-0.1661668321942848,0.0002627425159973105,0.0002446413907865449,-9.583433427859783e-05
77268.05850957023,4.782718598378263,-10.49116981022426,1711.699705479377,-316.9719346173486,0.0005648452343435924,0.0001045978369430965,-0.0006528913912014984,6.498293476499685e-09,0.4502114767758624,0.444192067695651,-0.07337425173018865,0.0002585745605894108,0.0002551173718276537,-4.214178420235143e-05
77446.17978025188,5.318423960590607,1.704534937252082,1842.472257421459,54.82925972700026,0.0005422687965090957,-1.613712041843999e-05,0.00011267628353499,-3.748070483430612e-08,0.4580350250079686,0.4574809401001685,0.02252273471664528,0.0002484410908962433,0.0002481405517421893,1.221647358271935e-05
77624.71166286919,6.163175392246419,12.9189497424967,1998.906860409028,458.5066264875471,0.0004752674372750519,-0.0001090162196450591,0.0009400820239154393,-4.471719103790291e-09,0.4780331553213045,0.4637617921273388,0.1159340232601348,0.0002330495673945079,0.000226092026936361,5.651987454493431e-05
77803.6551039804,7.262299683832168,22.33319068903364,2185.878308702797,897.9736228652965,0.0003914243682938498,-0.0001607997831696213,0.001836892375482213,-2.278014854906089e-09,0.5054826572148341,0.4637255690954084,0.2011748327005868,0.0002138623574223154,0.0001961955410106174,8.511414459290141e-05
77983.01105232586,8.544167572962708,29.80122008765788,2409.780231206821,1380.162298035657,0.0003124760113980732,-0.0001789655356896183,0.002816762895370312,-1.478733705435152e-09,0.5348200956751386,0.4588004532250409,0.2748357306800944,0.0001925502594191998,0.0001651810524782319,9.894858414643809e-05
78162.78045883297,9.953187898715999,35.47072811933565,2683.825557075298,1912.286158258107,0.0002471349328434115,-0.0001760892059666915,0.0038937943725439,-1.064798057428299e-09,0.5629453953239115,0.4519716172804243,0.3356027045321784,0.0001707939890450712,0.0001371252631102159,0.000101819688228171
78342.96427662121,11.4220026438375,39.67381802275976,3015.45143689528,2501.149192231658,0.0001964630547185046,-0.0001629551730133256,0.005081123251201257,-8.122328192481532e-10,0.5873964122267262,0.4446515353285499,0.3838222990223386,0.0001499034280594775,0.0001134749686076253,9.795136162137514e-05
78523.56346100719,12.93290581957462,42.61064091748739,3429.829410760615,3155.065616788477,0.0001579244289474324,-0.0001452730955830546,0.006394822987631194,-6.424091762404337e-10,0.6079337538364947,0.4392219702264648,0.4203183435494033,0.0001304248257269442,9.422975539805084e-05,9.017421118882758e-05
78704.57896950985,14.45333568269956,44.57766958042296,3942.299253417804,3884.605651412679,0.0001286992074293126,-0.0001268157581083701,0.007855377660104777,-5.205628770450934e-10,0.6247583261682371,0.4362647091010036,0.4472092012800654,0.000112860096184049,7.880947715066824e-05,8.078655594782517e-05
78886.01176185545,16.00055860697977,45.61468772061661,4602.992535108902,4702.832274751603,0.0001062944366846382,-0.0001085999822190088,0.009488108047829333,-4.290033086106535e-10,0.6384576099718131,0.4374653906387341,0.4650291944859156,9.700229951945984e-05,6.646509993672005e-05,7.065293060068219e-05
79067.86279998253,17.54925423426483,45.86351203769637,5444.868663005004,5611.513432223388,8.90620479356046e-05,-9.178786656281725e-05,0.01129536159620489,-3.587072254913379e-10,0.6494747287479509,0.4429339727576758,0.475002020058154,8.304802874821837e-05,5.663775921513573e-05,6.073828537301011e-05
79250.13304804718,19.12124005339697,45.19012938904176,6561.356560662565,6605.047904890839,7.569801091054294e-05,-7.620207555350363e-05,0.01326465941432318,-3.040494063803218e-10,0.658250730614207,0.4545241978982639,0.4761321012902587,7.068883204757728e-05,4.881086065306784e-05,5.113130996324446e-05
79432.82347242814,20.70282921816608,43.61252603980234,8035.554996107009,7655.506142313366,6.523588267271908e-05,-6.21504924976789e-05,0.01533889381185677,-2.617256110129577e-10,0.6654403753393153,0.4725445367084515,0.4685216686117343,5.994571240440054e-05,4.256883102614756e-05,4.220643387847873e-05
79615.93504173188,22.28661140015694,40.98523140531063,9993.180655470602,8682.418113061252,5.702306532453133e-05,-4.954359500795701e-05,0.01735644704744079,-2.302392890902729e-10,0.6709675693708179,0.4976028881354842,0.4500987056931048,5.067434998428999e-05,3.75811053434615e-05,3.399338564329772e-05
79799.46872679768,23.8697104950681,37.08159991316736,12602.5378526842,9524.863935035679,5.05016617734399e-05,-3.816861829800063e-05,0.01899673270668757,-2.093926104815951e-10,0.6753747077261029,0.5305333438797289,0.4179298587896206,4.274462074762447e-05,3.357757748207659e-05,2.645087698533627e-05
79983.42550070286,25.41003569952817,31.72568648976621,15967.54503128979,9871.648584425764,4.530931905067928e-05,-2.801167458062301e-05,0.01964309053834742,-2.015721113881248e-10,0.678867247090175,0.5701438592765548,0.3685060635878722,3.615530195895686e-05,3.03648813233299e-05,1.962599913287067e-05
80167.8063387679,26.80055973403456,25.0475636780482,19886.91206031226,9293.52591388379,4.127123574586016e-05,-1.928682028355768e-05,0.01845018163147561,-2.136188719574345e-10,0.6816019412386988,0.6115694736433049,0.3009385073532692,3.104437482942905e-05,2.785466241412965e-05,1.37066038953842e-05
80352.61221856173,28.01464725655414,17.54962412244272,24009.93404814921,7593.171795729585,3.786260424796471e-05,-1.197409614337022e-05,0.01503984489949365,-2.608536426436477e-10,0.684069853314598,0.6479373292273121,0.2193827285992075,2.715950455845874e-05,2.57249413367318e-05,8.71011372386426e-06
80537.84411990669,29.21640604480947,9.562976024767112,28475.87247255768,4797.408150510095,3.41482180076636e-05,-5.75304372335695e-06,0.009480403027007592,-4.119205540887298e-10,0.6863619547318895,0.6743803653600897,0.1276865526207528,2.376347405651608e-05,2.334864309709349e-05,4.420810418832875e-06
80723.50302488382,30.42753372491737,-0.7168390040375267,33175.94171540131,-415.0925278226251,3.013760654024666e-05,3.770773227367706e-07,-0.0008183989193719207,4.749798828369288e-09,0.6890320650182393,0.6890113515474023,0.005342664327952816,2.076313841713812e-05,2.076251424203231e-05,1.609946540799289e-07
80909.58991783821,31.30661783592533,-14.56486310756161,35558.05587237579,-9238.897824299234,2.634451938951546e-05,6.844983981789923e-06,-0.01817357199500521,2.129119156584626e-10,0.6915513899995368,0.672721490258843,-0.1602782628874323,1.881962648596142e-05,1.830719648435561e-05,-4.361753999745741e-06
81096.10578538408,31.35295519648091,-29.51543102215065,32220.33783736145,-18240.84715470988,2.350342041092255e-05,1.330595295097735e-05,-0.03579852525272601,1.075907976720337e-10,0.6933846751922956,0.61022834816983,-0.3292471273700744,1.872340019972899e-05,1.647793783852326e-05,-8.890628753298334e-06
81283.05161640994,30.75167865581863,-42.11999365033506,25722.39560338298,-23258.27736291137,2.138918070353701e-05,1.934016975086365e-05,-0.04554048767236933,8.418652557588674e-11,0.6947362082963453,0.5247149465707874,-0.4553379228256731,2.002953553150351e-05,1.512775142672212e-05,-1.312758280793035e-05
81470.42840208396,29.90502272385148,-51.85824031803477,19515.2630603438,-24851.41386439967,1.954578843402339e-05,2.489028593557449e-05,-0.04854798774128573,7.860841320727614e-11,0.6960125096011703,0.4409689160412015,-0.5384977517193242,2.202244815487993e-05,1.395264446754799e-05,-1.703854263417435e-05
81658.23713585922,28.94904395298137,-58.90420882732799,14687.6654279911,-24352.06556477634,1.816093266821167e-05,3.011072285258805e-05,-0.04746308204870728,8.003580681277299e-11,0.6965549831139085,0.371900954080462,-0.5889639418970056,2.448819821092747e-05,1.307460932608974e-05,-2.07057103859732e-05
81846.478813479,28.07655089938041,-64.0865475074489,11292.27397981893,-23241.63102361318,1.691247912620655e-05,3.480907390737569e-05,-0.04519461944545874,8.366687139369569e-11,0.6972316437425111,0.3175196602927263,-0.6207360392014271,2.697729129239505e-05,1.228547276024462e-05,-2.401752286419275e-05
82035.15443298186,27.23055872128282,-68.08202594014635,8791.12939008723,-21848.81330171449,1.584973677589789e-05,3.939174642206865e-05,-0.0423884938316367,8.87957700802338e-11,0.6979490259543136,0.2738082561741109,-0.6419983502170918,2.962922500256537e-05,1.162366609603068e-05,-2.725401549754884e-05
82224.26499470713,26.46939721175069,-70.99720961773536,7055.865182089611,-20488.47891277728,1.502645046061852e-05,4.363307765258334e-05,-0.03965791236458568,9.447358905756586e-11,0.6983363394361922,0.2409681648755393,-0.6554448767773348,3.221997339750181e-05,1.111783452111776e-05,-3.024103902475519e-05
82413.81150130021,25.82321735518281,-73.29466862190715,5805.626726431638,-19344.62167327518,1.4232278749317e-05,4.742262307369397e-05,-0.0373577208171689,9.982972875137017e-11,0.6988838504255314,0.2146991464879268,-0.665088650394045,3.459590647828523e-05,1.062796284152431e-05,-3.292298818293134e-05
82603.79495771787,25.21083096754996,-75.14582799627436,4844.30439942167,-18265.0147228446,1.356651417629529e-05,5.115132343815879e-05,-0.03519169283051635,1.054872826417163e-10,0.6991501198639192,0.1932082113654539,-0.6719237137999332,3.699094914881532e-05,1.022234698771722e-05,-3.555044220530807e-05
82794.21637123344,24.67924753226819,-76.67744929749776,4110.936641277481,-17359.96384456207,1.291658216208407e-05,5.454508762738178e-05,-0.03337097902310245,1.107315337250766e-10,0.6992189214472178,0.1752291571888113,-0.6769060810634732,3.918526331313676e-05,9.820101335888879e-06,-3.793481871147845e-05
82985.07675144226,24.19862370034407,-77.81132493233549,3575.744410871177,-16554.31365906899,1.246636977542504e-05,5.771447053791074e-05,-0.03174909214371149,1.158534448865505e-10,0.6993955634857582,0.1618733075391208,-0.680405163509145,4.128719627174467e-05,9.555815576259742e-06,-4.016614201854689e-05
83176.37711026709,23.74523044512235,-78.95651248617021,3089.789773848454,-15831.4279634921,1.187554362695427e-05,6.08477686892155e-05,-0.0302928560263297,1.208648569883881e-10,0.6996201101404971,0.1483228431111045,-0.6837167781504561,4.336405476007443e-05,9.193389094473314e-06,-4.237832986553804e-05
83368.11846196344,23.33525320728093,-79.86511741453317,2716.094084466157,-15194.47873071287,1.140021609026471e-05,6.377553042059065e-05,-0.02900720853860886,1.256418510400264e-10,0.6996814738007292,0.1375072359425427,-0.6860363874047807,4.531994669828571e-05,8.906653723004632e-06,-4.443612368551003e-05
83560.30182312484,22.95076288647447,-80.69685256462331,2394.654589048977,-14618.24865846828,1.091318948529651e-05,6.66199285202142e-05,-0.02784296469232989,1.302941108787558e-10,0.6999751575271391,0.1276209652891077,-0.6882427699393722,4.724343591441167e-05,8.613524108871756e-06,-4.645158166763547e-05
83752.92821268826,22.59986580095291,-81.32906982061235,2150.892839184244,-14104.00272090252,1.056694152098957e-05,6.929037525652778e-05,-0.02680171067825556,1.347341691424825e-10,0.7001070828656785,0.1200750558815038,-0.6897332154055971,4.906069941597472e-05,8.414378840228157e-06,-4.833374034686063e-05
83945.99865193974,22.26346196166216,-81.91527102598093,1935.717990713167,-13627.09939407914,1.021784478222198e-05,7.193175199519249e-05,-0.02583589764134817,1.391286938720416e-10,0.7003277055579238,0.113081238623299,-0.6911378506806342,5.087020301368401e-05,8.213962578023815e-06,-5.020267297087128e-05
84139.51416451953,21.94820285357777,-82.40245740311502,1759.625105199568,-13192.09274406079,9.934223632294296e-06,7.447790959006772e-05,-0.0249536355277574,1.433858964169952e-10,0.7002710223625266,0.1072254037632994,-0.6920131628433491,5.260489491743141e-05,8.054854359698777e-06,-5.198455819296768e-05
84333.47577642757,21.65732024352893,-82.72716883777571,1633.268928599838,-12797.80536097552,9.812287743534393e-06,7.688614317502013e-05,-0.02415214083345699,1.474635316850192e-10,0.7001381896914088,0.103315981050215,-0.6924733155320822,5.425536861745083e-05,8.006200373705688e-06,-5.366139934246538e-05
84527.88451602899,21.38012425290949,-82.91637111746999,1544.43207217342,-12428.39316233826,9.846540240868378e-06,7.923732976490256e-05,-0.02340103763155875,1.514973890972097e-10,0.7001764610106704,0.1010680609998301,-0.6928436501831864,5.589425151478531e-05,8.06814272716614e-06,-5.530888197506939e-05
84722.74141405964,21.12381340347261,-83.07301510300168,1469.575998382905,-12096.1521647818,9.897697585105783e-06,8.146843457036259e-05,-0.02272308918815599,1.553005129550877e-10,0.6997744283269342,0.0991504146982348,-0.6927145485735489,5.741573069652337e-05,8.135183679651114e-06,-5.683647524182015e-05
84918.0475036314,20.89560071130066,-83.16707674596408,1414.713229228506,-11806.43458357398,1.000551736323872e-05,8.350065849621818e-05,-0.02212783359375457,1.587454793178084e-10,0.6997349458149559,0.09804149141736053,-0.6928324908340535,5.883292505691272e-05,8.243218023515554e-06,-5.8252574426965e-05
85113.80382023768,20.69547926453197,-83.18525028020331,1380.969476092946,-11555.85469880557,1.01958061164455e-05,8.531778294780163e-05,-0.0216083797741079,1.618147323317724e-10,0.6993419093046847,0.09780080212375349,-0.6924695727711595,6.007712672413335e-05,8.401600282689177e-06,-5.94867570818707e-05
85310.01140175895,20.52885417277862,-83.18671060913499,1356.192855598195,-11350.9811751069,1.037764773237233e-05,8.685821014747271e-05,-0.02117646842705809,1.643564409264727e-10,0.699213628454501,0.09779930789446735,-0.6923402296500414,6.115035992629139e-05,8.55312687698568e-06,-6.054924062068136e-05
85506.67128846832,20.39364902999172,-83.25243386750604,1323.961242829927,-11190.16448744825,1.042713682486912e-05,8.813050747166236e-05,-0.02082843321289436,1.663350071686197e-10,0.6989478141392736,0.09700235384991028,-0.6921839280405501,6.201397765786966e-05,8.606510647460791e-06,-6.141385348132701e-05
85703.78452303697,20.26220103951573,-83.49876936422403,1258.467344221443,-11043.31725413563,1.018683540725893e-05,8.939163636988829e-05,-0.02050782866718406,1.681591807324644e-10,0.698982155114438,0.09406439735027601,-0.6926239544800292,6.287300721344311e-05,8.461033647080474e-06,-6.230109104730544e-05
85901.35215053961,20.12895126594899,-83.87509262491641,1169.800402713425,-10901.24595677159,9.731663398570033e-06,9.068833967764728e-05,-0.02019743736792668,1.699589319398224e-10,0.6992844121598473,0.08958628558798128,-0.6935221600816313,6.376619680392903e-05,8.169174971442643e-06,-6.324074979887069e-05
86099.37521846007,19.9788989486661,-84.19179640210432,1092.426659739356,-10739.4455709633,9.374712238714294e-06,9.216107180608067e-05,-0.01985189607181614,1.721227476953821e-10,0.6993299571762435,0.08579155303197807,-0.6940476917564727,6.476845027900001e-05,7.945585456322025e-06,-6.427923321959885e-05
86297.85477669702,19.82263709260931,-84.48386473022848,1020.994800921887,-10572.2286293857,9.05021310491525e-06,9.371342733913375e-05,-0.01949784789226007,1.744430154134513e-10,0.6996265224207481,0.08232199583287345,-0.6947664066984255,6.585397277731342e-05,7.748749223792125e-06,-6.539650308710641e-05
86496.79187756934,19.67252400669203,-84.75198869498891,956.52140572536,-10413.71417351398,8.746508012757455e-06,9.522383285519297e-05,-0.01916133593725437,1.766910201759821e-10,0.6995747318912849,0.07909869487082938,-0.6950886288600142,6.688084078259763e-05,7.562004424409822e-06,-6.645195973688346e-05
86696.18757582165,19.52556228478259,-84.97079180211576,902.8605679371357,-10259.50314344479,8.511725853439822e-06,9.672155507802228e-05,-0.01883416889027605,1.789343840934173e-10,0.6994471579722916,0.07646454666375696,-0.6952549891219926,6.789698898234203e-05,7.422594292068814e-06,-6.749004524256613e-05
86896.0429286302,19.38686108694282,-85.1529940785309,857.7726975107628,-10115.41150800371,8.323258012244295e-06,9.815325216746437e-05,-0.01852693964706422,1.810658619945049e-10,0.6996680761732722,0.0743115787748973,-0.6957105763720932,6.890477008166273e-05,7.318359125222684e-06,-6.851502725476415e-05
87096.35899560805,19.24489201001778,-85.29523817493167,820.4180124534112,-9968.792147747572,8.200088067373768e-06,9.963819942521825e-05,-0.01821640497107007,1.833063841454236e-10,0.6994665860419279,0.07259823144334047,-0.6956888685184268,6.99124981107144e-05,7.256277597682853e-06,-6.953491085423214e-05
87297.13683881113,19.1187151770066,-85.40003843807672,791.680459222055,-9839.745225690436,8.124187138102038e-06,0.000100974996507187,-0.01793923773611402,1.852833003549655e-10,0.6994193052849181,0.07135585591718027,-0.6957698659984953,7.083506811587464e-05,7.226704890996657e-06,-7.04654639621357e-05
87498.3775227436,19.00229615465488,-85.50844648374775,763.7465821918557,-9722.644860824255,8.029875230496302e-06,0.0001022218978954894,-0.01768497923432892,1.87083596015463e-10,0.6994499817204165,0.07007749707114946,-0.6959306153151578,7.170206185903795e-05,7.183788921636684e-06,-7.134128434200406e-05
87700.0821143635,18.89025383429887,-85.66688511662223,728.3925243726854,-9612.997405877531,7.837210789182058e-06,0.0001034319881997786,-0.01744532066777165,1.887823145971995e-10,0.6993361094517554,0.06817692732390078,-0.6960049572839184,7.252349347917379e-05,7.070175381164302e-06,-7.217804185833349e-05
87902.25168308843,18.78084719150764,-85.7716437952013,702.7886244913944,-9505.749388506189,7.735432035057428e-06,0.0001046275875485214,-0.01721101534950312,1.904731531781616e-10,0.6993887637416383,0.066944608352552,-0.6961774646313831,7.335721409805243e-05,7.021659800989531e-06,-7.302038861760919e-05
88104.88730080138,18.68139620398303,-85.90476622131638,673.7652250991978,-9410.486583488113,7.569441755896837e-06,0.000105722479336737,-0.01699934592219236,1.919588112414647e-10,0.699658196699851,0.0653875036110229,-0.696596056966163,7.414080913880476e-05,6.928929651870381e-06,-7.381632281302089e-05
88307.99004185628,18.57485747463836,-86.07824937513975,638.2745476684672,-9310.461550448999,7.328731660223849e-06,0.0001069036429312774,-0.01677997627982069,1.935748452334301e-10,0.6995338244857207,0.06330227761068659,-0.6966637591040018,7.493981915250537e-05,6.781460838686546e-06,-7.463235413346929e-05
88511.56098308356,18.46611938005477,-86.22784950301637,607.1512977521322,-9208.787240190744,7.128665973672266e-06,0.0001081219269414047,-0.01655856017992996,1.952619816433944e-10,0.6995340429579617,0.06151868248994445,-0.6968237431099867,7.578047198218536e-05,6.664314398620839e-06,-7.54868653968299e-05
88715.60120379608,18.36549389705036,-86.35103797077329,581.3101179867778,-9115.352208497136,6.967842123815772e-06,0.0001092606736516981,-0.0163528549919117,1.96809780782481e-10,0.6997204861247618,0.06007203319597457,-0.6971370808746116,7.658823952730459e-05,6.575213043691217e-06,-7.630547167354287e-05
88920.11178579481,18.27034217036298,-86.45764367827201,558.8558177990039,-9027.683346942387,6.831027343904558e-06,0.0001103475168925497,-0.01615832909427133,1.982639773172706e-10,0.6994945452096873,0.05879161682813396,-0.697019486505823,7.731597670378298e-05,6.498308397385899e-06,-7.704240547667484e-05
89125.09381337455,18.17098158719561,-86.59041729089806,532.4970122705822,-8937.694473853528,6.642434950011462e-06,0.0001114899291030797,-0.01596046853355953,1.997996057762892e-10,0.6993429350891742,0.05719969340174017,-0.6969998105694777,7.808840470783275e-05,6.386899164069612e-06,-7.78267721859405e-05
89330.54837332954,18.06642965970279,-86.75245559671158,501.8550266319163,-8844.644542203212,6.394719839500198e-06,0.0001126999251296471,-0.015757978926755,2.014372333314204e-10,0.6995252365170145,0.05527863173017381,-0.6973376724358328,7.894339483662611e-05,6.238349416000542e-06,-7.869652206352789e-05
89536.47655495937,17.96953641401168,-86.84004342824458,483.4943827541179,-8757.745221701809,6.284708718923549e-06,0.000113837677781111,-0.01556726929630409,2.029681180967301e-10,0.6995898310410892,0.05425360085700955,-0.6974829592829835,7.974080845501109e-05,6.183946366823803e-06,-7.950066251542193e-05
89742.8794500748,17.87027121041695,-86.94010513988009,463.4619265386846,-8669.958711983172,6.148097624130069e-06,0.0001150121498793717,-0.01537578016072465,2.045517043077542e-10,0.6995057302326135,0.0530651824672744,-0.6974900379489135,8.054607870620018e-05,6.110303574134579e-06,-8.031397752058673e-05
89949.75815300351,17.77874138797798,-87.03713202394273,444.6001510905978,-8589.988443174807,6.009281899082397e-06,0.000116103563928791,-0.01519891937350223,2.059811849101407e-10,0.6995875644030103,0.05192624013557923,-0.6976578142991865,8.131259805784034e-05,6.035352409962137e-06,-8.108830448470028e-05
90157.1137605957,17.69028550023468,-87.09455761815951,432.0392702826477,-8512.578089802162,5.946805815907237e-06,0.0001171714063392473,-0.01502730982543852,2.073762528105673e-10,0.6996833542323017,0.05127030068572307,-0.697802373496508,8.206737997175172e-05,6.013604900259249e-06,-8.184675565672383e-05
90364.94737223013,17.59795061678485,-87.2114909635022,410.795597335692,-8433.993683134278,5.761428074014591e-06,0.0001182871683562945,-0.01485434146436679,2.088271013473788e-10,0.6995253742376626,0.04987120650680448,-0.6977453776012404,8.28216543193975e-05,5.904597571316328e-06,-8.26109081884625e-05
90573.26008981997,17.50736636763216,-87.25824446866918,400.1640471973517,-8356.035954251563,5.717979658202878e-06,0.0001194001408778698,-0.01468319044112904,2.10290586208029e-10,0.6996216069150145,0.04934509259166224,-0.6978792551003844,8.360903561039994e-05,5.897038574733348e-06,-8.340081397533979e-05
90782.05301781857,17.41842690163574,-87.34766998670818,383.6317075819725,-8281.312821401298,5.581939374808496e-06,0.0001204952176769931,-0.01451841886146383,2.117000406873703e-10,0.6994539980888788,0.04828080484061878,-0.6977856829474645,8.434933828423128e-05,5.822332778515081e-06,-8.414815096010081e-05
90991.32726322518,17.32961996519913,-87.35357622090253,379.2702268711134,-8205.461227391907,5.62102995878714e-06,0.0001216102401850545,-0.01435235372389296,2.131656063996041e-10,0.6992723974209668,0.04823299421873514,-0.6976069552861138,8.510726849261438e-05,5.870356679766645e-06,-8.490457032884785e-05
91201.08393559097,17.23676071250878,-87.40717612471811,368.0743097438927,-8128.090330149153,5.559923094568614e-06,0.0001227783519387173,-0.01418432433165237,2.14699785337487e-10,0.6992712279727363,0.047617008695757,-0.697648099512474,8.592083079766159e-05,5.850795490470876e-06,-8.572139381209966e-05
91411.32414702499,17.15467871146088,-87.38522852944114,368.0268988022324,-8058.733824896311,5.655110939741229e-06,0.0001238307144449338,-0.0140309456761747,2.160495271368415e-10,0.6990585664331094,0.04790647725599968,-0.6974151193804408,8.663232894119367e-05,5.936912721393138e-06,-8.64286612479549e-05
91622.04901219998,17.0690581206905,-87.35821445618268,368.5234416402821,-7986.974138016373,5.764703211925687e-06,0.0001249378744051044,-0.01387402299028668,2.174892789609592e-10,0.698804411511278,0.0482546205777918,-0.697136354768934,8.737690790158842e-05,6.03364756804166e-06,-8.716833789551875e-05
91833.2596483581,16.98146384373254,-87.32329975269418,369.9941804552846,-7914.102602226692,5.894450810957561e-06,0.0001260811411798252,-0.0137158209792821,2.189870611315719e-10,0.6986837296705009,0.04870796512196892,-0.6969838507741472,8.816362599402679e-05,6.146229885685969e-06,-8.794912624129325e-05
92044.95717531712,16.90218151699792,-87.27258466157335,373.8803012063097,-7848.302413370923,6.056150350956486e-06,0.0001271275840470699,-0.01357050035439631,2.203151703300439e-10,0.6985141455964018,0.0493499213059967,-0.6967686824659696,8.887738978479569e-05,6.279174472575858e-06,-8.865530092950707e-05
92257.14271547629,16.82236896662137,-87.17225507593243,384.3546187329603,-7781.470793342991,6.332139183103573e-06,0.0001281976427787825,-0.01342399628725978,2.216962973945772e-10,0.6982462911001417,0.05058763379985314,-0.696411354259561,8.959862195861993e-05,6.491380383091911e-06,-8.936316376228909e-05
92469.81739382225,16.74417750132137,-86.98103247971203,406.8501613183722,-7714.299719735242,6.817657369069043e-06,0.0001292698328078192,-0.01327751008374233,2.231123565709396e-10,0.697587646865328,0.05289880751246762,-0.6955790689942191,9.027803589835354e-05,6.845878743768228e-06,-9.001809656891236e-05
92682.98233793494,16.67969812498742,-86.75613746053068,434.007674560544,-7657.609670986123,7.377651472836892e-06,0.0001301709130484045,-0.01314962467394528,2.242471365787985e-10,0.6972999852636932,0.05564289299615865,-0.695076354012827,9.088923751167171e-05,7.252746628772548e-06,-9.059939934564633e-05
92896.63867799363,16.63600281493382,-86.44255864295702,473.4333697310462,-7615.267617300761,8.132296811973599e-06,0.0001308095722143171,-0.01304683895466037,2.249753632117102e-10,0.6966186056218812,0.05942530607581099,-0.6940793288208273,9.127548431300362e-05,7.786288722041781e-06,-9.094277181013549e-05
93110.787546783,16.61079589676994,-86.03251627787927,526.0581398440587,-7584.837913725568,9.100327980637096e-06,0.0001312108063099928,-0.0129648183451752,2.253584397540675e-10,0.6959095264480889,0.06436267703704562,-0.6929267744905145,9.150520226543186e-05,8.463053826378181e-06,-9.111299995922328e-05
93325.4300796991,16.63357756694604,-85.70238002777891,570.6656608502489,-7593.829200223116,9.84043717930174e-06,0.0001309463742461843,-0.01295033361409589,2.245739133057508e-10,0.6954219908474485,0.06834359489607604,-0.6920555601907333,9.129469723607095e-05,8.972117485756439e-06,-9.085275368004893e-05
93540.56741475521,16.69249384005719,-85.54046596277163,595.5192318046516,-7635.732483598789,1.015221341077968e-05,0.0001301714228207267,-0.01299184516920521,2.228278280181499e-10,0.6954499947354646,0.07033920584551334,-0.6918837267190061,9.07775877624083e-05,9.181427104917875e-06,-9.031208023447816e-05
93756.20069258803,16.74798436451723,-85.74934049181978,571.2075963138349,-7685.329615782237,9.61781646277525e-06,0.0001294031980273479,-0.01304615789256249,2.208806303217483e-10,0.6958737951656434,0.06789525001582981,-0.6925536613313973,9.027166263517815e-05,8.807656139000223e-06,-8.98409609713551e-05
93972.33105646375,16.76228956617152,-86.27576425655079,501.8965658090784,-7710.587219822609,8.406265803344991e-06,0.0001291446287647249,-0.01305892975495741,2.196507434242151e-10,0.6965826971791377,0.0616297227764298,-0.6938510151897616,9.012520760575436e-05,7.973771933187168e-06,-8.977177734197893e-05
94188.95965228413,16.72455249135648,-86.86659378906027,421.2683989618026,-7695.406199044845,7.092449403791698e-06,0.000129559395489571,-0.01300324305735444,2.195778775236767e-10,0.6973698149040366,0.05457098074424014,-0.6952313764495256,9.04607987780267e-05,7.078790051880267e-06,-9.018340671631361e-05
94406.08762859236,16.66128892034389,-87.37628943229575,350.8999841664684,-7657.488342282463,5.971722947752221e-06,0.0001303174719838675,-0.01290941243256973,2.201576532863769e-10,0.6980229548059175,0.04846747305600277,-0.6963382435939804,9.103447387192218e-05,6.321011191933614e-06,-9.081475789016415e-05
94623.7161365793,16.57797565547789,-87.78968420732581,293.3898597860007,-7601.475329807484,5.06994021709285e-06,0.0001313577282866578,-0.01278550899209793,2.212698499169874e-10,0.698668072841091,0.04352033556880636,-0.6973113052284916,9.181787446298056e-05,5.719374998193612e-06,-9.163957016774847e-05
94841.84633008968,16.49081986421932,-88.02383807664619,260.1208129993344,-7538.812612536584,4.571434146936597e-06,0.0001324891499719949,-0.01265094827606767,2.225959114740852e-10,0.699035193931045,0.04072980745642139,-0.6978476088221385,9.26434301354387e-05,5.397938622087548e-06,-9.248603897828087e-05
95060.47936562814,16.40971833438522,-88.27987021307098,224.6849785670837,-7481.780246468677,4.01026107515048e-06,0.0001335375968905055,-0.01252636550224828,2.237768641256223e-10,0.6992321644630854,0.03765991079465049,-0.6982172662851229,9.338928192152692e-05,5.029848747077831e-06,-9.325373236176637e-05
95279.61640236521,16.32521863417045,-88.42610281866361,203.8846394966849,-7420.301059251642,3.700102055358113e-06,0.0001346637552906943,-0.01239486090941703,2.251119788413765e-10,0.6993800149382853,0.0359237655806952,-0.6984567906188467,9.418973593188137e-05,4.83807075045327e-06,-9.406539972982177e-05
95499.25860214359,16.24536421203253,-88.57425782669814,183.2558499878405,-7362.915748486388,3.378230190556281e-06,0.0001357316793636299,-0.01227071763795314,2.263446848610209e-10,0.6994742321505161,0.03416068530741768,-0.6986395701804198,9.494292478890848e-05,4.636790358821706e-06,-9.482963219711796e-05
95719.40712948442,16.16459940052731,-88.65946033890411,170.9232153390722,-7304.067243813357,3.202091728879642e-06,0.0001368350885641748,-0.01214464695707893,2.276435600697322e-10,0.6992518364197851,0.03314978012478471,-0.6984656203522979,9.568075365668976e-05,4.535985149689071e-06,-9.55731733230301e-05
95940.06315159332,16.09046943024707,-88.75232746044492,157.9185522829287,-7250.80984093742,3.002300557222277e-06,0.0001378502405895755,-0.01202836635390921,2.28788197177896e-10,0.6993562004519726,0.03206109940594554,-0.698620913668852,9.640131808677196e-05,4.41939635345583e-06,-9.629996399136423e-05
96161.2278383665,16.02129195750404,-88.78320206988012,152.938622973246,-7200.390456796098,2.948554720188366e-06,0.0001388187290812691,-0.01191725354544179,2.298603607758839e-10,0.6994346280347962,0.03172696347568119,-0.698714676161011,9.708823202301554e-05,4.404006704625771e-06,-9.698829580057849e-05
96382.90236239704,15.95558948933329,-88.85084560804282,143.4961487994768,-7153.626436304461,2.802934942323693e-06,0.0001397330149303728,-0.01181262423588215,2.308308624248551e-10,0.6993689825683198,0.03093800146178673,-0.6986843449256591,9.771598720645777e-05,4.322664330824824e-06,-9.762032948528516e-05
96605.08789898131,15.88493917362157,-88.87732808875155,139.1927291504794,-7102.818873080204,2.757962250936429e-06,0.0001407351263729896,-0.01170175151353535,2.319473374919777e-10,0.6991389371579542,0.03064393328949381,-0.6984670377354273,9.838336163429573e-05,4.312237540327935e-06,-9.828881143782542e-05
96827.78562612491,15.8219506683852,-88.93392484750285,131.3493675804564,-7058.504165078679,2.635434778974644e-06,0.0001416240344879558,-0.01160199855281935,2.328667362338078e-10,0.6993639909855522,0.03000266074789685,-0.6987201387073985,9.903463507732259e-05,4.248578132153301e-06,-9.89434612733628e-05
97050.996724549,15.7600681711765,-88.93440337870402,130.4662420369976,-7014.195617771111,2.650892876684463e-06,0.0001425187152516278,-0.01150265264714591,2.337987893381213e-10,0.6990738907116016,0.03002350146589045,-0.6984288754299782,9.961877510708876e-05,4.278380984037878e-06,-9.95268597414394e-05
97274.72237769651,15.70407222637293,-88.95099153920619,127.7112133473952,-6974.677681121264,2.624431002827173e-06,0.0001433277459456125,-0.01141154045254499,2.345827046154725e-10,0.6991534192132736,0.02986389919085941,-0.6985153191754133,0.0001001950019487939,4.279766579692549e-06,-0.0001001035564480212
97498.96377173866,15.64160305687996,-88.9582314715168,126.0294270322969,-6930.674434525433,2.62287371562094e-06,0.0001442384071236341,-0.01131346480561348,2.355291328380123e-10,0.6989578748905608,0.02980659982142807,-0.6983220442450704,0.0001008030382684525,4.29867940599755e-06,-0.0001007113393790171
97723.72209558106,15.58706362917855,-88.98265344425451,122.4027104183688,-6892.85437999995,2.575466452206499e-06,0.0001450320434486918,-0.01122585000923967,2.362767715292716e-10,0.6988516952653019,0.02954383761192194,-0.6982269356264815,0.0001013413684274657,4.284189267158318e-06,-0.0001012507712418751
97948.99854086991,15.53167981302667,-88.92615278260531,128.4571189695258,-6853.106140497192,2.734202637942669e-06,0.0001458679833220745,-0.0111354453240116,2.371006111660432e-10,0.6984217658455036,0.03025320503429135,-0.6977662263193201,0.0001018644706564644,4.41241505803998e-06,-0.0001017688605393481
98174.79430199844,15.47724716626677,-88.95312687864345,124.5494675166628,-6815.88298157079,2.680110063283125e-06,0.0001466671591078796,-0.01104949061279403,2.378471796507969e-10,0.6985658763516513,0.02997042016069136,-0.6979226730221209,0.0001024426597538055,4.395075194962379e-06,-0.000102348335850978
98401.11057611335,15.43624848666314,-88.9692376157647,122.1288323253736,-6787.899749081428,2.649761586846604e-06,0.0001472732987617766,-0.01097881712872449,2.382784202181775e-10,0.6984289767557688,0.02980796505473239,-0.6977926058589371,0.000102845202917206,4.38928841246365e-06,-0.0001027514959030451
98627.94856312104,15.39247092650425,-88.91716963991882,127.7120310942959,-6756.819389231473,2.796353455302494e-06,0.0001479457736599744,-0.01090341248137302,2.388239193640785e-10,0.6982053000657099,0.0304720312419224,-0.6975400320783312,0.0001032833102744855,4.507631576496325e-06,-0.0001031848992771045
98855.30946569391,15.33549937984501,-88.93035618483667,125.435176641596,-6718.190827207853,2.778198698390069e-06,0.000148797725736973,-0.01081614416629608,2.396446820528571e-10,0.6980380535232164,0.03034401751511509,-0.6973782078381306,0.0001038525930148044,4.514517346906405e-06,-0.000103754422599825
99083.19448927676,15.29853897631899,-88.94981780777856,122.6989446417963,-6693.452277630314,2.737754944884927e-06,0.000149349549215205,-0.01075153079011659,2.399771881330763e-10,0.697984174823845,0.03014468860521884,-0.6973329233970086,0.0001042288865325553,4.501459261573548e-06,-0.0001041316361742803
99311.60484209335,15.25292909878783,-88.94696961315225,122.4639758071612,-6662.560730518726,2.757904910825348e-06,0.0001500417476752803,-0.01067729673282413,2.405353721121863e-10,0.6979200223095993,0.03021654209736645,-0.6972656008468434,0.0001047022836947533,4.533099584223526e-06,-0.0001046041070850286
99540.5417351527,15.20830820718651,-88.99623693125766,116.2239705550649,-6633.499400743368,2.640444367698831e-06,0.0001507037321748349,-0.01060627359688754,2.410335168087296e-10,0.6980847302898932,0.02966402347146981,-0.697454182276798,0.0001051872744937595,4.469769419232342e-06,-0.0001050922636389778
99770.00638225536,15.17245137272492,-89.03548697916993,111.2866700067217,-6610.231334146796,2.546166229738392e-06,0.0001512377699211105,-0.0105447621981661,2.413256436320873e-10,0.6981371896596035,0.02922858585359048,-0.6975250714883362,0.0001055665571142026,4.41970607436754e-06,-0.0001054739976447389
100000,15.12275497863995,-89.03942965839582,110.2777561892863,-6577.194553517742,2.548499023577852e-06,0.0001519977779449051,-0.0104679302486944,2.41979983710187e-10,0.6979477207366848,0.0292129111914948,-0.6973360930722367,0.0001060679857034089,4.439522552411084e-06,-0.0001059750358843308
100230.5238077899,15.0878925562818,-89.04899837760942,108.7979842239031,-6554.239977898312,2.531958127495363e-06,0.0001525309618553457,-0.01040740535980276,2.422689700345336e-10,0.6978928656997581,0.02913449794732663,-0.6972844706602734,0.0001064312383254753,4.443118488417108e-06,-0.0001063384558360333
100461.5790278395,15.03389298824507,-89.10587854022342,101.7506082781975,-6519.703895554929,2.393180764621523e-06,0.000153343849416705,-0.01032875565479123,2.429921589843341e-10,0.6979110494288726,0.0284834268580891,-0.697329568646942,0.0001069993663576798,4.366901237636099e-06,-0.0001069102173532807
100693.1668851804,14.99510794737502,-89.1914415706452,91.67564515445243,-6495.855675314597,2.172174687167779e-06,0.0001539136511735608,-0.01026730583930038,2.43323337325266e-10,0.697996621194057,0.02748592738998003,-0.6974552365520189,0.0001074075862235706,4.229529236149857e-06,-0.0001073242780586681
100925.2886076685,14.94685050314542,-89.21259525491392,88.84913294236291,-6464.730972802607,2.125544762324285e-06,0.0001546562651094198,-0.01019460934197056,2.43932504641683e-10,0.6977568472816489,0.02725967937648862,-0.697224158939374,0.0001078880260343414,4.214925313475676e-06,-0.0001078056611045475
101157.9454259898,14.90004776076041,-89.24868968960365,84.38591788567508,-6434.997306806088,2.037504432254491e-06,0.0001553735014404439,-0.01012438148924772,2.444960021304687e-10,0.6980119507618101,0.02687096970967741,-0.6974945407622695,0.0001084269187537107,4.174049522167607e-06,-0.0001083465459579135
101391.1385736679,14.85433876154569,-89.29273521073711,79.08368234072593,-6406.272650632247,1.926681238521279e-06,0.0001560732247095796,-0.01005600660457852,2.450274347796411e-10,0.6979347681213911,0.02637266672502724,-0.6974363218262084,0.0001089019474991934,4.115047563589943e-06,-0.0001088241726486651
101624.8692870695,14.80672172353854,-89.32498260039169,75.123890801572,-6376.254510788101,1.84750875189076e-06,0.0001568101157603707,-0.009985866952874329,2.45614774746263e-10,0.6979091321461737,0.02602007659891188,-0.697423911510648,0.0001094111966172766,4.079166736227602e-06,-0.0001093351285907801
101859.1388054117,14.75898093306915,-89.34768079513647,72.25469025419605,-6346.141424519447,1.793867065030812e-06,0.0001575556417365175,-0.009915848387467917,2.462126630179263e-10,0.6978607253497021,0.02578299219415052,-0.6973842766360084,0.0001099230785028784,4.061191254997911e-06,-0.0001098480309934607
102093.948370768,14.70490740594764,-89.4098631372521,65.02423945828943,-6312.913114591608,1.63143427954367e-06,0.0001583886708207026,-0.009841242733096086,2.469393607310683e-10,0.6978789362833011,0.02506785882990269,-0.6974285713688506,0.0001105056809757036,3.969371572316196e-06,-0.0001104343679169889
102329.2992280754,14.66510508573865,-89.47147656585511,58.01302841462365,-6288.855312196103,1.466713793121087e-06,0.0001589979196296484,-0.00978119088937456,2.473139014454307e-10,0.697818344089448,0.02435693121694963,-0.6973931324937406,0.0001109197818774825,3.87158853113009e-06,-0.0001108521935461537
102565.1926251407,14.61458741226611,-89.50172920409,54.42051586295862,-6257.615935284478,1.389671016005777e-06,0.0001597931838143357,-0.009710219252559726,2.479769003257692e-10,0.6975297636216146,0.02402003947470129,-0.6971160655455154,0.0001114277755543024,3.837111628751092e-06,-0.0001113616888311617
102801.6298126474,14.57657016983829,-89.49175711515656,55.29675554415988,-6233.609378502696,1.422939084858318e-06,0.0001604080806753165,-0.009650720009991958,2.483593687742574e-10,0.6976017405865407,0.02418522059397185,-0.6971823746869912,0.0001118681006998587,3.878365742866297e-06,-0.0001118008507720683
103038.6120441616,14.52205039318253,-89.48800015397096,55.40145043515398,-6199.581544309944,1.441324274521041e-06,0.0001612883291231783,-0.00957596408087605,2.49148200573053e-10,0.6974923908907162,0.02426858630751984,-0.6970700618080525,0.0001124642444533647,3.913086735671828e-06,-0.000112396147766128
103276.1405761397,14.47778965149823,-89.54249899048519,49.29299440911323,-6173.145973767023,1.29343443058776e-06,0.0001619816293010249,-0.00951320111956082,2.496396614712833e-10,0.6976164499709632,0.0236512849142471,-0.6972154100362344,0.0001129666794776871,3.829908429272872e-06,-0.0001129017381338209
103514.2166679343,14.4250220517106,-89.58725204769553,44.24258799123719,-6141.447105051153,1.172942044543848e-06,0.0001628196236007567,-0.009442583791575792,2.503510492552205e-10,0.6974465556243833,0.02314270313712034,-0.697062488765407,0.0001135225970965242,3.766911948698036e-06,-0.0001134600829627341
103752.8415818013,14.38183361560241,-89.55925160490963,47.03648585608603,-6114.461207396624,1.258035163160791e-06,0.000163537030088149,-0.00937947058282311,2.508776296096627e-10,0.6974480649956573,0.02352514015625495,-0.6970511969337798,0.0001140232780194747,3.846040631714232e-06,-0.0001139583954860967
103992.0165829059,14.33931277985178,-89.59230292910017,43.32877814790196,-6089.114680954551,1.168546894567173e-06,0.0001642191715354742,-0.009319106719646475,2.513425275456105e-10,0.6973674439765221,0.02316219286163687,-0.6969826861122075,0.000114484985396456,3.802476491293834e-06,-0.0001144218207063666
104231.7429393304,14.28885195316015,-89.60764764448042,41.49017212231137,-6058.774879745987,1.130199832948904e-06,0.0001650421294174774,-0.009251346509228507,2.520201789006698e-10,0.6971884036183565,0.02301154274659425,-0.6968085382946553,0.0001150287725981978,3.796663145849843e-06,-0.0001149660988048427
104472.02192208,14.24471573227432,-89.60123789150479,41.98174701088694,-6032.012651293238,1.153758685341165e-06,0.0001657741157058706,-0.009189298843686576,2.525561147690383e-10,0.6971814809367698,0.02313127441161978,-0.696797647459635,0.0001155377017423073,3.833340897549708e-06,-0.0001154740924253468
104712.85480509,14.19465588758029,-89.59515238131965,42.40931073605994,-6001.848512810128,1.177252093893e-06,0.0001666070163910132,-0.009122317028606506,2.532416310691911e-10,0.6969535064599512,0.02323978559243287,-0.6965659355240098,0.0001160801313235205,3.870670480162198e-06,-0.0001160155799801034
104954.2428652322,14.15552806641511,-89.59231391242454,42.53986983351309,-5978.408246790645,1.190153646524611e-06,0.0001672601350962595,-0.009065790942057096,2.536498228349758e-10,0.6970767459538412,0.02332060448447854,-0.6966865429704198,0.0001165556403994447,3.899352554748037e-06,-0.000116490395992882
105196.1873823223,14.11217089483632,-89.58305745279088,43.31687019302566,-5952.450885631722,1.22248187843954e-06,0.0001679891300447137,-0.009005668413789093,2.541700128974552e-10,0.6967501937335269,0.0234644524887989,-0.6963549755240557,0.0001170087514085491,3.940503085456792e-06,-0.000116942380434217
105438.6896391259,14.05808921622054,-89.57506189535849,43.90933743240219,-5920.329479689388,1.252683166295456e-06,0.0001689002274185284,-0.008936470138714507,2.549612940830391e-10,0.6965291027119646,0.02359650694070065,-0.6961292953072238,0.000117605955237118,3.984169115425985e-06,-0.000117538449469502
105681.7509213658,14.0252414344498,-89.56400942676329,44.90263966527968,-5900.774563384562,1.289521771452551e-06,0.0001694594644020784,-0.008886467452004589,2.55217886992499e-10,0.696579353128518,0.02377495914002256,-0.6961735031749161,0.0001180038473063664,4.027590877441214e-06,-0.0001179350943986911
105925.3725177289,13.98014921345601,-89.55712151300909,45.40680547373215,-5874.221885086849,1.31581340470692e-06,0.0001702251417596747,-0.008826133225764076,2.557818856349679e-10,0.6964161809545936,0.0238956052589796,-0.6960061042438408,0.0001185091799182201,4.066316464688544e-06,-0.0001184393971417369
106169.5557198725,13.93502986560255,-89.48202866312089,52.85600831331922,-5846.546865975525,1.546179807677496e-06,0.0001710271546656609,-0.0087643470619164,2.564015795474659e-10,0.6959947343127677,0.02483538291659646,-0.6955514890692752,0.0001189965920665633,4.246190070189602e-06,-0.0001189208089164546
106414.3018224316,13.89730409891472,-89.46721195655077,54.16180924608534,-5824.36800673259,1.59645982590064e-06,0.000171677602049116,-0.008711018564070298,2.567859892131798e-10,0.6959694562924579,0.02505705291370048,-0.6955182443267031,0.0001194449069457517,4.300386068026022e-06,-0.0001193674682438444
106659.6121230258,13.85670829451798,-89.46432516982755,54.23539245674892,-5800.848522775727,1.611616760896729e-06,0.0001723735052564381,-0.008655888561287645,2.572341395772398e-10,0.696013933399968,0.02513650978932997,-0.6955598833763388,0.0001199366056338257,4.331504754346929e-06,-0.0001198583640699593
106905.4879222658,13.81560650713824,-89.45667421672108,54.78447287337451,-5777.05878596133,1.641363832721325e-06,0.0001730828983733876,-0.008600563733330206,2.576993628636171e-10,0.6956506433929985,0.02525910825845367,-0.6951919124264037,0.0001203672905152424,4.370542097211339e-06,-0.0001202879170480446
107151.9305237606,13.78168891016062,-89.41465254966629,58.81533798617236,-5756.843042449909,1.774501989949801e-06,0.0001736881872048024,-0.008550756130398579,2.58009527163349e-10,0.6954621714160621,0.02580495711716838,-0.6949832631502181,0.0001207561740619945,4.480628884470076e-06,-0.0001206730191007516
107398.9412341245,13.7432644472387,-89.40847245387597,59.20874314989156,-5734.797280426679,1.8001280945185e-06,0.0001743554946729731,-0.008498420229489751,2.584056832109548e-10,0.6954235984584012,0.02592155289608795,-0.6949403243360446,0.0001212133261334292,4.518163680444037e-06,-0.0001211290907638863
107646.5213629835,13.70823305493597,-89.35444301398529,64.38160041498104,-5713.884236965601,1.971713272392342e-06,0.0001749900796861355,-0.008447954555832511,2.587549664827668e-10,0.6953549741731875,0.02661740314877391,-0.6948453453517623,0.0001216435242397103,4.656376736178482e-06,-0.0001215543711478438
107894.6722229828,13.66597601213518,-89.35487851613789,64.06902482248097,-5689.981938931356,1.978660475510904e-06,0.000175725202625277,-0.008393266627781008,2.592443163774185e-10,0.695045396601184,0.02664351531287813,-0.6945345394062629,0.0001220999411380972,4.68051679404342e-06,-0.0001220101978871745
108143.3951297938,13.63405038929623,-89.34785742684423,64.5599313854829,-5671.845403715461,2.006587146767946e-06,0.000176286619909721,-0.008347271059605059,2.594751351190045e-10,0.6951409748152014,0.02677564647015899,-0.6946251072507627,0.0001225068399297179,4.718754835314522e-06,-0.0001224159269963256
108392.6914021203,13.59679192109955,-89.30758458609846,68.28534773942087,-5650.180053495268,2.138649043233977e-06,0.0001769596636106966,-0.008296261244560357,2.598710157850512e-10,0.6950675536063315,0.02730444843686035,-0.6945310440663177,0.000122962374557687,4.830350371506233e-06,-0.0001228674622190651
108642.5623617066,13.56227601879173,-89.30106455047166,68.69137510458772,-5630.749820312863,2.16623275632021e-06,0.0001775698140390149,-0.008248716228111217,2.601680129400523e-10,0.694598924429896,0.02740853164855192,-0.6940579501828639,0.0001233031144053308,4.86548019969561e-06,-0.0001232070822821499
108893.0093333433,13.52279919996159,-89.26857726231314,71.59623332690154,-5608.164676861461,2.276029480918397e-06,0.0001782823976242031,-0.008196734900249993,2.606149793279106e-10,0.6944916369551639,0.02784137414185265,-0.6939333481585653,0.000123779468889436,4.962177110641122e-06,-0.0001236799648967992
109144.0336448757,13.48523878627366,-89.20242617977513,77.76521975938982,-5586.104976604845,2.491627181077018e-06,0.0001789809253947056,-0.008145715253200547,2.610423910322274e-10,0.6943789892294215,0.02868158762674835,-0.6937863844256978,0.0001242459929340856,5.132027882303816e-06,-0.0001241399575076136
109395.6366272094,13.4473745808471,-89.16901822554614,80.71069603472201,-5564.572099247331,2.606010665684849e-06,0.0001796705387644328,-0.0080956533833652,2.614498263854362e-10,0.6940963192140208,0.02911805038970957,-0.6934852842620053,0.0001246747565984399,5.230233534546043e-06,-0.0001245650014653166
109647.8196143185,13.42451636842102,-89.11455660661129,85.79056753776673,-5550.943364351098,2.783570495800451e-06,0.0001801065387061926,-0.008057251647749732,2.614889464898181e-10,0.6941649825253361,0.02982404378676427,-0.6935240077867566,0.0001249912258804696,5.370112131065919e-06,-0.0001248758120806522
109900.5839432521,13.40074903911534,-89.05140957015448,91.67382410938326,-5536.681722931956,2.989697058258351e-06,0.0001805640947170673,-0.008018067174112388,2.615595448164179e-10,0.6936421752487136,0.03060928212162303,-0.6929664776392621,0.0001252163771849226,5.525591655562997e-06,-0.0001250944001631279
110153.9309541415,13.37538592064619,-89.0206498264002,94.39940203761164,-5522.192893508514,3.094704634303902e-06,0.0001810345782937467,-0.007978692072956591,2.616426618997832e-10,0.693679922108023,0.03102703602695006,-0.6929856833811036,0.0001255503904666833,5.615639669041497e-06,-0.0001254247389371177
110407.8619902073,13.34933472113109,-89.00047182239388,96.08960350016098,-5507.568819363402,3.166827157884393e-06,0.0001815130656777878,-0.007939260721290177,2.617340341633522e-10,0.6934616710743301,0.0313053798137123,-0.6927546913907704,0.0001258431665239905,5.681017840381112e-06,-0.0001257148702305422
110662.3783977666,13.33048322917059,-89.03149384021289,92.94251395609761,-5497.855153686239,3.073999056727821e-06,0.0001818371468243346,-0.007907030707105026,2.615934333389348e-10,0.6935715299739386,0.03097943611504792,-0.6928793125273576,0.0001260864280409767,5.631843686860675e-06,-0.0001259605877757768
110917.4815262401,13.29703004401707,-89.06787872281357,89.16576008337334,-5480.371637230433,2.967994880594758e-06,0.0001824210879585122,-0.007863758030238914,2.618244027908396e-10,0.6935897845745125,0.03058457794185973,-0.6929151267350403,0.000126493106152673,5.577847814768016e-06,-0.0001263700657509787
111173.1727281591,13.26990858835308,-89.13889253738786,82.17074591865028,-5467.009244087645,2.748650444818601e-06,0.0001828740535648254,-0.007826542355260552,2.618606993476947e-10,0.6936731734679368,0.0297737695411223,-0.6930339055460349,0.0001268197572499588,5.443344747994466e-06,-0.0001267028840512045
111429.453359173,13.23867319364541,-89.18717341724314,77.33653742185967,-5451.051954160404,2.60217603741992e-06,0.0001834139107686229,-0.007785749973653133,2.620232386682402e-10,0.6937168598178586,0.02923616904832145,-0.6931005179733517,0.0001272003542157741,5.36076211242027e-06,-0.0001270873413924158
111686.3247780561,13.20085785473898,-89.22355582977644,73.60832559092854,-5431.412049048173,2.494719249945251e-06,0.0001840803752071075,-0.007739856041397282,2.623658949471648e-10,0.6937442718332046,0.02884185641190683,-0.693144474132268,0.0001276662472053961,5.307620862677655e-06,-0.0001275558694701556
111943.7883467151,13.15622982851234,-89.23907234010231,71.82416861008596,-5407.846237155733,2.455530520523976e-06,0.000184883887173487,-0.007688550412984991,2.629031544026063e-10,0.6934713899539041,0.02868762583250348,-0.6928777589219429,0.0001281723767463361,5.302253617710128e-06,-0.0001280626575836149
112201.8454301964,13.10984651484313,-89.2595402397597,69.57812150107617,-5383.561649130421,2.400273784631455e-06,0.0001857196143784245,-0.007636420280022153,2.634816903456217e-10,0.6934147798213297,0.02848263881373699,-0.6928295577996578,0.0001287404044357885,5.288128472288723e-06,-0.0001286317512574208
112460.4973966926,13.06836877453794,-89.23846466165843,71.26172689405149,-5361.216415421567,2.478865373346691e-06,0.0001864918843598181,-0.007587233857680309,2.639713496788645e-10,0.6933941237872751,0.02878158584711405,-0.6927965294506376,0.0001292722759317381,5.365867664206782e-06,-0.0001291608639982779
112719.745617551,13.02977538620935,-89.24369860047958,70.50463930544342,-5340.970741154487,2.471164317823648e-06,0.0001871992601919756,-0.007541197770690893,2.643625502786675e-10,0.6932381387183071,0.02875688790854989,-0.6926414356443296,0.0001297330273262176,5.381582340167283e-06,-0.000129621359932463
112979.5914672798,12.99128835031482,-89.21618529524231,72.78649738385761,-5320.261180526948,2.57100922858598e-06,0.0001879255230745049,-0.007494679830436579,2.647812198167728e-10,0.6928643773903531,0.02911893328483909,-0.6922522178952371,0.0001301667251936505,5.470502324128673e-06,-0.0001300517202960462
113240.0363235557,12.95369603395092,-89.1779249405236,76.04777240644214,-5299.902180234279,2.70683249343924e-06,0.000188643887645187,-0.007448828676438142,2.651870289622971e-10,0.692797757304388,0.02962357278508217,-0.692164125378827,0.0001306527175493789,5.586623581104217e-06,-0.0001305332227442533
113501.0815672315,12.91848956467229,-89.13457610555949,79.76933301994994,-5280.763062636865,2.859851683817725e-06,0.0001893233723384336,-0.007404859346806431,2.655360249674803e-10,0.6924660138369608,0.03017811222973225,-0.6918081105779982,0.0001310617494307812,5.711754951598828e-06,-0.0001309372293094282
113762.7285823431,12.87885273078613,-89.09109184865544,83.4392913350659,-5259.40735005061,3.015696935899476e-06,0.0001900876478744638,-0.007357951834712934,2.66001032685494e-10,0.6923070551786835,0.03074149728106393,-0.6916241891338815,0.0001315619223646983,5.841931623276695e-06,-0.0001314321545558919
114024.9787561168,12.83834727540114,-89.02124389238043,89.47323484867046,-5237.198556260065,3.261131576854228e-06,0.0001908860634687208,-0.00731003019930677,2.66514653361425e-10,0.691859150068865,0.03160965380554048,-0.6911366820827167,0.0001320314438017612,6.032251260395899e-06,-0.0001318935710984773
114287.8334789772,12.80664718316097,-88.94605661613126,96.02192340799876,-5219.474304446735,3.523464608816229e-06,0.0001915253552066611,-0.007268535159052037,2.668046336275922e-10,0.6917663152993148,0.032557784675075,-0.6909997291170543,0.0001324586847688945,6.234130286010437e-06,-0.0001323118996548777
114551.2941445536,12.77796178981061,-88.86036677627013,103.5058413951585,-5203.135221754975,3.82175467133108e-06,0.0001921157885514226,-0.00722911684500792,2.670269030790274e-10,0.6916094060728942,0.03362922467320549,-0.6907913185734028,0.0001328404415386943,6.459312170953503e-06,-0.0001326833078969372
114815.3621496883,12.74588653189003,-88.79889000232254,108.7228299590046,-5185.575641371756,4.041438100396344e-06,0.0001927578869813196,-0.007188149570309752,2.673148945869079e-10,0.6912474158957186,0.0343981517266112,-0.6903910175692479,0.0001332173317385024,6.629218257282583e-06,-0.0001330522864922791
115080.0388944436,12.71883171470026,-88.67046726470988,119.9741580108396,-5169.319179663531,4.487321051369678e-06,0.0001933449266137581,-0.00714913470456705,2.675388051414001e-10,0.6909453835888718,0.03597561634961169,-0.6900081725103252,0.0001335710136174838,6.9546734886221e-06,-0.0001333898354278492
115345.3257821092,12.70077567635446,-88.53996560427424,131.4560710582913,-5157.582404716291,4.938627334475776e-06,0.0001937634164682166,-0.007116497600128166,2.675309033801698e-10,0.690567796620066,0.03757251403664973,-0.689544913633375,0.0001337941349187305,7.27949093030345e-06,-0.0001335959563401793
115611.2242192099,12.67617987806085,-88.41522473440459,142.2798992303433,-5142.65896211689,5.375709599067229e-06,0.0001943032100593804,-0.007079585913776193,2.676901597075642e-10,0.6900866610751212,0.03909239385219831,-0.6889785080368718,0.0001340808851303686,7.59548483577651e-06,-0.000133865575737202
115877.7356155126,12.66308900601595,-88.32710311947322,149.9503401780311,-5134.255537964345,5.683583010042698e-06,0.0001946042103682204,-0.007051761441691241,2.675116200270678e-10,0.6899040441572325,0.0401874271534479,-0.6887325757093903,0.0001342586676289832,7.820667918608504e-06,-0.0001340306941965781
116144.8613840343,12.65727037651467,-88.20888696905921,160.3859440578317,-5128.902480661063,6.091060918331622e-06,0.0001947830131711796,-0.007028207470448649,2.671749212392036e-10,0.6893727999470152,0.04162244866593733,-0.6881151277757515,0.0001342866628672265,8.107862294742062e-06,-0.000134041674090656
116412.6029410491,12.65950775183797,-88.11019315335052,169.1990305781381,-5127.970934235029,6.427383378246743e-06,0.0001947968320753091,-0.007010769466501494,2.666088593007103e-10,0.6893888751008834,0.04285489951809461,-0.6880555782058274,0.0001343064917950793,8.348976054572464e-06,-0.0001340467393752712
116680.9617060962,12.66290938744547,-88.04065079387907,175.4379627627957,-5128.200804834923,6.663241433394885e-06,0.0001947722120311318,-0.006994958691831482,2.659837527357334e-10,0.6893506705070552,0.04373388395094904,-0.6879619861032232,0.0001342872872542408,8.519473307460313e-06,-0.0001340167679533664
116949.9391019871,12.66345900851415,-88.04041897757936,175.4654100202088,-5128.395882695252,6.663775059585232e-06,0.000194764749216659,-0.006979136211018385,2.653619126560371e-10,0.689090358809223,0.0437665551544254,-0.6876990702725563,0.000134231187436846,8.52549537705142e-06,-0.0001339601717275757
117219.536554813,12.65368373588556,-88.09969215490402,170.0281889850195,-5124.60403670018,6.467292118324256e-06,0.0001949224507649362,-0.006957936260463961,2.649474947250497e-10,0.6893092065254971,0.04311530060816316,-0.6879594850383838,0.0001343775880944676,8.405125088777689e-06,-0.0001341144662380923
117489.755493953,12.65035082163726,-88.14699171822085,165.7672554038902,-5123.804677119963,6.307529456659127e-06,0.0001949634072927019,-0.006940850616060618,2.643793715212206e-10,0.6891367639203618,0.04258333421412705,-0.6878198448967844,0.0001343682961995332,8.302923838073991e-06,-0.0001341115225448754
117760.5973520807,12.64081071434713,-88.24369426463764,157.0209796510992,-5120.874598479074,5.982204603038208e-06,0.0001950957105392668,-0.006920927064126081,2.639222413673122e-10,0.6893928110914644,0.04148453222950713,-0.6881435036170076,0.0001345020147507989,8.093721135602141e-06,-0.0001342582721853787
118032.063565173,12.61920943490514,-88.35005680944393,147.2531870792484,-5112.087432087027,5.629994399419469e-06,0.0001954526362577356,-0.006893160720564343,2.637678495815381e-10,0.6897972653923271,0.04027749157643445,-0.6886203533261581,0.000134819425490329,7.872151060845389e-06,-0.0001345894005009963
118304.1555725165,12.59509263037109,-88.45510849535987,137.601567692823,-5102.02712738006,5.28228796061164e-06,0.0001958580626772855,-0.006863772732089222,2.636801081991729e-10,0.6897513445439457,0.0390592478340601,-0.6886445327299262,0.0001350829062483723,7.649476517931045e-06,-0.0001348661450087017
118576.874816716,12.57542166495343,-88.53695389919783,130.0968640113169,-5093.743164953801,5.010828460600088e-06,0.000196191302656745,-0.006836867684327499,2.635014978824671e-10,0.6901588791102652,0.0381451396975083,-0.6891039302835206,0.0001353873364998365,7.482869554206998e-06,-0.0001351803889170123
118850.2227437018,12.54801444631481,-88.6308693079572,121.4584527994697,-5081.861180533429,4.700392657438407e-06,0.0001966659580172496,-0.006805231898747707,2.635101415192177e-10,0.6901829630437087,0.03706410580817594,-0.6891870388627703,0.0001357138451018134,7.288085310459131e-06,-0.0001355180119571803
119124.2008027375,12.52283243354555,-88.73301636968392,112.1593698956643,-5071.266028276273,4.359035367300971e-06,0.0001970930114426644,-0.006775424730619679,2.634533578744835e-10,0.6904512437351389,0.03589668235773923,-0.6895174748845078,0.0001360555504752955,7.073552148299914e-06,-0.0001358715484387404
119398.8104464273,12.48949058087786,-88.80865702297645,105.1471244272424,-5056.15791092288,4.111197723148518e-06,0.0001976931371589643,-0.006739703030271239,2.6363283659859e-10,0.6901893659926832,0.03502057918011606,-0.6893003118839214,0.0001364139176263735,6.921715457949972e-06,-0.0001362381986716435
119674.0531307244,12.45644024140886,-88.86976124673765,99.45301184017266,-5040.969161214179,3.912198214534942e-06,0.0001982973686480321,-0.006704002571924806,2.638190128938973e-10,0.6903922069824416,0.03434312697438559,-0.6895374892576239,0.0001368678268239882,6.808404132875719e-06,-0.0001366983820412102
119949.9303149379,12.4332443739179,-88.9103456538289,95.67757113217485,-5030.274151674696,3.779808036745213e-06,0.0001987244287301708,-0.006674393175922647,2.637718690754618e-10,0.6904491396818662,0.03390521344497838,-0.6896161620703792,0.0001371717330487958,6.735958697522535e-06,-0.0001370062451424583
120226.4434617413,12.39767197256699,-89.01071359410952,86.59364328704567,-5014.682511625731,3.442465901109958e-06,0.0001993549745209361,-0.006638402391198509,2.63983443316393e-10,0.6903864069176799,0.03274198917487144,-0.6896095656250549,0.0001375898105658456,6.525279239248828e-06,-0.0001374349908225526
120503.5940371797,12.37132221518264,-89.03792329321297,84.00298366005461,-5002.266495307464,3.35612869575334e-06,0.0001998530218479618,-0.006606736054241814,2.640300187973204e-10,0.6903583369178252,0.03246111557096978,-0.6895947428220677,0.0001379265368849222,6.485398980063337e-06,-0.0001377739785922479
120781.383510678,12.34173501677516,-89.09014398024412,79.22843396029153,-4988.781962292134,3.182603256788411e-06,0.0002003991865919724,-0.006573772267116675,2.641347907064553e-10,0.690529077894186,0.03188852949072286,-0.6897923811585006,0.0001383353206393147,6.388304407495727e-06,-0.0001381877364427798
121059.8133550482,12.3076230090778,-89.15860542820899,73.04094039729364,-4973.453504327174,2.952273387695579e-06,0.0002010241700873621,-0.006538500989836285,2.643395032090227e-10,0.6905103888009917,0.03111162729002933,-0.6898091501926189,0.0001387601619654361,6.25197609158194e-06,-0.000138619245935131
121338.8850464977,12.27615822141692,-89.24550099131022,65.31679070702506,-4959.794608664616,2.654740899193286e-06,0.000201586291314894,-0.006505547074929962,2.644578357450804e-10,0.6905002783424414,0.03011326958406081,-0.6898433339432561,0.0001391429022062962,6.068133288671646e-06,-0.0001390105211585865
121618.6000646368,12.24305364666774,-89.27836473437277,62.27758382145036,-4944.400863269766,2.547038519994437e-06,0.0002022168922472586,-0.006470439863630969,2.646710608199233e-10,0.6907034968916712,0.02977474833021106,-0.6900614356564606,0.0001396179164090513,6.018629328178914e-06,-0.0001394881309768498
121898.9598924867,12.21148552828501,-89.32504406810003,58.0796917684931,-4930.051166651266,2.389247717451069e-06,0.0002028095042892155,-0.006436822870027428,2.648309296186179e-10,0.690562068065367,0.02925507963797517,-0.6899421063872623,0.0001399967142169068,5.93084273357855e-06,-0.0001398710302242742
122179.9660164872,12.18474939357366,-89.37079895136745,54.01024031764437,-4918.037611463253,2.232749716296682e-06,0.0002033086136471741,-0.00640636940487127,2.648672642817709e-10,0.6904431259592011,0.02874778307394146,-0.6898443847366208,0.0001403154920975928,5.842276035598191e-06,-0.0001401938127497555
122461.6199265049,12.14572610240943,-89.47204108548654,45.16421346611496,-4901.225274674086,1.879958431131431e-06,0.0002040132899670888,-0.006369785326533009,2.651645528618632e-10,0.6907675983564801,0.02759047921241636,-0.6902163721587663,0.0001408651818272728,5.626404423435219e-06,-0.0001407527727062404
122743.9231158407,12.12026254012051,-89.49505327506861,43.09208252735108,-4889.487179228918,1.802341687961538e-06,0.0002045045414151039,-0.00633991511762509,2.651898025438905e-10,0.6906889948691605,0.02735902304433679,-0.6901469202216516,0.0001411874897367499,5.592606533439175e-06,-0.0001410766813131319
123026.8770812382,12.07992209547291,-89.55866890166396,37.52430492469128,-4871.493961872531,1.581111697556797e-06,0.0002052636578652719,-0.006302056612900666,2.655571279692743e-10,0.6908693187854725,0.02664867626662318,-0.6903551721341267,0.0001417469623922298,5.467559218302303e-06,-0.0001416414739531418
123310.4833228909,12.04867300144851,-89.60040450333277,33.87770419823867,-4857.457141501455,1.435736999606622e-06,0.0002058590186999638,-0.006269445176876307,2.657119913827501e-10,0.6907756407148324,0.02619135902866299,-0.6902789280553325,0.0001421377466619611,5.389276249660653e-06,-0.0001420355403680525
123594.7433444511,12.01303047352085,-89.65905825079881,28.81122959655247,-4841.713806770458,1.228989537640557e-06,0.0002065311233187614,-0.00623475290721895,2.659628737443181e-10,0.6906349140780536,0.02552872514881016,-0.6901629291231722,0.0001425714995608927,5.270032765723154e-06,-0.0001424740651546443
123879.6586530369,11.97890213133586,-89.6979470644485,25.44406996878769,-4826.386854072093,1.092270620681229e-06,0.0002071885736524024,-0.006200722002719893,2.661938406214613e-10,0.6907946252830686,0.02511541136410708,-0.6903379103250717,0.000143057559804391,5.201183292010036e-06,-0.0001429629781081446
124165.2307592411,11.94052432316913,-89.71622904317047,23.8168241002851,-4808.780855692617,1.029919365168886e-06,0.0002079478147580535,-0.006163893376183275,2.665539641398668e-10,0.6906873049145031,0.02494071168612975,-0.6902368536021887,0.0001435589322939962,5.183911612153332e-06,-0.0001434653062652765
124451.4611771385,11.91060367456938,-89.77565182745185,18.77893589872144,-4795.886053643842,8.16444389051852e-07,0.000208508846302422,-0.006133226277323251,2.666559480747839e-10,0.690738815353765,0.02427620630073961,-0.6903120865550354,0.0001439559969286298,5.059373242081705e-06,-0.0001438670629230783
124738.3514242943,11.87389964128725,-89.78985831355402,17.52825678244037,-4779.111891870696,7.674294965707794e-07,0.0002092410830555581,-0.006097717923120964,2.669764371357787e-10,0.6906525742766955,0.02415170316726587,-0.6902301598663642,0.000144443040937452,5.051085855941457e-06,-0.00014435469721119
125025.903021772,11.84309093694275,-89.85225778079,12.28946800262979,-4765.957166147638,5.410406869633242e-07,0.0002098200458033265,-0.00606694791418182,2.670976068412461e-10,0.6906648068733907,0.02345017719888995,-0.6902665895455167,0.0001448444549349274,4.917911120847554e-06,-0.0001447609418165122
125314.1174941416,11.80665621015213,-89.84544274471705,12.81078505341074,-4749.062954653812,5.680109796912398e-07,0.0002105663228476462,-0.006031537861830219,2.674312811863488e-10,0.6906500216448471,0.02358167701948189,-0.6902473157549956,0.0001453562337854542,4.963069066056629e-06,-0.0001452714791200846
125602.9963694875,11.7671646153257,-89.91241032168614,7.234151964405521,-4732.13352314344,3.230521472175557e-07,0.0002113206776818505,-0.005996213970593649,2.677707539063196e-10,0.6906189850855772,0.0228238878308244,-0.6902417349776226,0.0001458697245057391,4.820768472821087e-06,-0.0001457900432770074
125892.5411794168,11.73749927902336,-89.94609980920242,4.439479327358764,-4719.154976884462,1.993440025714043e-07,0.000211902156194203,-0.00596601541879656,2.678896234878276e-10,0.6905345532341396,0.02246541053123155,-0.690169018820706,0.0001462527815713997,4.758094673101712e-06,-0.0001461753626725563
126182.7534590671,11.69915346759644,-89.97209407836652,2.290189185021627,-4702.161997580514,1.035800418050075e-07,0.0002126680797677017,-0.005930860633633004,2.682393848144129e-10,0.6905066553678761,0.02220163173688303,-0.690149642219389,0.0001467750988091072,4.71921112790482e-06,-0.0001466992115750915
126473.6347471152,11.66662002527564,-89.99423859431771,0.4713831359565114,-4687.790727163546,2.145050917882414e-08,0.0002133201006807026,-0.005899135166789748,2.68442896382093e-10,0.6905583971889356,0.02198689260499689,-0.6902082848544547,0.0001472357724458489,4.687883210976193e-06,-0.0001471611240740096
126765.1865857846,11.6282083881959,-90.0223240555906,-1.819929765786126,-4670.938436341437,-8.341540748850534e-08,0.0002140897084854489,-0.005864409314923324,2.68791783146228e-10,0.6903689932221037,0.02169308411820017,-0.6900280841414658,0.0001477261018431679,4.641915823566916e-06,-0.0001476531536516065
127057.4105208542,11.59535605197918,-90.05924253146156,-4.815019204329007,-4656.792570489461,-2.220361930691826e-07,0.000214739848458906,-0.005833202121062937,2.689882058810992e-10,0.6903684084230258,0.02129902044669521,-0.6900397749960165,0.0001481743075598462,4.571425296822443e-06,-0.0001481037727122286
127350.3081016662,11.56617111425421,-90.05540275999516,-4.490208070769201,-4643.629512853548,-2.082336610154585e-07,0.0002153485893350323,-0.005803335711351787,2.691302835296537e-10,0.6903371847524513,0.02139499068345619,-0.6900055673873907,0.0001485872704129557,4.605029739641423e-06,-0.0001485158935261471
127643.8808811344,11.52842812345972,-90.06297757249524,-5.085743453518115,-4626.909337368108,-2.375592494890833e-07,0.0002161267314572938,-0.005769140574517103,2.694816153062661e-10,0.6902288187800385,0.02135122410898224,-0.6898985052190904,0.0001491004367894997,4.61220504566364e-06,-0.0001490290837905016
127938.1304157525,11.49257390708225,-90.09691152454518,-7.800092346192933,-4611.545914205882,-3.667798156820295e-07,0.0002168464019848686,-0.005736759831928351,2.697575413378935e-10,0.6901282489840622,0.02099048072374212,-0.689808958889919,0.0001495748919075562,4.549370193095627e-06,-0.0001495056905940483
128233.0582656022,11.45982607133537,-90.13848487394498,-11.11283968302273,-4597.740924381051,-5.256946054341233e-07,0.0002174968477969966,-0.005706431750660611,2.699452163638035e-10,0.6900594871091593,0.02053893749925596,-0.6897537588123444,0.0001500084710891701,4.4648536388748e-06,-0.0001499420103923307
128528.6659943616,11.4233608816399,-90.12216101828575,-9.768001920093495,-4581.366822979272,-4.653863371966208e-07,0.0002182744785005156,-0.005673031540110674,2.702869422790046e-10,0.6899455814397585,0.02078316018186401,-0.6896324858945534,0.0001505194990168555,4.534083473704179e-06,-0.0001504511936520898
128824.9551693134,11.39361764264055,-90.14287185473633,-11.39227712139608,-4568.625825017532,-5.458039315153694e-07,0.0002188828370610807,-0.005644243246451611,2.704173429913428e-10,0.6898019481814281,0.02058084037363215,-0.6894948561986586,0.0001509073571601945,4.502452098183674e-06,-0.0001508401749209343
129121.9273613534,11.36307011336061,-90.16374879249636,-13.01967983157521,-4555.579693594812,-6.273493616895331e-07,0.0002195092390806303,-0.005615181260852863,2.705680322735013e-10,0.6895938059226514,0.02037481472377126,-0.6892927419405048,0.00015129334316015,4.470129820414541e-06,-0.0001512272912670314
129419.5841449986,11.32501397004708,-90.18205673084661,-14.4235573922476,-4539.278383354294,-6.999940789783185e-07,0.0002202971087347779,-0.005582220013716078,2.709151635204316e-10,0.6895402594558462,0.0202044529967363,-0.6892441871278555,0.000151824358639052,4.448657023018663e-06,-0.0001517591688394841
129717.9270983956,11.28843764573629,-90.18555108149691,-14.64908412927618,-4523.432325698702,-7.159286194125039e-07,0.0002210687460980114,-0.00554993924494744,2.71238937413179e-10,0.6895261628761277,0.02021357912004627,-0.6892298169042267,0.0001523526999165866,4.466245836229182e-06,-0.0001522872214599894
130016.9578033291,11.25647820271943,-90.20651661538871,-16.25565013585042,-4509.933067016278,-7.992055817844998e-07,0.0002217299000969999,-0.005520650173302656,2.714251179231922e-10,0.6895742723904361,0.02001446580231282,-0.689283757462373,0.0001528188230078311,4.435471608355134e-06,-0.0001527544410389114
130316.6778452299,11.22420880320337,-90.21161937271104,-16.60614058168833,-4496.079119076096,-8.214760299607363e-07,0.000222412980725982,-0.005491033290328829,2.716352869595161e-10,0.6893136834135496,0.01999733389842046,-0.689023556040075,0.0001532313555588281,4.445318081665168e-06,-0.000153166861538483
130617.0888131842,11.19553017784113,-90.22503250137991,-17.61106272646422,-4483.949529019378,-8.759058632418215e-07,0.000223014235083416,-0.00546362454256427,2.717436572729598e-10,0.6895115302465382,0.01989365428030502,-0.6892244865515869,0.0001536894467006368,4.434218406907032e-06,-0.0001536254657739651
130918.1922999407,11.16466716039069,-90.25405668971398,-19.82596298619562,-4471.193261567174,-9.916966997630589e-07,0.0002236495450226724,-0.005435550984902438,2.718921629083204e-10,0.6892562741145625,0.01958930864250438,-0.6889778446315945,0.0001540701548298262,4.378818052018564e-06,-0.0001540079172047785
131219.9899019203,11.12845196061095,-90.25969402391337,-20.19618590371568,-4455.814088467507,-1.017199909798742e-06,0.000224421269960445,-0.005404396374425672,2.722031015298426e-10,0.6890637941657451,0.01956820469024289,-0.6887858867567578,0.000154558298660737,4.389184935236212e-06,-0.0001544959635087786
131522.4832192238,11.10029628977198,-90.26435084230188,-20.50331053304025,-4443.885306584708,-1.038219212343268e-06,0.0002250235197536205,-0.005377531626265876,2.723060497497128e-10,0.6890787386990216,0.01956490278692343,-0.6888009311157852,0.0001549760972712841,4.400211626227277e-06,-0.0001549136174230107
131825.6738556407,11.06220007588379,-90.2837684486278,-21.93098674580691,-4428.056442081691,-1.118461974611093e-06,0.0002258271736380932,-0.00534605324163914,2.726509301850728e-10,0.6890784874356261,0.019383837053545,-0.6888057989794016,0.0001555293866843804,4.37505500969432e-06,-0.0001554678391696548
132129.5634186575,11.03287848552244,-90.28709238245104,-22.12597788517649,-4415.702464511306,-1.134728506281678e-06,0.0002264588479542933,-0.00531887683775395,2.727849018479293e-10,0.6887973492904408,0.0193884616921694,-0.688524419278466,0.0001559004461380252,4.388329645654126e-06,-0.0001558386719301611
132434.1535194665,11.00068558286274,-90.28724140042753,-22.06943814876641,-4402.1337686734,-1.138816866739034e-06,0.0002271568560836676,-0.005290337354956864,2.729963850222578e-10,0.6886842859599466,0.01943607756327352,-0.6884099684178868,0.0001563549099895118,4.412655000133897e-06,-0.0001562926305162151
132739.4457729739,10.96494044755442,-90.28930504042398,-22.15241524491684,-4387.165570851298,-1.150911583547411e-06,0.0002279317906697223,-0.005260223008296785,2.732977817628541e-10,0.6885212421048689,0.01945938460319314,-0.6882462009924185,0.000156850792982687,4.433007610099343e-06,-0.0001567881363586753
133045.4417978092,10.93991942313719,-90.30930327450328,-23.628910158482,-4377.010484026562,-1.233320246131156e-06,0.0002284597813132949,-0.005235976859369173,2.733018332046271e-10,0.6885802800851989,0.0192736327904216,-0.6883104889519489,0.0001572274932200724,4.400859357324653e-06,-0.0001571658902598938
133352.1432163324,10.90300631442635,-90.32626542696762,-24.83875597120267,-4361.910227996072,-1.305456219939268e-06,0.0002292499207511023,-0.005205912386293361,2.736172089128019e-10,0.6884416082415671,0.01911895493944309,-0.6881760774106136,0.0001577393522505431,4.380635237254368e-06,-0.0001576785124338096
133659.5516546442,10.87188549709368,-90.34090050909666,-25.87744851261104,-4349.219343981471,-1.367991682544655e-06,0.0002299181808913451,-0.00517882746587449,2.737844768434651e-10,0.6886025449124172,0.01900067059555026,-0.6883403514082093,0.0001582359686705473,4.366219002950801e-06,-0.000158175718467547
133967.6687425935,10.84218968946835,-90.35125072763451,-26.58875575963158,-4337.085400219816,-1.413467232538892e-06,0.0002305609240745637,-0.005152501245527846,2.739190002109456e-10,0.6882616243714534,0.01892014417468472,-0.688001520148641,0.0001585995232463494,4.359862208789527e-06,-0.0001585395861464565
134276.4961137863,10.80973302958467,-90.35503116692689,-26.79230009390844,-4323.750179281761,-1.433085617996982e-06,0.0002312718272049128,-0.005124844880849614,2.741318762903453e-10,0.6882147593079555,0.01892674733379028,-0.6879544557342949,0.0001590773603620322,4.374821907519189e-06,-0.0001590171925076951
134586.0354055948,10.77932218779421,-90.36883901355041,-27.75525125374244,-4311.465789864538,-1.493060054861441e-06,0.0002319300693731025,-0.005098531139286527,2.742806608512e-10,0.6881354339237329,0.01881219272413881,-0.6878782427336352,0.000159511560823959,4.360714586136377e-06,-0.0001594519432455868
134896.2882591653,10.74682190575638,-90.37174205386435,-27.88757444296048,-4298.189777051921,-1.509458880268133e-06,0.0002326462898850798,-0.005071141379743531,2.744950674295495e-10,0.6881439373307598,0.01883109518744951,-0.6878862321191797,0.0001600057550016981,4.378565935876942e-06,-0.0001599458339376447
135207.2563194277,10.71195932557829,-90.40000497488175,-29.9118244609719,-4284.430351604773,-1.629429449485747e-06,0.0002333918814709625,-0.005043281605980397,2.747432582683235e-10,0.6878466263739551,0.01853740648464574,-0.6875967902592728,0.0001604493031759633,4.324094702376245e-06,-0.0001603910256051038
135518.9412351036,10.68346030205558,-90.41394031641086,-30.87172059557528,-4273.052059930115,-1.690681493211138e-06,0.0002340125492806842,-0.00501831958860318,2.748412706101845e-10,0.6878153008625827,0.01842307894898757,-0.6875685262304584,0.0001608685160697255,4.308850600215333e-06,-0.0001608107996030757
135831.3446587154,10.64876352512819,-90.43845329915914,-32.59544704195977,-4259.393406468605,-1.796536315805592e-06,0.0002347614661695912,-0.00499077379316077,2.750884633658876e-10,0.687853274805715,0.01818378649842615,-0.6876128835104285,0.0001613923408572053,4.266496905837305e-06,-0.0001613359373838353
136144.4682465949,10.61529681771416,-90.4178063196275,-30.95931760074086,-4245.52408760654,-1.717535282396333e-06,0.0002355296556198395,-0.004963081888383587,2.753523722265773e-10,0.6876163699620108,0.01847920091334428,-0.6873680174210444,0.0001618638137477112,4.349974877720474e-06,-0.0001618053519495476
136458.3136588925,10.58681849052977,-90.45115907120653,-33.34482890809249,-4234.600611419801,-1.859416385428413e-06,0.0002361351376047466,-0.004938926777390264,2.754277382229013e-10,0.6876360879860774,0.01813369219933316,-0.6873969440636293,0.0001622848538911437,4.279623539966589e-06,-0.0001622284149735367
136772.8825595849,10.55148122886208,-90.44604927083037,-32.85611969378748,-4220.338607314953,-1.844570917290685e-06,0.0002369334519329801,-0.004910971665623269,2.757228982109963e-10,0.6875516932320089,0.01824698398916434,-0.6873095215705234,0.0001628129596361145,4.320904881701968e-06,-0.0001627556131335394
137088.1766164854,10.51096519088872,-90.49448097941078,-36.29117826208401,-4204.974123849302,-2.052305767678349e-06,0.0002377958793454331,-0.004881839075417749,2.760938952609884e-10,0.6874406515160859,0.01771748461302555,-0.6872122962344663,0.0001633798905842091,4.210808149211974e-06,-0.0001633256187560258
137404.1975012515,10.47866076091007,-90.49207325380168,-36.00364445076736,-4192.071281937916,-2.048599739770693e-06,0.0002385279676067675,-0.004855665827151466,2.763067361796936e-10,0.6873896116178712,0.01779950425183265,-0.6871591197157735,0.0001638702041884805,4.243311721479775e-06,-0.0001638152560856548
137720.9468893947,10.44708273709742,-90.48810523847082,-35.6059761907772,-4179.473293898645,-2.038206907875942e-06,0.0002392472346008523,-0.004829939448345155,2.765021910846566e-10,0.6871199480627406,0.01789465426704284,-0.6868868934361801,0.0001642993167302353,4.278844585269514e-06,-0.000164243590337758
138038.4264602885,10.41313907187871,-90.48110089884595,-34.98136970510648,-4165.940544832287,-2.015487247244479e-06,0.0002400249078772495,-0.00480322796585736,2.767623847692222e-10,0.6869245439382916,0.01802818440553515,-0.686687930308863,0.0001647858716370437,4.324769157711654e-06,-0.0001647291105509671
138356.6378971781,10.37801052311215,-90.48834065054442,-35.39096786893714,-4152.232642983971,-2.052567905231708e-06,0.0002408167951101667,-0.004776412321391793,2.770374322720429e-10,0.6869876830713404,0.01799786798739147,-0.6867518863750116,0.0001653444464664982,4.331733440471777e-06,-0.000165287694831507
138675.5828871888,10.34961221990996,-90.49252010903672,-35.59855719682016,-4141.144306574682,-2.075676055828485e-06,0.0002414613051130996,-0.004752701035945005,2.771403537671545e-10,0.6867243388438659,0.01799580042099668,-0.6864885058963132,0.0001657230571268262,4.342818351585843e-06,-0.0001656661449790706
138995.2631213353,10.31217918198815,-90.49381594571778,-35.56634479293754,-4126.539471400527,-2.088502341038318e-06,0.0002423158015416408,-0.004725047026702598,2.774815603856056e-10,0.686553001806857,0.018030808527184,-0.6863161911494309,0.0001662676005835605,4.366653794399803e-06,-0.0001662102504012742
139315.6802945303,10.27941344072578,-90.49420272846828,-35.48415043658833,-4113.78068654463,-2.096620513446149e-06,0.0002430673094637381,-0.004699604019270285,2.777019930902959e-10,0.6865646103095656,0.01808162782231511,-0.6863264666795394,0.0001667856173577407,4.392529725378577e-06,-0.0001667277656541177
139636.8361055938,10.24536455411888,-90.49337570905524,-35.31086406002562,-4100.553469630631,-2.099864072347865e-06,0.0002438514360051176,-0.004673719143928623,2.779570234657546e-10,0.6863768455556406,0.01814184578115087,-0.6861370472045396,0.0001672774088469761,4.421362657587428e-06,-0.0001672189674134143
139958.7322572618,10.21322108866583,-90.46246110972857,-32.99367461375575,-4087.602641121343,-1.974535975494574e-06,0.0002446262370865387,-0.004648242772977775,2.781963710756418e-10,0.6861683376542375,0.01856180114868482,-0.685917230529527,0.00016775670011312,4.538050414136674e-06,-0.0001676953086144095
140281.3704561958,10.17800902390495,-90.45071874654556,-32.04765630468486,-4073.843361303276,-1.930904284215093e-06,0.0002454532563871697,-0.004621941646456747,2.784939757879545e-10,0.6860431628049551,0.01875444805748398,-0.6857867685436088,0.0001682923824821608,4.600629984893881e-06,-0.0001682294867294791
140604.7524129914,10.14760711476199,-90.45655604725121,-32.37042481754657,-4062.260218206176,-1.961486590079683e-06,0.0002461527455489693,-0.004598200151542939,2.78645729745168e-10,0.6860485859436668,0.01874034091593605,-0.6857925793544717,0.0001687729673578124,4.610260862689486e-06,-0.0001687099878653874
140928.8798421875,10.11556796041569,-90.44732784921833,-31.61915458732375,-4049.842421578835,-1.927735880427889e-06,0.000246908136793966,-0.004573600818081394,2.788572925152489e-10,0.6857523163209961,0.01889837212628958,-0.6854918605429153,0.0001692170870040509,4.663385604712047e-06,-0.0001691528166151492
141253.7544622754,10.08213404597927,-90.44347164401664,-31.24739996069568,-4037.030124484089,-1.91718440643725e-06,0.0002476920067818024,-0.004548645819493089,2.790989107127451e-10,0.6855160437963558,0.01899380621425926,-0.6852528596275264,0.0001696952413250179,4.701798824954772e-06,-0.0001696300917177306
141579.3779957082,10.05469730258072,-90.42056271228634,-29.55368091555431,-4026.202811292178,-1.823042885349305e-06,0.0002483596006559208,-0.004526012816125386,2.792058309587491e-10,0.685273798924922,0.01931691809590924,-0.6850014862525996,0.0001700914800043062,4.794642948861875e-06,-0.0001700238894068955
141905.7521689092,10.01814001465731,-90.41957955127357,-29.38314765483956,-4012.350578088806,-1.825060571235939e-06,0.0002492170996812692,-0.00450006724998966,2.795253881881431e-10,0.6850924375721539,0.01937960371247431,-0.6848182817204159,0.0001706330570284507,4.826795398848833e-06,-0.0001705647741975234
142232.878712282,9.989376061398692,-90.40375419159514,-28.19640540166028,-4001.217372124161,-1.761115698362289e-06,0.0002499115268853682,-0.004477259610606013,2.796584755433929e-10,0.6851053761371848,0.01962529873010679,-0.6848242285884952,0.0001711109061929666,4.901585605633645e-06,-0.0001710406871967277
142560.7593602188,9.956456402430518,-90.39221028167623,-27.30411121896788,-3988.640720715372,-1.716160319362508e-06,0.0002507002289212016,-0.004452921615796432,2.798950467554674e-10,0.684798303936009,0.01981069774192355,-0.6845116896946413,0.0001715732389723215,4.963484223525614e-06,-0.0001715014290197495
142889.3958511103,9.918431448325522,-90.39624051156187,-27.48672095750888,-3974.474972579526,-1.739973481240808e-06,0.0002515935263734861,-0.004426901900685318,2.802466082073979e-10,0.6844918690259713,0.01981008904409418,-0.6842051440428758,0.0001721071159230284,4.981004809318007e-06,-0.0001720350224298306
143218.7899273543,9.890568134720128,-90.37545053467437,-25.97394561241688,-3963.707658981023,-1.653164407775723e-06,0.000252278206878317,-0.00440475490135073,2.803615909564524e-10,0.6843894112015274,0.02011185584788086,-0.6840938381677819,0.0001725487186252115,5.070614622213876e-06,-0.0001724741985531616
143548.9433353656,9.854464200461226,-90.37166942117203,-25.62486291371954,-3950.219787559574,-1.642104364814572e-06,0.0002531398188146211,-0.004379670033660452,2.806718592184986e-10,0.6843069704612951,0.02021120016111752,-0.6840084335810217,0.0001731165820443699,5.113047275477349e-06,-0.0001730410579206097
143879.8578255845,9.826469327906855,-90.35104477948772,-24.13704040114587,-3939.47815476317,-1.555214587824316e-06,0.0002538311985595402,-0.004357715047878003,2.807898695404197e-10,0.6840920860559019,0.02050773469286568,-0.6837846261960578,0.0001735339772957749,5.202207186897228e-06,-0.0001734559838012951
144211.5351524869,9.789946150541617,-90.30892032771902,-21.16405808685122,-3925.282173568971,-1.373550261076022e-06,0.0002547513493006515,-0.004332025592081964,2.8115722593944e-10,0.6839290363355763,0.02106230116999483,-0.6836046417428239,0.000174120274742902,5.362213726275855e-06,-0.0001740376877015361
144543.9770745927,9.760882331834683,-90.30501967678053,-20.83944361954086,-3914.504466306987,-1.359941496202024e-06,0.0002554529361718305,-0.004310195057429128,2.812829050357227e-10,0.6838059312394699,0.02116201529116294,-0.6834783981276183,0.0001745677845089817,5.402418955956367e-06,-0.0001744841690750155
144877.1853544762,9.723932671897021,-90.28758881768977,-19.57905455749663,-3900.665474787884,-1.286777214757979e-06,0.0002563600525556699,-0.004285079049136883,2.816316277568728e-10,0.6834315642865644,0.02141532008548094,-0.6830959574824146,0.0001750909588148247,5.486473149667115e-06,-0.0001750049784179656
145211.1617587742,9.694329749308956,-90.23428623091968,-15.90218231924992,-3888.930434359809,-1.0514511920669e-06,0.000257135810606512,-0.004262361752859377,2.818317758178643e-10,0.6831436118882607,0.02209868676616332,-0.6827860883958823,0.0001755455186199813,5.678638227273922e-06,-0.000175453646800065
145545.9080581966,9.664286206554571,-90.19740998309283,-13.35927704407645,-3877.347797363127,-8.886040390817864e-07,0.0002579051921967183,-0.004239892940102903,2.820235485325006e-10,0.6828492337316374,0.02258570352904232,-0.6824756127540256,0.0001759939343295186,5.821119256375152e-06,-0.0001758976392433565
145881.4260275348,9.637140930249736,-90.16506893642936,-11.14061149499691,-3866.91928623101,-7.450324867030505e-07,0.0002586016479431567,-0.004218764072301337,2.821337390198634e-10,0.6827752192367066,0.02302584711202999,-0.6823868480330686,0.0001764492084319556,5.950556467082889e-06,-0.0001763488418844756
146217.7174456718,9.60466065317936,-90.12037690003895,-8.097990165434608,-3854.393793025355,-5.450836575761524e-07,0.0002594430251852898,-0.004195427445450548,2.823995812257792e-10,0.6824315679385724,0.02360377016774259,-0.682023245170549,0.0001769333079443602,6.119724426512786e-06,-0.0001768274425338933
146554.7840955911,9.576817670072653,-90.06000553057676,-4.025061868056634,-3843.295289381512,-2.724987890119234e-07,0.0002601930967777502,-0.004173725524155478,2.825637060351713e-10,0.6818709738600265,0.02436000289014928,-0.6814357014803472,0.0001772982273518023,6.33402138568644e-06,-0.0001771850490170574
146892.6277643867,9.549836045151746,-90.03109073406131,-2.079961839925837,-3833.072035033892,-1.41566755007827e-07,0.0002608872717253042,-0.004153049549780459,2.82665724910256e-10,0.6816793668313487,0.02475465742347013,-0.681229745459955,0.0001777206652746483,6.453788100401113e-06,-0.0001776034444621464
147231.2502432718,9.525506062636204,-89.93116479235367,4.592467283654333,-3822.591306184507,3.142893818492938e-07,0.0002616022683404358,-0.004132168278094011,2.827888383518941e-10,0.6815647445726458,0.02599617290320571,-0.6810687924422631,0.0001781773113198896,6.796020817368526e-06,-0.0001780476575814317
147570.6533275894,9.500185890858067,-89.91050907868177,5.955806437010904,-3813.149869464531,4.096111458658955e-07,0.000262249739629491,-0.004112481965694696,2.828370225994506e-10,0.6811201784130319,0.02628250710235261,-0.6806129055945201,0.0001785013228884847,6.887862722738231e-06,-0.0001783683817834646
147910.8388168207,9.475871672685454,-89.82066866478566,11.90277188796767,-3802.884564984155,8.230336095410534e-07,0.0002629557081028191,-0.004091977852107687,2.82948234781243e-10,0.6807723926786537,0.02739373803437365,-0.6802210183094339,0.0001788905455030711,7.19841285140144e-06,-0.0001787456576334293
148251.8085145954,9.460523933714079,-89.74946791682011,16.59907013938017,-3796.122993262977,1.151847294192622e-06,0.0002634216231088011,-0.004075307714732693,2.828002940175394e-10,0.680518278458181,0.02828660657229458,-0.6799301399440317,0.0001791408829158933,7.446218325738555e-06,-0.0001789860602519962
148593.5642287007,9.446578070448076,-89.69525247965683,20.15946058652583,-3790.157555187446,1.403305067516957e-06,0.0002638338104858403,-0.00405954533183385,2.825939551945816e-10,0.6802202338751809,0.02897553331728281,-0.6796028141805954,0.0001793428615949051,7.639518500876543e-06,-0.0001791800763537175
148936.1077710915,9.432059115590993,-89.6817926162868,21.01962371965624,-3784.712126110405,1.467390957134356e-06,0.0002642127386903563,-0.004044389584667425,2.823496670736463e-10,0.6801029274430394,0.02918851684163816,-0.6794762853854265,0.0001795691212024992,7.706710421263831e-06,-0.000179403667476227
149279.4409578996,9.421255228322249,-89.63209657607523,24.27181418624338,-3779.941448315346,1.698690222339503e-06,0.0002645434548072769,-0.004030001467295086,2.820558158046085e-10,0.6799098548868983,0.02982787481625544,-0.6792552603081325,0.0001797432015772331,7.885394919905271e-06,-0.0001795701508051686
149623.5656094434,9.404817435147876,-89.64808740213191,23.18250620582873,-3774.354966135622,1.627265876662814e-06,0.0002649359386890227,-0.004014790366725591,2.818236205148307e-10,0.6797441472693317,0.02968966809634999,-0.6790954493701453,0.0001799651033221059,7.860463687731589e-06,-0.0001797933578426914
149968.4835502373,9.390730145093457,-89.66290284612076,22.17841539244032,-3769.580732132752,1.560735764158181e-06,0.0002652723091536349,-0.004000489920950086,2.815315573502546e-10,0.67975871451683,0.02957342964150197,-0.6791151023359827,0.0001801965876870835,7.839592187340415e-06,-0.0001800259731494458
150314.1966090022,9.365618414993905,-89.7052520664712,19.35025171450152,-3761.44443947106,1.36762119634292e-06,0.0002658482804351135,-0.003982674219818102,2.814916264740652e-10,0.6798214028282449,0.0291330174683605,-0.6791968838536813,0.0001806031665815919,7.739555102227408e-06,-0.0001804372552055639
150660.7066186742,9.343668381486303,-89.73939812897912,17.07597281105119,-3754.28780511118,1.211494214830156e-06,0.0002663565939713866,-0.003965954198564775,2.813795747189055e-10,0.6800467570106296,0.02879678807013925,-0.6794367790438767,0.0001810073534271692,7.664811782489706e-06,-0.0001808449962123563
151008.0154164149,9.320691371915371,-89.76033039629553,15.67204081253426,-3746.560029841995,1.116484154251417e-06,0.0002669068410621304,-0.003948688065965108,2.813114673772161e-10,0.6798407560001275,0.02859906086507352,-0.6792389470845004,0.0001813254520909739,7.627871078585e-06,-0.0001811649390991661
151356.1248436208,9.290831714400502,-89.80130725208323,12.95874261217237,-3736.816219579334,9.280132188961188e-07,0.0002676042693445941,-0.003929360462858644,2.813963062135137e-10,0.6797662544607843,0.02816947101592896,-0.679182333108221,0.0001817782336446541,7.532878618756525e-06,-0.0001816220855696948
151705.0367459337,9.263858569580986,-89.81993271915736,11.71536778839419,-3727.711756572214,8.430765137026338e-07,0.0002682584352949277,-0.003910771621075675,2.814348067559354e-10,0.6794755351413482,0.02799611939326933,-0.6788985345061066,0.0001821438614613629,7.504790133706043e-06,-0.0001819891875719686
152054.7529732496,9.231051562345094,-89.85875163018763,9.16329237377504,-3716.976815859463,6.632376929292031e-07,0.000269034210354062,-0.003890540887637238,2.815984625775465e-10,0.6796079128682674,0.02760104989780309,-0.6790471981222671,0.0001827052327966191,7.42024357210023e-06,-0.0001825544907050974
152405.2753797291,9.203996733996236,-89.87360838411291,8.179317781693108,-3707.837934736766,5.949404279699668e-07,0.000269697638190913,-0.003872049271435459,2.816432766387057e-10,0.6794360360470971,0.02747769682072293,-0.6788801832848126,0.0001831087296392343,7.405268327430656e-06,-0.000182958926732458
152756.6058238072,9.17688355203426,-89.89973888409911,6.472664780713253,-3698.901535973926,4.730818041399079e-07,0.0002703497046824652,-0.003853833097990355,2.816743890484239e-10,0.6796472505685747,0.02723634416837004,-0.6791012934472773,0.0001836077191517888,7.357939028818273e-06,-0.0001834602280205995
153108.746168203,9.1432377182899,-89.89583493751854,6.70350219807556,-3687.243607396619,4.93056465333181e-07,0.0002712044012467485,-0.003832851232786314,2.819150753415499e-10,0.6795073116114123,0.02733693996545295,-0.6789571991272308,0.0001841496593164624,7.408438578026035e-06,-0.0001840005762605237
153461.6982799294,9.111921224237683,-89.93053643514052,4.457985104126694,-3677.087505827099,3.297084246870763e-07,0.0002719539658982962,-0.003813503038825489,2.820435461747022e-10,0.6791431557944387,0.02697133949940041,-0.6786073775814977,0.0001845588602989889,7.329529328648802e-06,-0.0001844132612224028
153815.4640303035,9.082470681167774,-89.93281420944902,4.3000189998875,-3667.037711045836,3.197709631470522e-07,0.0002726993022096803,-0.003794333566502472,2.821660479717188e-10,0.6790624571862609,0.0270013391913824,-0.6785254221042233,0.00018504204338359,7.357766469331327e-06,-0.0001848957032820319
154170.0452949559,9.04949532621359,-89.9520314999167,3.060937066557548,-3656.122955459199,2.289878876304013e-07,0.0002735135856383938,-0.003774339170750176,2.823575071638909e-10,0.6790358005065812,0.02683302155189739,-0.6785054217351612,0.0001855865952107983,7.33370627192188e-06,-0.0001854416379194648
154525.4439538414,9.016176822966752,-89.94945543754406,3.215291615064553,-3644.755888803584,2.420377668813736e-07,0.000274366583740195,-0.003753950813690346,2.825866788450822e-10,0.6787598256459871,0.0269130391625603,-0.6782260605683074,0.000186089081213596,7.378490212881949e-06,-0.0001859427439538815
154881.6618912481,8.976507072356876,-89.95376705780228,2.930256590086152,-3631.421473144791,2.222040927878776e-07,0.0002753740804476212,-0.003731614645940887,2.829720065241102e-10,0.6785526071416452,0.02691435033416649,-0.6780186268863221,0.0001867147363839787,7.405919268011792e-06,-0.0001865678030709863
155238.7009958082,8.942974079619308,-89.93212634340479,4.288016204057799,-3619.74186120946,3.272657885862571e-07,0.0002762624062769125,-0.003711057914248451,2.83232138438624e-10,0.6782448557909683,0.02721877460117713,-0.6776984747777743,0.0001872315191460357,7.513824062740188e-06,-0.000187080689034669
155596.5631605074,8.914279879260022,-89.91578534530339,5.305774761359446,-3609.802629371915,4.071748615867177e-07,0.0002770228575615753,-0.003692356183073341,2.833587804584422e-10,0.6782014176253235,0.02747109524799574,-0.6776448197949084,0.0001877342899307894,7.604328781944139e-06,-0.0001875802169728828
155955.2502826954,8.88792231911882,-89.8650353141537,8.480263480173129,-3600.070676595114,6.543119954804634e-07,0.0002777707831579734,-0.003673932378818237,2.834713060908805e-10,0.6779297123109473,0.02812097343684778,-0.6773462229074345,0.0001881653906963376,7.805225021733196e-06,-0.0001880034380490566
156314.7642640954,8.856131113984931,-89.84867421725906,9.479480580497746,-3589.163436048875,7.358597391189687e-07,0.0002786145134512832,-0.003654377147937006,2.836788102556538e-10,0.6775308133884811,0.02835874236328009,-0.6769370611972947,0.000188625357999383,7.895106502881477e-06,-0.0001884600567061985
156675.1070108149,8.82980123427987,-89.77376830270519,14.13199280092846,-3579.071126505627,1.103204382175411e-06,0.0002793977471187987,-0.003635720264237819,2.838244483882899e-10,0.6772693656440768,0.02929355400853334,-0.6766355602046639,0.0001890827679188011,8.178291467302569e-06,-0.0001889058195834926
157036.2804333552,8.800195136747197,-89.77121133902348,14.25225105092281,-3569.186908566618,1.118762642853315e-06,0.0002801713893754979,-0.003617340768322227,2.839558630230853e-10,0.6769642062125474,0.02937177434727834,-0.6763267223499874,0.0001895202575164667,8.222807331506098e-06,-0.0001893417900218987
157398.286446622,8.782893032065104,-89.7369316049901,16.35843457974848,-3562.809871598249,1.288686539220432e-06,0.0002806714237201133,-0.003602572907004045,2.838098634155441e-10,0.676883992904504,0.02983425119881497,-0.6762261879768858,0.0001898358139342251,8.367178746749008e-06,-0.0001896513289483881
157761.1269699348,8.759618001984268,-89.7164059211493,17.59481263349639,-3554.72962175923,1.392389886444247e-06,0.0002813084559342516,-0.003586135580572916,2.83800762806948e-10,0.6766831737008303,0.0301290674264401,-0.6760120981652925,0.0001902098709365247,8.469023982491841e-06,-0.0001900212373248668
158124.8039270383,8.731568509154972,-89.71596953286065,17.57595104801236,-3545.463192882119,1.398177147354509e-06,0.0002820436629308281,-0.003568560900527227,2.838880753817739e-10,0.6765171573082936,0.0301884385561265,-0.6758432675628555,0.0001906595195354709,8.507859894548461e-06,-0.0001904696004865641
158489.3192461114,8.709881275740173,-89.7087547823014,17.98535786127764,-3538.173883546201,1.436645169221442e-06,0.0002826243690488917,-0.00355303351521489,2.838186690630104e-10,0.6763806301484893,0.03032917576314363,-0.6757003018628863,0.0001910129437439905,8.565096168669304e-06,-0.0001908208159645229
158854.6748597779,8.6814696105523,-89.70327671389367,18.27485188016989,-3528.750766000348,1.467574803961353e-06,0.0002833788064384188,-0.003535420835704153,2.839220657745474e-10,0.6761537161348585,0.03044544752067911,-0.6754679286007919,0.0001914579763660001,8.620855927831477e-06,-0.0001912637905021111
159220.872705117,8.650157609950037,-89.70812991365904,17.92423193714269,-3518.599560990563,1.447736742918234e-06,0.0002841966052395349,-0.003517142591786735,2.840862980360921e-10,0.6759715815145394,0.03044203671762039,-0.6752857627817653,0.000191957993404253,8.644730700601667e-06,-0.0001917632390811683
159587.9147236733,8.623545389476462,-89.70095416385328,18.31891114184459,-3509.785577914433,1.487053710725872e-06,0.0002849099287112031,-0.003500263318089862,2.841446913454423e-10,0.6758540560395544,0.03058342320004341,-0.6751617282477468,0.0001924057590565545,8.706653015940183e-06,-0.0001922086634660075
159955.8028614669,8.58901969735733,-89.71534969307885,17.38264244912112,-3498.832886893269,1.419903003612864e-06,0.0002858025377775866,-0.003481315082290747,2.843786129770549e-10,0.6756918596001633,0.03046873861867978,-0.6750045519082915,0.0001929612766002934,8.701135904967305e-06,-0.000192764998122528
160324.5390690042,8.560308797323607,-89.69535715845589,18.55221474262347,-3489.17960144661,1.523831107837538e-06,0.0002865922204587774,-0.003463725416772449,2.845095225378473e-10,0.6756248638620573,0.03076361035582479,-0.6749241119907471,0.0001934748784430463,8.809601440715573e-06,-0.0001932742080853192
160694.1253012877,8.525847223003682,-89.67034756224515,20.00885363276162,-3477.633060508102,1.65439922909336e-06,0.0002875423829855914,-0.00344432312507958,2.847976331858808e-10,0.6753666867199153,0.03110884616742369,-0.6746498360046994,0.000194041887976747,8.937987854305402e-06,-0.000193835927172175
161064.5635178271,8.49324158666427,-89.66868644671563,20.04892077029206,-3467.125715528462,1.667774385744333e-06,0.0002884137020024559,-0.003426018634361514,2.850037290769088e-10,0.6748533762428024,0.03116734496965172,-0.6741332776490507,0.0001944812543494242,8.981898228302344e-06,-0.000194273734193642
161435.8556826486,8.45541130984412,-89.60733526067088,23.671328674793,-3453.954121869719,1.98412536166785e-06,0.0002895096454191263,-0.003405153516755426,2.854325957267196e-10,0.6745942298744734,0.03193964474820091,-0.6738376911937269,0.0001951458833067261,9.239465608904633e-06,-0.0001949270326220154
161808.0037643066,8.419068837158328,-89.56886464657745,25.89835800561264,-3441.700133990622,2.186258856896193e-06,0.0002905376240102607,-0.003385268813788294,2.857900490006942e-10,0.6742109548805157,0.03243649545654304,-0.6734302379930638,0.0001957277358586477,9.416521296399891e-06,-0.0001955010887719734
162181.009735893,8.383967216561709,-89.49957061860044,29.95305415000149,-3429.334907341028,2.546760940946292e-06,0.0002915794880783256,-0.003365348402440728,2.861608594189499e-10,0.6737254830953043,0.03328989733766066,-0.6729025258588714,0.0001962893554268095,9.698983717541408e-06,-0.0001960495875249913
162554.8755750484,8.351609747387513,-89.40517611408619,35.47968139401056,-3417.419875117959,3.037639426948179e-06,0.000292586881934263,-0.003345942493705168,2.864981294234724e-10,0.6734511357607827,0.03444747700437256,-0.6725695529724205,0.000196889667402429,1.00710384615832e-05,-0.0001966319285216529
162929.6032639722,8.320853303128457,-89.30014119581315,41.60387905878854,-3405.841454704717,3.586081631341161e-06,0.0002935693919963167,-0.003326936861346973,2.86810934399292e-10,0.6726029687087571,0.03569852748542188,-0.6716549476116482,0.0001973053524353509,1.047201822563487e-05,-0.0001970272542921918
163305.1947894335,8.292570459265399,-89.15954495437477,49.79525158814599,-3394.414889833461,4.320804657306019e-06,0.0002945381978612751,-0.003308148949690866,2.871145540845706e-10,0.6721572042959099,0.03738500165985745,-0.6711167327207584,0.0001978310462994046,1.100325035126545e-05,-0.0001975248120151606
163681.6521427809,8.272557936811344,-88.99905708666385,59.14461970549466,-3385.200393771423,5.159574981464833e-06,0.0002953133411951804,-0.003291580754300902,2.872339356488304e-10,0.6713262001436504,0.03927937347633628,-0.6701760946338052,0.0001981146065681226,1.159170850302216e-05,-0.0001977751997334928
164058.9773199539,8.258665772472272,-88.81894265574924,69.63165660776359,-3377.511662926722,6.101385475121962e-06,0.0002959501698820489,-0.00327655142855712,2.872256852804073e-10,0.6706534939886075,0.04140777196769548,-0.6693739652987697,0.0001983539835232325,1.224685562997091e-05,-0.0001979755472443843
164437.1723214932,8.246273072595738,-88.6152717110226,81.45812058744472,-3369.829171809141,7.169104658588507e-06,0.0002965776504545083,-0.003261579863585328,2.8721839175231e-10,0.6697562167716608,0.04379171901269829,-0.6683230321111197,0.0001985236220249303,1.298038070479426e-05,-0.0001980988092307877
164816.2391525509,8.248982449903545,-88.38717747389505,94.78391091010633,-3366.32426587877,8.357541882645192e-06,0.0002968245957832369,-0.003250693922635293,2.868561623318125e-10,0.6688965846411205,0.04645573554016055,-0.6672814290687088,0.0001984537962124461,1.378287359432805e-05,-0.0001979745984378145
165196.1798229015,8.25744999406926,-88.17270017793342,107.3482759961263,-3364.810539589842,9.471789461757492e-06,0.0002968913726276114,-0.003241759164876219,2.863251625584872e-10,0.6683401406640697,0.04897601481288581,-0.6665432421050539,0.0001983548285652114,1.453545647036052e-05,-0.0001978215319936954
165576.9963469528,8.278230828157525,-87.94388723175679,120.8726235229999,-3366.798822752384,1.064962242593847e-05,0.0002966357079159818,-0.003236214491499786,2.854979308215568e-10,0.667566610820569,0.05164124778881059,-0.6655661961137117,0.0001979806595396932,1.531527810253152e-05,-0.0001973873952622457
165958.690743756,8.304952560127285,-87.75529395257118,132.1496581109449,-3371.373927179224,1.16087494196695e-05,0.0002961599422964322,-0.003233158945259375,2.844547614787386e-10,0.6670775559888774,0.05385589835842171,-0.6648999984329231,0.0001975419447976065,1.594836882912943e-05,-0.0001968971038032573
166341.265037017,8.353024263289111,-87.59417226938713,142.1401000767503,-3383.135395415255,1.239686629793266e-05,0.0002950629494570517,-0.003236976232023176,2.828139012915536e-10,0.6669173524052613,0.05577579434658525,-0.6645809323959354,0.0001967846551308378,1.645754217603818e-05,-0.0001960952569556099
166724.7212551063,8.399447386570738,-87.50970010655456,147.6933485291813,-3395.926809944649,1.278272964768595e-05,0.0002939144839435625,-0.003241742041085759,2.811006242211332e-10,0.6667250326106016,0.0568030158200003,-0.6643009005739496,0.0001959737539698365,1.669638861985705e-05,-0.0001952612169686666
167109.0614310708,8.447926889153807,-87.54050186563127,146.5410969499303,-3411.683259284423,1.256670793378646e-05,0.0002925706711248718,-0.003249292709378034,2.79158867102251e-10,0.6674280227399706,0.05656946329263766,-0.6650263614033429,0.0001952781007946772,1.655126392417644e-05,-0.0001945754154884126
167494.2876026437,8.485621044090324,-87.63428903696798,141.5101124795014,-3425.322995620528,1.204048031999085e-05,0.0002914458436626239,-0.003254780173355242,2.774077574044664e-10,0.6678336603408442,0.05557878582389608,-0.6655169392664559,0.000194631341113201,1.619770650198638e-05,-0.0001939561632111718
167880.4018122561,8.505024863571252,-87.81047753352975,131.3218255918488,-3434.777903917481,1.111489128788604e-05,0.0002907146837779382,-0.003256257883172266,2.760078736014648e-10,0.6684952824995373,0.0536495337521461,-0.666339005501189,0.0001943108420084848,1.559425526200232e-05,-0.0001936840791724242
168267.4061070467,8.518625321925409,-88.08018818457238,115.4465540044722,-3444.152501787167,9.721393994521455e-06,0.0002900213326921198,-0.00325763561763724,2.74623538404125e-10,0.6694608496180767,0.05064997568870632,-0.6675420654416399,0.0001940938278169175,1.468472378312079e-05,-0.0001935375231939188
168655.3025388742,8.513664413795157,-88.34248340898584,99.75859851983176,-3447.417730713264,8.386852558031817e-06,0.0002898294948248391,-0.003253224562086888,2.737324097702227e-10,0.670445935560423,0.04772855118922489,-0.668744897483987,0.0001942222881261053,1.382654130517846e-05,-0.0001937295123631814
169044.0931643264,8.496109380488747,-88.6513488208052,81.16311956064591,-3447.478042710902,6.825195057662792e-06,0.0002899064282630217,-0.003245799136943766,2.730980648930021e-10,0.6712113904365792,0.04423849728560492,-0.6697519585710201,0.0001944673345045198,1.281703912089658e-05,-0.0001940444992713429
169433.7800447328,8.469801220295635,-88.92508878258172,64.62042056497533,-3444.045347456513,5.44601950355022e-06,0.0002902540399671372,-0.003235109558056443,2.727415287864793e-10,0.6718809504122615,0.04114458886702092,-0.6706199626717412,0.000194874227681519,1.1933691487777e-05,-0.0001945084872748309
169824.3652461744,8.430840175756229,-89.20369120099102,47.76647050820005,-3436.657925578363,4.043585673685869e-06,0.0002909241693049537,-0.003220745714426021,2.726991760239579e-10,0.6726463445045651,0.03799210214261982,-0.6715725611950943,0.00019553031381362,1.104385345297174e-05,-0.0001952181777421407
170215.8508394951,8.392445336931116,-89.44449573004837,33.24412868850927,-3428.755974979847,2.827489334994721e-06,0.0002916235538128545,-0.003205949736070611,2.726990055613993e-10,0.6732155469548908,0.03526499090959954,-0.6722912710112475,0.0001961556810353565,1.027520582355425e-05,-0.0001958863735631657
170608.2389003123,8.341868884250474,-89.6482203393727,20.97592453880527,-3416.390941495825,1.797089130131797e-06,0.0002926955145116371,-0.00318704131393762,2.730565319212963e-10,0.6735957305514609,0.03295905768921979,-0.672788903545083,0.000196981524645161,9.638311438190349e-06,-0.0001967455819177463
171001.5315090288,8.28956997134555,-89.88225785424297,6.995316185273191,-3404.061706248146,6.036853922513681e-07,0.0002937654670578724,-0.003168236227817752,2.734152333134433e-10,0.6740236271196545,0.0302961924472849,-0.6733424022284146,0.0001978230346493212,8.89180213734229e-06,-0.0001976230980746353
171395.7307508425,8.240518490447061,-90.02395378858226,-1.417765098918557,-3391.194319735659,-1.232817677060834e-07,0.0002948813105152174,-0.003149001066751684,2.738214434588078e-10,0.6744487463544496,0.02871551307012229,-0.6738371693281756,0.000198698447466145,8.459839084982905e-06,-0.0001985182715724489
171790.8387157588,8.187537547884219,-90.17532475731738,-10.33468934581358,-3377.345236297097,-9.060297244596258e-07,0.0002960877750124959,-0.003128928136697199,2.743119166564897e-10,0.6748632277493612,0.02701851380697153,-0.6743221604544438,0.0001996340685539557,7.992457754077204e-06,-0.0001994740132108811
172186.8574986007,8.142822240388707,-90.27417612865956,-16.1035628296297,-3365.205961187084,-1.421964414481875e-06,0.0002971518275077481,-0.003110511284228472,2.746682636559836e-10,0.6748157547348704,0.02592018350387616,-0.6743177640589918,0.0002003378983325085,7.695130190906279e-06,-0.0002001900558959698
172583.7891990204,8.090839277757031,-90.3560641609475,-20.82271356905147,-3350.627155962958,-1.854677248997997e-06,0.0002984400633198759,-0.003089912886977398,2.752288957054308e-10,0.6747401564754897,0.0250206894173644,-0.6742760887512237,0.0002011845933185768,7.460319615890136e-06,-0.0002010462240878697
172981.6359215101,8.041315408561534,-90.43364615513325,-25.25524619247727,-3336.802068452372,-2.268118998610059e-06,0.000299670971661821,-0.003070086257910213,2.757335965365785e-10,0.6748382077957829,0.02417839924637425,-0.6744049315588574,0.00020204474164708,7.238947606612035e-06,-0.000201915019908832
173380.3997754138,7.992904281195857,-90.50813721705285,-29.47432132328314,-3323.334492316106,-2.66846520692436e-06,0.0003008789368361725,-0.00305066266247534,2.762142476802968e-10,0.6746349685488174,0.02336193521137648,-0.6742303469675949,0.0002027993694670157,7.02273963145981e-06,-0.0002026777377619157
173780.0828749375,7.952468717885935,-90.53077696326112,-30.6776112549137,-3311.461293664103,-2.797337727617517e-06,0.0003019555705735721,-0.003032772369681803,2.765670571325386e-10,0.6746132302444073,0.02316230565702283,-0.6742154833711878,0.0002035183281794108,6.987639009673683e-06,-0.0002033983353078703
174180.6873391614,7.908856214069075,-90.5764311937467,-33.1918826466809,-3299.076537145407,-3.049321007800343e-06,0.0003030844468252743,-0.003014480804653095,2.769668173560782e-10,0.6745378532774264,0.02269022394478535,-0.6741561163717603,0.0002042570438278636,6.870834667373234e-06,-0.000204141449941631
174582.2152920504,7.86791869592419,-90.60716793500627,-34.83705002079695,-3287.296816876461,-3.223404162119718e-06,0.0003041671506432587,-0.002996808907143965,2.773200133519892e-10,0.6743721418012482,0.02239089874263349,-0.67400032143249,0.0002049365823865603,6.804424412643118e-06,-0.0002048235889947641
174984.6688624657,7.830408943041861,-90.63241669795048,-36.16657660890111,-3276.491673999427,-3.368498455878813e-06,0.0003051673168825863,-0.002980088766098201,2.775946315368566e-10,0.6742052567170097,0.0221563737201647,-0.6738410964674248,0.0002055596457035197,6.755296382839558e-06,-0.0002054486162341731
175388.0501841761,7.790234644458441,-90.66171807540174,-37.70983646917043,-3265.013443241111,-3.536932508532948e-06,0.0003062366021565148,-0.002962818893348959,2.779298275041531e-10,0.6741092952104255,0.02187676663709358,-0.6737542200020737,0.0002062508263749476,6.693426762353079e-06,-0.0002061421873817337
175792.3613958693,7.758784923077884,-90.67971715903782,-38.62820615194956,-3255.956280693852,-3.643227469397701e-06,0.000307086208309032,-0.002947804628419456,2.780619517925961e-10,0.6740098181912989,0.02173016629558148,-0.6736594353907872,0.0002067923537669976,6.667013023742307e-06,-0.0002066848531311289
176197.6046411629,7.719150578112131,-90.73147673053116,-41.43135045855683,-3245.09646179781,-3.933716712097404e-06,0.0003081070262701462,-0.002931215459807017,2.783508300578138e-10,0.6739288973725738,0.02118745805215716,-0.6735957618149784,0.00020745624162316,6.522157506801344e-06,-0.0002073536921539219
176603.7820686165,7.685446412275807,-90.77138858685345,-43.56726596156169,-3235.813549596016,-4.160203796356744e-06,0.0003089852786541348,-0.002916108111104012,2.785073380835856e-10,0.6738164352830714,0.02078332361570744,-0.673495836599656,0.0002080138358823373,6.416018727520472e-06,-0.0002079148638798392
177010.8958317421,7.65341462278939,-90.78680144262803,-44.31198275982904,-3226.646347780442,-4.255362360455435e-06,0.0003098608675054211,-0.00290115878712241,2.786562343239409e-10,0.6738433802350575,0.02067168374286872,-0.6735262300592628,0.0002086114564288924,6.399632583662128e-06,-0.0002085132716547745
177418.9480890166,7.622202900170719,-90.81185824903615,-45.5994977004059,-3217.906466433098,-4.402770280652731e-06,0.0003106986627224575,-0.002886646133665736,2.787704365343587e-10,0.6737744467889188,0.02044391044162877,-0.6734642170684113,0.0002091544217932695,6.346239884861383e-06,-0.0002090581196581484
177827.9410038923,7.585203966059924,-90.8473405422158,-47.4417680927284,-3207.700774728366,-4.60975856295996e-06,0.0003116815984770138,-0.002870872998785649,2.790141845960368e-10,0.6735381406882553,0.02008881513714441,-0.6732384915230099,0.0002097434446065471,6.255766422705103e-06,-0.0002096501322248194
178237.8767448089,7.549302758987505,-90.88389563052367,-49.33707779909018,-3197.86859524378,-4.823350627080532e-06,0.0003126338685278735,-0.002855490671155598,2.792283548801164e-10,0.6734370129564335,0.01972547508612672,-0.6731480639891273,0.0002103537404543432,6.161418791625203e-06,-0.000210263484803252
178648.7574852051,7.512819982939658,-90.92502218876636,-51.47345478528815,-3187.983498556974,-5.063350417391798e-06,0.0003135961564147856,-0.002840116771216592,2.794499697113723e-10,0.6735764023251618,0.01931559201879919,-0.6732993967576917,0.0002110463013286953,6.051999802056244e-06,-0.0002109595093920119
179060.5854035294,7.473581403070825,-90.96608571573498,-53.57961733918741,-3177.352647837387,-5.305731779146951e-06,0.000314637949175081,-0.002824135633812548,2.797400915581624e-10,0.6733302108307171,0.01889560985165574,-0.6730650256443815,0.0002116715442925453,5.940120988652568e-06,-0.0002115881793149871
179473.3626832526,7.436022025094547,-91.00489566061893,-55.55449706300604,-3167.206265708806,-5.536469674148539e-06,0.0003156385597728102,-0.002808642605470147,2.799908143747956e-10,0.6731977629043061,0.01850567269880056,-0.6729433617009141,0.0002123044174002532,5.83608009029748e-06,-0.0002122241876338335
179887.0915128787,7.399260508372625,-91.02077264424271,-56.24974035008693,-3156.953457944941,-5.642171843697918e-06,0.0003166605534785228,-0.002793111744246627,2.802540854942073e-10,0.6731756831202798,0.01838835514945315,-0.6729244896266987,0.0002129848910747668,5.817859909016698e-06,-0.0002129054163994174
180301.7740859569,7.367791054023867,-91.05093835723827,-57.75660961837959,-3148.461392404047,-5.824502346408719e-06,0.0003175086087774611,-0.00277919169833684,2.803636849290294e-10,0.6728549430134181,0.01809535948559254,-0.6726115760992204,0.0002134545693110959,5.740519863357211e-06,-0.0002133773642903198
180717.4126010927,7.325215524131021,-91.0515494971265,-57.56894946647974,-3136.407266960331,-5.850286148601165e-06,0.0003187287619509876,-0.002762183858773664,2.807939073150941e-10,0.6727870843233116,0.01815640216215068,-0.6725420476764178,0.0002142522740678091,5.78199335684792e-06,-0.0002141742409722722
181134.0092619603,7.289592697854948,-91.08969822899682,-59.47817653030241,-3126.955240542386,-6.080750937784693e-06,0.0003196842458956635,-0.002747525908509455,2.809949189288922e-10,0.6724657001793483,0.01777031589602722,-0.6722308634618441,0.0002147935597885409,5.676050702447115e-06,-0.0002147185501419398
181551.5662773135,7.252550147694953,-91.08173706945833,-58.84418791480112,-3116.397791365892,-6.056796533649596e-06,0.0003207689324822928,-0.002731951716565968,2.812983882187827e-10,0.6723955140405152,0.01793217955738863,-0.6721563540115725,0.0002154982645744983,5.747143599210117e-06,-0.0002154216153849713
181970.0858609984,7.220284980681882,-91.10282536501536,-59.82369993907218,-3107.674455891539,-6.192147954536389e-06,0.0003216648258969625,-0.002718038785525257,2.814392168383971e-10,0.6722136932591809,0.01775046798367215,-0.6719792930526273,0.0002160421887821201,5.704807851364166e-06,-0.0002159668550985272
182389.5702319638,7.184830198293311,-91.09362191985305,-59.13221301889875,-3097.610536184705,-6.160447673646692e-06,0.0003227118798243472,-0.002703005593907222,2.817041979010507e-10,0.6719599965873326,0.0179222685620894,-0.6717209460060304,0.0002166619200053251,5.77872661651622e-06,-0.0002165848422653013
182810.0216142743,7.15573691045077,-91.09735704037111,-59.1796619116993,-3089.541626164653,-6.19762166429822e-06,0.0003235538949789751,-0.002689764036732014,2.817903267832799e-10,0.6717815278940851,0.0179444740527414,-0.6715418207905461,0.0002171687586969103,5.800962059375312e-06,-0.0002170912678878231
183231.4422371211,7.119827748264572,-91.1155634282167,-59.97333265520068,-3079.86487687651,-6.320191087969978e-06,0.0003245664978949391,-0.002675172520749296,2.82025558900578e-10,0.6716528342480315,0.01779857906676623,-0.6714169645880402,0.0002178069624027943,5.771812823448494e-06,-0.0002177304734020098
183653.8343348347,7.07973923519959,-91.1380752965614,-60.97114584014228,-3069.155348414185,-6.470163484442568e-06,0.0003256940080387495,-0.002659738886401212,2.823587563636961e-10,0.6713564028966376,0.01759805955203942,-0.6711257169937055,0.0002184677623432488,5.726628472342438e-06,-0.000218392694267931
184077.2001468955,7.047383987715799,-91.13309983294086,-60.52635751167451,-3060.147587642958,-6.460854024286456e-06,0.0003266538359378386,-0.002645833458871901,2.825385806307697e-10,0.6712846126301202,0.01772563052181134,-0.6710505444275973,0.0002190867117341598,5.785102222472806e-06,-0.0002190103190508666
184501.5419179474,7.015314429404368,-91.13390495026034,-60.39506704117105,-3051.341004415473,-6.484102490708094e-06,0.0003275964209666762,-0.00263215146531234,2.827023290507374e-10,0.6710055471682431,0.01778014927352497,-0.6707699386692613,0.0002196265428898973,5.819613166374461e-06,-0.0002195494259713781
184926.8618978078,6.986613517943553,-91.12542319085462,-59.78566869429417,-3043.322697168815,-6.452581671685028e-06,0.0003284614638532709,-0.002619196831154999,2.827952605064357e-10,0.6712690851575205,0.01795797297646705,-0.6710288338773461,0.0002202912377758179,5.893291054811945e-06,-0.0002202123942046524
185353.1623414811,6.946600564580291,-91.14583843910221,-60.65907261490555,-3032.753467056617,-6.592465179170866e-06,0.0003296015050462143,-0.002604097493475154,2.831281320970795e-10,0.6704963675297428,0.0177700652765269,-0.6702608474695863,0.0002208018355629596,5.85187813259361e-06,-0.000220724276214225
185780.4455091698,6.918701905376398,-91.13496044075065,-59.92880772461299,-3024.967662627711,-6.546719620845389e-06,0.0003304523467303059,-0.002591438269409113,2.83204007972928e-10,0.6705417562483169,0.01797028539155667,-0.6703009143030637,0.000221384863726952,5.93303719786682e-06,-0.0002213053477822211
186208.7136662868,6.883465043222738,-91.14084706915563,-60.05148411330399,-3015.51536919992,-6.601284597359678e-06,0.0003314868142516184,-0.002577399132018393,2.834383331712988e-10,0.6702165667012498,0.01796462137038925,-0.6699757597554029,0.0002219695406487763,5.949716780564113e-06,-0.0002218897876110116
186637.9690834669,6.858793184793878,-91.12000396934511,-58.81646538399543,-3008.476826536021,-6.495904322913576e-06,0.0003322671210398585,-0.002565469183317647,2.834480418237073e-10,0.6699646882994101,0.0182735234986886,-0.6697154335290988,0.0002224057159543844,6.066194454294619e-06,-0.0002223229717641094
187068.2140365801,6.825929204035561,-91.13868142321861,-59.62750486619988,-2999.921227218071,-6.62300971036113e-06,0.0003332104447899901,-0.002552289787214721,2.836026473857673e-10,0.6699159524338112,0.01812607576490395,-0.6696706867578014,0.0002230212182215834,6.034338313603605e-06,-0.0002229395670089904
187499.4508067418,6.795166478762144,-91.13193389601886,-59.10846275790377,-2991.539388045761,-6.602230743243837e-06,0.0003341456095428495,-0.00253930493669727,2.837431634009154e-10,0.6695057785754722,0.01826609745233624,-0.6692565556121292,0.000223508542725404,6.097973988422656e-06,-0.0002234253418582374
187931.6816803268,6.762709226287894,-91.14678965464587,-59.71523329477642,-2983.087550006317,-6.707785087544973e-06,0.0003350888722815022,-0.002526307033568664,2.838926390952045e-10,0.6692838125039822,0.01815901803299287,-0.66903742178143,0.0002240651883884968,6.079339916036665e-06,-0.0002239827008359303
188364.90894898,6.731674283773073,-91.14404128076151,-59.4056485455198,-2974.753309829579,-6.710465798765588e-06,0.0003360283211129357,-0.002513454848782851,2.840332448097889e-10,0.6692052605122534,0.01826157857058977,-0.6689560489638935,0.0002246656343332505,6.13077836588961e-06,-0.0002245819690157475
188799.1349096294,6.701216749077742,-91.16752913452996,-60.46805460871739,-2967.022129687312,-6.866004446665415e-06,0.0003368983385956475,-0.00250115678988047,2.841183907156033e-10,0.66906082831341,0.01805621740397613,-0.6688171386832776,0.0002251994087777053,6.077548276720175e-06,-0.0002251173852033027
189234.3618644975,6.671049468863116,-91.14786914203418,-59.28267494485456,-2958.693203179985,-6.769453373104741e-06,0.0003378514161663553,-0.002488399272409482,2.842629100004893e-10,0.6687640318052177,0.01835048538437246,-0.6685122212215183,0.0002257335779090224,6.193994481132767e-06,-0.0002256485821537028
189670.5921211146,6.635936119580053,-91.1618468780746,-59.82131561749638,-2949.647810741566,-6.872852727292856e-06,0.0003388841383936285,-0.002475086012068431,2.844788394245659e-10,0.6685412317774839,0.01825436861459374,-0.6682919695859273,0.0002263480887213901,6.180383872126316e-06,-0.0002262636959899212
190107.82799233,6.607786074319807,-91.17428576992992,-60.31371217240851,-2942.416036302023,-6.963466053129966e-06,0.0003397140292808504,-0.002463339157339816,2.845221310137462e-10,0.6683344356956249,0.01817685729823593,-0.668087209722914,0.0002268320239972227,6.169206778304175e-06,-0.0002267481157549124
190546.0717963247,6.579156395103962,-91.15321579075351,-59.07265381597853,-2934.538976172839,-6.856946601948946e-06,0.0003406309986282063,-0.002451094264766394,2.846297225848642e-10,0.6679899898750478,0.01848635004635416,-0.6677341397856111,0.0002273241869381863,6.291103994729396e-06,-0.0002272371183975782
190985.3258566238,6.544448744620387,-91.17233782307397,-59.87298258241653,-2925.769685025464,-6.991474657735343e-06,0.0003416473294790093,-0.002438149138587709,2.848262394480698e-10,0.6679067426753307,0.01833468711085912,-0.667655042787604,0.0002279743758812857,6.258117464624218e-06,-0.0002278884639999592
191425.5925021086,6.510304634126047,-91.1630880250833,-59.21667913029008,-2916.71796346357,-6.957868235855447e-06,0.0003427098508222738,-0.00242501577465427,2.850530520024904e-10,0.6676319582255981,0.01850848836998649,-0.6673753572783496,0.0002285873295120017,6.337033267615885e-06,-0.0002284994731346083
191866.8740670289,6.482820949300568,-91.14561239692107,-58.1777132551631,-2909.267758036504,-6.87093154204491e-06,0.0003435917034977873,-0.002413258394503408,2.851257480738392e-10,0.6674327015309257,0.01878020627572171,-0.6671684307018064,0.0002291045001131132,6.446537247802222e-06,-0.000229013785894195
192309.1728910159,6.450658682043613,-91.16953983219202,-59.2308186778049,-2901.315954617168,-7.033584607677882e-06,0.0003445275904662179,-0.002401127147015437,2.852496402696183e-10,0.6672644864040285,0.01857082407513213,-0.6670060114490741,0.0002296713544886652,6.392047540686498e-06,-0.000229582387828195
192752.4913190936,6.418966216164633,-91.17183573955388,-59.18030524333381,-2893.160538410013,-7.067250039700936e-06,0.000345498199880314,-0.002388870814043537,2.853958139398289e-10,0.6669922773145104,0.01861057088071338,-0.6667325885605793,0.0002302233835914265,6.423745438218283e-06,-0.0002301337477355942
193196.8317016924,6.386683655616851,-91.16956039410404,-58.89485067737065,-2884.808429174788,-7.073956664875085e-06,0.0003464990500823167,-0.002376496122282482,2.855638005281131e-10,0.6668538773190795,0.01870737487443799,-0.6665914249529447,0.0002308409603800378,6.475824058436643e-06,-0.000230750108758246
193642.1963946607,6.357927075079833,-91.14616664912052,-57.56091647855014,-2877.031576695505,-6.951277682620207e-06,0.0003474413997339611,-0.00236463852087966,2.85677149076068e-10,0.6664818243739454,0.01904327340703132,-0.6662097086944678,0.0002313364586237222,6.609937839976524e-06,-0.000231242007019306
194088.5877592778,6.326752157116019,-91.12975871284299,-56.57398193889318,-2868.780966911065,-6.871524529204344e-06,0.0003484446048774908,-0.002352434405355796,2.858398272769422e-10,0.6663828812034482,0.01930568132574467,-0.666103171460366,0.0002319673969243679,6.720293646944902e-06,-0.0002318700301659662
194536.0081622662,6.301179858931042,-91.11805701809298,-55.85625808134679,-2862.03795553715,-6.816409543438418e-06,0.0003492683452836125,-0.002341507324240004,2.858543086616629e-10,0.6659060401740481,0.0195024061414678,-0.6656203951915642,0.0002323471976282391,6.80475793971391e-06,-0.0002322475306974822
194984.4599758046,6.269495419858751,-91.11136998216153,-55.36353387505918,-2853.864186692294,-6.79506770936975e-06,0.000350270277646702,-0.002329450215065202,2.860136959698187e-10,0.6655021951057863,0.01964293859858106,-0.6652122418099599,0.0002328706015349713,6.873400209655156e-06,-0.0002327691419170877
195433.9455775394,6.246260173390361,-91.09735046948435,-54.54698796356651,-2847.704664401405,-6.723904959298473e-06,0.0003510312160292938,-0.002319076516958057,2.859731011947914e-10,0.665474270125144,0.01987976503504979,-0.6651772689597446,0.0002333643159472749,6.971310502695363e-06,-0.0002332601654535436
195884.467350599,6.217057480852555,-91.09357779384266,-54.21693706629338,-2840.240963236537,-6.718408151069648e-06,0.0003519545564714952,-0.00230767857699565,2.860651447214808e-10,0.6650831990214865,0.01998687258609213,-0.6647828115594457,0.0002338390596245815,7.027258389994481e-06,-0.0002337334452867814
196336.0276836047,6.18827466299577,-91.11359150073525,-55.07431255578798,-2833.290593334083,-6.858083674936693e-06,0.0003528131911735338,-0.002296736918155262,2.861073480735446e-10,0.665171524872837,0.0198324822991168,-0.6648758005428611,0.0002344409401004957,6.989995243137102e-06,-0.0002343367115108197
196788.6289706845,6.161803503829299,-91.0948150103202,-54.01191431687103,-2826.302210703503,-6.759176608369767e-06,0.0003536900336228921,-0.002285802639399574,2.861551282663582e-10,0.6649494901453107,0.02011902169668315,-0.6646450552065193,0.0002349423439024472,7.108525060166577e-06,-0.0002348347798556354
197242.2736114853,6.13191929889875,-91.12137190287838,-55.18393704685815,-2819.227914086014,-6.940423015577573e-06,0.0003545711913317597,-0.002274837183803965,2.862133881422631e-10,0.664661610373625,0.01987786298379577,-0.664364302824631,0.0002354264815530701,7.040838932217581e-06,-0.0002353211737255886
197696.9640111861,6.104244414548958,-91.13971177651806,-55.95455536023803,-2812.585669588299,-7.070531743933857e-06,0.0003554040619450457,-0.002264257898057948,2.862294868599217e-10,0.664527599062933,0.01973688496010451,-0.6642344354882679,0.000235932066184668,7.007329801279725e-06,-0.0002358279821887612
198152.7025805098,6.073181289552089,-91.12812133420293,-55.22903226874764,-2804.646479142187,-7.018475757274097e-06,0.0003564129681975676,-0.002252673544027981,2.863795515468012e-10,0.6642918837061316,0.01993999592302331,-0.6639925476392264,0.0002365156063871757,7.099469890825847e-06,-0.0002364090302673793
198609.4917357372,6.047235525215125,-91.15082500170841,-56.2181365615364,-2798.539115722241,-7.175273535177802e-06,0.0003571851520233475,-0.002242598426745142,2.863444369534663e-10,0.6642134339491825,0.01975051762224731,-0.6639197262412214,0.0002370005529823689,7.047258243979987e-06,-0.0002368957540041427
199067.3338987186,6.019977348813103,-91.1429132041812,-55.6937366224922,-2791.631760552957,-7.143602411502951e-06,0.0003580709175950771,-0.002231918141880502,2.863927376733763e-10,0.6641529554437802,0.01991651263934406,-0.6638542616787172,0.0002375646289809815,7.124050110714766e-06,-0.0002374577875178901
199526.231496888,5.989855912356569,-91.15699693039245,-56.2342669714039,-2784.405142255286,-7.250351772824234e-06,0.0003589967087092542,-0.002221020457489734,2.864756440642274e-10,0.6637830997216531,0.01981858713398084,-0.6634871717524754,0.0002380460192015886,7.107345419644262e-06,-0.0002379398934580096
199986.1869632744,5.960540807756535,-91.17414295320374,-56.92523255866395,-2777.446295150871,-7.376172741901144e-06,0.0003598917867094087,-0.002210374195127335,2.865328776912334e-10,0.6635722477610467,0.01969020908032609,-0.6632800491986933,0.0002385638036113216,7.078914448206855e-06,-0.0002384587540094432
200447.2027365161,5.932815283151931,-91.18430804465088,-57.28037525826284,-2770.779401452198,-7.457897108500121e-06,0.0003607551031782247,-0.002199996966472933,2.865617240026873e-10,0.6634374957925374,0.01964512535710928,-0.6631465749539663,0.0002390869997462076,7.079633139605002e-06,-0.0002389821588367041
200909.2812608728,5.899753482956962,-91.18208207910963,-57.00487728918859,-2762.646957461864,-7.465800265835766e-06,0.0003618176438622193,-0.002188494809888459,2.867442661125548e-10,0.6630495420595528,0.01973608301159697,-0.6627557485625771,0.0002396493777472585,7.133313143096396e-06,-0.0002395431904652076
201372.4249862388,5.867666432745397,-91.20424793621693,-57.91696865501154,-2755.171179134226,-7.626350853581742e-06,0.0003627935398158303,-0.002177552920929982,2.868610243126023e-10,0.6629963924733318,0.01955498892115819,-0.6627079438492838,0.0002402770276067014,7.086938430131598e-06,-0.0002401724907211462
201836.6363681561,5.839011990656205,-91.21753248769841,-58.41209776196477,-2748.397219080875,-7.729433722208425e-06,0.000363684150392222,-0.002167203193967576,2.869066609984979e-10,0.6629225786085714,0.01947620875269938,-0.6626364180466229,0.0002408398226515175,7.075708104209383e-06,-0.0002407358604978461
202301.9178678272,5.80844458310033,-91.23180373232923,-58.94230698759547,-2741.203818096467,-7.840499364028978e-06,0.0003646346383588664,-0.002156559573288218,2.869979559262998e-10,0.6625535816625902,0.01937757881193156,-0.6622701548562443,0.0002413347085175258,7.058270400739326e-06,-0.0002412314704888008
202768.2719521282,5.774923607331091,-91.25007098408034,-59.64632170431723,-2733.39695224973,-7.979423329423039e-06,0.0003656710218859421,-0.002145471933032864,2.871556896932189e-10,0.6625347693366878,0.01924323073137503,-0.662255251886338,0.0002420140048223778,7.029263293885273e-06,-0.0002419119012940685
203235.7010936222,5.741139255823753,-91.27948012888996,-60.87890433219626,-2725.735527900206,-8.18997933393123e-06,0.0003666905291437507,-0.002134537782939398,2.873005231020015e-10,0.6621505922994212,0.01896981816138772,-0.6618788052819021,0.000242549326919144,6.948746524329231e-06,-0.0002424497698713497
203704.2077705718,5.707753142654262,-91.28450781688375,-60.94031347743143,-2717.80189113842,-8.246141699245808e-06,0.0003677595047669953,-0.00212342989893638,2.874764910098133e-10,0.6621195117514819,0.0189885025138101,-0.6618471761776307,0.0002432440078601345,6.975839516499595e-06,-0.0002431439594620874
204173.794466953,5.678922517332335,-91.29843597005838,-61.44963868822639,-2711.109587766272,-8.356071167991594e-06,0.0003686632687059203,-0.002113329447020059,2.875233095554268e-10,0.6619777872445612,0.01890139560795423,-0.6617078872503163,0.0002437894512353156,6.960899522059645e-06,-0.0002436900539855086
204644.4636724674,5.644259350225584,-91.31138921382011,-61.87850740409036,-2703.05578251862,-8.464518958842397e-06,0.0003697578994354506,-0.002102205363979503,2.877167350592527e-10,0.661778687677348,0.01882412717983361,-0.6615109097360907,0.0002444395472562534,6.953021018978581e-06,-0.0002443406387843656
205116.2178825566,5.609186868826201,-91.31342358808715,-61.78432132682951,-2694.759548845467,-8.503740604453945e-06,0.0003708956528556419,-0.002090933164965084,2.879387481206833e-10,0.661496905622492,0.01887074802749236,-0.6612276847024896,0.0002450860018577166,6.99165203466862e-06,-0.0002449862549377552
205589.0595984141,5.579427127727463,-91.31694091713801,-61.78874473456279,-2687.752185228768,-8.548727302206445e-06,0.0003718615839524836,-0.002080699463876051,2.880254793085521e-10,0.6612274843170841,0.01890074769963141,-0.6609572964667949,0.0002456230498512017,7.020971457721972e-06,-0.0002455226844468668
206062.9913270001,5.543960908571149,-91.31539176002336,-61.52338087241348,-2679.362029571032,-8.5654162714582e-06,0.0003730264949647051,-0.002069433761942521,2.882628878592385e-10,0.6611730892051065,0.01899549607458343,-0.6609001626705082,0.0002463705668714214,7.078223860449935e-06,-0.0002462688672315826
206538.0155810529,5.511124910924778,-91.33410477403064,-62.22600406965461,-2671.936362061774,-8.711324873179346e-06,0.0003740575349226384,-0.002058952093892969,2.883991800989384e-10,0.6608870084302146,0.01885009702266804,-0.6606181285387759,0.0002469449793673658,7.043468491523744e-06,-0.000246844510545318
207014.1348791042,5.475181601231122,-91.33024441054013,-61.84899258712053,-2663.457532182392,-8.713787319976644e-06,0.0003752494826578667,-0.002047698009653914,2.886518565425896e-10,0.6606231340342927,0.01896579112243962,-0.660350834018093,0.0002476310449677842,7.109225263744173e-06,-0.0002475289747645437
207491.351745491,5.444160079895878,-91.33774871773439,-62.03137287210433,-2656.321000204359,-8.786451398520051e-06,0.0003762553412333014,-0.00203751440272025,2.887616906932194e-10,0.6603968150713535,0.01895171575861857,-0.6601248259429363,0.0002482089733123016,7.122968802393502e-06,-0.0002481067466801073
207969.6687103696,5.410407817906282,-91.33014454050107,-61.49331730899654,-2648.33967447035,-8.762871890113032e-06,0.0003773915980540557,-0.002026720303936903,2.889657995029117e-10,0.6599271588517232,0.01910479170722258,-0.659650560466624,0.0002487791663295351,7.202119340098494e-06,-0.0002486748943432559
208449.0883097289,5.377324919934891,-91.31966568826952,-60.82790142084166,-2640.491258393274,-8.719728307379517e-06,0.0003785165332583886,-0.002016066557891559,2.891581234149238e-10,0.6596575378681891,0.01929673446531449,-0.6593752371034998,0.0002494161665830875,7.296085107227546e-06,-0.0002493094288130927
208929.613085404,5.345680643401572,-91.30365148084668,-59.91686735071994,-2632.905521807685,-8.638805475245655e-06,0.0003796119464066649,-0.002005651196598677,2.893242635359638e-10,0.6593136795102712,0.01955016791335954,-0.6590237620328512,0.0002500044029359215,7.413205896329837e-06,-0.0002498944694579798
209411.2455850893,5.312341334862333,-91.30177628363769,-59.65528714010765,-2625.188417919615,-8.651746270669654e-06,0.0003807284348694565,-0.001995173239584841,2.89507388707484e-10,0.6591776012813791,0.0196471554461527,-0.6588847390203749,0.000250686173242737,7.47184097931568e-06,-0.0002505747973110372
209893.9883623525,5.281957000187708,-91.29602032274757,-59.23106936719326,-2618.100511572183,-8.636836812596315e-06,0.0003817609089115688,-0.001985209968037709,2.896235123788175e-10,0.6587691641978574,0.01978072305252521,-0.6584721214246377,0.0002512080726909588,7.542971930856867e-06,-0.0002510948015382962
210377.8439766475,5.249325913110483,-91.28553143906852,-58.57992347779258,-2610.452804684096,-8.592082979612605e-06,0.0003828824925097597,-0.001974858472357449,2.898039401392488e-10,0.6584664894417935,0.01997185816823887,-0.6581635378833344,0.0002518276960011742,7.638151839182416e-06,-0.0002517118334718123
210862.814993329,5.218949412253142,-91.2761522913938,-57.99421395399096,-2603.352458553075,-8.552700429435489e-06,0.0003839295711103706,-0.001964957227770428,2.899259987940004e-10,0.6581708246416285,0.02015046298263197,-0.6578622904917312,0.0002524004461647715,7.72745563435195e-06,-0.0002522821270989977
211348.9039836646,5.194776194175416,-91.235200777862,-55.99879801150024,-2597.146767296278,-8.298199293975046e-06,0.0003848590011932323,-0.001955764795365521,2.899503510626302e-10,0.657759545274888,0.0206877848154185,-0.6574341297496339,0.0002528477711644367,7.952541804196832e-06,-0.0002527226789618927
211836.1135248502,5.163762851529471,-91.22180568290348,-55.23629421303885,-2589.877299871471,-8.231304197978635e-06,0.0003859431229846943,-0.001945805025485807,2.900954669621697e-10,0.657362861577391,0.02090906263075012,-0.6570302450276695,0.0002534041958063694,8.06015141819274e-06,-0.000253275976775115
212324.4462000219,5.136606547100392,-91.20250160793815,-54.22714758190619,-2583.389884226947,-8.121673739438584e-06,0.000386917821000382,-0.001936466937118404,2.901550789446967e-10,0.6571939890287757,0.02120530845477623,-0.6568517900629428,0.0002539754407345403,8.194882562259489e-06,-0.0002538431964739153
212813.9045982712,5.113616831574396,-91.16960552508338,-52.62548335100131,-2577.620566135955,-7.917300595126522e-06,0.0003877930527718422,-0.001927698546249969,2.901356820968793e-10,0.6566444676518742,0.02164481048051853,-0.6562876344081731,0.0002543324167726573,8.383497054017563e-06,-0.0002541942076416493
213304.4913146576,5.093452252153932,-91.14608196002152,-51.46711950635172,-2572.639243755324,-7.773172441085804e-06,0.0003885503727860027,-0.001919548200379217,2.900288772985265e-10,0.6564827822502474,0.02198944745994326,-0.656114401298609,0.0002547625674478491,8.533488224096708e-06,-0.0002546196091257487
213796.2089502233,5.07330873264113,-91.15953147746313,-51.98289065114813,-2568.273198819843,-7.877712078788974e-06,0.0003892072285042544,-0.001911883175149189,2.898537423037819e-10,0.6565456306600198,0.02191830169248761,-0.6561796653277823,0.0002552172028730859,8.520241988453388e-06,-0.0002550749421617499
214289.0601120059,5.049198524190347,-91.15860340425525,-51.83077458992474,-2562.809531032816,-7.888191407788585e-06,0.000390037237190383,-0.001903428037127512,2.898036167646386e-10,0.6561939254024031,0.02199810436101626,-0.6558250918800961,0.0002556226816592335,8.569439933072048e-06,-0.0002554790012464651
214783.0474130534,5.022634176397386,-91.19488581448107,-53.34205300573288,-2557.425472357083,-8.152200592574683e-06,0.0003908482009302175,-0.001895060668973533,2.897457971697173e-10,0.6560051045134541,0.02165767441482206,-0.6556474984979729,0.0002560820875261319,8.454419694222341e-06,-0.0002559424902968935
215278.1734724373,4.989624204126815,-91.24918435523439,-55.62535823134403,-2550.939132482777,-8.544097057756854e-06,0.0003918261783720343,-0.001885906805657499,2.898144501058257e-10,0.6561698525292526,0.02112289129400259,-0.6558297788539666,0.0002567907998775697,8.266402563613766e-06,-0.0002566577127039403
215774.4409152667,4.960349729599668,-91.28199551449008,-56.95268428875978,-2544.941717551383,-8.789032528724135e-06,0.0003927396191873726,-0.001877145655022865,2.898293018973778e-10,0.655995653177419,0.02082326938300043,-0.6556650733719707,0.000257322634838607,8.168192148277196e-06,-0.0002571929607071544
216271.852372702,4.926472777394942,-91.30400503909766,-57.76796228550447,-2537.788451883904,-8.965019517864396e-06,0.0003938398050273445,-0.00186756423551044,2.899777760945467e-10,0.6556592339294972,0.02064245603612058,-0.6553342048495653,0.0002579116354444422,8.119964335678576e-06,-0.0002577837812524562
216770.4104819695,4.889882789995612,-91.32880210810571,-58.68896400688394,-2530.11868078355,-9.163070817569616e-06,0.0003950258288109523,-0.00185763773644439,2.901878591075052e-10,0.6555775653981774,0.02043807770220939,-0.6552589024448581,0.0002586569154706747,8.063805742639517e-06,-0.0002585311875920365
217270.1178863744,4.854950530594666,-91.35906637606058,-59.85544578069011,-2522.92402171102,-9.398335589186333e-06,0.0003961425115592283,-0.00184809504871988,2.903460752113045e-10,0.655395269758505,0.02016832041399907,-0.6550848788313632,0.0002593174205412079,7.979912379187501e-06,-0.0002591946095013671
217770.9772353159,4.819490272362838,-91.38029615757756,-60.61183805605067,-2515.496863515247,-9.57321519142961e-06,0.000397305106727311,-0.001838416510975205,2.905335906435339e-10,0.6552073118821711,0.02000198871489114,-0.6549019331100726,0.0002600043990879954,7.937342825800738e-06,-0.0002598832163375991
218272.9911843001,4.787621900874937,-91.37547072476546,-60.23055595023812,-2508.445744315859,-9.566589410008567e-06,0.0003984235263074686,-0.001829046908275537,2.906801794429552e-10,0.6547857980635896,0.02012648800608473,-0.6544764058591516,0.0002605662556604215,8.009159078967351e-06,-0.0002604431357508582
218776.1623949553,4.749202578224595,-91.40821600222586,-61.47277556576156,-2500.625860266524,-9.824784017656999e-06,0.0003996583651864584,-0.001819151420008717,2.909185494801658e-10,0.6545769566750952,0.01982855341587656,-0.6542765628382718,0.0002612922902290653,7.915109264280747e-06,-0.0002611723798154862
219280.4935350449,4.718553558517466,-91.4136293403616,-61.5468582141738,-2494.048156472463,-9.888531996680113e-06,0.000400710543350845,-0.001810193355609095,2.91014947797514e-10,0.6546916287496618,0.01985281331478524,-0.6543905520087934,0.0002620248784794155,7.94562014824573e-06,-0.0002619043796170889
219785.9872784825,4.67858696394146,-91.42002391866268,-61.6143215272625,-2485.534001820087,-9.96725249364646e-06,0.0004020809507205658,-0.001799864620629413,2.913402060388084e-10,0.6539894577417612,0.01984127876773311,-0.6536884078016253,0.0002626378934486156,7.968127921936391e-06,-0.0002625169937595393
220292.6463053456,4.645887253792645,-91.40869809921737,-60.94483293295809,-2478.301119922202,-9.916677518022235e-06,0.0004032583537616231,-0.001790499502916123,2.915184582867558e-10,0.6536152620578852,0.02004192351358351,-0.6533079152259473,0.0002632531251011285,8.072178396472919e-06,-0.0002631293366605973
220800.47330189,4.611499252157605,-91.42450037966658,-61.45153190949829,-2471.173741020642,-1.005675047599368e-05,0.0004044159181071803,-0.001781243990290667,2.916868505014426e-10,0.6534574207667119,0.01993996827939921,-0.6531531201947213,0.0002639449874826326,8.05416620984255e-06,-0.0002638220741785481
221309.4709605637,4.58003192838326,-91.43533175488747,-61.75435103638933,-2464.603373696203,-1.016016844109177e-05,0.0004054902204782451,-0.001772422156097468,2.917918066665357e-10,0.6535009575384062,0.01990103543645173,-0.6531978645802288,0.0002646631482523694,8.05977501843788e-06,-0.0002645403978025054
221819.6419800219,4.546069622476016,-91.43379487533684,-61.5062543362268,-2457.334172371338,-1.017932184975562e-05,0.0004066902740692116,-0.001763130067610306,2.919818873756723e-10,0.6530227786102135,0.01998733237068855,-0.6527168267545334,0.0002652501276732679,8.118617966828548e-06,-0.0002651258536487787
222330.9890651403,4.509246400091185,-91.44495386678915,-61.79256047791431,-2449.699180405197,-1.029045157760974e-05,0.0004079538151632332,-0.00175360949586484,2.92218276358249e-10,0.6524757307466545,0.01992704263601904,-0.6521713671920618,0.0002658507391188925,8.119258331918436e-06,-0.0002657267264205861
222843.5149270304,4.480416868638743,-91.44758161273508,-61.75116101793858,-2443.612180326412,-1.033482947320999e-05,0.0004089690746866445,-0.001745228967627176,2.922724300220908e-10,0.6525019160944328,0.01998159682767189,-0.6521958956441865,0.0002665214455602139,8.161698747167766e-06,-0.0002663964482065528
223357.2222830532,4.452365272705148,-91.42529392216986,-60.64301267594356,-2437.302149344187,-1.020218625921126e-05,0.0004100358705867745,-0.001736718790248226,2.923551577995631e-10,0.6521137489685193,0.02030706409898069,-0.6517974875231239,0.000267053173792501,8.316134917594483e-06,-0.0002669236586229855
223872.113856834,4.414785950375903,-91.45172057758481,-61.57853726620282,-2429.830718186043,-1.042313815924459e-05,0.0004112871530180043,-0.001727412865378783,2.925796482725456e-10,0.6518680682050678,0.02008286241923615,-0.6515586366417507,0.0002677683702390491,8.249453535193278e-06,-0.0002676412647871161
224388.1923782766,4.382534275098219,-91.46935197537674,-62.16026001409484,-2423.340229008688,-1.057787391013438e-05,0.0004123822419339561,-0.001718836326244755,2.926885544307857e-10,0.6517798092109548,0.01996381718840003,-0.6514739946447109,0.0002684451317322721,8.222392684282266e-06,-0.000268319177490731
224905.4605835782,4.344661000896127,-91.48293529867374,-62.53624483030426,-2415.656829305975,-1.070952882525136e-05,0.0004136888378182746,-0.001709445934305666,2.929441931172581e-10,0.6514265837848643,0.01988293027105988,-0.651123078338846,0.0002691494127397862,8.215014767910095e-06,-0.0002690240136317478
225423.9212152429,4.31003201802109,-91.49318804907428,-62.78512845633483,-2408.610512462057,-1.081505258398891e-05,0.0004148952146325877,-0.001700539441310714,2.931254684586211e-10,0.6511653973850993,0.01984294579675244,-0.6508629903856888,0.0002698253375902652,8.222380319800111e-06,-0.0002697000283047392
225943.5770220978,4.274318463605948,-91.51601345288024,-63.55902651506759,-2401.571093056141,-1.10124070633484e-05,0.0004161026359023157,-0.001691669733143637,2.933085238249981e-10,0.6509011315134187,0.01966032230912292,-0.6506041459537052,0.0002705015925880469,8.17043977638626e-06,-0.000270378171283353
226464.4307593059,4.239228017894405,-91.52577444877163,-63.77941222415215,-2394.474028721987,-1.11160946588731e-05,0.0004173321614809015,-0.001682791317376048,2.935012807680736e-10,0.6506788869748589,0.01962758967150249,-0.6503827885780252,0.0002712074728025295,8.18091550005817e-06,-0.0002710840569371717
226986.4851883822,4.199102301246323,-91.55096483531911,-64.62069026094936,-2386.635952651045,-1.133655149971058e-05,0.0004186928564060792,-0.001673425221373884,2.937879325598807e-10,0.6506127876724275,0.01942464568569581,-0.6503227526566115,0.0002720652823994812,8.122760287105651e-06,-0.0002719439991108973
227509.7430772071,4.160060674484343,-91.56508767888783,-64.99723721133033,-2378.870606470982,-1.147702064624924e-05,0.0004200539628546482,-0.001664144185101506,2.940690452067261e-10,0.6500967623072517,0.01933416192690468,-0.6498091954912268,0.0002727330290898676,8.111199521320685e-06,-0.0002726123870972482
228034.2072000419,4.120313794812016,-91.58491244449195,-65.60560205713155,-2371.087008341212,-1.166040369279642e-05,0.0004214248606990425,-0.001654884249657473,2.943558292162985e-10,0.6497794733667412,0.01918524342511092,-0.6494961820083924,0.0002734901303441655,8.075008429908789e-06,-0.0002733708939051952
228559.880337543,4.085009638628446,-91.57586665279165,-65.02930185158198,-2363.756458005232,-1.162987537967612e-05,0.0004227354784962484,-0.00164597358032099,2.945895949309078e-10,0.6495155251264354,0.0193653577945688,-0.6492267710883135,0.0002742259730307588,8.176069514690468e-06,-0.0002741040608454341
229086.7652767774,4.041148557990072,-91.58995943258842,-65.37160320528199,-2355.126431715262,-1.177677032294201e-05,0.0004242787649050585,-0.001636192351666409,2.949890566524558e-10,0.6489393254585355,0.01927415987658828,-0.6486530312020679,0.0002749827195763015,8.167267250551802e-06,-0.0002748614047319793
229614.8648112362,4.007203247502513,-91.58627978996405,-65.0286102632398,-2348.206745988522,-1.178416674421686e-05,0.000425530543134892,-0.001627632911889421,2.951778738847476e-10,0.6488102488407927,0.01939768164020466,-0.6485202147565152,0.0002757365737043974,8.243782034631819e-06,-0.0002756133126973478
230144.1817408509,3.972253782440003,-91.58922530695759,-64.95554888258165,-2341.218902926406,-1.184126347310681e-05,0.0004267994090525465,-0.001619057055635232,2.953779756110526e-10,0.6484382184325337,0.01943909114499515,-0.6481467772498871,0.0002763984781096385,8.285963189059365e-06,-0.0002762742505470857
230674.7188720069,3.928434297747629,-91.59543240530979,-64.96848747788884,-2332.570143204437,-1.193154124801169e-05,0.000428379326007801,-0.00160936608144538,2.957913157745398e-10,0.6480817358137115,0.01944422845393988,-0.6477899800669538,0.0002772678354418546,8.318795049040733e-06,-0.0002771430140190141
231206.4790175595,3.889825642543735,-91.60541373986823,-65.16400306650566,-2325.036288611326,-1.204501297117264e-05,0.0004297632271944502,-0.001600478584220053,2.960672678616493e-10,0.6477688454666857,0.01940820294752975,-0.6474780296006888,0.0002780284754824458,8.330183081694873e-06,-0.0002779036545799972
231739.4649968478,3.847905332701405,-91.61710818671486,-65.40969331038451,-2316.91622227033,-1.21751817520304e-05,0.0004312644607047935,-0.001591220854458861,2.964215687017492e-10,0.6473757377539158,0.0193506526359424,-0.6470864687775427,0.0002788297992738533,8.334477608039218e-06,-0.0002787052088607216
232273.6796357108,3.810364075258508,-91.61349859633893,-65.05280923371517,-2309.432491379811,-1.218739976032655e-05,0.0004326635132821494,-0.001582433262850063,2.966981648007215e-10,0.647013871338452,0.01946703056521162,-0.64672094787887,0.0002795753049387891,8.411722294706108e-06,-0.0002794487324352245
232809.1257665008,3.764059523323952,-91.62497629862263,-65.26326959803099,-2300.530336764936,-1.232149836362536e-05,0.0004343328330699336,-0.001572708001129768,2.971612434974245e-10,0.6466809017375301,0.01941412993210979,-0.6463894184089374,0.0002805089361937907,8.421211945106218e-06,-0.0002803825002990517
233345.8062281003,3.72314098923269,-91.62737960186838,-65.13331884443248,-2292.557109435297,-1.238261793241726e-05,0.0004358423503980673,-0.001563652684335904,2.975089043377019e-10,0.6463067690154217,0.01946255319172318,-0.6460136598388714,0.0002813191145332688,8.471500675744217e-06,-0.0002811915323726574
233883.7238659355,3.677705371494175,-91.61876279300766,-64.53449655839681,-2283.577576703673,-1.236555687140116e-05,0.0004375599082799632,-0.001553945923464646,2.979918331125412e-10,0.6458173356446815,0.01963178061845456,-0.6455188798237772,0.0002822104239489521,8.578730897144987e-06,-0.0002820800041861203
234422.8815319923,3.633729075788328,-91.60001532210237,-63.54020403606598,-2274.752665514467,-1.22699139664168e-05,0.000439265500074524,-0.001544380517217915,2.984598724436741e-10,0.6453235527283779,0.01991484073551194,-0.6450161911335673,0.0002830890063719715,8.736195125741954e-06,-0.0002829541737161604
234963.2820848307,3.589905458720647,-91.60003131692675,-63.3045893585766,-2266.294943331747,-1.23158277831051e-05,0.0004409048144945318,-0.001535099610181606,2.988847123434032e-10,0.6449069931595975,0.01998896398795771,-0.6445971386415249,0.0002839598011984092,8.801365623861297e-06,-0.0002838233687697248
235504.928389601,3.545208944293337,-91.58888019575248,-62.62005962866377,-2257.530416659432,-1.227756472743822e-05,0.0004426213577415625,-0.001525645885411202,2.99355003311904e-10,0.6442936022475017,0.02018255996801397,-0.6439774143323657,0.0002847903648003197,8.921085970503003e-06,-0.0002846506035619915
236047.8233180577,3.50197020341555,-91.55609321750417,-61.08814894011797,-2248.729359286541,-1.207152690699237e-05,0.0004443676463953888,-0.001516202895563598,2.998354242783956e-10,0.6437302477723909,0.02062049260900664,-0.6433998967840029,0.0002856571769935784,9.150403802352474e-06,-0.0002855105827779322
236591.9697485759,3.459685833709682,-91.52845520412494,-59.77568773955851,-2240.224081712561,-1.190234571914806e-05,0.0004460663275858585,-0.001506994242522055,3.002815646850258e-10,0.6433140528681789,0.02100485412698448,-0.6429710465649182,0.0002865577264496494,9.356399438500337e-06,-0.0002864049377673843
237137.3705661655,3.416128206451619,-91.48782289143313,-57.95426083497227,-2231.306013482079,-1.163253100876501e-05,0.0004478658862682142,-0.001497542883049125,3.00788339204493e-10,0.6425385238823684,0.02152258062255258,-0.6421779606902425,0.0002873592394199694,9.62543437968855e-06,-0.0002871979865755079
237684.0286624876,3.374377641807399,-91.44420643623261,-56.03781382416059,-2222.708704503969,-1.133548548309044e-05,0.0004496157243411324,-0.001488341809779417,3.012573013372642e-10,0.641993058926812,0.0220804991972655,-0.6416132318347283,0.0002882291048001163,9.913257516843419e-06,-0.0002880585776873884
238231.946935869,3.332041442068294,-91.38667777222771,-53.58929583102493,-2213.809885521141,-1.092805813096769e-05,0.0004514454378383508,-0.001478973709773864,3.017726031775939e-10,0.6412059381834846,0.02278468918594471,-0.6408009933672564,0.0002890376926100111,1.027070024928125e-05,-0.0002888551548193466
238781.1282913177,3.29205027974567,-91.34492804752961,-51.78315972812324,-2205.628438740721,-1.063860103301e-05,0.0004531357512755178,-0.001470118979509024,3.0219535100685e-10,0.6405477523505116,0.02331569815690687,-0.6401232703634109,0.0002898146926145681,1.05491462106332e-05,-0.0002896226364935988
239331.5756405388,3.253192050441734,-91.27724972375063,-48.98994108726182,-2197.26169150553,-1.014209120704291e-05,0.0004548857987254222,-0.001461173932163467,3.026483758525104e-10,0.6396521182465544,0.02412616708790571,-0.6391969652923507,0.0002905169323127949,1.095761250671359e-05,-0.0002903102111338659
239883.291901949,3.211948646173392,-91.22541986055033,-46.8191436198949,-2188.743939222486,-9.76865739170509e-06,0.0004566740868653985,-0.00145216206734428,3.03127386507091e-10,0.6391865609163214,0.02477455259533998,-0.6387062558013151,0.0002914385820269466,1.12960142159233e-05,-0.0002912195858054724
240436.2800006933,3.178400080538575,-91.16104652894266,-44.21106981031365,-2181.446573654909,-9.286744858266592e-06,0.0004582231970045439,-0.001443991752355576,3.034419010940355e-10,0.6384843423901553,0.02555239188999462,-0.637972829159745,0.0002920966508356113,1.168982165477383e-05,-0.0002918626414926388
240990.5428686594,3.136340268357656,-91.11308890091966,-42.21833891733231,-2172.897706414587,-8.938376854569946e-06,0.000460041277426732,-0.001435024821689375,3.039350948103178e-10,0.6377703333893703,0.02614556305335483,-0.6372341859035904,0.0002929203300074256,1.200834619747506e-05,-0.0002926740838428655
241546.0834444941,3.101820511745681,-91.0440075272993,-39.46075027802562,-2165.390726448685,-8.412955497562612e-06,0.0004616571070771604,-0.001426777999978845,3.042873227505661e-10,0.636996115625562,0.02696963046911952,-0.6364249290799454,0.0002935831973299123,1.242995074805852e-05,-0.0002933199449046297
242102.9046736177,3.067802369649212,-90.9908042242556,-37.32595060018784,-2158.253064485274,-8.01080695571836e-06,0.0004631991518815353,-0.001418804306041413,3.045914900121863e-10,0.6363796812714899,0.02762247416514691,-0.6357799129071309,0.0002942714381337231,1.277304325799434e-05,-0.0002939940963135468
242661.0095082416,3.030705415374661,-90.92264958124187,-34.63048910660277,-2150.338976031538,-7.487419180962535e-06,0.0004649223764974229,-0.001410350505225935,3.050093865725704e-10,0.6356646204643038,0.02843549897958753,-0.6350282923679931,0.0002950259543303475,1.319754152305152e-05,-0.0002947306204422601
243220.4009073815,2.991740576534083,-90.88219426392341,-32.99218180914026,-2142.570484124484,-7.185183061604897e-06,0.0004666184625158932,-0.001402023359056382,3.054112382742832e-10,0.6349818751988939,0.02894160973342288,-0.6343219727056142,0.0002957783928799098,1.348117662669986e-05,-0.0002954710063126026
243781.0818368752,2.955678656266176,-90.81002597710069,-30.18329333047922,-2134.820547628472,-6.621510461643383e-06,0.0004683298285273217,-0.001393739170443799,3.058149816827473e-10,0.6344565220582439,0.02980484123192738,-0.633756064918816,0.0002966095161435546,1.393381457859122e-05,-0.0002962820512251847
244343.0552693971,2.916131379022342,-90.77948108387083,-28.94079259455097,-2127.162549538253,-6.394825254695622e-06,0.0004700228146201882,-0.001385545556617968,3.062100591382666e-10,0.6334867748034471,0.03018557515615653,-0.6327671964501362,0.0002972219871964825,1.416259500502645e-05,-0.0002968843724006867
244906.3241844746,2.876477885690084,-90.7271348828628,-26.89539850337664,-2119.153031710564,-5.988022106700969e-06,0.0004718106407596863,-0.001377153821111057,3.0666048049697e-10,0.6328692492959964,0.03082274002648384,-0.6321182210644919,0.0002980555356676432,1.451625007781251e-05,-0.0002977018320833853
245470.891568503,2.834988194486435,-90.68594052993635,-25.27432427209092,-2111.032753587013,-5.67057844111553e-06,0.0004736339018249424,-0.001368721544193791,3.071320651965509e-10,0.6322664916837253,0.03133659786754719,-0.6314894568717152,0.0002989171187831785,1.481502763508765e-05,-0.000298549759433513
246036.7604147627,2.788770996932304,-90.63086388819015,-23.14408683413072,-2101.887479495825,-5.238035906403536e-06,0.0004757051841243093,-0.001359657726027566,3.077589335985119e-10,0.6314770007748975,0.03199299126064616,-0.6306660376283602,0.0002998435231139711,1.519119651669817e-05,-0.0002994584543835581
246603.9337234339,2.743730701952062,-90.58331921760399,-21.31033011397529,-2093.107433022119,-4.863647846477529e-06,0.0004777090455481971,-0.001350864073244921,3.083391079901791e-10,0.6307402002716712,0.03256773338253392,-0.6298988355133482,0.0003007499735186718,1.552896889740256e-05,-0.0003003487933993831
247172.414501613,2.699271117516567,-90.52536259252265,-19.11202182206303,-2084.289050836782,-4.399002654817279e-06,0.0004797395667188428,-0.001342078993490691,3.08931493900083e-10,0.6298055407476197,0.03324510170398209,-0.6289274857796355,0.0003015751542348381,1.591903536134326e-05,-0.0003011547076917953
247742.2057633285,2.650406418984982,-90.45843190077437,-16.5995034467871,-2074.596449916448,-3.856559471762506e-06,0.0004819905977704854,-0.001332765561313069,3.096609923807215e-10,0.6288817015420552,0.03401941604253209,-0.6279608856183287,0.0003025400447344989,1.63659327757701e-05,-0.0003020970620716652
248313.3105295571,2.59930385690947,-90.40748112134196,-14.68506178841654,-2064.826645154954,-3.444186183106234e-06,0.0004842776628534107,-0.001323438387186856,3.104105946646933e-10,0.6282741139285213,0.03463402065671286,-0.6273187760985789,0.0003036771847376707,1.674040304384318e-05,-0.0003032154208415645
248885.731828239,2.554127228374957,-90.32383670701084,-11.6182025582372,-2055.563403731757,-2.749560726971515e-06,0.0004864690883439272,-0.00131447099895821,3.11092294790895e-10,0.6273155087362304,0.03558521182269272,-0.6263053889282206,0.0003045803678759116,1.727768046055963e-05,-0.0003040899246165983
249459.4726942955,2.498133617073908,-90.2431818315698,-8.677781754769232,-2044.549468609462,-2.075896296456364e-06,0.0004890964983621067,-0.001304420917797221,3.120487941766449e-10,0.6262378661364636,0.03649388499424026,-0.6251736249564424,0.0003056944733138381,1.781428360650912e-05,-0.0003051749699995262
250034.5361696431,2.446619785054393,-90.1581602065844,-5.615438879579498,-2034.267263873002,-1.356951653722257e-06,0.0004915737464196617,-0.001294875882249109,3.129047250504426e-10,0.6250806545037717,0.03744213205383185,-0.6239582609294687,0.0003066706927715863,1.836947679161386e-05,-0.00030612003548838
250610.9253032114,2.394119008075899,-90.05377997064421,-1.899367426789578,-2023.535975124501,-4.638598075783216e-07,0.0004941840082177261,-0.001285082653821621,3.138406552114225e-10,0.6239684031425465,0.03859990999237668,-0.6227733255919363,0.0003077467133052845,1.903781565573916e-05,-0.0003071572905292386
251188.643150958,2.337092406460326,-89.94042228937157,2.092071753374614,-2011.941000096583,5.16827512179198e-07,0.0004970319302165201,-0.001274780385601209,3.149233703715751e-10,0.6227684484566499,0.0398451608751404,-0.6214924806849534,0.0003089222003652631,1.976505842895649e-05,-0.0003082892608311481
251767.6927758856,2.284074015036252,-89.81308032056943,6.527434904032096,-2000.822735069157,1.630499613037767e-06,0.0004997890815076883,-0.001264820061009045,3.159450227368868e-10,0.6213872309477882,0.04122470153082044,-0.6200182374484275,0.0003099455622722588,2.056272266165992e-05,-0.0003092627135769948
252348.0772480574,2.22266055291563,-89.6766963664476,11.21900750898243,-1988.208270963661,2.838029192187027e-06,0.0005029494015958947,-0.001253955162531333,3.172183161672672e-10,0.6201710658505609,0.04270666962708341,-0.6186988696349653,0.0003112954290260651,2.143665155613827e-05,-0.0003105564588003003
252929.7996446145,2.159454299617768,-89.52843644909741,16.25654480326775,-1975.153451910899,4.166747104775866e-06,0.0005062554821356307,-0.001242856459295555,3.185805733549481e-10,0.6184246930369609,0.04427245037458482,-0.6168379455705439,0.0003124620636387873,2.236886942281556e-05,-0.0003116603518161311
253512.8630497907,2.09697201066013,-89.36907893222373,21.60665741249989,-1962.084172894269,5.611767308958302e-06,0.0005096003332983194,-0.001231793097682637,3.19965016441507e-10,0.6169179042409704,0.0459655475578009,-0.6152031119969913,0.0003137656588769533,2.337816785015837e-05,-0.000312893512170608
254097.2705549305,2.031116613722288,-89.18519310432393,27.70597316172701,-1948.103683050854,7.298967674649753e-06,0.000513215894870519,-0.001220203310865726,3.215200525922949e-10,0.6151641482865715,0.04789309357271263,-0.6132969761259045,0.0003151033265656657,2.453210764365326e-05,-0.0003141469116628536
254683.0252585041,1.95960420158179,-88.97248665168014,34.66516539710057,-1932.777562643756,9.276621670795352e-06,0.0005172237321546935,-0.001207819416624383,3.233242332519899e-10,0.6132010512084337,0.05009899669889569,-0.6111510613039073,0.0003165665822763708,2.586373283149138e-05,-0.000315508269841162
255270.1302661247,1.882889664314258,-88.73874331807892,42.1910617268051,-1916.326252918276,1.148341579653372e-05,0.0005215789852970926,-0.001194784503031167,3.253499035608127e-10,0.6109948945044392,0.0524919734689796,-0.6087358654061897,0.0003181066221498328,2.732926988488024e-05,-0.0003169304877463446
255858.5886905646,1.804999089493062,-88.43230660050403,51.95859008028379,-1898.499397737545,1.440493346341866e-05,0.000526337559631494,-0.001180947511487853,3.276496194939772e-10,0.6083117224890846,0.0555912508095261,-0.6057662623083837,0.0003196383244795457,2.921050771760846e-05,-0.0003183008085364705
256448.4036517717,1.727966074520632,-88.06665286098823,63.45584064285799,-1879.834085093839,1.793651135201128e-05,0.0005313563742217688,-0.001166647491561596,3.301418736406615e-10,0.6052652541491955,0.05924708539728542,-0.6023585400342698,0.0003211297358339298,3.143415345938676e-05,-0.0003195875486201883
257039.5782768863,1.644873763754342,-87.64618878319196,76.42675334067548,-1859.31082493265,2.207030046217043e-05,0.0005369264919041092,-0.001151256590584403,3.330183263682435e-10,0.6018696830475407,0.06339715142202232,-0.5985214420246949,0.0003227612123760379,3.399762777641503e-05,-0.0003209656703138612
257632.1157002576,1.565159561059059,-87.1101934060471,92.74599067173472,-1837.301881600915,2.740493991147748e-05,0.0005428929843741765,-0.001135012518194887,3.362324396931004e-10,0.598138270524863,0.06865368811998722,-0.594185208309663,0.0003244604312078541,3.724123058013666e-05,-0.0003223160904523132
258226.0190634596,1.488269108944971,-86.45501534032259,112.3532161528854,-1813.589993893012,3.402857021013422e-05,0.000549284449103866,-0.001117787484456161,3.398451063743425e-10,0.5936572557218559,0.07496582404529299,-0.5889049689860115,0.0003260273212708964,4.117006330636585e-05,-0.0003234174393913014
258821.2915153092,1.415984739609779,-85.65238745209349,135.9236596007712,-1787.854654942684,4.227928718890143e-05,0.0005561152534470689,-0.001099391414817788,3.439441459943474e-10,0.5881415030293596,0.08252144745706867,-0.5823234825208619,0.0003273279190465503,4.592699806713544e-05,-0.0003240899218363421
259417.9362118814,1.35803493043841,-84.60761229525504,166.1038466143563,-1759.69047875501,5.31685252660041e-05,0.0005632629802803508,-0.001079583941246298,3.486453260851829e-10,0.5818668379507629,0.09221785200943566,-0.5745127369150184,0.0003285048435983146,5.206347754414497e-05,-0.0003243529352010915
260015.9563165272,1.337058229589881,-83.24311865088086,205.0608378053266,-1730.769364358558,6.750723968850501e-05,0.0005697795033696075,-0.001059398444587584,3.536559199944231e-10,0.5742605908092716,0.1045728232584812,-0.5646589685751605,0.0003287905293325636,5.987273802735329e-05,-0.00032329316018112
260615.3549998895,1.372415689696342,-81.44819117637358,255.8529417521648,-1701.426386237122,8.642768081481627e-05,0.0005747455379350318,-0.001039042460398134,3.589276933416534e-10,0.56556543901051,0.1204403167645621,-0.5525924319974016,0.0003280094118417369,6.9851434934026e-05,-0.0003204854931107174
261216.1354399207,1.508791172030466,-79.14706776130748,321.3630126539289,-1676.22912609517,0.000110319600829805,0.0005754269184962198,-0.001021300428946945,3.634852138543442e-10,0.5559889448118001,0.1401979443574744,-0.5380225303376034,0.0003250592279723819,8.19668016449171e-05,-0.0003145551543340273
261818.3008218985,1.798790160198024,-76.29874625659157,405.1037659618519,-1661.644413608898,0.0001384889073854513,0.0005680503086843809,-0.001010085701636219,3.658322935518915e-10,0.5468392301161988,0.1640944346495869,-0.5216379588480017,0.0003190418625077524,9.573745110905134e-05,-0.0003043387101365149
262421.8543384442,2.28249766737015,-73.0376595496175,508.3191457889872,-1666.554004093908,0.0001674420974108598,0.0005489686945802944,-0.001010740162437299,3.639156564234849e-10,0.5398983322340521,0.1911227058307747,-0.5049379372408397,0.0003091971069783142,0.0001094550292019141,-0.0002891754615214908
263026.7991895381,2.969862293700194,-69.89187480820769,624.5266616885331,-1705.849699827787,0.0001892529839281545,0.0005169309264595693,-0.001032192965644456,3.54714848216989e-10,0.5375288958665355,0.2176592610217729,-0.4914893284527677,0.0002952586985300483,0.0001195578333118252,-0.0002699696715400449
263633.138582538,3.796351690182425,-67.58769644056454,738.6346528023757,-1790.970299306919,0.0001968036232391772,0.0004771905064027095,-0.001081206170051444,3.370790396175291e-10,0.5416899361700303,0.2391536262600312,-0.4860386095718825,0.0002789993103916377,0.0001231769179172351,-0.0002503358985271991
264240.8757321946,4.633468687999988,-66.7452619179094,826.1661159864643,-1922.515353885594,0.0001886820323100515,0.0004390692102946942,-0.001157950377257537,3.132927282607442e-10,0.5510823646016942,0.2506186075480024,-0.4907973982466645,0.0002627812542697258,0.0001195064046050473,-0.0002340346274676998
264850.0138606701,5.345208224204697,-67.57964404513746,860.5938626967293,-2085.853522649152,0.0001690287008996389,0.0004096811823587986,-0.001253441122604196,2.880954003112163e-10,0.564127170243554,0.2492846484692124,-0.5060599057864404,0.0002494594808319453,0.0001102347524932288,-0.0002237818846995893
265460.5561975539,5.832900406091534,-69.69533920546976,831.6344941462407,-2247.638244144969,0.0001447959292459899,0.0003913364229845986,-0.001347555139498184,2.667434221052427e-10,0.5777485150032705,0.2360767409548282,-0.5273150092389095,0.0002405405205815646,9.828847793083832e-05,-0.0002195429733507525
266072.505979881,6.086578749146829,-72.40555233971122,754.1075242631945,-2378.04766485724,0.0001211653450807492,0.0003820900291538974,-0.001422462044232361,2.515356675784878e-10,0.5900377471671649,0.215448460797632,-0.5492963715718815,0.0002359855537276917,8.616859610289253e-05,-0.0002196910435448424
266685.866452148,6.149572818963385,-75.18014578882382,652.2211236612434,-2465.098811650492,0.0001003092335892416,0.0003791232199447157,-0.001471141558056771,2.420949884496496e-10,0.6003093467114928,0.1919767078877018,-0.5687848937672126,0.0002348965968161398,7.511906252637397e-05,-0.0002225613120939101
267300.6408663312,6.084147295466816,-77.6876569184472,548.2523125564434,-2511.912178280041,8.293930535833944e-05,0.0003800006792789432,-0.001495631430176474,2.370367479458756e-10,0.6085721701596594,0.1692955475398533,-0.5845503433204181,0.0002361707826477134,6.569912973636446e-05,-0.0002268485462336443
267916.8324819031,5.944278298884987,-79.83228691607526,453.6336244641972,-2529.366972677637,6.869613796042839e-05,0.0003830354125817846,-0.001502560525465381,2.348595844917355e-10,0.6152561134391599,0.1490116095415997,-0.5969385440278439,0.0002388851235844502,5.785664861074622e-05,-0.0002317729718528256
268534.4445658507,5.777167056562741,-81.60071340660539,373.5345505387901,-2529.788987506588,5.71209611846619e-05,0.0003868557228570018,-0.001499354851821927,2.34280333693979e-10,0.6202708031535559,0.1316765110088763,-0.6061329604082644,0.0002420074934204633,5.137546731136594e-05,-0.0002364914125929192
269153.4803926916,5.603882519512417,-83.02234202605673,308.4297596822072,-2520.082414960363,4.784865421946385e-05,0.0003909562819172602,-0.001490166773079534,2.346418033496132e-10,0.6239316030397465,0.1173810597993972,-0.6127906103002216,0.0002451908643390389,4.612807456623282e-05,-0.0002408127087429919
269773.9432444921,5.441225936753837,-84.22223741391952,253.7310007563788,-2507.615063606969,3.994183272377705e-05,0.0003947438078423103,-0.001479384287247672,2.352660503470928e-10,0.6271830380789216,0.1051636969904605,-0.6183034530788297,0.0002482718902641933,4.16292983926441e-05,-0.0002447568855225361
270395.8364108843,5.2889592317841,-85.26651078138975,206.515808316167,-2494.048595906125,3.297432693251593e-05,0.0003982241091252712,-0.001467996577235324,2.360017483353118e-10,0.6300167410102202,0.09439862167115859,-0.6229044823885315,0.0002511683135822748,3.763382949414587e-05,-0.0002483328746367856
271019.1631890843,5.133193825289036,-86.30933187056272,159.9354875042378,-2479.483573400184,2.590712043056488e-05,0.0004016386890994649,-0.00145606702632491,2.368420962034679e-10,0.6329704946492453,0.08353343652851475,-0.627434308974451,0.0002541660041526503,3.354241620275965e-05,-0.0002519429776401912
271643.9268839082,4.951105117451645,-87.32605134913011,114.8218414683031,-2458.54757517508,1.895487962639254e-05,0.0004058589615640974,-0.00144045185881491,2.383095875066913e-10,0.6355255075010583,0.07277775543010291,-0.63134465151693,0.0002576163782473648,2.950116328862596e-05,-0.00025592162805419
272270.1308077913,4.741698742865909,-88.20271755426533,76.23008375965868,-2429.350723348907,1.290382761346584e-05,0.000411227712218943,-0.00142007195199021,2.406189977948182e-10,0.6374378690163138,0.06339875716757797,-0.6342772536089133,0.0002616504705475062,2.602342196992898e-05,-0.0002603531260551838
272897.7782808041,4.536093636881672,-88.82289847466343,49.24997984316533,-2396.920668834787,8.568709541936817e-06,0.0004170258966950715,-0.001397892555400925,2.433136486246718e-10,0.6384172265589633,0.05671622901900047,-0.6358929348035744,0.000265669806231299,2.360179040728969e-05,-0.0002646193519615417
273526.8726306712,4.347292680666194,-89.31213898626541,28.41011663109709,-2366.323342804216,5.072969418253374e-06,0.0004225356096780418,-0.001376874064836575,2.458929310350568e-10,0.6387760434842391,0.05141335020988396,-0.6367036211217699,0.0002692907710882087,2.167448335527532e-05,-0.0002684170936519578
274157.4171927883,4.184912692907293,-89.64228432003762,14.60279554072896,-2338.918111366046,2.669248715233347e-06,0.0004275314371407114,-0.001357797949523645,2.482019074690213e-10,0.6387609477935491,0.0478429922642076,-0.6369667153920369,0.0002724510000879901,2.040649343797748e-05,-0.0002716857053186858
274789.4153102397,4.040571848933744,-89.9026162880518,3.933674766040395,-2314.378252056553,7.343929785012127e-07,0.0004320802402322421,-0.001340461890001536,2.502567452560706e-10,0.6383894132984866,0.0450227813886022,-0.6367998054079634,0.0002751816773150421,1.940734642808242e-05,-0.0002744964670711453
275422.8703338166,3.910979288004388,-90.10285186050713,-4.114545723176345,-2292.091267641279,-7.831711488275234e-07,0.0004362813958257278,-0.001324500230575398,2.521089276009372e-10,0.6383697188295734,0.04289654251516279,-0.6369268282611382,0.0002778457303381407,1.867040499032261e-05,-0.0002772177228184232
276057.7856220346,3.794086059167367,-90.27146855850225,-10.765045367543,-2272.038625043797,-2.085329536616124e-06,0.0004401234821937308,-0.001309893061905988,2.537490479385484e-10,0.6378366473863371,0.04108866657881463,-0.6365118303910914,0.0002800581198391956,1.804100588436793e-05,-0.000279476425829703
276694.1645411511,3.688430071264492,-90.40789739929531,-16.04576712353478,-2253.849142168619,-3.158557488944798e-06,0.000443662931920967,-0.001296417770697924,2.55208589807889e-10,0.6375055551565292,0.0396535680935089,-0.6362711115498549,0.0002821646587723562,1.755096158725094e-05,-0.0002816182849310091
277332.0104651841,3.593017623274554,-90.50430364284919,-19.69127816831146,-2237.140288717611,-3.934176350850938e-06,0.0004469646074865939,-0.00128384723689924,2.565233557308944e-10,0.6371802684147717,0.03866459779317063,-0.6360060874980781,0.0002841200979114097,1.724063009363308e-05,-0.0002835965280308692
277971.3267759288,3.506600898940018,-90.58660994587756,-22.75079679025275,-2222.054193496298,-4.607250155865508e-06,0.0004499868564477512,-0.001272256792867297,2.576709655940925e-10,0.6367196105829288,0.0378251645876471,-0.6355950907809106,0.000285835166878683,1.698041343853912e-05,-0.0002853303492165193
278612.1168629771,3.427527379340906,-90.66358111140852,-25.57792658030754,-2208.383708633412,-5.24394359416339e-06,0.000452759122831282,-0.001261521528317007,2.586697223835629e-10,0.6363261375206239,0.0370501327816285,-0.6352465985369616,0.0002874194039286871,1.673501440796816e-05,-0.0002869317916291028
279254.3841237338,3.355513214834978,-90.71967186536359,-27.58195310305778,-2195.787371032584,-5.719735282838746e-06,0.000455345654920806,-0.001251441101543272,2.595552685125393e-10,0.6356887418944647,0.03649358204053265,-0.6346403666969336,0.0002887719997840012,1.657780604029585e-05,-0.000288295758217393
279898.1319634363,3.295056167371777,-90.7601289915042,-28.99152666061353,-2185.148418543278,-6.07061602392446e-06,0.0004575542764460025,-0.001242513373565606,2.602191125409086e-10,0.6355100123915297,0.03613736216653271,-0.6344817309470203,0.0002900904532718406,1.649557609877534e-05,-0.0002896210749386713
280543.3637951713,3.23242463468068,-90.8262019659749,-31.35978531311524,-2174.600012118963,-6.630159871519575e-06,0.0004597590701913154,-0.001233671459892809,2.608799758085902e-10,0.6350952156864453,0.03548477199256948,-0.6341031177532941,0.0002912993901123535,1.627581531776925e-05,-0.0002908443441354344
281190.0830398941,3.179178655359031,-90.87729890672931,-33.16137842603821,-2165.577232932373,-7.069413688207789e-06,0.0004616623934227776,-0.001225727157737482,2.613644131818877e-10,0.6346897684402959,0.03499935953702145,-0.6337240306275238,0.0002923191277976427,1.6119658393864e-05,-0.0002918743378401734
281838.2931264454,3.124024396148203,-90.97550622837349,-36.72869491163954,-2157.02965378506,-7.891641848273317e-06,0.0004634661134769084,-0.001218081219508632,2.617966084639617e-10,0.6347426038034568,0.03401854722304955,-0.6338303491692594,0.0002934904263423055,1.572939624378857e-05,-0.0002930686207160264
282487.9974915708,3.071062063910345,-91.03880952789538,-38.95538286126244,-2148.357707875356,-8.437455961220522e-06,0.0004653188395992456,-0.001210393899118279,2.622488167044344e-10,0.6344070418162391,0.0334034540422453,-0.6335270349117541,0.0002945102245674541,1.550685617099416e-05,-0.0002941016997340619
283139.1995799379,3.01896027224861,-91.14081040163025,-42.62522562848444,-2140.515881998571,-9.299457138127574e-06,0.0004669919139342935,-0.001203202113632448,2.626042056589219e-10,0.6343394529154021,0.03237518775164566,-0.6335127376328413,0.0002955442541780792,1.508388083692386e-05,-0.0002951590803559574
283791.9028441557,2.961890278032428,-91.24942968688546,-46.49794014386682,-2131.943436489067,-1.022529441329026e-05,0.0004688325814677604,-0.001195627263882468,2.630537235094991e-10,0.6342265220738801,0.03127187726181186,-0.6334550899585953,0.0002966646209173222,1.462767527115139e-05,-0.0002963037772627616
284446.1107447915,2.906273917269968,-91.34622982767816,-49.90298738346058,-2123.489110175093,-1.106080373404129e-05,0.0004706631308169973,-0.001188146983628128,2.634936135887665e-10,0.6341784696684566,0.0303028575836618,-0.6334540774304716,0.0002978083053519048,1.423013094252213e-05,-0.0002974681329318017
285101.826750391,2.849868300578564,-91.46236986452743,-53.99979727188958,-2115.25735655556,-1.206098443494165e-05,0.0004724478116993441,-0.001180819035937136,2.639106507077655e-10,0.6342556715120941,0.02912608194085954,-0.633586559355572,0.000298985294268717,1.372990510155273e-05,-0.0002986698777829021
285759.0543374947,2.793827995047248,-91.55644293526809,-57.24502654070866,-2106.785616949951,-1.288773355533983e-05,0.000474306561289911,-0.001173384849519001,2.643624614464278e-10,0.6340245511024604,0.02817951951231017,-0.6333980155326757,0.0003000616645359648,1.333638187351682e-05,-0.0002997651471445899
286417.7969906581,2.735163812046857,-91.65261449456423,-60.52895520826161,-2097.943518806942,-1.374087003505921e-05,0.0004762608099484643,-0.001165772814587426,2.648660773893513e-10,0.6339239921282135,0.02721622890449867,-0.6333394861209818,0.0003012608019681018,1.293401582544676e-05,-0.0003009830261610959
287078.0582024691,2.675037273293153,-91.75782455943445,-64.1117778538145,-2089.049038089433,-1.467681115800221e-05,0.0004782362813546675,-0.001158160546490846,2.653820209124582e-10,0.6338168784009348,0.02615324616115074,-0.633277066583924,0.000302472223135212,1.248094012346839e-05,-0.0003022146123237456
287739.841473567,2.621329783403037,-91.83640548567396,-66.71807190320811,-2080.88839101764,-1.539216431054963e-05,0.0004800704683571443,-0.001150983026045151,2.65810017661828e-10,0.6335634183717119,0.02537921720298167,-0.6330548952760833,0.0003035203189897108,1.215838521888701e-05,-0.0003032767015589641
288403.1503126606,2.567255813965042,-91.91329154543561,-69.2394063308913,-2072.685193736679,-1.60991249121764e-05,0.0004819281332095702,-0.001143808913664609,2.662482651412551e-10,0.6333633629542129,0.02462679720501033,-0.6328844052369227,0.0003046083300688889,1.184395563484097e-05,-0.0003043779812376005
289067.9882365476,2.507666482677478,-91.99445802198576,-71.86484253749752,-2063.662848558894,-1.685437429859107e-05,0.0004839883432230426,-0.001136210706785289,2.667972727696795e-10,0.6333114238791157,0.02383335818931375,-0.6328628055536308,0.0003058965244076733,1.151177945033537e-05,-0.0003056798367223149
289734.3587701322,2.455279734489008,-92.07958281467842,-74.65548655403852,-2055.972851310704,-1.763821888075062e-05,0.0004857472750921005,-0.001129373276741553,2.67179268235487e-10,0.6331649933947137,0.0229930997760235,-0.6327473636635854,0.0003069497503947006,1.114674107172424e-05,-0.0003067472891988599
290402.2654464451,2.398480717263822,-92.15377858319823,-76.99968163872212,-2047.415000166508,-1.834270344060861e-05,0.0004877309278253157,-0.00112208566050972,2.676789689920225e-10,0.6330204538039599,0.02227416646031566,-0.6326284505479258,0.0003081438927246634,1.08426960282778e-05,-0.0003079530720196622
291071.7118066605,2.341588133579259,-92.21541461498705,-78.86810053446182,-2038.69607442597,-1.894728294786861e-05,0.0004897766157050944,-0.001114737518438269,2.682054786521758e-10,0.6328997095663643,0.02169523798302147,-0.6325277535555641,0.0003093862366633045,1.060548445768874e-05,-0.0003092044099557767
291742.7014001168,2.287475932256629,-92.29302439687793,-81.31531432938789,-2030.74012667684,-1.968647064810836e-05,0.0004916430100216818,-0.001107833470193374,2.686369705552014e-10,0.6324202709208064,0.02092856395007564,-0.6320738835630957,0.0003103426971111444,1.027011195177655e-05,-0.0003101727171282437
292415.2377843335,2.232482106671978,-92.36434245431215,-83.51057214058584,-2022.586483942933,-2.037921780275061e-05,0.0004935749980467493,-0.001100847682184709,2.690995868110582e-10,0.6322609685936094,0.02024284782572474,-0.6319368319055582,0.0003114956871686665,9.973033457609847e-06,-0.0003113359949127841
293089.3245250321,2.174348499249091,-92.41858838596137,-85.05348772741543,-2013.69983965305,-2.093768034685462e-05,0.0004957139875591222,-0.001093490129343717,2.696655050730011e-10,0.631948116325583,0.01974114943921962,-0.631639698519869,0.0003126992997772884,9.768275981793417e-06,-0.0003125466890970852
293764.9651961531,2.119000868952674,-92.47077261025811,-86.52793591343743,-2005.288559072525,-2.147804391716129e-05,0.0004977545723664053,-0.001086418138013538,2.701738152085995e-10,0.6315114158792623,0.01925910923825314,-0.6312176764771243,0.0003137778366309624,9.569235773520554e-06,-0.0003136318869112606
294442.1633798762,2.069436585044732,-92.51094238029694,-87.60263417251302,-1997.675284582297,-2.190952771633977e-05,0.0004996210722341024,-0.001079804239257641,2.705797150761569e-10,0.6312157255371663,0.01891444649412305,-0.6309322751922208,0.000314812653248937,9.433394709047576e-06,-0.0003146712851689819
295120.9226666385,2.015595680746244,-92.5548803729899,-88.77146735327266,-1989.470401413613,-2.238384100471569e-05,0.0005016475504636175,-0.001072895969756966,2.710707450034802e-10,0.6307817839322609,0.01852479952798007,-0.6305097070967374,0.0003158789939413327,9.276734342873188e-06,-0.0003157427449892083
295801.2466551547,1.967673111402972,-92.57549753183078,-89.14813845190858,-1981.89720738771,-2.265020844453017e-05,0.0005035482023797976,-0.001066353643950339,2.714807285018204e-10,0.6303538767608869,0.01839254356403016,-0.6300854896668584,0.0003168618207217907,9.245433487853608e-06,-0.0003167269097988832
296483.1389524342,1.916331597350873,-92.60602426183239,-89.84538198127785,-1973.968908081185,-2.300998733398484e-05,0.0005055462904269567,-0.001059645112841424,2.719442144983017e-10,0.630093729317317,0.01815662432553653,-0.6298320766030463,0.0003179914862228185,9.163163646021803e-06,-0.0003178594370821687
297166.6031738027,1.866881300733702,-92.6494359448462,-91.00234956592745,-1966.58224369514,-2.348007124110413e-05,0.0005074098790163659,-0.001053251885434023,2.723378584619373e-10,0.629802275867162,0.01777866875632586,-0.6295512891136906,0.0003190230990348045,9.005693089226988e-06,-0.0003188959629875445
297851.6429429189,1.816479905707815,-92.66559947158621,-91.18950433240231,-1958.660213180121,-2.371845034073471e-05,0.0005094488158565221,-0.001046596391696864,2.728104677323749e-10,0.629083389057106,0.01768853547348307,-0.6288346572036068,0.0003199395268316914,8.996043717215415e-06,-0.0003198130266682777
298538.261891796,1.768240707536199,-92.69747357036059,-91.93762925755848,-1951.361339871143,-2.409100595225172e-05,0.0005113277124226558,-0.001040298154852529,2.732010946288203e-10,0.6287346508310455,0.01743684053779909,-0.6284928143962316,0.0003209457220301173,8.900860432824765e-06,-0.0003208222734988777
299226.4636608189,1.727736042757505,-92.69599147918652,-91.57765924182242,-1944.79115345287,-2.415915185670978e-05,0.0005130564069320131,-0.001034410932664919,2.734935958676906e-10,0.6283219821166427,0.01754956220031253,-0.6280768472707492,0.0003218148679997011,8.988560330040578e-06,-0.0003216893144772737
299916.2518987652,1.68237043085162,-92.72668227402379,-92.2977072505105,-1937.987530360735,-2.451912729454789e-05,0.0005148314553815586,-0.001028421411492825,2.738225139084859e-10,0.6279188240015066,0.01731017944243919,-0.6276801790905187,0.0003227250696220884,8.896737368266292e-06,-0.0003226024157175236
300607.6302628231,1.637944498985022,-92.74519932946625,-92.59867381644551,-1931.172240336084,-2.477224600807788e-05,0.000516632386295365,-0.001022447792634587,2.741568626953162e-10,0.6274504599779852,0.01720282547275824,-0.6272145904890438,0.0003236132179789796,8.872511958578179e-06,-0.0003234915661686645
301300.6024186122,1.595212654734139,-92.74773178674737,-92.35924268263972,-1924.400843480812,-2.488227478027261e-05,0.0005184480641467878,-0.001016519397145634,2.74488777549883e-10,0.626982079678797,0.01727071040319029,-0.6267441669457471,0.0003245045655064112,8.938731356158485e-06,-0.0003243814299805818
301995.1720402016,1.555090336443547,-92.76128446333659,-92.51783746723153,-1918.229390721908,-2.508506911946062e-05,0.0005201042109342742,-0.001010929040537461,2.747385430044093e-10,0.6266602909658985,0.01722229282969854,-0.6264235890379231,0.0003253735240811564,8.942130515593154e-06,-0.000325250624095993
302691.3428101306,1.511933767604801,-92.77089833257297,-92.517472812842,-1911.556060593638,-2.526001197212997e-05,0.0005219114563761681,-0.001005095134919617,2.750635808540242e-10,0.6261959747077886,0.01721328682834998,-0.6259593449232964,0.0003262605455098259,8.968464470336546e-06,-0.0003261372566902063
303389.1184194271,1.471250748165042,-92.79911581166725,-93.16875131996699,-1905.576279937142,-2.559650433468067e-05,0.0005235241518045603,-0.0009996465462264294,2.752921283522154e-10,0.6259472484828561,0.01700728509347455,-0.6257161578040059,0.0003271421937381344,8.88860933328557e-06,-0.000327021417567595
304088.502567628,1.429484853828046,-92.81085862432383,-93.24723568088385,-1899.201242236722,-2.578982128400891e-05,0.0005252709129874393,-0.0009940108326227149,2.755809201983474e-10,0.625520662318599,0.01697670704088246,-0.6252902449307417,0.000328008951596335,8.902202938264799e-06,-0.0003278881259060364
304789.4989627983,1.389172516148252,-92.82224751809413,-93.32323656092449,-1893.066554049494,-2.597788984200804e-05,0.0005269628038734231,-0.0009885212604246985,2.758380976751013e-10,0.6248808870386472,0.01694448234410815,-0.6246511086232832,0.0003287277177470025,8.913892431212338e-06,-0.0003286068394554163
305492.1113215514,1.350817941638416,-92.83558751517077,-93.47851528192032,-1887.281176907851,-2.618028921022316e-05,0.0005285660227213107,-0.0009832336652157085,2.760473124119263e-10,0.6245294133664376,0.01689908837512306,-0.6243007360014214,0.0003295417339892085,8.917041802653078e-06,-0.0003294210691593723
306196.3433690677,1.31114232303869,-92.85400105560396,-93.79321732830792,-1881.397388407295,-2.643214081729875e-05,0.0005302020990452879,-0.0009779140109595855,2.762737323022216e-10,0.624277937586181,0.01680142441097895,-0.6240518051368956,0.0003304294793806209,8.892971522329704e-06,-0.0003303097877769461
306902.1988391158,1.271060017667114,-92.87905668549979,-94.32537611807419,-1875.578392385094,-2.67461369699812e-05,0.0005318237641361134,-0.0009726472258379673,2.764934903055655e-10,0.6237177430311371,0.01662353972687105,-0.6234961755286111,0.0003311454675236359,8.825802851142617e-06,-0.0003310278324634957
307609.6814740708,1.23120786904963,-92.89646918352133,-94.59933518042681,-1869.69868662656,-2.699196382235668e-05,0.0005334798517545376,-0.0009673680836151599,2.767250717206653e-10,0.6232590136721169,0.0165319864997406,-0.6230397190756881,0.0003319329061881741,8.80454225858885e-06,-0.000331816115109173
308318.7950249355,1.193190966971487,-92.90143459799823,-94.46899738782668,-1863.921854883511,-2.712187674338934e-05,0.0005351285628651597,-0.000962161183581861,2.769443000329479e-10,0.623152329088876,0.01658542120409296,-0.6229315765414156,0.0003328986515683015,8.860216189206289e-06,-0.000332780721774976
309029.5432513591,1.14696569698645,-92.9428306641357,-95.48984318801681,-1857.515326096205,-2.760235696459017e-05,0.0005369346035803184,-0.0009566488139184238,2.772603236699534e-10,0.6226502319055733,0.01623276284978836,-0.6224385983390867,0.0003337607595375851,8.701288428911226e-06,-0.000333647317068162
309741.9299216581,1.111561134422504,-92.94071276177218,-95.14074081623019,-1852.059653898796,-2.766381273841583e-05,0.0005385183151431933,-0.0009516452903021944,2.774374989121007e-10,0.622260918211212,0.01635620198493595,-0.622045918714759,0.0003345306451791488,8.793177656778168e-06,-0.000334415060352661
310455.9588128356,1.068880976738219,-92.98778330390951,-96.36647298609026,-1846.314138094001,-2.819247943437388e-05,0.0005401481630973688,-0.0009465111338232222,2.776607780846093e-10,0.6219358121298928,0.01594767585957654,-0.621731313385732,0.0003353774223417205,8.599746658436541e-06,-0.0003352671468754245
311171.6337106018,1.030247860104021,-92.97943575164,-95.78527684014553,-1840.329808659356,-2.8205417464019e-05,0.0005419128308345607,-0.0009412734138867596,2.779229884433405e-10,0.6215394605118278,0.01613900765462329,-0.6213298909639372,0.0003362514326460425,8.731166386255946e-06,-0.0003361380559979063
311888.9584093937,0.9864854403667171,-93.01792615354981,-96.70935125495473,-1834.343204920546,-2.866169084677572e-05,0.0005436431654650651,-0.0009360536194645276,2.781887328991198e-10,0.6211837060587339,0.01582376768101459,-0.6209821294121439,0.0003371391545935501,8.588138430594292e-06,-0.0003370297515626041
312607.9367123956,0.944978236132235,-93.02266966541815,-96.53668794688527,-1828.189354978343,-2.88032024248929e-05,0.0005454683517985205,-0.0009307677079884249,2.784831712062494e-10,0.6205488551070124,0.01586753812868595,-0.6203459541323362,0.0003379220492327407,8.64072337994974e-06,-0.0003378115587973952
313328.5724315585,0.9080129997792132,-93.04379123236771,-96.93486873037443,-1822.967708637257,-2.908679308584183e-05,0.0005470094016508221,-0.0009259746714924973,2.78638520746977e-10,0.6202573856989899,0.0157430091621622,-0.6200575635992723,0.0003387194032034564,8.597177221879891e-06,-0.0003386102813712561
314050.8693876218,0.8685251329100225,-93.06113401144056,-97.18747987761905,-1817.343884783535,-2.934241393478474e-05,0.0005486844251576103,-0.0009209949430330339,2.788579418605953e-10,0.6199555152943583,0.01565945586365963,-0.6197577126474083,0.0003395919180649937,8.577751986074924e-06,-0.0003394835680646808
314774.8314101316,0.8236500920101454,-93.07590971656386,-97.31286654896388,-1810.930626282244,-2.958791602706116e-05,0.000550612320872412,-0.0009156340723880505,2.792018670325249e-10,0.6194600544515587,0.01559910958226423,-0.6192636165974621,0.0003405126320221552,8.574715710703161e-06,-0.0003404046515797577
315500.4623374628,0.7826823382310845,-93.0839454828586,-97.24796772282673,-1804.998262359967,-2.976241321046086e-05,0.0005524136430453279,-0.0009105355776613685,2.79475243675336e-10,0.6189464749531279,0.01561142549575498,-0.6187495634349114,0.0003413410667733766,8.609501545311555e-06,-0.0003412324725888907
316227.766016838,0.7470000626522082,-93.09625230078238,-97.36132154443909,-1799.905505285365,-2.996526769081354e-05,0.0005539638269949665,-0.0009058782594354103,2.796214132169545e-10,0.618606832745327,0.01558224991352109,-0.6184105489129673,0.0003421101480400015,8.617502333514712e-06,-0.000342001596553998
316956.746304349,0.703531145105327,-93.11901637923651,-97.75070701904244,-1793.889102067906,-3.028594298996922e-05,0.0005557977505469288,-0.0009007737531437151,2.799139482529995e-10,0.6179923068686127,0.0154336806054944,-0.617799557179962,0.0003429041805985683,8.563656121324866e-06,-0.0003427972299564441
317687.407064977,0.6665931463841314,-93.11099502079512,-97.19746047583359,-1788.344356205686,-3.030202241048641e-05,0.0005575294919653286,-0.0008959242258614731,2.801360387108713e-10,0.617598827127093,0.01562284002491221,-0.6174011970658276,0.0003437459720903462,8.695431557337281e-06,-0.0003436359742494501
318419.7521726124,0.6266175894720429,-93.11316072756571,-96.95002196619238,-1782.54835519135,-3.04216300807855e-05,0.0005593400141946727,-0.0008909666567268701,2.804005181670471e-10,0.6170593902296811,0.01569858498036461,-0.6168596643485779,0.0003445567168677903,8.765854609701481e-06,-0.000344445192928675
319153.7855100762,0.5894504388707006,-93.10910301374307,-96.52587891115033,-1777.070752179239,-3.047578344244286e-05,0.0005610684307279323,-0.0008861859306520091,2.806179273011845e-10,0.6165831330573484,0.01584299686935072,-0.6163795579194798,0.0003453482835529896,8.873664363855977e-06,-0.0003452342610949176
319889.5109691397,0.5548339555707104,-93.10930380842871,-96.25846064841157,-1772.032832836641,-3.056439266258588e-05,0.0005626633435541778,-0.0008816412386034547,2.807684906034851e-10,0.6160808837041685,0.01594097330172399,-0.6158746143785299,0.0003460428435689458,8.953791420079237e-06,-0.0003459269853661139
320626.9324505466,0.5191276133625322,-93.10421790409688,-95.81570999330705,-1766.777781459337,-3.060535601276731e-05,0.0005643423505476015,-0.0008770049824418812,2.809559297583911e-10,0.6156701359080449,0.01609819826544232,-0.6154596365819914,0.0003468372468867756,9.068906286949433e-06,-0.000346718662270661
321366.0538640317,0.4851400747953249,-93.10088490471728,-95.44321628776191,-1761.804596797449,-3.065892329426033e-05,0.0005659389330492862,-0.0008725249819353147,2.811010014677391e-10,0.6151421940943494,0.01623354612725953,-0.6149279558902363,0.0003475139682131893,9.170861773124512e-06,-0.0003473929380364773
322106.8791283435,0.4508517111201715,-93.09062342904907,-94.85103991121613,-1756.698091195584,-3.064668903798377e-05,0.0005675950436061008,-0.0008679950750833636,2.812697338548849e-10,0.6145973748348206,0.01644273881893985,-0.6143773836120476,0.0003482136423383654,9.315994842477627e-06,-0.0003480890014789982
322849.4121712634,0.4175132939309106,-93.10368053435531,-95.00308820678353,-1752.09747673774,-3.085646765695916e-05,0.000569071386449283,-0.0008637307787747278,2.813596839465929e-10,0.6144867999429267,0.01641356989422646,-0.614267549222182,0.0003490556210980939,9.323632068904203e-06,-0.000348931077012667
323593.6569296283,0.384686458159848,-93.10118688522952,-94.66893505822209,-1747.341493280944,-3.091569215655926e-05,0.0005706229996717863,-0.0008594050902107574,2.814766292622832e-10,0.6137112300539461,0.01653344322593166,-0.6134884833062659,0.0003495594957672553,9.417168522148752e-06,-0.0003494326230020362
324339.6173493492,0.3545780582638213,-93.11333646671994,-94.81513138458891,-1743.197102783252,-3.111012272173991e-05,0.0005719664678393629,-0.0008553948418598332,2.814969127587905e-10,0.6134895750446235,0.01651153498644755,-0.6132673380352357,0.0003502546772975097,9.426798096681706e-06,-0.000350127797306108
325087.2973854344,0.3200760516124852,-93.11626741836812,-94.63921562212086,-1738.32313334593,-3.12266042162246e-05,0.0005735669735645291,-0.0008510413097900163,2.816369431573292e-10,0.6129598347022096,0.01658020032952629,-0.6127355513720359,0.0003509271324423359,9.492370996521937e-06,-0.0003507987274450481
325836.7010020087,0.2856048830037128,-93.144852071484,-95.26407587741035,-1733.86440276953,-3.159292552998347e-05,0.0005750105530470624,-0.0008469061020543126,2.817117758055133e-10,0.6126558073499563,0.01638090602594926,-0.6124367756735349,0.0003516400883422076,9.401989131558031e-06,-0.0003515143728635938
326587.8321723358,0.2484769330661865,-93.17411369297885,-95.88648589048907,-1729.071497665356,-3.197407270829211e-05,0.0005765719462003077,-0.0008426225618458861,2.818429525305964e-10,0.6123109298325201,0.01617374836913515,-0.6120972836535523,0.0003524009814937298,9.308415907706912e-06,-0.0003522780225206126
327340.6948788381,0.2108663801181379,-93.18296332911028,-95.86770073120529,-1723.91647361296,-3.215872938009271e-05,0.0005782861477427435,-0.0008381781811595615,2.820355877828939e-10,0.6118233126895327,0.01618123908777402,-0.6116092980424497,0.0003531648167997534,9.340350750783817e-06,-0.0003530412804093251
328095.293113119,0.1735108278848616,-93.21624629578172,-96.60666198485828,-1719.190152634366,-3.258292358042005e-05,0.0005798382866419294,-0.0008339577453564166,2.821605003268548e-10,0.6115197895420637,0.01593314555229777,-0.6113121852821021,0.0003539430616533816,9.221984987227175e-06,-0.0003538229018668306
328851.630875983,0.132853195762497,-93.23804764542261,-96.96149479531175,-1713.862556264957,-3.290481770474129e-05,0.000581615775457363,-0.0008294612889195211,2.823866368054807e-10,0.6112461881881122,0.01580876544459908,-0.611041721578498,0.0003548713201875887,9.178098076145872e-06,-0.0003547526129676662
329609.7121774578,0.09553431204313755,-93.25171609832297,-97.0883495816898,-1708.875813800695,-3.313954434726463e-05,0.0005832972345231455,-0.0008251456885170222,2.825593146488043e-10,0.6108949367271079,0.01576944352181825,-0.6106913691627133,0.0003556919946068408,9.181717645535304e-06,-0.0003555734679197403
330369.5410368147,0.05634940653134377,-93.27409907229428,-97.46732122663127,-1703.79275853137,-3.346621292437215e-05,0.0005850113711798064,-0.0008207991531950159,2.827504882746498e-10,0.6102790696604454,0.01563080994033634,-0.6100788642841415,0.000356379968909041,9.127803717174146e-06,-0.0003562630565171047
331131.1214825911,0.01846443929577136,-93.29215215210139,-97.72070842624261,-1698.834325059574,-3.374814671363606e-05,0.0005866976505552526,-0.0008165281448534274,2.829235535866626e-10,0.6101277014377431,0.01555058276907656,-0.6099294971037602,0.0003573193996063496,9.107150659577558e-06,-0.0003572033218517234
331894.4575526103,-0.01927436897621619,-93.30419222189863,-97.7894245467333,-1693.82054971619,-3.397128332963761e-05,0.0005884200471644296,-0.0008122459024650348,2.831083861836657e-10,0.6096712815892994,0.01552688197681656,-0.6094735330847574,0.0003580989769763442,9.119931870558419e-06,-0.0003579828266190721
332659.5532940045,-0.05638062611454408,-93.31085225892161,-97.69797011641417,-1688.824826230529,-3.414014445050203e-05,0.0005901527273330462,-0.0008079876752354919,2.832927935708732e-10,0.609064844393142,0.0155568172613937,-0.6088661348049651,0.0003587928980473863,9.164337099722935e-06,-0.0003586758405785993
333426.4127632349,-0.09747451980109223,-93.32796481993455,-97.89355218822868,-1683.484836813537,-3.442465895495006e-05,0.0005920041725700546,-0.0008035804097781152,2.835377721229184e-10,0.6086978576175526,0.01548205074587453,-0.6085009350632918,0.0003597021282533986,9.148917699193161e-06,-0.0003595857594162453
334195.0400261143,-0.1403864879590074,-93.3540920424318,-98.34633908285824,-1678.067239369632,-3.480569696375896e-05,0.0005938838228548887,-0.000799152183603259,2.837989424870513e-10,0.6080327231349114,0.01530444117093715,-0.6078400829850735,0.000360453710426013,9.072772560033601e-06,-0.0003603395095711182
334965.4391578276,-0.1792319287400949,-93.36427468201434,-98.34507754601037,-1672.955138634839,-3.501755586851027e-05,0.0005956861440802574,-0.0007948852292169367,2.840114416989943e-10,0.6075469125834487,0.01530093136093454,-0.6073542067765471,0.0003612566843068728,9.098167755891648e-06,-0.0003611420984873976
335737.6142429546,-0.2145137205088473,-93.36983328817038,-98.23097910305208,-1668.251480144309,-3.517404144329838e-05,0.0005973588702488724,-0.000790827295249684,2.841571660305505e-10,0.6073265852336769,0.01535336103365837,-0.6071324859011983,0.0003621359361120375,9.154882900854187e-06,-0.0003620201988050022
336511.5693754907,-0.2541192349166909,-93.37601516150302,-98.10268962265357,-1663.014922022864,-3.53492280867313e-05,0.0005992322332480589,-0.0007865317848260554,2.843963285633596e-10,0.6065410273354804,0.01538507479343947,-0.6063458726789358,0.0003627981408881373,9.202471524481945e-06,-0.0003626814105378574
337287.3086588689,-0.293161198509399,-93.39923623644258,-98.48898298033937,-1658.131523747261,-3.569605116774519e-05,0.0006009682090670887,-0.0007824184946365128,2.845778904259802e-10,0.6063126597399651,0.01525084758335169,-0.6061208237710861,0.0003637149509042912,9.148681280061949e-06,-0.0003635998723076603
338064.8362059816,-0.3341516779140413,-93.41314174314778,-98.57926869079053,-1652.874023478047,-3.595539059919501e-05,0.0006028623656341675,-0.0007781438439354198,2.848264895521127e-10,0.6058635500047395,0.01520995183371331,-0.6056726001641164,0.0003645903367755604,9.152888404245819e-06,-0.0003644754289440866
338844.1561392025,-0.372289846149875,-93.42371763617497,-98.59080893849799,-1647.949059374844,-3.617405670777442e-05,0.0006046507110265863,-0.0007740409094008317,2.850206648381155e-10,0.6054976194685966,0.01520662667515236,-0.6053066377360321,0.0003654490035205232,9.177982516628634e-06,-0.0003653337362071395
339625.2725904084,-0.4086111379928435,-93.43075343118055,-98.51026256648024,-1643.217807933353,-3.635240716532668e-05,0.0006063827388034453,-0.0007700435091726083,2.851838966832778e-10,0.6050372830345982,0.01523856078029499,-0.6048453522407474,0.0003662138228781803,9.223516888948833e-06,-0.000366097652004558
340408.1897010009,-0.4534398605488209,-93.45078010570425,-98.74946060417666,-1637.625233145805,-3.668845287691849e-05,0.0006084279937199102,-0.0007656576976485302,2.854996697160908e-10,0.6042647069266771,0.01512584547353341,-0.604075363539926,0.0003669814176253433,9.186212848490479e-06,-0.000366866425795287
341192.9116219284,-0.4910175409503594,-93.46151559857113,-98.76720249909508,-1632.82731513985,-3.69101762594113e-05,0.0006102019949744487,-0.0007616586674811596,2.856800246609563e-10,0.6038379037196636,0.01512012673834777,-0.6036485697290883,0.0003677894749691854,9.209464063630916e-06,-0.0003676741542041944
341979.4425137089,-0.5349549910642244,-93.47876900805952,-98.92759116575546,-1627.347681842663,-3.721814766101014e-05,0.0006122343180998071,-0.0007573567165050115,2.859827131475165e-10,0.6033468240093957,0.01504444420377367,-0.6031592283475601,0.0003687148525271205,9.193899437615202e-06,-0.0003686002098306881
342767.7865464503,-0.5740765695383013,-93.46634008060519,-98.25159719886518,-1622.037053380902,-3.720724640112703e-05,0.0006142549743465983,-0.0007531489978239218,2.862591390377303e-10,0.6026594644989773,0.01527637152065154,-0.6024658186348477,0.0003694992342509668,9.366164329148436e-06,-0.0003693805071708714
343557.9478998746,-0.6141200894303499,-93.48413758954207,-98.45631104496667,-1617.093453111234,-3.7511669209204e-05,0.0006161095621973249,-0.0007491266555684561,2.864738685270223e-10,0.6024185357712362,0.01520179451740702,-0.6022266995776679,0.0003704673835330136,9.348598533178119e-06,-0.0003703494106479211
344349.9307633384,-0.653668829276987,-93.48693397597734,-98.22513719026084,-1611.999545529235,-3.766025878578804e-05,0.0006180527895788271,-0.0007450493611662467,2.867181703560116e-10,0.6018308039118492,0.01527634962891055,-0.6016368918867908,0.0003712680480638392,9.423945187586481e-06,-0.0003711484241785685
345143.7393358563,-0.6949259322165757,-93.48452123168751,-97.83019943259464,-1606.632552116326,-3.776004722916128e-05,0.0006201205905710112,-0.0007408609320096566,2.870143227279044e-10,0.6011247359032558,0.01540261213002289,-0.6009273730279984,0.0003720658340909266,9.533438547866201e-06,-0.0003719436764447421
345939.3778261219,-0.7343859943855533,-93.48971400037776,-97.67086607721744,-1601.623164254325,-3.793431733708446e-05,0.0006220532673398794,-0.0007368523501527509,2.87249836567492e-10,0.6006609618841359,0.01545536524170984,-0.6004620910738834,0.0003729331169366058,9.59579180059372e-06,-0.0003728096437698089
346736.8504525317,-0.776095412344081,-93.4866717000433,-97.25685838562228,-1596.229217842965,-3.802948577442076e-05,0.0006241593378637016,-0.000732681772923345,2.875576168036946e-10,0.5998573569360576,0.01558569571084121,-0.5996548463570706,0.000373687455855669,9.709273230678571e-06,-0.0003735612997584394
347536.1614432058,-0.8151545174474678,-93.4834422556784,-96.85895163383698,-1591.175996617769,-3.811509762655389e-05,0.0006261458278155529,-0.000728682517926342,2.878073713551463e-10,0.5993994992386942,0.01572691844808494,-0.5991931439224957,0.0003745828540907413,9.828226426312126e-06,-0.0003744538964199448
348337.3150360119,-0.8591146531753574,-93.47755469491656,-96.35007790586391,-1585.502684082939,-3.818714983976471e-05,0.0006283941838384282,-0.0007244144642705877,2.88172908660656e-10,0.5985185535897467,0.01588472505822692,-0.5983077255902576,0.0003753665025305541,9.962253722970033e-06,-0.0003752342797810185
349140.3154785861,-0.8970658341297844,-93.47428566783374,-95.96283038652092,-1580.619766251843,-3.826928780149899e-05,0.0006303398148615492,-0.0007205224885098272,2.883983178867265e-10,0.598110028030139,0.01602762444932009,-0.5978952424001426,0.0003762638106282816,1.008278538730052e-05,-0.0003761286915768976
349945.1670283573,-0.938297233477613,-93.47395284853265,-95.63685558863773,-1575.401867240108,-3.839237966211613e-05,0.0006324280136064479,-0.0007164922340737661,2.886880292375975e-10,0.5975311214112314,0.01613536435375048,-0.5973132269355297,0.0003771381425774386,1.018400736653127e-05,-0.000377000616154296
350751.873952568,-0.9775416673739681,-93.46106688680803,-94.96959498593658,-1570.249008457141,-3.837618700796577e-05,0.0006345206548111276,-0.000712506219182444,2.889692320610841e-10,0.5968787112294431,0.01637185987117858,-0.5966541360983593,0.000377961083576814,1.036714123097573e-05,-0.0003778188760256115
351560.4405282981,-1.021540113920352,-93.4621009760649,-94.66580886270323,-1564.757484956464,-3.852231853422763e-05,0.0006367461176160548,-0.0007083814324974296,2.893164276479421e-10,0.5960299662054049,0.01645784962471249,-0.5958027020755667,0.0003787410628861405,1.045796992283398e-05,-0.0003785966502509188
352370.8710424871,-1.058021943891386,-93.448293479287,-93.99805018786594,-1559.956388367714,-3.848751867137542e-05,0.0006387244257071204,-0.0007045836946793663,2.895394030493596e-10,0.5954509996303041,0.01670548068304047,-0.5952166159272413,0.00037953643867976,1.064796036753858e-05,-0.0003793870440931353
353183.169791957,-1.100075405062614,-93.43597167711309,-93.33553893893841,-1554.529772283575,-3.848452835347624e-05,0.0006409706932416051,-0.0007005178009704912,2.898818922588605e-10,0.5947689602546837,0.01693451462703807,-0.5945278280255553,0.0003804231972726494,1.083157096146989e-05,-0.0003802689654621473
353997.3410834346,-1.141363621859769,-93.43496734232809,-92.9995267861821,-1549.387368139979,-3.860102597265984e-05,0.0006430994232560835,-0.0006965946626856154,2.901750852589408e-10,0.5942605203548161,0.01705093058900269,-0.5940158514875052,0.0003813530680820619,1.094204388655676e-05,-0.0003811960574444421
354813.3892335755,-1.182503348377295,-93.42289947418706,-92.35641169681344,-1544.110750219558,-3.859750664036359e-05,0.0006453133446837078,-0.0006926256619278737,2.904970222976444e-10,0.5934890073324505,0.01727434012179709,-0.5932375569683818,0.0003821573656216991,1.112323266688792e-05,-0.0003819954525828224
355631.3185689853,-1.225717555841432,-93.40391705717134,-91.50941610705567,-1538.502050715165,-3.852439988613909e-05,0.0006476914698926392,-0.0006885226175063049,2.908854859401492e-10,0.5926418050817791,0.01756663685204278,-0.5923813994381474,0.0003830036351964095,1.135270194376379e-05,-0.0003828353441523398
356451.1334262443,-1.270585816583832,-93.40320403768462,-91.16309084986089,-1533.001332186484,-3.865457268026877e-05,0.0006500164799320398,-0.0006844829961367599,2.912578232136714e-10,0.5919889846565141,0.01767548433092892,-0.5917250503471334,0.0003839477960205237,1.146383366642054e-05,-0.0003837766154766159
357272.8381519289,-1.312092026977124,-93.3871781202229,-90.41773967994229,-1527.678252406326,-3.860745436850919e-05,0.0006523030616371931,-0.0006805374474649025,2.916004806247647e-10,0.5912272775998421,0.01793898688583323,-0.5909550630357867,0.0003847892182906321,1.167525417424602e-05,-0.0003846120525317459
358096.437102636,-1.356967337598885,-93.37455006736081,-89.7470870531682,-1522.034660058543,-3.860680830061213e-05,0.0006547388029759254,-0.0006764639762000204,2.920085644545417e-10,0.590479412447689,0.01816744723634081,-0.590199864779282,0.0003857253658293752,1.1867721522034e-05,-0.0003855427538290413
358921.9346450052,-1.400005988958583,-93.34917918561032,-88.74270544387633,-1516.428272029053,-3.845954439422635e-05,0.0006571936268682439,-0.0006724221398628969,2.924140654849915e-10,0.5896222938219661,0.01852320469969717,-0.5893312652995173,0.0003865923576555699,1.214494338362802e-05,-0.000386401541596175
359749.3351557424,-1.453200055899777,-93.35053444688528,-88.40731667859518,-1510.084717573586,-3.863666191382833e-05,0.000659952534316153,-0.0006680691909696464,2.92967077802678e-10,0.5889313726126062,0.01860887350604954,-0.5886373004441735,0.0003877536934669007,1.225212268998184e-05,-0.0003875600757131891
360578.6430216423,-1.500023176870851,-93.3306368395727,-87.53706000382599,-1504.172821424933,-3.855920776266031e-05,0.0006625732270393355,-0.0006639232367955083,2.934420813516213e-10,0.5880114253010299,0.01890528706222259,-0.5877074326615613,0.0003886702373219286,1.249622387073772e-05,-0.0003884693009349088
361409.8626396133,-1.555109101652588,-93.32187196659309,-86.91966563543365,-1497.513667900075,-3.86292076428848e-05,0.0006655313961744903,-0.0006594637480373185,2.940690623088519e-10,0.5871150984215188,0.01908770624225316,-0.586804736062107,0.0003897996323053589,1.267278067756515e-05,-0.00038959357537733
362242.9984166985,-1.612301350742492,-93.29032193587557,-85.67733027567148,-1490.295478525012,-3.844927274153249e-05,0.0006687974185810002,-0.0006547756426251562,2.948137587066576e-10,0.5859914466310229,0.01949518781677502,-0.5856670668363618,0.0003909430466545502,1.300617639388801e-05,-0.000390726637309453
363078.0547701014,-1.669752020938798,-93.24923727623437,-84.18731575933202,-1482.934445530479,-3.815973158164687e-05,0.0006721722849127504,-0.0006500429981560267,2.955957452219294e-10,0.5849055486421403,0.01999979289510091,-0.584563520172544,0.000392164210302454,1.340934960375721e-05,-0.0003919348889616125
363915.036127207,-1.729002045527475,-93.19851963025668,-82.44138464954224,-1475.256090697463,-3.776211470956282e-05,0.0006757381618433083,-0.0006451898818460857,2.964508605097847e-10,0.5838257084692818,0.02060095714444696,-0.5834621311056885,0.0003934896922717219,1.388473335394048e-05,-0.0003932446466308021
364753.9469256079,-1.791146063015173,-93.11960050988435,-79.94520489405716,-1466.853076368728,-3.704512645383627e-05,0.0006797125327940428,-0.0006400394563550822,2.974633849462023e-10,0.5822545918612898,0.02146853756881538,-0.5818586698144262,0.0003947013254987206,1.455318747739337e-05,-0.0003944329361053598
365594.7916131248,-1.85537707032182,-93.01800519778294,-76.8649278585503,-1457.904087015906,-3.606324328773668e-05,0.0006840148198277623,-0.0006346716291516449,2.986009452565836e-10,0.5805565624505077,0.02255607454776943,-0.5801182170086936,0.0003959960124819716,1.538543555594421e-05,-0.0003956970182783486
366437.5746478333,-1.913546506999713,-92.86446990583141,-72.49501464773483,-1448.853478557526,-3.444873347162664e-05,0.0006884772361905698,-0.0006292809713903644,2.997751740598907e-10,0.5785698532310083,0.02414932173595833,-0.5780656410196369,0.000397153121317927,1.657704502159271e-05,-0.0003968070102088976
367282.3004980846,-1.967539489825813,-92.6702076766434,-67.14206756670472,-1439.652664067465,-3.23247863869847e-05,0.0006931044354748371,-0.0006238466637543506,3.009971658851891e-10,0.5764480279861264,0.02613447566339698,-0.5758552927176178,0.0003982830662310864,1.805699490017159e-05,-0.0003978735298830661
368128.9736425315,-2.014863679712822,-92.41214106648636,-60.24670991190478,-1430.199356883116,-2.940154889340657e-05,0.0006979646918513047,-0.0006183248631655635,3.022898417370822e-10,0.5739400623774641,0.02872375813430403,-0.5732208482953925,0.000399243389764049,1.998078077490989e-05,-0.0003987430910622945
368977.5985701503,-2.051640934146007,-92.12321267821986,-52.69754945516819,-1421.414349005066,-2.604668806191225e-05,0.0007025589716796609,-0.0006131134266756706,3.034585905535843e-10,0.571296150948255,0.03158886751106005,-0.5704221555459256,0.0003999324176453513,2.211359578286605e-05,-0.0003993205824462442
369828.1797802662,-2.087141230450817,-91.81593264155525,-44.7818957516243,-1412.472236339298,-2.2423650116605e-05,0.0007072675842657289,-0.0006078550815868857,3.04677379484591e-10,0.5685175780404281,0.03459924321232931,-0.5674637688082724,0.0004005728875992604,2.437834694589917e-05,-0.0003998303821369695
370680.721782576,-2.134542670940147,-91.4534423051122,-35.55636911726277,-1401.357915424046,-1.809421575610348e-05,0.000713134470777429,-0.0006016850248055576,3.063875125132545e-10,0.5651411411170895,0.03808153109995238,-0.5638566363644303,0.0004014165485280439,2.704909564111717e-05,-0.0004005041720845928
371535.2290971726,-2.182328510571042,-90.96866804243824,-23.47248651193687,-1388.24263445053,-1.217598776145318e-05,0.000720129301955338,-0.0005946829807246359,3.085707483104308e-10,0.5611323717943379,0.04266590088456999,-0.5595079620320403,0.0004023985786495849,3.059652006505085e-05,-0.0004012336838540792
372391.7062545685,-2.209816945180852,-90.19184889390851,-4.5959288827189,-1372.571602768884,-2.439486457931136e-06,0.0007285512728636195,-0.0005866176707461337,3.11375990563081e-10,0.5554109054519055,0.04985317389454586,-0.5531689931183288,0.0004028903579024445,3.616306931640836e-05,-0.0004012640937193066
373250.1577957206,-2.15405306967773,-88.9349946416088,25.24318133630132,-1357.890985371484,1.368561176755532e-05,0.0007361817276863159,-0.000579008629971098,3.140184940203639e-10,0.5478788346898245,0.06125053358441584,-0.5444442943375423,0.0004016481922575608,4.490256701177243e-05,-0.0003991303418928706
374110.5882720533,-1.920515800853775,-87.03742911862641,69.9511315719888,-1351.640964796143,3.81865494116625e-05,0.0007378651828655132,-0.0005750180496799226,3.147449610771777e-10,0.5393243518254945,0.07812193566243747,-0.5336363177673946,0.0003967348663494261,5.746763631029962e-05,-0.0003925506654614206
374973.0022454836,-1.408053833521296,-84.67904042961766,127.4898921763542,-1368.85479677742,6.74543581309554e-05,0.0007242552340021966,-0.0005810018480731895,3.100721420455088e-10,0.533146005397561,0.09898161521832383,-0.5238771830497562,0.00038609753311943,7.168122254141961e-05,-0.0003793851702635157
375837.4042884441,-0.6814967550926636,-82.84354697598111,178.5949977841709,-1422.418444995086,8.690033550104985e-05,0.0006921170336603356,-0.000602348047541089,2.977095431836321e-10,0.5343213780522491,0.1160778724573176,-0.5215604112367399,0.0003710680507606261,8.061214025571983e-05,-0.0003622059926874247
376703.798983909,-0.02246192651466997,-82.69963551912267,192.4896629076163,-1502.541050793191,8.388511915969633e-05,0.0006547927467077249,-0.0006348139734116187,2.811860593922618e-10,0.5441113907951655,0.1196527823148769,-0.5307922543494374,0.0003575960060589262,7.863712797320521e-05,-0.0003488425227139336
377572.190925416,0.3055520853771346,-84.20482041233267,159.6194554585622,-1572.740334224177,6.387357357984057e-05,0.0006293502579084409,-0.0006629444763351823,2.680174722210329e-10,0.5573388825492437,0.1083559421363103,-0.5467043257602707,0.0003509895896597433,6.823820992653988e-05,-0.0003442923739433339
378442.5847170933,0.3130787734920177,-86.23221282467186,105.9823159464119,-1609.322260763863,4.074440153183985e-05,0.0006186963532656323,-0.0006768043639165649,2.613226857357242e-10,0.5685486019573137,0.0908577455319196,-0.5612418220913984,0.000350940213094337,5.60825169008803e-05,-0.0003464300571035388
379314.9849736819,0.1545613644694906,-87.99897459963842,56.53400100512527,-1618.091701177638,2.156620038378033e-05,0.0006172584506050673,-0.0006789272842365119,2.593086481915977e-10,0.5764311753749306,0.07465421048179924,-0.5715764592786019,0.0003544204073193836,4.590136137216461e-05,-0.0003514354708173604
380189.3963205612,-0.05842730251898226,-89.32361276106997,19.02837984189073,-1611.79150976896,7.323582174117215e-06,0.0006203411781464907,-0.0006747284077249412,2.59723512643735e-10,0.5812474959273448,0.06205992808841856,-0.5779249231928565,0.000358965128716752,3.832678889888273e-05,-0.0003569131839640206
381065.823393773,-0.2647021495614282,-90.28777685392373,-8.039000733216341,-1600.535046615062,-3.138056334283052e-06,0.0006247753057814344,-0.0006684752308458183,2.609485832980303e-10,0.5841859016132281,0.05271777040398352,-0.5818023756631568,0.0003633303258259683,3.278744770252807e-05,-0.0003618479085720385
381944.2708400466,-0.4512930665912983,-91.00775155880758,-27.93519237200287,-1588.093370545102,-1.107299850574234e-05,0.000629491119475847,-0.0006617533742758289,2.623880783119393e-10,0.5859444401936592,0.04566725883038579,-0.5841621251542924,0.0003672191966299752,2.86202802682876e-05,-0.0003661021960203586
382824.7433168226,-0.6128904654660113,-91.53039916400168,-42.10302470716032,-1575.897293871411,-1.69413335332261e-05,0.0006341065007864766,-0.0006551610064483383,2.638105879888497e-10,0.5869026050212688,0.0405309664628784,-0.5855014163418706,0.000370583605700798,2.5592170772197e-05,-0.0003696988634136859
383707.2454922788,-0.7537306319138553,-91.95665985359737,-53.46447262426733,-1564.961687503186,-2.180475847240743e-05,0.0006382483533390269,-0.0006491182828617657,2.650430507347298e-10,0.5876454702777921,0.03634851264426488,-0.5865202335525666,0.0003735530027259076,2.310593160271808e-05,-0.000372837715058861
384591.7820453536,-0.8793251222752339,-92.31133031374378,-62.76067694876527,-1554.936167097825,-2.591525888646668e-05,0.0006420672191787618,-0.0006434765087018947,2.661384152365538e-10,0.5881907141295117,0.03287676202776795,-0.5872711764651442,0.0003762155613775167,2.102846778337325e-05,-0.0003756274113603581
385478.3576657719,-0.9997140550485026,-92.62261196741576,-70.76937516784658,-1545.007162758465,-2.958517351240193e-05,0.0006458910352070002,-0.0006378971015503737,2.672327214399687e-10,0.5884971250168343,0.02983079770654747,-0.5877405802403561,0.0003787338224784449,1.919793922979448e-05,-0.0003782469397344324
386366.9770540691,-1.114306817013459,-92.90873149534239,-78.02044542421609,-1535.515129826669,-3.300505377918194e-05,0.0006495702397380405,-0.0006325199554259733,2.682662457825458e-10,0.5886156253478789,0.02703080682659813,-0.5879946342323012,0.0003810516622899507,1.749891343476698e-05,-0.0003806496517304819
387257.6449216173,-1.225251031165482,-93.15336209718683,-84.06730614313018,-1525.938794163078,-3.599455015771593e-05,0.0006533512608408458,-0.000627129522506641,2.693289372162027e-10,0.588554222389854,0.02464777596439661,-0.5880378897936208,0.0003833081111106255,1.60523739165916e-05,-0.0003829718388273968
388150.3659906482,-1.330939986610891,-93.35483455137232,-88.89316679175379,-1516.4328642982,-3.852407296136546e-05,0.0006571840380272685,-0.0006217894078344748,2.703939335414981e-10,0.5884160710975157,0.02270513063552618,-0.587977848025468,0.0003855349623267601,1.487658497815069e-05,-0.0003852478350304959
389045.1449942807,-1.434934166593468,-93.52997992134935,-92.95320805542093,-1506.831879950599,-4.078357193146838e-05,0.0006611281918097401,-0.0006164316537252173,2.71490934040789e-10,0.5881976077272839,0.02103071191225891,-0.5878215161871529,0.0003877676685516286,1.38644394656883e-05,-0.0003875197312296085
389941.9866765434,-1.528171239994073,-93.6670930273209,-96.00661289262335,-1497.987799372376,-4.260929526874352e-05,0.0006648313332730552,-0.000611404186026335,2.724657110445476e-10,0.5877341520663618,0.01973950712191384,-0.5874025752103487,0.0003896825507577052,1.308779055789622e-05,-0.0003894627069481032
390840.8957924021,-1.612980092632164,-93.77177685243083,-98.20825294719735,-1489.692536437589,-4.406271882960952e-05,0.0006683746162444135,-0.0006066200682005364,2.733527766742991e-10,0.5871673791104369,0.01877943814911022,-0.5868669898658667,0.0003914195260351704,1.251881327376837e-05,-0.0003912192795297977
391741.8771077831,-1.694780270014521,-93.86254964494185,-100.0323005617482,-1481.597399889691,-4.536329770148439e-05,0.0006718844168084852,-0.0006019360289113674,2.742141897562092e-10,0.5866839178678108,0.01796634175584462,-0.5864087567973695,0.0003931838930625124,1.204068490802948e-05,-0.0003929994855858449
392644.9353996,-1.768825699871228,-93.9289411691167,-101.2397425480035,-1474.065121365045,-4.637393271563978e-05,0.0006752110884146261,-0.0005974984759852848,2.749814903289533e-10,0.5859464871578252,0.01739662275854719,-0.5856881792636693,0.0003946564031789186,1.171726209786027e-05,-0.000394482423358825
393550.0754557774,-1.835550410889775,-93.99274569313545,-102.4211839655093,-1467.360984126267,-4.733747839614642e-05,0.0006781914267737486,-0.0005934130584358784,2.756025073070632e-10,0.5854282202641214,0.01686128725076597,-0.585185353605047,0.0003960695190675429,1.140744791779532e-05,-0.0003959052084355515
394457.3020752785,-1.904056921258681,-94.05698372684725,-103.5887097009947,-1460.511993399705,-4.831955315262305e-05,0.000681264271934867,-0.0005892848274620104,2.762580894514485e-10,0.5847225077644537,0.01631750178464283,-0.5844947820313366,0.0003974069577355063,1.10901986086892e-05,-0.0003972521838220784
395366.6200681279,-1.964735067564548,-94.09378242685382,-104.0762509688834,-1454.15129432175,-4.896812166875702e-05,0.0006841816153275672,-0.0005853690087820367,2.768283329655804e-10,0.5839499333233595,0.01605301210454947,-0.5837292398284732,0.0003985907283698921,1.095741504903963e-05,-0.0003984400880909
396278.0342554395,-2.024751626351049,-94.14495624001746,-104.9444933406578,-1448.117427803451,-4.978255894642757e-05,0.00068694401122088,-0.0005815993491677528,2.773424523637107e-10,0.5835844479088304,0.01565411812665631,-0.5833744564400563,0.0003999662870923382,1.072872919636427e-05,-0.0003998223670334887
397191.5494694403,-2.082724995281844,-94.17888108688732,-105.3652844137994,-1442.079231442053,-5.039726838446552e-05,0.0006897609061939824,-0.00057784219810503,2.778631849239969e-10,0.582853054512214,0.01542183920419509,-0.5826489938460186,0.0004011112794188861,1.061309296794189e-05,-0.0004009708477367271
398107.1705534973,-2.136926557458588,-94.21231699328395,-105.7984819071988,-1436.473366405081,-5.099584522393703e-05,0.0006923934270224804,-0.0005742720900137666,2.783059898010492e-10,0.5821925474055153,0.01519720688487129,-0.5819941641953307,0.0004021939394441521,1.049863062111103e-05,-0.0004020568910996151
399024.902362142,-2.192577206464559,-94.25359648922776,-106.4215445775813,-1430.859551838171,-5.169395276088033e-05,0.0006950358254409192,-0.0005707121766014995,2.787552943515656e-10,0.5816745875700756,0.01489740907480866,-0.5814837856962783,0.0004033819570109509,1.033111322963728e-05,-0.0004032496389848613
399944.7497610975,-2.249475823956567,-94.29106522429183,-106.9291948115699,-1425.084983022223,-5.235721452889927e-05,0.0006977839897652907,-0.0005671016296863466,2.792411178924579e-10,0.5808588275958757,0.01462955722568663,-0.5806745677670373,0.0004044194537855908,1.01857409429844e-05,-0.0004042911639915941
400866.7176273028,-2.302169892802185,-94.32051076242587,-107.2563704574543,-1419.666637880054,-5.291496317951117e-05,0.000700392970135067,-0.0005636461023719404,2.796621905525771e-10,0.5803909972245891,0.01445255895627308,-0.5802110247133955,0.0004056109662791049,1.010028830821309e-05,-0.0004054851910267009
401790.81084894,-2.35239881697062,-94.34700083280595,-107.5230577086703,-1414.490718795115,-5.343171620291963e-05,0.0007029065976072024,-0.0005602994985828319,2.800399745234788e-10,0.5797843586281816,0.0143026066365222,-0.5796079174349612,0.0004066460163716402,1.003148485453059e-05,-0.000406522265002223
402717.0343254591,-2.402864403085403,-94.36873548913925,-107.6617667559204,-1409.242054740252,-5.389679309604328e-05,0.0007054837546811995,-0.0005569365581979093,2.804364989914813e-10,0.5791130805989499,0.01419970715044894,-0.5789389678002745,0.0004076667180566837,9.995885441583377e-06,-0.000407544151332523
403645.392967605,-2.452480707773663,-94.39677228975967,-107.967862572857,-1404.201737006158,-5.443466178369593e-05,0.0007079629512756957,-0.000553668272786881,2.807958117456044e-10,0.5785541158204057,0.01403642719118333,-0.5783838203515361,0.0004087102482593818,9.915808193410378e-06,-0.0004085899457648425
404575.8916974427,-2.5039577569289,-94.42713306196302,-108.3156396066203,-1399.025797263992,-5.501032975854922e-05,0.000710524082465978,-0.0005503587230901027,2.811864630432363e-10,0.5780363386608102,0.01385128606473771,-0.5778703580274278,0.0004098288421077231,9.820587651575556e-06,-0.0004097111615291128
405508.5354483839,-2.548780969458146,-94.43406687559731,-108.1126027681794,-1394.210972793603,-5.528606890176803e-05,0.0007129644641961677,-0.0005472031995274892,2.815085794321954e-10,0.5772905102785771,0.01389733150440275,-0.5771232081928058,0.000410700010077254,9.886935758134796e-06,-0.0004105809868695469
406443.3291652128,-2.597152001341507,-94.45925002189172,-108.3479861801997,-1389.323970844618,-5.57930981395995e-05,0.0007154234368889214,-0.0005440310165014428,2.818490677773333e-10,0.5768371372237694,0.01376691025587258,-0.5766728319094984,0.0004117971607901757,9.828033235700402e-06,-0.0004116798651835766
407380.2778041128,-2.643427129211588,-94.47471346814501,-108.3498659340217,-1384.52737185677,-5.617895607950444e-05,0.0007178716996454535,-0.0005409058491118025,2.821750336788827e-10,0.5758088032397315,0.01372102825975306,-0.5756452998782036,0.0004124686367725125,9.828772657824753e-06,-0.0004123515145467707
408319.3863326921,-2.688817687645361,-94.48316840908215,-108.1796945751557,-1379.735209152519,-5.647972784575074e-05,0.0007203483927198179,-0.0005377939085058128,2.825038589278808e-10,0.5753712892508648,0.01375994186472596,-0.5752067319617197,0.0004135720870785509,9.890531525275769e-06,-0.0004134538046706742
409260.659730011,-2.735134331729538,-94.50263319573889,-108.2810865743209,-1375.033726459184,-5.691687614689846e-05,0.0007227728016283668,-0.0005347286852061938,2.828178269957154e-10,0.5746588805457672,0.01368209149559655,-0.574495978543297,0.0004144513260288834,9.867699178011546e-06,-0.0004143338390235971
410204.1029866068,-2.776426811603201,-94.50566244688869,-108.0059533064681,-1370.613956007503,-5.713851245229172e-05,0.0007250974617149137,-0.0005317840182024068,2.830772591842496e-10,0.573994930831642,0.01377044932217344,-0.5738297267882581,0.0004152956553606596,9.963167736650534e-06,-0.0004151761272641903
411149.7211045223,-2.823523934158255,-94.52110593612285,-107.9977939569706,-1365.80954404186,-5.753440840809674e-05,0.0007276171228635435,-0.0005287011740452783,2.834196702905444e-10,0.5734017627364846,0.01373637728494305,-0.5732372052199626,0.0004163068916397282,9.973022235917429e-06,-0.0004161874179431837
412097.5190973302,-2.865219834333249,-94.52543152086803,-107.7526636721333,-1361.401512586292,-5.777546152898767e-05,0.0007299643278913827,-0.0005257827825207486,2.836833865825317e-10,0.5726132517697815,0.0138090570244144,-0.5724467189585941,0.0004170678598153716,1.005794721208524e-05,-0.0004169465641888099
413047.5019901614,-2.906485898641354,-94.53728192760924,-107.6998778399797,-1357.165799739792,-5.810627368049105e-05,0.0007322185407364405,-0.0005229414161400695,2.839142721036728e-10,0.5721908157088657,0.01381554940749279,-0.5720240031468489,0.0004180438107554846,1.009366939040066e-05,-0.0004179219371476027
413999.6748197305,-2.94842834499515,-94.5492851402889,-107.6449691345335,-1352.879814461835,-5.844326534802043e-05,0.0007345137874651344,-0.0005200910120873981,2.841586721431798e-10,0.5714725047102163,0.01381364514413361,-0.5713055284588099,0.0004188244729794686,1.012383377980867e-05,-0.0004187020983421607
414954.0426343631,-2.992490547891105,-94.56041668062919,-107.550955800275,-1348.384965897736,-5.878035393210081e-05,0.0007369394808482955,-0.0005171708441518142,2.844501911989973e-10,0.5707528766764397,0.01382065526616344,-0.5705855200777926,0.0004196746139375644,1.016232839152107e-05,-0.0004195515566236247
415910.6104940221,-3.028501973587573,-94.53103343297052,-106.515074763806,-1344.094418137907,-5.859123630783403e-05,0.0007393521888595519,-0.0005143395365046774,2.847018925482297e-10,0.5700117290927836,0.01423032908260979,-0.5698340714958571,0.0004204742954731948,1.049713065533798e-05,-0.0004203432447437265
416869.3834703355,-3.073077976488896,-94.54803067274594,-106.5642493651466,-1339.668320786429,-5.900348136359297e-05,0.000741759973629306,-0.0005114667658771623,2.849855526100604e-10,0.5692762772967689,0.01417865724414691,-0.5690996798203463,0.0004212987733575208,1.049306135358563e-05,-0.0004211680805758926
417830.3666466218,-3.112423980689354,-94.54525512204519,-106.1656789558091,-1335.476146906891,-5.915288063569737e-05,0.0007440941544082863,-0.0005086935922522623,2.852226405494854e-10,0.5687127726482978,0.01432785077878707,-0.5685322598282135,0.0004221939974838229,1.063653374176758e-05,-0.0004220599905953306
418793.5651179184,-3.148959511625881,-94.52453770851311,-105.3494517558362,-1331.302161118985,-5.907013241608744e-05,0.0007464699021441774,-0.0005059373814192918,2.854588386807757e-10,0.5677560459369463,0.01464473692171814,-0.5675671408551146,0.0004228067215452034,1.090590448146685e-05,-0.0004226660443319812
419758.9839910076,-3.181657393311979,-94.50620539425707,-104.6252249373865,-1327.551300874784,-5.899900198584517e-05,0.0007486168071179411,-0.0005033515893654445,2.856069813065999e-10,0.5671852677883797,0.01494735887700521,-0.5669882754156192,0.0004235750731588811,1.11627169981816e-05,-0.0004234279588675858
420726.6283844442,-3.217136868863385,-94.49227577511832,-103.9903760413128,-1323.60431382236,-5.899351904529291e-05,0.0007508779107106066,-0.0005007008233624171,2.857998244685956e-10,0.5664673673522869,0.01520217150187664,-0.5662633417913068,0.0004242978054022368,1.138679538725002e-05,-0.0004241449853056892
421696.5034285822,-3.247413149167222,-94.46582148084049,-103.0928158148627,-1319.984884873237,-5.880975944195852e-05,0.000752991301409626,-0.0004981832135815685,2.859243704221981e-10,0.5656668117413285,0.01557794134594475,-0.5654522700007684,0.0004248645056897499,1.170037593196344e-05,-0.0004247033663606238
422668.6142656029,-3.275023479041839,-94.44752362676505,-102.4175030784325,-1316.755214466943,-5.871440001143646e-05,0.0007548757786073944,-0.0004958212986515986,2.859664504657204e-10,0.5649649003107767,0.01587527684978383,-0.5647418119531337,0.0004253778076550221,1.195293806493621e-05,-0.0004252098382175662
423642.9660495411,-3.304951677111659,-94.44289743351064,-102.0587087916142,-1313.514066425973,-5.879854819244874e-05,0.0007567479644868171,-0.0004934633010476636,2.860127565239783e-10,0.5645582936944548,0.01604593349165544,-0.5643302180439885,0.0004261122662094881,1.211100635654905e-05,-0.0004259401213072294
424619.5639463128,-3.332426114508858,-94.44012450042155,-101.7642336775345,-1310.545350344462,-5.889525592616544e-05,0.0007584678921276309,-0.0004912156395125329,2.860013464307525e-10,0.5639125790047124,0.01619152791161419,-0.5636800787535722,0.0004265796369863686,1.224831003234868e-05,-0.000426403758886778
425598.4131337431,-3.361544597195762,-94.43252398425905,-101.3417368039893,-1307.351188860201,-5.893889708182933e-05,0.0007603366549664798,-0.0004888914000691566,2.860407219386787e-10,0.5633200411860395,0.01638603920936873,-0.5630816694946393,0.000427165857977955,1.242554140803019e-05,-0.0004269851006097985
426579.5188015926,-3.394117361115979,-94.44102177727321,-101.2824014083134,-1304.075602598179,-5.919931048139395e-05,0.0007622289303567378,-0.0004865448742174055,2.860996731733079e-10,0.5627370976805481,0.01642265045720361,-0.5624974112454983,0.0004277795905187471,1.248411508104117e-05,-0.0004275973864922823
427562.8861515862,-3.422941142614984,-94.44737252759572,-101.1991388285563,-1301.135404552638,-5.941724946265633e-05,0.000763938189710989,-0.0004843314000668603,2.860866796165765e-10,0.5623375883732047,0.01648589311443703,-0.5620958802780991,0.0004284269627998607,1.256007292077711e-05,-0.0004282428131587709
428548.5203974394,-3.457178557405791,-94.45820266265133,-101.1828012363297,-1297.752317552719,-5.971604033528189e-05,0.0007659071383008774,-0.0004819610532219968,2.861727774141083e-10,0.5617455336026451,0.01649976907964661,-0.5615031630746516,0.0004290739799015144,1.260289786561568e-05,-0.0004288888517948608
429536.4267648873,-3.488293494654344,-94.48063421116031,-101.4666851228873,-1294.851713709707,-6.014849296894071e-05,0.0007675758708739109,-0.0004797778208475749,2.861541809794306e-10,0.561300838122077,0.01640461988750837,-0.5610610655916988,0.0004296702228710307,1.255757377231507e-05,-0.0004294866793778289
430526.6104917105,-3.517874679959261,-94.49913614748809,-101.6665515327572,-1292.045071534927,-6.052601628271957e-05,0.0007692042255661007,-0.0004776368169146293,2.861162128055636e-10,0.5609224003673364,0.01635029117046814,-0.5606840529322155,0.0004302909247333765,1.254252264269241e-05,-0.0004301080852921296
431519.0768277653,-3.556813631925536,-94.53111018729791,-102.1161031674978,-1288.562673927463,-6.111730392429164e-05,0.0007712150593794779,-0.0004752538880711436,2.862296270875514e-10,0.5604579039625047,0.01616210224178346,-0.560224819661866,0.0004310660334466169,1.243078785447972e-05,-0.000430886760883549
432513.8310350086,-3.595590034861092,-94.5696517974002,-102.7201850460895,-1285.207076383646,-6.179368920564379e-05,0.0007731458681398524,-0.0004729260532863374,2.86316926561434e-10,0.5601854573172727,0.01591580450000146,-0.5599593143763926,0.0004319467339598017,1.227232817688923e-05,-0.0004317723600922811
433510.8783875289,-3.631069080108561,-94.58613300581027,-102.822180666414,-1281.840277629586,-6.217753843180644e-05,0.0007751408558852406,-0.0004706022999881081,2.864087078204777e-10,0.5597516110224725,0.01588096354956188,-0.5595262827061753,0.000432724242445715,1.22770132072318e-05,-0.0004325500490659172
434510.2241715714,-3.675139957191968,-94.61450524460098,-103.1396293464111,-1277.858086740503,-6.275383163368068e-05,0.0007774944677929581,-0.0004680613245924383,2.866404691410321e-10,0.5590653673663627,0.01572333714136628,-0.5588442194902127,0.000433511589360025,1.219222164718787e-05,-0.0004333401064299966
435511.8736855686,-3.713629137642812,-94.64213321123786,-103.4791577909308,-1274.4012173004,-6.329749985674646e-05,0.000779542591876211,-0.0004657215232715443,2.867569509977277e-10,0.558615305761799,0.01558019830914427,-0.5583979918051245,0.0004343088302299966,1.21131978171776e-05,-0.0004341398742967409
436515.8322401659,-3.751957279822252,-94.64738500511406,-103.2904487682375,-1270.63333559629,-6.355639159679186e-05,0.0007818425693385986,-0.0004632766128542837,2.869458093795531e-10,0.5577715959047368,0.01564443998749979,-0.5575521542381434,0.0004349237046556626,1.219878861990077e-05,-0.0004347525945036016
437522.1051582521,-3.791588769788852,-94.67574865566684,-103.6350830799454,-1267.105214210274,-6.411888195017318e-05,0.0007839562359951388,-0.0004609277014383931,2.870829852190589e-10,0.557348576960076,0.01549585985366043,-0.5571331210463236,0.0004357744073150264,1.21157556019907e-05,-0.0004356059486932604
438530.6977749856,-3.828810175635416,-94.68780826808387,-103.6133610776284,-1263.566088687531,-6.446282933046987e-05,0.0007861249193702732,-0.0004585831504117428,2.872249547914469e-10,0.5566623533476578,0.01549888822019645,-0.5564465473866205,0.0004364373950120233,1.215152122238182e-05,-0.000436268197668433
439541.6154378245,-3.867109696295221,-94.69737947255869,-103.524710398592,-1259.901072837102,-6.47811640561806e-05,0.0007883901126578593,-0.0004562013618416328,2.873979631652103e-10,0.5562030364212147,0.01553264872046894,-0.5559861100314518,0.0004373277288589135,1.221291065182487e-05,-0.0004371571653791185
440554.8635065532,-3.902624565756924,-94.70402209645768,-103.388524869486,-1256.458909653032,-6.50496692691938e-05,0.0007905348937557378,-0.000453908611226031,2.875225035633073e-10,0.5555423689900127,0.01558939019679338,-0.5553235945431525,0.0004379885941358156,1.229064690086841e-05,-0.0004378161127594853
441570.4473533125,-3.938740308605379,-94.70612311970841,-103.142185516246,-1252.903073572014,-6.526315926952095e-05,0.0007927737077756925,-0.0004515830227525727,2.876753545434107e-10,0.5549781553351312,0.01569295918222672,-0.5547562382986693,0.0004387719878532119,1.240703049208658e-05,-0.0004385965377417241
442588.3723626264,-3.973147517655798,-94.70589329067734,-102.8551770066839,-1249.477978977643,-6.543889283556098e-05,0.0007949474002791124,-0.0004493127453331072,2.87800487467212e-10,0.5542256872439068,0.01581377214247273,-0.5540000334039761,0.0004393660505684751,1.25364716409658e-05,-0.0004391871620060576
443608.6439314326,-4.004304427587295,-94.7021195781867,-102.5112607828779,-1246.304036768474,-6.555340860716857e-05,0.0007969805185021526,-0.000447140628931805,2.878698158243134e-10,0.5537606730985067,0.01597702538389142,-0.5535301416638427,0.0004401053908365021,1.269785909793457e-05,-0.0004399221742736768
444631.2674691086,-4.037795527820318,-94.70852758321195,-102.3859960904622,-1243.07939956874,-6.58122187601521e-05,0.0007990332321265315,-0.000444957981077693,2.879527710993694e-10,0.553108863083933,0.01603659781344975,-0.5528763351352367,0.0004407111609459124,1.27777877226235e-05,-0.0004405258851908812
445656.2483975033,-4.069413755094637,-94.7007628299403,-101.9482766461557,-1239.818776279996,-6.587746352268975e-05,0.0008011524951286284,-0.0004427701563540147,2.880460489202391e-10,0.5525243992749589,0.01623487689805338,-0.552285832306297,0.000441395660065734,1.296957059978832e-05,-0.0004412050758585197
446683.592150963,-4.102453387287581,-94.70550411777378,-101.7887817925183,-1236.626208629759,-6.611355482765087e-05,0.0008032098744653903,-0.0004406142901123154,2.88125492506154e-10,0.5517399923687814,0.01630668432818977,-0.5514989675650569,0.0004418913236373329,1.306010516109843e-05,-0.0004416982856647003
447713.3041763626,-4.130216635520426,-94.70633145037731,-101.5787924738805,-1233.857141736887,-6.627347459953907e-05,0.0008050105533926868,-0.0004386165462246513,2.881079567411025e-10,0.5513305056244977,0.01642732784825669,-0.5510857186789822,0.0004425411232656841,1.318586228053285e-05,-0.0004423446380563149
448745.389933132,-4.159620657206756,-94.718525778949,-101.6170893016172,-1231.117990437637,-6.659147116525435e-05,0.0008067733363028838,-0.0004366362710415981,2.88084872547446e-10,0.5508835163693392,0.01643772115162532,-0.5506382205502897,0.0004431456222551492,1.322294814011076e-05,-0.0004429482996540198
449779.854893288,-4.192775297409714,-94.72550058210942,-101.5078417536112,-1227.971020827345,-6.685991779970583e-05,0.0008088246197985613,-0.0004345184778999073,2.881588841435895e-10,0.5502381808714707,0.01649256837347757,-0.5499909552685311,0.0004437435335219606,1.330055023682368e-05,-0.0004435441566585599
450816.70454146,-4.224900648624992,-94.7527000253324,-101.8668100600478,-1225.228929559209,-6.739171645541053e-05,0.0008105709854382141,-0.0004325510536635542,2.881395602428024e-10,0.5499467952980502,0.01636417821814834,-0.5497032757132163,0.0004444707158349728,1.322563940522565e-05,-0.0004442739016610992
451855.9443749224,-4.258146798388677,-94.77233374497941,-102.0434375193885,-1222.280657180442,-6.783076282376209e-05,0.000812479777011881,-0.0004305177587184003,2.881702827374956e-10,0.5493940856537737,0.01630102608845505,-0.5491521992123947,0.0004450693453272801,1.320561542033733e-05,-0.0004448733908331941
452897.5799036206,-4.285919472419007,-94.78386273774018,-102.0754297998551,-1219.70358273799,-6.813676466506598e-05,0.0008141690526418357,-0.0004286219730760229,2.881149753134305e-10,0.5489088070042126,0.01631789166122652,-0.5486662052819733,0.0004455951962270641,1.324659769348608e-05,-0.0004453982561148873
453941.6166502032,-4.32458895730757,-94.82349274582143,-102.6624470870033,-1216.591924980037,-6.887159723345313e-05,0.0008161565541457262,-0.0004265452020352243,2.881875414951945e-10,0.5484547509506073,0.01606707471092429,-0.5482193565996427,0.0004463262559001408,1.307520317139252e-05,-0.0004461346946471041
454988.0601500485,-4.36140387819836,-94.84620073441579,-102.8774180496972,-1213.39971612234,-6.937477092531647e-05,0.0008182488338321895,-0.000424447539795847,2.882811478602332e-10,0.5480405459785268,0.01597990918765534,-0.547807523258668,0.0004471342645316042,1.303765751336225e-05,-0.0004469441464039806
456036.9159512962,-4.403003728571589,-94.89183135310873,-103.5720164352073,-1210.142534966057,-7.021012341878509e-05,0.0008203398915907013,-0.0004223345951803911,2.883922634015312e-10,0.5475410191115339,0.01567173274811242,-0.5473166947959552,0.0004478854037842634,1.28193872328999e-05,-0.0004477019077845946
457088.189614875,-4.439569606278075,-94.91966767633966,-103.8998404094706,-1207.070396407312,-7.078542104505339e-05,0.0008223591672901443,-0.0004202935551889514,2.884612842752792e-10,0.5471595417328671,0.01553758533261976,-0.5469388883150956,0.0004486803742336062,1.274109116263934e-05,-0.0004484994345797933
458141.8867145335,-4.479355190952694,-94.9617638645034,-104.5217063895878,-1203.941757224192,-7.157057491500618e-05,0.0008243914752744787,-0.0004182400418156181,2.885457314025707e-10,0.546774783622214,0.01526780760009364,-0.5465615775520682,0.0004494879794788656,1.25512298569713e-05,-0.0004493127088399243
459198.0128368685,-4.523293563318332,-94.99422609786352,-104.8924284140517,-1200.319097944312,-7.225149095245402e-05,0.0008267979467769026,-0.0004160225270689673,2.887509458802357e-10,0.5463209013050079,0.01508863929511395,-0.54611249772088,0.0004504345151393137,1.244038789065518e-05,-0.0004502626890804063
460256.5735813561,-4.563163767724289,-95.02031589536017,-105.1486907577761,-1196.966613620077,-7.282848025071103e-05,0.000829047501709796,-0.0004139064256948156,2.88893715616625e-10,0.5457462125741825,0.0149674421610676,-0.5455409280835123,0.0004511892874422486,1.23741574524756e-05,-0.0004510195708946401
461317.5745603793,-4.60184463609448,-95.0460871455264,-105.4048763370577,-1193.72334723495,-7.339734834657456e-05,0.0008312341078629865,-0.0004118355377587698,2.890123781542685e-10,0.5451316136847257,0.01484872986461121,-0.5449293453833449,0.0004518740008597088,1.230850459442895e-05,-0.000451706335319319
462381.0213992603,-4.644674736604943,-95.07315801789117,-105.656426941694,-1190.153935908174,-7.400828732776778e-05,0.0008336573268900443,-0.0004096597247154309,2.892124566263829e-10,0.5445206188009261,0.0147183186548602,-0.5443216653738094,0.0004526884669678767,1.22361080153133e-05,-0.0004525230665793336
463446.9197362879,-4.685412191140495,-95.09053152770412,-105.7063520474729,-1186.631152872445,-7.447952202071046e-05,0.0008360871354365991,-0.0004075077545319512,2.894039043339216e-10,0.5439341367798682,0.01468116903727293,-0.5437359730881887,0.0004535172057205339,1.22407517901187e-05,-0.0004533519823273896
464515.2752227494,-4.722431181235777,-95.10511560665805,-105.721733344101,-1183.395474493707,-7.489486292216004e-05,0.0008383351184419084,-0.0004054618856353778,2.895277714543526e-10,0.5433792839737044,0.01467168423659307,-0.5431811741338587,0.0004542690201731865,1.226563437182867e-05,-0.0004541033989110448
465586.0935229589,-4.762651523575237,-95.12236099359829,-105.770783703014,-1179.93733785602,-7.536539884861946e-05,0.0008407468014379778,-0.0004033472272281623,2.897084666397734e-10,0.5428736353591394,0.01463863292192432,-0.5426762334893844,0.0004551500611138497,1.227315941513589e-05,-0.0004549845576389509
466659.3803142887,-4.805176423457004,-95.14424414077985,-105.9034897012899,-1176.365173255044,-7.591372813312324e-05,0.0008432419573674367,-0.0004012012617824186,2.899198645346822e-10,0.5422189044406113,0.0145580519101321,-0.5420234344171464,0.0004559517457820813,1.224186233502658e-05,-0.0004557873750865616
467735.1412871981,-4.843941544611969,-95.15968637007069,-105.9216301552698,-1173.02635000101,-7.635586115751476e-05,0.0008456010069283033,-0.0003991424323302481,2.900763778128806e-10,0.5416339296604694,0.01454067631316424,-0.5414387153610259,0.0004567308570375463,1.226137284010284e-05,-0.0004565662432838499
468813.3821452652,-4.879858764329009,-95.17145554639791,-105.8800129703157,-1169.882443635179,-7.673379346607272e-05,0.0008478419608302641,-0.0003971571222838327,2.901869701620778e-10,0.5410630497664897,0.01455867914736454,-0.5408671451327941,0.0004574527181992221,1.230893026649391e-05,-0.0004572870866573333
469894.1086052153,-4.919851088415444,-95.17423289238964,-105.6101471943585,-1166.270893672818,-7.701229967091546e-05,0.0008504599789611435,-0.0003950204403779389,2.904161036621377e-10,0.5401789483258448,0.01465323065258818,-0.5399801654189326,0.0004581030411314559,1.242678846548109e-05,-0.000457934461710759
470977.326396953,-4.960322840802977,-95.18345244041242,-105.4778824208643,-1162.727163989338,-7.738315202920102e-05,0.0008530271070522639,-0.0003929144042491663,2.906312520990741e-10,0.5394923379098925,0.01469248153297305,-0.53929223399738,0.0004588939436903852,1.249747275259779e-05,-0.0004587237346492031
472063.0412635905,-4.997756637397818,-95.17908578322135,-105.0728120639168,-1159.24381796051,-7.755100526925173e-05,0.0008556021454942656,-0.0003908363242826199,2.908341116036413e-10,0.5388358363353631,0.01486045473041094,-0.5386308804779352,0.000459701293763285,1.26780176907701e-05,-0.0004595264381459141
473151.2589614805,-5.033583416131204,-95.18640065630441,-104.9347446144873,-1156.078774135223,-7.787195000960119e-05,0.0008579246925063766,-0.000388872792838154,2.909596087966939e-10,0.5381090130993187,0.01491666592351292,-0.5379022244390229,0.000460318010637239,1.276025826756488e-05,-0.0004601411161002354
474241.9852602446,-5.071606326651674,-95.18687323083813,-104.6320300230168,-1152.638128775704,-7.811143795430018e-05,0.0008604843245401856,-0.0003868237344911102,2.911569423450044e-10,0.5374319692172979,0.01503853760443849,-0.5372215222080203,0.0004610960168686063,1.290248847502344e-05,-0.0004609154614061519
475335.2259428054,-5.105924556888038,-95.17668325981013,-104.1277101889511,-1149.352815531803,-7.818249829450634e-05,0.0008629717716546512,-0.0003848340538735587,2.913176296558391e-10,0.536647151848319,0.01525716261147784,-0.5364302233990547,0.0004617312971659318,1.312726520471756e-05,-0.0004615446518927276
476430.9868054156,-5.140399846856356,-95.16118111570312,-103.5097968949774,-1145.982774787272,-7.818014825982418e-05,0.0008655519180177326,-0.0003828231755632049,2.915023376275636e-10,0.5358586490902659,0.01552496051868072,-0.5356337063756706,0.0004624050381933304,1.339685376689931e-05,-0.0004622109298315257
477529.2736576909,-5.168632775634077,-95.14599735773041,-102.947380091156,-1143.137311988305,-7.814666903293808e-05,0.0008677479028611714,-0.0003809943470944961,2.915558308207753e-10,0.5351287256527639,0.0157909813431493,-0.5348956888281784,0.0004629205996374053,1.366020959408759e-05,-0.0004627190078681666
478630.0923226383,-5.192014512990494,-95.0996081365751,-101.7545578218739,-1140.225538643673,-7.764747932319585e-05,0.0008700901544931299,-0.0003791498562786377,2.916280994755959e-10,0.5342599623748454,0.01634321244602819,-0.5340099313718006,0.0004633677744376782,1.417459385243052e-05,-0.0004631509206257132
479733.4486366892,-5.212448528328073,-95.07584579593342,-101.071147171135,-1137.897583729693,-7.744759482031135e-05,0.0008719346072375141,-0.0003775055204042199,2.915526253140656e-10,0.533557909401538,0.01668854569460438,-0.5332968546012052,0.0004637074957326074,1.450377474517085e-05,-0.0004634806167648734
480839.3484497285,-5.226243929333067,-95.05895745106913,-100.5843226819592,-1136.216899483659,-7.730678278451556e-05,0.0008732700156684902,-0.0003760809853860736,2.913123436509425e-10,0.5332315952900332,0.01698130099046425,-0.5329611333223324,0.0004641062075000214,1.47799329047898e-05,-0.0004638708068238212
481947.7976251274,-5.245332026259971,-95.051455926937,-100.2602381670456,-1134.246625496054,-7.732743293617779e-05,0.0008748072163961884,-0.0003745653741391573,2.911472120507442e-10,0.532743592199277,0.01718153102401836,-0.5324664590573385,0.0004644768971842845,1.497985960932296e-05,-0.0004642352763675175
483058.8020397726,-5.268846273255468,-95.08411186082638,-100.7582780315376,-1132.521152582425,-7.794065353939684e-05,0.0008760514818627274,-0.0003731354005527117,2.909201543898216e-10,0.5324322223841831,0.01701448162779879,-0.5321602943173208,0.0004648736946074895,1.485557147673684e-05,-0.0004646362705752931
484172.3675840994,-5.299186217524735,-95.13725709938404,-101.6401668515599,-1130.552428479255,-7.888380490800484e-05,0.0008774314325622333,-0.0003716300628944216,2.90756494684038e-10,0.5321885770518526,0.01665986655447723,-0.5319277492205711,0.0004654159333551334,1.456958618874775e-05,-0.0004651878310737702
485288.500162121,-5.336214487962121,-95.19817549297383,-102.6348287108924,-1128.164923674567,-7.997789156389274e-05,0.0008791192333549063,-0.0003699923327375666,2.907016781834888e-10,0.5319416327668595,0.01623365547037136,-0.5316938678419582,0.0004661239719398323,1.422504933030636e-05,-0.000465906863212505
486407.2056914617,-5.381041947407073,-95.27065545661073,-103.8125259948077,-1125.331065892965,-8.128470885436688e-05,0.0008811288154230938,-0.0003682141211233308,2.907634568387013e-10,0.5316582972283828,0.01569983444245238,-0.5314264391336424,0.0004669789923266226,1.378985883574361e-05,-0.0004667753411092729
487528.4901033863,-5.423376023055829,-95.33781022614161,-104.8905167502789,-1122.630224907406,-8.250646090599825e-05,0.0008830564443088095,-0.0003664855555836138,2.907926337634073e-10,0.5314927976892544,0.01521962802392394,-0.5312748412247319,0.0004678899545980793,1.339832091060037e-05,-0.0004676980806145876
488652.3593428336,-5.472647643062485,-95.39679911541138,-105.7385460742804,-1119.264368422182,-8.365832319411408e-05,0.0008855406448216201,-0.0003645463967483676,2.909962908564392e-10,0.5310858912875209,0.01480899980855353,-0.5308793812621947,0.0004688763735132609,1.307432609207466e-05,-0.0004686940533399
489778.8193684461,-5.523972664711798,-95.45574925204603,-106.5649138479247,-1115.750531235407,-8.482743229308487e-05,0.0008881558594361701,-0.0003625661324687403,2.912413458881714e-10,0.5305736620364888,0.01439680540766141,-0.5303783016308871,0.0004698373522753217,1.274876123325828e-05,-0.0004696643553433687
490907.8761526032,-5.576601202436624,-95.50455629583665,-107.1625832205579,-1111.999088891379,-8.58656798817476e-05,0.0008910064961668905,-0.0003605160159535331,2.915517820039494e-10,0.5298825182004248,0.0140747531533479,-0.5296955582389716,0.0004707536451329912,1.250417049761857e-05,-0.0004705875477806066
492039.5356814509,-5.622923559012199,-95.54313693155666,-107.589432415494,-1108.609783359589,-8.672432773663406e-05,0.0008936141405860808,-0.0003585905484959699,2.917705303282999e-10,0.5294366127425307,0.01385465572729558,-0.5292553026913973,0.0004717484867612268,1.234503378996178e-05,-0.0004715869324973203
493173.8039549359,-5.670968143468642,-95.57278427277171,-107.8129473947758,-1104.965677482646,-8.746984286901238e-05,0.0008964709389787278,-0.0003565898028402123,2.92059504118758e-10,0.5287635461466629,0.01371179738868734,-0.52858573036544,0.0004726623772684224,1.225699236944421e-05,-0.0004725034275252317
494310.6869868354,-5.716808545102778,-95.59402383826209,-107.8755844583553,-1101.383190759426,-8.808456226710055e-05,0.000899321720790663,-0.0003546162032550897,2.923355876117429e-10,0.5281324798528781,0.01364814159581704,-0.5279561009274647,0.0004736001986097895,1.223890371641996e-05,-0.0004734420316776408
495450.1908047903,-5.763543868943057,-95.61283416337524,-107.8794909157107,-1097.708266996633,-8.867282972729183e-05,0.0009022743565381221,-0.0003526201018947373,2.92639668852307e-10,0.5271355211853873,0.01359784931039452,-0.5269601087269526,0.0004742568332463119,1.223380457914589e-05,-0.0004740990169852068
496592.321450336,-5.807697931233245,-95.63333499679675,-107.9371975765092,-1094.272800428188,-8.927192081439409e-05,0.0009050432750018949,-0.0003507080511646107,2.928832447121129e-10,0.5264415770807682,0.01354025606703332,-0.5262674182817378,0.0004750860231010734,1.22193737856501e-05,-0.0004749288538826423
497737.0849789361,-5.847180556049714,-95.64454901785528,-107.8371039598858,-1091.071996455119,-8.97097325886714e-05,0.0009076632572902433,-0.0003488779653867339,2.930668675357495e-10,0.5257703090528435,0.01356887208681815,-0.5255951898484367,0.0004758461821474775,1.22804499748025e-05,-0.0004756876912562976
498884.4874600122,-5.891775048110933,-95.65442751738982,-107.6701592194451,-1087.467312173381,-9.016257004869178e-05,0.0009106408722741776,-0.0003469255960722243,2.933620421261314e-10,0.5250642336370132,0.01360903616145687,-0.5248878390471435,0.0004767572939197964,1.235697813246646e-05,-0.0004765971279782966
500034.5349769786,-5.932143328050524,-95.66727353221579,-107.5964733757969,-1084.243724513454,-9.063339523180275e-05,0.0009133077221612231,-0.0003451016603895731,2.9355752295996e-10,0.524469781697398,0.01362512618571201,-0.5242927692140525,0.0004776057433498133,1.240765197015025e-05,-0.0004774445478307563
501187.2336272722,-5.974737871400099,-95.67790172525763,-107.4598705877271,-1080.82692446836,-9.108818452507612e-05,0.0009161611846095826,-0.0003432229237185214,2.938082434877126e-10,0.523626250287357,0.01365525317293102,-0.5234481674920459,0.0004783190609904756,1.247372123089545e-05,-0.0004781563869545865
502342.5895223872,-6.016006209848156,-95.69897389419258,-107.5471104430897,-1077.678382037178,-9.168887134640522e-05,0.0009187705194152701,-0.0003414359943630642,2.939889184583541e-10,0.5228829023329156,0.01359288793591468,-0.5227061918034404,0.0004790007227916426,1.24521247818186e-05,-0.0004788388424337921
503500.6087879047,-6.052940149148242,-95.69815633191942,-107.218688693596,-1074.542596813632,-9.194342507710601e-05,0.0009214543466823255,-0.0003396595016188575,2.941687230310318e-10,0.522240154782953,0.01373303738370271,-0.5220595588167509,0.0004797913872049828,1.261678750000188e-05,-0.0004796254704550849
504661.2975635284,-6.092986392676243,-95.71282499718448,-107.1832247319962,-1071.41072234715,-9.244641720597719e-05,0.0009241006032867966,-0.000337890607753097,2.943500699117321e-10,0.5214696483195995,0.01372883818300399,-0.5212888960266771,0.0004804542014025413,1.26490161156173e-05,-0.0004802876659218521
505824.6620031141,-6.140464702096791,-95.7366526673259,-107.2770688281595,-1067.864983088002,-9.313506829945479e-05,0.0009270916815765076,-0.0003359978335974301,2.946481957452467e-10,0.5207466555912063,0.01364296208333417,-0.5205679099743079,0.0004813435408274109,1.261064589864853e-05,-0.0004811783202787593
506990.7082747045,-6.181735036383098,-95.74583482148456,-107.1194612746272,-1064.580665348067,-9.356992167325235e-05,0.0009299218674755631,-0.000334194044279011,2.948774466206211e-10,0.5200830645859073,0.01369204766566593,-0.5199028004346486,0.0004821878192583406,1.269439259735436e-05,-0.0004820206898440132
508159.4425605604,-6.223301115731044,-95.75533515280054,-106.9660372277472,-1061.289281243488,-9.401321005913085e-05,0.0009327746892091672,-0.000332394561654172,2.951116495614148e-10,0.5192640575857499,0.01373430311388917,-0.5190823927069698,0.0004828957116075328,1.277237655625689e-05,-0.0004827267702189828
509330.8710571955,-6.265361782821604,-95.76554984212422,-106.8232470176041,-1057.982100313127,-9.447220333015999e-05,0.0009356568246233897,-0.0003305966524630135,2.953532890927415e-10,0.5185642200735157,0.01377339453766026,-0.5183812727552602,0.0004837257726811099,1.284806328178013e-05,-0.0004835551162234189
510504.9999754062,-6.305101905690337,-95.75846446859667,-106.3500033172456,-1054.599862321205,-9.466029106193568e-05,0.0009386810231064136,-0.0003287818553795517,2.956190529472626e-10,0.5178215927066731,0.01396781962201686,-0.5176331730948881,0.0004845702386436083,1.307089117738979e-05,-0.0004843939181936044
511681.8355403079,-6.351917606278317,-95.77139833537305,-106.226833805401,-1051.001834023401,-9.519480364886262e-05,0.0009418515985116863,-0.0003269065373540999,2.959488507031977e-10,0.516999479004181,0.01397921191964345,-0.5168104516403478,0.0004854280016711514,1.312554689641222e-05,-0.0004852505175938687
512861.3839913649,-6.387828393560058,-95.74779070707666,-105.4546357295992,-1047.676169181412,-9.511162370570476e-05,0.000944919878383761,-0.0003251226282375161,2.962054644757277e-10,0.5160381744074312,0.01431604877701281,-0.5158395566386592,0.0004860654284803031,1.348453802072719e-05,-0.0004858783469121754
514043.6515824262,-6.428925814030498,-95.73909966395892,-104.9446522028926,-1044.199075869398,-9.528598023384346e-05,0.0009480953094315616,-0.000323298311310738,2.965082810728558e-10,0.5151742446629496,0.01452056268608316,-0.5149695676671779,0.0004868566255561602,1.372240989094532e-05,-0.000486663199055277
515228.6445817564,-6.462981085199175,-95.7139410720897,-104.1616861208361,-1041.002491191283,-9.51651668031857e-05,0.0009510903615924987,-0.0003215673157663108,2.967347187062413e-10,0.5140809062193301,0.01486576650837815,-0.5138659232965405,0.0004873182236487432,1.409186538616365e-05,-0.000487114432582432
516416.369272071,-6.490809779858504,-95.67322297782795,-103.1198132567586,-1038.035796657863,-9.476599979742022e-05,0.0009539437377651243,-0.00031991342253017,2.968983617579409e-10,0.5131862577817186,0.0153548898443821,-0.5129564918527413,0.0004878765116610073,1.45976046330581e-05,-0.0004876580775189619
517606.8319505677,-6.517330963145004,-95.65216337047255,-102.4798120354335,-1035.462190802187,-9.465347812759108e-05,0.0009563844417977105,-0.0003183863038088144,2.969517480034326e-10,0.5125360808704543,0.01567432643419874,-0.5122963494744806,0.0004884686287128518,1.493829805368542e-05,-0.0004882401545222116
518800.0389289612,-6.54116862499598,-95.61831317612855,-101.6097630079337,-1032.897023680604,-9.432759657462715e-05,0.0009588713807478295,-0.0003168671061842084,2.970045520839606e-10,0.5115951685884067,0.01609829913113764,-0.511341824309419,0.0004887925272437066,1.538077135940381e-05,-0.0004885504749375232
519995.9965335159,-6.567933405077081,-95.60702003615334,-101.1648264625761,-1030.458675199206,-9.436318442563796e-05,0.000961177569427179,-0.0003153920278294083,2.97022638599284e-10,0.5109067229996893,0.01632805949120417,-0.5106457422514488,0.0004892804656865038,1.563690629222386e-05,-0.0004890305320366104
521194.7111050806,-6.599811443342288,-95.61935714910452,-101.1475275466815,-1028.005996133634,-9.479377118688464e-05,0.0009634300268117055,-0.0003139176824451487,2.97046530255727e-10,0.5102973607717647,0.01634968984150021,-0.5100353752953959,0.0004898335465379499,1.569403876152805e-05,-0.0004895820671361417
522396.1889991198,-6.631594282532879,-95.62836359181586,-101.0653091233821,-1025.516112322786,-9.517426094050227e-05,0.0009657392721546354,-0.0003124371156100256,2.970828923594329e-10,0.5098451304855022,0.0164062274727434,-0.5095810953909999,0.0004905610255921259,1.578568724871949e-05,-0.0004903069772174204
523600.4365857503,-6.673663725844644,-95.65257716104725,-101.2061037640936,-1022.517220110492,-9.585870808923325e-05,0.0009684907932752655,-0.0003108069791506305,2.972689170438956e-10,0.5090340063107971,0.01631634107977245,-0.508772440875672,0.0004911773614836224,1.574397242870311e-05,-0.0004909249716261919
524807.4602497725,-6.711371741758577,-95.669403527569,-101.2327830583293,-1019.731398541114,-9.64029746020622e-05,0.0009710800903087095,-0.000309247304957495,2.973954637124528e-10,0.5085140367157491,0.01630181983389111,-0.5082526696506863,0.0004919825044206171,1.577185597528471e-05,-0.0004917296342656982
526017.2663907063,-6.756368843384823,-95.70094327348264,-101.4921944268817,-1016.651301225811,-9.72258712939972e-05,0.0009739153746948149,-0.0003076041231519431,2.976104049536129e-10,0.5079817833194902,0.01615685548471475,-0.5077247760404209,0.0004929101011473749,1.567748595068313e-05,-0.0004926607192047906
527229.8614228227,-6.801693598908487,-95.72300200480468,-101.5634868528222,-1013.418056177762,-9.790843774278874e-05,0.0009769473433349463,-0.0003059206332205845,2.978732430434123e-10,0.5070586106229814,0.01608402331377672,-0.5068034518439571,0.0004935455242766638,1.565538490535246e-05,-0.0004932971654662048
528445.2517751806,-6.845828412410158,-95.7353939926134,-101.4553274208869,-1010.136914236458,-9.843630857897932e-05,0.0009800781439923394,-0.000304228834605411,2.981534846327293e-10,0.5062100020399182,0.01609940808262397,-0.5059539259899494,0.0004942896184279069,1.572029443513017e-05,-0.0004940395725328879
529663.4438916577,-6.889577778358152,-95.73764644012957,-101.1544277736304,-1006.742985030733,-9.880642584283082e-05,0.0009833744135831139,-0.0003025093091444418,2.984705731167706e-10,0.5053639029534132,0.01620445571101557,-0.50510403881123,0.0004951052836129216,1.587551384993752e-05,-0.0004948506945750727
530884.4442309885,-6.934944703699511,-95.74534083635581,-100.9472966989823,-1003.326951349086,-9.92740008513426e-05,0.0009866958688296238,-0.0003007894572534316,2.987979773091366e-10,0.5044171347907097,0.01625825876771827,-0.5041550504480848,0.0004958336831319681,1.598159889920305e-05,-0.0004955760585670356
532108.2592667942,-6.982197095531423,-95.74203869885723,-100.5167752795538,-999.6263506461994,-9.958501179942192e-05,0.0009903600831528457,-0.0002989908015513171,2.992143622830811e-10,0.5034296162242008,0.01640733243259784,-0.5031621785608417,0.0004966778126049849,1.618728362551543e-05,-0.0004964139617122988
533334.8954876211,-7.027036187756348,-95.75097624546747,-100.3382129693015,-996.2893794865565,-0.0001000719929815191,0.0009936459982802777,-0.0002973073407286979,2.995260718154759e-10,0.5027272275857956,0.01645809078086386,-0.502457756039201,0.0004976181446481285,1.629083158704838e-05,-0.0004973514116691015
534564.3593969716,-7.071647848604977,-95.73279356339673,-99.64600482958501,-992.5755006855715,-0.0001001331072523868,0.0009974275359681147,-0.0002955178259624852,2.99955327717945e-10,0.5017342454559015,0.01673678371678025,-0.501455016062279,0.0004984891349108778,1.662853375413368e-05,-0.0004982117115136726
535796.6575133418,-7.118601286880921,-95.72786412082354,-99.19184067007563,-988.9075878950616,-0.0001004192410886549,0.001001144336191283,-0.000293748623974316,3.003754416678437e-10,0.5005468417029072,0.01689225323879699,-0.5002617240198091,0.0004991378843652009,1.684470431396465e-05,-0.0004988535692416602
537031.7963702526,-7.162094138934817,-95.7004440942145,-98.33937148231254,-985.1561828421487,-0.0001003254812678583,0.001005052876359105,-0.0002919612530889542,3.008257750692255e-10,0.4994570216108395,0.01724640181464728,-0.4991591710675246,0.0004999511070802489,1.726346273514196e-05,-0.0004996529618897089
538269.7825162885,-7.206591597042954,-95.67248333195369,-97.47458207421866,-981.3379428504344,-0.0001002283095530953,0.001009061449858999,-0.0002901607883655484,3.013016713357155e-10,0.4983043837396725,0.01760165257736359,-0.4979934142945271,0.0005007417727650985,1.768774869897395e-05,-0.0005004292822546414
539510.6225151276,-7.246991687772056,-95.63005821091711,-96.37198654193796,-977.5964267610932,-9.986917190677873e-05,0.001013071838642343,-0.0002883896946137318,3.017592044817334e-10,0.4971570158502195,0.01808101726037417,-0.4968281143654468,0.0005015168350883858,1.823957876988558e-05,-0.0005011850493015213
540754.3229455811,-7.287997222510477,-95.57698157079318,-95.07365143034413,-973.6637298110408,-9.933927410407484e-05,0.001017348620629756,-0.0002865689444045619,3.022812012030094e-10,0.4959197708897649,0.01864706534535062,-0.4955690729992774,0.0005023141269070035,1.888749934595711e-05,-0.0005019589071416122
542000.8904016238,-7.323686347089495,-95.50266748643271,-93.42538784971777,-969.7865021497056,-9.842392950558295e-05,0.001021673021861978,-0.0002847713321034467,3.027917210564032e-10,0.4944916623510942,0.01938611135667562,-0.4941115084889393,0.0005029123407571182,1.971623665848916e-05,-0.0005025257132703064
543250.3314924333,-7.356115565213853,-95.40790835369998,-91.43264042015984,-965.8333997590385,-9.71453624619551e-05,0.001026178783269247,-0.0002829582438589688,3.033317787643679e-10,0.4928268146824355,0.02028691345532123,-0.4924090884747071,0.0005033289797208424,2.071922863558378e-05,-0.0005029023517459135
544502.6528424212,-7.384356982485593,-95.29314292838512,-89.11408132750353,-961.8721995042094,-9.549921134512664e-05,0.00103079148770963,-0.0002811496222738733,3.038804486420866e-10,0.4913006812566577,0.02135881773973898,-0.4908361847989781,0.0005039100109012479,2.190699604270859e-05,-0.0005034335930496498
545757.861091271,-7.406312781825789,-95.14888150206112,-86.31425591348179,-957.9017798793482,-9.331008928427316e-05,0.001035540417514568,-0.0002793451347809845,3.044382041504091e-10,0.4895958656406535,0.02266749096163532,-0.4890708501903636,0.000504337526794853,2.335000585692564e-05,-0.0005037967032048052
547015.9628939716,-7.409237722351801,-94.95780159252544,-82.80178126239561,-954.5251034259497,-9.020054323550454e-05,0.001039816795584427,-0.0002777202107811043,3.04812502910827e-10,0.4875757594460122,0.02434912732146011,-0.4869673923355022,0.0005041605689407,2.517735889402053e-05,-0.0005035315083226987
548276.9649208538,-7.399738222908812,-94.72092372981774,-78.56156786617525,-951.3085841054152,-8.62214900293058e-05,0.001044063221077252,-0.0002761477743059749,3.051397007851114e-10,0.4856024335675447,0.02640616039936809,-0.4848839430004715,0.0005039727128821247,2.740510214395167e-05,-0.00050322704190678
549540.8738576245,-7.361581468719384,-94.45053533350701,-73.90574445993038,-949.5413564416517,-8.147557075709076e-05,0.001046798520722439,-0.0002750008374937104,3.050044999426431e-10,0.483960260070935,0.02874752352473149,-0.4831056957013879,0.0005033721067257668,2.99005986104554e-05,-0.0005024832654251017
550807.6964054035,-7.30306662467691,-94.16700490279582,-69.13917641197023,-948.9780424737105,-7.636822709219643e-05,0.001048201242972763,-0.000274205584509839,3.044836435181352e-10,0.4823919414770831,0.03118717311779501,-0.4813827431835818,0.0005022042806316454,3.246806278023387e-05,-0.0005011536335137632
552077.4392807573,-7.239086133164632,-93.93471796937226,-65.31353955601547,-949.5738975096721,-7.209346530533707e-05,0.00104814519776952,-0.0002737467044778925,3.035927273453775e-10,0.4814714196546006,0.03322553430960353,-0.4803236323709857,0.0005010535647398607,3.457686526472583e-05,-0.0004998590952728446
553350.1092157367,-7.18156625877454,-93.74253277382013,-62.1644908685707,-950.3446327783666,-6.853711689053688e-05,0.001047766663459571,-0.0002733387839425905,3.026488341829693e-10,0.4807391598377621,0.03493381088702258,-0.4794682144401515,0.0004999765485986792,3.633173174947283e-05,-0.0004986547447049229
554625.7129579107,-7.134459130497746,-93.61518276251164,-60.10874184350349,-951.3780716857643,-6.614563601823757e-05,0.001046927713265066,-0.0002730066769722874,3.016247635723978e-10,0.4804979230221271,0.03613190766459452,-0.4791374951692836,0.000499232354144103,3.754067699119318e-05,-0.0004978188837271101
555904.2572704037,-7.097701162438988,-93.51910046235751,-58.55582472855292,-952.1699625816965,-6.434307071161814e-05,0.001046275746535573,-0.0002726054967677438,3.00680770637546e-10,0.4802691880421268,0.03706854942328002,-0.4788365228617149,0.0004986099361289198,3.848414081211503e-05,-0.000497122559649468
557185.7489319298,-7.073526439114081,-93.44553745228792,-57.34430927588944,-952.4277115774852,-6.298755896302955e-05,0.001046156059747563,-0.000272052145134418,2.999080400238893e-10,0.4798190796053825,0.0377989466723904,-0.4783279092670782,0.000498024777443869,3.923314600080511e-05,-0.0004964770278702679
558470.1947368309,-7.033485577224036,-93.31370595441993,-55.17428953775556,-952.9295889208274,-6.055662247818971e-05,0.001045889269223611,-0.0002715694694624593,2.990606820402544e-10,0.4793528552651343,0.03901274448417273,-0.4777626666229263,0.0004973243662170097,4.04753788610395e-05,-0.0004956745595037188
559757.6014951101,-6.994253768811157,-93.20705537987469,-53.44120274388005,-953.758692444085,-5.856495678308301e-05,0.001045201712097959,-0.0002711806146337164,2.981134856882317e-10,0.4791983687990041,0.04004049922206848,-0.4775226016448581,0.0004967624706981639,4.150810732389119e-05,-0.0004950252814963419
561047.9760324706,-6.935592570319188,-93.07112753219531,-51.26666595944176,-955.5285178846437,-5.598857316066866e-05,0.001043537303030662,-0.0002710589706820583,2.96876949239991e-10,0.4790061636153546,0.04130835332249323,-0.4772216725247125,0.0004956858213320767,4.274676736931932e-05,-0.0004938391917913449
562341.325190349,-6.874192977118056,-92.97837421798232,-49.85209497850611,-958.1540857316089,-5.415500921321558e-05,0.001040855822866571,-0.0002711786457028792,2.953825094740681e-10,0.4793264578599392,0.04226101242498354,-0.4774597993898245,0.000494678166862369,4.361453413082267e-05,-0.0004927517236731548
563637.6558259543,-6.819172257503033,-92.96588783918537,-49.81820326077692,-961.5410281993869,-5.373882671880744e-05,0.001037212972674859,-0.0002715113265442494,2.936650830116848e-10,0.4801374067662077,0.04258935106825442,-0.4782447872708743,0.0004937529957143556,4.379708679044962e-05,-0.0004918067058973172
564936.9748123025,-6.781349936626288,-93.04593411354391,-51.35423000960049,-965.0925248607043,-5.498071164968264e-05,0.00103324446330343,-0.000271887401109923,2.919114833762963e-10,0.4813719158982694,0.04218231177747741,-0.4795201497212377,0.0004931423262213457,4.321374527328146e-05,-0.0004912452810261449
566239.2890382531,-6.763947869743215,-93.19698967900096,-54.08229418793352,-968.2454471230832,-5.750840696605837e-05,0.001029583786196165,-0.0002721482808047439,2.902917330358605e-10,0.4826877425796397,0.04118394919208103,-0.4809275820386814,0.0004927868174909443,4.204562383459709e-05,-0.000490989829842954
567544.6054085471,-6.784753751350731,-93.43576515000539,-58.23447930865741,-969.9701489265427,-6.167382210627653e-05,0.001027256826599646,-0.0002720060104211789,2.891091006318822e-10,0.4840653384943852,0.03944617001561554,-0.4824554400178143,0.0004931728482161187,4.018833506717612e-05,-0.0004915326600970959
568852.9308438414,-6.821366332748502,-93.67688253234091,-62.37281681293405,-970.6026689741378,-6.593600447538384e-05,0.001026050532834477,-0.000271557381828497,2.88256195540041e-10,0.4854277789465574,0.03767663126037226,-0.4839634284012148,0.0004940866870560655,3.83486951638171e-05,-0.0004925962158860653
570164.2722807475,-6.884344273720399,-93.93836256038247,-66.7579874217178,-969.6732819913666,-7.066409338807628e-05,0.001026410261916748,-0.0002706733892597824,2.878688694890694e-10,0.4862028918128671,0.03568067542088647,-0.4848918863094163,0.000495176665448063,3.633922827972296e-05,-0.0004938414629132482
571478.636671867,-6.961183470826445,-94.184388100722,-70.78802052341656,-967.558795700422,-7.521191248696782e-05,0.001028026309114595,-0.000269461980179292,2.878344462219406e-10,0.4865844680380861,0.03378158385331272,-0.4854103924807016,0.0004964738766593559,3.446816533822141e-05,-0.0004952759390313508
572796.0309858292,-7.031308518662859,-94.37755772758338,-73.88485019652502,-965.1614037026274,-7.885293974290387e-05,0.001030059799890062,-0.0002681761045313279,2.878857612112329e-10,0.487032283205688,0.03233193537660544,-0.4859579105636089,0.0004980162399581208,3.306111204957991e-05,-0.0004969176371714629
574116.4622073274,-7.094957101095534,-94.52944705542872,-76.25837386673872,-962.6290330926156,-8.178104848493271e-05,0.00103234317277631,-0.0002668572999830384,2.879792363223302e-10,0.4869571920832215,0.03119661725661126,-0.4859568684495775,0.0004991229633392478,3.197601001572031e-05,-0.000498097648374319
575439.937337157,-7.152588804640136,-94.65906851804532,-78.25263208365745,-960.2045959232815,-8.431338688084659e-05,0.001034573527115316,-0.0002655729953814562,2.880423538680433e-10,0.4867640171902219,0.03024335350216666,-0.4858235770319362,0.0005000702920813072,3.107009163628564e-05,-0.0004991041438697908
576766.4633922506,-7.203329508742647,-94.76061489050926,-79.7704591758953,-957.8569399350083,-8.634537978168158e-05,0.001036806383085226,-0.0002643143740863723,2.88084227498298e-10,0.4866965694008246,0.02953668793981932,-0.485799479962749,0.0005011296451872044,3.041260382317739e-05,-0.0005002059523977578
578096.0474057181,-7.248999975730271,-94.86574972747844,-81.375901849339,-955.9229297486046,-8.84126001291335e-05,0.001038583042663012,-0.0002631740178247622,2.880031597136306e-10,0.4865118547830194,0.02879314108832999,-0.4856590778217589,0.0005018516062715308,2.970099076254936e-05,-0.0005009719411953513
579428.6964268809,-7.288670007669589,-94.96238466200292,-82.85774567742813,-954.2836721024477,-9.0305932169273e-05,0.001040065426093346,-0.0002621184702510775,2.878343615377814e-10,0.4863625975870785,0.02812451291051221,-0.4855487494631171,0.0005024626566442576,2.905551854511505e-05,-0.0005016218677092135
580764.417521312,-7.329324117977961,-95.0753261263246,-84.62379315671504,-952.8250526703754,-9.248130367531171e-05,0.001041297013031157,-0.0002611158887479894,2.876119748274765e-10,0.4866780303349577,0.02734454046622086,-0.4859092315622385,0.0005034469726793056,2.828672193719287e-05,-0.0005026516842327354
582103.2177708712,-7.378544368130152,-95.21649181877714,-86.84283099177992,-951.2085946659839,-9.518697157251681e-05,0.001042603798447968,-0.0002600733772479793,2.874381214891826e-10,0.4866784292064225,0.02630724138648276,-0.4859668944542047,0.0005041668234399103,2.725257074762277e-05,-0.0005034297202640459
583445.1042737447,-7.436400656487915,-95.37295467211935,-89.2780943139079,-949.2458395137726,-9.821159352059552e-05,0.001044230919778045,-0.0002589398153509049,2.873700008821411e-10,0.4868503015322714,0.02514926989244822,-0.4862002985662806,0.0005052354350962104,2.60989923934983e-05,-0.0005045608857936781
584790.0841444806,-7.505925533722406,-95.55070268181261,-92.0150416510178,-946.8296330748041,-0.0001016793460548188,0.001046274784958544,-0.0002576866818632818,2.874407186387274e-10,0.4871561786231337,0.02381652606293861,-0.4865736485435559,0.0005066680907010257,2.47704418356058e-05,-0.0005060622287287322
586138.1645140288,-7.58556328034682,-95.73090861823555,-94.71800563385726,-943.8000209672848,-0.0001052738129455853,0.001048981407499503,-0.0002562713839862626,2.877001901881597e-10,0.4871711768451101,0.02244796856987757,-0.4866537210951287,0.0005081275220750047,2.341359913551702e-05,-0.0005075878072467912
587489.3525297765,-7.666282022123188,-95.89036139473306,-97.02375949922208,-940.4267402836631,-0.0001085500288419357,0.001052147951268964,-0.0002547681310094159,2.88068096038262e-10,0.4868558689587676,0.02124139135244665,-0.4863922701205365,0.000509450876876432,2.22272055048306e-05,-0.0005089657623903709
588843.655355589,-7.746996736949373,-96.03802651478985,-99.10241727386941,-936.914531362102,-0.0001116483252729251,0.001055523580836283,-0.000253232887141933,2.884829542250542e-10,0.4865551161572942,0.02013720160449867,-0.4861382253746129,0.0005108820755939816,2.114402872507234e-05,-0.000510444340954514
590201.0801718441,-7.827150107014563,-96.1600921213156,-100.709212583461,-933.0968577967973,-0.0001143367734752484,0.001059359728107925,-0.0002516209852727414,2.889970467217743e-10,0.486017716656559,0.0192423347851855,-0.4856366475628359,0.0005122638004479414,2.028146548722674e-05,-0.0005118621527394449
591561.6341754741,-7.904271660006454,-96.26447981269737,-102.0070550468403,-929.2496794096793,-0.0001167248431313889,0.001063323737845209,-0.0002500072203816039,2.895260942643612e-10,0.4853734786495004,0.01849530261518936,-0.4850209661009404,0.0005135754453113211,1.956994705024412e-05,-0.0005132024504999682
592925.3245799997,-7.97823365967346,-96.35930512668241,-103.1455125044324,-925.4965645113224,-0.0001189432056037507,0.001067244957976284,-0.0002484247964292681,2.900316014883762e-10,0.4846686336356925,0.01782911691121566,-0.4843405898956387,0.0005147894001908753,1.893714543028722e-05,-0.0005144409694725269
594292.1586155727,-8.042280871643699,-96.42032925578404,-103.7401052899114,-921.9108556975173,-0.0001205324954493,0.001071140382097025,-0.0002468931612965322,2.904900108039804e-10,0.4839871318298031,0.01745128659181937,-0.4836724060488973,0.0005159775987032903,1.860477760201352e-05,-0.000515642070252218
595662.1435290104,-8.105164094270195,-96.47684699746119,-104.257324694193,-918.3540571395484,-0.0001220463397987545,0.001075049178961532,-0.0002453749819257023,2.909443867422699e-10,0.4832652969091242,0.01711135867909044,-0.4829622641582046,0.0005171198068569139,1.83100722352397e-05,-0.0005167955455482102
597035.2865838369,-8.161526058794301,-96.5274329597494,-104.7113789323923,-915.144101144637,-0.0001234144429983555,0.001078602924128408,-0.0002439549397020539,2.912934015339638e-10,0.4825490361095983,0.01682284026624143,-0.4822557042645312,0.0005180862313362196,1.806175385651104e-05,-0.0005177712971455579
598411.5950603196,-8.218550024375414,-96.57036578086313,-105.0204878229972,-911.7957421983974,-0.0001246680802316415,0.001082377611260413,-0.0002425033215581171,2.916906926772536e-10,0.4817645296013141,0.01659742633243977,-0.481478543053701,0.0005190724260259573,1.788273279333414e-05,-0.0005187642926496726
599791.0762555094,-8.27445804225853,-96.61561158217394,-105.3757401794902,-908.5675949745198,-0.0001259572685437057,0.001086025041014029,-0.0002410889884792308,2.920538182314626e-10,0.481013647024909,0.01635475032351964,-0.4807355310002154,0.0005200308250929449,1.76813576029135e-05,-0.0005197301498279343
601173.7374832779,-8.322893330818493,-96.65204830181607,-105.6261755127542,-905.6936287838967,-0.0001270403759165356,0.001089310092951573,-0.0002397736443897847,2.923067329771088e-10,0.4802728960646925,0.01618724491516981,-0.4800000289546066,0.0005208124424782236,1.755360052657897e-05,-0.000520516542819425
602559.5860743577,-8.373951098769256,-96.69802947930579,-106.0239985224815,-902.8072410498568,-0.000128311438395424,0.001092587501954554,-0.0002384597945048868,2.925668379687853e-10,0.47957799452491,0.01594222237217784,-0.4793129440964125,0.0005216457627609884,1.734064707801777e-05,-0.0005213574625584725
603948.6293763798,-8.43145134942297,-96.75532781726218,-106.5712403229689,-899.6991035722214,-0.0001298357396753037,0.00109610339753483,-0.0002370922834558325,2.92902341752871e-10,0.4788109742874052,0.01560130799655911,-0.4785567346583377,0.0005225220554085425,1.702556532576582e-05,-0.0005222446060168608
605340.8747539136,-8.474225572170246,-96.77252888907157,-106.516262883354,-896.929736249341,-0.0001305620497525342,0.001099409439260515,-0.0002358188701336654,2.931309726518359e-10,0.4780974041860138,0.01559787470488156,-0.4778428969798499,0.0005233085009299841,1.707288171414019e-05,-0.0005230299263479693
606736.3295885053,-8.521138108507637,-96.80876045558345,-106.7646932948955,-894.19271469122,-0.0001316490961986641,0.001102608541115505,-0.0002345585449224511,2.93351966885601e-10,0.4773630191050843,0.01543559122185616,-0.477113397980766,0.0005240372260605841,1.694480737462817e-05,-0.0005237631982110889
608135.0012787179,-8.574017083445726,-96.8637089971449,-107.2952868701291,-891.3739895426938,-0.0001331108161489336,0.001105840924639826,-0.000233281386996246,2.936027874949108e-10,0.4767968346816345,0.01512380381248258,-0.4765569138315668,0.0005249829963662458,1.665224947903411e-05,-0.0005247188285748565
609536.897240169,-8.624945854769262,-96.9168067748035,-107.8042315666375,-888.6604509408899,-0.0001345300945872813,0.0011089692193312,-0.0002320363281335329,2.938219785906575e-10,0.4761290286448878,0.01482527859192458,-0.4758981645614912,0.0005257619699036536,1.637070459460301e-05,-0.0005255070399414708
610942.0249055721,-8.67297717968529,-96.94422741787322,-107.8824432562475,-885.7591565179653,-0.0001354953179814386,0.001112472196076467,-0.0002307468506042467,2.941064039843581e-10,0.4754553615390265,0.01474068140770463,-0.4752268017776806,0.0005266793104934123,1.632879245463232e-05,-0.0005264261264781505
612350.3917247733,-8.724748300408859,-97.00065088039335,-108.4371306914449,-883.06662499197,-0.0001369907625428478,0.001115595456670757,-0.0002295163363104666,2.943246664266075e-10,0.4747721742051285,0.01441611561141033,-0.4745532562422718,0.0005274345819416791,1.601517174728515e-05,-0.0005271913812856758
613762.0051647943,-8.777911340495113,-97.053339311196,-108.9127437247471,-880.2477257347247,-0.0001384428809745807,0.001118914343302399,-0.0002282574931605043,2.945881139746027e-10,0.4741662976653317,0.01412597168675311,-0.4739558363028701,0.000528360343114286,1.574047603970242e-05,-0.0005281258274217324
615176.872709868,-8.830253775587666,-97.09804165611355,-109.2522815809215,-877.3742111669196,-0.0001397585612702341,0.001122361525763396,-0.0002269890967023145,2.948731754612166e-10,0.4734543428432278,0.01389974176517546,-0.4732502635350288,0.0005292152799379755,1.553677950264074e-05,-0.0005289871652531052
616595.0018614822,-8.883434801423533,-97.13475792739116,-109.4442531254476,-874.3461480175399,-0.0001409529937213346,0.001126068327868497,-0.0002256854353509841,2.952138513291005e-10,0.4727054985034355,0.01373927865726642,-0.4725057888929611,0.0005301372111485683,1.540854272610778e-05,-0.0005299132376676766
618016.4001384157,-8.932806617519187,-97.17167679332923,-109.666063131261,-871.5609509016986,-0.000142119813808564,0.001129484149683637,-0.0002244491141510334,2.95476106453351e-10,0.4719709531629765,0.01357835682873706,-0.4717755916274178,0.000530933299406462,1.527467261128297e-05,-0.0005307135317619572
619441.0750767814,-8.988282833817459,-97.2126342404181,-109.9095675640859,-868.4836310107264,-0.0001434206799422327,0.001133281802838776,-0.0002231422300379768,2.958410902259831e-10,0.4710638155952299,0.01338012417043763,-0.4708737523374184,0.0005317136684521735,1.510282613836372e-05,-0.0005314991343939351
620869.0342300634,-9.038376478388523,-97.24871541992411,-110.1070123711861,-865.6668652929085,-0.0001445917602979158,0.001136787686712637,-0.0002219069611888223,2.961210884758433e-10,0.470407274192165,0.01322995889999834,-0.4702211945461488,0.0005326287209453497,1.497990459260425e-05,-0.0005324180282769129
622300.2851691595,-9.088541265386283,-97.2781445704702,-110.1875926015489,-862.7597732653417,-0.0001456552733228224,0.001140468791629931,-0.0002206530928692993,2.964355219151215e-10,0.469588952006376,0.01313051368507872,-0.4694053402516981,0.0005334296126218216,1.491560821145973e-05,-0.0005332210388324422
623734.8354824191,-9.136061088674158,-97.3037761300876,-110.2214503302318,-859.9633284777332,-0.0001466323639595585,0.001144046421049803,-0.000219432051601114,2.967154766579376e-10,0.4688776646209166,0.01306573630004505,-0.4686955844845377,0.0005342936461908332,1.488861682836401e-05,-0.0005340861629445509
625172.6927756859,-9.183875708355817,-97.33390968532883,-110.3288150771446,-857.225457567726,-0.0001476943018559643,0.001147545320776788,-0.0002182303713720707,2.969785425396547e-10,0.468154668461312,0.01296435999609278,-0.4679751264458536,0.0005351079044942327,1.481846060281542e-05,-0.0005349026852405693
626613.8646723352,-9.231986755451759,-97.35777743435787,-110.3255387193359,-854.3886905354451,-0.0001486563056412021,0.00115123177997556,-0.0002170079391582464,2.972792801140989e-10,0.4672461155556181,0.01290956709624815,-0.4670677419595593,0.0005357841393933135,1.480320770217344e-05,-0.0005355796010558653
628058.358813318,-9.282065532616839,-97.39027198074716,-110.4531568018084,-851.5741980694274,-0.0001497916668374554,0.001154867115237584,-0.0002157956201527943,2.975758188995625e-10,0.4665268257243683,0.01279025127185764,-0.4663514646624987,0.0005366580976243204,1.471296297921253e-05,-0.0005364563751752111
629506.1828571975,-9.328267204451405,-97.40288625092492,-110.2708298303131,-848.703623827789,-0.0001505491175671926,0.00115870699295516,-0.0002145735508730321,2.978955907264935e-10,0.465591279650005,0.01282720857584495,-0.4654145489843231,0.0005373479675992631,1.480413134752759e-05,-0.000537143999294513
630957.3444801933,-9.375191356263455,-97.42936141574978,-110.3175320612554,-846.0033614500053,-0.0001515576291452174,0.001162265519491972,-0.0002133989215357402,2.981590822766337e-10,0.4648100295948401,0.0127561437598297,-0.4646349582288603,0.0005380959001947214,1.476738500122726e-05,-0.0005378932256002051
632411.8513762193,-9.42105193766295,-97.44147433124941,-110.1285056096487,-843.1634824349696,-0.0001523104307094836,0.001166115824937942,-0.0002121934239089245,2.984752624455115e-10,0.4639482312724133,0.01279965812411838,-0.4637716356707322,0.0005388619220711762,1.486641809087223e-05,-0.0005386568115891507
633869.711256927,-9.466831255409838,-97.47288241303822,-110.2648898268424,-840.6192069354485,-0.0001534015632846735,0.001169477434508157,-0.0002110665640995375,2.986900962749635e-10,0.4632544519802944,0.01269199575611329,-0.4630805551124876,0.0005396152875733752,1.478408876706587e-05,-0.0005394127263072535
635330.9318517436,-9.513326929196058,-97.4846676291033,-110.0646433208112,-837.7562661286319,-0.0001541630032002937,0.001173410625243305,-0.0002098639373215577,2.990215213541309e-10,0.4623810201219451,0.01273837052210549,-0.462205518882512,0.000540393081447269,1.488756458308384e-05,-0.0005401879699668062
636795.5209079159,-9.56087672807339,-97.50954436903476,-110.0758315024932,-835.0340399436502,-0.000155167829973978,0.001177101441468789,-0.0002087008949396256,2.993063645335962e-10,0.461570701813882,0.01268116514486543,-0.4613964681524212,0.0005411427388737526,1.486732240940614e-05,-0.0005409384683678553
638263.4861905486,-9.600251851401842,-97.51623083348777,-109.8428697128313,-832.5169557521614,-0.0001557723596774402,0.001180624022369695,-0.0002075932457088993,2.99520839400731e-10,0.4607285905926318,0.01276978944875645,-0.4605515895824347,0.0005417490899665543,1.501539508114682e-05,-0.0005415409627998115
639734.8354826482,-9.646926826701558,-97.53062748591124,-109.6843829426433,-829.7080953304165,-0.0001565921621510581,0.001184542239435924,-0.0002064169986859798,2.998436142890447e-10,0.4599073553213451,0.01279708507458981,-0.4597292791331304,0.0005425648266175603,1.509705849312548e-05,-0.0005423547454456339
641209.5765851615,-9.692085950565803,-97.55634054040378,-109.7250558398707,-827.1585026381809,-0.0001575986864766759,0.00118805219579048,-0.0002053094171120393,3.000760906701579e-10,0.4590634328817438,0.01273329604512713,-0.4588868036683976,0.0005431747239862837,1.506633739335378e-05,-0.0005429657321186348
642687.7173170197,-9.734848946815744,-97.55752118583317,-109.3754812348764,-824.3929327138369,-0.0001581515097044917,0.001192031206870091,-0.0002041523538666153,3.003902771653323e-10,0.4579022100595389,0.01285722788652476,-0.4577216683405801,0.0005435851227217448,1.526307941961943e-05,-0.0005433707979373246
644169.2655151772,-9.782816231073037,-97.57614690240338,-109.276715221281,-821.5998840570657,-0.0001590710947410433,0.00119598024822968,-0.0002029927377656443,3.007182340465319e-10,0.4571256649554049,0.01285253310620588,-0.4569449484934427,0.0005444526664150862,1.53078167696942e-05,-0.0005442374267837913
645654.2290346556,-9.823263288856602,-97.57319697330951,-108.87715546942,-818.9183913257858,-0.000159531276436207,0.00119991283480933,-0.0002018648745834609,3.01009018058227e-10,0.4563349629874106,0.01301951458955634,-0.4561491978339694,0.0005452622572879083,1.555666448921687e-05,-0.0005450402915497854
647142.6157485831,-9.864980857311741,-97.57028234327937,-108.4700046337466,-816.1738106737689,-0.0001600075757648677,0.001203964112379637,-0.0002007256101355947,3.013266036853234e-10,0.4554408357904678,0.01318292572660697,-0.4552500031573934,0.0005459952979752154,1.580406255796387e-05,-0.000545766522441335
648634.4335482385,-9.904939932332033,-97.56254287723443,-107.9978900987274,-813.4628084911508,-0.000160380531761173,0.001208019875892791,-0.0001995987574766244,3.016354838754815e-10,0.4544022184174754,0.0133799604956796,-0.4542051879490778,0.0005465430095968663,1.609306376862238e-05,-0.0005463060265434926
650129.6903430906,-9.937523796997032,-97.5407045343083,-107.3508022881996,-810.9579107176218,-0.0001604221512178875,0.001211873687121806,-0.0001985264817886918,3.018712944391095e-10,0.4533537358930856,0.01368752697674772,-0.4531470638252866,0.0005469612205239078,1.6513697513505e-05,-0.0005467118752610331
651628.3940608427,-9.967047076195517,-97.51417477521649,-106.6520141298674,-808.5566798198489,-0.0001603455596908435,0.001215621424735723,-0.0001974834024057038,3.020714374899436e-10,0.4524381778026592,0.01403502243519972,-0.4522204361576708,0.0005474783973689524,1.698325200401617e-05,-0.0005472149164058346
653130.5526474724,-10.00283242948637,-97.50339106968623,-106.1664793224691,-806.0458247261147,-0.0001606195160534867,0.001219468622400118,-0.0001964173576687465,3.023154892161594e-10,0.4514756104232198,0.01425584176028508,-0.4512504823074704,0.0005479960376124078,1.730358100660742e-05,-0.0005477227796278399
654636.174067275,-10.02771150582726,-97.47059421371249,-105.4045052079653,-803.8143520982277,-0.0001603774729216626,0.001223037992857401,-0.00019542309535051,3.024575120279535e-10,0.4505533578110442,0.01465025747150108,-0.4503151098850954,0.0005484029168762959,1.783194773953807e-05,-0.0005481129271219972
656145.2663029054,-10.05549295757603,-97.46071696887137,-104.9946448365155,-801.760892606675,-0.0001605804747073435,0.001226225822631547,-0.0001944755464824384,3.025347476241258e-10,0.4498083434460293,0.01486938344348747,-0.4495625065212529,0.0005488774217313626,1.814432516896094e-05,-0.0005485774398848636
657657.8373554206,-10.0828275822069,-97.43744363216901,-104.3734361818013,-799.539622384337,-0.0001605356374613075,0.001229763124129306,-0.0001934907118449256,3.026775018871637e-10,0.4488228710939404,0.01518485907287305,-0.4485659256697335,0.0005491921230985412,1.858061504944525e-05,-0.000548877717545418
659173.8952443212,-10.10573261210328,-97.40865439004988,-103.6972172873201,-797.4812107443249,-0.0001603409682490128,0.001233098754587079,-0.0001925487001663273,3.02760819499656e-10,0.4479399109630369,0.01554580376232585,-0.4476700702738085,0.0005495287768930828,1.907145650175331e-05,-0.0005491977386884521
660693.4480075961,-10.12979725152044,-97.37709249019466,-102.9709317055775,-795.3217269137756,-0.000160106642114044,0.00123662366638186,-0.000191585650755923,3.02884664418427e-10,0.4471029902532353,0.01592881764194043,-0.4468191543140406,0.0005499968313119728,1.959458876499897e-05,-0.0005496476749194353
662216.5037017618,-10.14779642681944,-97.33794857250285,-102.1687470983118,-793.3821665316362,-0.0001596651829744544,0.001239865539958608,-0.0001906788684042446,3.029268001458313e-10,0.446200383153146,0.01636724248263823,-0.4459000956487101,0.0005502428840933051,2.018366421978235e-05,-0.0005498725772340184
663743.0704019089,-10.16027034226623,-97.28014876116426,-101.1111145316875,-791.4713860093333,-0.0001588173235574148,0.001243180512651619,-0.0001897821446526046,3.029597356511012e-10,0.4452648704038595,0.01694774179450905,-0.4449422196913128,0.000550451901784049,2.095138718954205e-05,-0.0005500530297639586
665273.1562017413,-10.16133600575434,-97.20883516943121,-99.92160668861045,-789.9812702861527,-0.0001575914525842176,0.001245919676679005,-0.0001889891737611744,3.028330962649794e-10,0.4444392023170781,0.01763506242143471,-0.444089190512033,0.0005505203255559861,2.184429333603661e-05,-0.0005500867710633643
666806.7692136222,-10.14794997100293,-97.12291757154613,-98.60325058962265,-789.0608466318175,-0.0001559340065995876,0.001247843438531745,-0.0001883348219302453,3.024890357556035e-10,0.4434709063698123,0.01842707578813171,-0.4430879006183325,0.0005500309217218345,2.285485098301393e-05,-0.0005495558849077271
668343.9175686146,-10.11858513666017,-97.05907356213491,-97.74335798678952,-789.3269714881486,-0.0001545127640968418,0.001247768591675626,-0.0001879650370502508,3.016915794082297e-10,0.4434404307291058,0.01908580536536623,-0.4430295110246836,0.0005498493084999931,2.366567447415045e-05,-0.0005493397836581692
669884.6094165265,-10.1074705674521,-97.09468336756724,-98.33098778536552,-790.046028696363,-0.0001551349274403738,0.001246440578873212,-0.0001877035671063821,3.007237561797244e-10,0.4438235533407288,0.01899352885835858,-0.4434169509180919,0.0005497463212632627,2.352651755206441e-05,-0.0005492426792542281
671428.8529259522,-10.13646666760176,-97.22025278808984,-100.0703815259201,-789.8930908676273,-0.0001578533685143324,0.001245995900668734,-0.0001872356086246161,3.000902024677773e-10,0.4441865741026189,0.01820376685442144,-0.4438134016513373,0.0005501161532017924,2.254499973568105e-05,-0.0005496539866138116
672976.656284318,-10.19752751324699,-97.40035522170984,-102.4527457309504,-788.8041567533576,-0.0001619272311954297,0.001246710101786278,-0.0001865474522873975,2.998133320693874e-10,0.4445875264719707,0.01699164619658726,-0.4442627068008244,0.0005511153941934375,2.106302411572042e-05,-0.0005507127442978677
674528.0276979218,-10.28023487856416,-97.58104679662398,-104.6875271643268,-786.5812437849404,-0.0001662578891638055,0.001249196927177852,-0.0001855939085570634,2.999691174159515e-10,0.4445257625034056,0.01575657130685292,-0.4442464225966105,0.0005523316117315029,1.957783588574295e-05,-0.0005519845266490272
676082.9753919819,-10.36441594630015,-97.72389477438934,-106.3014685670271,-783.7607653957381,-0.0001699244044042471,0.001252852693858246,-0.0001845030928961007,3.003562078369586e-10,0.4441537022253943,0.01480514705123961,-0.4439068807996959,0.0005536341756373111,1.845450199296699e-05,-0.0005533265146274816
677641.5076106749,-10.4409930441381,-97.83443203335689,-107.4484757672363,-780.9025647842352,-0.0001729263469573408,0.00125677564891928,-0.0001834074534435916,3.007622204298395e-10,0.4437135132784928,0.01410356625951988,-0.4434893136082386,0.0005549276917064305,1.763854206601965e-05,-0.0005546472977094655
679203.6326171847,-10.51632198892403,-97.92741658051793,-108.3190775890967,-777.8792275387447,-0.0001756062982742263,0.001261093564428984,-0.0001822771820495768,3.012367527534909e-10,0.4429111412954533,0.01352835378167542,-0.4427044869070098,0.0005559161152529215,1.697999706685946e-05,-0.0005556567347720254
680769.3586937415,-10.58383428054372,-97.99571458306272,-108.8499826395213,-774.9284224579474,-0.0001777541965899607,0.001265473597776441,-0.0001811680966564641,3.016883512712893e-10,0.4421272378880429,0.01314643227905124,-0.441931743373162,0.0005569161197502633,1.655962226706964e-05,-0.0005566698692654934
682338.6941416697,-10.64460970690565,-98.04196158188599,-109.0777428848509,-772.0255063979604,-0.0001794273968222941,0.00126994309957103,-0.0001800743187967998,3.021262656386302e-10,0.441315298165627,0.01293510073939327,-0.4411256913441769,0.000557883616312734,1.635175759339742e-05,-0.000557643927048238
683911.6472814293,-10.70561378562666,-98.09577877012275,-109.4205011380922,-769.2347798575371,-0.0001812512982171723,0.001274210966252299,-0.0001790107217784436,3.025249651790653e-10,0.4403880325684051,0.01266332865452992,-0.4402059283299783,0.000558619976528948,1.606308035782753e-05,-0.0005583889823650001
685488.2264526617,-10.76500655696813,-98.13949066800151,-109.6130989585222,-766.3946779655448,-0.0001828787427905866,0.001278654618101539,-0.0001779396007846111,3.02947694250829e-10,0.4396461982935932,0.01247568776511559,-0.4394691535122764,0.0005596477245577142,1.588092947724507e-05,-0.0005594223553645009
687068.4400142321,-10.8123225748161,-98.1613234097825,-109.5489514657978,-763.8692843828029,-0.0001839621430495969,0.001282741903820914,-0.0001769453600329445,3.032501919877172e-10,0.4388082480977359,0.01245377980052242,-0.4386314876605238,0.0005603599655362878,1.590352881941025e-05,-0.0005601342417197148
688652.2963442762,-10.86524473898391,-98.19214115478523,-109.5834757333205,-761.1962095543098,-0.0001852861840648166,0.00128704752289615,-0.0001759206206913123,3.036152032280554e-10,0.4379310324847689,0.01236246857399254,-0.4377565060440938,0.0005611228321080285,1.584008180175369e-05,-0.0005608992106621727
690239.8038402419,-10.91637012211709,-98.22113454172313,-109.6013439107927,-758.5983760391071,-0.0001865605754458039,0.001291266553093532,-0.0001749170081128105,3.039542519297056e-10,0.4370273097689235,0.0122849550726546,-0.4368546089521381,0.0005618038568169701,1.57924573278723e-05,-0.000561581847842298
691830.9709189367,-10.96510380306707,-98.24139844802208,-109.4995867676487,-756.0047075187013,-0.0001876492584547487,0.001295564001124584,-0.0001739180396080335,3.042955714004461e-10,0.4362509338382278,0.01227802759551603,-0.4360781206539598,0.0005626631520237476,1.583582560327401e-05,-0.0005624402628482082
693425.8060165691,-11.01195397512597,-98.26624772152296,-109.4822560144172,-753.5810819045184,-0.0001888045645074983,0.001299567191703977,-0.0001729617691828111,3.045721186681411e-10,0.4353201248817847,0.01223223684181133,-0.435148231650938,0.0005631948632316905,1.58254410062305e-05,-0.0005629724765808013
695024.317588797,-11.06106668310502,-98.29639498751436,-109.5295090034406,-751.12834354678,-0.0001900925278308437,0.001303611116760477,-0.0001720023109214795,3.048638861925031e-10,0.4345625126657762,0.01215158796055462,-0.4343925831830348,0.0005639690744031234,1.57701587571427e-05,-0.0005637485423270648
696626.5141107687,-11.10976282845275,-98.31636665747564,-109.4211498327289,-748.5577303483185,-0.0001911915426051029,0.001307954699919098,-0.0001710194208250325,3.05207240286075e-10,0.4336207984257396,0.01214336917338354,-0.4334507300864711,0.0005646122101152821,1.581172889335946e-05,-0.000564390766260989
698232.4040771715,-11.1550775818016,-98.32964111300274,-109.233654123255,-746.067265265536,-0.000192127288853664,0.001312231858655902,-0.0001700584109999838,3.055217595221188e-10,0.4328547790212189,0.01219094124144597,-0.4326830718587866,0.0005654382991049074,1.592502939585927e-05,-0.00056521399799845
699841.9960022735,-11.20643300829585,-98.36009125063001,-109.2661895310594,-743.532504002436,-0.0001934669261208163,0.001316500086967663,-0.0001690908434153153,3.058582313846532e-10,0.4319241282029683,0.01210454443159814,-0.4317544817694399,0.0005660629837948719,1.586374571602586e-05,-0.0005658406517692156
701455.2984199714,-11.24834868543316,-98.36829210810755,-109.0247882064598,-741.152347072777,-0.000194273179072584,0.001320672344442163,-0.0001681619055219814,3.061347593747153e-10,0.4310695593204035,0.01218822270688454,-0.4308972176748584,0.0005667061939077488,1.602326388253416e-05,-0.0005664796247244535
703072.3198838334,-11.29463422606289,-98.38067770095347,-108.8158699964128,-738.6231711076734,-0.0001952186541179885,0.001325110219389452,-0.0001672026126464777,3.064765174277176e-10,0.4301383069099207,0.01223824871039898,-0.4299641709954861,0.0005673607825154273,1.614248778452668e-05,-0.0005671310938615907
704693.068967147,-11.3347355302166,-98.37988684955303,-108.450709600552,-736.2150004129484,-0.0001958392652918626,0.001329450082058166,-0.0001662741719112681,3.067718247819897e-10,0.4293674567933798,0.01239160376710903,-0.4291886078512497,0.0005681580673487355,1.639711984753411e-05,-0.0005679214064940287
706317.554262962,-11.37342953124756,-98.37893917406521,-108.0942107301253,-733.8791056497761,-0.0001964410297513316,0.001333688143454388,-0.0001653654034096629,3.070404604031085e-10,0.4283407461717184,0.01253837646528727,-0.4281571953693634,0.0005685651234145536,1.664301989973719e-05,-0.0005683214842428741
707945.7843841381,-11.4182832706182,-98.37833057060473,-107.6993439375371,-731.2521337530004,-0.0001971328212390473,0.001338483512466035,-0.0001643944978562591,3.074347713363887e-10,0.4271682837926903,0.01267781356760199,-0.4269801116229391,0.0005690066264024877,1.688739590920053e-05,-0.0005687559729350946
709577.7679633888,-11.4540048830049,-98.37474012547447,-107.3259760675497,-729.0339728738541,-0.0001976503101345554,0.001342580762987455,-0.0001635188779910918,3.076609415452978e-10,0.4264007838556105,0.01285102484111767,-0.42620708538598,0.0005696774248427749,1.71691493432092e-05,-0.0005694186409719355
711213.5136533292,-11.48515036765175,-98.35791578897314,-106.7866187937185,-726.8514194115633,-0.0001978569210682262,0.001346728509090142,-0.0001626543844737717,3.078750453133348e-10,0.4254990299041091,0.01311801862993218,-0.4252967693700044,0.0005701637933578861,1.757799369147121e-05,-0.0005698927665745871
712853.0301265195,-11.51765093243751,-98.3411830357303,-106.2408131811074,-724.6077561432512,-0.0001980835249645919,0.001351014306609833,-0.0001617793588847576,3.081180589432596e-10,0.424509374373053,0.01338067556383358,-0.4242984403130139,0.0005705827717530284,1.798495725192358e-05,-0.000570299255421235
714496.3260755135,-11.54031011830391,-98.31297899618177,-105.5945850715026,-722.6784887606311,-0.0001979597517396603,0.001354816197495113,-0.0001609775299814197,3.082300693053614e-10,0.4236029965455874,0.01372977278259185,-0.4233804341508229,0.000570884727478564,1.850345171599614e-05,-0.0005705847827824257
716143.410212902,-11.56054861154175,-98.28284827646611,-104.9388464019717,-720.840220974673,-0.0001977654357071114,0.001358479583720563,-0.0001601987572760974,3.083053921972944e-10,0.4226717524461703,0.01409098503741964,-0.4224368052816799,0.0005710850655918333,1.903877197323043e-05,-0.0005707676211066812
717794.2912713619,-11.57765286719188,-98.26041983016256,-104.4221026201421,-719.2655626240708,-0.0001976766880410152,0.001361608612294483,-0.0001594811648399095,3.082697173515787e-10,0.4219915097307418,0.01440273075083781,-0.4217456527716079,0.0005714054288980075,1.9502284648419e-05,-0.0005710725217234743
719448.9780036994,-11.59759955566086,-98.25200702026567,-104.095402982591,-717.7564468807818,-0.0001978961794413643,0.001364529600129127,-0.0001587805250264244,3.082073771438174e-10,0.4213647883691309,0.01461261217494631,-0.4211113349730533,0.0005717271013995426,1.982706346914527e-05,-0.0005713832041886718
721107.4791828997,-11.62169186330704,-98.26146941921962,-104.0058357617499,-716.3060027371328,-0.0001985179464105733,0.001367227094743839,-0.0001580952138108331,3.081211719336303e-10,0.4206886401798412,0.014689259086839,-0.4204321082456044,0.0005719100883454526,1.996948493425446e-05,-0.000571561343009448
722769.8036021702,-11.65295227467121,-98.29413045975183,-104.2100443679338,-714.846543475379,-0.0001996876235288204,0.001369791254961926,-0.0001574102298951113,3.080401385709404e-10,0.4203642676857923,0.01460821740143141,-0.4201103635134046,0.0005725464218426531,1.989674966603215e-05,-0.0005722005981450496
724435.9600749902,-11.69308910669761,-98.32856500329848,-104.3771310395282,-712.9905720880223,-0.0002010151230080504,0.001373115797727543,-0.0001566404488175609,3.081316747771771e-10,0.4198320410968638,0.01450747258810339,-0.4195813103209725,0.0005732175042461162,1.980777171781634e-05,-0.0005728751690846106
726105.9574351547,-11.73275381941262,-98.37354630093294,-104.702124221364,-711.3137711843037,-0.0002025461116815445,0.0013760354874397,-0.0001559126483044033,3.081476888637978e-10,0.4193321768588748,0.01433127038024739,-0.4190872095858938,0.0005737761296312931,1.960961096063312e-05,-0.0005734409386263236
727779.8045368242,-11.78012868799518,-98.42554648200807,-105.074791760898,-709.3763368418769,-0.000204324099475222,0.001379423920668539,-0.0001551303702260036,3.082786399565768e-10,0.4186850320922148,0.01409957276732318,-0.4184475572229308,0.0005743356874699593,1.934124030631629e-05,-0.0005740099287686617
729457.5102545688,-11.82405097278735,-98.45266649350471,-105.1022646839557,-707.2520042513526,-0.0002055782444306142,0.001383372906770691,-0.0001543100878472968,3.084934481177428e-10,0.4180062444853825,0.01404925026734748,-0.41777007910536,0.0005750435884882757,1.932729808678225e-05,-0.0005747187000699891
731139.0834834176,-11.87481815724545,-98.50231578475666,-105.412233791423,-705.1347659756707,-0.0002073710032900858,0.001387168249981554,-0.0001534943023648661,3.087080851866022e-10,0.4171956682043993,0.01383100813657116,-0.4169663401072577,0.0005755343182740039,1.908030319006976e-05,-0.0005752179530763078
732824.533138904,-11.92377928998585,-98.54484396015673,-105.6279030783993,-703.0084748360837,-0.0002090076489888399,0.001391054297799154,-0.0001526794870341073,3.089296348790232e-10,0.416668029118071,0.01367488092377135,-0.4164435665499689,0.0005764374583280624,1.891845078520277e-05,-0.000576126926626073
734513.8681571151,-11.96627820082929,-98.56849447353991,-105.6101632172206,-700.9211999281041,-0.0002101928888451945,0.001395023427458402,-0.0001518760618725287,3.09136962875224e-10,0.4159211339267648,0.01364931044870483,-0.4156971084470046,0.0005770382170163294,1.893670006730128e-05,-0.0005767274098635728
736207.0974947361,-12.01322760726754,-98.60319243151285,-105.7219733084243,-698.7906317550297,-0.0002116617538983055,0.001399020904514169,-0.0001510661654968853,3.093663387409582e-10,0.4151836874997752,0.01354440992599249,-0.4149627011258574,0.0005776746599082866,1.884530301460933e-05,-0.0005773671858137091
737904.2301291011,-12.06220912818005,-98.63660676744516,-105.7991770739366,-696.5542078521039,-0.0002131409702985568,0.00140326459839463,-0.0001502363596583884,3.096458127308645e-10,0.4143523445143872,0.01344639521222592,-0.4141341085450051,0.0005782737557863731,1.876590675569786e-05,-0.0005779691837588871
739605.2750582378,-12.1089308656568,-98.66819652677732,-105.8642902136818,-694.4039014288225,-0.000214559031906772,0.001407373804161192,-0.0001494281032622326,3.098902978634193e-10,0.4135064695674703,0.01336172312329393,-0.4132905330748936,0.0005787873913794796,1.87024809526089e-05,-0.0005784851438248697
741310.2413009177,-12.15713422304441,-98.70366087904628,-105.9740585605513,-692.2477535218775,-0.0002160806802947107,0.001411490392509832,-0.0001486215159039519,3.101405670436294e-10,0.4127808980014617,0.01325362246639652,-0.412568068621908,0.0005794720133572522,1.860576235979918e-05,-0.0005791732382209301
743019.1378967013,-12.20365280673263,-98.72945994081927,-105.9537326665962,-690.0376449514424,-0.0002173953300364583,0.00141581573188967,-0.0001478062899219434,3.104183222851353e-10,0.4118777994265816,0.01320996613628797,-0.4116659063550946,0.0005799712815521935,1.860115063251832e-05,-0.000579672911753206
744731.9739059892,-12.25404638343873,-98.76714473441636,-106.0774735942136,-687.8274365657487,-0.0002190058835899646,0.001420077707343883,-0.0001469940063799181,3.10699558660684e-10,0.4111146479485615,0.01308598364565971,-0.4109063284860616,0.0005806530094786171,1.848247398567756e-05,-0.0005803587817651627
746448.7584100665,-12.30313635979119,-98.79457474743079,-106.0603539213068,-685.5375585134481,-0.0002204032216392161,0.001424610430426753,-0.0001461676905256854,3.110204018743503e-10,0.410289045459403,0.01303415990761901,-0.4100819570518687,0.0005813342625109075,1.846796501442219e-05,-0.0005810408411095788
748169.5005111545,-12.34996303104776,-98.80941165980367,-105.8763735062624,-683.1774648810434,-0.0002215259143278866,0.001429417230153139,-0.000145329461399485,3.113770496072667e-10,0.4092582484923741,0.01306620481813859,-0.4090496158789252,0.0005818080659557246,1.857512556589128e-05,-0.0005815114704985209
749894.2093324559,-12.40223703349591,-98.83790561233394,-105.8505216641414,-680.7734364214011,-0.0002230043278046666,0.001434243499131072,-0.0001444849902609226,3.117579451446185e-10,0.4083941438393272,0.01300634202286456,-0.4081869814061214,0.000582539053951659,1.855242611008668e-05,-0.0005822435545923403
751622.8940182052,-12.44661628656631,-98.85100485926586,-105.65799250767,-678.5133557170196,-0.000224068158663537,0.001438918482509438,-0.0001436741155380741,3.120769774028966e-10,0.4073233226869481,0.01304980156900295,-0.4071142246148435,0.0005828801372823062,1.867428086334578e-05,-0.0005825809177036928
753355.5637337174,-12.50020797467209,-98.87533401768152,-105.5616078941224,-676.0062056068639,-0.0002254974886754158,0.001444063847968653,-0.0001428140102263284,3.125139793514477e-10,0.4064298081857607,0.01301931393186159,-0.4062212284539766,0.0005836735676918909,1.869702777321201e-05,-0.0005833740264826916
755092.2276654337,-12.54582269126758,-98.87250816517749,-105.1324883370871,-673.4760639827144,-0.0002262748992966642,0.001449511287774251,-0.0001419522552474411,3.129665817990379e-10,0.4052637318354844,0.01317244218430593,-0.4050496007998582,0.0005841433754391034,1.898663570378535e-05,-0.0005838347289550709
756832.8950209745,-12.58835602747166,-98.86275178630721,-104.6274836146711,-670.9907595925002,-0.0002268712917197365,0.001454957484415805,-0.0001411031376419922,3.134033195840818e-10,0.4040940265285173,0.01337356914073786,-0.4038726654831544,0.0005845834784898137,1.934690209424525e-05,-0.0005842632460651673
758577.5750291835,-12.62164220476359,-98.83960449640136,-103.9984207704525,-668.7311122037571,-0.0002270623735343732,0.001460057493838476,-0.0001403045194190907,3.137390684785816e-10,0.4029328656161251,0.01366807688796615,-0.4027009782305066,0.0005848630750617042,1.983941783118667e-05,-0.0005845264870566194
760326.2769401819,-12.64975293813344,-98.79801328111409,-103.1469015127295,-666.4412984932551,-0.0002268045117719057,0.001465404109213536,-0.0001395025137926775,3.14092979822621e-10,0.4017647419886501,0.01409003050346142,-0.4015175948144964,0.0005851898508735094,2.052281344627479e-05,-0.0005848298690162889
762079.0100254118,-12.6697126300172,-98.73068108060519,-101.9929902468724,-664.1484284063124,-0.0002259002447070748,0.001470996115866951,-0.0001387028168169251,3.144524496651013e-10,0.4005363744877423,0.01468729031631113,-0.4002669993778519,0.0005854733389180006,2.146875402301784e-05,-0.0005850795870516175
763835.7835776907,-12.6774381766526,-98.65899952998305,-100.8669807033351,-662.3382242937321,-0.0002247150925071902,0.00147558095132209,-0.0001380066300393926,3.145866670674053e-10,0.3994979705245995,0.01531852143422652,-0.3992041725161987,0.0005856157696920347,2.245510210845016e-05,-0.0005851850972993872
765596.6069112562,-12.68458203617452,-98.60350383436855,-99.97579869065115,-660.7858544084123,-0.0002238432337694773,0.001479482478930548,-0.0001373665114303344,3.146004896775937e-10,0.3986259329329469,0.01584073019362581,-0.3983110664714138,0.0005857484037367865,2.327666531043831e-05,-0.0005852857330673791
767361.4893618189,-12.6873885893621,-98.53929008632325,-98.99569135087889,-659.3026060026153,-0.0002227224510670789,0.001483311954288518,-0.000136742943441104,3.145830648559602e-10,0.3977074550223288,0.0164193929009579,-0.3973683723160434,0.0005857642894806231,2.418333851899459e-05,-0.0005852648707797307
769130.4402866095,-12.69355375868099,-98.48208704032268,-98.09436112138327,-657.7713723103467,-0.0002217895924116053,0.001487209283969052,-0.0001361115876372287,3.145901811975939e-10,0.396800327396368,0.01694751568329027,-0.3964382442878455,0.0005858278548294885,2.502096412716299e-05,-0.000585293282763665
770903.4690644301,-12.69361893299179,-98.42178154148382,-97.19365785852312,-656.467180781832,-0.0002206961674840004,0.001490630089140862,-0.0001355292860801711,3.144901970690436e-10,0.3959849344129755,0.01749885018047251,-0.3955981022760472,0.0005858285052894933,2.588816986360347e-05,-0.0005852562176268058
772680.5850957021,-12.68019219263308,-98.32500827625151,-95.88203492684431,-655.2451545624276,-0.0002186394111546286,0.001494152839630058,-0.0001349658672641643,3.143520620664368e-10,0.3950406748872095,0.01829337953725749,-0.3946168864613472,0.0005856182877421399,2.711856849850855e-05,-0.00058499005306127
774461.7978025188,-12.63967145721961,-98.2079521786621,-94.47147483123685,-654.9426996688212,-0.0002157499699899,0.001495730516021651,-0.0001345932987140357,3.137739074197418e-10,0.3945259207914689,0.01924448793059747,-0.394056280067512,0.0005852500054334543,2.854777359964471e-05,-0.0005845533281766187
776247.1166286917,-12.59158248021304,-98.13060634230281,-93.65542219372723,-655.5467670548794,-0.0002135750665201052,0.00149493153841298,-0.0001344075954289205,3.127637788666207e-10,0.3944269431462769,0.01994159282190217,-0.3939225131360758,0.0005846281615645665,2.95578609745587e-05,-0.0005838804844734695
778036.5510398041,-12.57061188142892,-98.16833203165078,-94.24264481275782,-656.5690362372259,-0.0002142050748450704,0.001492322502488936,-0.0001343075816407117,3.115585931259003e-10,0.394941277851325,0.01987860050528311,-0.3944406852655908,0.0005843746134099481,2.941335873678579e-05,-0.000583633911905269
779830.1105232586,-12.59993403550656,-98.32664381954905,-96.16481404759281,-657.0467099390346,-0.0002180815475258994,0.001490043574871262,-0.0001340961708427713,3.10616045739812e-10,0.3958480574450375,0.01900329707313331,-0.3953916530269195,0.0005850065237166856,2.808414125274003e-05,-0.0005843320235971815
781627.8045883297,-12.68551648625671,-98.5600959493386,-98.75751183829458,-656.0937795443522,-0.0002243407513136356,0.001490403805192957,-0.0001335937226559186,3.103517591607662e-10,0.3961766028480807,0.01757858648006128,-0.3957864246555317,0.0005859380000523515,2.599841013282673e-05,-0.0005853609335921854
783429.6427662116,-12.79135778730114,-98.77001117437285,-100.8857248192054,-653.9459197713869,-0.0002304257194817736,0.001493630137817142,-0.0001328501245866836,3.106549637127118e-10,0.395901383920019,0.01628952536516273,-0.3955661223527162,0.0005870759562431954,2.415548181673614e-05,-0.0005865788021204514
785235.6346100719,-12.89851520595834,-98.94832898359907,-102.5589777058565,-651.3330349989282,-0.0002359016776067871,0.001498167776960917,-0.000132014987030743,3.11183832993967e-10,0.3954708831789583,0.01521448355066619,-0.3951781103915445,0.0005884539889553931,2.263889433102541e-05,-0.0005880183479968823
787045.7896950984,-12.99573719952007,-99.08514473074359,-103.7164002528932,-648.5999008195674,-0.0002403964842249209,0.00150334118273939,-0.0001311586716502705,3.117764112405499e-10,0.3947222202696242,0.0144163416567564,-0.3944588701852418,0.0005895406265966554,2.153164594521732e-05,-0.0005891472979067857
788860.1176185545,-13.08058858756181,-99.17838369318108,-104.348376580656,-645.8100334814868,-0.0002438278712454006,0.001509045860152872,-0.0001302941508023114,3.124031063489569e-10,0.3938091418265218,0.01391507780602138,-0.3935632233781428,0.00059051206914755,2.086549171883507e-05,-0.0005901433173935396
790678.6279998249,-13.15873978458955,-99.26094128984272,-104.874144034079,-643.1772105059432,-0.0002469512404527878,0.001514514482366534,-0.0001294645241582274,3.129604689346541e-10,0.392857110592383,0.01348819626879328,-0.3926254931921899,0.0005913060687858256,2.030166209461103e-05,-0.0005909574515133418
792501.3304804718,-13.22689887786328,-99.31639396313642,-105.0908745237836,-640.6023373207621,-0.0002493759433816281,0.001520120685318752,-0.0001286496623027857,3.134957176389558e-10,0.3919161201409934,0.01324924106676052,-0.3916921020872446,0.0005921152246686907,2.001723569857818e-05,-0.000591776773420047
794328.2347242814,-13.29321247687128,-99.36139012079246,-105.1737445542646,-637.9708342476496,-0.0002515707220034081,0.00152599666455719,-0.0001278265172762212,3.140648310472193e-10,0.3907415273107042,0.01307513741685413,-0.3905227034970338,0.0005926470212100784,1.983137368414223e-05,-0.0005923151258975066
796159.3504173188,-13.35426298620349,-99.39913239708008,-105.1916030841445,-635.4706832325651,-0.0002535420077276711,0.00153166705473609,-0.0001270327358127912,3.145752946094823e-10,0.3896564621700906,0.01295447592567568,-0.3894410610919223,0.0005932095392007061,1.972177915812986e-05,-0.0005928816145113222
797994.6872679765,-13.41137288291005,-99.42827164850195,-105.1174215126984,-633.0242164312438,-0.0002552822991564467,0.00153732725809636,-0.0001262526364515426,3.150647435074463e-10,0.3886882802279754,0.01289683966505437,-0.3884742600394974,0.000593919734145986,1.970650512204766e-05,-0.0005935927090724021
799834.2550070285,-13.46695013161657,-99.45267516871421,-104.9881828838817,-630.5838126554462,-0.0002569093566025783,0.00154305824849344,-0.0001254766599324582,3.155566330928887e-10,0.3875155130155933,0.01286493244692857,-0.3873019059349882,0.0005943242790925378,1.97306725673905e-05,-0.0005939966744678822
801678.0633876791,-13.52122009568952,-99.46769715628311,-104.7394470761525,-628.0733373817885,-0.0002583311364367206,0.001549090658207067,-0.0001246896738650011,3.16089285131403e-10,0.3864418481927748,0.01289987967319409,-0.3862264816646636,0.0005949673941230403,1.986070563929303e-05,-0.0005946358149666655
803526.1221856172,-13.56716999734825,-99.48052966464161,-104.5185154724856,-625.884517152465,-0.0002595730165924613,0.001554391883785888,-0.0001239693545227247,3.164651733432434e-10,0.3853763023122183,0.01294978930574825,-0.3851586651508375,0.0005953260872059385,2.000472616317381e-05,-0.0005949898831400993
805378.4411990665,-13.60821377219345,-99.47836824342242,-104.1280697799349,-623.6912455327135,-0.0002604286269108522,0.001559877706690217,-0.0001232508093237341,3.16847645001016e-10,0.3843079777410331,0.01310000839406081,-0.3840846411085426,0.0005957134519487425,2.03062430992315e-05,-0.0005953672591971124
807235.0302488382,-13.65356168232285,-99.48621476563412,-103.8442946725678,-621.4675385379323,-0.000261568881220434,0.001565387576493655,-0.0001225289129226404,3.172500380237335e-10,0.3832592054968124,0.01318332445966291,-0.3830323988310116,0.0005961458110949483,2.050618364859858e-05,-0.0005957930215420652
809095.8991783821,-13.68780286279517,-99.46836335882897,-103.290590028987,-619.3408371705135,-0.00026199127756445,0.001570926229897635,-0.0001218287668921034,3.17607255373472e-10,0.3822307213902335,0.01343838595706088,-0.3819944163955376,0.000596564308484894,2.097388037379242e-05,-0.0005961954968801137
810961.0578538409,-13.72059450913613,-99.45576637529462,-102.8192798472627,-617.3512709602086,-0.0002624987257421292,0.001576104425192129,-0.0001211581067251316,3.17897992262395e-10,0.3810831328281684,0.01365303597611454,-0.3808384811632962,0.0005966573108986793,2.137639540919951e-05,-0.0005962742627081541
812830.5161640991,-13.75055174204215,-99.44833853192021,-102.4378581939928,-615.5535466729553,-0.0002630661053535737,0.001580775672341514,-0.0001205274503633056,3.180931330258606e-10,0.3802001019091618,0.01384188360523781,-0.3799480487513998,0.000596971301809053,2.173383761291696e-05,-0.0005965755404692776
814704.2840208396,-13.77984017609816,-99.43849212794667,-102.0295346058476,-613.7512472269467,-0.0002635736795327294,0.001585508305750292,-0.0001198981602783445,3.182934810583618e-10,0.3792847305094908,0.01404486782264556,-0.3790246014251601,0.0005972447961527196,2.21159027637627e-05,-0.0005968351810813832
816582.3713585923,-13.80569741427907,-99.42952869139231,-101.6571597626478,-612.1031840937208,-0.000264041494139764,0.001589859874829965,-0.0001193011885239727,3.184164476974846e-10,0.3784742995892671,0.01424519094230177,-0.378206121030059,0.0005975334147400645,2.249023935473372e-05,-0.0005971100157129243
818464.7881347899,-13.83872829401957,-99.43341988977761,-101.4081222984637,-610.3471918037447,-0.0002649064472353754,0.001594397988012719,-0.0001186853411240772,3.18598099564557e-10,0.377563607589097,0.0143564025661116,-0.377290566382269,0.0005977482163371992,2.272865777956883e-05,-0.0005973159450825353
820351.5443298181,-13.87784042814975,-99.45339412393311,-101.3316719687023,-608.5748068262907,-0.0002662199469200872,0.001598856010391677,-0.0001180685151592259,3.187910805218009e-10,0.376720373381177,0.01436419417945535,-0.3764464233407303,0.0005980595915367717,2.280376828738081e-05,-0.0005976246842132825
822242.6499470712,-13.91119905883004,-99.4598516823621,-101.114385181642,-606.8476703073707,-0.0002671533260008215,0.001603346281611948,-0.0001174626570872187,3.189630992963894e-10,0.3758299973086315,0.0144589631390157,-0.3755517610955253,0.0005982767596122181,2.301695361229789e-05,-0.0005978338405765477
824138.1150130022,-13.94907851639362,-99.47295590699142,-100.9545899316149,-605.0350612650599,-0.0002683112473660888,0.001608027055512892,-0.0001168424551541616,3.191828801463312e-10,0.3748986373451417,0.01450843297224044,-0.3746177967688323,0.0005985027769328034,2.316182711231152e-05,-0.0005980544321055537
826037.9495771788,-13.98842748548778,-99.4955146234947,-100.9092874228303,-603.3002535082181,-0.0002696999624235903,0.00161243885331903,-0.0001162394749098089,3.193644887963852e-10,0.3741385966215897,0.01450281744463932,-0.373857402986941,0.0005989107928572383,2.321571196573923e-05,-0.0005984606658075447
827942.1637123341,-14.0320338033166,-99.51758675395257,-100.8283188511022,-601.3922271632711,-0.0002711612538961034,0.001617345922843185,-0.000115605352505437,3.196408824549629e-10,0.3732364565662581,0.01449511599742234,-0.3729548821538037,0.0005992665442266845,2.327328405122764e-05,-0.0005988144497913054
829850.7675144225,-14.07528865814547,-99.53650203888593,-100.7076107926231,-599.4586269244735,-0.0002725564522438528,0.001622383008946072,-0.0001149686273591982,3.199343839582869e-10,0.3724373114270981,0.01451215547056346,-0.3721544683147623,0.0005998217044877614,2.337227115293643e-05,-0.0005993661769867874
831763.7711026708,-14.11880020147335,-99.56114901382763,-100.6597480331339,-597.6002228471393,-0.0002740842550030776,0.001627192746546674,-0.0001143486080583332,3.201911919666214e-10,0.3715598065205608,0.01448914399598119,-0.3712771936543642,0.0006001683102348154,2.340383678807776e-05,-0.0005997118149859235
833681.1846196344,-14.16015192651938,-99.57237145232065,-100.4501076443366,-595.643310469984,-0.0002752953943826578,0.001632430904383121,-0.0001137120267673674,3.205043017789885e-10,0.3705874663978946,0.01454950171625148,-0.3703017448662907,0.0006004866014536798,2.357548927209474e-05,-0.0006000236285605525
835603.0182312478,-14.20736466568431,-99.58714527659096,-100.2476484789649,-593.5094574226856,-0.0002766955557072608,0.001638157419458509,-0.000113044067409613,3.209168257959571e-10,0.3695306595836637,0.01458347683407024,-0.3692427799913868,0.0006008426163976297,2.371217150703873e-05,-0.0006003745352710839
837529.2821268826,-14.24654559089391,-99.59160350719165,-99.96441705965094,-591.5523140031642,-0.0002777352356156634,0.0016435340308204,-0.0001124121590494903,3.212380449202248e-10,0.3685498601340955,0.01468669576310917,-0.3682571117744004,0.0006011640823846762,2.395636231819486e-05,-0.0006006865627379134
839459.9865193974,-14.28471146756337,-99.58901716469519,-99.59700075042369,-589.5400561458913,-0.0002786109022565695,0.001649169008319728,-0.000111772110157777,3.215931674528224e-10,0.3675554163247642,0.01483412164321705,-0.3672559501284424,0.0006015341830576423,2.42772405131581e-05,-0.0006010440823932063
841395.1416451951,-14.31716444969201,-99.56872303857706,-99.03948489042105,-587.5068218424118,-0.0002790056176023978,0.001655074275225939,-0.0001111304429611967,3.219639284853568e-10,0.3664254289414388,0.01508850234325721,-0.3661146433454348,0.0006017371510695728,2.477806313870537e-05,-0.0006012267846365631
843334.7577642753,-14.34643155618167,-99.54663774052399,-98.48186761777187,-585.5759337344368,-0.0002793036512908182,0.001660747306649816,-0.0001105104509821921,3.222826396418791e-10,0.3651999470935028,0.01534877688114609,-0.3648772621106309,0.0006016819608822373,2.528774235727765e-05,-0.0006011503240767372
845278.8451602899,-14.36656189891008,-99.5150143349931,-97.8636523355925,-583.8701715714656,-0.0002792261628435185,0.001665907859719162,-0.0001099351113086123,3.224807853602428e-10,0.3643271699660416,0.0156830301730293,-0.3639894632266941,0.0006019937953073345,2.591376003239435e-05,-0.0006014357876195201
847227.4141405963,-14.38563632069416,-99.47217128521268,-97.11123407940774,-582.0503884953891,-0.0002788843763026315,0.001671534309197515,-0.0001093404142871921,3.227450188341021e-10,0.3633136071819474,0.01608071801659019,-0.3629575562949879,0.0006022113471150057,2.665463298900771e-05,-0.0006016211741073375
849180.4750363139,-14.39821004468656,-99.42167185795773,-96.3065739933012,-580.3783818704254,-0.0002782510033631906,0.001676841573629062,-0.0001087755678018902,3.229303805154887e-10,0.3622557120342252,0.01652261804144869,-0.3618787144810813,0.0006022158380050986,2.746728882201616e-05,-0.0006015891152513907
851138.0382023763,-14.40062359663591,-99.36394708110244,-95.47889979160998,-579.0021142642795,-0.000277265047245629,0.001681387708877972,-0.000108268041621596,3.229534899588602e-10,0.3614606457960735,0.01701986430607897,-0.3610597217612581,0.0006023623648593407,2.83630481830622e-05,-0.0006016942380451244
853100.1140175896,-14.40489679951637,-99.31637540582446,-94.77090967779667,-577.6961093165628,-0.0002765303465188014,0.001685649170562932,-0.0001077753828559343,3.229391434141814e-10,0.3606251592852122,0.01744929031469468,-0.360202759257891,0.0006023502240803136,2.914545383336982e-05,-0.0006016446916332354
855066.7128846832,-14.40302147298421,-99.26242654406397,-94.02410514694465,-576.5414730607199,-0.000275536101085218,0.001689545349597418,-0.0001073125920497286,3.228416648600246e-10,0.359849784572121,0.01791986026342781,-0.3594033194959961,0.0006022906386553583,2.999297080449299e-05,-0.0006015433775831967
857037.8452303697,-14.3989933853002,-99.20947074989257,-93.30592979072998,-575.4854643342734,-0.0002745184106750532,0.001693154501433792,-0.0001068696754012242,3.22690197600798e-10,0.3591261298185541,0.01838499303615274,-0.3586552232290973,0.0006022116866045313,3.082944053697228e-05,-0.0006014220324192085
859013.5215053955,-14.40387443374503,-99.18174947739509,-92.85015989247384,-574.433499777693,-0.0002742218889221886,0.001696520927391433,-0.0001064289777499419,3.225376166855228e-10,0.3584843985133024,0.0186950653039727,-0.3579965900825375,0.0006022221108886184,3.140605766178479e-05,-0.0006014026358316765
860993.7521846007,-14.40528144187491,-99.15083126525275,-92.37731265849452,-573.4725250583194,-0.0002737881862189055,0.00169965977536645,-0.0001060065614400109,3.223350377964874e-10,0.3579017815355277,0.0190273295507123,-0.3573956434492077,0.0006022415410155493,3.201729877081982e-05,-0.0006013898621561588
862978.5477669701,-14.40667186875198,-99.12832768476932,-92.01063543407366,-572.6285596282642,-0.0002735404254295682,0.001702379937654793,-0.0001056071046681916,3.220676668568018e-10,0.3574013065076849,0.01931078746037675,-0.356879233608598,0.000602261766443604,3.254086864132218e-05,-0.000601382014353471
864967.9187756934,-14.40559659159976,-99.09450925276018,-91.51922206960006,-571.7244262514005,-0.0002729923925992234,0.001705394948736479,-0.0001051978536418814,3.218350828918712e-10,0.3568263632791746,0.01965999003862665,-0.3562843503758235,0.0006022385037256657,3.318141315377137e-05,-0.0006013237141430956
866961.8757582165,-14.39222243192629,-99.04811675914959,-90.94908605973083,-571.1252942619453,-0.0002719315249611153,0.001707625430238173,-0.0001048459179673916,3.214317233925201e-10,0.3564176586502987,0.02009573227642032,-0.355850683492438,0.0006021950133761848,3.395328338340462e-05,-0.000601237065293408
868960.429286302,-14.3799538461416,-99.01517872239538,-90.54010106049981,-570.6691955892012,-0.0002711911372180256,0.00170930257769117,-0.0001045212420350298,3.209487595058977e-10,0.3561396236446738,0.02045479033837251,-0.3555517305287419,0.0006021983316419154,3.458711077917801e-05,-0.0006012042601314924
870963.5899560805,-14.36071751404279,-99.00637914204523,-90.47350317032202,-570.8158871126141,-0.0002708655884615633,0.001708946550625947,-0.0001043076554255718,3.201283082964349e-10,0.3562186478816647,0.02068466259440483,-0.3556175893175098,0.0006021286893003104,3.496399992154711e-05,-0.0006011126992403302
872971.3683881117,-14.36014228105507,-99.06618201876761,-91.14193296323209,-571.1766594552446,-0.0002724317269153448,0.001707300236565138,-0.0001041335283411069,3.191902960122259e-10,0.3564400635231293,0.02049728419711216,-0.3558502216170664,0.0006019590570176804,3.461599053922397e-05,-0.0006009629269136353
874983.775227436,-14.39343277754284,-99.20226526584497,-92.54818314865489,-571.2666318337992,-0.0002763368701669652,0.001705728061870337,-0.0001039103933740647,3.184060230343466e-10,0.356853109500698,0.01984658046300325,-0.3563007928762476,0.0006022679189470032,3.349545904305436e-05,-0.0006013357634601896
877000.8211436349,-14.46955963682311,-99.39811554139665,-94.43069886591807,-570.5260653218203,-0.0002823739733517131,0.001706031130770189,-0.0001035370107639452,3.180860631625603e-10,0.3570792685333138,0.01881261034488254,-0.3565833559047563,0.000603030114355817,3.177045425852704e-05,-0.000602192624544835
879022.5168308843,-14.56720102398678,-99.61662956599065,-96.45863262200389,-569.2927749156794,-0.0002893193087059409,0.001707544339088201,-0.0001030755839122194,3.180419880822008e-10,0.3570384098845856,0.01762317214553629,-0.3566032107769672,0.0006038170698805343,2.980399831591729e-05,-0.0006030810688153781
881048.8730080143,-14.67294317655409,-99.80410582380749,-98.0409612370307,-567.3542240780979,-0.0002957469672454042,0.00171146109756409,-0.0001024883318195615,3.183947067117404e-10,0.3566158849424011,0.01660957709648586,-0.3562288749412767,0.0006047596292375034,2.816700576387647e-05,-0.0006041033263786753
883079.9004185627,-14.78575433948873,-99.99021611357354,-99.5542764438803,-565.1646827154556,-0.0003023005577604528,0.001716145251758232,-0.0001018580004736757,3.188930959062351e-10,0.3559801750717744,0.01559770915065674,-0.3556382944979107,0.0006056117742699563,2.653562466328746e-05,-0.0006050301494621022
885115.6098308356,-14.89155110102586,-100.1368179579232,-100.6102050054169,-562.7277711041608,-0.0003078789357577226,0.001722012466623404,-0.000101185546149648,3.195374632966563e-10,0.3549786282219287,0.01481913730292024,-0.3546691693168713,0.0006061822308689483,2.530602406920483e-05,-0.00060565378077501
887156.0120379608,-14.98622992884698,-100.2503000581618,-101.3173767464042,-560.2756766305222,-0.0003125400642558146,0.001728317506811961,-0.0001005129224397212,3.201978141721983e-10,0.3541148219208002,0.01425500478477184,-0.3538277857130304,0.0006070714963329421,2.44378561676251e-05,-0.0006065794200645517
889201.1178579485,-15.07662364247626,-100.3528589925061,-101.9110688500018,-557.8543997615766,-0.0003169000704306004,0.001734689868032532,-9.984837340454262e-05,3.208479501265318e-10,0.353084929601614,0.01375460127589928,-0.3528169191741203,0.000607669100848722,2.3672055896832e-05,-0.0006072078473602853
891250.9381337455,-15.15966347835198,-100.4385845679286,-102.3383210395364,-555.4905255104421,-0.0003207666905928332,0.001741115700489368,-9.91966001862815e-05,3.21472239474098e-10,0.3520890374669588,0.01336186017480308,-0.3518354032741426,0.0006083001049601822,2.308512927659316e-05,-0.0006078619041368292
893305.4837332955,-15.22708859858947,-100.493837300169,-102.484702678174,-553.290092200274,-0.0003236702731510971,0.001747417425180251,-9.857641617672518e-05,3.220084276760125e-10,0.3510575173137849,0.0131567313007912,-0.3508108904865942,0.0006087546201653727,2.281455479693419e-05,-0.0006083269545746801
895364.7655495937,-15.294920282812,-100.5540531582011,-102.6884990468341,-551.1552136643083,-0.000326703614188508,0.001753501141358053,-9.797021285699197e-05,3.225122474305564e-10,0.3499960720569781,0.01292152865274695,-0.3497574653278892,0.0006090786045392602,2.248661418990993e-05,-0.0006086633705832533
897428.7945007486,-15.3580091497494,-100.5989406032913,-102.7301401260288,-548.9897889172886,-0.0003293231494224721,0.001759902654325413,-9.736085932229335e-05,3.230396751662004e-10,0.3489578307731023,0.01278200355062311,-0.3487236556976038,0.000609510277623054,2.232579941094609e-05,-0.0006091012536588597
899497.5815300351,-15.41928816075302,-100.6415329036239,-102.7537615904317,-546.8671524144379,-0.0003318683932226509,0.001766241161091721,-9.676136135163192e-05,3.235476824815139e-10,0.3479479835432245,0.0126583973004172,-0.3477176501553823,0.0006099523041696642,2.219015187804752e-05,-0.0006095485300790345
901571.1376059571,-15.48294481586233,-100.6956300725961,-102.9033551762261,-544.8283846211182,-0.0003347244452011057,0.001772219948123237,-9.617891138294397e-05,3.240114861578164e-10,0.3470034658093807,0.01246837790740944,-0.3467793892896175,0.0006103958804194385,2.193247981671807e-05,-0.0006100017189829146
903649.4737223014,-15.54251946176685,-100.7456813261804,-103.0282102072011,-542.8885139530488,-0.0003374182291131451,0.001777964313031436,-9.561604699168293e-05,3.244213882527184e-10,0.3460842465577157,0.01230488058175917,-0.3458654299424711,0.0006107845005336418,2.17161873590294e-05,-0.0006103983234730562
905732.6008982003,-15.6026163471338,-100.7892116338561,-103.0666783492042,-540.847706941816,-0.0003399981011038388,0.001784157559861856,-9.503752645575977e-05,3.248965793219061e-10,0.345109862800036,0.01217974320323142,-0.3448948698623437,0.0006112056998614403,2.157089457908968e-05,-0.0006108249373185174
907820.5301781857,-15.65649771040468,-100.8313249441936,-103.1281113774045,-539.0152785042653,-0.0003424216420974154,0.001789720516703517,-9.449769323807904e-05,3.252513112616015e-10,0.3442909375673354,0.01206942691039023,-0.3440793202519581,0.0006116729858464991,2.144274388369755e-05,-0.0006112970230167244
909913.2726322517,-15.71643865141956,-100.8757094743986,-103.1752948025781,-537.0076940548704,-0.00034504202060088,0.001795877784400397,-9.392920353823121e-05,3.257163980497295e-10,0.3431922885245727,0.01193651653157916,-0.3429846446647792,0.0006118399039609488,2.128030661675766e-05,-0.0006114697184891823
912010.8393559096,-15.77436334257447,-100.9175035450712,-103.2025703948246,-535.0430237802192,-0.0003475749091936842,0.001801966072101337,-9.337031790279523e-05,3.261605462598397e-10,0.3422113130851907,0.01182408754782941,-0.3420069791059119,0.0006121752166149883,2.115188212397032e-05,-0.0006118096875011227
914113.2414702504,-15.83217855203253,-100.9646650700753,-103.2954807973396,-533.1644563718589,-0.0003502321803084591,0.001807739782773728,-9.282849745837111e-05,3.265569584361388e-10,0.3413063519174679,0.01168311553529696,-0.3411063333780235,0.0006125396859768085,2.096759079055192e-05,-0.0006121807143589278
916220.4901219996,-15.89323779720516,-101.0042572955926,-103.2715693234807,-531.075484288194,-0.0003528164893504457,0.001814363712821452,-9.225212641569887e-05,3.270874475942413e-10,0.340415325922215,0.01158849655170251,-0.3402180196144804,0.0006131906165662689,2.087437551868113e-05,-0.0006128352084301505
918332.596483581,-15.94459920644598,-101.0400404614139,-103.2650412721612,-529.2775533849526,-0.0003551087015712326,0.001820084148884162,-9.172835551232208e-05,3.274437125231429e-10,0.3393431590697447,0.011510980652865,-0.3391478688298711,0.0006131900107916426,2.080023764174946e-05,-0.0006128371230993612
920449.5717531712,-15.99919524797686,-101.0751390840825,-103.227152966221,-527.3643220551373,-0.000357473144678591,0.001826249946639835,-9.118656930386276e-05,3.278758176634345e-10,0.3382926915675445,0.01143884950778764,-0.3380992426639728,0.0006133646423689948,2.073998644471468e-05,-0.0006130138966375215
922571.4271547634,-16.05095645552608,-101.0980112668909,-103.057520677506,-525.3850999272943,-0.0003595234354135497,0.001832843006499572,-9.063540580065162e-05,3.283540518006536e-10,0.3373452478878174,0.0114427152625779,-0.3371511241860429,0.0006138311557961958,2.082108812574922e-05,-0.0006134779296073767
924698.1739382225,-16.10481330220236,-101.1325423026922,-103.0158213411473,-523.5019972783052,-0.0003618823603600435,0.001839000417235913,-9.010283888685233e-05,3.287772728113708e-10,0.336372928886471,0.01137747717281572,-0.336180457940144,0.0006141186941242441,2.077194929725217e-05,-0.0006137672984081664
926829.8233793494,-16.16244360184348,-101.1721832672681,-103.0100489038776,-521.5676163442091,-0.0003644517629385486,0.001845317416028798,-8.956343678623974e-05,3.292376650592294e-10,0.3354466259771914,0.01128442916171726,-0.3352567680718406,0.0006145425228627522,2.067321901332603e-05,-0.0006141947007441071
928966.3867799363,-16.21217787284176,-101.1910588739112,-102.8032861667416,-519.6201004281005,-0.0003664040351801202,0.001851992369667552,-8.902378890123415e-05,3.297115713470508e-10,0.3343687703127036,0.01130811685028627,-0.3341774993229344,0.0006147508392164249,2.079044139549766e-05,-0.0006143991795761768
931107.8754678305,-16.26871467470033,-101.2342036366029,-102.8453942543922,-517.7847317459779,-0.000369047140913043,0.001858002259066835,-8.85053189712072e-05,3.301192818607994e-10,0.3334571269558196,0.01119625518919412,-0.3332691095606793,0.0006150828124744296,2.065220255995118e-05,-0.0006147360024684394
933254.300796991,-16.31118260566176,-101.2481875964738,-102.6268638712757,-516.0253939253555,-0.0003707423966274203,0.001864156070329276,-8.800172914716413e-05,3.304829492008047e-10,0.3324665463704022,0.01125166877313646,-0.332276096650485,0.0006152430319493079,2.082167630412184e-05,-0.0006148905969016468
935405.674147552,-16.36688516220048,-101.2790688936141,-102.5239993396581,-514.0597692519835,-0.0003731284909178366,0.001870882400003764,-8.746488885230631e-05,3.309836300015782e-10,0.3314870892995227,0.01120957827875495,-0.3312975033517189,0.0006156360551589412,2.081836902339349e-05,-0.000615283957147323
937562.0069258802,-16.41096532649925,-101.2994016680166,-102.3706961920275,-512.3431326794115,-0.0003750182408520384,0.001876884962955042,-8.697231918822996e-05,3.313288188106899e-10,0.3305616581721014,0.01123053881435025,-0.3303708292985756,0.0006158563847995053,2.092317382421697e-05,-0.0006155008590533712
939723.310564638,-16.46421001012055,-101.3243129723172,-102.2109185454881,-510.3884346762874,-0.0003772408137326709,0.001883745407603777,-8.644123367213064e-05,3.318327963574395e-10,0.3295950840378436,0.01122382804478951,-0.329403923938277,0.0006162790429405811,2.098638705660529e-05,-0.0006159216105366566
941889.5965228414,-16.50680951355954,-101.3397524616561,-102.0077552431715,-508.6620020302223,-0.0003790100480956587,0.001889934832840211,-8.595070195593391e-05,3.321932743402395e-10,0.3286255787696487,0.01127150677008398,-0.3284322215569272,0.0006164434814244902,2.114335378354916e-05,-0.0006160807774809481
944060.8762859236,-16.55601938187881,-101.3610785261256,-101.8309601082266,-506.801872221372,-0.0003810786745059253,0.001896588085764687,-8.543942997573105e-05,3.326457055328933e-10,0.3276623788518687,0.01128563012540351,-0.3274679664754067,0.0006167711307176931,2.124336299363069e-05,-0.0006164051810420663
946237.161365793,-16.59693845520361,-101.3751450647212,-101.6220102403247,-505.1198140768403,-0.0003827959432759737,0.001902715910063763,-8.496000637720726e-05,3.329858101979577e-10,0.3266575918739382,0.01133974826106731,-0.3264607058104482,0.0006168211693240782,2.141262580828531e-05,-0.0006164493932045984
948418.4633008973,-16.64379327286768,-101.3909930126104,-101.3948013509298,-503.2704854200819,-0.0003847093579136593,0.001909494991096799,-8.445426630359853e-05,3.33440746782356e-10,0.325579788854517,0.01138099512498407,-0.3253808105290123,0.0006169346525772145,2.156562082099159e-05,-0.0006165576125141701
950604.7936562814,-16.68904083978588,-101.4079269871847,-101.1909994696047,-501.4933355895849,-0.000386615960137891,0.001916033327647478,-8.396248769137243e-05,3.338527559221582e-10,0.3246269075194388,0.01142031408000945,-0.3244259630669966,0.0006171956818973762,2.171282901332376e-05,-0.0006168136370160807
952796.1640236521,-16.73258125918088,-101.4251146952206,-101.0012362591026,-499.779573686185,-0.0003884948745736021,0.001922370556886765,-8.34831127705316e-05,3.342270758940128e-10,0.3237116355613708,0.01145945051099841,-0.3235087386637396,0.0006174517363137951,2.185790326303095e-05,-0.0006170647281621794
954992.5860214359,-16.76957991853423,-101.4406430684143,-100.8346492383855,-498.2597239221909,-0.0003901810988330941,0.001928023036254351,-8.303781533654731e-05,3.344755284715029e-10,0.3228424790946898,0.01150951467117463,-0.3226372535527156,0.0006175612621220369,2.201640387186462e-05,-0.0006171686887993542
957194.0712948447,-16.81294805698021,-101.453189454143,-100.5905749190507,-496.4944141580637,-0.0003919747079926577,0.001934706637935074,-8.25533113926174e-05,3.348927647433802e-10,0.3218404516642051,0.01157145682946346,-0.3216323642208032,0.0006177285516209605,2.22098223838776e-05,-0.000617329156348059
959400.6315159331,-16.85383317078343,-101.4641807818598,-100.3444506438233,-494.7918483775116,-0.0003936805880689151,0.001941212937946902,-8.208100545694582e-05,3.35272239635227e-10,0.3209709194280438,0.01164664361887676,-0.3207595467182523,0.0006180775245505468,2.24273546965103e-05,-0.0006176704947752068
961612.2783836648,-16.90680115843223,-101.4985744736106,-100.2942468959329,-493.024760010728,-0.0003962126805131692,0.001947695583435643,-8.159975635325221e-05,3.357000464013955e-10,0.3199670763881289,0.01158607457328535,-0.3197572404940176,0.00061819921541846,2.238512253147089e-05,-0.0006177937975030589
963829.0236239705,-16.93143100627877,-101.4830938575254,-99.84349093872144,-491.4887055573364,-0.0003969448669876032,0.001953997371477168,-8.115843686587835e-05,3.359747113384614e-10,0.3190750657450211,0.01180760094962777,-0.3188565165399695,0.000618357828609074,2.288277357945887e-05,-0.0006179342868585948
966050.8789898136,-16.96837735524869,-101.4964421248713,-99.6506730300603,-489.9544354692557,-0.0003986256442332817,0.001959930590985269,-8.071900972366213e-05,3.362516607734843e-10,0.3183292971387053,0.011873514423418,-0.3181077821620512,0.000618736086153534,2.307852877277605e-05,-0.0006183055278891476
968277.856261249,-17.01218689343768,-101.5170544979959,-99.49767626578412,-488.3026846011521,-0.0004006521582278808,0.00196627229696617,-8.026186437785039e-05,3.366131048321361e-10,0.3173220797153074,0.01188929978977024,-0.3170992696701727,0.0006187400357200758,2.318271008184831e-05,-0.0006183055828278939
970509.9672454898,-17.0505958897842,-101.5387570689897,-99.39208627939938,-486.8418265017472,-0.0004025702794769492,0.001971867756200812,-7.983769956691296e-05,3.368466623747984e-10,0.3165704550798523,0.01190868828244789,-0.3163463863755303,0.0006189991551144828,2.328539466355948e-05,-0.0006185610272461448
972747.2237769651,-17.09514175638043,-101.563911904804,-99.28610932464898,-485.2356521676023,-0.0004047350494623176,0.001978039798485465,-7.939128554593594e-05,3.371843653593429e-10,0.3157995500648988,0.01190844980267352,-0.3155749429921358,0.0006194000296233219,2.335688622427734e-05,-0.0006189594918597485
974989.6377173872,-17.13873751431066,-101.5918478097356,-99.21791892484612,-483.7014046675425,-0.0004069456238754058,0.001983917542565495,-7.895824381637909e-05,3.374759146437294e-10,0.3148895450939866,0.01188788061027952,-0.3146650662277171,0.0006194318239301948,2.338512562203978e-05,-0.0006189902425702116
977237.2209558106,-17.18328255265373,-101.6178663777045,-99.12054543126803,-482.1143550472485,-0.0004091509114565656,0.001990077101932998,-7.851817460071992e-05,3.378081076569849e-10,0.3140774798334133,0.01188177727700299,-0.3138526512668769,0.0006197295346645645,2.344481465774194e-05,-0.0006192859087701106
979489.9854086991,-17.23194459573973,-101.6502881638608,-99.06979130854916,-480.4889658700821,-0.0004116168831370733,0.001996343869315608,-7.807348228009497e-05,3.381712733725904e-10,0.313178990317425,0.01183763610610915,-0.312955189040957,0.0006198936021347133,2.343092963911271e-05,-0.0006194506191003422
981747.9430199844,-17.28801995766031,-101.6903151605082,-99.05780908882963,-478.7395711946016,-0.0004144608377976543,0.00200306069344087,-7.76103171399914e-05,3.386263934588152e-10,0.3122421905413785,0.01175102991865649,-0.3120209910405538,0.0006201266409767279,2.333805914837696e-05,-0.0006196873290977204
984011.1057611339,-17.3348889576796,-101.7135139085527,-98.91042109718032,-477.0536950878407,-0.0004167044273773897,0.002009802249699587,-7.71591430716173e-05,3.390415052780734e-10,0.311450337819843,0.011761912177221,-0.3112281644550018,0.0006206058242128641,2.343715936274223e-05,-0.0006201631145174097
986279.4856312105,-17.39095119437284,-101.7487589849416,-98.84149115274801,-475.2504236732128,-0.0004194728947278194,0.002016912822882708,-7.669068984609506e-05,3.395452183922828e-10,0.3103702656608633,0.01169679581450753,-0.3101497811930046,0.0006206385819030855,2.338974950344702e-05,-0.0006201976853913911
988553.094656939,-17.42953883064918,-101.7564155962338,-98.56806918146096,-473.6182654821945,-0.0004211772016047238,0.002023750869233748,-7.625153216101131e-05,3.399317176075366e-10,0.3094978310930821,0.01178891533356729,-0.3092732269799311,0.0006209267395612149,2.365138629625364e-05,-0.0006204761299424711
990831.9448927676,-17.46639774173923,-101.7600844419382,-98.26031846243917,-471.9880142257716,-0.0004227563514832033,0.002030686791577657,-7.581429518028823e-05,3.403213234394358e-10,0.3085255780589973,0.01189828090825986,-0.3082960642435557,0.0006210226717290671,2.394972321295682e-05,-0.0006205606896666363
993116.048420934,-17.50993986791888,-101.7736366971727,-98.02265288956731,-470.2888891269475,-0.0004247448610395397,0.002037822717221366,-7.536762849091046e-05,3.407653384094234e-10,0.3075315430402054,0.01195319964119026,-0.3072991555195483,0.0006211441399801014,2.414275894348476e-05,-0.0006206747697645013
995405.417351527,-17.54547013779281,-101.7789271330233,-97.74232817593935,-468.7272863282158,-0.0004263405141939923,0.002044533172058398,-7.494460375720526e-05,3.411142760291927e-10,0.3066764448394277,0.01205748097521186,-0.3064393234751098,0.0006213847694291393,2.443074830739335e-05,-0.0006209043164736781
997700.0638225536,-17.57414243448783,-101.7819497449313,-97.48037906763133,-467.347723601738,-0.0004277024983122931,0.002050523304042003,-7.455216557667822e-05,3.413343535678312e-10,0.3058732913399883,0.01217549213711561,-0.305630868444888,0.0006214957297756126,2.47390556330821e-05,-0.0006210031572026865
1000000,-17.60153248285867,-101.7915979869058,-97.30180669815184,-466.0989202126729,-0.0004291795604043387,0.002055872716756157,-7.418194712164183e-05,3.414617288091457e-10,0.3050944709705523,0.0122587790325583,-0.3048480909460187,0.0006214676555348319,2.497073985263697e-05,-0.0006209657873242071
