Frequency (Hz),Trace M (dB),Trace th (deg),Trace Rs (Ohm),Trace Xs (Ohm),Trace Gp (S),Trace Bp (S),Trace Ls (H),Trace Cs (F),Trace Vrms (V),Trace Vreal (V),Trace Vimag (V),Trace Irms (A),Trace Ireal (A),Trace Iimag (A)
10000,33.32374660243635,-88.92770458668082,884.9300978434018,-47278.79964847094,3.957527672867558e-07,2.11437217928026e-05,-0.7524654667505515,3.366306764876646e-10,0.7113641764718489,0.01523216841974114,-0.7112010774828061,1.504346589384179e-05,3.221199684922535e-07,-1.50400167827393e-05
10023.05238077899,33.30720037602036,-88.95436317573315,861.3314112118472,-47191.50523748442,3.866321578614004e-07,2.118319762311395e-05,-0.7493487058788548,3.364777115740994e-10,0.7113531916211755,0.01490545413839021,-0.7111970125545812,1.507118979380938e-05,3.157966126090451e-07,-1.506788088287429e-05
10046.15790278395,33.27034916451775,-89.04406623461585,784.2064984316647,-46998.60500582394,3.549274630842994e-07,2.127130504092823e-05,-0.744569254981303,3.370816911104386e-10,0.7113757123309061,0.01379684884717874,-0.7112419075505831,1.513394045396001e-05,2.935167525207318e-07,-1.513109386594363e-05
10069.31668851804,33.25875963698509,-89.05187593517354,776.786512103385,-46937.45033173638,3.524875296185471e-07,2.129911585259992e-05,-0.7418901865450831,3.367445974439971e-10,0.7113756846731392,0.01370434828997137,-0.7112436682193555,1.515369190070595e-05,2.919293928096699e-07,-1.515087969231935e-05
10092.52886076684,33.22977643283398,-88.93961173705297,865.8819927763666,-46780.71331735338,3.955271191071087e-07,2.136900977563944e-05,-0.7377122095498211,3.370957615230354e-10,0.7113620519796203,0.01510208420658531,-0.7112017266917124,1.520364993398559e-05,3.227706635622918e-07,-1.520022336723786e-05
10115.79454259898,33.21067992859875,-89.01902309565266,799.3439247141462,-46682.60570418409,3.666875675039903e-07,2.141497620881615e-05,-0.7344719609461274,3.370272699009616e-10,0.7113812690771751,0.01412119954420776,-0.7112410995698188,1.523638929433101e-05,3.024483535215735e-07,-1.523338713884266e-05
10139.11385736679,33.18611242394464,-89.02609511545666,791.3884241639704,-46553.67309350659,3.650533203390541e-07,2.147437644759169e-05,-0.7307588509357148,3.371833949451215e-10,0.7113593436553063,0.01403745500044853,-0.7112208276357059,1.52781482095739e-05,3.014880171251366e-07,-1.527517324580105e-05
10162.48692870695,33.14434072434451,-89.19325740297364,652.5239069868531,-46339.92960410781,3.038082649386042e-07,2.15753836137757e-05,-0.7257307104809845,3.379595801658782e-10,0.7114237363621954,0.01196795886633123,-0.7113230634670299,1.535070393244533e-05,2.582379302835099e-07,-1.534853166895633e-05
10185.91388054117,33.14410621107781,-88.90926207798186,882.0882577644044,-46329.94584000634,4.108005868412385e-07,2.157649052900183e-05,-0.7239055798128392,3.372549550166052e-10,0.7113586588410824,0.01549665913910679,-0.711189844601081,1.535134698302593e-05,3.344228520528263e-07,-1.534770391782707e-05
10209.3948370768,33.1261406461668,-88.90703136794383,882.1025120244855,-46236.11234690309,4.124757236835336e-07,2.162024667272757e-05,-0.7207778665428538,3.371621552373975e-10,0.7113875891241147,0.01552948701811484,-0.7112180657103518,1.538311555515421e-05,3.358111625282356e-07,-1.537944976409588e-05
10232.92992280754,33.09484425137618,-88.92799556823205,862.1441771497209,-46073.93124060129,4.05991853989607e-07,2.16966503523841e-05,-0.71659768609125,3.375707913360037e-10,0.7113824862144484,0.01527366380744642,-0.7112185015074812,1.543726013444078e-05,3.314440908662824e-07,-1.543370160632324e-05
10256.51926251407,33.08104164100479,-88.98387401738492,815.9560575283549,-46004.07595688933,3.854229270371343e-07,2.173036825616896e-05,-0.7138655818328021,3.373058084060056e-10,0.7114000408083508,0.01458492003114227,-0.7112505171666369,1.546135702299065e-05,3.169843165837102e-07,-1.54581073206076e-05
10280.16298126474,33.04448281114868,-89.03854676082183,768.8982742898568,-45816.57127321487,3.661857321818257e-07,2.182001866662833e-05,-0.7093208353742634,3.379072783945554e-10,0.7113986964650707,0.0139107373233412,-0.7112626777213343,1.55248588182875e-05,3.035741196550793e-07,-1.552189048027446e-05
10303.86120441616,33.03225586578918,-89.02422819432427,779.2689618486025,-45753.0189887142,3.721533216981057e-07,2.185014266957877e-05,-0.7067078048673912,3.375983968296689e-10,0.7113891568606135,0.01409284638651238,-0.7112495512684566,1.554614886848457e-05,3.07974173899777e-07,-1.554309803576156e-05
10327.61405761398,33.01876877030588,-89.02826574730395,774.867003415534,-45683.63420689374,3.711769083064693e-07,2.188338131624531e-05,-0.7040131594643391,3.373335107545945e-10,0.7114165816757834,0.01404782714565159,-0.7112778720273409,1.557037912443018e-05,3.074569811361802e-07,-1.556734326348724e-05
10351.42166679344,32.99000130029815,-89.03231047759743,769.1451312274154,-45535.8651053232,3.70832016558808e-07,2.195444786318758e-05,-0.7001219979982636,3.376498334090626e-10,0.7114183085194004,0.01400221995261376,-0.7112804984905767,1.562096309167476e-05,3.074536576609999e-07,-1.561793712882261e-05
10375.28415818013,32.94654843649398,-89.04199956647511,757.727548537026,-45313.70048791793,3.689203376484223e-07,2.206221182848453e-05,-0.695103797880247,3.385248870727097e-10,0.7114514230175983,0.01388716524089253,-0.711315874949616,1.569832476779189e-05,3.064232117645638e-07,-1.569533387126123e-05
10399.20165829059,32.92947233880505,-88.91643916336066,855.3388504124622,-45222.62327735093,4.180915211103934e-07,2.210491823855831e-05,-0.6921112091748888,3.384265138799908e-10,0.7114048433019262,0.01544951871298996,-0.7112370655730585,1.572829649550373e-05,3.41570082518556e-07,-1.572458713382337e-05
10423.17429393304,32.93594281507492,-88.96628639832421,816.6057089623218,-45257.2007469987,3.985617921780882e-07,2.208873981741851e-05,-0.6910473725436613,3.373901840832983e-10,0.7115129617250748,0.01483759471284419,-0.7113582363942412,1.571892069903045e-05,3.277958198963502e-07,-1.571550246867298e-05
10447.202192208,32.87690069869988,-89.11405337410311,695.2824493425503,-44961.59676440095,3.438539142815974e-07,2.223588565252733e-05,-0.6849547125350122,3.388273079870906e-10,0.7115007079005551,0.01300732982838843,-0.7113818009435767,1.582267700234617e-05,2.892629286973789e-07,-1.582003269524611e-05
10471.285480509,32.86319495541437,-89.08454346120027,717.3226736653824,-44891.3329493036,3.55859596264727e-07,2.227032855032359e-05,-0.6823114081040647,3.385771388278223e-10,0.7114366932898605,0.01337714241678424,-0.7113109169835453,1.584588820715511e-05,2.979501974902942e-07,-1.584308678110023e-05
10495.42428652322,32.84104319708234,-88.97888486950829,798.0777133161196,-44776.18835952289,3.979357842265372e-07,2.232620624811777e-05,-0.6789960572992302,3.38667101464231e-10,0.7113907224908962,0.01469252537891126,-0.711238982160082,1.588511488901627e-05,3.280791360851342e-07,-1.588172657860952e-05
10519.61873823223,32.82665619453794,-88.83825567688692,906.4553439115028,-44699.11912438806,4.534923047175714e-07,2.236260913096127e-05,-0.6762684026413033,3.384707681067073e-10,0.7114061629861375,0.01644317585772822,-0.7112161068918298,1.591210465978256e-05,3.677864331243917e-07,-1.590785365294399e-05
10543.86896391259,32.81331234459168,-89.00182467060932,777.723431170277,-44637.21023413993,3.90210793072625e-07,2.239603502726371e-05,-0.6737785417203528,3.381606640786645e-10,0.71144745528973,0.01441821181344889,-0.7113013403659063,1.593595587564087e-05,3.229584778979844e-07,-1.59326829972835e-05
10568.17509213659,32.77423399972996,-89.11989953622574,682.7529221250708,-44444.68075693207,3.455584440572482e-07,2.249457194732175e-05,-0.6693294324646641,3.388444218830853e-10,0.7114783637771165,0.01295756552402409,-0.7113603612928214,1.600622442375541e-05,2.915080940226846e-07,-1.600356970599821e-05
10592.53725177289,32.75915310171894,-89.06087854321437,727.281944928044,-44367.48189416074,3.69365699665014e-07,2.253297515014333e-05,-0.6666300894824788,3.386533303805684e-10,0.7114426895432383,0.01369432934072224,-0.7113108784831176,1.603300856442509e-05,3.086141762800606e-07,-1.603003808221076e-05
10616.95557198725,32.72683369580758,-88.97898757353606,787.7953371397933,-44203.74211669097,4.030485970506292e-07,2.261533599475803e-05,-0.6626423190083988,3.391260059786605e-10,0.7114679878379369,0.01471617951111886,-0.7113157750104796,1.609257658573961e-05,3.32862827113055e-07,-1.608913370900438e-05
10641.43018224316,32.71630907569305,-88.95279984320548,807.0333410002572,-44150.54289246377,4.138798620646347e-07,2.264221274893501e-05,-0.660322627803507,3.387537280783283e-10,0.7114484337035418,0.01504557888632827,-0.7112893253628921,1.611139129302721e-05,3.407207004531166e-07,-1.610778814118549e-05
10665.96121230258,32.69355633221485,-89.05257421272051,728.3086181135824,-44040.60685249139,3.753964016917016e-07,2.270010944476539e-05,-0.6571634883929633,3.388182827661704e-10,0.7114886549687501,0.01381241434351408,-0.7113545693669537,1.615301170930703e-05,3.135848886225501e-07,-1.614996754791284e-05
10690.54879222658,32.6694685788389,-88.96949304582778,789.9961707272405,-43918.73865211763,4.094348187451737e-07,2.276195944468062e-05,-0.6538377483416158,3.389770321411801e-10,0.7114503260045202,0.01484781286863558,-0.711295373825077,1.619655566376597e-05,3.380185781382425e-07,-1.619302809267936e-05
10715.19305237607,32.65534503764241,-89.00586393431966,760.9163468835574,-43850.05392045288,3.956087580340481e-07,2.279812418572088e-05,-0.6513137749523474,3.38727143649719e-10,0.7114903657652256,0.01440182744239338,-0.7113445915609776,1.622301982631597e-05,3.28382706745217e-07,-1.621969596148312e-05
10739.89412341244,32.61387639769317,-89.00746115603364,756.1548698916371,-43645.7969874837,3.968218372698263e-07,2.290483872987708e-05,-0.6467889027509569,3.395296481239527e-10,0.7114817712506434,0.01438656633029359,-0.711336304100372,1.629875223180901e-05,3.295700460066129e-07,-1.629541984419777e-05
10764.65213629835,32.59619399741953,-88.88512184567968,847.6155261146473,-43555.12991986772,4.466381654322395e-07,2.295071612449595e-05,-0.6439608206550343,3.39453912074781e-10,0.7114207672020171,0.0159087837271782,-0.7112428689320044,1.633063865040868e-05,3.651855700499607e-07,-1.632655500188724e-05
10789.46722229829,32.5875366852581,-88.94646007148872,800.2259644400189,-43514.63259994722,4.224692943162647e-07,2.297300630553231e-05,-0.6418823777319104,3.38988379269898e-10,0.7114659884659814,0.01515307799222587,-0.7113046021018263,1.63472068194055e-05,3.481691379563991e-07,-1.634349867830608e-05
10814.33951297938,32.5537772013413,-89.02825843508181,735.3251327422398,-43352.048045849,3.911427122456865e-07,2.306032651273831e-05,-0.638013327709306,3.394771224987352e-10,0.7114651960679104,0.01414232800050736,-0.7113246233434326,1.640890973938173e-05,3.261722217019115e-07,-1.64056676339906e-05
10839.26914021203,32.54412729415225,-88.97751512499562,772.8629769006027,-43303.41396153822,4.12021532343587e-07,2.308551387426118e-05,-0.635831834746617,3.390767368074951e-10,0.7115046197909219,0.01477790353293531,-0.7113511352004688,1.642799531560032e-05,3.412083678174766e-07,-1.642445149583746e-05
10864.25623617066,32.50847191480118,-88.85839858438978,859.3896006686791,-43126.15622070296,4.618874550742804e-07,2.317857992279323e-05,-0.6317727407999209,3.39687354610588e-10,0.7114541881605351,0.01626039713844614,-0.7112683469240466,1.64937006991848e-05,3.769661182891168e-07,-1.64893923265823e-05
10889.30093333433,32.48777381486772,-89.05609506873392,708.982671303665,-43031.91823528266,3.827686276440576e-07,2.323225793025852e-05,-0.6289423480717785,3.396482846375643e-10,0.7115303080079685,0.01381239223338793,-0.7113962306863212,1.653262767233795e-05,3.209352229818688e-07,-1.652951234413176e-05
10914.40336448757,32.44988181818192,-88.95870661525905,778.7652109893966,-42845.79907596986,4.240788328149107e-07,2.333180297059633e-05,-0.6247818122473178,3.40339130346105e-10,0.7115058672115583,0.0150258706142622,-0.7113471882904684,1.660338459455302e-05,3.506370364229305e-07,-1.659968173379625e-05
10939.56366272094,32.43088371931152,-89.08043986274444,686.2961819441817,-42757.94140255411,3.752892601437056e-07,2.338144465378588e-05,-0.6220666509616062,3.402540818231609e-10,0.7115198080394773,0.01351957285082916,-0.7113913538850931,1.663843131853875e-05,3.161464822101221e-07,-1.663542750107485e-05
10964.78196143185,32.41004529681894,-89.05812331006881,701.2969748970144,-42657.10971641042,3.853024285910202e-07,2.343641646653353e-05,-0.6191723550235991,3.402739524591867e-10,0.7115328465474655,0.01380175201752441,-0.7113989762131977,1.667796052896925e-05,3.235059020757917e-07,-1.667482267783313e-05
10990.05839432521,32.39074078931929,-88.95993469997329,772.6861702099731,-42561.5522407333,4.264077677345217e-07,2.34876424374925e-05,-0.6163644615641332,3.402535563206028e-10,0.7115259778311012,0.01502557421342909,-0.7113673096565947,1.671474803249438e-05,3.529719150755007e-07,-1.671102069345085e-05
11015.39309541415,32.36428877850101,-89.12672445876512,646.9007169893708,-42439.99626415804,3.590757415926466e-07,2.355720550545022e-05,-0.6131905717512998,3.404433023953514e-10,0.7115331279417281,0.01295969656763469,-0.7114150957235968,1.676360512229615e-05,3.053283497748776e-07,-1.676082430237539e-05
11040.78619902073,32.35140910526361,-88.94576208140012,779.7501062868176,-42373.11846400519,4.341377452636873e-07,2.359187893844001e-05,-0.6108162169070026,3.401963928495857e-10,0.7115118825397035,0.0152109755517786,-0.7113492709056193,1.678866954078224e-05,3.589146551146719e-07,-1.678483259433746e-05
11066.23783977666,32.30221213300281,-89.00745724046838,730.0885131587972,-42141.06205460114,4.109928132739632e-07,2.372270394070162e-05,-0.6060739368012203,3.412829994150353e-10,0.7115367325837452,0.01445038920607457,-0.711389983108945,1.688203296178693e-05,3.428522179055439e-07,-1.687855116055693e-05
11091.74815262401,32.31227148443247,-88.95325014596892,770.8121173658466,-42187.12555710068,4.329559395982745e-07,2.369600343977961e-05,-0.6053409683362295,3.401262854582424e-10,0.7115238653136023,0.01512804789219217,-0.7113630248176952,1.686301046120158e-05,3.585324994702159e-07,-1.685919856521708e-05
11117.31727281591,32.27626005496732,-88.98778881579342,742.3773302838874,-42017.57825155757,4.203655478093057e-07,2.379213585708777e-05,-0.6015214922252616,3.407133213214242e-10,0.7115098725362075,0.01470384628477984,-0.7113579237071334,1.693090535425439e-05,3.498889325368341e-07,-1.69272896191212e-05
11142.9453359173,32.255544971411,-88.96932900934461,754.149048283258,-41919.19357136992,4.290331085040013e-07,2.384770220800004e-05,-0.5987328005464283,3.407275201385206e-10,0.7114775334288369,0.0149372757069873,-0.711320714142668,1.696977315108542e-05,3.562757337131675e-07,-1.696603278320736e-05
11168.63247780561,32.25556921272612,-89.06123416924889,686.9357061707441,-41922.05705547069,3.907638038560907e-07,2.384738823926557e-05,-0.5973965584611616,3.399206487386281e-10,0.7115490007462142,0.01380258297654303,-0.711415117330319,1.697078605208574e-05,3.291982455395484e-07,-1.696759286819441e-05
11194.37883467151,32.24511612738844,-89.02592347382503,711.9233141211173,-41871.73206501453,4.059437257277922e-07,2.387555875752106e-05,-0.5953070940681656,3.395464587098907e-10,0.7115809137671213,0.01424659958202473,-0.7114382835060261,1.699176985791133e-05,3.401931342902822e-07,-1.698836400409427e-05
11220.18454301964,32.1934119604013,-88.9625944484161,753.7863168622687,-41626.97498773003,4.348667091864593e-07,2.401500958740383e-05,-0.5904661202191717,3.407573872016533e-10,0.7115823533977914,0.01503792918323884,-0.7114234367470749,1.709138014896168e-05,3.61193561218374e-07,-1.708756315592296e-05
11246.04973966926,32.18492255646269,-88.94957022348885,762.515925272143,-41586.83459876927,4.40748869335621e-07,2.40379901863863e-05,-0.5885400160193353,3.403018158879535e-10,0.7115435235865726,0.01520378346429899,-0.7113810729323392,1.710687230030004e-05,3.655281421074328e-07,-1.710296667470589e-05
11271.97456175511,32.17017742062318,-88.88796963874228,805.8680933431872,-41515.99127807679,4.673793614696278e-07,2.407803169601715e-05,-0.5861861374035178,3.400985024392155e-10,0.7115037600411143,0.01597268892410555,-0.7113244504170915,1.713475796844501e-05,3.846615776197666e-07,-1.71304397523208e-05
11297.95914672798,32.14122247894854,-88.92643892711654,775.476076928795,-41382.18833088799,4.526776129152253e-07,2.415650306715358e-05,-0.582953057564207,3.404134246985388e-10,0.711552462525731,0.01550114094530381,-0.7113835966311183,1.719155705342294e-05,3.745173588584188e-07,-1.718747714671963e-05
11324.00363235557,32.12576387400561,-88.93434427488096,768.4315708864489,-41310.53570302848,4.50125173278717e-07,2.419852690345812e-05,-0.5806052499069669,3.402195805618891e-10,0.7115348883055259,0.01540760845346995,-0.7113680502227393,1.722099425400043e-05,3.72904183626148e-07,-1.721695633862589e-05
11350.10815672315,32.10267089084505,-88.91392612489706,781.1148157655192,-41202.74214139398,4.599457153143446e-07,2.426150973536879e-05,-0.577758378175387,3.403251239045445e-10,0.7115296152399057,0.01566600955505202,-0.7113571321833142,1.726580350176042e-05,3.80147553722033e-07,-1.726161807012314e-05
11376.27285823431,32.08377864818996,-88.9395858188938,761.0516738107621,-41116.07596586548,4.500306116495507e-07,2.431305711857456e-05,-0.575217104235756,3.402580994325905e-10,0.7115441562050048,0.01535276701628235,-0.7113785059828811,1.730269546401887e-05,3.733348800580012e-07,-1.729866732982374e-05
11402.49787561169,32.06127859481956,-88.92034585180804,772.8938471188638,-41011.57210951838,4.593596002473227e-07,2.437470480580154e-05,-0.5724354870664169,3.403405638972465e-10,0.7115827283411172,0.01559752855184016,-0.7114117628887386,1.73476165902683e-05,3.802508609278325e-07,-1.734344863761863e-05
11428.78334789772,32.03975166797004,-88.88420215725422,796.8212092344515,-40911.28242930334,4.758937289185569e-07,2.443386612264841e-05,-0.5697223080223974,3.403901923468148e-10,0.7115322704728391,0.01605021188292184,-0.7113512231118653,1.738869874688041e-05,3.922412388552119e-07,-1.738427424197806e-05
11455.12941445536,32.02741843326422,-88.95108871646204,748.04430279701,-40856.6424345377,4.479777173111023e-07,2.446762223358153e-05,-0.5676528275087963,3.4006149349956e-10,0.71157392192809,0.01522572625755797,-0.7114110089308806,1.741335660542515e-05,3.725979729288558e-07,-1.740936986275703e-05
11481.53621496883,31.99967172007598,-89.00467850910398,707.6350170521682,-40730.98167700688,4.264110944084857e-07,2.454392738445286e-05,-0.5646053759277945,3.403260979413723e-10,0.7115938712640222,0.01456580303131338,-0.711444780009363,1.746786003860936e-05,3.575542440366689e-07,-1.74642002190486e-05
11508.00388944436,31.96856773171485,-88.89608191377926,782.0575740248096,-40585.48743006925,4.746089965728128e-07,2.463020384224628e-05,-0.5612946436535645,3.407605930826056e-10,0.7115532516748714,0.01591839948647179,-0.7113751714298665,1.752887049623783e-05,3.921443159017986e-07,-1.752448355043261e-05
11534.53257821092,31.94531111358352,-89.03087840418031,684.8191616807055,-40483.57391169878,4.177283566121852e-07,2.469431018609059e-05,-0.5585974861473175,3.408327246504996e-10,0.7116483870256654,0.01425174472286479,-0.7115056672498017,1.75760950041299e-05,3.519856487985612e-07,-1.757257015058525e-05
11561.12242192099,31.94682405668668,-88.95400978573008,739.2328394241756,-40488.15728566021,4.507964411330411e-07,2.469034956107704e-05,-0.5573758441028814,3.400103366468037e-10,0.7116172819141049,0.01521073653327625,-0.7114546994805319,1.757292217294156e-05,3.756191650846477e-07,-1.756890730634897e-05
11587.77356155126,31.9182277072999,-88.85791974191969,804.5099430104715,-40355.23676358102,4.938090538485533e-07,2.477008700413156e-05,-0.554268287730321,3.403456717749431e-10,0.7115011719947533,0.01640632680297717,-0.7113119921600798,1.762736152560303e-05,4.064649016001932e-07,-1.762267461647287e-05
11614.48613840343,31.89153749851985,-89.04059799369726,673.8684704822219,-40239.8686227755,4.160449479695231e-07,2.48440085577572e-05,-0.5514126001241713,3.405364289729781e-10,0.7115900790528739,0.01414524125911556,-0.7114494730872999,1.768114185395639e-05,3.514720407481612e-07,-1.767764816553098e-05
11641.26029410492,31.85829901812409,-89.00771756018561,694.351988751348,-40088.84901207538,4.319189341825824e-07,2.493711146278971e-05,-0.5480797028795429,3.410331089555072e-10,0.7115806155098761,0.0145584674972596,-0.7114316716266892,1.77473389712783e-05,3.63098785920508e-07,-1.774362420231889e-05
11668.09617060962,31.82529108646783,-88.94148690294095,737.9278975033986,-39938.42298860218,4.624703216827838e-07,2.503000007118835e-05,-0.5447673163632248,3.415302840679691e-10,0.7115679313642119,0.01538571087092796,-0.7114015749539356,1.781349690639631e-05,3.851681630403612e-07,-1.780933231540056e-05
11694.99391019871,31.82020995290189,-88.95247917085196,729.8521144429988,-39915.94754559331,4.579275897172867e-07,2.504427032424902e-05,-0.5432085222838769,3.409366491262457e-10,0.7115740638383196,0.01525452362624749,-0.7114105339649653,1.782374319137338e-05,3.821003679565692e-07,-1.781964704086017e-05
11721.9536554813,31.80557696108006,-89.00960072934491,688.9404209502411,-39852.05567738545,4.336610701438963e-07,2.508531156968845e-05,-0.541091684871441,3.406978580911854e-10,0.7116427240717793,0.01455184974127078,-0.7114939285710103,1.785435744887683e-05,3.650904000485338e-07,-1.78506243283549e-05
11748.9755493953,31.76748789375396,-88.99905329985778,693.2996208003192,-39681.53451902973,4.401609343627587e-07,2.519294802250402e-05,-0.5375372807291533,3.41374968673361e-10,0.7115755013846937,0.01468662842982446,-0.7114239222265741,1.792933037471234e-05,3.700540739479564e-07,-1.79255110852644e-05
11776.05973520807,31.75599481010923,-88.98743605680646,700.4365615361247,-39629.97197553758,4.458467765756971e-07,2.522554679659933e-05,-0.535604104965815,3.41032969345974e-10,0.7115619311752475,0.01483579368234856,-0.7114072540561155,1.795225146942399e-05,3.742975660517992e-07,-1.794834906484391e-05
11803.2063565173,31.7280664205862,-88.8759052075392,775.103684009545,-39502.42625358113,4.965295314317268e-07,2.530515801014493e-05,-0.5326524176974202,3.41347212492337e-10,0.7115973239806638,0.01622659573175327,-0.7114122919147519,1.801045744123756e-05,4.10693522859356e-07,-1.800577429806646e-05
11830.41555725165,31.71174586638694,-88.93893401116166,730.3279741319546,-39431.97432112355,4.695392895719759e-07,2.535143369137262e-05,-0.5304795591252621,3.411706078997967e-10,0.7116149714616539,0.01544959775405499,-0.7114472415700327,1.804346176272625e-05,3.917346282810944e-07,-1.803920886191991e-05
11857.6874816716,31.68705783851248,-89.08739338420125,626.4545021040291,-39327.091187194,4.049446809760903e-07,2.542131366448594e-05,-0.5278517391812119,3.412937273710612e-10,0.7116843705318566,0.01361267827523535,-0.7115541709873535,1.809415415160416e-05,3.46094293098258e-07,-1.809084390519964e-05
11885.02227437018,31.66993376196786,-88.97886713055145,699.5634984596079,-39248.36164045516,4.53989830181988e-07,2.547067860931327e-05,-0.5255834292214476,3.411918110444349e-10,0.711630909732895,0.01496456207558322,-0.7114735508570602,1.812850791190252e-05,3.812161308271327e-07,-1.81244992585591e-05
11912.42008027375,31.65850271246621,-88.95103489299292,717.6976493839144,-39197.15879481636,4.669676258362371e-07,2.550350303871514e-05,-0.5236905293227052,3.408517619396599e-10,0.7116377878510877,0.01531557803435714,-0.7114729609528834,1.815220470073853e-05,3.906643412364158e-07,-1.814800035458453e-05
11939.88104464273,31.63626767462044,-88.97143382187342,701.9930305454831,-39099.9801154673,4.590286155081572e-07,2.556721927118414e-05,-0.52119071261297,3.409130256359642e-10,0.7116269090813808,0.0150673156604032,-0.7114673806489723,1.819715885439433e-05,3.852894446270935e-07,-1.819307951985922e-05
11967.40531307244,31.59319892496237,-89.0063503917174,674.902796503369,-38912.31346162335,4.455910906996744e-07,2.56910777179241e-05,-0.5174962218246022,3.417693243686728e-10,0.7116659586762719,0.01463982718744935,-0.711515363290589,1.828611987235964e-05,3.76167542646373e-07,-1.828225035290145e-05
11994.99303149379,31.57208961670766,-88.98151387347461,690.1245209625737,-38819.43649059634,4.578168446137621e-07,2.575215252317192e-05,-0.5150736802679822,3.417990921302101e-10,0.7116756053517921,0.01495375360844078,-0.7115184836009938,1.832997859304093e-05,3.851501744152595e-07,-1.832593175160506e-05
12022.64434617413,31.56458499613923,-88.98628670543988,686.3134567161065,-38786.86562401291,4.560549660027907e-07,2.5773853784177e-05,-0.5134578727738203,3.412993381290133e-10,0.7116156228091186,0.01489853752043369,-0.7114596462244096,1.834385144715261e-05,3.840508138028513e-07,-1.833983072134583e-05
12050.35940371797,31.55173209380148,-88.98704422735639,684.8115753574583,-38730.93577191491,4.56372389405703e-07,2.581108488553401e-05,-0.5115382597446085,3.410060951181444e-10,0.711619058304413,0.0148945252546524,-0.7114631664812298,1.837043363305736e-05,3.845019108094788e-07,-1.83664092883489e-05
12078.1383510678,31.51442556023509,-88.95861148654285,701.0791890020209,-38568.1757517031,4.711567327606182e-07,2.591954797799218e-05,-0.5082170479010822,3.416575593238901e-10,0.7116657923900733,0.01525391956120773,-0.7115022965502017,1.844900489878683e-05,3.954379144251069e-07,-1.844476648297006e-05
12105.98133550482,31.50268134440314,-88.93974714187452,712.8306449733818,-38516.77942867383,4.80327779248001e-07,2.595382122979692e-05,-0.5063724838295433,3.413266238942874e-10,0.7116072567953909,0.01549224994765766,-0.7114385975721452,1.84719915353778e-05,4.021497914254307e-07,-1.846761345784358e-05
12133.88850464977,31.47586052255315,-89.04464818884138,640.4092744313837,-38404.01788441638,4.340937535951521e-07,2.603170338434544e-05,-0.5037288152559005,3.415414897199618e-10,0.7116823321664426,0.0141965308228374,-0.7115407229600165,1.852877967133078e-05,3.696092762523317e-07,-1.85250928497438e-05
12161.86000646368,31.43820821343799,-88.92696166535407,716.2177684474095,-38238.5756621005,4.896540419089069e-07,2.614243035379526e-05,-0.5004052283271047,3.422302737331268e-10,0.7116191734540765,0.01566199859882104,-0.7114468004196474,1.860661739131939e-05,4.095123155509664e-07,-1.860211037517952e-05
12189.89598924867,31.41364768211298,-89.07497099596607,615.7771249265483,-38137.57703726969,4.232570005466613e-07,2.621402421669603e-05,-0.4979356598598466,3.423473998507268e-10,0.7116716347404947,0.01383050689273752,-0.7115372321764322,1.865810809421732e-05,3.625985356246643e-07,-1.865458442199828e-05
12217.99660164872,31.39834689370579,-89.06305032140176,622.6379964689702,-38071.78778237604,4.294503248315725e-07,2.62591453184385e-05,-0.4959334509139675,3.421502492158067e-10,0.7116833626084719,0.01398417275028881,-0.7115459588292183,1.869059424117421e-05,3.672595319864542e-07,-1.868698567250426e-05
12246.16199265049,31.39652617172989,-88.98290332456448,675.730233345828,-38061.69511626953,4.662944379199465e-07,2.626485519619802e-05,-0.4946616681901209,3.414538434150527e-10,0.7116761819062378,0.01498474785223194,-0.7115184082119349,1.869491526569291e-05,3.936321019271622e-07,-1.869077073209583e-05
12274.39231158407,31.34597823169456,-89.05513141758939,624.2175609428602,-37848.42694891307,4.356344335674014e-07,2.6413992599635e-05,-0.4907586529955568,3.425881190123907e-10,0.7116446510762199,0.01409258059240429,-0.711505100879566,1.879982968259929e-05,3.722898985116226e-07,-1.879614312368916e-05
12302.68770812382,31.32643326507678,-89.06704525610505,615.000289635131,-37765.82618532932,4.310842801411948e-07,2.647194524851193e-05,-0.4885613664220311,3.425477676792021e-10,0.7116812676261636,0.01395078477599555,-0.7115445188420166,1.88419815086772e-05,3.69351338496829e-07,-1.883836104235409e-05
12331.04833228909,31.31772713839478,-88.97863341524565,672.5900470379709,-37726.40456049118,4.72412724024565e-07,2.6498211837304e-05,-0.4869288976156475,3.421170464456019e-10,0.7116501801431838,0.01505352529301925,-0.7114909488349648,1.886034935944316e-05,3.989526793352789e-07,-1.885612936739402e-05
12359.47433444511,31.29595822675714,-89.10363284797467,588.8763089725941,-37637.89690581673,4.155919120649476e-07,2.656246363261273e-05,-0.4846692648933622,3.42132856444804e-10,0.7117219522366228,0.01350808669746837,-0.7115937527053503,1.890729702900922e-05,3.588499788155059e-07,-1.890389133580399e-05
12387.96586530369,31.26168056790375,-88.9465048727307,689.38487051868,-37488.91775449938,4.903533051235065e-07,2.666553258209916e-05,-0.4816405402363307,3.427024651454997e-10,0.7117005780219451,0.01546451613598862,-0.7115325442293209,1.898097731797028e-05,4.124369700898775e-07,-1.897649587492394e-05
12416.52307592411,31.23445159729979,-89.03480748176473,629.7062503330732,-37377.10026046191,4.506128195546632e-07,2.674675775607349e-05,-0.4790995215422768,3.429371435538234e-10,0.7116686614650418,0.01437274478241622,-0.7115235118524643,1.903742355231969e-05,3.844767162698664e-07,-1.90335407416766e-05
12445.14611771385,31.22929870468612,-88.87359001452903,734.3942770296179,-37350.76214536682,5.26214102287044e-07,2.676286892043474e-05,-0.4776607978289273,3.423896780247276e-10,0.7116318470399506,0.01637940213802529,-0.7114433223434545,1.904888345258853e-05,4.384420450660453e-07,-1.904383704413109e-05
12473.83514242943,31.2026653218927,-88.97770998458822,664.5614218094654,-37242.39060984849,4.789848317499766e-07,2.684257559166538e-05,-0.4751794849328238,3.425962309807962e-10,0.7116224337537419,0.01509182488340387,-0.7114623848407501,1.910471160091693e-05,4.051656443826334e-07,-1.910041481630234e-05
12502.5903021772,31.16809236540877,-89.01247976902741,639.4861294854857,-37099.21777376672,4.644859747154537e-07,2.694673978729359e-05,-0.4722640469558904,3.431273837493299e-10,0.7116522437269474,0.01466620954124281,-0.7115011021068701,1.917944730548057e-05,3.952629891170981e-07,-1.917537394976015e-05
12531.41174941416,31.15428130438509,-88.97870954469937,660.3179171012893,-37040.80715980379,4.811208784913971e-07,2.698867502942763e-05,-0.4704360269601739,3.428780547136501e-10,0.7116786921719038,0.01509166264620108,-0.7115186593548231,1.921020678869158e-05,4.073663626684318e-07,-1.920588705347551e-05
12560.29963694875,31.1261239704824,-88.99689480721574,646.5216347120287,-36924.51850128671,4.740457501533174e-07,2.707397576848149e-05,-0.4678805291778488,3.431668204511135e-10,0.7116037013585614,0.0148698119631531,-0.7114483231264132,1.9268783632018e-05,4.026443212981788e-07,-1.926457630491912e-05
12589.25411794167,31.11586824537613,-88.85502220609582,737.0520475816402,-36877.87678717422,5.41742483064142e-07,2.710570115959732e-05,-0.4662147833721116,3.428105845773551e-10,0.7116333461568373,0.01663766598800451,-0.7114388290168372,1.929306162314898e-05,4.510630606413395e-07,-1.928778807717331e-05
12618.27534590671,31.08460045215819,-88.98005795564107,654.3123130881595,-36752.4548814552,4.842557173696898e-07,2.720044548713585e-05,-0.4635605663053582,3.431893313241359e-10,0.7116338693834741,0.01509064919399633,-0.7114738479807948,1.93597133506754e-05,4.105350451131214e-07,-1.935536003274166e-05
12647.36347471152,31.05858500937153,-88.97372576132115,656.4539418024366,-36645.19325177116,4.886871096232247e-07,2.72799543599695e-05,-0.4611446218208873,3.434022333535048e-10,0.7116689833815042,0.01517561426452338,-0.7115071627460668,1.941729905357579e-05,4.140540720151037e-07,-1.941288391150173e-05
12676.51865857846,31.05447372310952,-88.95493423194401,668.1583208857119,-36627.74867272987,4.978682552722391e-07,2.729262325442373e-05,-0.4598650002102616,3.427756050442768e-10,0.7116766894110642,0.01541473534186883,-0.7115097302113532,1.942664151590527e-05,4.207760939828608e-07,-1.942208402994454e-05
12705.74105208542,31.04410696112923,-88.93373866827339,680.9089817458387,-36584.56505019389,5.085607695253283e-07,2.73244663434633e-05,-0.4582664123829026,3.423909173111117e-10,0.7116815650799875,0.01568366422757906,-0.7115087299191044,1.944957244010344e-05,4.286194535420819e-07,-1.944484902144721e-05
12735.03081016662,31.00340831265587,-88.93971054257294,674.0145726008667,-36418.15132397001,5.080246194555806e-07,2.744943243028604e-05,-0.455132687771067,3.43164406200481e-10,0.7116220326053156,0.01561382318327736,-0.7114507191752091,1.953685065005924e-05,4.286614489595326e-07,-1.953214741611624e-05
12764.38808811344,30.98221577030631,-88.95752099664398,661.1266020212888,-36332.22713757626,5.006760433154984e-07,2.75146631106154e-05,-0.4530145513099488,3.431848527722218e-10,0.7116511617014658,0.01539893505919804,-0.7114845386584929,1.958396726747676e-05,4.237641366766192e-07,-1.957938195883792e-05
12793.81304157525,30.97548622079391,-89.03094611192955,614.1239292481839,-36306.91181737082,4.657503187791918e-07,2.753508688959538e-05,-0.4516577243514763,3.426342878844912e-10,0.7117310452745663,0.01449442584731036,-0.7115834402422415,1.960026263972622e-05,3.991599850892038e-07,-1.959619776519289e-05
12823.30582656022,30.92790917702359,-88.887664890514,701.1173084135673,-36109.63586701682,5.375028543080353e-07,2.768300270672617e-05,-0.4481704732940721,3.437138422518501e-10,0.7116858019559782,0.0162784854779281,-0.7114996076009239,1.970519529545918e-05,4.507195936398784e-07,-1.970003993600256e-05
12852.86659943615,30.90976902612743,-89.01040654852159,622.5296622263087,-36039.82564749345,4.791429759004046e-07,2.773880564970445e-05,-0.4462752612884258,3.435875750768698e-10,0.7116945208829961,0.01476010011301532,-0.711541446789666,1.97443821025008e-05,4.094861600746416e-07,-1.974013540212583e-05
12882.49551693134,30.88901325296094,-88.89510427759163,693.4009933918426,-35952.73722713845,5.362397759971816e-07,2.780395174062216e-05,-0.4441729352719466,3.436277045938856e-10,0.7116599107717531,0.01619688073362532,-0.7114755720712835,1.979051788219796e-05,4.504183149041342e-07,-1.978539161571477e-05
12912.19273613534,30.86913833139507,-88.92707997753192,671.8482548998942,-35873.66168129982,5.218761833470685e-07,2.786583057168208e-05,-0.4421766852509082,3.435930919211388e-10,0.7117123400614773,0.01580668452662289,-0.7115367901381205,1.98358127716995e-05,4.405409561738495e-07,-1.983092009917468e-05
12941.95841449986,30.84880225398184,-88.98096961996474,636.6707141081163,-35793.53390528647,4.967848377566234e-07,2.792917051129564e-05,-0.4401743282818176,3.435702517514096e-10,0.7117419869528891,0.01514378802953863,-0.7115808609538082,1.988138640243273e-05,4.230177605522121e-07,-1.987688560255591e-05
12971.79270983956,30.83116296835458,-88.96369291607625,646.1794280501705,-35722.34260167191,5.062105390509061e-07,2.79845280112345e-05,-0.4382884872624981,3.434631908562225e-10,0.7116660093651728,0.01536244414464823,-0.7115001786336057,1.991877331010208e-05,4.299784426676709e-07,-1.991413188462094e-05
13001.69578033291,30.80212894904334,-88.97091156916039,639.5964826988184,-35606.50107402185,5.043213556281254e-07,2.807569987729418e-05,-0.4358624250160972,3.437880942010602e-10,0.7117131663850678,0.01527955775780277,-0.7115491313469402,1.998494566692788e-05,4.290508396175448e-07,-1.99803395538485e-05
13031.66778452299,30.77824126086508,-88.97291265345645,636.6469661169716,-35511.36814433589,5.046895347968831e-07,2.815094836322973e-05,-0.4336981167398598,3.439162740052643e-10,0.7117465671081491,0.01526117904785814,-0.7115829341716285,2.003943659337513e-05,4.296830416931653e-07,-2.003482945930869e-05
13061.70888131842,30.74888148126192,-88.9408668705988,654.3419280303859,-35393.81345127789,5.22157624179765e-07,2.824387182097684e-05,-0.431268252632706,3.442649223770202e-10,0.7117066247525049,0.01566405883499635,-0.7115342275515751,2.010466062695075e-05,4.424865189750121e-07,-2.009979066073547e-05
13091.81922999407,30.73505595639491,-88.85819909538365,704.2875877104251,-35336.60224251295,5.638037687548218e-07,2.82880315754058e-05,-0.4295808565766942,3.440292301804945e-10,0.711698737656086,0.01669625901516145,-0.7115028658523906,2.0136428948981e-05,4.723951520271565e-07,-2.013088705541068e-05
13121.99899019203,30.7175417400473,-88.83577009492993,716.7045043026473,-35266.65247975469,5.76013059619599e-07,2.834369293823564e-05,-0.4277444368538903,3.439187814657199e-10,0.7116751445861365,0.0169800154677698,-0.7114725507680619,2.017554022361519e-05,4.813726988692577e-07,-2.016979681701077e-05
13152.24832192238,30.68828353960328,-88.88913382283251,681.6377197454466,-35152.81275532494,5.514043520152811e-07,2.843653362684077e-05,-0.4253830810256511,3.442389836055347e-10,0.7117114732793699,0.0163240043948767,-0.7115242427900874,2.024228418347839e-05,4.642824351993237e-07,-2.023695903007823e-05
13182.56738556407,30.68772185722514,-88.91196670962647,667.5943230472749,-35151.25826863138,5.401001065948297e-07,2.843822615382812e-05,-0.4243859595573883,3.434624441091405e-10,0.7116945615091428,0.01604589580066004,-0.7115136527921621,2.024285255967219e-05,4.563962132742132e-07,-2.023770694147772e-05
13212.95634186575,30.63483322667963,-88.92039738288703,658.5118805182849,-34943.86317767922,5.390978245753763e-07,2.860716894966238e-05,-0.4209117484050656,3.44706295708251e-10,0.7117389034561254,0.01594803108721788,-0.7115602061648536,2.036432058447995e-05,4.563061203684468e-07,-2.035920768576194e-05
13243.41535194664,30.61799107770596,-88.92203099171815,656.2767913217353,-34878.0468511207,5.392982313998043e-07,2.866118264460703e-05,-0.4191527196140256,3.445624723087472e-10,0.7117156838357875,0.01593307332904988,-0.7115373158114294,2.040209364519192e-05,4.56738640861521e-07,-2.039698053441059e-05
13273.9445772974,30.60187743462323,-88.86695747019554,688.5388662286246,-34813.54614855401,5.678872076384974e-07,2.871321936927778e-05,-0.4174153299974298,3.444069195432497e-10,0.7116844552825431,0.01662213944331679,-0.7114903150227253,2.04386169947175e-05,4.773654098990576e-07,-2.043304154848678e-05
13304.54417978091,30.57771738216422,-88.83241716959492,707.5961581883506,-34718.44588812396,5.867924962148052e-07,2.879117317362266e-05,-0.4153176692787988,3.445560302713687e-10,0.7117266994722877,0.01705794138491087,-0.7115222564174821,2.049556997340802e-05,4.912169678557153e-07,-2.048968263359281e-05
13335.21432163324,30.55003147937345,-88.85632231750606,690.9732634295975,-34611.6691511057,5.765581350395699e-07,2.888047985723744e-05,-0.4130880915144576,3.448240814108098e-10,0.7117314084385011,0.01676707726108714,-0.7115338803444101,2.055910709382445e-05,4.843345860166648e-07,-2.055340128796524e-05
13365.95516546442,30.53620682569798,-88.85716629135713,689.3954953263288,-34558.14573602584,5.770252019331409e-07,2.892522674858223e-05,-0.4115006858761605,3.445638408568101e-10,0.7117011997261863,0.01676178868065836,-0.7115037878549332,2.059008037067731e-05,4.849318453078986e-07,-2.058436908861569e-05
13396.76687425935,30.52168814291098,-88.90484729861807,659.5788770299692,-34503.39252123462,5.538401852855244e-07,2.897206986522627e-05,-0.4099037868417053,3.443168946145098e-10,0.7117460113528113,0.01617661202663194,-0.7115621560341556,2.062438775587472e-05,4.687524955418716e-07,-2.061906014838208e-05
13427.64961137864,30.49907563855487,-88.92161517936795,647.8443333033313,-34416.62219042628,5.467393352212965e-07,2.904543602474608e-05,-0.4079325648690474,3.443910743765365e-10,0.7117370518580928,0.01597409961555559,-0.7115577693547599,2.067623933630928e-05,4.640538327617176e-07,-2.067103110956592e-05
13458.60354055948,30.48563303179018,-88.92831581374499,642.853169707717,-34365.04752374732,5.441591583731952e-07,2.908915475438888e-05,-0.4063844489147437,3.441146662940613e-10,0.7117417203993274,0.01589693343325847,-0.7115641672150256,2.070745063971348e-05,4.625062083016844e-07,-2.070228489813269e-05
13489.62882591653,30.46488694889431,-88.88191989853664,669.1086319793794,-34283.97856092919,5.690478826183744e-07,2.915703740081437e-05,-0.4044933131403424,3.441350573067476e-10,0.7117288744927759,0.016478786625855,-0.7115380807645456,2.075571965159308e-05,4.805609097262211e-07,-2.075015564923719e-05
13520.72563194277,30.42639227868697,-88.89708847260805,657.1990417676748,-34136.99056666617,5.637486611705619e-07,2.928288312257355e-05,-0.4018327816763524,3.448219468335379e-10,0.7117229571271055,0.01629624916065974,-0.7115363658767171,2.084502322807505e-05,4.772864060134358e-07,-2.083955832222994e-05
13551.89412351036,30.40239604711256,-88.95065918184716,623.6208974476374,-34046.94623118624,5.377973418600732e-07,2.936135921122212e-05,-0.399851101291931,3.449387353450586e-10,0.7117890695053222,0.01563840479035856,-0.7116172565100324,2.090246018182264e-05,4.592387653056678e-07,-2.089741470634876e-05
13583.13446587154,30.37932676350504,-88.90276251356995,650.3847780730067,-33957.7783110654,5.638097068730694e-07,2.943753556525168e-05,-0.3978866798531717,3.450490713270341e-10,0.7117543974520394,0.01623848830129063,-0.7115691349334964,2.095599713406939e-05,4.781055312361396e-07,-2.095054249856375e-05
13614.4468246595,30.36100006743784,-88.88964930295786,656.803507476067,-33887.81395188611,5.717224457404243e-07,2.949805178084372e-05,-0.3961536719400322,3.449662260679613e-10,0.711773855661915,0.01640780622077425,-0.7115847142110701,2.09997434573568e-05,4.840859475146897e-07,-2.099416314288852e-05
13645.83136588925,30.3445713417496,-88.90954143097524,643.8597705965411,-33826.12988184905,5.62508832932804e-07,2.955223747687052e-05,-0.3945231061423071,3.448004465052669e-10,0.7117595708133336,0.01616645853900038,-0.7115759497500515,2.103775522556864e-05,4.778383200652321e-07,-2.103232786618775e-05
13677.28825595849,30.31987588507414,-88.95635884266254,614.533757783546,-33734.10130597147,5.398378789844977e-07,2.963375968823206e-05,-0.3925448431833076,3.449458996065369e-10,0.7117985987377494,0.0155919084578136,-0.7116278083068893,2.109662456162081e-05,4.621203800021036e-07,-2.10915625938044e-05
13708.81766164854,30.30071066894588,-88.8666777971543,665.8739977569963,-33659.26638030951,5.875067116462793e-07,2.969787823842687e-05,-0.3907732057929278,3.449177032581956e-10,0.7117761933176099,0.01671127960948284,-0.7115799902382874,2.114223389592841e-05,4.963832529395784e-07,-2.113640598059058e-05
13740.41975012515,30.2657226140562,-88.95861965043558,609.4989105529233,-33530.37117206782,5.419419066309276e-07,2.981385687227619e-05,-0.388381462341569,3.454472745919971e-10,0.7117580123695625,0.01557506670629481,-0.7115875810252486,2.122361107412271e-05,4.644263253566071e-07,-2.121852905396459e-05
13772.09468893947,30.24613226882126,-88.97407022922586,599.1470962413309,-33457.38861937112,5.350694141860815e-07,2.987918232612481e-05,-0.3866447989205256,3.454045790871123e-10,0.7118102321236834,0.0153903897867908,-0.7116438311811484,2.127157070997083e-05,4.5992281345409e-07,-2.126659802307255e-05
13803.84264602885,30.22917277228864,-88.9435011097796,615.818158446274,-33393.10879148512,5.52066141842149e-07,2.993611747523467e-05,-0.3850144098027105,3.452735255031338e-10,0.7117684367708098,0.01577524400421211,-0.7115935983830728,2.131105853391465e-05,4.723265756006024e-07,-2.130582369780426e-05
13835.66378971781,30.21297287882021,-88.88540171524946,648.4831985504023,-33330.98910028334,5.834961067640001e-07,2.99907575371007e-05,-0.3834143235971459,3.451214322345625e-10,0.7117469753556215,0.01650242409577387,-0.7115556386726473,2.134972173380025e-05,4.950104104086933e-07,-2.134398235579035e-05
13867.55828871888,30.1699250739251,-88.88571647935862,645.1859235899256,-33170.88435916001,5.861469549715292e-07,3.013551931302235e-05,-0.3806950079153169,3.459896292478613e-10,0.7117538000353333,0.016504798913085,-0.7115624101072062,2.145297698983176e-05,4.974712762849112e-07,-2.144720830447455e-05
13899.52631213353,30.16706374534456,-88.90027196325342,636.5600682550884,-33160.67713411779,5.786721818058593e-07,3.014509131865611e-05,-0.3797025570261411,3.45300129694554e-10,0.7117349463997684,0.01632973952922728,-0.7115475904910288,2.145911665892349e-05,4.923487139982262e-07,-2.145346779719101e-05
13931.56802945303,30.12252506050217,-88.88131368728496,644.3083937043127,-32995.36260815308,5.915921567681008e-07,3.029573713370075e-05,-0.3769407038098662,3.462320173161315e-10,0.711736456254411,0.01657136750592561,-0.711543514439258,2.15665387636848e-05,5.021339521718458e-07,-2.156069237616444e-05
13963.68361055938,30.09628332169177,-89.00165922620853,573.354216404054,-32902.04405285587,5.294749157424779e-07,3.038402178656757e-05,-0.3750101402239904,3.464154491890211e-10,0.7117858927250368,0.01508400352824444,-0.711626046403543,2.163004789931137e-05,4.583790184155087e-07,-2.162519042232879e-05
13995.87322572618,30.08154555016987,-88.89641207183361,632.7122692328358,-32844.92205798077,5.862848254554529e-07,3.043481268224767e-05,-0.3734980745172076,3.462197959099301e-10,0.7117281141503593,0.0163960215088508,-0.7115392321936355,2.166517598649211e-05,4.990988614965941e-07,-2.165942637403232e-05
14028.13704561958,30.05579818991779,-88.95391654744401,598.0414491940448,-32752.11314967055,5.573241445336707e-07,3.052220455189127e-05,-0.3715860978206537,3.46402331123519e-10,0.7118162378714271,0.01569002138616269,-0.7116432952865739,2.172966665446553e-05,4.789704370081158e-07,-2.172438722345611e-05
14060.47524129914,30.04295208358627,-88.99429940015551,574.1441924780839,-32706.21551769914,5.365702315221464e-07,3.056580883767265e-05,-0.3702119437742217,3.460906268119816e-10,0.7117957782410321,0.01519421650477962,-0.7116335895013406,2.175980902343256e-05,4.644917257330713e-07,-2.175485086533536e-05
14092.88798421875,30.0164996248258,-88.99885173688043,569.8591716611548,-32609.7578787248,5.357223799666004e-07,3.065630592555031e-05,-0.3682711567168285,3.463160005648698e-10,0.7117999319326184,0.01514398905210225,-0.7116388147753536,2.182433018810645e-05,4.643262841298441e-07,-2.18193902128671e-05
14125.37544622754,29.99878693925861,-88.97144081935191,584.2931890555456,-32544.49337464245,5.514876966083802e-07,3.07172632244427e-05,-0.3666888013499919,3.462123982965293e-10,0.7117985239644173,0.0154906524896946,-0.7116299448472968,2.186786723853057e-05,4.759036731295448e-07,-2.186268815255572e-05
14157.93779957082,29.96793978164077,-88.88166773711148,633.0669919128194,-32429.95093884464,6.017160846018047e-07,3.08239465207143e-05,-0.3645578239721634,3.46636140046943e-10,0.7117903963473021,0.01661170496455688,-0.7115965286525925,2.194420887358328e-05,5.121321183303966e-07,-2.193823201128171e-05
14190.57521689092,29.94766256855332,-88.92491551945099,607.2243815743949,-32357.74649403161,5.797486552450478e-07,3.089362118173883e-05,-0.3629095525112824,3.466106186022764e-10,0.7117740944982236,0.01608047616571666,-0.7115924253988726,2.199298946050028e-05,4.968679607281144e-07,-2.198737609718992e-05
14223.2878712282,29.92332643915297,-88.87519910443797,633.5587267030591,-32268.4466442406,6.082237470729347e-07,3.097808411907764e-05,-0.3610756412880295,3.467704420180705e-10,0.7116841664265913,0.01670210202197831,-0.7114881534715526,2.205069848304477e-05,5.174950253128681e-07,-2.204462525172359e-05
14256.07593602188,29.8917511585236,-88.89796539456239,618.557881420673,-32155.41984762194,5.980139266120202e-07,3.108745270655897e-05,-0.3589833583176291,3.471889921841446e-10,0.711832282288849,0.01642910842885487,-0.7116426648991645,2.213298252466465e-05,5.108298384311162e-07,-2.212708675612945e-05
14288.93958511103,29.86602978219558,-88.99346176109239,563.3703874680094,-32065.77120827383,5.477427024255445e-07,3.117627863955926e-05,-0.3571591832586576,3.473589090485383e-10,0.7117524498701555,0.01524757534138802,-0.7115891099099092,2.219305211555021e-05,4.754324825280686e-07,-2.218795903543372e-05
14321.87899273543,29.83933811404932,-88.91458792072251,605.6766544450983,-31968.10252262446,5.924493789415082e-07,3.12699562488818e-05,-0.355252375775897,3.476188130251792e-10,0.7117004593572714,0.01623228060235431,-0.7115153244419951,2.225866987027179e-05,5.076700041696126e-07,-2.225287971388449e-05
14354.89433353656,29.83301932922463,-88.86471982772844,633.0357821293745,-31944.12504734354,6.20120009790438e-07,3.129237192639012e-05,-0.3541694759920819,3.470796368511737e-10,0.711693059449591,0.01685771567677704,-0.7114933789508375,2.227476924410416e-05,5.276175195151278e-07,-2.226851958777658e-05
14387.98578255845,29.81978027163487,-88.93754494311379,591.5807964348662,-31898.94722167964,5.811818252890133e-07,3.133821868934661e-05,-0.3528551672543447,3.467718070587279e-10,0.7117989860287359,0.01596209767611297,-0.7116199884413835,2.231017970254923e-05,5.003059495357966e-07,-2.230456931475922e-05
14421.15351524869,29.78166314552176,-88.92652285155835,595.1737737701797,-31763.09356390453,5.897198414762425e-07,3.147202939176173e-05,-0.3505443127861049,3.474540175785455e-10,0.7118285303146229,0.01610603215527311,-0.7116462971856801,2.240645122829555e-05,5.069746555522027e-07,-2.240071501860186e-05
14454.39770745927,29.76704073917293,-88.93417489664526,589.9695984963196,-31711.45884913565,5.864714799959696e-07,3.152343146407042e-05,-0.3491695420758081,3.472193421615961e-10,0.711824705598459,0.01601728883684041,-0.7116444744102565,2.24428694989458e-05,5.050034373138356e-07,-2.243718705352819e-05
14487.71853544762,29.72109913960904,-88.92622229395997,591.3263419617393,-31548.92943245971,5.938892024123609e-07,3.168566527147825e-05,-0.346581006260432,3.482054024531439e-10,0.7117658144073423,0.0161211307613933,-0.7115832233139855,2.255656199221637e-05,5.108945639750622e-07,-2.255077550003992e-05
14521.11617587742,29.71780827507891,-88.99765676478437,551.8104969994605,-31539.28317829812,5.545662039991669e-07,3.169678837961771e-05,-0.3456781667885737,3.475108055410489e-10,0.7118029751719094,0.0152411505904807,-0.7116397844361009,2.25651478768154e-05,4.831657479430297e-07,-2.255997450270193e-05
14554.59080581966,29.68305425455839,-88.82539204050194,644.0670604665543,-31412.31425583008,6.524521740130358e-07,3.18212713939301e-05,-0.3434947196023089,3.481129648077653e-10,0.7117311370896235,0.01738535975555047,-0.7115187704966459,2.265277501361774e-05,5.533362565584888e-07,-2.264601587045196e-05
14588.14260275348,29.66244286037612,-88.98028352555902,557.9081768252491,-31344.40757525787,5.67681871719958e-07,3.189351348375924e-05,-0.3419638496642985,3.480647685214388e-10,0.7118040425000524,0.01546983107710677,-0.7116359176192993,2.270535167677955e-05,4.934615905697906e-07,-2.269998877587538e-05
14621.77174456718,29.63474719632176,-88.86248892439167,620.3856355641971,-31244.36244727475,6.35253708545027e-07,3.199316034728272e-05,-0.3400883842333404,3.483761894218278e-10,0.711812573447804,0.01693951441836146,-0.7116109840141983,2.277744520580911e-05,5.420512026197502e-07,-2.277099450172027e-05
14655.47840955911,29.62283671751167,-88.85615736247971,623.0069049760468,-31202.65213733995,6.396416574655839e-07,3.20357863950441e-05,-0.3388532387994519,3.480395690645727e-10,0.711779063178784,0.01702382468152372,-0.71157545219947,2.280676833805482e-05,5.454760414070355e-07,-2.280024425119061e-05
14689.26277643867,29.59474364833629,-88.88979338629852,602.8065773947047,-31105.87673161436,6.227733492350515e-07,3.21361971808012e-05,-0.3370253576635827,3.48319417184244e-10,0.7117881835620422,0.01661278644228397,-0.7115942900172644,2.287828041737983e-05,5.339678228972593e-07,-2.287204829525279e-05
14723.12502432719,29.54513160609477,-88.88522382853935,601.9428304714866,-30933.95112755084,6.288108704009289e-07,3.231470456790572e-05,-0.3343917288740004,3.494497519934344e-10,0.7118082047053533,0.01667651168542996,-0.7116128260816157,2.300604461338806e-05,5.389943095549197e-07,-2.299972986553253e-05
14757.06533275895,29.53487353791668,-88.80852167901267,642.589533624898,-30896.37492864611,6.728693930783628e-07,3.235226214981437e-05,-0.3332173899507434,3.490700634930739e-10,0.7117610039895259,0.01763448553382333,-0.7115425157502082,2.303187570586754e-05,5.70634351524427e-07,-2.302480564450853e-05
14791.08388168207,29.51809719210477,-88.80432618036889,643.6438416115903,-30838.44565650934,6.765057810863184e-07,3.241293618860464e-05,-0.3318276809708751,3.489214361593405e-10,0.7117366088553968,0.01769251536460838,-0.7115166725278145,2.307431359269847e-05,5.735866930087223e-07,-2.306718331482612e-05
14825.18085145954,29.48788582558404,-88.82904035490945,628.2286100387007,-30735.33451981796,6.647531675543225e-07,3.252225487889204e-05,-0.3299575543410931,3.492868112202575e-10,0.7117857028155442,0.01739335346543361,-0.7115731571580287,2.315352586888185e-05,5.657846987028974e-07,-2.314661201635554e-05
14859.35642287007,29.45439800963662,-88.81737521043843,632.1151168303294,-30620.34990502104,6.738928350463667e-07,3.264410841980405e-05,-0.3279671008555201,3.497920884814624e-10,0.7117720691188482,0.01754445373776515,-0.711555809842608,2.323992808491224e-05,5.728404651498776e-07,-2.323286704635009e-05
14893.61077710915,29.43454155323283,-88.7942766086676,643.0245628306424,-30551.91197147046,6.885863924517231e-07,3.271668309889785e-05,-0.326481461341894,3.497693400579122e-10,0.7117220425362265,0.01783663868309821,-0.7114985032678753,2.329015312343946e-05,5.836801747160674e-07,-2.328283809948651e-05
14927.94409578996,29.4229940759146,-88.68615898304141,699.7294882005431,-30509.4137564273,7.513357755068226e-07,3.275953698034536e-05,-0.3252774781988035,3.494509850008625e-10,0.7117168817744234,0.01918566390857216,-0.7114582419953372,2.332145746428911e-05,6.286736428850463e-07,-2.331298238555908e-05
14962.35656094434,29.40237714979298,-88.70061173518737,690.4488579620258,-30439.72633028773,7.447776636133129e-07,3.283491310886811e-05,-0.3237880939474181,3.494454483994757e-10,0.7116932017118002,0.01901217504676675,-0.7114392107290574,2.337420450984184e-05,6.244185930835899e-07,-2.33658626609103e-05
14996.84835502373,29.36310283318637,-88.66131795290579,708.1982087559704,-30305.46699245287,7.706829686545817e-07,3.297933682892857e-05,-0.3216185668065,3.501862995013858e-10,0.7116034641909775,0.0195042433471264,-0.7113361193838367,2.347442506790661e-05,6.434073497363672e-07,-2.346560587862729e-05
15031.41966090022,29.35538039616056,-88.76284907502588,653.9685849398788,-30282.3331888512,7.128131819097416e-07,3.300716085311716e-05,-0.3206339204205801,3.49647798455752e-10,0.7116776692377964,0.01825222960645731,-0.711443575419819,2.349574296166148e-05,6.025897872696283e-07,-2.348801445139081e-05
15066.07066186742,29.33403072849219,-88.71285770685701,678.7518662560165,-30208.83946828141,7.434020597214494e-07,3.308619040178728e-05,-0.3191201099710361,3.49692316741837e-10,0.7117331135097116,0.01888109168917391,-0.711482627506008,2.355428592367921e-05,6.248558957794467e-07,-2.354599627291107e-05
15100.80154164149,29.32247678149925,-88.69514768560258,687.1958395577871,-30169.4019923782,7.546087730185904e-07,3.312897737393636e-05,-0.3179705026897216,3.493441135750524e-10,0.7117124996912964,0.01910712496328,-0.7114559719283204,2.358422720068969e-05,6.331584403553729e-07,-2.357572656448064e-05
15135.61248436208,29.29580265167106,-88.62025423721428,724.4404725962362,-30077.53966334314,8.003246940901814e-07,3.322812382883902e-05,-0.3162732342949093,3.496051515376816e-10,0.7117006601632275,0.02004343009820352,-0.7114183653706673,2.365513879070864e-05,6.661931727113053e-07,-2.364575602226161e-05
15170.50367459337,29.27210734486719,-88.77881327913582,639.5681738936963,-30002.78940012629,7.101764605776433e-07,3.331509548688025e-05,-0.3147616151711728,3.496701002901794e-10,0.7117423805484072,0.01808235307255459,-0.7115126455489552,2.37169533880902e-05,6.025471247592785e-07,-2.370929807006711e-05
15205.47529732495,29.25022292581519,-88.87015987946792,590.3227978225594,-29932.2178823521,6.586320662226553e-07,3.339582781352457e-05,-0.3132990150277019,3.496884062839646e-10,0.7117197439709353,0.01695414392238791,-0.7115177797932478,2.377289180307924e-05,5.663030040897964e-07,-2.376614578741095e-05
15240.52753797292,29.22528180799749,-88.74571914420997,653.4635808977411,-29845.56766493788,7.332525084047606e-07,3.348975825862335e-05,-0.3116735697910289,3.498970557063209e-10,0.7117116248333669,0.01850596880648395,-0.7114709874910464,2.3840560927147e-05,6.199037102283649e-07,-2.383250017751082e-05
15275.66058238072,29.19977360580071,-88.76718715804168,640.4644612671964,-29761.40915288564,7.227481291488546e-07,3.358500601816828e-05,-0.3100799048602528,3.5007946866478e-10,0.7117322042548401,0.01824666264871878,-0.7114982711684106,2.390886146039997e-05,6.129509480881485e-07,-2.390100306405228e-05
15310.8746168203,29.18422040211952,-88.86195605501692,590.2456138059775,-29712.50378471914,6.683176298676265e-07,3.364258817408814e-05,-0.3088583746730973,3.498491971304234e-10,0.7117923356249209,0.01707800484999755,-0.7115874301902217,2.395105639547155e-05,5.746567317633631e-07,-2.394416154513867e-05
15346.16982799294,29.16172194424161,-88.83465505701959,602.8794818343783,-29637.30762811134,6.860777521256104e-07,3.372730041281418e-05,-0.3073681616858505,3.499301666506526e-10,0.7117300005102342,0.0174223218924452,-0.7115167294773707,2.400949155126709e-05,5.877244038894549e-07,-2.400229706872737e-05
15381.54640303035,29.12897847571856,-88.83924699581326,598.3178995535092,-29529.45222168567,6.858718147456325e-07,3.385059848426059e-05,-0.3055452400384994,3.504005190889367e-10,0.7118130861754138,0.01737411968961199,-0.7116010185599639,2.410003677926533e-05,5.882399911706898e-07,-2.40928567520485e-05
15417.00452949559,29.09411327662413,-88.75874825270647,637.2932921450897,-29412.65017153727,7.363210064843937e-07,3.398302232992766e-05,-0.3036367184868433,3.509829129872594e-10,0.7117652897375071,0.01837945494357629,-0.7115279497750558,2.419340338433606e-05,6.247306153383205e-07,-2.418533603189053e-05
15452.54439538414,29.07303732324955,-88.84179106407083,593.2966945284007,-29345.97134635082,6.886482897658587e-07,3.406230502471642e-05,-0.3022516085441571,3.509713308386149e-10,0.7118052205361217,0.01735596772417382,-0.7115935935397636,2.425047019427598e-05,5.912999312801956e-07,-2.42432602806375e-05
15488.16618912481,29.0423020882068,-88.74247036479038,641.9256300433591,-29242.82844966379,7.503030977898482e-07,3.417994818564548e-05,-0.3004965624026074,3.513991892266277e-10,0.7117117704015681,0.01859386954102901,-0.7114688413020106,2.433191916932049e-05,6.356850477011744e-07,-2.432361393753969e-05
15523.87009958082,29.01296242759878,-88.91785618566372,550.6632119431815,-29152.2493666864,6.477195319594123e-07,3.429043543461284e-05,-0.2988767980660311,3.516803163455833e-10,0.7117692200830906,0.01642411954492214,-0.711579701055943,2.441101601866439e-05,5.632857308113849e-07,-2.440451622648877e-05
15559.65631605074,28.98963801745168,-88.80986627526214,603.9968904294979,-29073.61973683746,7.142481009858437e-07,3.43806036336616e-05,-0.2973851221841268,3.518204062697041e-10,0.7117253653748494,0.01777103834774435,-0.7115034686591527,2.447461167033812e-05,6.111054680630323e-07,-2.446698114849387e-05
15595.52502826954,28.95954663669734,-88.88936917619789,561.7944543939857,-28978.50378453375,6.687477545075653e-07,3.449537314461499e-05,-0.2957304811704369,3.521633636787562e-10,0.7118094884682624,0.01679262149910422,-0.7116113797127174,2.455853010506431e-05,5.793714572647046e-07,-2.455169504608301e-05
15631.47642640954,28.93186184231336,-88.84236191206674,583.7494880425052,-28887.98404110068,6.992214448312099e-07,3.460233945080321e-05,-0.2941286754163002,3.524543671523869e-10,0.7117509721860789,0.01738192030201565,-0.7115386955425845,2.463305728697374e-05,6.015725377122822e-07,-2.462571058437097e-05
15667.51070108149,28.9211712986372,-88.81435785779458,597.1470188382121,-28852.82069513545,7.169992973529336e-07,3.464381720486702e-05,-0.2930949991601386,3.520722978721392e-10,0.7117380676228897,0.01773629080287237,-0.7115170418845363,2.466238324523889e-05,6.145789034305359e-07,-2.465472449869392e-05
15703.62804333552,28.87539229547111,-88.82305588988582,589.7553179446253,-28706.32305112556,7.153745143315065e-07,3.482083380360543e-05,-0.2909361581267451,3.530551603936587e-10,0.7117646341638827,0.01763587022036323,-0.7115461127207542,2.478924518674458e-05,6.142197715228591e-07,-2.478163455062659e-05
15739.8286446622,28.85648713392931,-88.72610423376742,636.9489810735018,-28643.21841127915,7.759724685136566e-07,3.489502229725877e-05,-0.2896289342871496,3.530191923669008e-10,0.711709717380962,0.01884536787154422,-0.7114601703006816,2.484104199288114e-05,6.577661695993666e-07,-2.483233196778375e-05
15776.11269699348,28.81140802469776,-88.68914178463659,652.1303947431823,-28498.73413477412,8.025201695887958e-07,3.507091393878637e-05,-0.2875051983037253,3.539929084066735e-10,0.7117104632790212,0.0193113263859894,-0.7114484213307757,2.496664408530333e-05,6.774370162731541e-07,-2.495745171228815e-05
15812.48039270384,28.79068400438321,-88.71203751783749,639.2740641024751,-28433.69789842521,7.903162686113555e-07,3.515176868227172e-05,-0.2861893554033492,3.539865710608007e-10,0.7117523836693471,0.01903513068546174,-0.7114978000379094,2.502544985833367e-05,6.692815077907083e-07,-2.501649861342114e-05
15848.93192461113,28.77252626513465,-88.81476640079713,587.1414145273416,-28379.15361310206,7.287154553727344e-07,3.522205611217606e-05,-0.2849834045457442,3.538512163653703e-10,0.7117825108597799,0.01776716821241537,-0.7115607286096981,2.507557912038625e-05,6.259243876580728e-07,-2.506776589334769e-05
15885.46748597779,28.7386331341901,-88.67206015651621,655.2883673825041,-28268.24952428165,8.195988028200534e-07,3.535637838416842e-05,-0.2832168236985075,3.544224435353661e-10,0.711738053446309,0.01954518685813807,-0.7114696356094345,2.517100885720342e-05,6.912263144280537e-07,-2.516151611234218e-05
15922.0872705117,28.70289752141293,-88.75942383670038,609.7871482320515,-28158.50489561942,7.686974913225773e-07,3.549660260209373e-05,-0.2814684512196582,3.549854394821695e-10,0.7117149061083471,0.01846675908383121,-0.7114752886683788,2.526915093445196e-05,6.556548395355009e-07,-2.526064341380694e-05
15958.79147236733,28.684692546272,-88.71071636958202,632.4226512930716,-28100.12616702352,8.005177256409543e-07,3.556901234238883e-05,-0.2802388883100237,3.549047907462894e-10,0.7117632253512083,0.01907992515916461,-0.711507445792576,2.532289093939149e-05,6.788196505921903e-07,-2.531379089370626e-05
15995.58028614669,28.63485634824024,-88.66971102416423,648.9075450274681,-27943.53950284647,8.305883884749308e-07,3.576715916128293e-05,-0.2780363300238243,3.560727313416604e-10,0.7117046011789822,0.0195945815834285,-0.7114348119904623,2.546227718528048e-05,7.010249291354202e-07,-2.545262508089854e-05
16032.45390690042,28.61179898071304,-88.55796705715923,701.5530338453329,-27868.6700849959,9.027196375434107e-07,3.585986310977985e-05,-0.2766536318882103,3.562081790873938e-10,0.711594536440004,0.02098588916021043,-0.7112850179410639,2.552552774966008e-05,7.527824746802368e-07,-2.551442504632392e-05
16069.41253012877,28.57769433828555,-88.54060082900519,707.3029020540082,-27762.59395126298,9.170722704969078e-07,3.599632490667254e-05,-0.2749667451820188,3.567468034364353e-10,0.7116192650016583,0.0212093095994806,-0.7113031305342425,2.562374906355398e-05,7.636977436059873e-07,-2.561236579912903e-05
16106.4563517827,28.55362239978163,-88.61165288268174,671.1043069501591,-27690.42266700275,8.747336511657751e-07,3.609236935448506e-05,-0.2736211831766188,3.568539816048304e-10,0.7117288882270593,0.02033745673318414,-0.7114382602802239,2.569528232072977e-05,7.342356072500434e-07,-2.568478988847395e-05
16143.58556826486,28.52662922519566,-88.52584286598996,710.3994691282318,-27604.86556515803,9.316307849373299e-07,3.620152279409357e-05,-0.272148389185536,3.571367113522954e-10,0.7116480831083682,0.02140763005893211,-0.7113260205890649,2.577102915558234e-05,7.752380305599014e-07,-2.575936625256624e-05
16180.80037643066,28.48560012468274,-88.56195139660963,689.862502647204,-27480.2323367513,9.129523886642075e-07,3.636687551014001e-05,-0.270296568275969,3.579313442060792e-10,0.7116456585853308,0.02096641289461277,-0.7113367366540841,2.588823588442219e-05,7.627158770910188e-07,-2.587699792669772e-05
16218.1009735893,28.46512327059189,-88.57592560108436,681.6119467982123,-27418.12198563075,9.061361726125573e-07,3.644970167114568e-05,-0.2690653888156149,3.579170830279379e-10,0.7117077138474884,0.02080189564410165,-0.7114036484919306,2.594930010539748e-05,7.584498837476799e-07,-2.593821369589327e-05
16255.48755750484,28.4297614858158,-88.50429697214405,713.0459533791434,-27308.39090025159,9.55496952960731e-07,3.659383265804278e-05,-0.267372195653042,3.585287779320867e-10,0.7116183029487944,0.02169569690926181,-0.711287498714369,2.60494658720006e-05,7.94191652835764e-07,-2.603735646787304e-05
16292.96032639722,28.38389366292482,-88.42661258888916,746.218274989297,-27167.12346852156,1.010301568483902e-06,3.678144635607702e-05,-0.2653773103834188,3.595642251825284e-10,0.7116070520825064,0.02266691012920278,-0.7112459544761922,2.618355533539908e-05,8.340281253728866e-07,-2.617026876224225e-05
16330.51947894334,28.35317753098687,-88.39352908413318,759.2909899827488,-27073.48635049377,1.03509071975845e-06,3.690747663624965e-05,-0.2638543853407684,3.599779891128749e-10,0.7115680463041486,0.02308353606499638,-0.7111935284321975,2.627225208842337e-05,8.522817764818193e-07,-2.62584242781463e-05
16368.16521427809,28.33061261198551,-88.30848859608659,797.4265879335476,-27003.01235914913,1.092666696656939e-06,3.700063775239553e-05,-0.2625622871634531,3.60087392891737e-10,0.7115680085835729,0.02414631448496941,-0.7111582006392,2.633969084018119e-05,8.93809798630351e-07,-2.632452122262051e-05
16405.8977319954,28.28220013243877,-88.19632982768996,845.6591591449957,-26854.51865964619,1.17146727131571e-06,3.720079107109698e-05,-0.2605178612506439,3.612457606192211e-10,0.7115136220299345,0.02554367757532563,-0.711054959106597,2.648173055606046e-05,9.507067272033172e-07,-2.646465964191938e-05
16443.71723214931,28.24036148294189,-88.2664708842963,809.0490862798029,-26732.14548008054,1.131122445473602e-06,3.737391251156729e-05,-0.2587342650412619,3.620648091745028e-10,0.7115533357184313,0.02468182686919037,-0.7111251345539868,2.660544673196426e-05,9.228697232552355e-07,-2.658943600908613e-05
16481.62391525508,28.19547564965682,-88.18588936605029,842.3874367989822,-26596.5671027747,1.189666578945199e-06,3.756115727114632e-05,-0.2568299789782195,3.630734960429153e-10,0.7114443313278905,0.02568527773530289,-0.7109805222973761,2.67358081312261e-05,9.652429952552643e-07,-2.671837836377512e-05
16519.61798229015,28.16903719490815,-88.16167411658476,851.110083884303,-26517.75808433367,1.209107658192567e-06,3.767177123731998e-05,-0.2554800167510705,3.633149988255432e-10,0.7114478551731495,0.02599318105592287,-0.7109728582506288,2.681503542623672e-05,9.797036645581308e-07,-2.679713241449506e-05
16557.69963469528,28.11877070724859,-88.03058546419769,906.6219654007861,-26365.78129398221,1.302661962125513e-06,3.78831549467346e-05,-0.2534316066843136,3.645687896256838e-10,0.7113833610558472,0.02762456953339796,-0.7108467975205405,2.696510484981197e-05,1.047113911679639e-06,-2.694476631959015e-05
16595.86907437561,28.08589998499049,-87.96062664299485,935.3484639124877,-26267.32631146052,1.353914899389064e-06,3.802189861032173e-05,-0.2519045435669076,3.650936356978929e-10,0.7113124353916693,0.02849698263729807,-0.7107413754126021,2.706231900347885e-05,1.084185227750892e-06,-2.704059267542002e-05
16634.1265037017,28.061224510173,-87.80593532567805,1003.405466930991,-26190.10947850759,1.460712778053664e-06,3.812638941552775e-05,-0.2505863702969188,3.653278809544912e-10,0.71121503383865,0.03041896024691502,-0.7105642203317084,2.713568153303536e-05,1.160604287807577e-06,-2.7110850409927e-05
16672.47212551063,28.00450079263636,-87.6217060873329,1080.647222636868,-26019.0550120703,1.59350121041712e-06,3.836718846551463e-05,-0.2483771565834371,3.668838647836682e-10,0.7111939183057158,0.03270993415913053,-0.7104413062613565,2.73097588106911e-05,1.256057440321705e-06,-2.72808586009446e-05
16710.90614310708,27.96574024768165,-87.49141794858559,1134.81432745719,-25902.48915735593,1.688142179192739e-06,3.853236907097888e-05,-0.2466957298708707,3.676873013198759e-10,0.7111107652260138,0.03432871616433367,-0.7102816762854266,2.742678744869814e-05,1.324022146291964e-06,-2.739481036824665e-05
16749.42876026437,27.91096296212251,-87.37093882823325,1181.968596748825,-25740.8525309344,1.780103914015127e-06,3.876701332543086e-05,-0.2445924561568792,3.691451825300314e-10,0.7109756325365247,0.03582276499847196,-0.7100725875349475,2.759116170717509e-05,1.39019068536107e-06,-2.755611682022379e-05
16788.04018122561,27.87812717621927,-87.08579966692523,1305.034906288454,-25636.02147095849,1.980600469545839e-06,3.890678779395404e-05,-0.2430360836803249,3.698022123391969e-10,0.7108803843355932,0.0393581909951831,-0.7097900067165692,2.769360202115631e-05,1.533267905137054e-06,-2.765112443350667e-05
16826.74061070467,27.85345011002265,-86.97108188057388,1352.542624508824,-25561.19929370134,2.064306757405723e-06,3.901256453824817e-05,-0.2417694141170495,3.700316780822101e-10,0.7108260424058986,0.04078355045125846,-0.7096551025498387,2.776965524691023e-05,1.59328030799652e-06,-2.77239104455414e-05
16865.53025388741,27.80218493053111,-86.71052331982088,1460.17196663623,-25405.18087902055,2.254899198256724e-06,3.923244885165097e-05,-0.2397410609789663,3.714478426296156e-10,0.7107150708545035,0.04401090456940805,-0.7093510782530075,2.792882004885269e-05,1.729487222535429e-06,-2.787521951964294e-05
16904.40931643264,27.75892593988995,-86.39559826501942,1591.776905252149,-25269.59055032176,2.482938332504902e-06,3.941685220904661e-05,-0.2379130894613641,3.725820489060016e-10,0.7105772983585658,0.04790730606625473,-0.7089604974665602,2.806394203733051e-05,1.892078263285004e-06,-2.800008718772588e-05
16943.37800447329,27.72737038426759,-86.05480998515493,1735.546352802881,-25165.39789038352,2.727519707920539e-06,3.954899769333839e-05,-0.2363871872581408,3.732641929075952e-10,0.7104076208921916,0.05211824960478297,-0.7084932433551059,2.816235120013629e-05,2.066098963666671e-06,-2.808646044257185e-05
16982.43652461744,27.70328202771691,-85.70806558151371,1882.315454440975,-25081.21574074153,2.975473013481791e-06,3.964716987570762e-05,-0.2350545787765392,3.736556450328259e-10,0.7101822314247681,0.05639451863898047,-0.7079395878879359,2.823560147105001e-05,2.242147272887149e-06,-2.814643789254062e-05
17021.58508394951,27.67899520792692,-85.3338925327047,2040.027262984081,-24994.3734401611,3.243903315559027e-06,3.974423888544463e-05,-0.2337019768057589,3.740915318114426e-10,0.7100153174926379,0.06100965332927976,-0.7073892657333815,2.831255737902274e-05,2.432819782901978e-06,-2.820784098871049e-05
17060.82389003124,27.67537112594689,-84.84794741740437,2250.274433083813,-24957.73099150565,3.583513035537791e-06,3.974464315578654e-05,-0.232822651547143,3.737791157736588e-10,0.7096857687626658,0.06698337947315519,-0.7065175986899486,2.832032565672163e-05,2.67300149413298e-06,-2.819389842350874e-05
17100.15315090288,27.68330956104296,-84.41692610397956,2439.38571755142,-24954.6864159407,3.880127643139269e-06,3.96933407831689e-05,-0.232258837763417,3.729649453870368e-10,0.7095451392901714,0.07228954982982068,-0.7058530482159233,2.829815826627796e-05,2.883059877104833e-06,-2.815090987887149e-05
17139.57307508425,27.69934219098519,-84.04936806895331,2603.39998565702,-24976.69629290987,4.128363643895775e-06,3.960700833078206e-05,-0.2319290369548533,3.717792428548383e-10,0.7094194680262084,0.07681004617407219,-0.705249032910592,2.824990412387681e-05,3.058664919649382e-06,-2.808383257174024e-05
17179.08387157588,27.7302084051178,-83.77196557962108,2733.144353887125,-25044.88141708976,4.306089102678007e-06,3.945839552697368e-05,-0.2320273133583893,3.69914326824142e-10,0.7092265407068908,0.08020935505774925,-0.7046763408858587,2.815078640692175e-05,3.183688557138777e-06,-2.797017880706654e-05
17218.68574986007,27.7664376099453,-83.39643625019545,2908.190538088848,-25121.07112531211,4.547417162247933e-06,3.928077905251932e-05,-0.2321978984597588,3.679442144776531e-10,0.7090752046522313,0.08481562976127591,-0.7039843427241843,2.803874547338501e-05,3.353838689377997e-06,-2.783743906624494e-05
17258.37891990204,27.7975859531419,-83.18382436558814,3011.37665898283,-25193.66487770141,4.677582262436121e-06,3.913341082928541e-05,-0.2323333100111125,3.660401996029293e-10,0.7090313215112619,0.0874294966683286,-0.703620279693763,2.794402013590223e-05,3.445731579479688e-06,-2.773076261551214e-05
17298.16359215101,27.81568324905681,-82.93745230621437,3125.450236210878,-25227.04671056236,4.836867992787425e-06,3.904074151402983e-05,-0.2321060939334587,3.647150797401274e-10,0.7089486233188097,0.09045124935954486,-0.7031548350078616,2.788918691081704e-05,3.558243456198749e-06,-2.766126624095338e-05
17338.03997754138,27.86177831569484,-82.76030425763204,3219.533247998197,-25344.00650835721,4.932759116042472e-06,3.883043581515105e-05,-0.2326458999277383,3.621970094911311e-10,0.7088267118539112,0.092616475356216,-0.7027499526362269,2.774494169305055e-05,3.625200159081571e-06,-2.750708478478535e-05
17378.00828749375,27.90125388802247,-82.65831807281637,3278.801787817716,-25448.14865799028,4.980265672192022e-06,3.865391974992861e-05,-0.2330646058197186,3.598851598618873e-10,0.7088519175366854,0.09387813674337379,-0.7026079535822437,2.762608951522198e-05,3.658713117694956e-06,-2.73827434751426e-05
17418.06873391614,27.9615449285052,-82.61929087728998,3318.264022653457,-25616.74289010998,4.973205667414978e-06,3.839276502776104e-05,-0.2340690761505865,3.566943434717636e-10,0.7087963018105666,0.09435689121133264,-0.7024877041922289,2.74397015880754e-05,3.652847695457409e-06,-2.719547622227673e-05
17458.22152920504,28.00227981225948,-82.53747322182396,3369.921008931109,-25727.10405140998,5.005525154706523e-06,3.821385312765275e-05,-0.2345368211974954,3.543473821719041e-10,0.70884562573968,0.0953741866513803,-0.7024000894439481,2.731881174525435e-05,3.675707877532517e-06,-2.707040167363041e-05
17498.46688624657,28.06153284315541,-82.62813566681879,3351.467333978499,-25904.45838491301,4.912206510539846e-06,3.796786196908058e-05,-0.2356105038732081,3.511119535728923e-10,0.708924297177655,0.09428071337526148,-0.7026270747802734,2.714037412505658e-05,3.609431703736047e-06,-2.689929200600094e-05
17538.80501841761,28.1092408486225,-82.6627356751555,3353.687036419645,-26045.20882605583,4.863234418665685e-06,3.776856773714786e-05,-0.2363458470616738,3.484113447272222e-10,0.7088609738032008,0.09385565730080342,-0.7026200934885483,2.699339665737515e-05,3.574019560516275e-06,-2.675574419229334e-05
17579.23613958693,28.14659201311204,-83.03151947697692,3200.043044718409,-26181.32121854732,4.599733371458997e-06,3.763296156800189e-05,-0.2370345705309151,3.458028534173909e-10,0.7090822552450181,0.08936689856728318,-0.7034281783834266,2.688314950859678e-05,3.388131175943367e-06,-2.666878877332392e-05
17619.76046411629,28.16940145902061,-83.39564000281895,3042.038224323395,-26274.05669971347,4.348377595313584e-06,3.755689806180657e-05,-0.2373270628367681,3.437898091195585e-10,0.7092582799382646,0.08492354273353911,-0.7041557352962272,2.681518480069403e-05,3.210735153529267e-06,-2.662227104642396e-05
17660.37820686164,28.17784083803825,-83.73946644849708,2887.675872104519,-26322.46233894567,4.118128674480657e-06,3.753859219038618e-05,-0.2372174563037249,3.423683569676568e-10,0.7094908819383356,0.08073066063594843,-0.7048828782052524,2.679277015540729e-05,3.048662202682327e-06,-2.661875638294208e-05
17701.08958317421,28.19219766265073,-83.93949565658693,2800.602021859634,-26377.96690300848,3.980160299991676e-06,3.74878457711514e-05,-0.2371709267727113,3.408621764041442e-10,0.7096137638579005,0.07829061490491465,-0.7052816979579057,2.675110071556822e-05,2.951408542329983e-06,-2.658779000050091e-05
17741.89480890166,28.17810879848233,-84.38973070841796,2589.928403395445,-26365.47398012725,3.690166500558595e-06,3.756589901298504e-05,-0.2365133801149941,3.402393566110132e-10,0.7097062776486213,0.0727633513075196,-0.7059663556008603,2.678876970253039e-05,2.746545609571927e-06,-2.664760156917976e-05
17782.79410038923,28.15205772346282,-84.58047926202407,2495.198712448624,-26300.80060385924,3.574997709328555e-06,3.768249055404233e-05,-0.2353905915880161,3.402915483711867e-10,0.7098819962870788,0.07043788762582695,-0.7063787600426131,2.686992623979418e-05,2.666162622650148e-06,-2.673732434260322e-05
17823.78767448089,28.11672618745236,-85.04557461906262,2273.357700679091,-26224.83604577729,3.280883675063396e-06,3.78473816232716e-05,-0.2341708936779921,3.404923429889237e-10,0.7101475209935437,0.06473366482198957,-0.7071909602165387,2.697770977598471e-05,2.459159499508247e-06,-2.686539334000601e-05
17864.87574852051,28.07970244188974,-85.18120301786537,2202.374821130778,-26124.59425956367,3.204177240508137e-06,3.800798553491673e-05,-0.2327392796462101,3.410127189959964e-10,0.7101344944014962,0.06306613700624354,-0.7073285392955515,2.708620797082127e-05,2.405491517923117e-06,-2.69791822113974e-05
17906.05854035295,28.04422157597724,-85.43151064550798,2080.338851334016,-26035.28618977392,3.049617165834598e-06,3.816573229444679e-05,-0.2314101946319785,3.413954869325437e-10,0.7102955712293425,0.05999691550273954,-0.7077571395882737,2.719503714242375e-05,2.297097731728696e-06,-2.709784838670211e-05
17947.33626832527,28.00496022079949,-85.59565796821087,1997.217160260907,-25930.46357524491,2.952812922385906e-06,3.833724717167851e-05,-0.2299484108930484,3.419871993632061e-10,0.7102799032528154,0.05797561902283666,-0.7079098590666383,2.731050639933976e-05,2.229182477327242e-06,-2.721937738581019e-05
17988.70915128787,27.96455864831713,-85.70187097211719,1940.542607072006,-25819.66685909463,2.894513879778709e-06,3.851262209989631e-05,-0.2284392712701512,3.426648024284999e-10,0.7102982707171657,0.05667259238562208,-0.7080337920297937,2.743227747166323e-05,2.188740059568447e-06,-2.734482152499742e-05
18030.17740859569,27.92011598542409,-85.78548140834481,1893.587365125889,-25696.6045483725,2.852212774592361e-06,3.870546725560963e-05,-0.226827586987659,3.435139596632383e-10,0.7104026767286286,0.05565541998165924,-0.708219201469337,2.757069621211242e-05,2.159984368214897e-06,-2.748595563464471e-05
18071.74126010928,27.87783625019479,-86.02090411019243,1779.884598940621,-25587.68966608167,2.705411781664904e-06,3.889310415372167e-05,-0.2253467020163436,3.441827155613257e-10,0.710510177210689,0.05276088599469359,-0.7085485169196387,2.770039118910166e-05,2.056968680271594e-06,-2.762391268226937e-05
18113.40092619602,27.82818166688483,-85.94028005420734,1805.795490168365,-25442.95072299781,2.775565039581593e-06,3.910662359886929e-05,-0.2235566579080308,3.453445883209866e-10,0.710474926565244,0.05376317004956274,-0.708437818600977,2.78538342904391e-05,2.107759716066067e-06,-2.777397043381752e-05
18155.15662773135,27.76688116236493,-86.02517412872372,1756.193516606979,-25274.31520611033,2.736035679113313e-06,3.937574505039555e-05,-0.2215641693870512,3.468492295877767e-10,0.7105418134032759,0.05272638108542176,-0.7085828090858899,2.804523729753934e-05,2.081121534985411e-06,-2.796791497827308e-05
18197.00858609984,27.7325516180885,-86.17477784998981,1683.932889270643,-25185.16632373848,2.643004661801604e-06,3.952919527019894e-05,-0.2202748706771712,3.472764300271566e-10,0.7105687628647684,0.05088597463637221,-0.7087443716492385,2.815058653176145e-05,2.015948500858648e-06,-2.807830966643247e-05
18238.95702319638,27.66421637751754,-85.96351212795241,1763.093834861741,-24984.75394634011,2.810399089865663e-06,3.98260877344728e-05,-0.2180194343041384,3.492569482092418e-10,0.7104005800850631,0.0534943214965283,-0.7083836120018731,2.836248827369616e-05,2.135741592402618e-06,-2.828196154664725e-05
18281.00216142743,27.62005681414903,-85.95275915911839,1759.120811142285,-24862.00087887891,2.831748739722647e-06,4.0021662645235e-05,-0.2164493117000791,3.501741266476625e-10,0.7103492436671286,0.0536314292704347,-0.7083217614706413,2.85000853141027e-05,2.151758903597724e-06,-2.84187402347803e-05
18323.14422371211,27.56860827501584,-85.88793817701631,1776.985191564897,-24717.25594200577,2.893639444663603e-06,4.024953449085713e-05,-0.2146942366882037,3.51414661594054e-10,0.7102990769863508,0.0544369586375178,-0.7082099944945419,2.866264353093885e-05,2.196690367324831e-06,-2.857834294726993e-05
18365.38343348346,27.52083729896379,-85.72214465844806,1838.508126385592,-24578.42485263386,3.026455043149482e-06,4.045970576924354e-05,-0.2129973394172364,3.525868286764315e-10,0.7102404141031529,0.05648944115818288,-0.7079903875498976,2.881604552179944e-05,2.291903242327735e-06,-2.872475690135994e-05
18407.72001468956,27.4678410204137,-85.62423335580191,1869.346137546835,-24429.39411697726,3.114073048250255e-06,4.069600395387245e-05,-0.2112189248507846,3.539218990832247e-10,0.7101971983187615,0.05770380274090308,-0.7078490881883349,2.898632314855448e-05,2.355150199279622e-06,-2.889048627509164e-05
18450.15419179474,27.42346129855343,-85.42027050557627,1946.402749672484,-24299.04627408913,3.275492252879477e-06,4.089150502717462e-05,-0.209608726666354,3.550020848333096e-10,0.7100878875228089,0.06022208379007827,-0.707529581452667,2.912920640575314e-05,2.47042871696555e-06,-2.902425964229513e-05
18492.68618978078,27.37234028577161,-85.28426615863003,1992.543332745196,-24154.54793298899,3.392068813342479e-06,4.112025439918278e-05,-0.2078830334453911,3.563044265364168e-10,0.7099419734237002,0.06189679128827795,-0.7072385685586959,2.929178803542238e-05,2.553825183409687e-06,-2.918024714159728e-05
18535.31623414811,27.34051249101302,-85.01818901260884,2096.871213488942,-24055.29949218853,3.596356641802959e-06,4.125739127075283e-05,-0.2065527112337246,3.569516249496347e-10,0.7097979184986101,0.06517537981191959,-0.7067993031768859,2.939508931113286e-05,2.699128949984563e-06,-2.927090669112988e-05
18578.04455091699,27.29372159339057,-84.65426792655002,2237.378611893652,-23910.6940021618,3.879440406279309e-06,4.145928273429654e-05,-0.2048388425795841,3.582844420857099e-10,0.7096455164242137,0.06965654350862603,-0.7062186098704989,2.954954542829199e-05,2.900489257168104e-06,-2.940684949272439e-05
18620.87136662867,27.2846197423357,-84.25961455221429,2398.912442183456,-23863.7915495618,4.170314869941706e-06,4.148526765809991e-05,-0.2039668451195042,3.581629717655465e-10,0.7094360704145489,0.07450544854659952,-0.7055129170625488,2.957910338055224e-05,3.10641713450871e-06,-2.941553211117942e-05
18663.7969083467,27.25855611608698,-84.00398534931199,2497.656765104526,-23779.52765021797,4.368791864224933e-06,4.15941086801158e-05,-0.202779176633135,3.586054684924827e-10,0.7092294526758125,0.0776379448583577,-0.7049672092097641,2.966166673764119e-05,3.247003967327634e-06,-2.948340955335811e-05
18706.82140365801,27.24316987752836,-83.54127947233661,2684.120619239406,-23710.0870010549,4.714171371537209e-06,4.164247037031539e-05,-0.2017220064237573,3.588285449774824e-10,0.7090959835469226,0.08332097994913369,-0.7041837318361548,2.971673956656984e-05,3.491809175387817e-06,-2.951087730227644e-05
18749.9450806742,27.24110255548893,-83.18911992926277,2828.428866199495,-23681.66710540193,4.972437801340994e-06,4.163287191729875e-05,-0.2010168224101235,3.584328947892859e-10,0.7088132578934755,0.08762077477769051,-0.7033767371707141,2.971928246092323e-05,3.673783646206105e-06,-2.949133879146566e-05
18793.16816803268,27.26024889138696,-82.72652856794537,3024.955097219563,-23700.53160566382,5.298892336463078e-06,4.151683620387885e-05,-0.2007142555858883,3.573238825668195e-10,0.7086700883152656,0.09328609098541685,-0.7025033802775804,2.966003072427674e-05,3.904310863963324e-06,-2.940193495745778e-05
18836.490894898,27.28400336850138,-82.32217797296846,3199.6482566087,-23734.2962144496,5.578629214400791e-06,4.138106054992002e-05,-0.2005379125238267,3.559948976220985e-10,0.7084147599181984,0.09821427626416573,-0.7015735371348215,2.957975805123611e-05,4.100923206917295e-06,-2.929410376203093e-05
18879.91349096294,27.31077056309066,-82.01732108303067,3335.071803383821,-23782.43429059173,5.782757647933765e-06,4.123690939453334e-05,-0.2004824851510914,3.544572193090528e-10,0.7083279485554992,0.1019414929323993,-0.7009539319552716,2.949467672967803e-05,4.244829510841039e-06,-2.918762370958115e-05
18923.43618644976,27.36410631129165,-81.68899932799704,3491.136040968353,-23898.74430225227,5.984756660180066e-06,4.096894748712578e-05,-0.2009996097916039,3.519208913647188e-10,0.7082046846176134,0.1059462576974286,-0.7002351503561095,2.932195967495492e-05,4.386517010394713e-06,-2.899199523484371e-05
18967.05921211146,27.41986392859234,-81.4919220262825,3595.057122720032,-24031.91110922776,6.08859914009444e-06,4.070051415588175e-05,-0.201654742688645,3.491658994980096e-10,0.7081763316163923,0.1083580906485355,-0.6998372959857556,2.914348674962721e-05,4.459246148233458e-06,-2.880031152114785e-05
19010.78279923299,27.47936106460398,-81.31043665288587,3695.084100177928,-24176.9355772069,6.177233135365692e-06,4.041763692250813e-05,-0.2024050690896342,3.462731983977887e-10,0.7081045237668977,0.1105713322200939,-0.6994183276625074,2.895186092162253e-05,4.520866235008694e-06,-2.859671343546549e-05
19054.60717963247,27.5446643483944,-81.3354775342617,3711.471154641173,-24355.42471400715,6.114835523028486e-06,4.012678800788239e-05,-0.2034303933843424,3.429449597001602e-10,0.7081322183789019,0.1102782304602709,-0.6994926379832573,2.874272603846378e-05,4.47613720130175e-06,-2.839204987099921e-05
19098.53258566239,27.60697719452385,-81.37376884726058,3721.025051278375,-24528.1764608167,6.045753492523588e-06,3.985227362343913e-05,-0.2044021189198529,3.397464047962165e-10,0.7082102550308412,0.109831124424819,-0.6996419723247235,2.854633522360665e-05,4.427041367369074e-06,-2.820096734919086e-05
19142.55925021086,27.68456988724242,-81.59699398889362,3657.466530747944,-24759.32621244053,5.838855306629421e-06,3.952630106898445e-05,-0.2058538308711903,3.358004778409622e-10,0.7083362383867816,0.1071318563613272,-0.7001878262041632,2.830136223140792e-05,4.280421230897825e-06,-2.797579486340722e-05
19186.68740670289,27.73046224324476,-81.84542206558972,3568.878890729671,-24906.15190276838,5.637564634092159e-06,3.934289883108551e-05,-0.2065983097915274,3.330531143853891e-10,0.7085389727643778,0.1041330636650915,-0.700845047765711,2.816033268747164e-05,4.13868796113465e-06,-2.785454359757925e-05
19230.91728910159,27.75234373412964,-82.14921034085174,3445.872595192615,-24990.70843965292,5.414552021498823e-06,3.926828028679532e-05,-0.2068229361993643,3.311628137159545e-10,0.7086761002664451,0.10044347173861,-0.701521862862414,2.809141354114472e-05,3.981507350193863e-06,-2.780782468946396e-05
19275.24913190936,27.79186935117046,-82.61024198673336,3260.009640643684,-25135.8622811851,5.074424880400254e-06,3.912566495502e-05,-0.207545785974049,3.284931694331313e-10,0.7089013531473122,0.09483400813283456,-0.702529458026887,2.79681602461691e-05,3.741469422325192e-06,-2.771677099009189e-05
19319.68317016924,27.79084416966511,-82.91600309306369,3126.115305124481,-25155.23448101338,4.865106757872771e-06,3.914855637885023e-05,-0.2072280314860824,3.274852633365323e-10,0.7090841951237417,0.09111552663749338,-0.7032057711508465,2.797277754222297e-05,3.594431204080515e-06,-2.774087864047976e-05
19364.21963946607,27.78892456477749,-83.40511769125889,2911.605720941737,-25183.97441880459,4.530201258998755e-06,3.918403917057833e-05,-0.2069876344143301,3.26359201674892e-10,0.7093027126904085,0.08514394365452366,-0.7041738756080969,2.797809592546546e-05,3.358460894648292e-06,-2.777579147447765e-05
19408.85877592778,27.77733143064025,-83.7377178734223,2762.423076702057,-25173.63953119265,4.307246838838103e-06,3.925143842275907e-05,-0.2064268287619263,3.257422730079065e-10,0.7094686835523829,0.08108228324933693,-0.7048201730119715,2.801444702830927e-05,3.201656932409485e-06,-2.783089353917873e-05
19453.60081622662,27.7521064172114,-84.20961786143147,2548.654977771806,-25133.00297352769,3.993733666996536e-06,3.938333003231974e-05,-0.2056196020349983,3.255185550271227e-10,0.7096843936109567,0.07530596167267165,-0.7056776535157575,2.809268787930176e-05,2.980968576689248e-06,-2.793408202588121e-05
19498.44599758046,27.72758322463287,-84.41816539458777,2450.813973519533,-25077.19823673709,3.860325517155859e-06,3.949959046178932e-05,-0.204691187121647,3.25492599343095e-10,0.7097637410684198,0.07275359229511359,-0.7060251291162343,2.816855600462476e-05,2.887388465375254e-06,-2.802018085658441e-05
19543.39455775394,27.6781827700414,-84.61024180451264,2354.077625457271,-24951.14370364443,3.747926965620558e-06,3.972471565877001e-05,-0.2031938640186579,3.263846113983119e-10,0.7098482722268069,0.07040328574971753,-0.7063483184230189,2.832335247853442e-05,2.80913141012633e-06,-2.818370231789897e-05
19588.4467350599,27.63327366015978,-84.90009152108506,2217.174562511304,-24843.4020233302,3.563956255949885e-06,3.993406723908969e-05,-0.2018511364739969,3.270461676018175e-10,0.7101131577119596,0.06686263716708316,-0.7069583329353388,2.84700171166955e-05,2.680671951985433e-06,-2.834353316915119e-05
19633.60276836047,27.59974788704696,-85.10554176757981,2120.466067089752,-24762.30870513781,3.43301742545325e-06,4.008997766979716e-05,-0.2007295288229596,3.273625523505172e-10,0.7101004300064979,0.06433467958571337,-0.7071800829336308,2.857169580941325e-05,2.588578766389778e-06,-2.845419233427368e-05
19678.86289706845,27.54475612032991,-85.22897414662063,2054.702739917608,-24618.09531679573,3.366861538082906e-06,4.033951804936128e-05,-0.1991015222611849,3.285229264148533e-10,0.7101308805479958,0.06282238694423156,-0.7073466018908278,2.874553529246251e-05,2.543000439114253e-06,-2.863282989885688e-05
19724.22736114854,27.51276027220766,-85.3307249256713,2003.989524691631,-24536.10939352735,3.306713486315446e-06,4.048618160605039e-05,-0.1979820564183547,3.288625593789796e-10,0.7101603812044205,0.06157734183046328,-0.7074856874916284,2.884701265414973e-05,2.501297461820756e-06,-2.873836547328612e-05
19769.69640111861,27.46446257901859,-85.4507713894605,1942.297528531684,-24411.06101968817,3.23893089695791e-06,4.070732655669088e-05,-0.1965200147019671,3.297869569481383e-10,0.710230078787023,0.06010946243971687,-0.7076818616716337,2.900252703640966e-05,2.454593745915838e-06,-2.889846957955013e-05
19815.27025805098,27.43177143438361,-85.4005678995733,1956.502049320181,-24320.04876586048,3.28662209455537e-06,4.085393605507054e-05,-0.1953370267937673,3.302597822384078e-10,0.710232311285131,0.06073841693127341,-0.7076303983734037,2.910911126884576e-05,2.489384541723817e-06,-2.900247098896006e-05
19860.94917357372,27.38242388859323,-85.45093354402911,1924.620615595822,-24189.7610239674,3.26844672677818e-06,4.107975597874204e-05,-0.193843708350991,3.312749169327289e-10,0.7102711675237234,0.06012836819188651,-0.7077214923641179,2.926955257543239e-05,2.477828911742494e-06,-2.916448305473858e-05
19906.73338987186,27.36413671448096,-85.41999687150222,1933.709235373815,-24139.1309849093,3.297386835883941e-06,4.116236882114853e-05,-0.1929930914805796,3.312062323123901e-10,0.7101505385181216,0.06050895840031813,-0.7075679849391764,2.932469580498551e-05,2.498634729290673e-06,-2.921805278495672e-05
19952.6231496888,27.32345181280407,-85.35919220410555,1950.413650421426,-24027.27843527196,3.356334392092121e-06,4.134691168883688e-05,-0.1916570118790861,3.319827747500362e-10,0.7101218954453007,0.06126611679809536,-0.7074740767853679,2.945749774986539e-05,2.54146014831886e-06,-2.934766011112013e-05
19998.61869632744,27.31518101755079,-85.55780981235583,1865.663343402928,-24015.26337883443,3.215476893719276e-06,4.139038522908227e-05,-0.1911205935986556,3.313849475762272e-10,0.7101945273255921,0.05882807461123225,-0.7077538585417649,2.948336516702745e-05,2.442217644745283e-06,-2.938204204183198e-05
20044.72027365162,27.27652627576421,-85.42751222424529,1911.874469423796,-23905.95499503759,3.324132211727885e-06,4.15647346737526e-05,-0.1898131206048252,3.321345339586286e-10,0.7101244051108985,0.0604402764808353,-0.7075476264627192,2.960994083290203e-05,2.520168293951663e-06,-2.950249731629713e-05
20090.92812608728,27.2574782863099,-85.51208483661836,1872.737945586921,-23859.73071439822,3.269479571654825e-06,4.165500161927993e-05,-0.1890103861905329,3.320126215286434e-10,0.7102046049325146,0.05941135542155662,-0.7077152476203424,2.967412399848955e-05,2.482354965672362e-06,-2.957011242626811e-05
20137.24249862388,27.228189594834,-85.56420466521747,1845.098246824412,-23784.92196163758,3.241980384297829e-06,4.179194824687395e-05,-0.1879844224703699,3.322908638833259e-10,0.7101881156859869,0.05877503177475094,-0.7077518317189223,2.976887542292766e-05,2.463666400825551e-06,-2.966675398170871e-05
20183.66363681561,27.20299262647205,-85.57515342085277,1835.430829678636,-23719.0794367934,3.243019583479041e-06,4.190920075646987e-05,-0.1870328799509555,3.324469110723014e-10,0.7102105812348012,0.05865050826799783,-0.707784704255312,2.985289600988865e-05,2.46530757287154e-06,-2.975092702334446e-05
20230.19178678272,27.18064399835347,-85.59200780231998,1823.949236054732,-23661.18752308737,3.238669370576605e-06,4.201364916725835e-05,-0.1861472690626687,3.324938326968645e-10,0.7102810023580152,0.05845698522335871,-0.7078713747491862,2.99295824417963e-05,2.46324081980656e-06,-2.982804636250789e-05
20276.82719521282,27.12874780340691,-85.72873117318396,1757.51716343181,-23532.04911146219,3.156198528845047e-06,4.225951264184512e-05,-0.1847055212885904,3.335495703373715e-10,0.7102810840472465,0.05677656452058012,-0.7080082203453376,3.009928044762679e-05,2.405996410069177e-06,-3.000296426587917e-05
20323.57010936222,27.0940226034892,-85.71083064064202,1758.06515571086,-23440.78080566422,3.181667114553654e-06,4.242206904936136e-05,-0.1835659834901004,3.340781390755593e-10,0.7102334200065884,0.05700286672683553,-0.7079422180370214,3.02137378030246e-05,2.424934705676604e-06,-3.011626875466354e-05
20370.42077705718,27.04744509699497,-85.72400559405355,1743.667442837334,-23320.71286386359,3.188297892669921e-06,4.264194986540963e-05,-0.1822056976305052,3.350258439719357e-10,0.710291211615499,0.05685365471020376,-0.708012194276558,3.037228687994277e-05,2.431081059139264e-06,-3.027483534557105e-05
20417.37944669529,27.01051372681891,-85.70152897006827,1745.627721507391,-23224.39431132086,3.218223265326697e-06,4.281628045599143e-05,-0.1810358261015852,3.356415632600728e-10,0.710178205452652,0.05713127973607676,-0.7078764725399956,3.049249879009488e-05,2.453011743888328e-06,-3.039367065440244e-05
20464.44636724674,26.97007263078631,-85.66310396800898,1753.278260791172,-23118.72804677977,3.261612239789045e-06,4.300762066809908e-05,-0.1797976735168952,3.364001613132084e-10,0.710254944921455,0.0576212170199215,-0.7079137533164066,3.063362423506599e-05,2.485229737260987e-06,-3.053264755844563e-05
20511.62178825566,26.93211731915468,-85.61085711898244,1766.84444738123,-23019.21649004454,3.314867421563737e-06,4.318753183160499e-05,-0.1786120146087492,3.370773680834867e-10,0.7101562853048874,0.05826764335819711,-0.7077618464536772,3.075963678561309e-05,2.523798751259816e-06,-3.065592430584962e-05
20558.90595984141,26.87574011492529,-85.5051615813254,1797.899348289204,-22870.81846105448,3.416067243537386e-06,4.345529901439782e-05,-0.1770524082236851,3.384842185387325e-10,0.7101090907190533,0.059578248357481,-0.7076053653304891,3.095272603726993e-05,2.596937883617572e-06,-3.084359192388137e-05
20606.29913270001,26.86056994168842,-85.42262851812104,1827.653881164587,-22828.38004105923,3.48472853046262e-06,4.35261337243092e-05,-0.1763174213340114,3.383335282115353e-10,0.7100616028007118,0.06060247056946551,-0.7074707204773869,3.100464834374205e-05,2.646190529606217e-06,-3.08915181659971e-05
20653.80155810529,26.81868719245125,-85.38753680242696,1833.063408711562,-22721.008850681,3.527806025908624e-06,4.372751731185108e-05,-0.1750845170293347,3.39150546157223e-10,0.7100383635765983,0.06104283325656494,-0.7074095350350776,3.114860996481592e-05,2.677882635352722e-06,-3.103328611880324e-05
20701.41348791042,26.7868804215009,-85.06794433890435,1952.40437959856,-22625.06778862777,3.785889610476288e-06,4.387206358085489e-05,-0.1739442274534654,3.398053736984717e-10,0.709840104143201,0.06497868931764231,-0.7068597763238419,3.125739919441849e-05,2.861299071828577e-06,-3.112616217943977e-05
20749.1351745491,26.74633759265907,-84.86476274226303,2023.20402028026,-22513.17374378621,3.959796624448907e-06,4.406258019590501e-05,-0.1726858905620923,3.407088453064615e-10,0.7097466613476361,0.06748514986337799,-0.7065310169002019,3.139880706168889e-05,2.985506400362616e-06,-3.125654869672206e-05
20796.96687103696,26.71662478910089,-84.72424901425754,2071.357960639858,-22431.77637018567,4.081693662857994e-06,4.420271203561123e-05,-0.1716658065469627,3.411587110888585e-10,0.7096272010279223,0.069215128517914,-0.706243605580236,3.150039767590042e-05,3.072464063306188e-06,-3.135019965358378e-05
20844.90883097289,26.70228288535965,-84.46850176287316,2167.591050447098,-22382.31364604482,4.286602759582948e-06,4.426300220292795e-05,-0.1708933286054078,3.41126261227883e-10,0.7095474958851216,0.07236784521731555,-0.7058473941975343,3.155313696931003e-05,3.218153182920235e-06,-3.138859574264673e-05
20892.96130854039,26.68736849379971,-84.29372434166524,2231.86524012484,-22335.65143920583,4.429512077198787e-06,4.432885822287849e-05,-0.1701448292193079,3.410527125793411e-10,0.7094032660505177,0.07451465342958795,-0.7054789580897576,3.160314026967953e-05,3.319546380991894e-06,-3.142831663849472e-05
20941.12455850892,26.67489064063626,-83.95881302762919,2358.512803387359,-22285.63491611061,4.696248405800373e-06,4.43749456423216e-05,-0.1693733756718979,3.410319906064762e-10,0.7091668931900071,0.07862005701079502,-0.7047954093440069,3.164447729599898e-05,3.508187752388023e-06,-3.144941274540734e-05
20989.39883623524,26.65851884147772,-83.7402812694958,2438.654970672018,-22232.35192230655,4.875120913934351e-06,4.444474725857491e-05,-0.168579802242128,3.410630906582225e-10,0.7090053522443007,0.08129829401240118,-0.7043288840461805,3.170005825175365e-05,3.634895911298148e-06,-3.149097052932161e-05
21037.78439766475,26.66353808500256,-83.48097869326016,2540.149974420327,-22228.99627639701,5.074407168192739e-06,4.440642449563236e-05,-0.1681666933402279,3.403300351209669e-10,0.7088526514233036,0.08447601593478339,-0.7038010259737008,3.168195282064956e-05,3.775629739055614e-06,-3.14561719635976e-05
21086.2814993329,26.65067725388453,-83.1323153938007,2670.843127187539,-22175.5187848666,5.353602985005712e-06,4.44499799902984e-05,-0.1673762835021603,3.403661348720764e-10,0.7087215874186971,0.08875007477707958,-0.7031427399186745,3.172981338495473e-05,3.973384415781691e-06,-3.148004564368475e-05
21134.89039836646,26.68129954482025,-82.8822606138925,2776.473604633031,-22234.73319567159,5.52980865440279e-06,4.428416673891366e-05,-0.167437239073362,3.386789534696665e-10,0.7085699381704698,0.09180750232073136,-0.7025971390466462,3.162160677669767e-05,4.097126594211352e-06,-3.135505651104935e-05
21183.61135248502,26.69216031834657,-82.57090238820248,2900.058166188704,-22240.7718576466,5.764809523653379e-06,4.421077305041212e-05,-0.1670975132815742,3.378082691957606e-10,0.7084590428216485,0.09561846513116344,-0.7019767264530405,3.158615597831186e-05,4.263083073949879e-06,-3.129714639053931e-05
21232.44462000219,26.73036408250873,-82.36778902731541,2991.068122088407,-22321.28285100831,5.897377290397632e-06,4.401003962630167e-05,-0.1673166969451848,3.358156880167575e-10,0.7083133235702487,0.0980954314148588,-0.7014877409354098,3.145100904544996e-05,4.355699939675154e-06,-3.114793489161824e-05
21281.39045982712,26.75486123966882,-82.16734036962987,3077.02293041686,-22367.98283218205,6.035807694571641e-06,4.387645004395221e-05,-0.1672811295604294,3.343438282985501e-10,0.7082579679607676,0.1005503772074933,-0.7010841396175972,3.136798596897979e-05,4.453268391037694e-06,-3.105026480382249e-05
21330.44913146576,26.82061237914178,-82.01683171304666,3158.376701669443,-22521.02088668749,6.107017356066519e-06,4.354650455679928e-05,-0.1680382712759986,3.313081033558035e-10,0.7082330533335267,0.1023973637615952,-0.7007915793792086,3.114236618251078e-05,4.502608545842065e-06,-3.081515029540666e-05
21379.62089502233,26.84988673591249,-81.83774779445365,3238.825782357443,-22581.26736913526,6.223680246112588e-06,4.339183305968997e-05,-0.1681002830089632,3.296642237866314e-10,0.7082134430126344,0.1045936573243754,-0.7004473197259885,3.104465064361577e-05,4.584879859609457e-06,-3.070422137519694e-05
21428.90601120058,26.89408718537407,-81.83468843626838,3255.964842767572,-22692.14015913698,6.195529778051673e-06,4.317916097771928e-05,-0.1685371280163833,3.272989969053867e-10,0.7081951834581971,0.1046376778695035,-0.7004222828005028,3.08919323505712e-05,4.564363245568963e-06,-3.055287339211759e-05
21478.30474130534,26.95031954368721,-81.78160857828294,3297.385555259204,-22830.35697088389,6.196952176888268e-06,4.290630499797094e-05,-0.1691736944899988,3.245692930405176e-10,0.7082847753774906,0.1053091751057266,-0.7004122362366991,3.070469695420044e-05,4.565234804595131e-06,-3.036341624765235e-05
21527.81734724373,27.02251434184997,-81.95966265325747,3252.830058470761,-23027.44568973981,6.014357385674144e-06,4.257685940175033e-05,-0.1702416807606129,3.210512498411114e-10,0.708353366395718,0.1031514009821535,-0.7008025971409961,3.045836303719333e-05,4.435389126328183e-06,-3.013368882502629e-05
21577.44409152667,27.05348831791436,-82.090290924317,3211.660904439426,-23116.41883238903,5.896379091511663e-06,4.244008714790392e-05,-0.170506400487074,3.190799953554924e-10,0.7084238142994697,0.1015728699095599,-0.7011043094753769,3.035384014030554e-05,4.352093469465881e-06,-3.004022126576727e-05
21627.1852372702,27.10747214558096,-82.35935775684582,3122.350969505605,-23274.98130212297,5.661829806909422e-06,4.220505131506252e-05,-0.1712811114328751,3.161773760087161e-10,0.708665809373318,0.09832229863626382,-0.7018119085379082,3.017669173446702e-05,4.186799556753743e-06,-2.98848361800532e-05
21677.04104819695,27.14736634910835,-82.71678143978782,2991.099780878434,-23403.57195601901,5.3731637238213e-06,4.204180169642883e-05,-0.1718313008922914,3.137169508330787e-10,0.7088384021860579,0.09397469035146683,-0.7025814102202174,3.004272972122953e-05,3.98293350664754e-06,-2.977753935073334e-05
21727.01178863744,27.16570328129218,-82.98322074481369,2888.671159906395,-23469.51558240273,5.166066630813034e-06,4.197261459678439e-05,-0.1719191508362461,3.121159809149847e-10,0.709017726654617,0.09073894317649261,-0.703187443646212,2.998337898791981e-05,3.837224402076775e-06,-2.973682438360454e-05
21777.09772353159,27.20192091898526,-83.34130704521166,2753.703477925242,-23587.90719531058,4.88269322520391e-06,4.182458844336334e-05,-0.1723889966875603,3.098351752693546e-10,0.7091844783418074,0.086372251797634,-0.7039051487525486,2.986227235843771e-05,3.636954538857476e-06,-2.963997085173662e-05
21827.29911843002,27.1826121856237,-83.71107800632326,2596.540599196951,-23560.93533011786,4.621332717733635e-06,4.193384125599843e-05,-0.1717958461700163,3.094764485638116e-10,0.7093449872406595,0.08185574456801938,-0.7046062361380764,2.992512868470727e-05,3.453247339223743e-06,-2.972521504733707e-05
21877.61623949553,27.20464278058479,-84.02106684614166,2475.633294299324,-23637.67929797713,4.382670778147102e-06,4.184632940630158e-05,-0.171959022514638,3.077622125635595e-10,0.709522079001617,0.07807147699282285,-0.7052137442442086,2.985276822431769e-05,3.284816324357935e-06,-2.967149730583315e-05
21928.04935350448,27.20064675514793,-84.41019969354156,2314.664508477479,-23650.12533764593,4.099028659210415e-06,4.188189744037469e-05,-0.1716538617525353,3.068927896568031e-10,0.7097851198870323,0.07331692598301548,-0.7059883460634814,2.986865968474007e-05,3.085269400500397e-06,-2.970888661813419e-05
21978.59872784825,27.17451325821812,-84.67168032705104,2200.735935622764,-23596.40163321271,3.91845624130407e-06,4.201388533505049e-05,-0.1708700361478934,3.068840747258189e-10,0.7099044269441448,0.07011567650574652,-0.7064333565900156,2.995475525084495e-05,2.958564349313894e-06,-2.980829178482041e-05
22029.26463053456,27.16059525116198,-85.12202746610249,2012.752460360698,-23584.27756238064,3.592473095230886e-06,4.209453685036187e-05,-0.1703894531323296,3.063356593133366e-10,0.7101124039098488,0.06458955783848111,-0.7071688731871997,2.999998244057506e-05,2.728702653734994e-06,-2.987562766306863e-05
22080.04733018899,27.14778238517079,-85.3834100452259,1902.798129836799,-23564.20355725321,3.40458801751814e-06,4.216233126120613e-05,-0.1698528730521689,3.058914695796326e-10,0.7102236395757145,0.06138211254003628,-0.707566148478216,3.004161914619807e-05,2.596390692400001e-06,-2.992921041888063e-05
22130.94709605638,27.12911742525913,-85.6791892118692,1777.829652854529,-23530.06645993342,3.192799518537601e-06,4.225758342134056e-05,-0.169216724983566,3.056307011932209e-10,0.710482956274143,0.05775943410895965,-0.7081312582618131,3.010833001267151e-05,2.447687292341881e-06,-3.000867146460909e-05
22181.96419800219,27.11274546300546,-86.09637459378926,1604.033833675962,-23506.89762086114,2.88938492059865e-06,4.234354294143485e-05,-0.1686613015745521,3.052283126144974e-10,0.710625727974396,0.05262219056898305,-0.7086746999285793,3.015984335185314e-05,2.233351484354188e-06,-3.007703928507015e-05
22233.09890651403,27.06957793891773,-86.40137885203708,1472.151179783345,-23408.1622351304,2.676106750120489e-06,4.25518396653848e-05,-0.1675665971749218,3.058107957829754e-10,0.7108234540279371,0.04887233370156589,-0.7091413665798729,3.030605731291151e-05,2.083678778158578e-06,-3.023434127946116e-05
22284.35149270303,27.04797851112414,-86.69557544065459,1349.001264786824,-23364.54130317229,2.462932405424594e-06,4.265769604193664e-05,-0.1668696637948952,3.0567707737477e-10,0.7109018415372396,0.04524528007690267,-0.7094605647474714,3.037538919123226e-05,1.933238755480468e-06,-3.031380636662341e-05
22335.72222830532,26.99026197556206,-86.99657948866857,1218.699266838951,-23227.63527957583,2.252644437447728e-06,4.293397463290309e-05,-0.1655103395938265,3.067715873355776e-10,0.7110300173621324,0.04153484094746463,-0.7098158511737133,3.05687789767453e-05,1.785676190532285e-06,-3.051657924262927e-05
22387.2113856834,26.95332847516969,-87.13771597799057,1156.862847525052,-23138.23833525804,2.15544529093554e-06,4.311073431649478e-05,-0.1644941364983806,3.072485496034505e-10,0.7111224210762686,0.03980126757337855,-0.710007716054499,3.069474346425107e-05,1.717973813661884e-06,-3.064662856354277e-05
22438.81923782766,26.91492303018056,-87.44135835388701,1030.074127155863,-23051.1618017595,1.934712656253264e-06,4.329530594302342e-05,-0.1634981906078351,3.076998698036913e-10,0.711299636844727,0.03605687442380617,-0.7103851597423938,3.082610251972317e-05,1.562622627588473e-06,-3.078647116965879e-05
22490.54605835781,26.8690323425193,-87.6162842953951,954.9607984295759,-22940.5089486101,1.811454890764186e-06,4.351560524779373e-05,-0.1623391173669773,3.084729472630588e-10,0.7114782379213365,0.03390631090789951,-0.7106698566256112,3.098664869514816e-05,1.476704259741132e-06,-3.095144167701707e-05
22542.39212152429,26.82474144636921,-87.76936653497076,889.4027962954718,-22833.54869208311,1.703308216411351e-06,4.372886082554339e-05,-0.1612105815160834,3.092051499838019e-10,0.7114907705632608,0.03201794223681206,-0.7107699824638227,3.113569806621896e-05,1.401143940908482e-06,-3.110415550577779e-05
22594.35770220978,26.78096839837924,-87.89511784120532,835.315206295053,-22727.40203145169,1.614970285372275e-06,4.394039359980144e-05,-0.1600921090396188,3.099347964146042e-10,0.7115171210908252,0.03046898520097082,-0.7108644417511676,3.128486987237444e-05,1.339698243233133e-06,-3.125617205526742e-05
22646.44307593059,26.73358312528059,-88.00794577702001,786.4976703731799,-22612.25504510147,1.536330335465873e-06,4.417037034909096e-05,-0.1589146760405624,3.107965980367964e-10,0.7116254898899064,0.02908350253763051,-0.7110309330410266,3.145118150929199e-05,1.285381890098518e-06,-3.142490432327578e-05
22698.64851883821,26.69430416731645,-88.04944991986169,766.8073406568777,-22515.62291792953,1.510827567478179e-06,4.436215200314971e-05,-0.1578716319259109,3.114125888758264e-10,0.7116041476885445,0.02857759763539916,-0.7110300865089529,3.15860005988427e-05,1.268474922409077e-06,-3.156051972324459e-05
22750.97430772071,26.64194116471029,-88.26940580181352,676.5574516735472,-22392.36535048313,1.348057648967884e-06,4.461734818607491e-05,-0.156646286213758,3.124065711531335e-10,0.7117133205874856,0.02586179220125295,-0.7112432905875488,3.176865272794722e-05,1.154389375044648e-06,-3.174767206142353e-05
22803.42072000419,26.61082335760414,-88.31285483318632,657.3363006886796,-22316.81680700767,1.318701489174217e-06,4.477041588331079e-05,-0.1557587237688306,3.12743205502816e-10,0.7117516085903984,0.02533385985501337,-0.7113006030335319,3.187863161457832e-05,1.134677851017112e-06,-3.185843153377773e-05
22855.9880337543,26.57674513628289,-88.36519293991272,634.5843915773152,-22234.51371390901,1.282568293702642e-06,4.493851833398245e-05,-0.1548273808853534,3.131789012518307e-10,0.7117631975330508,0.02469459053002466,-0.7113346797120377,3.199799904467671e-05,1.11016906595781e-06,-3.197873461392933e-05
22908.67652767772,26.50927872335013,-88.51847939742262,570.9000037897632,-22073.85458683447,1.170882424738963e-06,4.527218113574561e-05,-0.1533551301552445,3.147327629870826e-10,0.7118452264628955,0.02280417739650482,-0.7114798633350629,3.22369462578647e-05,1.032720335625173e-06,-3.22204002573035e-05
22961.48648112362,26.48139940902259,-88.63033726107713,526.229867089036,-22009.07281553612,1.0857348940742e-06,4.540984812252085e-05,-0.1525533956323641,3.149331553092187e-10,0.711847816293955,0.02142534105085589,-0.7115253110911283,3.233351855237388e-05,9.731808491953217e-07,-3.231886973598342e-05
23014.41817408509,26.44132579028582,-88.55899573247949,551.1609442502115,-21910.09287231044,1.147401102196138e-06,4.56122027026212e-05,-0.1515180422052679,3.156282832934461e-10,0.7118598438027939,0.02232181814821603,-0.7115097846505669,3.24791406011263e-05,1.018449736166781e-06,-3.24631688891062e-05
23067.47188720069,26.40996932662133,-88.66866210200534,507.5094433517382,-21837.36804011396,1.063675201004286e-06,4.576834410423829e-05,-0.1506677924956984,3.159510754810023e-10,0.7119526982456236,0.02097284488167539,-0.7116437200712117,3.259306295483459e-05,9.601329628427015e-07,-3.257891799111004e-05
23120.64790175594,26.37431802992597,-88.6527588759983,511.5492375006953,-21751.27366142811,1.080632223927465e-06,4.594890483044069e-05,-0.1497286207752819,3.164721075019333e-10,0.7118142097525003,0.021176464306762,-0.7114991402419548,3.271549025163668e-05,9.732854473822493e-07,-3.270100943155805e-05
23173.94649968479,26.33319562934193,-88.81188083462148,449.1564690433761,-21656.98690628172,9.572267539948903e-07,4.61546225122005e-05,-0.1487367082105792,3.171188790610095e-10,0.7120128052601673,0.01921600422273647,-0.7117534545305451,3.286910608895885e-05,8.870807894700951e-07,-3.285713351405117e-05
23227.36796357108,26.30095843185814,-88.81098761676374,447.8995155699384,-21580.1519229685,9.613566915014593e-07,4.631892362813769e-05,-0.1478681466019389,3.175160139601526e-10,0.7120032570640388,0.0192371048287501,-0.7117433328578551,3.298567879693141e-05,8.912163737573694e-07,-3.297363703126298e-05
23280.91257665008,26.26357865167991,-88.7813931269565,457.148142635682,-21490.69577879022,9.893718184107551e-07,4.651071890828771e-05,-0.1469165116452129,3.18104384619929e-10,0.7119534834189069,0.01961364761876826,-0.711683263382948,3.312030540514742e-05,9.124332057805564e-07,-3.310773468202297e-05
23334.58062281002,26.23268785245946,-88.85893762559397,426.6344398268836,-21419.61873565122,9.295230793401929e-07,4.666765761698552e-05,-0.1460938276983758,3.184259076584203e-10,0.7119426950478525,0.01866045956574145,-0.7116981019229957,3.323062867503826e-05,8.709953863534492e-07,-3.321921204928296e-05
23388.37238659355,26.19435023522866,-88.87177041280781,420.0636792789533,-21329.67029431006,9.229505639875119e-07,4.686487358676882e-05,-0.1451457333476397,3.190332802838263e-10,0.7119508391052443,0.01851160173759404,-0.711710136153596,3.337129085452433e-05,8.676948067716917e-07,-3.336000837858948e-05
23442.28815319923,26.15907721235185,-88.86984073878841,419.1498722189413,-21246.92048920435,9.28129054917592e-07,4.704733447527773e-05,-0.1442501004696444,3.195391966263154e-10,0.7119410845108736,0.01854567438273783,-0.7116994912013134,3.350077678767083e-05,8.726768427752339e-07,-3.348940848246545e-05
23496.32820848307,26.12999338928116,-88.84601203757431,426.6092615973354,-21178.38813230767,9.507542759174222e-07,4.719879497795713e-05,-0.1434541230471307,3.198359138530014e-10,0.7119262484128966,0.01885164867975444,-0.7116766109134938,3.360820173470372e-05,8.899377053077781e-07,-3.359641699231056e-05
23550.49283896009,26.0946860808013,-88.97542898152079,377.3421504857589,-21099.37497964818,8.473391192764844e-07,4.737961499801787e-05,-0.1425902144436289,3.20295281735913e-10,0.7120427655424139,0.01725732996800497,-0.7118336073294547,3.374102506869595e-05,8.177598751749822e-07,-3.37311138486846e-05
23604.78233180577,26.05341220078197,-88.87480881789479,412.482537326878,-21001.29349006662,9.348587063492792e-07,4.759775332798285e-05,-0.1416009528613199,3.210510447120207e-10,0.7119062388189811,0.0185142710450089,-0.7116654513442816,3.389098483261084e-05,8.813897743250299e-07,-3.387952191206323e-05
23659.19697485759,26.03316996564259,-88.94979313867179,384.1642878554322,-20956.37350657805,8.744577077491895e-07,4.770214962353366e-05,-0.1409731038799135,3.209992379123077e-10,0.7119488622978787,0.01759438814030484,-0.7117314240872129,3.396650443190133e-05,8.39414028720244e-07,-3.395613063072353e-05
23713.73705661656,25.9958678900377,-88.94416024661729,384.6406048049616,-20870.39109976017,8.827677620321256e-07,4.789850112993796e-05,-0.140071803101196,3.215803799958425e-10,0.7120417394405023,0.01767714309667169,-0.7118222793067073,3.411082506173791e-05,8.468350973858332e-07,-3.410031168054512e-05
23768.40286624876,25.96261396983261,-89.00908584671497,359.6919009251271,-20795.71978005225,8.314819741784625e-07,4.807243669570215e-05,-0.1392496423413062,3.219928105686514e-10,0.7120280286971974,0.01688069739952167,-0.7118278975326289,3.423333753797133e-05,8.116009323559019e-07,-3.422371550424173e-05
23823.1946935869,25.9269930137132,-88.93588928952283,384.7243512309755,-20712.64474767963,8.964555373064904e-07,4.826303564333524e-05,-0.138374380031701,3.225407379078655e-10,0.7119713440038725,0.01779916795312587,-0.7117488210758462,3.436711488335643e-05,8.591722897626984e-07,-3.43563736209502e-05
23878.11282913178,25.90998176282177,-88.99181373742725,363.8428345613075,-20675.25417237965,8.508982616886088e-07,4.835202500678535e-05,-0.1378069081406213,3.223808784543841e-10,0.7120034631723265,0.01711576837196976,-0.7117977114619178,3.44314245219344e-05,8.276930061669593e-07,-3.442147467638782e-05
23933.15756405388,25.88177691066752,-88.99781593726588,360.5585469766843,-20611.35964627929,8.48456601858515e-07,4.850209296604668e-05,-0.1370650639294301,3.22636494471694e-10,0.7120288091246664,0.01705238382025577,-0.7118245859968152,3.453945045316494e-05,8.271855836734179e-07,-3.452954389529058e-05
23988.3291901949,25.84593958561815,-89.03369166726223,346.2959265610842,-20531.14223153574,8.212920604764395e-07,4.869264352810248e-05,-0.1362176059684602,3.231521278980102e-10,0.7120132081278383,0.01661690777428996,-0.711819279680255,3.467400977632601e-05,8.092192898120908e-07,-3.466456574240831e-05
24043.62800006933,25.82496231233619,-89.08286698429613,327.9309672187432,-20484.98452202508,7.812676977207642e-07,4.880373705205016e-05,-0.1355987767666284,3.231353651906386e-10,0.7120918661864405,0.01601836159929238,-0.7119116784971025,3.475646499014419e-05,7.818396060425006e-07,-3.474767021602372e-05
24099.05428686596,25.78159009783683,-88.9468636847598,374.7209207530344,-20384.3595721663,9.015027645368755e-07,4.904064729210301e-05,-0.1346223610708656,3.239836248346038e-10,0.7120258528485106,0.01771719038255357,-0.7118053921470371,3.49233692730096e-05,8.689908937081465e-07,-3.491255613967048e-05
24154.6083444494,25.75214356753321,-88.91240617749497,385.7180473118842,-20317.66024571126,9.340412959000338e-07,4.920053349283882e-05,-0.133873255738784,3.242996186035039e-10,0.7120187529012559,0.01815575661744618,-0.7117872385655054,3.503727009725641e-05,8.934148796411429e-07,-3.502587765811064e-05
24210.29046736178,25.72921043832828,-88.91944683855138,382.2589002242578,-20266.67986200335,9.303319087601693e-07,4.932452573161135e-05,-0.1332302181358461,3.243676424609762e-10,0.7119225158728608,0.01807654399607735,-0.7116929865917617,3.512073621583234e-05,8.917565033067415e-07,-3.510941302102454e-05
24266.10095082416,25.68208169455718,-88.96913832915425,362.8138692945143,-20163.19060006345,8.921230832887714e-07,4.957927270543776e-05,-0.1322450384183021,3.252826326010152e-10,0.7119504051149262,0.01747070534825624,-0.7117360141217683,3.530293995794695e-05,8.663064976175012e-07,-3.529230911582002e-05
24322.04009073816,25.66978682085882,-89.00247628529603,350.6177263076434,-20136.75051665312,8.644172885855903e-07,4.964539433256347e-05,-0.1317678685906793,3.249606256507116e-10,0.7119502216457215,0.01706731551585275,-0.7117456180704412,3.534964515618281e-05,8.474237789537929e-07,-3.53394862102847e-05
24378.10818368753,25.64410592109952,-89.03036385599323,339.8645761558469,-20080.67346051717,8.426068105921874e-07,4.978486552052645e-05,-0.1310987061741767,3.251186310820771e-10,0.7120531365208523,0.01673407527423337,-0.7118564742656344,3.545377908702574e-05,8.332049640244161e-07,-3.544398709287019e-05
24434.30552693972,25.60963196198636,-89.11281155736954,309.8155161321209,-20006.68846094536,7.738354342268228e-07,4.997130113397602e-05,-0.1303152798817376,3.255704067978656e-10,0.7121065559472642,0.01572168549153189,-0.711932985349309,3.558838359541998e-05,7.857101853175761e-07,-3.557970919554355e-05
24490.63241844745,25.59245899500344,-89.05174581104681,330.4968458453549,-19967.58431019908,8.286999322279756e-07,5.006745441788892e-05,-0.1297614406306057,3.254577403331837e-10,0.7120415520862551,0.01648977123664748,-0.7118505877935103,3.565421192900528e-05,8.256959114389215e-07,-3.564464973232667e-05
24547.08915685031,25.54632515109752,-88.99054511624155,350.0288339850459,-19865.27590297098,8.86706321668484e-07,5.032347056758618e-05,-0.1287996648254251,3.263814972787633e-10,0.7119444987698533,0.01725862164889964,-0.7117352803588128,3.583229276196877e-05,8.686294853882088e-07,-3.582176276227279e-05
24603.67604147628,25.5286736774898,-88.97416770951247,355.0132074871601,-19826.42302649928,9.028519689928174e-07,5.04215750007183e-05,-0.1282521044082566,3.262689635791135e-10,0.7119343571013107,0.01747268455324108,-0.7117199126873994,3.590181420472486e-05,8.811220700772563e-07,-3.589100008481523e-05
24660.39337234339,25.48976893769808,-89.03160525420334,333.7263110175007,-19743.27971884492,8.559093710436136e-07,5.063567830469479e-05,-0.1274205367552715,3.268893962990522e-10,0.7120086355445933,0.01677184016890048,-0.7118110721725409,3.605739163941888e-05,8.493560039777168e-07,-3.604738667666412e-05
24717.24145016131,25.47060489020773,-89.01252031113518,339.5818414736476,-19701.34682324672,8.746284865951111e-07,5.074287565296355e-05,-0.1268574706772977,3.268317318462798e-10,0.7120485668718789,0.01702081618917085,-0.7118451049213944,3.613595453390125e-05,8.637942249414547e-07,-3.612562898570952e-05
24774.22057633286,25.4415783305569,-89.03641994735598,330.3169824765552,-19639.24495264868,8.561670108318577e-07,5.09040544026443e-05,-0.1261667507631945,3.271111476126313e-10,0.7120045853813175,0.01673379854408675,-0.7118079162177868,3.624823581766244e-05,8.519196199087131e-07,-3.623822336779331e-05
24831.33105295571,25.42430670449189,-89.05214923101371,324.3146630767371,-19602.41725490855,8.437785196601398e-07,5.100015662626242e-05,-0.1256405303451182,3.269719537479783e-10,0.7120059160590394,0.01654938996833618,-0.7118135585915373,3.631656699663439e-05,8.441180276494693e-07,-3.63067556134727e-05
24888.5731828239,25.39873726558204,-88.98814259845939,345.2232475953293,-19546.01376128513,9.033336257269432e-07,5.11453721685263e-05,-0.1249908817592482,3.271613046859182e-10,0.712023486185702,0.01735599072598775,-0.711811923520504,3.642156399248135e-05,8.877970167329704e-07,-3.641074209784104e-05
24945.94726942955,25.36724978257488,-89.02446346944231,331.6956672867394,-19479.46050319167,8.738965869858586e-07,5.132124332317314e-05,-0.124278801456682,3.275240585895836e-10,0.7120330244369911,0.01691600589845297,-0.7118320564805523,3.654688901569323e-05,8.682566242603835e-07,-3.65365738289707e-05
25003.45361696432,25.33750640264419,-89.02231170984835,331.3438678454947,-19415.96593732564,8.786875489263107e-07,5.148900938000981e-05,-0.1235888050174253,3.278393879222955e-10,0.7119342080377601,0.01695143460683448,-0.7117323692506354,3.666128965092805e-05,8.729197826198049e-07,-3.665089589522137e-05
25061.09253032114,25.32139343715211,-89.01502649686253,333.2209450832704,-19381.50917047325,8.86806271338244e-07,5.158032270774652e-05,-0.1230857348030465,3.276668760369043e-10,0.7119411549385275,0.01705317072967319,-0.7117368878056477,3.672674121477176e-05,8.79717914796071e-07,-3.671620373414444e-05
25118.86431509579,25.29511927238696,-88.93142328956655,360.4339007305908,-19323.78524417951,9.649174451483624e-07,5.173169740863613e-05,-0.1224369024920093,3.27889816996399e-10,0.7119108993251242,0.01810201228155302,-0.7116807189528642,3.683391855187294e-05,9.36589180803116e-07,-3.682200913302277e-05
25176.76927758856,25.26044215639209,-88.99858258423944,336.5218273182149,-19252.02889159421,9.076691049083999e-07,5.192671147354765e-05,-0.1217016976587505,3.28354994729887e-10,0.7119197100454489,0.01727913981377195,-0.7117099864962498,3.697244286300161e-05,8.973652512664882e-07,-3.696155119666568e-05
25234.80772480576,25.23186202464493,-89.11577406029846,296.2454450734807,-19194.49023388884,8.038871334462116e-07,5.208587672379198e-05,-0.1210588974628708,3.28581833755293e-10,0.7120219654881207,0.01583681310416265,-0.7118458222735246,3.708984475557436e-05,8.249533974050384e-07,-3.708066930200582e-05
25292.97996446145,25.21297388098999,-88.98653128201082,338.7998115091219,-19151.82422737353,9.233938489950011e-07,5.219801218252452e-05,-0.1205119957907862,3.285564402133579e-10,0.7118975620084452,0.01745061722552994,-0.7116836479447987,3.716458551813332e-05,9.110088176067163e-07,-3.715341814246554e-05
25351.28630497907,25.19289324872075,-89.02891112938984,323.9324453288713,-19110.69658420984,8.866998888910108e-07,5.231168653280429e-05,-0.1199766272494435,3.285062330791499e-10,0.7119728262959717,0.01693719351849156,-0.7117713374810699,3.724897729695556e-05,8.861196853911509e-07,-3.723843580995681e-05
25409.72705549305,25.14990638650591,-88.94824325266555,349.1640838468928,-19019.01869781396,9.649548719301899e-07,5.256123295841178e-05,-0.119126460189973,3.293305551572684e-10,0.7118122776985097,0.0179464724180096,-0.711586005209553,3.741915532575865e-05,9.434254788779832e-07,-3.740726044044198e-05
25468.30252585042,25.13141745636294,-88.98445514292939,336.4724241682787,-18981.36827930247,9.335938891153025e-07,5.266669171004975e-05,-0.1186171942646114,3.292248558128744e-10,0.7119357093056087,0.01751102078629603,-0.7117203231154089,3.75003030232945e-05,9.22370625816474e-07,-3.748895783117399e-05
25527.01302661247,25.10449465133426,-88.92256461208149,355.9041398899051,-18924.01312106959,9.934659217491628e-07,5.282422998600784e-05,-0.117986786319817,3.294631839394834e-10,0.711866180381984,0.0182892975555199,-0.7116311968755733,3.760953980282744e-05,9.662659687119593e-07,-3.75971250796942e-05
25585.85886905645,25.08554924347508,-88.8991857165805,362.8640077928765,-18884.21895632121,1.017151200786706e-06,5.293472368387997e-05,-0.1174678875823499,3.293981110455364e-10,0.7119008536849839,0.01859187716441466,-0.7116580411833426,3.769033251763417e-05,9.843140780441777e-07,-3.767747723887038e-05
25644.84036517718,25.0586706531119,-88.84118825585097,380.8358966895511,-18827.31545632328,1.073948402927166e-06,5.309259327044705e-05,-0.1168445690187704,3.296337963987436e-10,0.7117395744994595,0.01931919212295153,-0.7114773297332727,3.779492430419867e-05,1.025891253017263e-06,-3.778099853493936e-05
25703.95782768863,25.03916176506799,-88.84458143955457,378.9114525714469,-18787.20389739818,1.073091639923513e-06,5.320607572829967e-05,-0.1163274693800382,3.295778246187978e-10,0.7118380020212489,0.01929107663537099,-0.7115765563056808,3.788089723434529e-05,1.026586511944264e-06,-3.786698423973743e-05
25763.21157002575,25.02995690510602,-88.71500297555136,420.9235844274652,-18765.10274606997,1.194766130849391e-06,5.326360895982719e-05,-0.1159233914431325,3.292070938608524e-10,0.7117049724341334,0.02090777810811515,-0.7113978019378837,3.791659424245491e-05,1.113876914931982e-06,-3.790022951335977e-05
25822.60190634596,25.01043572725567,-88.79205663740235,394.8701873551166,-18726.90706802617,1.125457727935099e-06,5.33753698176206e-05,-0.1154213599198328,3.291198499331138e-10,0.711822600410943,0.01996574645668638,-0.71154253802863,3.800131671189015e-05,1.065890088417841e-06,-3.798636531910883e-05
25882.12915153092,24.99055988660362,-88.79726687161524,392.314210915225,-18686.31225729345,1.123040583216543e-06,5.349152906452325e-05,-0.1149062716786194,3.290762425401887e-10,0.7118300373172539,0.01991268190293687,-0.7115514648474245,3.808433861268779e-05,1.065368529735414e-06,-3.806943442529336e-05
25941.79362118814,24.97648261983412,-88.84194552202284,377.1764198170367,-18658.59899728678,1.082951586283056e-06,5.357270051964806e-05,-0.1144719715587524,3.288070346888019e-10,0.7118290216937215,0.01936924671942371,-0.7115654491379994,3.814145866325881e-05,1.03784940002802e-06,-3.812733583118472e-05
26001.59563165272,24.93557020754825,-88.87842323423901,363.6773221949295,-18576.0927924858,1.053515791084854e-06,5.381200833592747e-05,-0.1137036754643939,3.295078457499886e-10,0.7118082376761804,0.01892715306888937,-0.7115565543935187,3.831022729114622e-05,1.018678202447743e-06,-3.829668144655804e-05
26061.53549998895,24.92112172734087,-88.90397915153041,354.8384340258783,-18547.33402416105,1.031118878228687e-06,5.389637767291849e-05,-0.1132665376191275,3.292597455824052e-10,0.7119013473229876,0.01862371964489305,-0.7116577024011428,3.83749755713621e-05,1.00390986631525e-06,-3.836184191462856e-05
26121.61354399207,24.9106374476941,-88.92260642809697,348.41440116204,-18526.49049221609,1.014743339292875e-06,5.395768017839693e-05,-0.1128790354016765,3.28872056271842e-10,0.7118242768377718,0.01840190098247956,-0.7115863764405892,3.841422332573796e-05,9.930747755603614e-07,-3.840138482151153e-05
26181.83008218985,24.87956566602695,-89.0469380751407,307.2009913734456,-18466.47777655423,9.00604900952128e-07,5.413719634996554e-05,-0.1122546136159714,3.291819881699494e-10,0.7118814042106691,0.01687063849703513,-0.7116814703346269,3.854363327785052e-05,9.134326301357872e-07,-3.853280819104194e-05
26242.18543384442,24.84824540800501,-88.99315994268129,323.4070592921578,-18402.08090151152,9.547320623140847e-07,5.43249015294353e-05,-0.1116058777206598,3.295741919682606e-10,0.7119112522892572,0.01755094807634662,-0.7116948751801434,3.867951046601753e-05,9.535768364730809e-07,-3.866775428063675e-05
26302.67991895381,24.81497402482677,-89.01445359180214,315.4243769498395,-18335.72013235592,9.379308215274861e-07,5.452221928228939e-05,-0.1109476488025521,3.300062462709846e-10,0.7119143713117549,0.01729814576245627,-0.7117041844990039,3.881991607544351e-05,9.432490673309904e-07,-3.880845481723611e-05
26363.3138582538,24.80181954758577,-88.96541262433702,330.6266402820287,-18308.21892524352,9.860615830564249e-07,5.460247039067924e-05,-0.1105264519031181,3.297418230243633e-10,0.7118721160048908,0.01791788917211088,-0.7116465827873387,3.88753296074358e-05,9.784957603684677e-07,-3.886301324053136e-05
26424.08757321946,24.76442312330046,-89.00205612273092,317.6271234801288,-18234.34536047463,9.550046196587897e-07,5.482492762239345e-05,-0.1098273001905103,3.303162622155742e-10,0.7118675191750964,0.01747431270325281,-0.7116530146441138,3.903301306947862e-05,9.581488939354947e-07,-3.902125138919994e-05
26485.00138606701,24.7391468313192,-88.92672955097899,340.6320905049866,-18182.2748947398,1.029998806871046e-06,5.497932217724859e-05,-0.1092618000645397,3.3050034117129e-10,0.7118772146889025,0.01842185589348583,-0.7116388157054598,3.914439421209675e-05,1.01297298794453e-06,-3.91312852326336e-05
26546.05561975539,24.70610485395944,-88.88935854736043,351.2077136893407,-18115.83677604043,1.069754322877566e-06,5.517958162176268e-05,-0.1086121799958523,3.309495025318339e-10,0.7117976386757248,0.01889563053370004,-0.7115467894461134,3.928306782839193e-05,1.042822138742347e-06,-3.926922382727967e-05
26607.2505979881,24.6967127287508,-88.86395283841763,358.862797629176,-18096.63353660854,1.095373184673001e-06,5.523717487522461e-05,-0.108247512085732,3.305387190956129e-10,0.7117408074589446,0.01922135545604335,-0.7114812130314777,3.932126674199628e-05,1.061914726694104e-06,-3.930692502992892e-05
26668.58664521479,24.68525755433805,-88.80453036855405,377.1365312828083,-18072.55927113791,1.154171127634703e-06,5.530842117644809e-05,-0.1078548773726997,3.302177955984621e-10,0.7117924925427346,0.01997246313129753,-0.7115122298011946,3.937566971833209e-05,1.104857272251042e-06,-3.93601658555338e-05
26730.06408663312,24.66635237525942,-88.83959258871207,365.3333930673867,-18036.07877450037,1.122604999231149e-06,5.542168491300832e-05,-0.1073896075090973,3.301246913530602e-10,0.7117274684790493,0.019547069128834,-0.7114589949365099,3.945219988342117e-05,1.083525524248487e-06,-3.943731796255571e-05
26791.68324819031,24.64839990394962,-88.82511585535399,369.1600843000452,-18000.37071198818,1.138857045945904e-06,5.553105518939098e-05,-0.1069304959214539,3.30018801131999e-10,0.7117950723485376,0.01974053770586197,-0.7115212830202223,3.953400928627933e-05,1.096414728476166e-06,-3.951880267658423e-05
26853.44445658508,24.63052814608883,-88.97355975046089,321.9397107831487,-17968.71598649841,9.967840307597494e-07,5.56344201994498e-05,-0.1064969514391028,3.298398219515143e-10,0.711948033308378,0.01791274954700726,-0.711722653521253,3.961413231416427e-05,9.966991935748093e-07,-3.96015917574236e-05
26915.34803926915,24.6134985611697,-89.03995809669175,300.5755473069165,-17936.81970963913,9.339869810709868e-07,5.573559206901902e-05,-0.1060634072415554,3.296664024103327e-10,0.711887397523722,0.01709837925159751,-0.7116820302495113,3.968198898445642e-05,9.530969356587628e-07,-3.967054141291442e-05
26977.3943244492,24.58314731486177,-89.06595538894398,291.4762473650087,-17878.0318928182,9.116923923927177e-07,5.591970465856023e-05,-0.1054726455148357,3.299897300455526e-10,0.7119520324485402,0.01678890256498347,-0.7117540511007091,3.981638264183054e-05,9.389303467043749e-07,-3.980531040558159e-05
27039.58364108843,24.55605675733833,-89.04618633217569,296.7596064821793,-17824.7626815651,9.337635406665143e-07,5.608618272001273e-05,-0.104916522675304,3.302146791978457e-10,0.7118799592629886,0.01704470280264918,-0.7116758774235949,3.993109902064374e-05,9.560793312606658e-07,-3.991965156797829e-05
27101.91631890843,24.52997069547484,-89.05411084481842,293.4593051850214,-17774.23074848012,9.2864107178931e-07,5.624589304500805e-05,-0.1043784745694509,3.303918438643991e-10,0.711928505341645,0.01695940114483711,-0.7117264751509509,4.0047440395097e-05,9.54001141109632e-07,-4.003607578199452e-05
27164.39268839082,24.50480710150652,-89.05880339776087,291.2036357113822,-17725.56176921893,9.26572868317393e-07,5.640047924168257e-05,-0.1038532614004496,3.305370324132563e-10,0.7119004397601291,0.01691244513633122,-0.7116995189897037,4.015586455989448e-05,9.53973081544932e-07,-4.014453130766726e-05
27227.01308077913,24.48166385484716,-89.16108011308881,258.9328848259661,-17683.0964464087,8.278992111826049e-07,5.653905879543806e-05,-0.1033661753592597,3.305687655529627e-10,0.7119793083286915,0.01565575212734522,-0.7118071599201072,4.025786825057342e-05,8.852324767496335e-07,-4.024813436101896e-05
27289.77782808041,24.45252549331203,-89.06511422358729,287.6067439876552,-17624.81637778635,9.256232015887293e-07,5.67230751853312e-05,-0.1027885483452103,3.308990578382015e-10,0.7119030433649356,0.01685820201732815,-0.7117034102609038,4.038561039281016e-05,9.563504257223615e-07,-4.03742853888843e-05
27352.68726306712,24.43123854976906,-89.13653966519533,265.0374600082895,-17585.49598419978,8.568393049647689e-07,5.68521300954635e-05,-0.1023233507439383,3.308761851594028e-10,0.7119653357964097,0.01598445638326688,-0.7117858782877236,4.048023946302506e-05,9.088288285231226e-07,-4.047003604080798e-05
27415.74171927882,24.3975199271837,-89.14868853325544,260.3521322974651,-17521.1790369546,8.478882233810327e-07,5.706118568758528e-05,-0.1017146382936807,3.313269817233691e-10,0.7119300804588109,0.01584485953130053,-0.7117537354229497,4.06269467305991e-05,9.042015245613932e-07,-4.06168834384658e-05
27478.94153102397,24.37083896727387,-89.11165601383644,270.876983621453,-17469.43134906918,8.873810772165138e-07,5.722908828075568e-05,-0.1011809843210242,3.315441453576379e-10,0.7119084427862499,0.01631653551414678,-0.7117214353798533,4.074564784152076e-05,9.338670116779412e-07,-4.073494458606425e-05
27542.28703338166,24.35636725772,-89.09153500652289,276.5691355133137,-17441.41641872421,9.089312230310035e-07,5.732038004689382e-05,-0.1007863883707146,3.313129264135672e-10,0.7118969062875941,0.01657837491254237,-0.7117038447747115,4.081020346590709e-05,9.503719532131561e-07,-4.079913602123556e-05
27605.77856220346,24.33134474561811,-89.13602318490618,262.3210604444181,-17394.85386431611,8.667479738028509e-07,5.747519591431075e-05,-0.1002861401147923,3.314357467337875e-10,0.7120084603457318,0.01604046619435296,-0.7118277537776729,4.092634264718831e-05,9.22008167391666e-07,-4.09159556092037e-05
27669.41645411511,24.30514728540201,-89.14697435398094,258.2601620993062,-17345.46207570273,8.582017669585982e-07,5.7639188642488e-05,-0.09977138600443911,3.316150695220209e-10,0.71192931362358,0.01591486857452561,-0.7117514064297993,4.103843175009492e-05,9.173962011525287e-07,-4.102817647321545e-05
27733.20104651841,24.2716570272862,-89.1242480178058,264.1676896031302,-17281.73649787975,8.843078382379107e-07,5.785103797666012e-05,-0.09917621064498335,3.320723783591023e-10,0.7118919573314249,0.01620858566176834,-0.7117074122587261,4.118734591419752e-05,9.377667742358766e-07,-4.117666884211133e-05
27797.13267759288,24.25075101961119,-89.10166932984107,270.354710984443,-17241.8855436842,9.091963026424179e-07,5.798404078042304e-05,-0.09871994152526604,3.320743825783747e-10,0.7118720668533917,0.01650086823041367,-0.7116807998771375,4.128113105110551e-05,9.568776969823377e-07,-4.127003956784589e-05
27861.21168629771,24.22446145023234,-89.09690595424277,271.0089571432309,-17192.43262712036,9.166448069598649e-07,5.815067609860678e-05,-0.09821039613026927,3.322636262232472e-10,0.7118897174322009,0.0165727543309782,-0.7116967848737156,4.140084054680577e-05,9.638093410775504e-07,-4.138962031157194e-05
27925.43841237338,24.19287969854613,-89.12532945118836,261.5855935203987,-17133.97828288755,8.908327666693069e-07,5.834996137356576e-05,-0.09765137070659066,3.326303858188131e-10,0.7118565537840664,0.0162312723759849,-0.711671482470939,4.154046286212484e-05,9.471775791842479e-07,-4.152966300649529e-05
27989.81319634363,24.18384271088098,-89.00336321587774,297.7277080539298,-17114.37995702813,1.016167973496058e-06,5.841271849452665e-05,-0.09731533929885988,3.322453887731967e-10,0.7118279970422191,0.01775783053470359,-0.711606462047555,4.158491288513801e-05,1.037410496472638e-06,-4.157197083524338e-05
28054.33637951713,24.15942189378292,-89.08654138420827,272.1795872856844,-17070.74635421866,9.337704818105972e-07,5.856485861782935e-05,-0.09684398261245249,3.323285266989847e-10,0.7117737288724764,0.01673586668183729,-0.7115769472653237,4.168903077059529e-05,9.802301388348909e-07,-4.167750514925961e-05
28119.00830398941,24.13851681271987,-89.01887113450906,291.6556743707353,-17030.3885865979,1.005296016037771e-06,5.870134992100074e-05,-0.09639282072221238,3.323499166254166e-10,0.7117743906066359,0.01758871267340449,-0.7115570393931469,4.178704062094623e-05,1.03260283125288e-06,-4.177428030797776e-05
28183.82931264454,24.10937623333813,-89.08002847223467,272.6274801874013,-16977.76629223662,9.455762517009345e-07,5.888537942628667e-05,-0.09587396368655045,3.326132766801852e-10,0.7118484289188363,0.01684339010242629,-0.711649131218519,4.192165581986876e-05,9.919285820243169e-07,-4.19099189258068e-05
28248.79974915707,24.09143373505547,-89.07168878000805,274.5590229798973,-16944.42162521834,9.560227154114873e-07,5.90009820016166e-05,-0.09546559441227853,3.325013265189589e-10,0.7118084834029336,0.0169585015670102,-0.7116064405758186,4.200169150536573e-05,1.000670500308747e-06,-4.198976956190309e-05
28313.91995799379,24.08031133631066,-89.03662707157157,284.5725183041365,-16923.11174119464,9.933669970346512e-07,5.907408343930732e-05,-0.09512624497432755,3.321543233235548e-10,0.7117249055354157,0.01740442365849841,-0.7115120710125105,4.204921243113214e-05,1.028265699241018e-06,-4.203663801649987e-05
28379.19028441557,24.05164889946078,-89.09018976778455,267.9289922268061,-16871.55149273049,9.41022820995101e-07,5.925642778820155e-05,-0.09461830273473573,3.324031340696361e-10,0.7118720801577948,0.01675526107314776,-0.7116748693993322,4.218707759028087e-05,9.92952973772499e-07,-4.217539045462714e-05
28444.61107447915,24.02179376795417,-89.15541058389627,247.9330664468763,-16818.21853656639,8.763550554767882e-07,5.944641047623794e-05,-0.09410227501742334,3.326903011992032e-10,0.71189306505251,0.01595817499266556,-0.7117141790921133,4.232283825939949e-05,9.487313366087649e-07,-4.231220328914846e-05
28510.1826750391,23.99255897230121,-89.10684269981776,261.3429263290589,-16763.71426150128,9.297468411740337e-07,5.963815665456523e-05,-0.09358158170041861,3.330043310658129e-10,0.711797960453476,0.01657184896663161,-0.711605024102244,4.245421952781441e-05,9.884053525005112e-07,-4.244271210202062e-05
28575.90543374947,23.97340547492046,-89.10279869838452,261.9781110237727,-16728.70197882869,9.359098563194189e-07,5.976284432402529e-05,-0.09317134736515729,3.329337997303584e-10,0.7117868531076934,0.01663443814077703,-0.7115924533921743,4.254235734883801e-05,9.942136590362213e-07,-4.253073838997411e-05
28641.77969906581,23.94352553191899,-89.12696292892568,254.1015216632145,-16674.91389653327,9.136486742822042e-07,5.995640197515216e-05,-0.0926581727863638,3.332395440592546e-10,0.7119110743694117,0.01634983063359784,-0.7117233035724366,4.268730648515538e-05,9.803615316069885e-07,-4.267604745316668e-05
28707.8058202469,23.92079466454058,-89.17694955543641,238.9742989340598,-16634.79682828319,8.634288862136099e-07,6.010254726930874e-05,-0.09222265745867034,3.332749183751934e-10,0.7119068245244119,0.01574148442845987,-0.7117327675977974,4.279054396002996e-05,9.461725302073449e-07,-4.278008193000964e-05
28773.9841473567,23.89729922638842,-89.15695770643393,244.1484234754587,-16591.88966725203,8.866826180740287e-07,6.025736295787817e-05,-0.09177322272282852,3.333682847833813e-10,0.7118143454747392,0.01600045762534183,-0.7116344902963958,4.289540510279217e-05,9.642206792156522e-07,-4.288456665764995e-05
28840.31503126606,23.86759535861263,-89.22598034861879,223.4534961489809,-16539.842853169,8.166672421920061e-07,6.044903338715693e-05,-0.09127493042954617,3.336481742392274e-10,0.711898834773242,0.01515769932724514,-0.7117374481524803,4.303621956276672e-05,9.163241242296833e-07,-4.30264633028793e-05
28906.79882365476,23.84391606153685,-89.23335715638679,220.7563823873765,-16497.45284470234,8.109642703747561e-07,6.060456628506073e-05,-0.09083161316746105,3.337361379932195e-10,0.7119812114481793,0.01508057961520747,-0.7118214815343004,4.315186197202013e-05,9.140059871662184e-07,-4.314218103790884e-05
28973.43587701323,23.82742473053086,-89.1175372827458,253.6179850393132,-16465.38808455434,9.35261546474875e-07,6.071905476609715e-05,-0.09044657025514505,3.336169904434353e-10,0.7118175266992472,0.01652845196093626,-0.7116256049300141,4.322469250424438e-05,1.003680334896424e-06,-4.321303816988366e-05
29040.22654464451,23.78593795293092,-89.19756687692477,229.6007524532828,-16393.00971347274,8.542219524083369e-07,6.098964665257699e-05,-0.08984187929945019,3.343192896987992e-10,0.7118618655790617,0.01554824901858912,-0.7116920454931037,4.341912803570733e-05,9.483460872286378e-07,-4.3408770071035e-05
29107.17118066605,23.759086337244,-89.21091928218418,225.1255128775166,-16345.50933459189,8.42452501639194e-07,6.116727976977762e-05,-0.08937552164749686,3.345196807728482e-10,0.7118775455028823,0.01539559175209555,-0.7117110477896287,4.354639883017554e-05,9.417667166193819e-07,-4.353621396640023e-05
29174.27014001167,23.74748681342571,-89.23617055878962,217.6528298163157,-16325.43744620738,8.165024205353208e-07,6.12432156401353e-05,-0.08906046510270621,3.341606480150317e-10,0.7119260492358274,0.01509584418865901,-0.7117659833602372,4.360316339756402e-05,9.245715358902771e-07,-4.359335988140496e-05
29241.52377843335,23.7329728058225,-89.20064523488396,227.4073037277012,-16298.93751261912,8.55857154182557e-07,6.134175132938036e-05,-0.08871139862391375,3.339341516569891e-10,0.711921483197674,0.0155499802028902,-0.7117516395162472,4.367340064128845e-05,9.539261440946865e-07,-4.366298144293524e-05
29308.93245250321,23.70863521557255,-89.14189086338713,243.4608208225974,-16254.61603072418,9.212515545127377e-07,6.150718721688635e-05,-0.08826669117146797,3.340745689095603e-10,0.7117719566132944,0.01628936980492048,-0.711585535724607,4.378263137389658e-05,1.001994342226371e-06,-4.377116422212984e-05
29376.49651961531,23.67084965833733,-89.21532598813916,221.7326738072629,-16189.59201442749,8.458170348149133e-07,6.175649477987634e-05,-0.08771139860114782,3.346449126796837e-10,0.7118378147109363,0.01539172892923626,-0.7116713912565337,4.396334914564505e-05,9.505984915200418e-07,-4.395307077565582e-05
29444.2163379876,23.64606312895715,-89.17998952803555,231.0853889996753,-16145.29806541391,8.863217218759932e-07,6.192485143039011e-05,-0.0872702457184249,3.347912235047992e-10,0.7118894758893578,0.01584479777664629,-0.7117131221675217,4.408677293973104e-05,9.812562560814269e-07,-4.407585148808021e-05
29512.09226666385,23.62611588033808,-89.14428482984341,240.6151821034123,-16109.57694148493,9.269533541568329e-07,6.206103143374863e-05,-0.08687689026550935,3.347618784977548e-10,0.7118291640015025,0.01629996619975616,-0.7116425154703482,4.418037783053872e-05,1.011673448839921e-06,-4.416879330570476e-05
29580.12466551546,23.60926320681932,-89.24668965376043,211.4580714148488,-16082.29194173241,8.17435148968469e-07,6.216944390528144e-05,-0.08653027286790391,3.345585937792521e-10,0.7118829942744566,0.01504222632449819,-0.7117240539453255,4.425978469230977e-05,9.352178711528647e-07,-4.424990292128441e-05
29648.31389524342,23.5730269591828,-89.14585760590151,238.7924921223845,-16016.98794701091,9.305987200006274e-07,6.241983719536129e-05,-0.08598070076487788,3.351500456441234e-10,0.7118167987758617,0.01630631268886346,-0.7116300016061777,4.443500347730847e-05,1.017917900052091e-06,-4.442334270602754e-05
29716.66031738025,23.55540198130358,-89.18495810978715,227.4358201032065,-15987.19498350887,8.896648594838578e-07,6.253740317637826e-05,-0.08562338703690849,3.350023548781778e-10,0.7117425042671097,0.01583214427302659,-0.7115663957693159,4.451359988139803e-05,9.901695222765415e-07,-4.450258575317118e-05
29785.1642942919,23.53080817353024,-89.21017877629401,219.816807689103,-15945.09895936355,8.644182531299111e-07,6.270327884995429e-05,-0.08520152154938708,3.351142631652817e-10,0.7118349155170387,0.01553409593269772,-0.7116653980718068,4.463718185923032e-05,9.740998229384561e-07,-4.462655189311573e-05
29853.8261891796,23.50354651812658,-89.18001737347213,227.5286804927276,-15897.34056900209,9.00115495667421e-07,6.289072021633987e-05,-0.08475095679658798,3.353479481396192e-10,0.7118141940890155,0.01592145049261279,-0.7116361108887083,4.476963869004786e-05,1.001381528908681e-06,-4.475843812591086e-05
29922.64636608189,23.47608009593571,-89.14415497124241,236.7628386460404,-15849.25074255533,9.42321632203978e-07,6.308038843571545e-05,-0.08430025102458448,3.355918424215327e-10,0.7116813601292815,0.01637703387466401,-0.7114929030685634,4.489668112811123e-05,1.03315122312814e-06,-4.488479224491797e-05
29991.6251898765,23.4635238604225,-89.15583890353263,233.2156230335218,-15827.90784414867,9.307141943639564e-07,6.316583042773398e-05,-0.08399310661729494,3.352714854748496e-10,0.7118081684149751,0.01624808447927021,-0.7116227008556121,4.496536117362773e-05,1.026401521377413e-06,-4.49536450734721e-05
30060.76302628231,23.43152588667797,-89.22783067684759,212.6053039375361,-15774.5830545119,8.542390782203306e-07,6.338160449541443e-05,-0.08351760286803707,3.356311357994295e-10,0.7117757056668669,0.0153665012162203,-0.7116098129016618,4.511609838222341e-05,9.740098954515671e-07,-4.510558322378754e-05
30130.06024186122,23.41603652325512,-89.20295914262,219.0782709215443,-15747.56236678007,8.832600448237419e-07,6.348960389105847e-05,-0.08318278729621728,3.354337787271256e-10,0.711793610266465,0.01568910654242492,-0.7116206823526624,4.519437280420319e-05,9.961586052701059e-07,-4.518339298014755e-05
30199.51720402016,23.38503771822069,-89.10416587187849,245.3775321838096,-15692.58290895226,9.961844497219087e-07,6.370879571060219e-05,-0.08270172410261821,3.358348023476266e-10,0.711632054514357,0.01692560460004967,-0.7114307449929665,4.534125701910314e-05,1.078405874926878e-06,-4.532843069025546e-05
30269.13428101304,23.35104546196751,-89.15469046173382,230.7003499112628,-15635.9259320582,9.43423110285992e-07,6.394135891296966e-05,-0.08221361333967185,3.362765066263564e-10,0.7117622654168493,0.01631459632094532,-0.7115752640572957,4.551448091988287e-05,1.04325618123402e-06,-4.550252289650211e-05
30338.9118419427,23.32831047236775,-89.20609027817916,216.152160631925,-15598.51653061942,8.88197608811172e-07,6.409635250923986e-05,-0.08182828124101085,3.363077179882064e-10,0.711792086624224,0.01569029716340608,-0.7116191320894842,4.562612682714898e-05,1.005753648833637e-06,-4.561504037973595e-05
30408.8502567628,23.31310358705765,-89.24268743831017,205.8573325527059,-15573.58224136552,8.486203151302571e-07,6.420008510501249e-05,-0.08150957942943757,3.360714432080138e-10,0.7118460668947465,0.01525034311425766,-0.7116826891167279,4.570303096003754e-05,9.791258755457444e-07,-4.569254152981629e-05
30478.94989627983,23.29137245109876,-89.1399904544667,233.1941350022628,-15534.75351856947,9.66075435288191e-07,6.435729512408677e-05,-0.08111935682194625,3.361365704432863e-10,0.7117200065967422,0.01653647376973558,-0.711527872135259,4.580798473711756e-05,1.064326604603923e-06,-4.579561850826701e-05
30549.21113215512,23.2739642706251,-89.22943165222109,208.5703460490082,-15507.3590693012,8.67158170819623e-07,6.447384961243998e-05,-0.08079006817895881,3.359559124947162e-10,0.7118050646788596,0.01544106683360254,-0.7116375647459287,4.589540317526294e-05,9.956012157683894e-07,-4.588460320019229e-05
30619.63433690677,23.23684382838698,-89.22495035429424,208.9400421438823,-15445.01368646868,8.757206918809969e-07,6.473396833294283e-05,-0.08028019692451338,3.365362368660856e-10,0.7118674813570797,0.01551161262345598,-0.7116984620522178,4.608464954523117e-05,1.004185821595043e-06,-4.607370762747972e-05
30690.21988391158,23.2197762306998,-89.15114075799664,228.3944815055047,-15414.90243554789,9.609675359869933e-07,6.485805048057314e-05,-0.07993940509963049,3.364180981492046e-10,0.7117452393865442,0.01643915875844097,-0.7115553666783239,4.616589138963125e-05,1.066292228990831e-06,-4.615357568684817e-05
30760.96814740708,23.18080375534718,-89.20986730160254,211.7129620908442,-15351.20651389255,8.982140112648105e-07,6.512907213815898e-05,-0.07942599164637952,3.370370287733009e-10,0.7117764688433338,0.0157241035222354,-0.7116027643056956,4.636015138027723e-05,1.02415835802298e-06,-4.634883747905564e-05
30831.87950249353,23.16771176023949,-89.19352085446172,215.7822480305207,-15329.09519110679,9.181140283581316e-07,6.522249844668262e-05,-0.07912917772637042,3.367469031807593e-10,0.7117743634690611,0.01594069471210221,-0.7115958394649892,4.642669390960802e-05,1.039758934978058e-06,-4.641504937769179e-05
30902.9543251359,23.14199081502469,-89.18075726558773,218.5840634044073,-15286.17865199041,9.352588794549474e-07,6.540519969545238e-05,-0.0787261589249163,3.369156623511482e-10,0.7117653781873282,0.01611266120449715,-0.7115829788120704,4.655629633855147e-05,1.053922897668424e-06,-4.654436566641328e-05
30974.19299216581,23.11294715714973,-89.15720697504698,224.1549705106257,-15237.67649337489,9.651990905837132e-07,6.561260479975434e-05,-0.07829587475512848,3.372107279197709e-10,0.7116946417299964,0.01641719176334892,-0.7115052627224856,4.669955947451574e-05,1.077253611595835e-06,-4.668713291443518e-05
31045.59588128356,23.0914852273153,-89.17700129500449,218.3875050632748,-15202.72351421527,9.447031928996823e-07,6.576411704730557e-05,-0.07793661313505167,3.372086716517893e-10,0.7117088204544542,0.01618541710706379,-0.7115247552866596,4.680808770394678e-05,1.064492109271091e-06,-4.679598199685175e-05
31117.16337106017,23.05358708831994,-89.13999373389184,227.2630697018959,-15139.69995983311,9.912803157517047e-07,6.603662696387596e-05,-0.07743501735047501,3.378336172453497e-10,0.7116324564556465,0.01665694637897424,-0.7114374879203553,4.699744370097952e-05,1.10005367598754e-06,-4.698456764020167e-05
31188.89584093937,23.05354727415049,-89.22696761758883,204.3002953629821,-15141.45418764663,8.909529341608325e-07,6.603183324809794e-05,-0.07726587346513959,3.37017571466344e-10,0.7117548593156772,0.01559343516758798,-0.7115840249325118,4.700109069317018e-05,1.029720346742041e-06,-4.698980955861722e-05
31260.79367123956,23.01497735936243,-89.09695652241615,237.6279001575399,-15075.6289275706,1.04529449615141e-06,6.63157479974496e-05,-0.07675303734368974,3.377106000591379e-10,0.7116348203934371,0.01721896750093718,-0.7114264717836982,4.719677751348055e-05,1.141989901090398e-06,-4.718295949516934e-05
31332.85724315586,22.99611831314275,-89.13147280204151,228.0889898590376,-15045.62609365877,1.007358358193837e-06,6.644922759784807e-05,-0.07642411115383532,3.376057749556032e-10,0.7116812781389161,0.01680531927813471,-0.7114828338740163,4.729441373889339e-05,1.11678885951973e-06,-4.728122622721285e-05
31405.08693876216,22.96511274694595,-89.20151282623375,209.0113412712645,-14996.72483510098,9.291646003513398e-07,6.666827624392341e-05,-0.07600051839848164,3.379276348243162e-10,0.71161955623031,0.01594805692268295,-0.7114408283826661,4.744535204775824e-05,1.063294520997527e-06,-4.743343584115886e-05
31477.48314101316,22.94274662331212,-89.03185889038571,252.7536384632234,-14956.84700446555,1.129518398044317e-06,6.68399235358031e-05,-0.07562409367883409,3.380493307001298e-10,0.7115489217584831,0.01806668110922868,-0.7113195224998098,4.756494914211573e-05,1.207704406330288e-06,-4.754961447750114e-05
31550.04623374628,22.91900302042233,-89.11632604316183,230.1343625632038,-14920.30186341504,1.033529652455939e-06,6.700683126014251e-05,-0.07526581027465439,3.380979378463779e-10,0.711608143537784,0.0170333623183916,-0.7114042553410977,4.768654938042536e-05,1.141446006045502e-06,-4.767288634881497e-05
31622.77660168379,22.90793793871243,-89.12008411487051,228.8824570787884,-14902.52422867317,1.030363347046258e-06,6.708690102189868e-05,-0.07500323027971492,3.377227329558788e-10,0.7116267987274414,0.01700111116121995,-0.7114236873244735,4.774472781797073e-05,1.140644824572441e-06,-4.773110059276115e-05
31695.6746304349,22.87542815329046,-89.08439267873237,237.3200128838216,-14849.46366059332,1.075974344331408e-06,6.732530363421861e-05,-0.07456429217561253,3.381499781843248e-10,0.7115962595206817,0.01745752501898887,-0.711382085369063,4.791279874645174e-05,1.175440246705864e-06,-4.789837809304624e-05
31768.74070649771,22.85531442476897,-89.1614826553983,216.8876294079573,-14818.84504161693,9.874453022639419e-07,6.746719008947354e-05,-0.07423940599583705,3.380693315784487e-10,0.7116812786033663,0.01651636570980949,-0.7114896007520153,4.801851314835047e-05,1.114391157732641e-06,-4.80055802727753e-05
31841.97521726125,22.82412444694493,-89.15516728789819,217.783931601354,-14768.83602170587,9.982489674474188e-07,6.769542270939731e-05,-0.07381870127497392,3.384339034700308e-10,0.711642740446129,0.01660795255637151,-0.7114489201211579,4.817841425523682e-05,1.124363072530713e-06,-4.816529256456703e-05
31915.37855100762,22.80572354031507,-89.13910757633316,221.4783237448788,-14739.14496301971,1.019268484406675e-06,6.783122471710848e-05,-0.07350086022208681,3.383357124143024e-10,0.7116029507696707,0.01682052151991045,-0.7114041253745305,4.82725577204343e-05,1.141043042443061e-06,-4.825907012829768e-05
31988.95109691397,22.76435173442497,-89.18396833722059,209.0127830038712,-14674.35778599539,9.704352024833031e-07,6.813226045175004e-05,-0.0730094766553792,3.390478759146685e-10,0.7116468803943794,0.01627864127215833,-0.7114606722886266,4.848922119208499e-05,1.109171780412857e-06,-4.847653359901551e-05
32062.69324505466,22.73940345227604,-89.1087953607813,227.6308101169858,-14633.26411747392,1.062780417194642e-06,6.832092077384314e-05,-0.07263757601599653,3.392180242777336e-10,0.7115292305784015,0.01722338651347066,-0.711320744056083,4.861639287735108e-05,1.176815919054637e-06,-4.860214769634787e-05
32136.60538640318,22.71868417234636,-89.06348524462467,238.6551120459716,-14599.57019896922,1.119372325533183e-06,6.847686900692551e-05,-0.07230364676806147,3.392189152151857e-10,0.7115182526498848,0.01779981613038312,-0.7112955717559823,4.872721831391651e-05,1.218992658730202e-06,-4.871196836004518e-05
32210.68791283435,22.69451087060845,-89.10750184417526,226.8579429143273,-14562.44058410472,1.069498731224323e-06,6.865314711114741e-05,-0.07195389333857763,3.393016450232222e-10,0.7116412286670039,0.01727057591089396,-0.7114316309712331,4.886049127961581e-05,1.185778436795765e-06,-4.884610053611488e-05
32284.94121712635,22.66511089008622,-89.10010730108772,228.0102820231189,-14516.12245180399,1.081797687909653e-06,6.88719279079823e-05,-0.07156006966821687,3.396014286427362e-10,0.7115580478004834,0.01737461899329134,-0.7113458919572622,4.901055881117519e-05,1.196725676316478e-06,-4.899594598167594e-05
32359.36569296283,22.64951497629645,-89.07809121825952,233.1887791867613,-14491.21658716189,1.110159834211894e-06,6.898945420974883e-05,-0.07127299011808631,3.394026931697188e-10,0.7115344560118962,0.01766165761797536,-0.7113152240338531,4.90928563400738e-05,1.218579385496882e-06,-4.907773026443222e-05
32433.96173493494,22.61448799248973,-89.09934684109652,226.9588503283333,-14436.98168318718,1.088646784222824e-06,6.924944174042403e-05,-0.07084293361953058,3.398941783898025e-10,0.7115558348276149,0.01741261662517892,-0.7113427492141101,4.927904445826948e-05,1.205916762687887e-06,-4.926428714070232e-05
32508.72973854344,22.59029953530406,-89.05746818231874,236.8797453821747,-14398.4373991838,1.14229867221785e-06,6.943318812068077e-05,-0.07049129582452859,3.400202396427895e-10,0.7113410715808508,0.0179414845164313,-0.7111147750195743,4.939546048327042e-05,1.245855082531758e-06,-4.937974647026511e-05
32583.67010020087,22.57060058987422,-89.01915428436142,245.9729229329702,-14367.02367104127,1.191314442675831e-06,6.958344273626073e-05,-0.07017572998169998,3.399799646009555e-10,0.7113987191241465,0.01843288208398139,-0.7111598740294297,4.950691172949999e-05,1.282761750506748e-06,-4.949029027277917e-05
32658.78321723358,22.54531755298681,-88.97695189999145,255.8429918464162,-14326.95665192452,1.246026164287237e-06,6.97762432891792e-05,-0.06981907303312715,3.401466395677564e-10,0.7114113235011943,0.01897144948392651,-0.7111583194410368,4.964559483687301e-05,1.323916085439759e-06,-4.962793903544319e-05
32734.06948788383,22.51110984463796,-88.89608721028654,275.01907413168,-14272.39772844083,1.349608205869418e-06,7.003930601014608e-05,-0.06939322497301098,3.406616079337353e-10,0.711302618673253,0.01998652253985999,-0.7110217677738079,4.982644514781135e-05,1.400047381922111e-06,-4.980677166205641e-05
32809.5293113119,22.50224784071829,-88.77550230356566,304.7194839004526,-14256.03512924223,1.498664206270805e-06,7.011369702409363e-05,-0.06915425205226401,3.402682086755626e-10,0.7111980641765903,0.02149421628586504,-0.7108731850019283,4.987415972836712e-05,1.507324091943991e-06,-4.985137693878196e-05
32885.1630875983,22.46933195069784,-88.8457503824355,286.2468658734467,-14207.08165315984,1.417603319513569e-06,7.035887030820401e-05,-0.06875828062605181,3.4065538231271e-10,0.7112599702313475,0.02063893510369793,-0.7109604627623696,5.005163281667249e-05,1.45236966056366e-06,-5.003055636292765e-05
32960.97121774578,22.46716829461335,-88.77178054133431,304.489096659541,-14202.0773850036,1.50892763691626e-06,7.037988323048822e-05,-0.06857597742083546,3.399916545147875e-10,0.7111560582363052,0.02156817432758226,-0.7108289196581511,5.006060117671548e-05,1.518254341811706e-06,-5.003757282210776e-05
33036.95410368148,22.44717505039598,-88.73127753143289,313.8352354897863,-14170.55018965056,1.562123306065788e-06,7.053429381975351e-05,-0.06826637534249445,3.399643824312488e-10,0.7110269525195194,0.02208122915128546,-0.7106839990659445,5.016208760579857e-05,1.55780388803206e-06,-5.013789265633572e-05
33113.11214825911,22.4387305144619,-88.78515682649252,300.2554279088509,-14158.85693411273,1.497060048617486e-06,7.05954233626229e-05,-0.06805316454416901,3.39462603822809e-10,0.7112097259007787,0.02143302920102062,-0.7108866994642178,5.021743404327183e-05,1.513353503267374e-06,-5.019462563925051e-05
33189.44575526103,22.41302714802686,-88.85309189637296,282.7060735088331,-14121.18485136732,1.417159824886738e-06,7.078721586266772e-05,-0.06771599586152308,3.395853870353152e-10,0.7112828302213031,0.02060688684241659,-0.710984261979329,5.03577996798393e-05,1.458937901414917e-06,-5.033666147843576e-05
33265.95532940045,22.39837980611828,-88.83018020832668,287.889461664428,-14098.37578910209,1.447793255637798e-06,7.090059241800757e-05,-0.06745112756222589,3.393524970759501e-10,0.7112415714914505,0.02090466539927457,-0.7109342923098959,5.043592812862502e-05,1.482402384635415e-06,-5.041413818926052e-05
33342.64127632351,22.37863107912995,-88.89905087368852,270.389306294828,-14069.91383058708,1.365357168040656e-06,7.104740185752639e-05,-0.06716013636883274,3.392569036173748e-10,0.7113156077156865,0.0200668968467382,-0.7110324981538316,5.054441011154619e-05,1.425906380916969e-06,-5.052429301352997e-05
33419.50400261143,22.3472226464059,-88.85681150041142,279.7982585603839,-14021.42511088955,1.422616332226491e-06,7.129103828763568e-05,-0.06677475271376025,3.39647150121286e-10,0.7112103010838771,0.02060277537798119,-0.7109118215464865,5.071095173374531e-05,1.469025893159529e-06,-5.068966944721057e-05
33496.54391578276,22.32148727716526,-88.92153714368698,263.2484491912851,-13984.01780010254,1.34569924185049e-06,7.148487373594268e-05,-0.06644343854599012,3.397724513894265e-10,0.7113407522733263,0.01981807932790462,-0.71106463108253,5.085703454535582e-05,1.416885988579739e-06,-5.08372933666111e-05
33573.76142429547,22.29496902596803,-88.93945043309996,258.1434920197476,-13944.50936724174,1.327106866024893e-06,7.168824586598246e-05,-0.06610333488525205,3.399514463647606e-10,0.7112920958126968,0.01960924471971783,-0.7110217458609412,5.099792529664435e-05,1.405935484489236e-06,-5.097854185807565e-05
33651.15693754908,22.28076598185039,-88.90163901968322,266.9242945701338,-13922.34642318994,1.376586871569919e-06,7.180058052968288e-05,-0.0658464806069111,3.39709502833229e-10,0.7113081679234042,0.02009377364662924,-0.7110242963606713,5.107961807440773e-05,1.442950228646812e-06,-5.105923302660362e-05
33728.73086588689,22.24503534475504,-88.98564255205446,245.5909364669652,-13870.70606299867,1.276083434997646e-06,7.207178934754743e-05,-0.06545136379067588,3.401900155144662e-10,0.7113012281192157,0.01906599369535,-0.7110456560645831,5.127066253910169e-05,1.374278702304018e-06,-5.125224088024678e-05
33806.48362059816,22.22068152222957,-89.05112771775485,229.1546079812184,-13835.78358035854,1.196745924686015e-06,7.225653352774321e-05,-0.06513642096222196,3.402642886431508e-10,0.7114025036794884,0.01827082759811048,-0.7111678417225604,5.140838853774764e-05,1.320312761357727e-06,-5.139143105869127e-05
33884.41561392025,22.20598460306147,-88.99013135830472,243.4793767890893,-13812.58460866119,1.275784596287194e-06,7.237525785975807e-05,-0.06487764588864113,3.400518801005858e-10,0.7112939084557319,0.01903996836198825,-0.7110390311445678,5.148592412579067e-05,1.378179054803182e-06,-5.1467475220566e-05
33962.52725904085,22.16936085635186,-89.04032301534211,230.4836190647226,-13759.32096522818,1.21709426472678e-06,7.265761749693613e-05,-0.064478827753346,3.405831281573102e-10,0.7112639549780664,0.01843129828446542,-0.7110251056710937,5.168382278600241e-05,1.339305819707449e-06,-5.166646685903924e-05
34040.81897010009,22.14989200514998,-89.00825171861136,237.6770177626039,-13729.82460422177,1.260454244857172e-06,7.281232264880205e-05,-0.06419262284688196,3.405298149534262e-10,0.7113674629342704,0.01884705793916821,-0.7111177509587131,5.180189097827877e-05,1.372445735146457e-06,-5.178370691278829e-05
34119.29116219284,22.10816264331301,-89.04543395939035,227.7529833273587,-13669.11957017112,1.218603548431497e-06,7.313729712248295e-05,-0.06376181547750177,3.412554446258282e-10,0.7113454813384255,0.0184000649259341,-0.7111074682713701,5.203090057738992e-05,1.345860729975345e-06,-5.201349126707171e-05
34197.94425137089,22.08372162994443,-89.01248283856994,234.9855104188882,-13632.51730720369,1.26403747735759e-06,7.333223549108806e-05,-0.06344482288991114,3.413847162634913e-10,0.7113589453228687,0.01882447518893655,-0.7111098285249088,5.217106824754627e-05,1.380587094972851e-06,-5.215279802046411e-05
34276.77865464504,22.05930780842913,-89.08323516317779,217.5985903542654,-13598.27119190868,1.176460877064802e-06,7.351993423740637e-05,-0.06313989128039307,3.414573248578818e-10,0.7113588125795941,0.01796146663744789,-0.7111320172449571,5.230351010475704e-05,1.320638382704927e-06,-5.228683470569383e-05
34355.79478998746,22.03136407592564,-88.9931791172279,238.2271823417922,-13555.54637100142,1.296054155016784e-06,7.374776473850353e-05,-0.06279674868371941,3.417457361021687e-10,0.7112611639295555,0.01909172705631757,-0.7110048869539739,5.245976504318574e-05,1.408129062058908e-06,-5.244086308338982e-05
34434.99307633384,22.00704615879553,-88.98116458294503,240.4363696968344,-13519.88453825725,1.314973089431876e-06,7.394174334960632e-05,-0.06248749490163732,3.418591031609818e-10,0.7112694884419524,0.0192562426320887,-0.7110087779403084,5.259855001864427e-05,1.424003781567706e-06,-5.257927041424124e-05
34514.37393358563,21.98347865750728,-89.03026488906347,228.2855211317832,-13486.72207069968,1.254703584738813e-06,7.412576340623203e-05,-0.06219085670766571,3.419115122273363e-10,0.7114021427101932,0.01866564198238259,-0.7111572276663155,5.273849225053194e-05,1.383743112283689e-06,-5.272033592323388e-05
34593.9377826122,21.9591380078901,-88.98830611042179,237.5268040553493,-13450.57939115576,1.312487657493721e-06,7.432306222129616e-05,-0.06188154152917507,3.420417654850421e-10,0.711322613132965,0.01919955510187664,-0.7110634550011692,5.28736125884423e-05,1.427129996410388e-06,-5.285434899916969e-05
34673.68504525317,21.92511181805189,-88.98057296685295,238.466270372415,-13401.32114019077,1.327376851103353e-06,7.459588908699997e-05,-0.06151311868466283,3.425094175071863e-10,0.711317476875626,0.0193106912503445,-0.7110553073510812,5.306743540642844e-05,1.440663127078376e-06,-5.304787639830393e-05
34753.61614432058,21.90637043464868,-88.94566038790221,246.1246864028067,-13373.59786769177,1.375661506824905e-06,7.474887652768746e-05,-0.06124468310657251,3.424300517187647e-10,0.7111744047788162,0.01975532663466042,-0.7108999655943594,5.316615039415609e-05,1.47687354871931e-06,-5.314563380236533e-05
34833.73150360118,21.87735589562558,-88.98192128356824,236.9323725593672,-13332.7571054384,1.332439016717192e-06,7.497956305336949e-05,-0.0609172232424981,3.42689000143181e-10,0.7112006378951267,0.01932149848444933,-0.7109381316533462,5.333157518778887e-05,1.448882206031018e-06,-5.331189034693691e-05
34914.03154785863,21.85071570442279,-88.91334390581105,252.1449298920113,-13293.17359358107,1.426384670914322e-06,7.519952532778581e-05,-0.06059667683742015,3.429189264673857e-10,0.7110367045801432,0.02018316095320134,-0.7107501918917273,5.347686600828481e-05,1.517969729221396e-06,-5.345531747140984e-05
34994.51670283573,21.82887751578568,-88.87779102183599,259.7712317855709,-13261.24832037192,1.476575383286173e-06,7.537875802070984e-05,-0.06031211231402022,3.42953882864945e-10,0.7110669424986925,0.02064050477278936,-0.7107673081094567,5.360723418826013e-05,1.556084676402819e-06,-5.358464479489279e-05
35075.18739525679,21.80218134938006,-88.83864984586658,268.0470516382691,-13222.42167435544,1.532535654750726e-06,7.559804345635805e-05,-0.05999722098145265,3.431698529162648e-10,0.7110006573584906,0.02113955925180427,-0.7106863258842435,5.37588928763156e-05,1.59836603455807e-06,-5.373512621467216e-05
35156.04405282981,21.77584151389475,-88.83978155233169,267.0299407588498,-13185.10094587481,1.535376706581908e-06,7.581208612299158e-05,-0.05969027651541722,3.433497001967367e-10,0.7109824087562755,0.02114048823183545,-0.7106680415765122,5.390968538605324e-05,1.602960995166465e-06,-5.388584874038097e-05
35237.08710424873,21.7386936661541,-88.76193630848445,283.7805534065587,-13130.90549673266,1.645093112531925e-06,7.612065708757349e-05,-0.05930820873174722,3.439738726193793e-10,0.7110033166494327,0.02212221598230372,-0.7106590770872667,5.413222901827771e-05,1.684274649503949e-06,-5.410602034332506e-05
35318.3169791957,21.71887836212346,-88.83268755916814,267.0221432351367,-13104.56777552699,1.554252578641583e-06,7.627760009086792e-05,-0.05905311795537829,3.438724875793749e-10,0.7110190314133391,0.02126069799137808,-0.7107010945206728,5.424361836666682e-05,1.621977945879828e-06,-5.421936297165132e-05
35399.73410834346,21.69852771461755,-88.70315500780892,295.9495546533042,-13073.08487734145,1.730768640389616e-06,7.645385837921108e-05,-0.0587757544539975,3.439078196672536e-10,0.7108925822934234,0.02287891987000173,-0.7105243265261182,5.436192435224915e-05,1.749549991394965e-06,-5.433376384999726e-05
35481.33892335755,21.68824574146183,-88.64588538935763,308.6518117305614,-13057.35372307544,1.809322117931636e-06,7.654242740502969e-05,-0.05857001037124808,3.435302317374247e-10,0.7109002127584568,0.02360501005017016,-0.7105082096644278,5.442673212569484e-05,1.807206603356953e-06,-5.439672025200532e-05
35563.13185689854,21.64852578379342,-88.62005280174255,313.1904352083079,-13001.23680733963,1.851770698564895e-06,7.687115140959548e-05,-0.05818416422160547,3.442194948634057e-10,0.7107952787243271,0.02393750058173019,-0.710392091962385,5.46529848235939e-05,1.840552259092115e-06,-5.462198382986044e-05
35645.11334262443,21.64222429059429,-88.55837309831398,326.9376582901002,-12991.01369095087,1.935993493260074e-06,7.692756505344737e-05,-0.05800469828263675,3.436980682325896e-10,0.7107063025325198,0.02471485706106097,-0.7102764421687494,5.46876850133247e-05,1.901767739062369e-06,-5.465460796294563e-05
35727.28381519288,21.62232125080681,-88.53578384634693,331.3408322417905,-12962.7707414545,1.970587026479576e-06,7.709363098266972e-05,-0.05774547682777264,3.436547027843992e-10,0.7107184082742702,0.02501106419101333,-0.7102781867183767,5.480721090051957e-05,1.928733875476469e-06,-5.477326311560797e-05
35809.6437102636,21.61178718699821,-88.51634508060039,335.3503096040033,-12947.66213911783,1.999055048452379e-06,7.718224383160143e-05,-0.05754551616311561,3.432644066228571e-10,0.7106421933276841,0.02526511760491484,-0.7101929320754968,5.486479041182879e-05,1.950581312422417e-06,-5.483010541187687e-05
35892.19346450054,21.59133817415799,-88.53441810245879,330.5480850819354,-12919.70068258416,1.978998898607828e-06,7.735054164612424e-05,-0.05728917707229954,3.43216121591838e-10,0.7107222829964941,0.02505974440259901,-0.7102803480022695,5.499016284514529e-05,1.938928127800708e-06,-5.495596935229894e-05
35974.93351557424,21.57353555905981,-88.41388011739208,356.9869152232671,-12892.22751162544,2.146166997655947e-06,7.750668730930345e-05,-0.05703587291001454,3.431564534081339e-10,0.7105429966989786,0.02656312226455555,-0.71004630179554,5.50903455847531e-05,2.059511658214783e-06,-5.505183546783162e-05
36057.86430216423,21.54880840768075,-88.46417517935775,344.7775023343188,-12859.25581192486,2.083507946754121e-06,7.770913557900868e-05,-0.05675916104737754,3.432450601240533e-10,0.7106633823996177,0.02596011385403727,-0.7101890702991357,5.524226685411918e-05,2.017967398637725e-06,-5.520539697130843e-05
36140.98626396133,21.53294455565,-88.45659505852905,345.8859519476611,-12837.20883514562,2.097377169308315e-06,7.784204179692035e-05,-0.05653152978986902,3.430437611238478e-10,0.7106393899876668,0.02606912238142578,-0.7101610686740759,5.533506437237974e-05,2.029913603765584e-06,-5.529781912387375e-05
36224.29984166988,21.5169133066159,-88.47661781882175,340.8223759760326,-12815.61659614201,2.073681428209847e-06,7.797465190004556e-05,-0.05630664330191527,3.428314262614249e-10,0.7105093688425925,0.02583218712152055,-0.7100396195435984,5.541865989583682e-05,2.014871661418329e-06,-5.538202015851757e-05
36307.80547701014,21.50992641606462,-88.51193020421617,332.6899520580964,-12806.82135809067,2.02704786368442e-06,7.803073015554251e-05,-0.05613858776801061,3.422778379468259e-10,0.71055726346546,0.02541228821831308,-0.7101026969889865,5.546134385601485e-05,1.98351312063187e-06,-5.542586343951167e-05
36391.50361272071,21.48244783518496,-88.50453754178614,333.3555507091633,-12768.97897184773,2.043146232836547e-06,7.826145755785264e-05,-0.05584397235226242,3.42502668791128e-10,0.7107711791484106,0.0255276335192816,-0.7103126135969481,5.564225715008308e-05,1.998414103417608e-06,-5.560635864563722e-05
36475.39469256078,21.4696201419009,-88.6168605507428,307.9456752067376,-12753.99960990883,1.892030783987739e-06,7.836109360754926e-05,-0.05565017456886052,3.421162730602523e-10,0.7107044466177023,0.02414890014064284,-0.7102940525332953,5.570510920191259e-05,1.892794010003152e-06,-5.56729424589064e-05
36559.47916131248,21.44396840794414,-88.60485989798438,309.7592312867578,-12718.71463343947,1.913728335921032e-06,7.857768916004905e-05,-0.05536857608817325,3.422763628423835e-10,0.7107647665117058,0.02431585398402119,-0.7103487119432733,5.586409422110111e-05,1.91115713950844e-06,-5.583139351236156e-05
36643.75746478333,21.42443763696989,-88.63365703276166,302.7443047167502,-12692.77412306183,1.878087738186476e-06,7.874018791665192e-05,-0.05512856439942417,3.421870581725033e-10,0.710622869467419,0.02397019771415942,-0.7102184820403173,5.596775487214273e-05,1.887862335345765e-06,-5.593590583186295e-05
36728.23004980847,21.39350474187854,-88.70687050759327,285.6059845951947,-12652.43662106571,1.783190428252227e-06,7.899590727669904e-05,-0.05482697716902443,3.424884745297936e-10,0.7108073593116921,0.02308483389243705,-0.7104323982588489,5.616241651405372e-05,1.823982319879545e-06,-5.61327900357253e-05
36812.89736425313,21.37544631745288,-88.75197988735322,275.1288830651296,-12628.98771221536,1.72422140736155e-06,7.914534717008607e-05,-0.05459950084226846,3.423352267787063e-10,0.7107356557067898,0.02253945877453341,-0.7103781704776067,5.626198994183015e-05,1.784228485914386e-06,-5.62336913329069e-05
36897.75985701503,21.35380937774632,-88.73120595946588,279.0524564685859,-12599.29816181243,1.75703395286943e-06,7.933058512646326e-05,-0.05434586245104636,3.42352716319612e-10,0.7107435580196935,0.0228135452169745,-0.7103773274965399,5.639473322440529e-05,1.810165961966462e-06,-5.63656742587364e-05
36982.81797802663,21.31507048781368,-88.76932700373268,269.5639502645916,-12548.01349826787,1.711242178058722e-06,7.96571274757235e-05,-0.05400016773788638,3.429613297929609e-10,0.7108099969891718,0.02235929730473486,-0.7104582420127061,5.663132492280415e-05,1.781399580863391e-06,-5.66033000632076e-05
37068.0721782576,21.29414241290172,-88.75299212803607,272.5239644078515,-12519.57408035813,1.737880269929009e-06,7.983709186619396e-05,-0.05375386372164518,3.429498184935467e-10,0.7106744690363541,0.02257388824183961,-0.7103158596777555,5.674878325809856e-05,1.802570300387652e-06,-5.672014758079186e-05
37153.52290971724,21.266225633217,-88.77860177264481,266.1413658180287,-12482.79779482469,1.707226477958267e-06,8.007384665221464e-05,-0.05347269429848209,3.431691160826499e-10,0.7108312221215419,0.02227768871426233,-0.710482041242673,5.692906307965892e-05,1.784175914921184e-06,-5.690109787545754e-05
37239.17062545685,21.23398055925696,-88.76957850880605,267.1807382020446,-12439.61963270258,1.725800710975717e-06,8.035124294832611e-05,-0.05316517316242765,3.43568256144553e-10,0.7107917003738484,0.02240475646123841,-0.7104385041706701,5.712328299309292e-05,1.800574265362844e-06,-5.709489812780029e-05
37325.01577957207,21.20562586713805,-88.80954392329363,257.7353943770662,-12402.83078603713,1.674730494335857e-06,8.059195355634956e-05,-0.05288602795475573,3.437948075129894e-10,0.7107530935150457,0.02192446968334132,-0.7104148629992981,5.729043922253069e-05,1.767227620027367e-06,-5.726317606323889e-05
37411.05882720533,21.17975085581529,-88.89747811744262,238.0698581907085,-12370.4705486119,1.555145950581423e-06,8.080773990737552e-05,-0.05262672583734965,3.439013747967881e-10,0.71086291543156,0.02085386117683002,-0.7105569653517405,5.745093324328061e-05,1.685379501907707e-06,-5.742620679148533e-05
37497.30022454834,21.16016432028665,-88.83383863491576,251.2604938443936,-12343.21279850145,1.648495832215083e-06,8.098262700651594e-05,-0.05238999391296353,3.438681208166277e-10,0.71087763275327,0.02166006348938531,-0.7105475708202293,5.757771542250838e-05,1.754362374288044e-06,-5.755098197194416e-05
37583.74042884442,21.12540812970284,-88.76590590682888,264.8838457011934,-12295.96629465597,1.751171367766919e-06,8.128975950658218e-05,-0.05206942666046943,3.443954995708677e-10,0.7108219704097963,0.02251732134749681,-0.71046523057543,5.779297941968768e-05,1.830758112994368e-06,-5.776397488864621e-05
37670.37989839089,21.09721196337727,-88.7947657693574,257.9225858199687,-12259.60523720842,1.715316319961203e-06,8.15326074403731e-05,-0.05179604716278303,3.446225135091298e-10,0.710555928728014,0.02216777065681876,-0.7102100518822845,5.79433020991101e-05,1.807702645351521e-06,-5.791509707576018e-05
37757.2190925416,21.06547342554752,-88.77397415858472,261.4755479852777,-12217.65332295971,1.750880940641566e-06,8.181130705093959e-05,-0.05150008305871939,3.45010516910553e-10,0.7107178585138058,0.02244725104351164,-0.7103632840533354,5.815505121342313e-05,1.836764080708164e-06,-5.812603787759567e-05
37844.25847170932,21.05409853100386,-88.72748372531247,271.0411445986094,-12201.77728933452,1.819595250355985e-06,8.191485478876085e-05,-0.05131486911167118,3.446648839957945e-10,0.710678524881989,0.0230390518381456,-0.7103049822568043,5.822645122659686e-05,1.887607661120167e-06,-5.819584658513822e-05
37931.49849736819,21.01888314411225,-88.67694637385006,280.7254235691564,-12154.8535100472,1.899112493268478e-06,8.222780060777884e-05,-0.05099996296787771,3.45199694373599e-10,0.7105599426289128,0.02367833462431388,-0.7101653107116841,5.844029938886647e-05,1.947434525164803e-06,-5.840784272193712e-05
38018.93963205612,20.98924308369181,-88.70210838262575,274.5270918310542,-12117.00038212703,1.868839890367778e-06,8.248633500862763e-05,-0.05072420548614883,3.454816698561977e-10,0.710625645233078,0.02338537809342614,-0.710240756190713,5.86288604793605e-05,1.929367563208167e-06,-5.859710591756524e-05
38106.5823393773,20.9700083599598,-88.71330775515497,271.6044557368277,-12092.38103140368,1.856496791137571e-06,8.265500107909226e-05,-0.05050471852233853,3.453888459587895e-10,0.71045805975967,0.02325786362304173,-0.7100772679484726,5.873461549770476e-05,1.922761883593111e-06,-5.870313487712749e-05
38194.42708400464,20.93819816742176,-88.70265522190788,272.9202448680388,-12051.1570553847,1.878259423954948e-06,8.293704748719519e-05,-0.05021678191749814,3.457732446454771e-10,0.7104534807858555,0.02340656581581525,-0.7100678003102576,5.893489047628604e-05,1.941666034565957e-06,-5.890289677479406e-05
38282.47433168226,20.92321359420047,-88.67356875447902,278.5801365936915,-12031.24136243488,1.923519030116083e-06,8.307240422642289e-05,-0.05001848934248438,3.455490411856527e-10,0.7105074904044504,0.02378571308916475,-0.7101092407324877,5.903623416281937e-05,1.976360484056583e-06,-5.900314350409053e-05
38370.72454922788,20.90242799584589,-88.63250348614095,286.5495692580203,-12003.66007636582,1.987581584693069e-06,8.326047663752447e-05,-0.04978904773865941,3.455464560809132e-10,0.7104790248572624,0.02431059812858281,-0.7100629828267047,5.916850168996702e-05,2.024580059550871e-06,-5.913385382180075e-05
38459.17820453535,20.87370634935808,-88.66604565744352,278.6805373833983,-11967.67611790355,1.944695259354662e-06,8.351312664493773e-05,-0.04952562432190917,3.457883077954728e-10,0.7104366128136672,0.02391043194567872,-0.7100341344402589,5.934366909539196e-05,1.997268631317574e-06,-5.931004956765534e-05
38547.83576657716,20.86117816878206,-88.63569940500406,284.6254808341878,-11951.00010477433,1.991677482223572e-06,8.36275716740802e-05,-0.04934286721268469,3.454744081068566e-10,0.710421939812883,0.02430297966297819,-0.7100061251475233,5.942449181715615e-05,2.032865449644676e-06,-5.938971026862228e-05
38636.69770540691,20.83168017979376,-88.58787241625073,293.6553484570306,-11912.38340700419,2.068124860277233e-06,8.389527518782548e-05,-0.04907030920930056,3.457971970400951e-10,0.710498659560182,0.02491535830972284,-0.7100616664467344,5.962234697879778e-05,2.090802168666919e-06,-5.958567617768262e-05
38725.76449216172,20.80171805059422,-88.64910484723202,280.0531515622978,-11875.74784988395,1.984618708688206e-06,8.415842218187117e-05,-0.0488068860100758,3.460661836912713e-10,0.7103699490465973,0.02416918593668083,-0.7099586713039171,5.979696820985907e-05,2.034494906567443e-06,-5.976234799241113e-05
38815.03659906482,20.77728177082153,-88.57733071134601,294.1311286913295,-11843.23642226612,2.095715874822474e-06,8.438433119897955e-05,-0.04856132529976902,3.462180712345635e-10,0.7103872292530665,0.02507624300145744,-0.7099445031287873,5.996074476545362e-05,2.11657831724794e-06,-5.992337614866864e-05
38904.51449942805,20.75345125319688,-88.52820342276453,303.4916513350702,-11812.071131452,2.173742203867074e-06,8.460330760521994e-05,-0.048322142890417,3.463331620488971e-10,0.7103235092397354,0.02569980200201962,-0.7098584421951389,6.011223688544038e-05,2.174885901647557e-06,-6.007287986010088e-05
38994.19866765435,20.72342182198242,-88.5677918938095,294.4033764173262,-11775.2144097495,2.121943164471701e-06,8.487109091961531e-05,-0.0480605742215982,3.466181563149424e-10,0.7102610297886689,0.02522428319644831,-0.7098129795753849,6.029612642077294e-05,2.141362829576842e-06,-6.02580901338728e-05
39084.08957924022,20.70099781759352,-88.51073159882635,305.3734201276669,-11745.81265617434,2.211931350116989e-06,8.507921624590352e-05,-0.04783031061965527,3.46686604959716e-10,0.7102388161607747,0.02594757443215271,-0.709764678863739,6.044361685009828e-05,2.208222377431169e-06,-6.040326623497522e-05
39174.1877107783,20.67111470891833,-88.45992910199546,314.7603026604081,-11707.31388936258,2.294835791760578e-06,8.535499143826547e-05,-0.04756389308125461,3.47026682973628e-10,0.7102654677574056,0.02659514804152252,-0.7097673793499498,6.064322008518796e-05,2.270721989304244e-06,-6.060069276788703e-05
39264.49353995997,20.65624388180143,-88.4162820118875,323.144900309688,-11687.76484194261,2.363755325051102e-06,8.549420509687872e-05,-0.04737525893203531,3.46807648336907e-10,0.7102642007019599,0.02715308050053901,-0.7097449859055893,6.074326663011843e-05,2.322187725417144e-06,-6.06988623045406e-05
39355.00754557775,20.64118873010928,-88.36208479208172,333.6375278346333,-11667.76799014493,2.448749519285044e-06,8.563617361161536e-05,-0.0471854299184252,3.46603023552867e-10,0.7099872458080925,0.02783091118151299,-0.7094415617885432,6.082201168299623e-05,2.384172412990014e-06,-6.077526492802534e-05
39445.73020752785,20.62953275820137,-88.37737354391791,330.1209469705256,-11653.62487425519,2.428860930436597e-06,8.574140603555731e-05,-0.0470198420442074,3.462255369218895e-10,0.7100707849731965,0.02766222865955942,-0.7095317616414629,6.090343857646498e-05,2.372615350058657e-06,-6.085720603870924e-05
39536.66200681279,20.61166944654129,-88.34929820769206,335.1784616132411,-11630.80919089217,2.475686882537e-06,8.590719585200519e-05,-0.04681985481146998,3.461068547165742e-10,0.7100748083333404,0.02802747218192886,-0.7095214543850814,6.102238578829021e-05,2.408623992971376e-06,-6.097483167467873e-05
39627.80342554393,20.59264494495702,-88.33222577561506,337.9496331760225,-11606.85804817811,2.506424403348083e-06,8.608298220284849e-05,-0.04661597849106971,3.460233915763963e-10,0.7100375820247753,0.02825485827310778,-0.709475179884086,6.114455794961339e-05,2.433154050961022e-06,-6.109612694940589e-05
39719.15494694403,20.58147151903571,-88.3613744476209,331.6637844266743,-11593.71264206825,2.46545862592829e-06,8.618311730758312e-05,-0.04645609097768905,3.456189924073847e-10,0.7099397052192775,0.02790756063162149,-0.7093909733753504,6.120633041143626e-05,2.406006262839788e-06,-6.115902236217549e-05
39810.71705534973,20.56145947314416,-88.39383439537221,324.4189991070976,-11569.77219377868,2.421672068531862e-06,8.636422107849804e-05,-0.04625353601460928,3.455376090077047e-10,0.7102011162198291,0.02753332767512537,-0.7096672046438566,6.135653204460633e-05,2.378691701845439e-06,-6.131040572633959e-05
39902.49023621421,20.54482840012481,-88.44715916882542,313.1208339659736,-11550.51379741374,2.345256335550452e-06,8.651265812990007e-05,-0.04607034185653743,3.453176910950114e-10,0.7100525198440478,0.02688478519978441,-0.7095433667237284,6.144753442652793e-05,2.326593763059102e-06,-6.140347260995122e-05
39994.47497610973,20.51886014889068,-88.55123002266377,291.3794324552371,-11520.98246168298,2.193825886509247e-06,8.674266865538631e-05,-0.04584686532695258,3.454065875669678e-10,0.7102977477228705,0.02562240376882334,-0.7098354618116017,6.162923335642953e-05,2.223136855049652e-06,-6.158912295710149e-05
40086.67176273028,20.49696450507042,-88.52546044393459,295.8592878928027,-11493.58513768969,2.238136138837067e-06,8.694744195688203e-05,-0.04563264566682169,3.454336284524656e-10,0.7102219404824771,0.02595655133025956,-0.7097474636698147,6.176882069704729e-05,2.257471184209445e-06,-6.172755490181384e-05
40179.081084894,20.46550434058529,-88.64020654459911,271.9762115809227,-11457.74246719558,2.070561660251334e-06,8.722807824885805e-05,-0.04538571567814432,3.457172702119868e-10,0.7103310462350854,0.02455656510359859,-0.7099064518341439,6.197462141216883e-05,2.14249937905027e-06,-6.193757660412962e-05
40271.70343254591,20.44370088650312,-88.72824261038932,253.815501947794,-11433.13088674723,1.940768826567831e-06,8.742202050224967e-05,-0.04518406574706471,3.456646407512218e-10,0.7104588413318274,0.02348772330164984,-0.7100704838821761,6.212138064118083e-05,2.053728822462551e-06,-6.208742328918363e-05
40364.53929676049,20.40702659167547,-88.77580592307412,243.3914379102606,-11389.68099837877,1.875356759617515e-06,8.775869617103049e-05,-0.04490882499127887,3.461852589667405e-10,0.7104095695479775,0.0229144619662681,-0.7100399171441977,6.235515014910274e-05,2.011283036913054e-06,-6.232270445562013e-05
40457.58916974426,20.38741838979362,-88.82372344141277,233.3960032533022,-11366.99277372144,1.805590200755609e-06,8.793694184221585e-05,-0.04471628500742565,3.460784426188342e-10,0.7103653225078969,0.02233707475805425,-0.7100140467011913,6.247679553521567e-05,1.964550926538603e-06,-6.244590074621537e-05
40550.85354483839,20.34694439319259,-88.83592423756699,229.9888852486283,-11318.48950002821,1.794529589995413e-06,8.831454746126326e-05,-0.04442307361721365,3.467621279137364e-10,0.7103794244910201,0.02220419340199596,-0.7100323235850321,6.274602942236321e-05,1.961240605328222e-06,-6.271537087158205e-05
40644.33291652127,20.31819787114513,-88.85635035391006,225.2720191617077,-11284.418953663,1.768380858653177e-06,8.858246378284691e-05,-0.04418749005141888,3.47009152736348e-10,0.7104056151936259,0.02196978669188469,-0.7100658184783627,6.293823059905171e-05,1.946408462226107e-06,-6.290812638314373e-05
40738.02778041126,20.28800001553321,-88.90471636619418,215.0716240198105,-11249.31925571566,1.698916032572349e-06,8.886178697985641e-05,-0.04394873447523368,3.472912883902014e-10,0.7105438403118649,0.02139249694162615,-0.7102217330381656,6.314791640573279e-05,1.901207964855177e-06,-6.311928987765774e-05
40831.93863326922,20.24348337470918,-88.95635650720342,203.9831709248804,-11197.38901801247,1.626360074082914e-06,8.927690627760861e-05,-0.04364524123984515,3.480994723477412e-10,0.7105931036293623,0.02077181341521634,-0.7102894414906173,6.344622634593764e-05,1.854638285716883e-06,-6.34191134782654e-05
40926.0659730011,20.20446312848062,-88.93867883953948,206.575369422138,-11150.76520744185,1.660810840730976e-06,8.964917642780965e-05,-0.04336354740747039,3.487509989928514e-10,0.7105344359546092,0.02100726965720666,-0.7102238233816746,6.370586994675812e-05,1.8834926514441e-06,-6.367802070656103e-05
41020.41029866068,20.18281400835569,-88.91083235403617,211.4991275943598,-11124.59383397519,1.708375386040989e-06,8.985844292519617e-05,-0.04316227179776842,3.48767467699667e-10,0.7103973791610115,0.02136640635192139,-0.7100759910026803,6.384282475276622e-05,1.920181262398685e-06,-6.381394186486173e-05
41114.97211045221,20.13699636921891,-88.95570908275886,201.817289991311,-11071.6260145316,1.645853878659933e-06,9.029096872658227e-05,-0.04285796433337636,3.496300273726322e-10,0.7105707188682022,0.02083343948001816,-0.7102652422245552,6.416482557044969e-05,1.881268077577275e-06,-6.413724090500403e-05
41209.75190973302,20.11225541776329,-88.89269213915748,213.41251365245,-11041.2960822773,1.749917400516135e-06,9.053525403900732e-05,-0.04264225743180396,3.497841093211624e-10,0.7104134529215079,0.02162799401444999,-0.710084152735977,6.432549636008909e-05,1.958340519216274e-06,-6.429567936014542e-05
41304.75019901615,20.08047271683365,-88.9183610047121,207.7732375572693,-11004.70251857591,1.715055614742964e-06,9.083786278229133e-05,-0.04240318110261576,3.501400783044384e-10,0.710328712332542,0.02132553139365849,-0.7100085219733531,6.453223116562699e-05,1.937390531640429e-06,-6.450314238191679e-05
41399.96748197304,20.0354214185681,-88.8109822562928,227.2707707671645,-10950.03560563328,1.894634655013133e-06,9.128458033573893e-05,-0.04209549909496056,3.510787959894979e-10,0.7102231698267301,0.02267100458931365,-0.7098612375032459,6.484233843305097e-05,2.069829617859646e-06,-6.480929454036163e-05
41495.40426343628,20.00173308327458,-88.83487801890844,221.9189929415561,-10911.53476175951,1.863130131543808e-06,9.160824374043449e-05,-0.04185101277789697,3.515072533184294e-10,0.710207156399108,0.02239272719346705,-0.7098540489208651,6.507020329843849e-05,2.051653940342078e-06,-6.50378510823443e-05
41591.06104940221,19.96667223654471,-88.68199204953362,250.0426624525481,-10867.81165200213,2.115924049705162e-06,9.196616216043239e-05,-0.04158744454615679,3.521097318031609e-10,0.7100261017196858,0.02429892184494424,-0.7096101940646194,6.531154085115633e-05,2.235129135212651e-06,-6.527328370858314e-05
41686.93834703355,19.94020961326994,-88.68578548435296,248.6267559297002,-10837.47385084202,2.115744525539706e-06,9.222388750904206e-05,-0.04137597056497206,3.522833106387142e-10,0.7100702458233906,0.02427181060056298,-0.7096552918240382,6.549852275377957e-05,2.238887980798187e-06,-6.546024643657262e-05
41783.03666466218,19.89979922980729,-88.60791485893894,262.1986779164927,-10789.51350415554,2.250973459582576e-06,9.262788330075802e-05,-0.04109812366020371,3.530354106002375e-10,0.7098942151451296,0.02524842301344113,-0.7094450745701558,6.577122910568153e-05,2.339249678537955e-06,-6.572961652872706e-05
41879.35651179183,19.85795738597675,-88.56046459793558,269.915355079657,-10740.79625369282,2.338193553945662e-06,9.30442084601546e-05,-0.04081845947267118,3.538210388411128e-10,0.7098543769669963,0.02585294127396949,-0.7093834378717105,6.606446965215387e-05,2.406072160195306e-06,-6.602064046326946e-05
41975.89839910075,19.83658677861346,-88.32954036787557,312.3778931007233,-10711.34140806413,2.720341068997257e-06,9.327965448250316e-05,-0.04061289924112334,3.5397799876591e-10,0.7095647042605395,0.02871857019062761,-0.7089832954721521,6.621184114144123e-05,2.679825244764379e-06,-6.615758795479905e-05
42072.66283844442,19.80947884190816,-88.14166986158408,346.3966418977662,-10676.30840196059,3.035809461265979e-06,9.356683679292456e-05,-0.04038696724926355,3.543227362061199e-10,0.7092869672185859,0.03104949317481303,-0.7086070355561865,6.639637919135141e-05,2.906544202579199e-06,-6.633273076332811e-05
42169.65034285822,19.79042611787033,-88.04275174717553,364.0340675552063,-10652.45650361587,3.204317910677217e-06,9.376555715371307e-05,-0.04020405895798475,3.542993553140421e-10,0.7091707641086806,0.03228607482383976,-0.7084354466279615,6.653029920833385e-05,3.028892795647639e-06,-6.646131597540709e-05
42266.86142656028,19.78736403303908,-87.74432126116625,419.1725473744285,-10641.76742439109,3.695660004847392e-06,9.382378330248735e-05,-0.04007134269406253,3.538395454408138e-10,0.708856633702161,0.03597821095818252,-0.7079430029880994,6.655485413815167e-05,3.378009697063216e-06,-6.646907295755818e-05
42364.29660495411,19.81177698688598,-87.72504246053795,423.8326549990489,-10668.79676836974,3.717737082983633e-06,9.358358991162002e-05,-0.04008072548359787,3.521313481060141e-10,0.7088291207422142,0.03623362590742304,-0.7079024274331748,6.638275756103357e-05,3.39332560385086e-06,-6.629597154241885e-05
42461.9563946313,19.81796901766412,-87.72343554922307,424.4077144671564,-10675.72356156612,3.717943668620533e-06,9.352266104187279e-05,-0.04001450522238979,3.510935184819386e-10,0.7088374340451907,0.03627256293636111,-0.7079087575964842,6.634037013098317e-05,3.394763221046486e-06,-6.625345494228112e-05
42559.84131337431,19.81401036599411,-87.81788290804586,406.6998496603602,-10673.54152667286,3.564731609626913e-06,9.355378640678335e-05,-0.03991431457082934,3.50357636173952e-10,0.7089895402615188,0.03513182487289858,-0.7081185798165021,6.637240989345613e-05,3.288883330929024e-06,-6.629087449642288e-05
42657.95188015926,19.81972898752137,-87.92015853401571,387.9444418479375,-10682.45616101291,3.395118224147399e-06,9.348813303820102e-05,-0.03985577430355829,3.492601308847744e-10,0.7090730484524955,0.03389048771182661,-0.7082626792965796,6.632921780052698e-05,3.170236896903339e-06,-6.625341298414187e-05
42756.28861515862,19.78564650237943,-88.05146722603384,362.2296143788865,-10647.10153810785,3.191675832343499e-06,9.381368975575085e-05,-0.03963250539922711,3.496139360442198e-10,0.7091653092855388,0.03229022533534956,-0.7084297969748634,6.656347311895315e-05,3.030815971920399e-06,-6.649443667106257e-05
42854.85203974396,19.76478302293179,-88.21135857405791,331.868761548116,-10627.34085961307,2.93557950091743e-06,9.400524421524742e-05,-0.03946796568475559,3.494584299267302e-10,0.7093802354705628,0.03034117593801797,-0.7087310713655564,6.671350638077044e-05,2.853429139026299e-06,-6.66524558869788e-05
42953.64267648873,19.74590825715871,-88.26582070643904,321.1530730261604,-10607.3786164793,2.851661831730196e-06,9.418766088799373e-05,-0.0393032263357729,3.493108382600519e-10,0.7093638839251167,0.02968569506764439,-0.708742463329013,6.683944835652716e-05,2.797119401431055e-06,-6.678089531938757e-05
43052.66104917105,19.71068006527866,-88.37364973718557,300.122599684942,-10570.37966204688,2.68390760657239e-06,9.452777767854688e-05,-0.03907605552305789,3.49727308252693e-10,0.7097011522776679,0.02838424031590381,-0.7091333164123221,6.710897715676525e-05,2.683999214118317e-06,-6.705528288841866e-05
43151.90768277652,19.6665148284992,-88.36342504925437,300.5972000503768,-10520.91545047178,2.713460409577772e-06,9.497123573534922e-05,-0.03880374680312949,3.505634232814379e-10,0.7094489442155666,0.02851964300898179,-0.7088754717235054,6.740016645426008e-05,2.709467258629645e-06,-6.734568453313382e-05
43251.38310350088,19.63474574326623,-88.41603693386807,289.986157071964,-10486.82907987089,2.634856261650041e-06,9.528484926642374e-05,-0.03858907081485192,3.508939997997011e-10,0.7095276623729593,0.02789083158403545,-0.7089792699268344,6.762847120023936e-05,2.658408404012569e-06,-6.757620129630756e-05
43351.08783875289,19.59139926511765,-88.37788932159424,295.5928389776727,-10438.06516438364,2.710851687753886e-06,9.572642783099269e-05,-0.03832129134581746,3.517224809065569e-10,0.7095015446789493,0.02838089700732126,-0.7089336827848393,6.794062542461504e-05,2.717704996204783e-06,-6.788624796408659e-05
43451.02241715714,19.5549338510543,-88.37432422579836,295.1018264311808,-10397.86156791882,2.727307831900559e-06,9.609621747229706e-05,-0.03808589473986876,3.522703577907639e-10,0.7095308594036291,0.02844530408309354,-0.7089604397437652,6.820599569747881e-05,2.734398739944405e-06,-6.815116222497962e-05
43551.18736855686,19.52444985399181,-88.30583399400217,306.5074578425622,-10362.89552464755,2.851668524940032e-06,9.641378125963419e-05,-0.03787051851273534,3.526460404350013e-10,0.7093206132164515,0.02930323915466595,-0.7087150714559464,6.841346299953578e-05,2.826276341503324e-06,-6.835505893224223e-05
43651.58322401661,19.49453577885406,-88.19878257687317,324.7828901515364,-10327.76938736153,3.041941068953687e-06,9.673066778683904e-05,-0.03765534781811509,3.530316152813177e-10,0.7091086278575975,0.03063739232112664,-0.7084464667805508,6.862169696485664e-05,2.964834679851022e-06,-6.855761846547594e-05
43752.21051582521,19.47073969272673,-88.15339184417951,332.103531009674,-10300.8002997057,3.126657881692451e-06,9.697903044540834e-05,-0.03747063899566078,3.531418306328233e-10,0.7092132028075692,0.03122246912472704,-0.7085255990141257,6.880974761731679e-05,3.029286837804205e-06,-6.874303447196043e-05
43853.06977749856,19.43856251364812,-87.97254839404845,363.2670640216492,-10261.64153659575,3.445469660396386e-06,9.7328324205293e-05,-0.03724234091416633,3.536741284569182e-10,0.7087758149130993,0.03345727548410475,-0.7079857106770648,6.902233880909213e-05,3.258152091964575e-06,-6.894539650783606e-05
43954.16154378246,19.43410983741834,-87.93477335229694,369.8340179993355,-10255.89643121962,3.511520651285896e-06,9.737825717195577e-05,-0.03713588328243345,3.530583645724145e-10,0.708921194379124,0.03395031965735984,-0.7081077853230304,6.907351927324469e-05,3.30793898924024e-06,-6.899426501119328e-05
44055.48635065534,19.42473774243637,-87.8210295175984,389.7316497707261,-10243.00813511086,3.709218100666187e-06,9.748644022720583e-05,-0.03700391283523169,3.526895679107581e-10,0.7087200917740958,0.0353653171152327,-0.7078371725401412,6.913570388580847e-05,3.449889625375242e-06,-6.904957504111753e-05
44157.04473533126,19.41717331139624,-87.70425628640015,410.1970488046204,-10231.96999171676,3.911799470469253e-06,9.757606719037921e-05,-0.03687902149046399,3.522580071971888e-10,0.7085894101963041,0.03682047769055533,-0.7076321111036337,6.919199274425039e-05,3.595428027211048e-06,-6.909851486986927e-05
44258.83723626265,19.43074573028812,-87.62728668433242,424.493162537397,-10244.71081809401,4.037627929137383e-06,9.744404427580891e-05,-0.03684001815372501,3.510107584434626e-10,0.7084829938445961,0.03778482107802721,-0.7074747061648943,6.909175764042893e-05,3.684802208509551e-06,-6.899342871990007e-05
44360.86439314325,19.43726005492686,-87.73099702482115,406.2977812289989,-10254.27362992751,3.857921361415602e-06,9.736745586705774e-05,-0.03678959728007674,3.498768674151084e-10,0.708616058304038,0.03653051103221105,-0.7076738230640421,6.904533157431476e-05,3.559418696825491e-06,-6.895352312063362e-05
44463.12674691089,19.43639131023857,-87.89132183691864,377.6692373241716,-10257.17579253904,3.584822312478371e-06,9.736072999915901e-05,-0.03671537179194299,3.489734065616057e-10,0.7089106831978792,0.03458406728310032,-0.7080665922370875,6.90618580442724e-05,3.369169067286226e-06,-6.897962696567208e-05
44565.62483975033,19.4366749457331,-88.02021639508737,354.6801404320676,-10260.50860626376,3.36496429090104e-06,9.734473721731596e-05,-0.03664283108776803,3.480576973217136e-10,0.7089783624229735,0.03301383028657917,-0.7082092949077767,6.905153806767834e-05,3.215409495718236e-06,-6.897663409653212e-05
44668.3592150963,19.42479866690072,-88.19839441750894,322.4625258412523,-10251.77343817859,3.065150367329983e-06,9.744768648027789e-05,-0.03652743120219398,3.475530722133975e-10,0.7093709932194858,0.03084800228943337,-0.7086999412840042,6.915572345238385e-05,3.007334576375173e-06,-6.90903034077021e-05
44771.33041763626,19.38664153521341,-88.40191995018786,284.9936212102392,-10215.19360096271,2.729003122190919e-06,9.781726030368558e-05,-0.03631338495122052,3.479954212348257e-10,0.7094201794459387,0.02835203883452602,-0.708853407199989,6.941547105173563e-05,2.774195304837255e-06,-6.936001342088226e-05
44874.53899331323,19.34559070762785,-88.59436046755847,249.6815198436517,-10175.3165073549,2.410067078066539e-06,9.821790310568136e-05,-0.03608843580346099,3.485557123552228e-10,0.7095430594108274,0.02599529146521023,-0.7090667091182011,6.970569572778086e-05,2.553784232254406e-06,-6.965889895045036e-05
44977.9854893288,19.31207636105264,-88.73042729548804,224.7737169783085,-10142.37111017963,2.1840032599155e-06,9.854787234773878e-05,-0.03588885716636864,3.488836636702451e-10,0.7096926926492633,0.0243362465174446,-0.7092753098093884,6.995072313222664e-05,2.398697436019245e-06,-6.990958387325634e-05
45081.67045414601,19.27128438832806,-88.79270801447014,212.8554603003303,-10100.21988277718,2.085596546338448e-06,9.896379296569218e-05,-0.03565750568835,3.495339003083942e-10,0.7097808217510019,0.02358802408632554,-0.7093887650965657,7.025299798277395e-05,2.334705810261507e-06,-7.021419282700025e-05
45185.59443749224,19.2240080443622,-88.91990799908584,189.5284764125777,-10052.75053166969,1.87478002696438e-06,9.943991673210727e-05,-0.03540829679685199,3.503767068073836e-10,0.7099200686408988,0.02203730260789282,-0.7095779457909234,7.060168693916657e-05,2.191613969562452e-06,-7.056766275614138e-05
45289.75799036209,19.19208839662608,-88.98399814535436,177.7055682129055,-10020.36736924211,1.769282490188542e-06,9.976536306626082e-05,-0.03521306072668777,3.507005828039193e-10,0.7099349780626314,0.02126396084484413,-0.7096164577051309,7.083276549434115e-05,2.12158183290811e-06,-7.080098557296078e-05
45394.16166502032,19.15716433846377,-89.02566355016613,169.806338857811,-9984.486053575329,1.702851877077183e-06,0.0001001264200874066,-0.03500627066064119,3.511514102795055e-10,0.7099387466217797,0.02076802817127859,-0.7096349152633208,7.108856851010112e-05,2.07957292160613e-06,-7.105814484827944e-05
45498.80601500485,19.11662628262848,-89.03656863148242,167.1953380903529,-9942.259158105617,1.690951706122103e-06,0.0001005523256696404,-0.03477804868091122,3.518317692331002e-10,0.7099395226006764,0.02065302682166108,-0.7096390478500884,7.139077991825627e-05,2.076846894042246e-06,-7.136056448988902e-05
45603.69159512962,19.07859951606449,-89.05506403657822,163.3373477918131,-9902.990808775974,1.665078129887303e-06,0.0001009521315185353,-0.03456101652039565,3.524144891541754e-10,0.7098754109844319,0.02044219133625021,-0.7095810143554351,7.16677537299865e-05,2.06380712969895e-06,-7.163803197208447e-05
45708.81896148752,19.04536168312902,-89.09605080136102,155.7198206725139,-9869.302661903737,1.598316764415058e-06,0.0001012990628263112,-0.03436422859307374,3.528041328617627e-10,0.709995750530895,0.0199580995089443,-0.7097151823343784,7.192538220910814e-05,2.021834545171363e-06,-7.189695953931739e-05
45814.18867145335,18.99725460077813,-89.1190867233865,150.993635865116,-9820.054489485694,1.565410284184397e-06,0.0001018083590147096,-0.03411410872386027,3.537579707692076e-10,0.7099536837026947,0.01969177044885512,-0.7096805388198379,7.228223678189706e-05,2.004870524532651e-06,-7.225442718874806e-05
45919.80128368686,18.96589573258558,-89.11439441580602,151.2977942997581,-9787.692011666584,1.578949518003927e-06,0.0001021447249493482,-0.03392348227933627,3.5411134154651e-10,0.7100003359178433,0.01977141714600767,-0.7097249946757468,7.252588244040468e-05,2.019632108705762e-06,-7.249775658532397e-05
46025.6573581356,18.93061950514148,-89.13307753251615,147.5639700966696,-9751.907232901471,1.551321383070811e-06,0.0001025205692569286,-0.03372171805419157,3.545933366870934e-10,0.7099950529615755,0.01956011767923603,-0.7097255645855551,7.279181292631734e-05,2.005389222058083e-06,-7.276418379373216e-05
46131.75745603795,18.89578366666253,-89.16063732827547,142.3591580893565,-9716.890802989674,1.507431403112209e-06,0.0001028914931334788,-0.03352335328333714,3.550526916866218e-10,0.7099251066494874,0.01923715797828728,-0.7096644198522315,7.304743047834321e-05,1.979398878639251e-06,-7.302060722541019e-05
46238.10213992604,18.85057224525752,-89.12637657112126,147.4598937908463,-9670.270413572429,1.576506286033936e-06,0.0001033856847629934,-0.03328578090635752,3.55943865938288e-10,0.7098943494590393,0.01968102178456485,-0.7096214799281291,7.33957298794573e-05,2.034813996973481e-06,-7.336751799356431e-05
46344.6919736288,18.81460456384467,-89.17566828312441,138.6292983024202,-9634.866032413775,1.49304798085638e-06,0.0001037682326295521,-0.03308764153528976,3.564301646646911e-10,0.7098743557440655,0.01909040105703972,-0.7096176135994184,7.366426849076404e-05,1.981027230640167e-06,-7.36376261390251e-05
46451.52752227495,18.78344548820398,-89.15595850830725,141.4759893573025,-9603.07141420818,1.533798018497127e-06,0.0001041107538707496,-0.03290260548919098,3.567877814304273e-10,0.7099189789261177,0.01935618505569338,-0.7096550533460544,7.391241107032881e-05,2.015247301535596e-06,-7.388493275724705e-05
46558.60935229591,18.73881740371913,-89.18212327764471,136.4579748118319,-9558.818306527653,1.493145092121715e-06,0.0001045941262176596,-0.03267565773044628,3.576151632130562e-10,0.7099446654410481,0.01905330871888567,-0.7096889455353411,7.425774449900352e-05,1.992909869713126e-06,-7.423099708565478e-05
46665.93803142887,18.70242930070462,-89.20759043083829,131.712662258898,-9522.977498698003,1.452108074034445e-06,0.0001049890897165699,-0.0324782701432022,3.581355009187509e-10,0.7100664840456389,0.01876163559929933,-0.7098185773805689,7.455045022563242e-05,1.969799184053755e-06,-7.452442230583876e-05
46773.51412871981,18.67426846381698,-89.18717020586557,134.7039334490102,-9494.545045827204,1.493979198785766e-06,0.0001053024394849586,-0.03230682587358173,3.583818213984912e-10,0.709822147039267,0.01902867103624815,-0.7095670441234071,7.47475691630347e-05,2.003807447112397e-06,-7.472070564105744e-05
46881.33821452653,18.6389435418273,-89.15564112545412,139.4043527651973,-9458.896069280629,1.557762001982934e-06,0.0001056976241068253,-0.03211149943565481,3.589051399632503e-10,0.7096987113095712,0.01943639996004927,-0.7094325106668421,7.50156081269383e-05,2.054439918752368e-06,-7.498747054858304e-05
46989.41086052156,18.59788197341519,-89.15248869473682,139.3243917990778,-9418.302000786647,1.570315454531927e-06,0.0001061530217093123,-0.03190015136403532,3.596230495971877e-10,0.7097637014126785,0.01949790973551753,-0.7094958374500667,7.534574490449241e-05,2.069822012846148e-06,-7.531730951147938e-05
47097.73263969529,18.56169975629231,-89.19575090925991,131.7242262486467,-9383.593493990202,1.495690422486543e-06,0.0001065479852656365,-0.03170949438179052,3.601230719726441e-10,0.7097293458311419,0.01898200897686264,-0.7094754595256293,7.562157201689366e-05,2.022530655243134e-06,-7.559452046315815e-05
47206.30412635905,18.53378443077851,-89.15301313168946,138.308314551002,-9355.40530983395,1.579894782627935e-06,0.0001068667208212267,-0.0315415287691805,3.603773805226427e-10,0.7096463136275486,0.01952971453318724,-0.7093775304415987,7.583970539665078e-05,2.087135194300419e-06,-7.581098061185789e-05
47315.12589614805,18.49893687454055,-89.1903103224616,131.7468686713578,-9322.135682920487,1.515733076733794e-06,0.00010725013461724,-0.03135707548082257,3.608317227959137e-10,0.7097817860743715,0.01909241240818492,-0.7095249563132792,7.612558607989224e-05,2.047701297451711e-06,-7.609804054904106e-05
47424.19852602448,18.46291372810039,-89.09980875851608,145.8966823241965,-9285.333972930666,1.691777132741879e-06,0.00010767013639398,-0.03116145018750421,3.614286725528284e-10,0.7095018452302818,0.02022602259309681,-0.7092134914080797,7.639533127486804e-05,2.177829003208697e-06,-7.636428289082282e-05
47533.52259428053,18.42665094203611,-89.14384992119986,138.2462831984612,-9251.110539239024,1.614985954026347e-06,0.0001080709964445715,-0.03097519163426322,3.619313988723908e-10,0.7095263182693475,0.01970247468534229,-0.7092527115268076,7.66814664855927e-05,2.129328558174475e-06,-7.665189666454719e-05
47643.09868054156,18.39437963698759,-89.0905248255592,146.347548620934,-9218.935115207309,1.72152964179633e-06,0.0001084450693993808,-0.03079646652428899,3.623592676993252e-10,0.7095064456220065,0.02038296876680547,-0.7092136003796209,7.694580799707253e-05,2.210528192969378e-06,-7.691404899906414e-05
47752.92736576909,18.34866084076763,-89.12525419021918,140.0988656995492,-9175.751344290735,1.663604607895265e-06,0.0001089575004125987,-0.03058171013978117,3.632273110216245e-10,0.7096230221728598,0.01997738422130071,-0.709341763691817,7.732133997856891e-05,2.176758742307851e-06,-7.729069373125865e-05
47863.00923226385,18.31714187963425,-89.08344347756608,146.3011306828457,-9144.795854919226,1.748994772092605e-06,0.0001093238313843273,-0.03040844040569803,3.636186220923887e-10,0.7093506849343645,0.02050820920100525,-0.7090541640609833,7.75523866248356e-05,2.242135804924941e-06,-7.751996838389612e-05
47973.34486366891,18.27987132080128,-89.02621991792161,154.8144364206381,-9108.175346256248,1.86562020769901e-06,0.0001097597638444547,-0.03021701182237627,3.642409321986609e-10,0.7093484194458942,0.02123740398931452,-0.7090304315346295,7.786263365381428e-05,2.331153719733042e-06,-7.782772926048316e-05
48083.93484497285,18.24107309078862,-89.08418462356614,145.0281608206076,-9072.564261161178,1.761494419727537e-06,0.0001101942631570907,-0.03002964406590436,3.648296097513987e-10,0.7094493850370716,0.02054417039947481,-0.7091518645481208,7.818065562187378e-05,2.263948274413551e-06,-7.81478691435461e-05
48194.77976251274,18.21254743049992,-88.99923913975501,157.9824304460932,-9043.924816530034,1.930911648013329e-06,0.0001105377333586053,-0.02986600097759575,3.651431756570528e-10,0.7092790663669143,0.02161154366361419,-0.7089497409314692,7.840742740912666e-05,2.389053366094161e-06,-7.837102204853156e-05
48305.88020397729,18.1728440817251,-89.03312583800738,152.0133136242881,-9007.267823011038,1.873146707922892e-06,0.0001109898446905323,-0.02967653610143201,3.65785979758819e-10,0.709294538173614,0.02121396205326919,-0.7089772279113926,7.872900927819168e-05,2.354669499668744e-06,-7.869378904000571e-05
48417.23675840994,18.14927400408249,-89.010612742506,155.1641040998727,-8984.717119139816,1.921555510902433e-06,0.0001112669247461386,-0.02953415431220566,3.658606685133182e-10,0.7091346935809998,0.02150899474962806,-0.7088084203683523,7.890826389594992e-05,2.393392185156694e-06,-7.887195816588367e-05
48528.8500162121,18.10198830105346,-88.93970995461008,165.4430674740835,-8939.164774499575,2.069693107713358e-06,0.0001118289693546332,-0.02931683442940165,3.668792833034043e-10,0.7090791744252133,0.02240571435654487,-0.708725094495542,7.930236982577865e-05,2.505822072060983e-06,-7.926277004828775e-05
48640.72056914616,18.07623598218921,-88.94794203826969,163.7216098878628,-8915.386161586637,2.059108608245353e-06,0.0001121278272533983,-0.02917160273504765,3.67011753474947e-10,0.7090272868147537,0.02232364991673665,-0.7086757707882257,7.950824122532208e-05,2.503308653441525e-06,-7.946882324867791e-05
48752.84901033863,18.04449750580105,-88.92746809945454,166.3502058907907,-8885.564540684909,2.106207241902146e-06,0.000112502658375222,-0.02900715645381412,3.673965771656728e-10,0.7090120088257413,0.02259784248363199,-0.7086517947301044,7.977280650899932e-05,2.542542712292309e-06,-7.973227787338334e-05
48865.23593428337,18.01780605334332,-88.89565368789327,170.7981371148652,-8860.264588613074,2.174845420602025e-06,0.0001128215224789493,-0.02885803945112027,3.675982544778757e-10,0.7089184297855237,0.02300978500263866,-0.7085449102800081,7.998915824804307e-05,2.596255445617838e-06,-7.994701304546392e-05
48977.88193684462,17.97407573191171,-88.91032802657416,167.7689145137263,-8820.353286432084,2.155670808094262e-06,0.000113333141313758,-0.02866197495356513,3.684123252662691e-10,0.7088171375324427,0.02284658985154291,-0.7084488462774438,8.033998293553778e-05,2.589517862389687e-06,-8.029823942853833e-05
49090.78761526029,17.95519255419357,-88.95686548181787,160.3040221450631,-8803.973911064131,2.06748784413705e-06,0.000113547425683139,-0.02854295143478956,3.682488376591105e-10,0.7089274284543253,0.02229621329660833,-0.7085767267470013,8.050316037106805e-05,2.53187500249194e-06,-8.046333599038545e-05
49203.95356814509,17.90784871458921,-88.91198367514222,166.3649731798708,-8759.854819684286,2.167262225007182e-06,0.0001141159829763127,-0.02833459700325206,3.692523119117478e-10,0.7088178108589547,0.02286936229607273,-0.7084487852054316,8.089489341710675e-05,2.610000196265005e-06,-8.085277781214792e-05
49317.38039549359,17.86639960284224,-88.95278349424846,159.4519224186934,-8723.033674591949,2.094833797116453e-06,0.0001146007240159674,-0.02815060161214942,3.699581359794823e-10,0.7088178077899909,0.02238656274398773,-0.7084642026586226,8.123740669231059e-05,2.565717568166803e-06,-8.119688010910437e-05
49431.06869868354,17.81769821195516,-89.00682141396059,150.4782744999198,-8680.117147974452,1.996604879263276e-06,0.0001151712053305865,-0.02794767718128762,3.70932208364823e-10,0.7088490958668562,0.02174106888455616,-0.7085156078979605,8.164400488135658e-05,2.50409846677722e-06,-8.16055943176426e-05
49545.019080479,17.78860144885826,-88.98096533357369,153.9215992405816,-8653.413263534499,2.054883911891603e-06,0.0001155247852537792,-0.02779761762269909,3.712211285505237e-10,0.7089645248451016,0.02208618482308155,-0.7086204187918956,8.190860625324485e-05,2.551677203743628e-06,-8.18688507418847e-05
49659.2321450336,17.74556383880001,-88.910606646302,163.7913763177354,-8613.439437985402,2.206890629268223e-06,0.0001160556752669587,-0.0276055710965147,3.720861691744576e-10,0.7087579502987847,0.02297149264242986,-0.7083855889538644,8.226286344727587e-05,2.666214554105087e-06,-8.221964486968205e-05
49773.70849789361,17.71811740574796,-88.91866436843388,162.1201744270572,-8589.09909835743,2.196782887658794e-06,0.0001163851814640543,-0.02746425009234698,3.722824112231142e-10,0.7086053793186365,0.02288882591072851,-0.7082356142186985,8.247841226122843e-05,2.664154231309691e-06,-8.243537330154422e-05
49888.44874600122,17.66999771402377,-88.93232627941269,159.2798463838457,-8546.624724782147,2.179820560227818e-06,0.0001169646299804633,-0.02726558163044742,3.73272071393927e-10,0.7084695721392871,0.02273752173697302,-0.7081046107408743,8.28727575001372e-05,2.659706498576062e-06,-8.283006638303497e-05
50003.45349769783,17.6369788768487,-88.93428412924271,158.4450546010446,-8517.454049647866,2.183276944771836e-06,0.0001173653611441091,-0.02711002580295682,3.736890157525532e-10,0.7087060908609137,0.02274289204244144,-0.7083410789195439,8.318436057245386e-05,2.66944641299848e-06,-8.314151730451007e-05
50118.72336272722,17.58900710455791,-88.91631451403947,160.3116831330685,-8474.864392259849,2.231229724076335e-06,0.0001179537820947857,-0.02691242852096962,3.747031757609022e-10,0.7084963208539683,0.02298027784399931,-0.70812353688733,8.357712364519013e-05,2.710847560159206e-06,-8.353314852385835e-05
50234.25895223871,17.55429408155443,-88.87242119610167,166.1903019511903,-8443.554933471807,2.330165655785859e-06,0.0001183876645491367,-0.02675133530301852,3.752276197376348e-10,0.70850484823797,0.02354511404090522,-0.7081135132035751,8.388676907995517e-05,2.787734691474164e-06,-8.384043512508552e-05
50350.06087879047,17.52134412329097,-88.94958920723637,154.3151427269239,-8416.341365541395,2.177789424927651e-06,0.0001187765432384833,-0.02660378771535824,3.755750982740487e-10,0.708720462274274,0.02262039245270596,-0.7083593801818017,8.418574100002019e-05,2.68697547440834e-06,-8.414284966960894e-05
50466.12975635282,17.4682215559343,-88.9068075321498,159.7049163279432,-8369.347160136393,2.279171524824867e-06,0.0001194401410260105,-0.02639439516005573,3.768153178412588e-10,0.7083536872769952,0.02315950055334524,-0.7079749881267238,8.461341689893432e-05,2.766420942939223e-06,-8.45681809812611e-05
50582.4662003114,17.43771487648221,-88.88080450236107,162.9790050902969,-8342.440127521186,2.340883195526615e-06,0.0001198232735153929,-0.02624902824004664,3.77161221125718e-10,0.7083580640392863,0.02350317648437588,-0.7079680413582451,8.488606645069977e-05,2.816502418958282e-06,-8.483932809491492e-05
50699.07082747044,17.37991227071029,-88.89166237222032,160.4400418677748,-8292.951896649745,2.332018292965163e-06,0.0001205392076723943,-0.02603330328610223,3.785393093216184e-10,0.7080807054921652,0.02338213156265331,-0.7076945396241723,8.535946663891023e-05,2.818727107783053e-06,-8.531291415941128e-05
50815.94425605605,17.34308322772672,-88.80452826087522,172.3624213920058,-8259.673420058494,2.525385908899179e-06,0.0001210174624994694,-0.02586920055058084,3.791903317739116e-10,0.7079989276980651,0.02447784216365635,-0.7075756615830007,8.569082708883839e-05,2.962612594871429e-06,-8.563959816452847e-05
50933.08710571953,17.28355004001343,-88.81197713061982,170.2410972779949,-8209.184102638228,2.525094793988585e-06,0.000121762420308043,-0.02565193478208711,3.806450059127145e-10,0.7081985501900624,0.02441510255973127,-0.7077775704685082,8.624236046836026e-05,2.973200206726258e-06,-8.619109478180047e-05
51050.49999754062,17.25220767922515,-88.82340872449865,168.06218664091,-8182.875900170184,2.508851317105436e-06,0.0001221548962927449,-0.02551091856656387,3.809905176873382e-10,0.7080301082785995,0.02429053489308466,-0.707613315408644,8.649937249956802e-05,2.967551805161266e-06,-8.644845330659599e-05
51168.18355403079,17.20294173617787,-88.86148446251224,161.8124645204307,-8142.138346088141,2.439852236354866e-06,0.0001227693707730754,-0.02532553385932956,3.820160891955587e-10,0.7080613186023871,0.02384381170866144,-0.7076597371224062,8.693711602527832e-05,2.927588572544006e-06,-8.688780908702102e-05
51286.13839913649,17.15721070915571,-88.77031136471604,173.9120147338456,-8101.965141671793,2.64818782496137e-06,0.0001233700010851587,-0.02514261828449547,3.830273284149145e-10,0.7077883161494539,0.02498274810095078,-0.707347271695455,8.733159268600732e-05,3.082536305768376e-06,-8.727717371110449e-05
51404.3651582426,17.10470637001468,-88.75622627445024,174.9485488891644,-8057.927824168984,2.693139983562819e-06,0.0001240429128776668,-0.02494844631085916,3.842348552133258e-10,0.7075900886544039,0.02517215147503568,-0.7071422037695565,8.77837709019181e-05,3.122862252628529e-06,-8.772820621163727e-05
51522.86445817565,17.06642289065836,-88.71623519934327,179.8457991219017,-8025.364795987208,2.790954058862715e-06,0.0001245423833115641,-0.02479047876761375,3.849065920973424e-10,0.7076711439578327,0.02569126918947927,-0.707204642715262,8.814865484478359e-05,3.200145773419825e-06,-8.809054670039035e-05
51641.63692720711,17.02132053379519,-88.66099324682858,186.6911086720312,-7987.013618567561,2.92494408877476e-06,0.0001251348735179083,-0.02461526732255079,3.858652835615063e-10,0.7074600426608699,0.02638790421637102,-0.7069677435872075,8.854350231947904e-05,3.302628158900076e-06,-8.848188769597782e-05
51760.68319505676,16.9646032555626,-88.63509914891755,189.1815851206596,-7939.95835631611,2.999134415082584e-06,0.0001258737860006951,-0.02441396717252359,3.872593453913724e-10,0.7073227825625239,0.02672493238480502,-0.7068177252453557,8.904997475348803e-05,3.364594797206598e-06,-8.898638943932643e-05
51880.0038928961,16.91582292115621,-88.60897605464383,191.8247766293582,-7899.641608613887,3.072089878125403e-06,0.0001265134225780029,-0.02423413485590483,3.883405514657802e-10,0.7072947341084221,0.02706887782098519,-0.7067765677716092,8.949988061228617e-05,3.425250064021208e-06,-8.943431271951722e-05
51999.59965335159,16.86042312011662,-88.57488331127884,195.3934698256602,-7854.032207612385,3.165599574877222e-06,0.0001272443804783934,-0.02403880140188529,3.896973510988894e-10,0.7071866279780133,0.02750803202955657,-0.7066514239459041,9.000450206866953e-05,3.500980685661703e-06,-8.993638600070475e-05
52119.47111050806,16.80247688215493,-88.54679525477253,198.0475754862072,-7806.784930297103,3.247474066670593e-06,0.0001280113202243179,-0.02383923675429618,3.91154126775665e-10,0.7071583458117995,0.02787619391407533,-0.7066086921798693,9.054443878473717e-05,3.569263303407572e-06,-9.047406122372292e-05
52239.61889991197,16.77153013897269,-88.43582902241134,212.4367887408221,-7779.653007077482,3.507402122032043e-06,0.0001284446617152857,-0.02370174702055867,3.916155290382351e-10,0.7068173029174301,0.02925344230559469,-0.7062116791846077,9.081172381787022e-05,3.758475510450264e-06,-9.073391342056445e-05
52360.04365857501,16.71771351906854,-88.4720178959184,206.3949887946795,-7737.49781665937,3.444999498917877e-06,0.0001291488531622568,-0.02351909850790222,3.928435185164486e-10,0.7068812509323986,0.02883294222115955,-0.7062929734625879,9.131625699075767e-05,3.724694010760894e-06,-9.124026219453944e-05
52480.74602497726,16.65921108800648,-88.32070398731626,225.3927481726246,-7687.95675865934,3.810175224836616e-06,0.0001299618670474012,-0.02331476613985328,3.944656579782416e-10,0.7065092451554533,0.03070494313179363,-0.7058417102703706,9.184949772026898e-05,3.991785845016269e-06,-9.176271507117269e-05
52601.72663907063,16.60725861471974,-88.22678827377732,236.6774064687528,-7645.0468695314,4.045576913624281e-06,0.0001306784013751441,-0.02313131292826019,3.957673649592375e-10,0.7061655314167512,0.0318694045327664,-0.7054460282798604,9.23154893592856e-05,4.1662181799342e-06,-9.222143027367098e-05
52722.98614228227,16.54630826536187,-88.15929601848073,244.1131368080409,-7595.92003268959,4.226511646446371e-06,0.0001315137927578355,-0.02292981314204763,3.974108753821802e-10,0.706040346469005,0.03271765323173439,-0.7052818769889672,9.289257614861259e-05,4.30460824148696e-06,-9.279278555692307e-05
52844.52517751802,16.48829515307798,-88.11538733339211,248.4261010720097,-7549.898015368976,4.353565594142818e-06,0.0001323088680986464,-0.0227384688375792,3.989137870772066e-10,0.7060934935564901,0.03328377395915246,-0.7053085934779507,9.346348475646778e-05,4.405673651516359e-06,-9.335958987966271e-05
52966.34438916578,16.4332943913077,-87.99112971524701,263.2343614622174,-7504.734050358443,4.668076645212108e-06,0.000133085489122341,-0.02255046170316643,4.003914778419891e-10,0.7057013223035546,0.03481713609256508,-0.7048419137191667,9.396675990108906e-05,4.636031369438637e-06,-9.385232644666035e-05
53088.44442309884,16.37411432526784,-87.88038135142612,275.9893557306639,-7456.912510843168,4.956552776918594e-06,0.0001339203112200033,-0.02235523190029857,4.020324272370356e-10,0.705402550517952,0.0361873710642572,-0.7044737272976825,9.452270542055929e-05,4.84904429752867e-06,-9.43982447369782e-05
53210.82592667943,16.32311371325502,-87.70734753056625,296.8322059218866,-7414.187215151245,5.391236309370582e-06,0.0001346607090516093,-0.0221760238400737,4.034192182505666e-10,0.7050741790689398,0.03832013603109272,-0.7040320768006937,9.501205156580934e-05,5.163818004798921e-06,-9.487162339897703e-05
53333.48954876208,16.26322010153526,-87.58456601760605,310.7172942206004,-7366.064183423286,5.716396655039197e-06,0.0001355165787103884,-0.02198141422664876,4.051208851813208e-10,0.7045935372311455,0.03982488204619668,-0.7034671502479019,9.555911625925862e-05,5.401171501542331e-06,-9.540635223433202e-05
53456.43593969716,16.21674801146359,-87.44888948035951,326.4964004105741,-7327.985937388012,6.068032099260214e-06,0.0001361927844689273,-0.02181748865859398,4.062894117658014e-10,0.7043521462275766,0.041499694905161,-0.7031285239685359,9.60128529995958e-05,5.656977305738064e-06,-9.584605651191059e-05
53579.66575133417,16.15687402106133,-87.24865206378634,349.7862934389996,-7278.567399977655,6.587325662952035e-06,0.0001370731064159333,-0.02162051524752416,4.081071688414577e-10,0.704109947283459,0.04396498606495503,-0.7027360086574642,9.661581937798984e-05,6.032741291322079e-06,-9.642729171034689e-05
53703.17963702527,16.11300262513125,-87.13024714336895,363.0893371462571,-7243.162866056157,6.903463548394972e-06,0.0001377151728384822,-0.02146586443380194,4.091587856688563e-10,0.7035802372906581,0.04540636900002912,-0.7021135321016195,9.700514763886841e-05,6.260340036772727e-06,-9.680292769881828e-05
53826.97825162881,16.05522786490195,-87.05378542048406,370.4894271801457,-7198.650072848563,7.130579948907565e-06,0.0001385479479383284,-0.02128487943957754,4.107419576362135e-10,0.7033379587554872,0.04635079294588101,-0.7018090112128965,9.756470638297002e-05,6.429628101381692e-06,-9.735261585634499e-05
53951.06225151276,16.00585952121253,-86.96083134550352,380.1568973619435,-7160.166573083467,7.394249709579456e-06,0.0001392689701830017,-0.02112239974358683,4.119998006087922e-10,0.7031499681592029,0.04750011292524412,-0.70154373847564,9.805450169203791e-05,6.623906867824527e-06,-9.783051241754922e-05
54075.4322945581,15.93990929615055,-86.85769176436024,390.3060949170525,-7109.571873973703,7.698595449572368e-06,0.0001402328028954137,-0.02092490913149659,4.139774476329776e-10,0.7029222755862182,0.04877064660772128,-0.7012283148481471,9.871067753883014e-05,6.848813500241e-06,-9.847279631356988e-05
54200.08904016238,15.87562096919242,-86.73706989492328,402.4998406522176,-7060.097864197918,8.04887190692794e-06,0.0001411822257301346,-0.02073150604913222,4.159196227750007e-10,0.7026740953858207,0.0502526342421124,-0.7008748512238187,9.935554847005607e-05,7.105538783877802e-06,-9.910114192266642e-05
54325.0331492433,15.80120037977929,-86.5664123316491,420.1430242267371,-7002.471015342134,8.537562650794963e-06,0.0001422944843934761,-0.02051499670304292,4.18377973285523e-10,0.7022440012672387,0.05233156512505237,-0.7002913997811083,0.0001000943876729077,7.459082537842362e-06,-9.981607351177461e-05
54450.26528424212,15.7278175939788,-86.39409777281092,437.7203136325041,-6945.947120150819,9.036754149244417e-06,0.000143399368280527,-0.02030259747782797,4.20812526305762e-10,0.7015774839572083,0.05440939169479207,-0.6994644980920258,0.0001007944514572081,7.816905353153323e-06,-0.0001004908823488944
54575.7861091271,15.66033217369802,-86.17858295637407,460.4123196168732,-6892.876404410676,9.647451517693872e-06,0.0001444329095805781,-0.02010113697107121,4.230772184343006e-10,0.7013206448936126,0.05704279196974158,-0.6989969719807729,0.0001015084840211588,8.256319529936508e-06,-0.0001011721578108001
54701.59628939716,15.5867707035241,-85.95564522313695,483.3146766371826,-6835.672226123515,1.029204846135628e-05,0.0001455636942513613,-0.01988846940385196,4.25636537624738e-10,0.7007355945983528,0.05973599851917102,-0.6981847778475442,0.0001022451613252013,8.71615036055853e-06,-0.0001018729686291146
54827.69649208536,15.51269608594246,-85.70516042533143,509.0081597357073,-6777.756284670436,1.101819151240444e-05,0.0001467139874686431,-0.01967460763071045,4.282863008290498e-10,0.7000810222914758,0.06275280725737326,-0.6972628793747713,0.0001029896397952429,9.23163006822142e-06,-0.0001025750598900015
54954.08738576245,15.44178512883204,-85.41302768499887,539.2407195420202,-6721.248761881495,1.186031603938421e-05,0.0001478303318097669,-0.01946570337333752,4.308937176062393e-10,0.6994137802034496,0.06626764645517164,-0.6962673588297613,0.0001037153899142582,9.826764907032691e-06,-0.0001032488101458245
55080.76964054035,15.36014456830585,-85.15627913191497,564.2614812866098,-6658.671532560883,1.263565301290008e-05,0.0001491093505451929,-0.01924011766263247,4.339428526818701e-10,0.6986955797608384,0.06933953671446748,-0.695246389293434,0.0001045438879024335,1.037508317422773e-05,-0.0001040277950688394
55207.74392807573,15.28867293938916,-84.78202700519608,602.7478077767548,-6600.144622408184,1.372213709360406e-05,0.0001502586789661842,-0.01902714306069393,4.367839583123494e-10,0.6979802381881453,0.07382746993502756,-0.6940647790978682,0.0001053023274879245,1.113814402093084e-05,-0.0001047116131197639
55335.01092157365,15.19967828553538,-84.42153822099525,637.843597116547,-6530.509037793814,1.481483203963361e-05,0.0001516804354007598,-0.018783095493453,4.404261498114105e-10,0.6969325604251319,0.07809925467294324,-0.6925427786066799,0.0001062022175331134,1.190117165553346e-05,-0.0001055332796902298
55462.57129579107,15.11749839126566,-83.98124025602972,681.4811550277014,-6463.501932579718,1.613306356008067e-05,0.0001530138973465439,-0.01854761252895872,4.439685930837975e-10,0.695916407716631,0.0833210002063331,-0.6909104554526849,0.0001070631244985093,1.281850308386941e-05,-0.0001062929847453355
55590.42572704037,15.02885685750585,-83.49550808341168,728.6902682871782,-6391.177525220254,1.761051304310672e-05,0.0001544578266885058,-0.01829789000557785,4.479600151884709e-10,0.6947418959716124,0.08904848598189312,-0.6890113708514275,0.0001079913884292326,1.38417874241726e-05,-0.0001071006297636826
55718.57489319298,14.95734149378386,-82.85482520939945,792.9423779326362,-6325.456099409183,1.951130420382921e-05,0.0001556454814602233,-0.01806807886708424,4.515733312421872e-10,0.6934909333073976,0.09659684492416484,-0.6867304595911429,0.0001087712234429093,1.515082101076161e-05,-0.0001077108707232802
55847.01947368306,14.88146807184527,-82.19659973766225,857.3673876740894,-6256.173296207225,2.150149342397579e-05,0.0001568954813555218,-0.01782907869237503,4.555241028437817e-10,0.6918845815545006,0.1042612942405206,-0.68398381319746,0.0001095557431434886,1.650914599940742e-05,-0.0001083047042103541
55975.76014951101,14.82633103035005,-81.44145807538602,932.5729239107568,-6196.673564951815,2.374865299253809e-05,0.0001578028338898647,-0.01761889835805247,4.588402557109158e-10,0.6904382452398049,0.1130535722707686,-0.6811195638701322,0.0001101674674539609,1.803901482799242e-05,-0.0001086805632542222
56104.79760324706,14.79127393591681,-80.60938070458079,1016.525387478688,-6146.577358049697,2.61898354526986e-05,0.0001583608747872807,-0.01743626590631735,4.615160190409005e-10,0.6887265080814918,0.1226516786192502,-0.6777173220938103,0.0001105361352663045,1.968479850770111e-05,-0.0001087692323560389
56234.13251903491,14.76846076092671,-79.73454449636048,1105.060509211695,-6101.664523108034,2.873909754560898e-05,0.0001586848235534862,-0.01726905042257709,4.638438531557775e-10,0.6871528058156485,0.1327045592793921,-0.6742169372589069,0.000110801804999579,2.139830409682571e-05,-0.0001087159260317663
56363.76558259543,14.76170569036097,-78.91016280201944,1189.27665817652,-6067.490256857105,3.110942874818882e-05,0.0001587150933538372,-0.01713283448256537,4.653835670295397e-10,0.6853923216172164,0.1420498896752364,-0.670510599002798,0.0001108392432370063,2.297181012526233e-05,-0.0001084326232317614
56493.69748123025,14.7571617344306,-78.08870923359528,1272.746640624402,-6033.722568476383,3.347070289037429e-05,0.0001586748917391305,-0.01699829918792618,4.669117403563399e-10,0.683984067080851,0.1513599194627725,-0.6670265203128621,0.0001109064837916218,2.454267177047394e-05,-0.0001081568555820113
56623.92890382535,14.76272489740067,-77.29006984599609,1354.618220116296,-6006.061329855544,3.573458587481135e-05,0.0001584388214877848,-0.01688145573196026,4.679833145430129e-10,0.6824879405835017,0.1603144511165991,-0.6633920905505981,0.000110835831531554,2.603501752842907e-05,-0.0001077346713624978
56754.46054085471,14.77268066038324,-76.46915195251948,1438.877951842195,-5979.174427829576,3.80445225058816e-05,0.0001580918213354496,-0.01676723127537635,4.690065506212701e-10,0.680964213053027,0.169446697277349,-0.6595453557115892,0.0001107152452258975,2.754966014685303e-05,-0.0001072328389590779
56885.29308438413,14.76960405790306,-75.63187494444379,1522.239226787335,-5942.45292437015,4.045285369299466e-05,0.0001579181343489565,-0.01662592747129621,4.70819434836582e-10,0.6795475315455394,0.1787169739420169,-0.6556257246742567,0.0001107648028710723,2.913048678637646e-05,-0.0001068655992106733
57016.42722807475,14.78224308409099,-74.69318266416067,1617.521450244244,-5909.89971514649,4.308416864801752e-05,0.0001574156039672885,-0.01649682027743408,4.723240070304498e-10,0.6778072328280658,0.1889717039809294,-0.6509319011759861,0.0001106085271292108,3.083750192398706e-05,-0.0001062228541735791
57147.86366718671,14.7943836658389,-73.67095622947252,1720.282021179687,-5871.854861681554,4.595009709936774e-05,0.0001568419001802028,-0.01635292496316691,4.742909297111682e-10,0.6760957788200989,0.2000709393349857,-0.6458150829548444,0.0001104841438648774,3.269457839722661e-05,-0.0001055358260922921
57279.60309858293,14.82644024344511,-72.52066474164315,1838.498096833372,-5838.312494717679,4.907114891484658e-05,0.0001558297516506303,-0.01622211472468254,4.7591872762554e-10,0.6741121770809884,0.2123932103137108,-0.6397783612326269,0.0001101188819941339,3.469526832190849e-05,-0.0001045103178050319
57411.64622073274,14.89308677349969,-71.26488903624623,1973.448523180756,-5818.558992805564,5.227660505563922e-05,0.0001541334911384329,-0.01613004479642295,4.764361316169235e-10,0.6722296478755233,0.2257537857482461,-0.6331886983381692,0.0001093972261216385,3.673869194161148e-05,-0.0001030437848563817
57543.9937337157,14.98666896657163,-69.88282774079813,2126.728671753513,-5806.16656005232,5.562322432832517e-05,0.0001518565623094402,-0.01605867178290344,4.763549049859898e-10,0.6702721105767339,0.2402807745386228,-0.6257234625648209,0.0001083854054053989,3.88542634379988e-05,-0.0001011817291687747
57676.64633922509,15.11726306450718,-68.48837696238425,2291.027188253881,-5812.653128964856,5.869049933064208e-05,0.0001489059214678172,-0.01603963712647719,4.747289584854372e-10,0.6687876131647362,0.2548932183339875,-0.6183092420220864,0.0001070297176953824,4.079194749385147e-05,-9.895138952845547e-05
57809.60474057181,15.29655168530012,-67.11946174172785,2467.790587802806,-5847.618923370647,6.125885060682939e-05,0.0001451575412447659,-0.01609901090223126,4.708050025455786e-10,0.6676415951906585,0.2691517143163971,-0.6109849869753525,0.0001051770031046877,4.240084934223372e-05,-9.625159716669993e-05
57942.86964268809,15.51038883142983,-65.79656521450624,2653.954094791844,-5904.368984851983,6.333256691434261e-05,0.0001408987610426006,-0.01621786279437841,4.65207428922946e-10,0.6667077458399641,0.2828113056788877,-0.6037524192441872,0.0001029791337890195,4.368280324666318e-05,-9.325510547122923e-05
58076.44175213121,15.77312531741587,-64.65431456578622,2842.871758206968,-6001.750964630069,6.445992295173293e-05,0.0001360850708930845,-0.01644743211549068,4.566065747789856e-10,0.6662036247657185,0.2945893747879949,-0.5975318986573023,0.0001003043791908917,4.435371297286772e-05,-8.996508561875908e-05
58210.32177708716,16.07034302073104,-63.74197709194476,3027.455479997438,-6136.905945355714,6.465178066077204e-05,0.0001310545769331218,-0.01677913618539488,4.45523548885525e-10,0.6666186300492756,0.3042771457506911,-0.5931237783992357,9.740364513424598e-05,4.445975823533581e-05,-8.666487167874658e-05
58344.51042737448,16.39483081316934,-63.21202554605275,3190.385862950321,-6319.185753998642,6.36667964738361e-05,0.0001261045937898393,-0.01723777681392446,4.316770994836311e-10,0.6675488923542794,0.31020374938204,-0.5910965721037044,9.428967209303127e-05,4.381553193520763e-05,-8.349096612595977e-05
58479.00841444806,16.71908669306129,-63.04406249923452,3322.258671945454,-6532.714650178664,6.185116183716472e-05,0.0001216208703061672,-0.01777926569849123,4.16606885090291e-10,0.6690163196442395,0.3126423916322797,-0.5914706847382813,9.127247460046078e-05,4.265313701832994e-05,-8.069308844124961e-05
58613.81645140288,17.02829924620581,-63.23407548369796,3414.240824301511,-6769.048186639003,5.940180647733783e-05,0.0001177695748807542,-0.01838009438993018,4.011368187152748e-10,0.6709467997573099,0.3115972472117166,-0.594202628431292,8.848843032112155e-05,4.109528700057991e-05,-7.836695532580012e-05
58748.93525297769,17.32577226869736,-63.76071930512862,3465.194804528175,-7030.035267288682,5.640978115332046e-05,0.0001144416903804852,-0.01904485346128273,3.853564459306989e-10,0.6731094543030146,0.3071310074743308,-0.5989548244399611,8.587059548748172e-05,3.918162541900411e-05,-7.641046655334311e-05
58884.3655355589,17.58787967223297,-64.67086111420477,3455.586936494238,-7300.738504871585,5.296579122113012e-05,0.0001119026661795979,-0.01973271870561248,3.702144265040698e-10,0.6755141454647635,0.2986635239296621,-0.6059038374172141,8.362120470926132e-05,3.697125195880059e-05,-7.500421591902065e-05
59020.10801718442,17.80584802011192,-65.82919944911643,3393.521720900095,-7561.231916896458,4.940471351576249e-05,0.000110080479043295,-0.02038978707202454,3.566379647819687e-10,0.6778914764532323,0.2873841303373605,-0.613960271905424,8.178317147319456e-05,3.467101509083031e-05,-7.407028991967941e-05
59156.1634175474,17.99226171167689,-67.05798030594984,3303.785201634467,-7805.180985452384,4.599076012035904e-05,0.0001086530099536551,-0.02099921738996914,3.446967223147622e-10,0.6802527455869133,0.2751296756928198,-0.622131384380902,8.024987041640002e-05,3.245723147064312e-05,-7.339325464312159e-05
59292.532458,18.11992617113322,-68.56684331951428,3148.675141629295,-8020.805937542794,4.240783677656807e-05,0.0001080279843794344,-0.02152970803608376,3.346587024638093e-10,0.682397834736023,0.2594914263645903,-0.6311346960005313,7.918467913505283e-05,3.011109398218696e-05,-7.323616203022367e-05
59429.21586155727,18.20740440567997,-70.13387979532902,2964.244836040541,-8203.789543241606,3.895764604408265e-05,0.0001078184653844774,-0.02197023196358712,3.264416926108261e-10,0.6847562861556707,0.2429954936086343,-0.6401908789693922,7.849093055393189e-05,2.785362149916463e-05,-7.338257251284826e-05
59566.21435290104,18.24059582524675,-71.61371257434385,2768.602979673597,-8329.38279806673,3.593545086289586e-05,0.0001081123326297457,-0.02225527439704348,3.207800198938591e-10,0.6866338243738317,0.2270261399698331,-0.6480163119433273,7.821684176379693e-05,2.586133545410408e-05,-7.381778690825908e-05
59703.52865838369,18.23870802133575,-73.02416842709144,2568.773999500413,-8414.774639834543,3.318527955175242e-05,0.00010870814203282,-0.02243172236262672,3.167945067170626e-10,0.6887366752210399,0.2116771880387665,-0.6554013853040996,7.827203354194038e-05,2.40562243282842e-05,-7.448361770119592e-05
59841.15950603199,18.20398345705178,-74.33753595004808,2372.095263538814,-8460.269911320376,3.072542743255709e-05,0.0001095847258816749,-0.02250113111766396,3.143662488428963e-10,0.6901958480909718,0.197040484714916,-0.6614721128704723,7.854139328166707e-05,2.242238090131878e-05,-7.527275266217963e-05
59979.10762555094,18.16307955362448,-75.65821265268418,2172.273700939162,-8496.274863397644,2.824602716930009e-05,0.0001104768752324422,-0.02254491932122559,3.123140899982281e-10,0.6918929110916373,0.1822141738344214,-0.6674681979485612,7.888662733114484e-05,2.0775269402673e-05,-7.61018275268688e-05
60117.37374832779,18.08855748937576,-76.7365986335934,2000.093678440631,-8485.197745797112,2.631738377292392e-05,0.0001116488731864766,-0.02246374184623097,3.120025645119872e-10,0.6930390089524826,0.1699260041511624,-0.6718840830404144,7.948710864763694e-05,1.94894177377371e-05,-7.706077495980181e-05
60255.95860743578,18.00805127451411,-77.7617021119793,1835.775318912386,-8463.404716872021,2.447723583191362e-05,0.0001128464638682145,-0.02235451442824149,3.120865285843255e-10,0.6941524731438341,0.1581574117932301,-0.6758948801896402,8.014360344305939e-05,1.826011630403116e-05,-7.803566700811634e-05
60394.862937638,17.89680315837625,-78.75970295708278,1671.483510366686,-8410.558645037483,2.27315753473498e-05,0.0001143805765161465,-0.02216383840301402,3.133251730724813e-10,0.6951402845035402,0.1465947557882082,-0.6795071689946018,8.105475147318313e-05,1.709324256206975e-05,-7.923189884821472e-05
60534.08747539136,17.80468494509705,-79.66859228966416,1525.644623009179,-8368.999758437594,2.108183072173486e-05,0.0001156454350880374,-0.02200359724315163,3.141568808411676e-10,0.696295279121564,0.136048952540395,-0.682874657781088,8.18394978970145e-05,1.599059809707083e-05,-8.026209683613676e-05
60673.63295885053,17.69916485146287,-80.28570575504126,1421.246224807306,-8302.161064686747,2.003283972648127e-05,0.0001170211460120867,-0.02177766366299687,3.159577242426601e-10,0.6968490281389954,0.1288143211094768,-0.6848397175218206,8.272124522825878e-05,1.52912332731033e-05,-8.129564931225574e-05
60813.5001278718,17.5879256130151,-80.97906210191238,1307.103455091988,-8233.252441690582,1.880860651019721e-05,0.0001184726464241351,-0.02154723574639166,3.178693837990177e-10,0.6974370494100298,0.120645228101055,-0.6869229700819538,8.365075077782179e-05,1.447021479135903e-05,-8.23896898257615e-05
60953.68972401693,17.47227949433929,-81.56201968064492,1209.917805996222,-8156.132219823901,1.77964698061707e-05,0.0001199671250938556,-0.02129631143206373,3.201370023846372e-10,0.6981018451894225,0.1137843729730038,-0.6887665081317592,8.465429799952896e-05,1.379789536974019e-05,-8.352226202132432e-05
61094.2024905572,17.37751927750671,-82.00442727709375,1136.590907349547,-8091.80129601209,1.702271150667901e-05,0.0001211908331666983,-0.02107974443199878,3.219399868952587e-10,0.6987362546761914,0.1085874833471535,-0.6902471383926507,8.550007919498955e-05,1.328718577808552e-05,-8.446131798905417e-05
61235.03917247734,17.26620368419438,-82.51709591117714,1052.932083003297,-8016.295672269905,1.610735081583965e-05,0.000122630213972067,-0.02083501698977207,3.242249293926501e-10,0.6992032825652895,0.1025017894234344,-0.6916491983043644,8.646812146316739e-05,1.267605201385753e-05,-8.553393323536015e-05
61376.20051647942,17.16456138270722,-82.91626255509082,987.3512952769842,-7945.315507818018,1.540259923261857e-05,0.0001239462703184068,-0.02060303874878022,3.263690624991165e-10,0.699474957767912,0.09774511500768661,-0.6926118025536068,8.735217853843794e-05,1.220665392319107e-05,-8.649509058559673e-05
61517.68727098683,17.05373921802703,-83.26863611700915,928.3756622046311,-7865.7242962582,1.479919436161847e-05,0.0001253871545693015,-0.02034973937223942,3.289132824521223e-10,0.6997751182206059,0.09355026921765602,-0.6934937369652066,8.83396750064327e-05,1.180979455295052e-05,-8.75467128615304e-05
61659.50018614822,16.95030185993,-83.56420783490627,878.8314239639237,-7791.019542873342,1.429637401509467e-05,0.0001267402670257743,-0.02011010903802967,3.313033580914713e-10,0.6999820631477417,0.09002468569819118,-0.6941688877308684,8.926617676932769e-05,1.148052204509382e-05,-8.852484356713076e-05
61801.64001384158,16.83931463572731,-83.8895278143651,825.5888876841744,-7711.889438873109,1.372439767611149e-05,0.0001282006566127473,-0.01986007692514217,3.339329983273783e-10,0.7001045496618877,0.08612354283679391,-0.6947871010795419,9.025415631563229e-05,1.11026384579303e-05,-8.956865607744193e-05
61944.10750767815,16.74438160834835,-84.08636313884531,791.595041233557,-7642.317010368417,1.34096757020634e-05,0.0001294613879360653,-0.01963564538765279,3.361979670472313e-10,0.7002860739615647,0.08378459023248724,-0.6952558721967592,9.113231436914001e-05,1.090337777697358e-05,-9.047770485223617e-05
62086.90342300637,16.62967231790774,-84.27063848731261,758.2545178445916,-7557.540564897019,1.314329209019813e-05,0.0001309995005507121,-0.01937316683884044,3.391873483268563e-10,0.7006365861507415,0.08161570121548266,-0.695866728022019,9.223089282096415e-05,1.074378520920328e-05,-9.16029948742435e-05
62230.02851691595,16.52976131381721,-84.46782167783525,725.0273066681096,-7485.628436028658,1.281866143632456e-05,0.0001323477552873743,-0.01914469262085207,3.416582132828485e-10,0.7003976323414107,0.07922025840440793,-0.6959030062068943,9.311669844060237e-05,1.053220138333369e-05,-9.251914538353121e-05
62373.48354824191,16.42347250310849,-84.59313097965783,701.108989195151,-7407.479621164755,1.266401298264766e-05,0.0001338000504013182,-0.01890125307253392,3.44468620863374e-10,0.7005030374094396,0.07773673071788846,-0.6961763469963234,9.413288928335357e-05,1.044618320711118e-05,-9.355147300409315e-05
62517.26927756858,16.32771439466885,-84.74281439346724,675.2794052010951,-7338.911483592351,1.243250753623079e-05,0.0001351160299347815,-0.01868322230041307,3.468873654976117e-10,0.700489481745014,0.07594327801875315,-0.6963606339815346,9.503364964274668e-05,1.030303389849188e-05,-9.447349923077293e-05
62661.38646723355,16.22366541790201,-84.7894335079836,662.2357156879482,-7261.907553906072,1.245415975564103e-05,0.0001365691319035702,-0.01844466821819993,3.49759416481949e-10,0.7004764834207288,0.07540233786926266,-0.6964063406297505,9.604668215371963e-05,1.033888296093815e-05,-9.548859959103845e-05
62805.8358813318,16.13435953546929,-84.78067418959792,657.2562567916542,-7195.141438628223,1.259062250969666e-05,0.0001378325559042347,-0.01823305605496115,3.521930618122236e-10,0.7003308876663553,0.07552024670907305,-0.6962471145768189,9.691636626122455e-05,1.045098541145807e-05,-9.635122704568591e-05
62950.61828571976,16.03842358701778,-84.77208410709453,651.8522788565537,-7124.192366760691,1.273670682826142e-05,0.0001392013996219176,-0.01801174415096611,3.548824264649275e-10,0.6998850646640922,0.07560367224390054,-0.6957896151015027,9.781783007303508e-05,1.056657376736664e-05,-9.724543896253419e-05
63095.73444801933,15.95621939194002,-84.77777615293954,645.6710334330912,-7064.370925280976,1.283073233324668e-05,0.0001403827146513042,-0.01781942253987707,3.570644697466083e-10,0.7000365957292651,0.07557815446428344,-0.6959448095416702,9.866834468111655e-05,1.065254508198397e-05,-9.809161801799336e-05
63241.18513762197,15.87316676411478,-84.77191161883701,640.8915073527153,-7004.16805241205,1.295538733252252e-05,0.0001415866945029406,-0.01762693038344962,3.593052591272173e-10,0.6995951657642977,0.07562898175256752,-0.6954952574100308,9.945267729132682e-05,1.075122454268621e-05,-9.8869844701231e-05
63386.9711256927,15.79511453803566,-84.60801908175455,655.3852269900602,-6943.624061903538,1.347324862001007e-05,0.0001427453190233862,-0.01743437291288772,3.61604588053259e-10,0.699187435812242,0.07760020781274853,-0.6948678134329695,0.0001002346546003977,1.112467076584979e-05,-9.961539882574614e-05
63533.09318517436,15.72952427106772,-84.53582359337274,659.5596677132094,-6894.972992159487,1.37477943892325e-05,0.0001437181132439057,-0.01727240055806653,3.633185416485315e-10,0.6988578436126709,0.07846610185307488,-0.6944388788359529,0.000100882181264317,1.132681214440725e-05,-0.0001002442907266635
63679.55209079159,15.6647566515853,-84.40256825791451,670.8971652989469,-6845.498132012136,1.418059028982855e-05,0.0001446916298962087,-0.01710902212507262,3.651027258170795e-10,0.6985661074194615,0.08007497144354496,-0.6939615301898903,0.0001015459352509529,1.163996904382537e-05,-0.0001008765983102598
63826.34861905489,15.59262606758467,-84.31100941422369,676.6552477301989,-6792.417437216039,1.452212031803974e-05,0.0001457763072177237,-0.01693731247464433,3.671096184931037e-10,0.6983011069697866,0.08118049758562985,-0.6935662641788303,0.000102284441756199,1.189100488909274e-05,-0.0001015909003213616
63973.48354826482,15.53908418962441,-84.19874003885276,685.9922998245144,-6751.991520536822,1.48934579509571e-05,0.0001465912982143659,-0.01679778506038765,3.684582146645998e-10,0.6978906875841242,0.08251836533765206,-0.6929950441371449,0.0001028160269805239,1.215693321014843e-05,-0.0001020947813503893
64120.95765851615,15.48445841911022,-84.14166307760236,688.750557758836,-6712.636092678704,1.512611819038588e-05,0.0001474207545287546,-0.01666146692656251,3.697660448284445e-10,0.6976695685596127,0.08320987386550217,-0.6926896446356358,0.000103375472453137,1.232941841131377e-05,-0.0001026375844734669
64268.77173170198,15.44485789426872,-83.93229815838441,710.0082473154235,-6679.346591072325,1.573677176668875e-05,0.0001480424392980603,-0.0165407086202145,3.707542619244342e-10,0.6972157768385492,0.08571230394319014,-0.691927193009013,0.0001037834244344651,1.275862755103986e-05,-0.0001029961970674557
64416.92655151775,15.40199523158505,-83.84303343871679,717.0920216254556,-6647.441682270623,1.604135748759568e-05,0.0001487033535271202,-0.01642383856675241,3.716769217929901e-10,0.6967921350216547,0.08676510050815971,-0.6913690018809383,0.000104200719099092,1.297515487222636e-05,-0.0001033897249092462
64565.42290346557,15.38367672997991,-83.71235063929396,730.6323899105312,-6631.090174394812,1.641679418490825e-05,0.0001489959165756906,-0.01634575802161106,3.717364933365496e-10,0.6968205209906423,0.0883730738892452,-0.691193922343821,0.0001044358745566918,1.324490163660149e-05,-0.0001035925889002578
64714.26157485831,15.35040930257031,-83.69510601801568,730.1004544190819,-6607.992290111834,1.651862976180538e-05,0.000149506793823424,-0.01625135806684409,3.721779196916598e-10,0.6964441996453835,0.08856100715201758,-0.6907904683997306,0.0001047407746227018,1.331901176747841e-05,-0.0001038904894304641
64863.44335482384,15.33532457559025,-83.81385460087981,715.5107455585554,-6601.254988348574,1.622895701850141e-05,0.000149727288009415,-0.01619744971383135,3.717009088226723e-10,0.6966815951471338,0.08718664124777904,-0.6912045533738084,0.0001049071314898169,1.31286666696062e-05,-0.0001040823921174956
65012.96903430906,15.29683301123762,-83.91442753298155,701.3325976051817,-6578.210657005286,1.602506657798922e-05,0.0001503085185295957,-0.01610378295766911,3.721451425141972e-10,0.6967635326710485,0.08601122520429451,-0.691434371143853,0.0001053068115974284,1.29994861429248e-05,-0.0001045013776408531
65162.83940608428,15.24734355255232,-84.10496564751845,676.3523981302781,-6550.479098040425,1.559629264599411e-05,0.0001510502354496383,-0.0159990132040798,3.728610913945862e-10,0.6970671228627143,0.08377583629954093,-0.6920145829593586,0.0001058355581501848,1.271966802543729e-05,-0.0001050684320539896
65313.05526474724,15.18422580976793,-84.40317180556796,638.6148660258575,-6516.81291491212,1.489422392891532e-05,0.0001519896827043459,-0.01588017869335822,3.739253236426598e-10,0.6973607331256165,0.08023485209780661,-0.6927296446770128,0.0001064827947484016,1.225137992686509e-05,-0.0001057756553622705
65463.61740672747,15.12487118753922,-84.60975667286957,611.7288331829554,-6483.198342184766,1.442550067036665e-05,0.0001528837238955767,-0.01576193165118078,3.749996162944211e-10,0.6977332796585768,0.07780633818699442,-0.6933814990905401,0.0001071291410449345,1.194629297588204e-05,-0.0001064609738127538
65614.52663029054,15.04428155064505,-84.72114327073254,594.398058245328,-6433.226662955452,1.424058759197447e-05,0.000154127232621327,-0.01560446864471123,3.770433438889917e-10,0.6975922426059114,0.07647099484136302,-0.6933881480757491,0.0001079589882956259,1.183460871954889e-05,-0.0001073083649594489
65765.78373554205,14.95263580969191,-84.94102168903414,564.7469619604443,-6379.44726727636,1.376884670039267e-05,0.0001555344913259036,-0.01543843179705624,3.793473719964112e-10,0.6977726422308139,0.07385689669850228,-0.6938528799794941,0.0001089349790310322,1.153040260711036e-05,-0.0001083230329717986
65917.38952443213,14.85025980592448,-84.99200214108667,553.3613758100482,-6314.796907803649,1.377107688794984e-05,0.0001571514701795941,-0.01524682864035224,3.823496914083767e-10,0.6976134086222954,0.07325116029554256,-0.693756971428017,0.000110033675367817,1.15538123158977e-05,-0.000109425404435712
66069.34480075957,14.76037007815829,-85.02446554872054,544.8387356607988,-6258.312732247494,1.380620363618489e-05,0.0001585855306259465,-0.01507569675097917,3.849132580411236e-10,0.6974953544282791,0.07287418350716092,-0.6936779676674151,0.0001110134044033857,1.159865962244034e-05,-0.0001104058288868501
66221.65037017618,14.6764602186847,-85.04088206289875,538.469596771326,-6205.731628312675,1.387770520740179e-05,0.0001599371898624506,-0.01491465190955873,3.872818474838601e-10,0.6973161972671418,0.07268526054741561,-0.6935176507272628,0.0001119279687961271,1.166689316320698e-05,-0.0001113182545800334
66374.30704019091,14.58083854170273,-85.02950446270808,534.4842379151619,-6145.630632275831,1.404524958797162e-05,0.0001614957186436224,-0.01473623661263094,3.901698234539068e-10,0.6970138120678593,0.07281995041151239,-0.6931994727604991,0.0001129715213953503,1.180260770086663e-05,-0.0001123532958921969
66527.31562017412,14.49075642691662,-84.92857694588822,540.2099690621387,-6087.22199224518,1.446496400693557e-05,0.0001629948576715822,-0.01456261177430895,3.930076385859882e-10,0.6967107294495846,0.07403732642786157,-0.6927656998044768,0.0001139881939013335,1.211317805807683e-05,-0.000113342751273389
66680.67692136219,14.39864051274841,-84.87449430793966,540.813040832277,-6029.376617369642,1.475782050195852e-05,0.0001645309028068401,-0.01439105205168734,3.95865559239664e-10,0.6962904972615435,0.07467480505824239,-0.6922746059666214,0.000115002603279006,1.233364093697285e-05,-0.0001143393198431155
66834.39175686146,14.3280686856905,-84.79705688893775,544.9416724668434,-5984.495104539956,1.50906791075415e-05,0.0001657243330913739,-0.01425107572253771,3.979171116994007e-10,0.6960585047869744,0.07561387935584794,-0.6919392916542879,0.0001158122424385599,1.258085759667505e-05,-0.0001151268757535788
66988.46094165267,14.24490847479424,-84.72200069380511,548.0420786891058,-5932.480553405226,1.544012077475772e-05,0.0001671371958474016,-0.01409472006967549,4.004827443860244e-10,0.6955911403147416,0.07649760226218164,-0.6913719341515822,0.0001167350985795974,1.283793686207385e-05,-0.0001160270253756155
67142.88529259522,14.15932373503215,-84.60845063173059,554.8047430405384,-5878.475105562648,1.591327217833995e-05,0.000168610264280994,-0.01393428904366919,4.032324256031307e-10,0.6950694130945654,0.07783800320595452,-0.6906972812140884,0.0001176973084545063,1.318044399627129e-05,-0.0001169569677851489
67297.66562843176,14.08555857826911,-84.52353212645558,559.2034118753115,-5832.657881241601,1.628782286751923e-05,0.0001698868361655957,-0.01379388608051982,4.054652396928603e-10,0.694596330360182,0.07883675150757337,-0.6901078385017548,0.000118524316340147,1.345252150996512e-05,-0.0001177584104381643
67452.80276979219,14.0097199083715,-84.44286425316986,562.9627564760874,-5786.107176425043,1.665769225478313e-05,0.0001712070498258165,-0.01365232459695421,4.077872640096724e-10,0.6942234751574262,0.07979431697604243,-0.689622433247339,0.0001193974114658455,1.372358503789315e-05,-0.0001186060920798427
67608.29753919819,13.94011966009701,-84.34884670321243,568.3009179438621,-5743.179716561192,1.706246635140363e-05,0.000172431202501716,-0.01351987069968549,4.098903794823427e-10,0.6939273231078845,0.08092021527473083,-0.6891930415461009,0.0001202190833598828,1.401898121267678e-05,-0.0001193988951776735
67764.15076106749,13.86093711563645,-84.22961510940978,575.4424932927925,-5694.399754211682,1.756683535771538e-05,0.0001738359334063877,-0.0133742083187849,4.124508279387166e-10,0.6932439407257531,0.08230208306167086,-0.6883411425134207,0.0001211042121535811,1.437752044013211e-05,-0.00012024773223364
67920.36326171843,13.7783330933611,-84.16277204144234,577.1545387108458,-5645.493174149826,1.792143783412544e-05,0.0001753002847200938,-0.01322884775211325,4.150670372096472e-10,0.6929318167867417,0.0830966470658159,-0.6879312828777259,0.000122083761150939,1.464033107885002e-05,-0.0001212027451944104
68076.93586937414,13.71362790569334,-84.11610503423131,577.8996234960449,-5607.634331761529,1.818464934593521e-05,0.0001764542834730001,-0.01310991324086852,4.169082081555053e-10,0.692753122490077,0.08366441393045138,-0.68768245183473,0.0001228659223255116,1.483862728245665e-05,-0.0001219665938249936
68233.86941416697,13.62403055698051,-84.07398989576872,576.7346581709671,-5556.275947441105,1.848222680883089e-05,0.0001780582297563538,-0.0129599682651773,4.197940948796991e-10,0.6923732189326272,0.08415281339410913,-0.6872401169118286,0.0001239240900186209,1.506205112677324e-05,-0.0001230053442042163
68391.16472814293,13.54689707318449,-84.04180685263476,575.3281734496062,-5512.571764851359,1.872846597237846e-05,0.0001794489084365275,-0.01282845597106605,4.221491073816472e-10,0.6919153425084639,0.08451206285942101,-0.6867347030912666,0.0001248165741487288,1.52453710913715e-05,-0.0001238820238876952
68548.82264526613,13.46305407452457,-84.01035165205232,573.4579643666948,-5465.586826907889,1.89877353673762e-05,0.0001809707471956625,-0.01268986288651319,4.247988513012445e-10,0.6916141875099876,0.08488131643373069,-0.6863857126176048,0.0001258274392509135,1.544271196280018e-05,-0.0001248762071640403
68706.84400142322,13.35590353972778,-83.96585365476254,571.4586174616051,-5406.071266313856,1.933728009445604e-05,0.0001829331312766937,-0.01252281307991806,4.284877052694717e-10,0.6910499376974308,0.08537391756461284,-0.6857560138936397,0.0001270983942700954,1.570203142071728e-05,-0.0001261247320524385
68865.22963442763,13.26351994053987,-83.96297346256111,566.4659822184087,-5356.264656276488,1.952627032464886e-05,0.0001846322195716456,-0.01237890298311935,4.314774505950538e-10,0.6907010850500281,0.08539456577085371,-0.6854018945305692,0.0001282147104612876,1.585177692964585e-05,-0.0001272310227375563
69023.98038402418,13.15059031666709,-83.95425052678492,560.9023537721367,-5295.948117839484,1.977676904051251e-05,0.0001867290127643093,-0.01221135490336718,4.35387954665467e-10,0.6902911804583882,0.08547751371544793,-0.6849784729958019,0.0001295958230742178,1.604761737928503e-05,-0.0001285984110894533
69183.09709189364,13.03712464503029,-83.82553340084293,566.1174291420998,-5232.918277814584,2.043455854171643e-05,0.0001888872685903108,-0.0120382701225977,4.396187217964836e-10,0.6897659145553524,0.08697929084745064,-0.6842599066480926,0.0001310253681833584,1.652226265045472e-05,-0.000129979467395793
69342.58060165691,12.92358872340867,-83.66658980191868,573.8029047439694,-5169.801152933735,2.120789905510657e-05,0.0001910771452704894,-0.01186571657922871,4.439625043869284e-10,0.6890231668866803,0.08881085081863245,-0.6832756085822329,0.0001324418442800091,1.707093961389386e-05,-0.0001313370668813224
69502.4317588797,12.80305879439635,-83.62358781054964,570.7111229732689,-5106.983168747833,2.161212468078442e-05,0.0001933951390514871,-0.01169457808919735,4.483897797907856e-10,0.6883931543515923,0.08927140924890001,-0.6825802153951216,0.0001339370404972501,1.736906923061829e-05,-0.000132806047494924
69662.65141107688,12.67801328677292,-83.3751494459373,585.041890672859,-5037.233161770779,2.275011953808647e-05,0.0001958794035068143,-0.01150832678577548,4.535530354407974e-10,0.6873889978496821,0.09212518704959224,-0.6811876278059283,0.0001355264852286939,1.816351853306434e-05,-0.0001343038152583254
69823.24040771712,12.5619484153777,-83.22530608479617,591.0567517890223,-4975.440884580873,2.354398797301929e-05,0.0001981903091242485,-0.01134100918574725,4.581298198360234e-10,0.6865079007276735,0.09381545100521889,-0.6800674664430028,0.0001369915712498334,1.87207256130543e-05,-0.0001357063927234783
69984.19960022735,12.42760045710808,-82.98608086441767,603.2307427248157,-4903.072650340031,2.471851035072105e-05,0.0002009125919383975,-0.01115034898016839,4.638224902407193e-10,0.685490680779217,0.09654034782205811,-0.6786585552968079,0.0001387373829727516,1.953893113891272e-05,-0.0001373546198861792
70145.52984199714,12.29904888858573,-82.72989651359389,616.6849109278332,-4833.990562282798,2.596812415834636e-05,0.0002035556000758452,-0.01096796181566876,4.693689251308398e-10,0.6843336010885344,0.09943522852408226,-0.6770709807008161,0.0001404037361305225,2.040098216069805e-05,-0.0001389136747994533
70307.23198838334,12.15909012607945,-82.42951691117081,632.515044409596,-4759.180808465479,2.744114589309146e-05,0.0002064731519842421,-0.01077338887215066,4.756504665043111e-10,0.6830297816271644,0.1028167202665571,-0.6752469212245846,0.000142241768813979,2.141170494722323e-05,-0.000140620978828134
70469.30689671467,12.03009158990467,-82.05754376688472,654.1205588322118,-4688.471177686815,2.918925447498817e-05,0.0002092167513408672,-0.0105889130507047,4.817135704777497e-10,0.6814599001225085,0.1069813771138894,-0.6730100893937586,0.0001439276911632508,2.259499436826593e-05,-0.0001421430494715873
70631.75542629619,11.88927010890579,-81.67432975846376,675.0522673868294,-4612.845971844668,3.105967219821378e-05,0.0002122405785569273,-0.01039415251269955,4.884849393504016e-10,0.6798468160826748,0.1112457875255937,-0.6706832844909442,0.0001458014660227954,2.385801996330817e-05,-0.0001438362345788666
70794.5784384138,11.7618190590884,-81.20577357725804,702.6314763202356,-4541.750338792181,3.326666592875849e-05,0.0002150329103439766,-0.01021041487430971,4.949905119385887e-10,0.6784079402376473,0.1165090654106148,-0.668328490380765,0.0001475884885090591,2.534669163148673e-05,-0.0001453956916958923
70957.77679633888,11.62654066634124,-80.75475975328071,727.3449494029379,-4468.405183078262,3.54877275174676e-05,0.0002180169748960118,-0.01002242185046931,5.01958236379905e-10,0.676370266964613,0.1214298279508653,-0.6653807443243344,0.0001493735656784614,2.681727341762616e-05,-0.000146946575223589
71121.35136533288,11.48510873901078,-80.17667015025991,760.0351647659877,-4389.477345946866,3.829825408723273e-05,0.0002211862378196479,-0.009822746668701005,5.098087905477612e-10,0.6739982552352121,0.1277167726074085,-0.6617870307393894,0.000151269512975601,2.866424926336952e-05,-0.0001485288738597413
71285.30301265194,11.35668303744101,-79.52655314688552,797.6264267504542,-4314.765798475994,4.14277965133882e-05,0.0002241039583284954,-0.009633350439562873,5.174434621618351e-10,0.6717565419945853,0.1347968570332562,-0.6580931993619741,0.0001530656276899,3.071464770727515e-05,-0.0001499523150748966
71449.63260755134,11.24051517629238,-78.83205092457226,837.9507367325012,-4244.420321289996,4.476886571079777e-05,0.0002267649815846779,-0.009454498925185507,5.248095707177346e-10,0.6695400232758125,0.142321684584673,-0.6542387797013842,0.0001547300252158723,3.289039800310831e-05,-0.0001511939232327199
71614.34102129021,11.10839117717651,-78.07170028657343,880.0176372802575,-4165.784396323331,4.854415164113995e-05,0.0002297959278002657,-0.00925799454515459,5.334863879065038e-10,0.6666212233703185,0.1503616835255028,-0.6494422372891346,0.000156538361836616,3.530846423262243e-05,-0.0001525043313484078
71779.42912713616,10.98829316181471,-77.12797511819295,933.8880611244088,-4086.737674965275,5.314161942849999e-05,0.0002325502030357215,-0.009061433198898353,5.4255450025363e-10,0.6632071417046109,0.1602417551172818,-0.6435575286832818,0.0001581749403274618,3.821766754274922e-05,-0.0001534885065247167
71944.89780036994,10.89160384980356,-76.12303170147182,991.9520662316205,-4015.213070670909,5.798886827469651e-05,0.0002347267270025601,-0.008882367301954481,5.509491726281608e-10,0.6600655682187234,0.1707203132764826,-0.6376057786616162,0.0001595629953015648,4.126960389515491e-05,-0.0001541336084828491
72110.74791828997,10.81277657617727,-74.94883891503336,1060.798577946473,-3944.860885025886,6.356951683840958e-05,0.0002364001099448026,-0.008706664786962973,5.594849893547291e-10,0.6566845242394231,0.1828373457052404,-0.630717900008411,0.0001607246626326428,4.474975367990934e-05,-0.0001543692868544915
72276.98036021703,10.77251967405369,-73.64020842492992,1140.234429304603,-3884.246049761266,6.95795145748667e-05,0.0002370249026742324,-0.008553165280614627,5.669090615993483e-10,0.6530178739570627,0.1961208354256342,-0.6228715450390662,0.0001612820598683663,4.843783544373696e-05,-0.0001538365331542178
72443.59600749899,10.77751037395432,-72.21991382443611,1230.098995745539,-3835.889768909717,7.580478833662404e-05,0.0002363865128095544,-0.008427257225254441,5.727353816537443e-10,0.6495422078994101,0.2104011778280874,-0.6145212967923847,0.0001612139631469916,5.222079075993439e-05,-0.0001525219031023633
72610.59574351547,10.84287238688549,-70.73845813795403,1330.242864570083,-3806.766679562837,8.18056294458628e-05,0.0002341038262030596,-0.008344040260874101,5.757896742770872e-10,0.6462806783648021,0.2251097072807991,-0.6058088270367326,0.0001602374056553664,5.581320421613072e-05,-0.0001502029041206958
72777.98045368242,10.97864248021533,-69.3957342182363,1431.726659852376,-3808.186143129277,8.649806831255295e-05,0.0002300723695326578,-0.008327953662836455,5.742512685036272e-10,0.6443984314866921,0.238573952045289,-0.5986082257269784,0.0001583593989163552,5.862898759053163e-05,-0.0001471065635492129
72945.75102545688,11.174233390709,-68.50514896839314,1516.027880217225,-3849.675490117863,8.856160765679869e-05,0.0002248860029625323,-0.008399322440838977,5.667558474467786e-10,0.6435594868200427,0.247553525979782,-0.5940421406357078,0.0001555155008407494,5.982105984928867e-05,-0.0001435496840827487
73113.90834834172,11.37626670566702,-68.14940504797069,1570.245039940083,-3915.860713109614,8.821782437398594e-05,0.0002199966908828936,-0.008524077060433668,5.558951641821559e-10,0.6445738133147082,0.2516599842155752,-0.593416087712223,0.0001527504719028517,5.963813694247104e-05,-0.0001406271641205033
73282.45331389041,11.53523106804418,-68.60985240785959,1566.601703366233,-3999.520694430871,8.490878983605769e-05,0.0002167714112391753,-0.00868616510135788,5.430154462017977e-10,0.6466003015930524,0.2476863683866881,-0.5972800121681958,0.0001505039809412533,5.765197506904303e-05,-0.0001390240916165381
73451.38681571151,11.60049869866715,-69.62196776675776,1511.027352566751,-4067.803185758018,8.02447787404639e-05,0.0002160251871327303,-0.008814142422697789,5.32672405880557e-10,0.6493984612829562,0.2381510502254574,-0.6041543170359563,0.0001496229277268902,5.48705602190219e-05,-0.0001391985708361149
73620.70974947361,11.5281860118173,-71.03038712192358,1407.033836998507,-4093.374078774887,7.510005998778154e-05,0.0002184827619527605,-0.008849150202140162,5.281273959628833e-10,0.652246217864234,0.2242364382459789,-0.6124893047890346,0.0001506585249405539,5.179505852051533e-05,-0.0001414753089769373
73790.42301291008,11.35122554747459,-72.46558082423792,1287.304807174615,-4074.27334156749,7.051075725818669e-05,0.0002231640066825282,-0.008787600278488059,5.293829738936663e-10,0.6543514650880085,0.2095279514494667,-0.6198982799009956,0.000153112958401772,4.902784852781804e-05,-0.0001450511913059527
73960.52750582379,11.05174486902806,-73.76670665991125,1164.340268070593,-3999.010554703109,6.711756158367232e-05,0.0002305201018460082,-0.008605432096296852,5.381056861633466e-10,0.6553510989799066,0.1957251199946047,-0.6254412365180833,0.0001573133703355514,4.69827216794299e-05,-0.0001501336749364498
74131.02413009177,10.67941469898404,-74.78617366145164,1056.98244929342,-3886.634586206485,6.515276508950519e-05,0.0002395735050786654,-0.008344375565365868,5.523907793490409e-10,0.6555602870079172,0.1846540641242443,-0.6290168252950809,0.0001627264884521064,4.583576526652147e-05,-0.0001561377362023219
74301.91378967013,10.24146774831273,-75.40147917555753,974.1898761354181,-3740.368397561397,6.520943060706763e-05,0.0002503693575971263,-0.008011881378207106,5.726717405672246e-10,0.6538262194356603,0.1774469371239874,-0.6292863495475203,0.0001691252328136766,4.590020048304505e-05,-0.0001627775044958504
74473.19739059889,9.764937126152871,-75.66338311753414,913.9600543252513,-3576.058036635599,6.708695349426889e-05,0.000262491602407826,-0.007642310700438652,5.976068586871893e-10,0.6511886435826143,0.1738933518993258,-0.6275410358663267,0.0001763902272930516,4.710322910043392e-05,-0.0001699846995844228
74644.87584100665,9.258823187778269,-75.55248919780811,875.6967459550373,-3398.91038101802,7.108253214710651e-05,0.0002758982005355683,-0.007247026432431936,6.273074104559132e-10,0.6467039296228947,0.1739305003533624,-0.6228757128324421,0.0001842137087105104,4.954412840300967e-05,-0.0001774262376810906
74816.95005111545,8.747889135385826,-74.98425776331457,862.7100207771045,-3216.142778819834,7.780683983162772e-05,0.0002900602752265168,-0.006841564920633242,6.614314040214699e-10,0.6408524487040272,0.1784982302287035,-0.6154918706328855,0.0001924181246050921,5.359469995845746e-05,-0.0001848035248930703
74989.42093324558,8.217321898573948,-74.05671476141583,864.6157406891207,-3026.577168883468,8.726678699670329e-05,0.0003054763552136222,-0.006423502289818657,7.012427432209587e-10,0.6332252668181187,0.1862238476421526,-0.6052230308788902,0.0002011324824101191,5.915061625452851e-05,-0.0001922380817558435
75162.28940182053,7.701507175547013,-72.55503683872681,890.6248096540096,-2834.191040542295,0.0001009109227765295,0.0003211238112008142,-0.006001354101357946,7.471211155164328e-10,0.6234428250380816,0.1989271256293776,-0.5908544277402834,0.0002098113455133789,6.694626389333982e-05,-0.0001988441562049481
75335.55637337173,7.226192953498972,-70.52570219424923,935.6284728396517,-2645.904773702522,0.0001187916714806042,0.0003359361752776619,-0.005589775186608234,7.984466844014472e-10,0.6118183442352619,0.2156550609302652,-0.5725509418714994,0.0002179585987150921,7.682652102386793e-05,-0.0002039696948598387
75509.22276654342,6.82507002421613,-68.04374094372692,995.6886185575012,-2469.842808399841,0.0001404055426150966,0.0003482811927586045,-0.005205823569819245,8.533964224415443e-10,0.5992675089396765,0.2353443876558386,-0.5511211903652985,0.0002249888019852037,8.835762166768587e-05,-0.0002069127635308352
75683.28950209744,6.469288887477825,-65.51854171941696,1051.111672712847,-2308.433448406809,0.0001633759038743315,0.0003588033612012164,-0.004854421584072817,9.109672692174365e-10,0.586574626593226,0.2539281990759805,-0.5287629547131792,0.0002312076744729948,0.0001000898193166938,-0.0002084202888501067
75857.75750291836,6.109971357954171,-63.03686630604412,1094.86902610415,-2152.223803188282,0.00018777320375956,0.0003691126053408011,-0.004515517834867129,9.748385641616198e-10,0.573898817595662,0.2706322541664098,-0.5060810565932168,0.0002376183827182459,0.0001120531992308842,-0.0002095389614075592
76032.62769401819,5.672782969826667,-60.55020571652512,1120.884174808943,-1985.212902584174,0.0002156603390773383,0.0003819589011371186,-0.004155537643754725,1.054418561596709e-09,0.5596944091003132,0.2851218773600681,-0.4816257329387821,0.0002454507164624961,0.000125038535206482,-0.000211214154178573
76207.90100254123,5.146832380830912,-57.50081214787656,1141.987840433634,-1792.617914956908,0.0002527855484916843,0.0003968062415588707,-0.003743758829297307,1.165017366562535e-09,0.5427024268151285,0.3009387727744512,-0.4516212784092852,0.0002552791148318047,0.0001415571033711287,-0.0002124359031672503
76383.57835776907,4.569952841773247,-53.40705411928857,1167.743762834947,-1572.772811485961,0.0003043186821750083,0.0004098708677236933,-0.003277073065837437,1.324811650673481e-09,0.5210399886250582,0.3191626616069299,-0.4118468953171568,0.000265931204932641,0.0001628959638867874,-0.0002102006439246102
76559.66069112561,4.037055807714813,-47.85672673630616,1207.242920167054,-1334.055340952373,0.0003729351365621162,0.0004121093629529418,-0.00277328164667957,1.558282831209289e-09,0.4967972845463248,0.3408837295093719,-0.3613942789923262,0.0002760614863067464,0.0001894230744680512,-0.0002008204249596167
76736.1489361819,3.594238495114717,-40.49707097479954,1259.063364697954,-1075.230390566541,0.0004592840519965155,0.0003922250336683152,-0.00223008626304161,1.928939474585925e-09,0.470775794414817,0.3642505569899266,-0.298247179935419,0.000284274481947971,0.0002199500051107816,-0.0001800943539885535
76913.04402866098,3.319681635380205,-31.15636749841299,1323.201370793672,-799.9826242663072,0.0005534475977103954,0.0003346039925462591,-0.001655391366283255,2.586661371445202e-09,0.4473973552672008,0.3875859864104461,-0.2234759419676476,0.0002892844755054864,0.0002506107992637978,-0.0001444982181926297
77090.34690644301,3.253741090977647,-19.88298677333545,1395.9043012895,-504.8415422063039,0.0006335189062514318,0.00022911789966789,-0.001042257949854338,4.089451358364458e-09,0.4309503777318228,0.4082224541310957,-0.1381037870964668,0.000290258692284131,0.0002749507178082717,-9.301726303869629e-05
77268.05850957023,3.458588368533573,-7.077883524000149,1479.158647076878,-183.6591554310595,0.0006657955334231064,8.266824224697521e-05,-0.0003782968408260892,1.121521358476781e-08,0.4261562497420709,0.4239117275656641,-0.04368061843106686,0.0002858495347248489,0.0002843439939280313,-2.929931090432504e-05
77446.17978025188,3.987881456695517,6.056788671094544,1576.875965879248,167.3166925587116,0.0006271049781120653,-6.653987573861523e-05,0.0003438423787727763,-1.22823327946797e-08,0.4368881701884566,0.433391059863365,0.05516758542048929,0.0002754525353882591,0.0002732476510006516,3.478247366772862e-05
77624.71166286919,4.854412602356422,18.09275761406427,1694.692198208701,553.6737016986475,0.0005331674971682439,-0.0001741914089736022,0.001135204300249637,-3.703106783993046e-09,0.4614869165087013,0.4355702675666926,0.1524752967552085,0.0002587917961748937,0.0002442583047786969,8.550482041420203e-05
77803.6551039804,6.009303723731911,28.00627873119398,1838.281940453586,977.6902602644708,0.0004240402835780418,-0.0002255258271817326,0.001999960509900666,-2.092275371187228e-09,0.4945994229921852,0.4317073923760568,0.2413655248623298,0.0002374954847336101,0.00020729615047904,0.0001158982798208136
77983.01105232586,7.368379534290876,35.60678635343346,2014.627709947654,1442.692735936317,0.0003281106056002332,-0.0002349629090009001,0.002944380797671022,-1.414641148623798e-09,0.5293373010043284,0.4237870996381754,0.3171789280750065,0.000213574325522139,0.0001709874664008738,0.0001279737428383129
78162.78045883297,8.833284674320677,41.28797679369549,2226.309686937982,1955.033255018193,0.0002536061773882543,-0.0002227041967166771,0.003980835950546343,-1.041516087429064e-09,0.5611674926198854,0.4137586040035947,0.3790946747005102,0.0001893577129315992,0.0001396167525565532,0.0001279199196851223
78342.96427662121,10.35529101881557,45.33766968961016,2488.765290741491,2518.274359537114,0.0001985348680460085,-0.0002008888783262443,0.00511591329333338,-8.067093452597337e-10,0.588266358785946,0.4045702156975989,0.4270600068487725,0.0001661129001427161,0.0001142413310521232,0.0001205919312112679
78523.56346100719,11.88874152111389,48.27204640899254,2806.681257302675,3147.057367999898,0.0001578433959230283,-0.0001769856198801423,0.006378591523800024,-6.440439009708153e-10,0.6106401599040675,0.3966905481074338,0.4642391775043215,0.0001447786418470945,9.405263944250978e-05,0.0001100679615010041
78704.57896950985,13.42310916013466,50.20696116740529,3204.146300420766,3846.686059919419,0.0001278408949943068,-0.0001534773204948988,0.007778697363923843,-5.256944451888477e-10,0.6288704885220172,0.3921339529788256,0.4916391504499218,0.0001255862149679109,7.830963578964527e-05,9.818094689123466e-05
78886.01176185545,14.93385604506521,51.34586770354486,3696.354233846825,4621.381234996613,0.0001055492065861005,-0.0001319633054157111,0.009323778082256786,-4.365644172419985e-10,0.6429012189415825,0.3907886501189001,0.5104960413703719,0.000108614176983773,6.602132078259563e-05,8.624514272690358e-05
79067.86279998253,16.45101697563172,51.9347931113122,4313.387612489295,5507.952151618376,8.813110899208954e-05,-0.0001125384442594418,0.01108690408720519,-3.654516885170813e-10,0.6544301953830715,0.3924086178461095,0.523731187986004,9.352329977492481e-05,5.607832441106053e-05,7.484536814017487e-05
79250.13304804718,17.94462682146607,51.81947795597487,5097.082374571537,6481.769253439988,7.49641697130918e-05,-9.532913432595263e-05,0.01301708371947595,-3.098322103227955e-10,0.6635073564462414,0.3988932713727951,0.530213325098294,8.044748018230586e-05,4.836413376860288e-05,6.428613872752959e-05
79432.82347242814,19.44603296217459,51.1299115739648,6105.860683191438,7575.164753288212,6.449989847448673e-05,-8.002104582235863e-05,0.01517791842864304,-2.645014449145386e-10,0.6708017516784145,0.4096744173370938,0.5311702757443623,6.892875930065154e-05,4.209641557078225e-05,5.458081764520535e-05
79615.93504173188,20.95947754167409,49.90443440430568,7407.916081744769,8798.565164326756,5.599671773531849e-05,-6.650868672726233e-05,0.01758862892566358,-2.271999737003361e-10,0.6767043788569259,0.4246188229206221,0.5269038542140713,5.882094374750003e-05,3.690899701186108e-05,4.579988387457977e-05
79799.46872679768,22.49553183997164,47.92521838720416,9138.910568116178,10123.18634404824,4.913430074969051e-05,-5.442614616548931e-05,0.02019004853292467,-1.970166364675994e-10,0.6817743763856929,0.445853393225888,0.5157819811170822,4.997872020683475e-05,3.268410014385537e-05,3.781034344328951e-05
79983.42550070286,24.10827438195147,45.16901444449974,11508.21344307352,11576.30971837911,4.31909054373367e-05,-4.344647419280925e-05,0.02303510887298258,-1.718897555829138e-10,0.6860853974382387,0.4730878061869238,0.4968914370516256,4.202127169706784e-05,2.897562215225557e-05,3.043354392653789e-05
80167.8063387679,25.77004299902971,41.40067794932875,14747.74097836293,13002.19277881252,3.815193651994158e-05,-3.363625888501081e-05,0.02581289605252736,-1.526875163292536e-10,0.6897052565399299,0.5073616225106307,0.4672018031880772,3.507174921825818e-05,2.579951279033241e-05,2.375737218233254e-05
80352.61221856173,27.4995766025054,36.32668760395968,19242.08453154759,14148.51998459562,3.373209684899147e-05,-2.480288690176989e-05,0.02802406581204692,-1.399939021389933e-10,0.692928304249722,0.549227435255645,0.4224912533921874,2.900559581304003e-05,2.2990356864852e-05,1.76852503430457e-05
80537.84411990669,29.31174063318251,28.33574692256743,25793.65632555252,13909.21830448879,3.003526461282865e-05,-1.619650378605142e-05,0.0274867159891668,-1.420749160943259e-10,0.6956116756981426,0.6049442576224581,0.3433919750623055,2.373141027789803e-05,2.063821076391304e-05,1.171512228882943e-05
80723.50302488382,31.08959239966092,17.47903279681259,34202.09572286139,10770.12052873095,2.660029426912737e-05,-8.376339792146657e-06,0.0212344342801208,-1.830625754890291e-10,0.6976888792862254,0.6607516754929307,0.2240022223393196,1.945250773544103e-05,1.842264863370257e-05,6.245484330020374e-06
80909.58991783821,32.48518194895737,2.690655127934247,42003.2552139792,1973.957370086819,2.375521372537959e-05,-1.116384408120693e-06,0.003882915155311284,-9.965116086867855e-10,0.6999759137544717,0.6983201015918451,0.04811772593507275,1.66424611410312e-05,1.660309294416632e-05,1.144035627988952e-06
81096.10578538408,33.05185698916966,-15.58900994728938,43260.21315338033,-12069.52430082367,2.144653008129485e-05,5.98354462717916e-06,-0.02368701227562578,1.626035332191965e-10,0.7013338213516561,0.6794974129428637,-0.1736444493085572,1.561187101854085e-05,1.512578695812975e-05,-3.865370046557999e-06
81283.05161640994,32.65852344093526,-32.14279878691579,36437.45150617717,-22895.11646857128,1.967598604080655e-05,1.23632134909841e-05,-0.04482940645282232,8.552188693827566e-11,0.7027747785928147,0.6031148722091023,-0.3607559290522859,1.632698237560085e-05,1.40116665950047e-05,-8.381142686030937e-06
81470.42840208396,31.74364933090769,-45.31061572668361,27343.79369328813,-27641.88868665235,1.808742578404046e-05,1.828461023948027e-05,-0.05399926460634799,7.067281950169624e-11,0.7035283320606444,0.5056418450979111,-0.4891609535705118,1.808987672692306e-05,1.300160665740845e-05,-1.257783225843407e-05
81658.23713585922,30.62569748265805,-54.36420921926203,20003.99391829624,-27904.4398730778,1.696954217688839e-05,2.367155135532906e-05,-0.054386791777319,6.984684960169551e-11,0.7043338858923281,0.4228809901706728,-0.5632565054825895,2.050925209425986e-05,1.231372365720084e-05,-1.640126919357142e-05
81846.478813479,29.48756582590867,-60.96195689290251,14686.91623008371,-26454.45807382188,1.604173963310118e-05,2.889480146184664e-05,-0.05144213691661789,7.350574139171704e-11,0.7049166733760556,0.35568821320658,-0.6085995492846468,2.329122085317215e-05,1.175232909300914e-05,-2.010879732159167e-05
82035.15443298186,28.53352570159775,-65.66004261978657,11223.00049974936,-24810.04386788236,1.51356588769383e-05,3.345953345671939e-05,-0.04813352455045432,7.81974515158561e-11,0.7053037307939227,0.304845321338838,-0.6360209766427888,2.589499994117003e-05,1.119229806036805e-05,-2.335130587528409e-05
82224.26499470713,27.68316174915656,-69.19450239855044,8807.551677033891,-23179.34338770896,1.432460129772037e-05,3.769888211245793e-05,-0.04486640382879423,8.350625403162644e-11,0.7059452778807219,0.265329989785603,-0.6541855485123937,2.846281018904933e-05,1.069776563900471e-05,-2.637592413908526e-05
82413.81150130021,26.90672484262393,-71.75741606475887,7127.088242697758,-21622.98520111442,1.374959718264924e-05,4.171511931346197e-05,-0.04175762431647718,8.931090302653531e-11,0.7061318966492552,0.2359081580056616,-0.6655596114938543,3.100754074836614e-05,1.035915790936997e-05,-2.922593763543479e-05
82603.79495771787,26.22332827389794,-73.75258860288704,5910.3096182744,-20280.76431551683,1.324465364189651e-05,4.544799110378583e-05,-0.03907549153339041,9.500267053789868e-11,0.7063374306413059,0.2126898917877206,-0.6735544342191575,3.342869988416858e-05,1.006593485285448e-05,-3.187718512484913e-05
82794.21637123344,25.5793353743511,-75.41435903623375,4958.207344779932,-19054.42632049305,1.279025826805935e-05,4.91530540862508e-05,-0.03662823648320021,1.008844553799452e-10,0.7066479306686827,0.1931876250507887,-0.679727768629153,3.588161539394792e-05,9.809529979636615e-06,-3.451468448150455e-05
82985.07675144226,25.02115105825562,-76.68615091487308,4266.438061106799,-18028.83709867036,1.242984472336599e-05,5.252523122794333e-05,-0.03457704270186222,1.063781460023877e-10,0.7067283658605479,0.1781088693735803,-0.6839168178677765,3.813675458935204e-05,9.611180999104671e-06,-3.69057888468857e-05
83176.37711026709,24.52568697037875,-77.73896968083815,3728.229275638912,-17155.25409312608,1.209668981724116e-05,5.566229224594559e-05,-0.0328259487101592,1.115380318089339e-10,0.7066589202295988,0.1655316236321155,-0.6869978974624144,4.024226244692508e-05,9.426566127977116e-06,-3.912262181758875e-05
83368.11846196344,24.09354689713861,-78.7883594579484,3257.874760028479,-16435.94365910632,1.16040193686278e-05,5.854215481269079e-05,-0.031377242595683,1.161516778659289e-10,0.7071756262883844,0.1530695166450216,-0.6904108121187184,4.219435828330489e-05,9.133049538868742e-06,-4.119406846938609e-05
83560.30182312484,23.68347110073424,-79.24091421592054,2991.375796868265,-15742.40700194369,1.164994316341712e-05,6.130896259173691e-05,-0.02998411728846131,1.209898658651451e-10,0.7071202244348693,0.1476358303109909,-0.6915364584844419,4.411733189605181e-05,9.211020559883718e-06,-4.314505851046896e-05
83752.92821268826,23.32400128138727,-80.10632383079542,2649.241489796208,-15189.36747096854,1.114365754466059e-05,6.389191399440958e-05,-0.02886421964023519,1.251066637117143e-10,0.7073849195291817,0.1372616596742281,-0.6939399550110826,4.586674885227388e-05,8.900028679596962e-06,-4.499497905077763e-05
83945.99865193974,22.95990981525119,-80.59240167086256,2423.151403881215,-14625.03409175094,1.102618849578285e-05,6.654903296368737e-05,-0.02772790253220563,1.296352902884574e-10,0.7073875432132605,0.1314063324239243,-0.6950751844888332,4.770549235563411e-05,8.861908648342626e-06,-4.687515947708226e-05
84139.51416451953,22.69777926211844,-81.01755203215691,2250.352221713324,-14236.38957035229,1.083260050422462e-05,6.853021467044914e-05,-0.02692898567815743,1.3286796026308e-10,0.707312480434395,0.1262680510752791,-0.6959506622282267,4.906145963628712e-05,8.758356543317118e-06,-4.827336752602997e-05
84333.47577642757,22.36779268617536,-81.41457831892976,2076.637485492681,-13754.79498246481,1.07315990802123e-05,7.108171080101038e-05,-0.02595818081159619,1.372037590347814e-10,0.7073297526563066,0.1214819544980275,-0.6968195704227681,5.083482281642891e-05,8.73074207483734e-06,-5.007947038058995e-05
84527.88451602899,22.08500001803532,-81.83883472656787,1915.942798201497,-13359.85949848742,1.051810326466353e-05,7.334268117941394e-05,-0.02515486682733999,1.409347991257718e-10,0.7076036276526352,0.1164005960112861,-0.6979640356890794,5.241486723315634e-05,8.622230790465774e-06,-5.170082633058538e-05
84722.74141405964,21.81697181088909,-82.01149580474355,1822.307907970998,-12985.29828028008,1.059858592721756e-05,7.552280216318366e-05,-0.02439338451914518,1.446665756478017e-10,0.707079032557838,0.1142486983855733,-0.6977879285285253,5.390977432502982e-05,8.710655051690915e-06,-5.320139336846447e-05
84918.0475036314,21.58059434893718,-82.18694800767598,1737.872079373855,-12665.31748914101,1.063370935030615e-05,7.749667343605575e-05,-0.02373756749575317,1.47980350165775e-10,0.7069132793710416,0.1121218809263733,-0.6979649478080203,5.528223312367254e-05,8.768187188605719e-06,-5.458245315635462e-05
85113.80382023768,21.37885092028954,-82.46330835799911,1641.184058540468,-12404.64035039021,1.048220518853392e-05,7.922815528588153e-05,-0.02319553045956524,1.507425835923776e-10,0.7070064513700504,0.10880525339948,-0.6985839528013411,5.648803688449336e-05,8.693266030806735e-06,-5.581510043690241e-05
85310.01140175895,21.14882406237934,-82.40623057102474,1612.848459954939,-12097.7720167433,1.082758431109748e-05,8.121633850918867e-05,-0.02256968654940076,1.542107806612626e-10,0.7067019111952449,0.1094909136896048,-0.6981685549395843,5.788821579371765e-05,8.96875123543292e-06,-5.718922126639724e-05
85506.67128846832,21.00248319338083,-82.48694339627527,1570.991771161875,-11911.89060721905,1.088237201418303e-05,8.251451558154167e-05,-0.0221717936523686,1.562569831786158e-10,0.706765199956504,0.1085540612992296,-0.6983788825880979,5.880772086784391e-05,9.032443782388812e-06,-5.810992163983901e-05
85703.78452303697,20.84233451872766,-82.48835309022196,1543.832389682346,-11708.17948221904,1.106968529804323e-05,8.39507339963497e-05,-0.0217425012159339,1.586100712620929e-10,0.7062037193529254,0.1084877601682519,-0.6978209649484467,5.978350756921525e-05,9.184005483755642e-06,-5.907386749276505e-05
85901.35215053961,20.73677844632115,-82.6000981337678,1504.051875996485,-11580.71326446814,1.102878727039628e-05,8.491809695636728e-05,-0.02145633001608586,1.599870471977615e-10,0.7061711257055951,0.1071588390638035,-0.6979932965228286,6.045409446919729e-05,9.173683749105115e-06,-5.975400459016981e-05
86099.37521846007,20.58866390294099,-82.70466258981527,1459.707592524373,-11402.16239159505,1.104667021318017e-05,8.628846510228255e-05,-0.02107693002364294,1.621186242498882e-10,0.7062781160512267,0.1059381735274859,-0.6982878207462381,6.142444831775548e-05,9.213359039209558e-06,-6.072953866410669e-05
86297.85477669702,20.52344133143825,-83.15454895685163,1361.474305552844,-11341.13883021754,1.043474891492473e-05,8.692190195581317e-05,-0.02091591163872083,1.626160713981036e-10,0.7067711234429598,0.1005595869747074,-0.6995807247203855,6.185820120539168e-05,8.801201630749075e-06,-6.12288813079385e-05
86496.79187756934,20.42356240336284,-83.57148889917927,1266.069102758867,-11236.780414968,9.90136287709925e-06,8.787785770653179e-05,-0.0206757858720553,1.637488420338158e-10,0.7071499317369063,0.09555490806984039,-0.7006641745510296,6.251899045074726e-05,8.447991178429465e-06,-6.194558589625095e-05
86696.18757582165,20.27915744188801,-84.08451819265764,1148.414056390948,-11083.68169890252,9.248958248973814e-06,8.926441531047135e-05,-0.02034717764832227,1.656288881210426e-10,0.7071658684248371,0.08931712573759348,-0.7015026846099942,6.344531734730245e-05,8.0133298848159e-06,-6.293722934366458e-05
86896.0429286302,20.12548741358712,-84.56707297221676,1038.609488814199,-10920.35319544623,8.631140347945789e-06,9.075124201556018e-05,-0.02000123518618823,1.677194566279764e-10,0.7078259682329254,0.08352160371775821,-0.7028810304861642,6.450821318956968e-05,7.611799595330641e-06,-6.40575528398603e-05
87096.35899560805,19.99003948028073,-85.00152937665365,942.7014247937514,-10778.44024020345,8.052909292881215e-06,9.207348083948128e-05,-0.01969590994194691,1.695368905126859e-10,0.7078597226218103,0.07823126787276878,-0.703523457773261,6.540584291345846e-05,7.228525446334457e-06,-6.500517446397402e-05
87297.13683881113,19.83923952589652,-85.31205382722861,870.6101239856663,-10616.78640775141,7.672323500923876e-06,9.356130559058534e-05,-0.01935589296203881,1.717224402985868e-10,0.7082224111897196,0.07449354627787277,-0.704293756378918,6.64661819518841e-05,6.99116763733678e-06,-6.609748042344442e-05
87498.3775227436,19.69139204707793,-85.72833904926094,781.5998916473681,-10464.16658922427,7.098375782994492e-06,9.503402891934082e-05,-0.01903376822706461,1.738263002442419e-10,0.7084150043034256,0.06943168431218666,-0.7050042975300189,6.749225098622152e-05,6.614908825374155e-06,-6.716730547237328e-05
87700.0821143635,19.54706418934597,-85.99001369918808,722.9537147399768,-10312.88872733652,6.76426806365858e-06,9.649185340651735e-05,-0.01871545817222757,1.759704723360405e-10,0.7086694331556848,0.06627332934138204,-0.7055637542470619,6.852944490889576e-05,6.408734819851617e-06,-6.822912089079119e-05
87902.25168308843,19.38881851886931,-86.21591620854117,671.1916869010111,-10147.9042983787,6.489303899042325e-06,9.811330535786184e-05,-0.01837369464588119,1.784200960231195e-10,0.7087075413403108,0.06353287564641311,-0.705854059182722,6.966595898433033e-05,6.245282363679884e-06,-6.938546165735517e-05
88104.88730080138,19.255036146577,-86.45768761920063,619.784967673672,-10012.04932786651,6.159337485979155e-06,9.949836467971536e-05,-0.01808602439464615,1.804251815602137e-10,0.708962151310374,0.06061418889687264,-0.7063662308569173,7.065562808109227e-05,6.040849401084014e-06,-7.039691696407633e-05
88307.99004185628,19.13883852432238,-86.54921056235644,596.5141315982241,-9892.347155374264,6.073593753387244e-06,0.0001007220025588377,-0.01782869192031911,1.821884255953187e-10,0.709100508355717,0.05953610245934849,-0.7065967615650997,7.153143892642453e-05,6.005782010879452e-06,-7.127887020234397e-05
88511.56098308356,18.9893358999019,-86.68587142879193,564.0818578203433,-9741.160213810996,5.924707412327902e-06,0.0001023140938204417,-0.01751583388947834,1.845905421515058e-10,0.7090473298036122,0.05788504251405782,-0.7066805768908454,7.264633478553979e-05,5.930684738233431e-06,-7.240384614306352e-05
88715.60120379608,18.87010579776046,-86.81362230465101,535.7076159915465,-9622.881778999725,5.767314690166821e-06,0.0001035979063748078,-0.01726335820459057,1.864296487383332e-10,0.7088525862906427,0.05633266114173303,-0.7066106568539875,7.352827285633974e-05,5.843306999594919e-06,-7.329572069735608e-05
88920.11178579481,18.74516462829966,-86.83235728375611,525.6181259053708,-9497.602355977502,5.809172355018778e-06,0.0001049682389667794,-0.01699942040239912,1.884543423950784e-10,0.7087874520020591,0.05613543111749438,-0.7065610132811068,7.449256568128583e-05,5.899754965689062e-06,-7.425857009884792e-05
89125.09381337455,18.61746139996072,-86.9842256495248,493.9026943079643,-9374.839893076722,5.60415222536918e-06,0.0001063732400222674,-0.0167411000183918,1.904830218747117e-10,0.708941299316081,0.0543132881029814,-0.7068577173741655,7.549512556622361e-05,5.783819491408842e-06,-7.527324502338575e-05
89330.54837332954,18.51917591902232,-86.94796283685912,494.6678286495231,-9277.595645969919,5.730729323766352e-06,0.0001074809929878752,-0.01652934224575749,1.92036902056104e-10,0.7085683037633301,0.05477099407840857,-0.7064482849478126,7.624364090262929e-05,5.8934897062359e-06,-7.601552181739975e-05
89536.47655495937,18.42146129012814,-87.00035445784994,481.2695648385732,-9184.25747989216,5.689962327140133e-06,0.0001085838018468292,-0.01632541320359325,1.935423816580889e-10,0.7086904637489962,0.0541735754035638,-0.7066168672886047,7.703539150246585e-05,5.888724067521789e-06,-7.680998940759449e-05
89742.8794500748,18.29213497007422,-87.195231535297,444.1324886904031,-9065.48533850581,5.391247747479707e-06,0.0001100443643633086,-0.0160772287672468,1.956271247035433e-10,0.7086111851105306,0.05180344650188812,-0.7067150872836072,7.804929778034968e-05,5.705840815148313e-06,-7.784045390796411e-05
89949.75815300351,18.20630294332704,-87.13873088288034,448.9686996618575,-8982.945323940785,5.550026181614186e-06,0.0001110446714290529,-0.0158942078465351,1.969705852682785e-10,0.7084834177068331,0.05253029245531795,-0.706533312406509,7.874830402831599e-05,5.838769599374684e-06,-7.853154879983908e-05
90157.1137605957,18.11628460678058,-87.24603941802185,428.1806726550718,-8901.379984400568,5.391487931437893e-06,0.000112082786131963,-0.01571366435507826,1.983182999842903e-10,0.7087523492382772,0.05126592227992382,-0.7068958181822592,7.950725240816742e-05,5.7509687650814e-06,-7.929898828963142e-05
90364.94737223013,18.01887089922065,-87.36455319811863,405.7099664984258,-8814.092787702331,5.211242221869422e-06,0.0001132147994272341,-0.01552378966431561,1.998216374677124e-10,0.7086658030950904,0.04983718223781836,-0.7069112219670897,8.029252583616171e-05,5.646601296344185e-06,-8.009373008513725e-05
90573.26008981997,17.90938513538736,-87.3623086542176,401.4383320214213,-8713.859201123421,5.275662632546645e-06,0.0001145166709445836,-0.01531195591160423,2.016552779471563e-10,0.7086275148515708,0.04990190273098845,-0.7068682726707574,8.121146698613416e-05,5.718951975823018e-06,-8.100985099565477e-05
90782.05301781857,17.79858298391845,-87.38015234375125,394.1573523287183,-8614.169407753732,5.300715404076544e-06,0.0001158452587608328,-0.0151019678042079,2.035198262594485e-10,0.7084658540470191,0.04971023024653,-0.70671971768121,8.213362834937047e-05,5.762989920978124e-06,-8.193119584751109e-05
90991.32726322518,17.69850576226194,-87.29530642841416,402.6229637465727,-8522.761687338336,5.530567728888737e-06,0.0001170715905282339,-0.01490735097654009,2.05229499837357e-10,0.7081095843026173,0.0507710622753627,-0.7062871106120066,8.29669482075198e-05,5.948683915059967e-06,-8.275341476064888e-05
91201.08393559097,17.58881002781635,-87.23955497532555,406.2037004251324,-8424.636956745493,5.709959267735552e-06,0.000118424164570954,-0.01470182762704485,2.07142368038714e-10,0.7078654628514778,0.05148049499157575,-0.7059909858725955,8.390034422607105e-05,6.101768595013344e-06,-8.367817027914821e-05
91411.32414702499,17.49617377591348,-87.08517363318227,424.6534503010724,-8340.070246658539,6.089347513242744e-06,0.0001195930139758757,-0.01452077647791681,2.087615068815621e-10,0.7075764604102982,0.05340079199962936,-0.7055585041232078,8.470504402437285e-05,6.392689257415478e-06,-8.446347143723769e-05
91622.04901219998,17.38026424204647,-87.02555853857382,428.0884290099016,-8238.730611387926,6.289873569541364e-06,0.000121051096940398,-0.01431134443882939,2.108433117058035e-10,0.7073103719895697,0.05415461265788392,-0.7052341740527738,8.570999603576941e-05,6.562312416216492e-06,-8.545840787309098e-05
91833.2596483581,17.27415083830994,-86.68620686829009,471.3134288706372,-8139.962906556118,7.089431412665316e-06,0.0001224401962531575,-0.01410725632656164,2.129108068735154e-10,0.7067608653729518,0.05832541542481164,-0.7043501023910246,8.665425879995805e-05,7.151139643491242e-06,-8.635868091841952e-05
92044.95717531712,17.20992092499615,-86.24776006592013,529.5472650333606,-8074.493158509539,8.08742473326449e-06,0.0001233163873947891,-0.01396160679059012,2.141434823288255e-10,0.7059176419278914,0.06367771394333366,-0.7030397328259518,8.721130876579717e-05,7.866947137127158e-06,-8.685576272985492e-05
92257.14271547629,17.14943143377327,-85.81272425678965,586.5920032597,-8012.223654166178,9.088838810951069e-06,0.0001241438834919909,-0.01382207341550847,2.153114213519438e-10,0.7052536633791127,0.06898913182350094,-0.7018712342017575,8.776005182397409e-05,8.58483989308511e-06,-8.733915055779232e-05
92469.81739382225,17.11246717359455,-85.12175601106793,679.5433317021307,-7962.053321683474,1.064179658874278e-05,0.0001246874892670125,-0.01370393258061986,2.16169814522261e-10,0.7041518024419012,0.07736739595175296,-0.6998885960821357,8.809067990241501e-05,9.678802905899819e-06,-8.755734498018136e-05
92682.98233793494,17.15729013694167,-84.46024761502819,773.9294120753664,-7979.530838450603,1.204149345672283e-05,0.0001241527546049175,-0.01370242675039417,2.152002513082817e-10,0.7027751842678081,0.0853156945324169,-0.6975773734067805,8.763348083598274e-05,1.063855333708827e-05,-8.698533293794122e-05
92896.63867799363,17.25210795033299,-83.97140604587608,849.4597833699106,-8043.453899096732,1.298496241446935e-05,0.0001229533741408524,-0.01378042807351092,2.129989951641307e-10,0.7024621290199692,0.09126366214019711,-0.6965084254192678,8.682311624552851e-05,1.128003235995904e-05,-8.608724867564785e-05
93110.787546783,17.35309509941455,-83.9984599840565,854.6661599708353,-8129.503399433629,1.279071194659262e-05,0.0001216640381017885,-0.01389581900219822,2.102597359321819e-10,0.7027158133876885,0.09100786569109151,-0.6967977344735508,8.593928151115894e-05,1.112989125952901e-05,-8.521552456686097e-05
93325.4300796991,17.44126621480128,-84.46278846419801,796.8138795684786,-8219.272531403862,1.168496944201038e-05,0.0001205324741795685,-0.01401694962321869,2.074850218135187e-10,0.7035850041689832,0.08550406252811459,-0.6983701836294677,8.517539848390807e-05,1.035104863615882e-05,-8.454409677218394e-05
93540.56741475521,17.44950159422932,-85.03307645800305,716.4181935949164,-8243.50570518462,1.04634498301538e-05,0.0001203982661830016,-0.01402594315650278,2.063992851461059e-10,0.7045656910377889,0.0786988984388699,-0.7001566227438439,8.512110541040821e-05,9.507895878141424e-06,-8.458843007326858e-05
93756.20069258803,17.44681700029245,-85.60524709863687,634.6293918321535,-8257.631178271349,9.252340543849168e-06,0.0001203890281953406,-0.01401766294435111,2.05572326144959e-10,0.7056493730465125,0.07185426049955035,-0.7019814833234556,8.517568867610278e-05,8.673197137465435e-06,-8.473295458594045e-05
93972.33105646375,17.40908927225027,-86.24405600292624,541.1097998797811,-8242.637587050873,7.930222432311351e-06,0.0001207997887097331,-0.01396002952513718,2.054726047560285e-10,0.7061354045302622,0.06410843665551745,-0.7032192530645778,8.54571313492833e-05,7.75845971851844e-06,-8.510421611909005e-05
94188.95965228413,17.36245626334875,-86.82011714797757,456.5394511668867,-8217.573566071191,6.739888560205825e-06,0.0001213159781242366,-0.0138855706453257,2.056252914905968e-10,0.706930122405696,0.05714039778927323,-0.7046170398911851,8.586642531078889e-05,6.94049035894055e-06,-8.558546949821997e-05
94406.08762859236,17.28547476995455,-87.37803565636651,373.9396516616633,-8165.71207123726,5.596333637762723e-06,0.0001222070163928411,-0.01376620377613192,2.064553156904609e-10,0.707814528290563,0.05038082757597343,-0.7060192480888551,8.656245374491782e-05,6.161342954076271e-06,-8.634289925259222e-05
94623.7161365793,17.20229161937463,-87.9263826346543,293.5755384045822,-8108.195344582789,4.459667572079181e-06,0.0001231705340398171,-0.01363780055712886,2.074416357639853e-10,0.7086800930763755,0.04371656083573548,-0.7073304295952745,8.73172280845852e-05,5.386363961483778e-06,-8.715093461145384e-05
94841.84633008968,17.09566048586824,-88.30829538627509,237.0895682118028,-8027.573978646103,3.675912381871689e-06,0.0001244620706303483,-0.01347114305736642,2.090430894045691e-10,0.7090839435525226,0.03906470150719892,-0.7080070537079066,8.826362234534273e-05,4.862600672623396e-06,-8.812957587677299e-05
95060.47936562814,16.99105367158148,-88.60002194015367,194.2282882459701,-7947.443412970172,3.073252762917753e-06,0.0001257515197586047,-0.01330600174287232,2.106651453345894e-10,0.7092673573922421,0.03551027793010618,-0.7083778683891113,8.918872557305228e-05,4.465335109986688e-06,-8.90768743934179e-05
95279.61640236521,16.89917602670434,-88.85236065492275,157.8107759182318,-7877.633520457643,2.541972552693895e-06,0.0001268907530089094,-0.01315878843752482,2.120432044355701e-10,0.7093664226000765,0.03243655812280356,-0.7086244359387958,9.000034111723952e-05,4.115364362780557e-06,-8.990620210742433e-05
95499.25860214359,16.80733515123161,-88.96911838794887,140.4594487232327,-7805.809204547489,2.304488248440814e-06,0.0001280682484871198,-0.01300882475864648,2.135021240050937e-10,0.7096502941428882,0.03104685819959732,-0.7089708263201115,9.086819907515469e-05,3.975439895993426e-06,-9.078119563431232e-05
95719.40712948442,16.70578090101056,-89.13185938130708,117.1014159636311,-7727.899498198389,1.960376583749864e-06,0.0001293715630436574,-0.01284936296347781,2.15158578441402e-10,0.7097478942888058,0.02907910309183719,-0.7091519436698797,9.180110138079765e-05,3.761185785089713e-06,-9.172401918918254e-05
95940.06315159332,16.63909472818917,-89.10835391857398,119.4441359729644,-7674.673332790632,2.027401917878306e-06,0.000130267152148106,-0.01273151337829711,2.161524848881897e-10,0.7096377668565504,0.02940767218708473,-0.7090281721946518,9.242270195556659e-05,3.830033643493152e-06,-9.234330879417958e-05
96161.2278383665,16.54123393839563,-89.19597077045688,106.6529143661568,-7599.674884731591,1.846278339551127e-06,0.0001315586658901747,-0.01257810295256843,2.177835727488279e-10,0.7099366146076161,0.02837763654620436,-0.709369231433514,9.337606272661463e-05,3.732434580284322e-06,-9.330143633636391e-05
96382.90236239704,16.48424118403084,-89.1697863654302,109.4774303728265,-7554.869552990342,1.917694700533747e-06,0.000132337169913968,-0.01247518807072129,2.185713132669245e-10,0.7095751440224314,0.02872959761864367,-0.7089932970311673,9.388126101417969e-05,3.801106726454018e-06,-9.380427899230739e-05
96605.08789898131,16.41122549744304,-89.22641410460527,101.2633551676615,-7499.633003657729,1.800085435376288e-06,0.000133315552483914,-0.0123554948281335,2.196747394832803e-10,0.7097259446339427,0.0280773150790161,-0.7091703468592689,9.459397816269056e-05,3.74221197566801e-06,-9.45199267571275e-05
96827.78562612491,16.34710876600452,-89.28453508634148,93.05527195631092,-7451.654324495943,1.675590389653569e-06,0.0001341774636799509,-0.01224821586372873,2.205806598155365e-10,0.7094342795717128,0.02738925705807451,-0.7089053714207856,9.516501790224081e-05,3.674052993089488e-06,-9.509406904185868e-05
97050.996724549,16.29862133072216,-89.34387526088298,84.92686018924276,-7415.873325608336,1.544057641323341e-06,0.0001348282021727428,-0.01216136811519577,2.211351747275318e-10,0.7093992705588666,0.02669640784911657,-0.7088967674333166,9.562049747163837e-05,3.59843025666947e-06,-9.555276467173248e-05
97274.72237769651,16.22722638954789,-89.46221599680435,69.12267176564386,-7364.148121232822,1.274492324891602e-06,0.0001357810689334648,-0.01204876813324966,2.221762418848107e-10,0.7096243067412507,0.02528297138837994,-0.7091737643735666,9.632459473919684e-05,3.431917353524945e-06,-9.626343799672377e-05
97498.96377173866,16.1747001733644,-89.43723092974516,71.94247652176641,-7324.261286995647,1.340960009708523e-06,0.0001365193688258133,-0.01195594643499027,2.228724065926851e-10,0.7097793009467442,0.02564071228742079,-0.70931601555713,9.686975791169801e-05,3.499411139001807e-06,-9.68065293229295e-05
97723.72209558106,16.10356432154387,-89.47523964144425,66.604380773389,-7271.973098810842,1.259394629679652e-06,0.0001375027252182841,-0.01184329086007427,2.239586639551939e-10,0.7094694749549132,0.02520215945181248,-0.7090217112696661,9.752415700278036e-05,3.464305994763001e-06,-9.746260710178854e-05
97948.99854086991,16.05606278360093,-89.54146653231653,57.92651555935418,-7238.019122318816,1.105630822982429e-06,0.0001381504991573695,-0.01176088105719667,2.244917603612371e-10,0.7095316360099266,0.02442782523890523,-0.7091110095415389,9.799104808267233e-05,3.373645481125791e-06,-9.793295676384064e-05
98174.79430199844,15.99358435333324,-89.56165319299166,55.02747196699649,-7192.43379147399,1.063658941992671e-06,0.0001390268577408014,-0.0116599316445012,2.253949902073755e-10,0.7094922401666344,0.02421983011779754,-0.7090787253089281,9.860674870943143e-05,3.366123781212701e-06,-9.854927753025139e-05
98401.11057611335,15.9328540508313,-89.79661704676109,25.38868242706198,-7152.311526214208,4.962972243453591e-07,0.0001398131773206871,-0.0115682203916757,2.261380845734215e-10,0.7098038000484952,0.02136444686970596,-0.7094822020130144,9.920556403159827e-05,2.985996978020527e-06,-9.916061595651166e-05
98627.94856312104,15.85766841766045,-89.68867000653053,38.55757770515513,-7095.894307118744,7.657423090117308e-07,0.0001409224026671631,-0.01145057431578652,2.274117988697455e-10,0.7094648937404262,0.02273364168248505,-0.7091005690210428,9.994556403037207e-05,3.202592066876327e-06,-9.989423994106158e-05
98855.30946569391,15.81393031563084,-89.78062452732371,27.05471361578507,-7066.028450360953,5.418584008283855e-07,0.0001415201406562499,-0.01137615533228574,2.278477529586517e-10,0.709505321507038,0.0216402917812118,-0.7091752244815307,0.0001003743034924518,3.06146994119623e-06,-0.0001003276043937758
99083.19448927676,15.75626826364292,-89.81811202492231,22.302545512936,-7025.409113273041,4.518630382400011e-07,0.000142339030536279,-0.01128474504060588,2.286380523312067e-10,0.7097479598377274,0.02122713583814046,-0.7094304583240879,0.0001009892354288517,3.020385178885626e-06,-0.0001009440584971458
99311.60484209335,15.69809403906871,-89.85639321939401,17.50658191792638,-6984.706104667999,3.588412476067119e-07,0.0001431690471912612,-0.01119356095765029,2.29441511284824e-10,0.7093150779285871,0.02078416037916391,-0.7090105065894092,0.0001015158168910401,2.974589269195879e-06,-0.0001014722272236831
99540.5417351527,15.62524117804367,-89.80520584314475,23.56878658060095,-6932.378353709534,4.904194533731375e-07,0.0001442489706109985,-0.01108414986641056,2.306417231907432e-10,0.7093870448981038,0.02146353102154672,-0.7090622654642901,0.0001022920280254774,3.094993251670008e-06,-0.0001022451955562567
99770.00638225536,15.58285934171223,-89.88876336566327,13.403959041808,-6904.104223712749,2.812009460793621e-07,0.0001448408364635432,-0.01101355361866498,2.310536283318334e-10,0.7093321708859949,0.02047174809901302,-0.7090366959358372,0.000102703224797627,2.964076117381185e-06,-0.00010266044338791
100000,15.52796952174279,-89.91951214865621,9.645697116879003,-6866.345199843429,2.045886311848217e-07,0.0001456375986780904,-0.0109281277953039,2.31789894710689e-10,0.7097942890195491,0.02014833112987146,-0.7095082645589467,0.0001033352020121108,2.933289122948725e-06,-0.0001032935612214282
100230.5238077899,15.46349593827234,-89.88949863846672,13.15536712737169,-6821.147444269372,2.82739498020946e-07,0.0001466023551943926,-0.01083122478134495,2.327891284828649e-10,0.7092657010991846,0.02054879348365476,-0.7089679695459338,0.0001039421840483748,3.011405275822584e-06,-0.000103898551784955
100461.5790278395,15.42458371559348,-89.97786802808979,2.625076237671791,-6795.859964408332,5.683986182636332e-08,0.0001471483897591013,-0.01076625229627508,2.331179473703877e-10,0.7095542549601549,0.01950741999791047,-0.709286050403563,0.0001043714089945343,2.869430909331105e-06,-0.0001043319576245022
100693.1668851804,15.35968305312674,-89.96310105756307,4.34780110117109,-6751.158769548569,9.539219561337902e-08,0.0001481226585522257,-0.01067083619484403,2.341217760764509e-10,0.7092904400548088,0.01972719205190158,-0.7090160549993855,0.0001050232248428832,2.920966094263871e-06,-0.0001049825971934156
100925.2886076685,15.3186143199697,-89.98690234988625,1.53699324038291,-6723.589614573742,3.399926585343607e-08,0.0001487300690654594,-0.01060281855264801,2.345410871913215e-10,0.7093793357932289,0.01947948850096969,-0.709111832913669,0.0001054669141726927,2.896111344380289e-06,-0.000105427143204163
101157.9454259898,15.25704557645891,-89.96595845424842,3.969758161735559,-6681.552102586741,8.892199101218936e-08,0.0001496657710136023,-0.01051229382105969,2.354738975432537e-10,0.7092146703236486,0.01977860100389624,-0.7089388235557496,0.0001061056343815282,2.959077264631087e-06,-0.0001060643649358656
101391.1385736679,15.21557677145684,-89.98781214524807,1.415427391174832,-6654.00237769146,3.196845683019243e-08,0.0001502854820286239,-0.01044487106716302,2.359050185112779e-10,0.7093665424740712,0.01955697376769301,-0.7090969019525244,0.0001065675949212106,2.938029260713871e-06,-0.0001065270870312073
101624.8692870695,15.16074357970415,-90.00160161491785,-0.1849829358215907,-6617.534204803611,-4.224149477094057e-09,0.0001511136880097595,-0.01036373564032911,2.366594968644427e-10,0.709205319490447,0.01942659965280278,-0.7089392022024714,0.0001071303353586512,2.934521327587214e-06,-0.0001070901365142235
101859.1388054117,15.12268721447343,-89.95182862674164,5.541632374360876,-6591.302061267452,1.275542623530856e-07,0.0001517149849674586,-0.01029891197555245,2.370548892306194e-10,0.709114313913253,0.02008466566281551,-0.7088298218908939,0.0001075426676573765,3.045994816358935e-06,-0.0001074995222428624
102093.948370768,15.07042228936542,-90.06480273741106,-7.41794981474047,-6558.62781073442,-1.724476826899536e-07,0.0001524707224817757,-0.01022428902629488,2.376879392845844e-10,0.7092004797497768,0.01873414758598917,-0.7089529971666245,0.0001080913450232772,2.855326904387627e-06,-0.0001080536254699963
102329.2992280754,15.02097308863089,-90.0212995784306,-2.425763213763682,-6525.292897096339,-5.697027620270757e-08,0.0001532498046560615,-0.01014892731143009,2.383527249140242e-10,0.7090457876204758,0.01931321894713632,-0.7087827089568712,0.0001086197114118169,2.958618900355202e-06,-0.0001085794100250542
102565.1926251407,14.95231501635928,-90.06945268208979,-7.856385910009974,-6481.211680405679,-1.870293471578745e-07,0.0001542919102069321,-0.01005718265388065,2.394219290433445e-10,0.7087314712101905,0.01875430834828301,-0.7084832914064655,0.0001093097327747513,2.892531963376184e-06,-0.0001092714552759703
102801.6298126474,14.92200963143863,-89.97161875176567,3.199819230263961,-6459.762466763043,7.668178962236938e-08,0.0001548044157625552,-0.01000084463309111,2.39664430139024e-10,0.7087498350014442,0.02000972874226157,-0.7084673170797897,0.0001096754034892115,3.096402940979506e-06,-0.0001096316852891921
103038.6120441616,14.86717862480521,-89.99441647217836,0.6260878234932572,-6424.646016458889,1.516829775490211e-08,0.000155650597393456,-0.00992360194736362,2.404201853477503e-10,0.7088514611080302,0.0197759496674711,-0.7085755469459406,0.0001102905071480235,3.076948610291105e-06,-0.0001102475775435354
103276.1405761397,14.83376260313905,-90.00169493718222,-0.1894211832592517,-6403.207423741189,-4.619908815895325e-09,0.0001561717328439477,-0.009867740094139201,2.406703342750096e-10,0.7086394939280671,0.01972543055861799,-0.7083649057822559,0.0001106264836921641,3.079358461829358e-06,-0.0001105836174374677
103514.2166679343,14.7761391444913,-90.03690240246016,-4.100702997897301,-6366.873879874147,-1.011592594514512e-07,0.0001570628858122895,-0.009789181453937826,2.414870713169183e-10,0.70837980557564,0.01932854612592131,-0.7081160612865942,0.0001112167968142921,3.034613593276305e-06,-0.0001111753885262878
103752.8415818013,14.73219973148559,-89.96714887920429,3.633749185110815,-6337.636715532411,9.046906929713273e-08,0.0001577874712836211,-0.009721817691156058,2.42043146823545e-10,0.7084972877894439,0.02023954027918381,-0.7082081387659177,0.0001117482024107261,3.192294851085488e-06,-0.000111702596190117
103992.0165829059,14.68785453437183,-89.97672702202594,2.562920601022298,-6309.657739262794,6.437592409895875e-08,0.0001584871757444098,-0.009656637609494907,2.425572887896475e-10,0.7084196458126775,0.02016462314497111,-0.708132602375276,0.0001122312343192457,3.19457620708186e-06,-0.0001121857595226711
104231.7429393304,14.63885538367479,-90.05250737104599,-5.755197842226838,-6280.041215963563,-1.459267482018588e-07,0.0001592344899935917,-0.009589205496862997,2.431406859609577e-10,0.7085791276089387,0.01927814297464414,-0.7083168311472584,0.0001127856561648951,3.068532391538191e-06,-0.0001127439060238202
104472.02192208,14.60880733408896,-89.96910938765411,3.374864656051415,-6259.684344192833,8.612938916261173e-08,0.0001597524179078898,-0.009536138836446516,2.433703675268544e-10,0.7082255482543225,0.020344869288411,-0.7079332690965817,0.0001130958037467801,3.248851089836383e-06,-0.0001130491299910188
104712.85480509,14.55256536612763,-89.9413089171798,6.375612604265929,-6224.038622456829,1.645799427577209e-07,0.0001606672148681672,-0.009460027754975545,2.442012331559529e-10,0.7079199430318858,0.02072539781612918,-0.7076164947396517,0.0001136941823893811,3.328564455053555e-06,-0.0001136454476336752
104954.2428652322,14.51254512440435,-89.95767392719641,4.579692157310395,-6199.417214275299,1.191610494290008e-07,0.0001613053968970492,-0.009400933845121865,2.446072171335338e-10,0.7080673362246214,0.02057363597081223,-0.7077683788720512,0.0001141693108411901,3.317308566737804e-06,-0.0001141211067323891
105196.1873823223,14.46535118304767,-89.8639503862231,14.64736310012459,-6168.562232916819,3.849365040540812e-07,0.0001621114165565296,-0.0093326307309087,2.452653408113691e-10,0.7076585172380083,0.0217649720086711,-0.7073237328217952,0.0001146736304240293,3.526938905579866e-06,-0.0001146193797600701
105438.6896391259,14.42741757067372,-89.95009091126408,5.354243621889299,-6146.685747979568,1.417149859600943e-07,0.0001626891762853084,-0.009278144709230501,2.455721550488788e-10,0.7079419207461076,0.02075610404190741,-0.7076375818840387,0.0001151279167562346,3.375428051784287e-06,-0.0001150784241380534
105681.7509213658,14.39322507222236,-89.88803974759108,11.96794199498447,-6124.599384505292,3.190527149484185e-07,0.0001632753619976383,-0.009223543875866349,2.458908936143809e-10,0.7076815653327516,0.02156091533801278,-0.7073530411623327,0.0001155002029244855,3.518941595726315e-06,-0.0001154465847292297
105925.3725177289,14.35533548792689,-89.80692065474953,20.55628851330466,-6100.000569206198,5.524335189511688e-07,0.000163932549296029,-0.009165370112718273,2.463146574101444e-10,0.7073101593606086,0.02259696880364425,-0.7069491060434383,0.0001159044524992434,3.702886580473357e-06,-0.0001158452879495818
106169.5557198725,14.3047614991069,-89.92644497594411,7.794271117698535,-6071.354062127454,2.114480439630386e-07,0.0001647076322157713,-0.009101347403187601,2.469076644179645e-10,0.7076110424387856,0.02117772347300163,-0.7072940628973257,0.0001165012083682953,3.486704173794374e-06,-0.0001164490207999939
106414.3018224316,14.26683944026214,-89.91902269733191,8.548140758882182,-6048.263475414287,2.336734625797329e-07,0.0001653363823502834,-0.009045880231781369,2.472802493194924e-10,0.7074162002463898,0.02131016508240271,-0.707095154300467,0.0001169135344095176,3.521896611593329e-06,-0.0001168604756638561
106659.6121230258,14.21334637371126,-89.88320995548666,12.26172375144234,-6015.444641927576,3.388552776097484e-07,0.0001662380596240942,-0.008976103799760099,2.480575198338068e-10,0.7073530603654095,0.02179696489761584,-0.707017145711165,0.000117540544440581,3.621991993495423e-06,-0.0001174847256514107
106905.4879222658,14.18134492680226,-89.87915028849129,12.64730603239102,-5996.176360068416,3.517606860663053e-07,0.000166772204672703,-0.008926773787792566,2.482822850712332e-10,0.7072382800703326,0.02189039047483943,-0.7068994239647542,0.0001178988755952375,3.649197867326425e-06,-0.0001178423872023407
107151.9305237606,14.14513573811615,-89.85223180432375,15.40742173189597,-5974.074983572368,4.317036721393707e-07,0.0001673888177348396,-0.008873415153508016,2.486276712998214e-10,0.7073309857340049,0.02227240234705416,-0.706980242632798,0.0001183502020540747,3.726605183665409e-06,-0.0001182915159258912
107398.9412341245,14.09262983412275,-89.81670731603158,19.00976899560111,-5942.276548259681,5.383524273947346e-07,0.000168283949412887,-0.008805884629839143,2.493832451737689e-10,0.7069595183595352,0.02274588341513275,-0.7065935078861192,0.0001189205914381319,3.826179347280157e-06,-0.0001188590232990223
107646.5213629835,14.06118382391003,-89.76231542128995,24.56974596729534,-5922.700917169553,7.004120155314103e-07,0.000168838981579471,-0.008756689166423715,2.496320420192709e-10,0.7066592158027708,0.02345386547668944,-0.7062698942140946,0.000119262317028539,3.958290329303977e-06,-0.0001191966115318916
107894.6722229828,14.02129560557988,-89.75424313246938,25.30280841244121,-5899.062987386147,7.271008799923228e-07,0.0001695153288656145,-0.008701681136883412,2.500558955061653e-10,0.7067884862125567,0.023604953374026,-0.7063942032738149,0.0001197618088590948,3.999742453724374e-06,-0.0001196949995676772
108143.3951297938,13.97461446477784,-89.6212675635638,38.7976311278027,-5869.336577869414,1.126181019982931e-06,0.0001703695628249676,-0.008637919383951632,2.507443274001857e-10,0.7065187620224663,0.0252820590213094,-0.7060662706725208,0.0001203206740349485,4.305553576139238e-06,-0.0001202436144193417
108392.6914021203,13.94014051144132,-89.61194960402308,39.61475166985229,-5849.042793887013,1.157890308215193e-06,0.0001709603033693064,-0.008588254991746962,2.510356107164796e-10,0.7061861028559807,0.0254323752101854,-0.705727997289385,0.0001206809204135771,4.346166592993045e-06,-0.0001206026342490663
108642.5623617066,13.91545905682841,-89.43058309090937,57.95519064863819,-5831.366172849667,1.704153917907803e-06,0.0001714694645810867,-0.008542607346630645,2.512174589436678e-10,0.7058409163719452,0.02770019005860695,-0.7052971704859623,0.0001209841335811985,4.747930328976735e-06,-0.0001208909332248886
108893.0093333433,13.890673772377,-89.36195805738117,64.76594285915689,-5815.701980386943,1.914646260706408e-06,0.000171926965910856,-0.008500065554203455,2.513147555113414e-10,0.7056382773125035,0.02858435361779358,-0.7050590848551705,0.0001212733981728033,4.912604388477191e-06,-0.0001211738561840036
109144.0336448757,13.86428213778974,-89.40423026527067,60.32378717104531,-5801.190695303742,1.792286189038315e-06,0.0001723597680246624,-0.00845935544200632,2.513639485822148e-10,0.7054587875267176,0.02810474210423316,-0.7048987334148935,0.0001215465539133893,4.842287900857287e-06,-0.0001214500597616389
109395.6366272094,13.85509986658854,-89.3678105505672,63.94517180106488,-5795.161220315219,1.903811034122621e-06,0.0001725367461687217,-0.008431127444055862,2.510467533081543e-10,0.7055213021521646,0.02860316367194664,-0.7049412506148592,0.0001216827246398067,4.933247059023795e-06,-0.0001215826819461622
109647.8196143185,13.8273653477712,-89.24437411913266,76.19081609830425,-5776.87876923883,2.282656591011186e-06,0.0001730737518425018,-0.008385199222392205,2.512620379188031e-10,0.7051918397111763,0.03015565141355041,-0.7045467816142926,0.0001220073898390008,5.217321175141431e-06,-0.0001218957863713153
109900.5839432521,13.79459284401315,-89.33116687980066,67.23755209293641,-5759.662396622729,2.026556221409872e-06,0.0001735976295948839,-0.008340981531420736,2.51433478478291e-10,0.7052648105165079,0.02913939987639977,-0.7046625776410502,0.0001223868057748148,5.056651090327051e-06,-0.0001222822984225965
110153.9309541415,13.76890859199479,-89.50204916452198,49.9570468558388,-5748.069231437664,1.511889231974996e-06,0.000173958320649646,-0.008305047522984839,2.513611423257442e-10,0.7057469039409002,0.02710431134557969,-0.705226239393181,0.0001227209509993665,4.713115772720416e-06,-0.0001226304136578762
110407.8619902073,13.73767325919444,-89.46129497632221,53.87131550511371,-5729.495598391763,1.64091622049332e-06,0.0001745200052104478,-0.008259172213552922,2.515960054020986e-10,0.7056809762912246,0.02765163715978622,-0.7051390127214061,0.0001231062381941685,4.823835621220636e-06,-0.0001230116925020495
110662.3783977666,13.70224596053546,-89.48453989553174,51.36928407118073,-5709.779947275075,1.575540677090829e-06,0.0001751239233099679,-0.008211821539831911,2.518841039293127e-10,0.7054052277043507,0.02740324713232164,-0.7048727525725702,0.0001234832567953461,4.797018890374655e-06,-0.000123390045459716
110917.4815262401,13.67458242508162,-89.49732027849399,49.95995958142417,-5694.324360109496,1.540650912315381e-06,0.0001755999423122894,-0.0081707577291648,2.519868803121926e-10,0.7052774002643892,0.02728956388754022,-0.7047492398197556,0.0001237959695484789,4.790084041749745e-06,-0.0001237032625734701
111173.1727281591,13.64099642640218,-89.62412975876254,37.24690229895483,-5677.650032643928,1.15540496835338e-06,0.0001761216276090858,-0.008128094626306027,2.521456686773713e-10,0.7055942102416046,0.02578989558782722,-0.7051227345732392,0.0001242171614507038,4.540212458564521e-06,-0.000124134159962926
111429.453359173,13.60432068071457,-89.58115021389004,41.34970626497664,-5656.255603626491,1.292382789802049e-06,0.0001767859570755867,-0.008078842815522807,2.525172812668149e-10,0.7056009344614526,0.02636780769384105,-0.7051080891822867,0.000124687285688697,4.65947564740108e-06,-0.0001246001946190536
111686.3247780561,13.55755930263407,-89.5898987545407,40.29997270809984,-5630.265561542406,1.271231784809741e-06,0.0001776024165225755,-0.008023225733501801,2.530994795003872e-10,0.7053237203993267,0.02629865160174686,-0.7048332650222161,0.0001252135227952562,4.668702776585332e-06,-0.0001251264540582129
111943.7883467151,13.5178193967987,-89.61068385634367,38.10958262589845,-5608.512964650182,1.211486794706605e-06,0.000178292149282081,-0.007973846292876955,2.53496754528976e-10,0.7056485687362282,0.02610391328227016,-0.7051655750749883,0.0001257571105260859,4.652107087357965e-06,-0.0001256710338443905
112201.8454301964,13.5003703581222,-89.60402077091248,38.69377095009725,-5598.663537333913,1.234387672078108e-06,0.0001786055243752567,-0.007941535838903795,2.533586656768844e-10,0.7056861000217612,0.02623638662517657,-0.7051982159512157,0.0001259846830206723,4.683927956748405e-06,-0.0001258975820844677
112460.4973966926,13.45339040146449,-89.65524190589852,33.53776543039319,-5573.615979718264,1.079553856702961e-06,0.0001794102424377165,-0.007887823321100008,2.53911919703311e-10,0.7052500708166375,0.02563928264973643,-0.7047838601813177,0.0001264731222077875,4.597915352387403e-06,-0.0001263895162400673
112719.745617551,13.43119409726354,-89.65140480112204,33.83601291696207,-5561.283749577952,1.09398910560042e-06,0.0001798079416189435,-0.007852269305903631,2.538896969971184e-10,0.7052683418925224,0.02573642078331909,-0.7047986029505817,0.0001267565414164053,4.625558093500765e-06,-0.0001266721161273171
112979.5914672798,13.394796358808,-89.71523756371155,27.54633630358553,-5542.429811043565,8.967114469073557e-07,0.0001804218245384752,-0.007807649945547297,2.541674487815496e-10,0.7051271993713391,0.02499557981025662,-0.7046840343609447,0.0001271627930250731,4.507708318140583e-06,-0.0001270828725503801
113240.0363235557,13.36153816461018,-89.74507174568521,24.58166180321815,-5524.755129643264,8.053350001588648e-07,0.0001809999140345533,-0.007764851697350823,2.543941369321614e-10,0.7054382090332089,0.02468902192504921,-0.7050060417899734,0.0001276259158913017,4.466669079299194e-06,-0.0001275477293973893
113501.0815672315,13.33283306108868,-89.83630765516125,15.74394104572133,-5510.697042170752,5.184380142198901e-07,0.0001814637658521245,-0.007727280322204203,2.544565273171556e-10,0.7052685086018889,0.02361031302626451,-0.7048731959326688,0.0001279211850659649,4.282424615960024e-06,-0.0001278494834877695
113762.7285823431,13.28414932380557,-89.89303808058443,10.24015349197363,-5485.287645129794,3.403346280893448e-07,0.0001823052097931516,-0.007673960126329172,2.550472968667874e-10,0.7055316531544963,0.02297068612070066,-0.7051576144253572,0.0001285617245549709,4.185710178536149e-06,-0.0001284935673520255
114024.9787561168,13.24262900815429,-89.90129182859724,9.411594042699912,-5463.013608546413,3.153532654794471e-07,0.0001830486071751087,-0.007625220626772639,2.554982026079916e-10,0.7056125894178849,0.02292160179554048,-0.7052401906557363,0.0001291004630254169,4.193787709385641e-06,-0.0001290323281120884
114287.8334789772,13.19099611562604,-89.95149522366917,4.602093142335946,-5436.174969496205,1.557285499803103e-07,0.0001839527404717406,-0.007570308155914984,2.561690779529121e-10,0.705483961762929,0.02234956649717023,-0.7051298583822035,0.00012971405030344,4.109310700174662e-06,-0.0001296489429640396
114551.2941445536,13.15452637329984,-89.92349403077357,7.232131757014749,-5416.183658325303,2.465351172493104e-07,0.0001846315191857344,-0.007525121460681483,2.565232592198023e-10,0.7054285795734783,0.02274247948564409,-0.7050618841675532,0.0001301822536136581,4.196976586904997e-06,-0.0001301145823628535
114815.3621496883,13.10649855138643,-89.92902992624859,6.677308107948146,-5390.742283448434,2.297754419049235e-07,0.0001855029257823997,-0.007472547795710094,2.571411380955489e-10,0.7055098210942182,0.02272718005602805,-0.7051436612117397,0.0001308114343995316,4.213938536496186e-06,-0.0001307435432121739
115080.0388944436,13.06432752102277,-89.90794473134119,8.624684056878701,-5368.05310645529,2.993012056879332e-07,0.0001862867968685198,-0.007423982428923341,2.576340899196025e-10,0.7050750404861268,0.0230228057452288,-0.7046990585577156,0.0001312830211284962,4.286782710396633e-06,-0.0001312130143340172
115345.3257821092,13.01487835184028,-89.86419177120905,12.66041975828414,-5341.26147569463,4.437700487831901e-07,0.0001872206380899668,-0.007369940311313122,2.583308617768003e-10,0.7048144011024096,0.02360261265513975,-0.7044190916472947,0.0001318922659535307,4.416768528907429e-06,-0.0001318182915005308
115611.2242192099,12.97224928294237,-89.92881680250544,6.609543225830087,-5320.057960816539,2.335275102468927e-07,0.0001879675867922957,-0.007323800329230074,2.58763947503932e-10,0.7049261888250768,0.02286220457780029,-0.7045553571532125,0.0001324389091993872,4.295265921704105e-06,-0.0001323692387248086
115877.7356155126,12.92268999320192,-89.8987242864298,9.357152684336707,-5293.715342179834,3.339036684224609e-07,0.0001889026536135236,-0.007270775180012544,2.594535081344628e-10,0.7046333750708473,0.0232732046865094,-0.7042489270189577,0.0001330422621267786,4.394228130510332e-06,-0.0001329696742529946
116144.8613840343,12.89177893310596,-89.84477099795654,14.29599457137189,-5276.708205377041,5.134344779703828e-07,0.0001895106989096883,-0.007230747741498999,2.596910920558021e-10,0.7046567900948825,0.02398788246950335,-0.7042483747382401,0.0001334749179085693,4.543744825032121e-06,-0.0001333975565505767
116412.6029410491,12.85377202998966,-89.73582045750408,24.23054854024679,-5255.13185186699,8.773780780950114e-07,0.0001902861372151163,-0.007184619102176049,2.601575982946816e-10,0.7042549225334708,0.02536336684795393,-0.7037980502493318,0.0001339452656235348,4.823967573183536e-06,-0.0001338583711234085
116680.9617060962,12.83140508300895,-89.77335853791033,20.74440704651746,-5244.233610649092,7.542757943263394e-07,0.000190682648264429,-0.007153229538558503,2.600986523717377e-10,0.7042682238264856,0.0249536603518943,-0.7038260054351182,0.000134226228575726,4.755909190387687e-06,-0.0001341419463308768
116949.9391019871,12.78910092737707,-89.78095141131261,19.96691676550458,-5222.651712322123,7.320192982517391e-07,0.0001914708157682187,-0.007107407173068755,2.605727923764374e-10,0.7041778190963889,0.02490823923518145,-0.7037371530092393,0.0001347633600848883,4.766861326928319e-06,-0.0001346790267801899
117219.536554813,12.74263444115878,-89.70369323125648,26.8795549321203,-5197.557010248907,9.949744646304789e-07,0.0001923929364425257,-0.00705698823332433,2.612286884596514e-10,0.7037014128478769,0.02589077081468134,-0.7032249614673243,0.0001353212759722107,4.978776621135105e-06,-0.0001352296547141345
117489.755493953,12.70465042462746,-89.77585811822834,20.26243723738298,-5179.514889505752,7.552780520028517e-07,0.0001930653193510361,-0.007016317244147642,2.615357401673055e-10,0.7038679246908501,0.02506219893108233,-0.7034215959105486,0.0001358252439816731,4.83624720650058e-06,-0.0001357391160117033
117760.5973520807,12.6572122291439,-89.66646832305516,30.00050243057933,-5153.581729590761,1.129524032164651e-06,0.000194033230902294,-0.006965131167262687,2.622472627204952e-10,0.7033738527864589,0.02643793077374752,-0.7028768118241415,0.0001364113210027115,5.127334556350127e-06,-0.0001363149255879636
118032.063565173,12.61836554193103,-89.64393440368806,31.90332291969194,-5133.610893557761,1.2105235739114e-06,0.0001947871393078086,-0.006922183048752513,2.626619618807754e-10,0.7031611338178577,0.02675771849284867,-0.7026518374081666,0.0001368999321871319,5.209516952770347e-06,-0.0001368007761891727
118304.1555725165,12.56689229094417,-89.59775580446792,35.85430019435587,-5107.012981151872,1.374630328357622e-06,0.0001957995245522197,-0.006870480216449997,2.634226836602363e-10,0.7027346901831959,0.0273589729931942,-0.7022019163913111,0.0001375284098431054,5.354276803545281e-06,-0.0001374241435624912
118576.874816716,12.52448771015621,-89.58374133230109,36.94815005072602,-5085.625783262082,1.428502403145493e-06,0.0001966222569442502,-0.006825972461939511,2.63922083730858e-10,0.7026601662757388,0.02757944168827432,-0.7021187105232362,0.0001380915628045944,5.420099767712534e-06,-0.0001379851522314024
118850.2227437018,12.47409226269611,-89.48033337789042,45.88395228847786,-5058.790795229846,1.792799214853326e-06,0.000197659436762878,-0.006774337839188239,2.647118675328695e-10,0.7026298559438313,0.02889708618592321,-0.7020353786481223,0.0001388157242046272,5.70907984106945e-06,-0.0001386982757420705
119124.2008027375,12.43794775453864,-89.31123479078418,60.56420350227621,-5037.864934346582,2.385943795983502e-06,0.0001984681031040936,-0.00673079946415187,2.652000562213297e-10,0.7020443228415709,0.03099489881107266,-0.7013597846196852,0.0001392714981334899,6.148765614173563e-06,-0.0001391356994943018
119398.8104464273,12.37774039844531,-89.17362453368695,72.20374548865091,-5005.815377806255,2.880843886803018e-06,0.0001997261019081676,-0.006672597981541518,2.662841418916171e-10,0.7016498353428641,0.03271283459947777,-0.7008868395747886,0.0001400796369165837,6.530895843462848e-06,-0.0001399273099797311
119674.0531307244,12.33601507986641,-89.04777896264136,82.82388910252915,-4983.110211772103,3.334530351708649e-06,0.0002006224584128589,-0.006627055752084488,2.66882218458331e-10,0.7011715165844714,0.03428082178542162,-0.7003330071666506,0.0001406168400461687,6.874866875843948e-06,-0.0001404486806987136
119949.9303149379,12.30395161413913,-88.83789761797749,100.6871569504359,-4963.554102094551,4.085167664335086e-06,0.0002013856715413658,-0.006585866024084076,2.673174881662532e-10,0.7005981006259773,0.03686790047719368,-0.6996273697584527,0.0001410455392424068,7.422305168819292e-06,-0.000140850110138978
120226.4434617413,12.25652260696137,-88.59384847703072,121.1621406294211,-4935.944219203014,4.970096783105312e-06,0.0002024734818814448,-0.006534169178530297,2.681945130999081e-10,0.6997609520969058,0.03985206621957837,-0.6986252234908201,0.000141651150156507,8.067170651921142e-06,-0.0001414212469833796
120503.5940371797,12.24229992386861,-88.1910673501481,155.4210157522122,-4921.13915248215,6.411290916178043e-06,0.0002030024999698783,-0.006499587236534553,2.683826804854868e-10,0.6987954908487219,0.04475263090789026,-0.6973609826032199,0.0001418529449859193,9.084621428283387e-06,-0.0001415617450255648
120781.383510678,12.23085805713082,-87.8013011047375,188.4239168334048,-4907.718530241017,7.811546679745435e-06,0.0002034607550586316,-0.006466954100774106,2.684976474038864e-10,0.6972831206158513,0.04944047433925094,-0.6955281373121361,0.0001418988865552207,1.00612621359677e-05,-0.0001415417429942232
121059.8133550482,12.25827215330554,-87.38439965465427,224.3995607340191,-4912.147648505996,9.280551692259187e-06,0.0002031529831112465,-0.006457903393292802,2.676385814597554e-10,0.6968178249470315,0.05451577867215752,-0.6946820215319237,0.0001416326614899722,1.108067926810405e-05,-0.0001411985458412744
121338.8850464977,12.32745384354512,-86.91182436729638,266.2659079832804,-4935.320548304346,1.089990116773603e-05,0.0002020330226090832,-0.006473445513403549,2.657692717443075e-10,0.6959261134800838,0.06021866911667375,-0.6933158496048616,0.0001407290742602791,1.2177323704089e-05,-0.0001402012308418189
121618.6000646368,12.41052236305922,-86.70545985544121,286.1560611442865,-4971.091647821329,1.154151187289924e-05,0.000200498682590095,-0.006505368487164906,2.632499889987118e-10,0.6953697611212299,0.06271750980160724,-0.692535644314487,0.0001395763392157512,1.258881376826248e-05,-0.0001390074682769903
121898.9598924867,12.49516731605271,-86.76659193881576,283.2513113446851,-5013.865293833456,1.123162901924795e-05,0.0001988124067827962,-0.006546253111710734,2.604038914123598e-10,0.6961136303592679,0.06209728169605204,-0.6933383834592749,0.0001385417263615455,1.235870730485505e-05,-0.0001379893919726812
122179.9660164872,12.55854467579874,-87.13953654829959,252.4897783049701,-5053.229237907571,9.863314710653315e-06,0.000197400427903089,-0.006582473690334426,2.577811348852473e-10,0.6969523722630816,0.05770498693823396,-0.6945593881631688,0.0001376754828740631,1.139900265374805e-05,-0.0001372027744730634
122461.6199265049,12.55588686126007,-87.61974885254251,210.4115566250991,-5061.969185099731,8.197489274284954e-06,0.0001972108317964232,-0.006578693129087931,2.567441959662209e-10,0.6982593642212791,0.05203190007984489,-0.6963180459364715,0.0001377479919768167,1.026450932416809e-05,-0.0001373650215374323
122743.9231158407,12.50148259103198,-88.10542941145047,166.8768523332319,-5044.865772463091,6.549707826687484e-06,0.0001980046745399287,-0.00654138554920438,2.570221286517068e-10,0.6995690417689995,0.04626725470515238,-0.6980373810503594,0.0001385177014518422,9.161116904256697e-06,-0.0001382144259929774
123026.8770812382,12.44284815055291,-88.45534102931218,135.4458417333069,-5022.852949290455,5.364744729253465e-06,0.0001989453758099015,-0.006497863672304764,2.575548116767539e-10,0.7001021742925078,0.04208875222382897,-0.6988358830121262,0.0001392559627869455,8.371791902165526e-06,-0.0001390040872494977
123310.4833228909,12.36697441087735,-88.65529021988628,117.124945382732,-4989.576898133279,4.702001026811731e-06,0.0002003074206072389,-0.006439970113454425,2.586761636257353e-10,0.7002373881586351,0.0397108390430666,-0.6991104698384388,0.0001402237353388086,7.952163478016835e-06,-0.0001399980680166235
123594.7433444511,12.30044735660703,-88.71796898410386,110.9670496516105,-4958.44672870341,4.511129343364764e-06,0.0002015751036509633,-0.006385071772281133,2.597015130649472e-10,0.7001998816156031,0.03899751820359988,-0.6991130579444675,0.0001410997099675846,7.858525333205266e-06,-0.0001408807003550304
123879.6586530369,12.22424829812189,-88.74559876706886,107.7820703348184,-4922.245662262725,4.446433156873283e-06,0.0002030619401814401,-0.006323877033403076,2.610098197373979e-10,0.7002756979305856,0.03871827753653206,-0.6992045109242165,0.0001421539828049018,7.859700651369987e-06,-0.0001419365348772725
124165.2307592411,12.18097260853999,-88.67551028731042,113.2954044976658,-4900.145411262027,4.7158747138297e-06,0.0002039665416396949,-0.006281004426944831,2.615839923482275e-10,0.6995684559558996,0.03958737713401573,-0.6984474669867238,0.0001426466034691002,8.07212623774113e-06,-0.0001424180264547739
124451.4611771385,12.11515194284198,-88.61425827641574,117.7503127721915,-4867.631764689529,4.966753090587917e-06,0.0002053185638486494,-0.006224978390561286,2.627256136690532e-10,0.6994391780741752,0.04038046252943907,-0.6982725700405154,0.0001435688810426915,8.288608935662293e-06,-0.0001433294197496179
124738.3514242943,12.06817751517753,-88.50424816851645,126.4658169550123,-4843.257595757572,5.387682650122658e-06,0.0002063319207277982,-0.006179562085202113,2.634405129891288e-10,0.6989610303547277,0.04174654403497863,-0.6977132276341607,0.0001441854275059477,8.611700849079466e-06,-0.0001439280240730028
125025.903021772,12.04057487119677,-88.14054119320809,156.5810896459059,-4823.062301243196,6.72412951688513e-06,0.0002071188523141898,-0.006139641366552292,2.639351668871866e-10,0.6980889756797433,0.04617106887090109,-0.6965604427218873,0.0001445812597110422,9.562493510315251e-06,-0.0001442646851363736
125314.1174941416,12.02430908983233,-87.86836187995799,179.030354390446,-4809.892668834449,7.72777796232118e-06,0.0002076172093492355,-0.006108794518081803,2.640491332846017e-10,0.6972591227654066,0.049474719395252,-0.6955016437222455,0.0001447804400136535,1.027304112592674e-05,-0.0001444155131437483
125602.9963694875,12.01874703347078,-87.49812286174821,209.7132266983159,-4799.614177622118,9.086253027664167e-06,0.0002079530678137673,-0.006081720527234737,2.640060042712146e-10,0.6960257635876129,0.05392649470713484,-0.6939335679633325,0.0001447956040927323,1.121843441178919e-05,-0.0001443603605354589
125892.5411794168,12.04490522220049,-87.11920562408811,241.7363886498108,-4803.814385492465,1.044891576817852e-05,0.0002076421020448395,-0.006073042914095091,2.631685049606024e-10,0.695367582572298,0.05851326729023917,-0.6929013439469307,0.0001444868917680717,1.215817407922093e-05,-0.0001439744445929826
126182.7534590671,12.10276995796331,-86.90063048183467,261.3273818072839,-4826.25533221429,1.118646538619291e-05,0.0002065942644256015,-0.006087380182226695,2.613423772069722e-10,0.6948416109430349,0.06116405125376095,-0.6921443658169437,0.0001436772656745054,1.264731919233912e-05,-0.0001431195374117367
126473.6347471152,12.18506774538408,-86.69717529816938,280.5089792925272,-4860.740706198053,1.183308307641843e-05,0.0002050470852463818,-0.006116776133035556,2.58891431675892e-10,0.6947872631026629,0.06367072121434142,-0.6918637006157604,0.0001426180561327017,1.306960414272128e-05,-0.0001420179403548123
126765.1865857846,12.25189239457298,-86.93114616378638,262.5783238000582,-4897.67218956183,1.091523083269212e-05,0.0002035934334497118,-0.006149075780241729,2.563482860176465e-10,0.6959369225208554,0.06100010202487193,-0.6932583845008686,0.0001418086849627516,1.242978202594437e-05,-0.0001412628884373119
127057.4105208542,12.29861211783989,-87.21441454691434,239.6853590777,-4926.123405285574,9.853805744051036e-06,0.000202519934023886,-0.006170571925068448,2.54281546692957e-10,0.6965261783691584,0.0576753580502621,-0.6941341874791349,0.000141144331626444,1.168735665094501e-05,-0.0001406596176761092
127350.3081016662,12.29446997647567,-87.67380533910423,200.4149872646724,-4933.646852963703,8.220117285145672e-06,0.0002023559032603358,-0.006165782366950343,2.533098465793529e-10,0.6976942536609105,0.05225040213800546,-0.6957349833577953,0.0001412155854209518,1.057565127945669e-05,-0.0001408190227412386
127643.8808811344,12.26672091116653,-88.04543057893116,168.1688956548464,-4927.750263808908,6.917398373553078e-06,0.0002026962924827005,-0.006144249198580219,2.530296657415906e-10,0.698256959232843,0.04783037493273875,-0.6966168504643638,0.0001415325146278685,9.694931286129701e-06,-0.0001412000743776186
127938.1304157525,12.23043063532191,-88.44550287672493,133.4677090956794,-4918.156414185079,5.513810181501871e-06,0.0002031785897464713,-0.006118183075467936,2.529401635122891e-10,0.6993490558114245,0.04308763831234327,-0.6980204562109878,0.0001420603889659605,8.752491488208449e-06,-0.0001417905074605096
128233.0582656022,12.18321329242886,-88.75082668459767,106.8779459115828,-4901.389466307438,4.446755188078124e-06,0.0002039268143881125,-0.006083301545890275,2.532216991015393e-10,0.6999358119563404,0.03945595258599813,-0.6988228449789782,0.0001426841675600631,8.043222898235741e-06,-0.0001424572856603602
128528.6659943616,12.11995296380383,-88.97950838082781,86.84770406474229,-4875.572341717696,3.652324478827886e-06,0.0002050390669933777,-0.006037341417832346,2.539770806898314e-10,0.7005825650401368,0.03675610597109377,-0.6996176949678011,0.00014358320465384,7.533101377741871e-06,-0.0001433854561742549
128824.9551693134,12.07327440427887,-89.15556031902157,71.5847278516101,-4856.718485365034,3.034171868834406e-06,0.0002058556209599557,-0.006000163191485067,2.543766249671802e-10,0.7005483743409413,0.03466043092421454,-0.6996904167700766,0.0001441403709284062,7.131509475922726e-06,-0.0001439638430439162
129121.9273613534,12.00918672671557,-89.24223418115211,63.85847755685631,-4828.1511651829,2.738929640167032e-06,0.0002070823928076345,-0.005951151284965595,2.55293215019786e-10,0.7006241459522788,0.03366160136351477,-0.6998150401963392,0.0001450115698043389,6.967104522520452e-06,-0.0001448441052707735
129419.5841449986,11.96843861930174,-89.37773641372596,52.25783053636959,-4811.522769018707,2.257018188452896e-06,0.0002078098974329312,-0.005917015091244397,2.555863090599058e-10,0.7010158611309384,0.03208056299569516,-0.7002814255961887,0.0001455978176415079,6.662987558296754e-06,-0.0001454452787090999
129717.9270983956,11.91799679314902,-89.48614229297372,42.96010463494325,-4789.977175775815,1.872248580051655e-06,0.0002087524702752148,-0.005876971378395597,2.561454746982629e-10,0.7009647769825544,0.03080962895077307,-0.70028735911347,0.0001462443994014982,6.427905979933367e-06,-0.000146103067664639
130016.9578033291,11.88000131281571,-89.49807520953183,41.80975060365438,-4772.549629662713,1.835453309702219e-06,0.0002095155289617268,-0.005842121501267479,2.564895516083105e-10,0.7008071809802575,0.03071332737407503,-0.7001338418010575,0.0001467452850873352,6.431206905136244e-06,-0.0001466042914552866
130316.6778452299,11.83898160051717,-89.52154496435095,39.69987513753279,-4754.015007971518,1.756457957843375e-06,0.0002103338477395863,-0.005806048777197388,2.568973256615854e-10,0.7008956536938886,0.03048695281569105,-0.7002322922252281,0.0001473361013861261,6.408698281026116e-06,-0.0001471966553900108
130617.0888131842,11.79127892493499,-89.64701608583735,29.16732726512732,-4734.333611421864,1.301255072009197e-06,0.0002112149518688313,-0.005768713752161335,2.573719860179316e-10,0.7010194190223596,0.02901528997634159,-0.7004186882101558,0.0001479766558115856,6.124774095545417e-06,-0.0001478498488584246
130918.1922999407,11.75760425899923,-89.59638871979371,33.23576487649044,-4717.998854845469,1.493029760430896e-06,0.0002119437517427462,-0.00573558820251827,2.576690762483079e-10,0.7005391813613367,0.02967069061640084,-0.6999105619582817,0.0001483859696099148,6.284750822294874e-06,-0.0001482528174578015
131219.9899019203,11.72079620838231,-89.61650596225522,31.46912235526415,-4701.561936450718,1.423576634930614e-06,0.0002126857446118374,-0.005702460600691486,2.579752072003651e-10,0.7007903991685054,0.02949245859940551,-0.7001695355073052,0.0001489580637888643,6.268835210289964e-06,-0.0001488260947308421
131522.4832192238,11.68954201935365,-89.67753684861225,26.38693306976035,-4688.423871047208,1.200387383598803e-06,0.0002132845393168553,-0.005673446973651245,2.581031251994256e-10,0.7010352624860849,0.02881379103802109,-0.7004428632622016,0.0001494282211198935,6.141764571532208e-06,-0.0001493019490663255
131825.6738556407,11.65421204273191,-89.68176464536863,25.95248306099808,-4672.492967074417,1.188688895381666e-06,0.000214011911332568,-0.005641164808960996,2.583874853002746e-10,0.7006861103029574,0.02880500196573746,-0.7000937773136124,0.0001498626475808916,6.160809804395494e-06,-0.0001497359594837144
132129.5634186575,11.63784458180345,-89.61572252953124,31.28064938241246,-4663.87559600958,1.438011335258926e-06,0.0002144043076378746,-0.005617810547959246,2.582695311174209e-10,0.7008092041441012,0.02967450920637754,-0.7001806653403456,0.0001501644230543302,6.358443251096107e-06,-0.0001500297442198128
132434.1535194665,11.58703305424607,-89.73944658160113,21.11534650036229,-4643.239398658033,9.793706383544942e-07,0.0002153624300609243,-0.005580090049405879,2.588207288169494e-10,0.70067788687766,0.02821468529025803,-0.7001095862029848,0.0001508049344279667,6.072567501828407e-06,-0.0001506826206692699
132739.4457729739,11.5713620939763,-89.70483415127943,23.88077390983607,-4635.547974914527,1.111308691368028e-06,0.0002157185011350973,-0.005558034161217539,2.586539121649654e-10,0.7006556593658526,0.02869432294920416,-0.7000678458777295,0.0001510494746561065,6.186009274531217e-06,-0.0001509227520393833
133045.4417978092,11.53273195502926,-89.73965883681971,20.98754952625754,-4618.899753686962,9.83729497689272e-07,0.0002164973061236563,-0.005525335686151429,2.589891647432807e-10,0.7004205174150414,0.02831705436830669,-0.6998478732180706,0.0001515430355697522,6.126680002470691e-06,-0.000151419138228437
133352.1432163324,11.50751751059049,-89.76562812909144,18.84980049767571,-4608.095609516476,8.876801910100319e-07,0.0002170057551193955,-0.005499733088690124,2.589993357880266e-10,0.7004791612431384,0.02806005725605776,-0.6999169154425955,0.0001519109071134433,6.08530415645487e-06,-0.0001517889744788883
133659.5516546442,11.48278516967379,-89.8575979206656,11.42953893184443,-4598.689831211184,5.404528251001615e-07,0.0002174518959914329,-0.005475884134901352,2.589321712214348e-10,0.7007866166974021,0.02700638424887664,-0.700266047550496,0.0001522887754149453,5.868789568255661e-06,-0.0001521756499128135
133967.6687425935,11.45141153375883,-89.90461726186857,7.63385446847862,-4585.60161906797,3.63036280189826e-07,0.0002180732893314708,-0.005447741022702649,2.590739875260175e-10,0.7008222155678425,0.02649121721376864,-0.7003213499843857,0.0001527309976531061,5.773261669260467e-06,-0.0001526218434360277
134276.4961137863,11.41545688734199,-89.95484645699194,3.601996398439923,-4570.60808472883,1.724229366252953e-07,0.0002187891327358321,-0.00541744006340427,2.593260518698679e-10,0.7007243281415068,0.02593194018286298,-0.700244327736911,0.0001532103204300232,5.669905703611167e-06,-0.0001531053704335107
134586.0354055948,11.39533052590823,-90.0049715109469,-0.3958914817087328,-4562.578908599304,-1.901758547631262e-08,0.0002191742899144941,-0.005395485381243479,2.591849280354531e-10,0.700870859160178,0.02538306066511345,-0.7004110660542117,0.0001535116153261598,5.559647107161207e-06,-0.0001534109069267589
134896.2882591653,11.35928520011998,-90.05545510337784,-4.401545418959646,-4547.640915469046,-2.12829806598862e-07,0.0002198940245740135,-0.005365451788512608,2.594382262380492e-10,0.7007474537654876,0.02482012287074735,-0.700307757674792,0.0001539882088135626,5.454185017528437e-06,-0.0001538915862528031
135207.2563194277,11.33387998710115,-90.11177169810418,-8.851645052056806,-4537.474767655644,-4.299261799000388e-07,0.0002203860617747789,-0.005341144832648886,2.59421465660683e-10,0.7010456399236202,0.02420076991498507,-0.7006277984717992,0.0001543981967305731,5.329974286370715e-06,-0.0001543061713858502
135518.9412351036,11.29477487587751,-90.2173741540189,-17.15703271993231,-4522.252665293234,-8.389310752786685e-07,0.0002211255496860325,-0.005310983535085958,2.596960286071295e-10,0.7011617795570728,0.02297206835410432,-0.7007853631370846,0.000154942276653608,5.076352810439382e-06,-0.0001548590963965215
135831.3446587154,11.25377492939432,-90.31539996391308,-24.80554144011108,-4506.146606899099,-1.22158844495426e-06,0.0002219123754886737,-0.005279896982443272,2.600248259260594e-10,0.7011781436300951,0.02183260641443058,-0.7008381599211753,0.0001554979904414999,4.841745930596405e-06,-0.0001554225933630254
136144.4682465949,11.21050843732026,-90.36157531041891,-28.32440121365958,-4488.268575178965,-1.406001447813073e-06,0.0002227941931507548,-0.00524685386680495,2.604601550211203e-10,0.7013696996195116,0.02133276675550186,-0.7010451972639989,0.0001561588051857002,4.749705283321484e-06,-0.0001560865552722177
136458.3136588925,11.17852923637479,-90.46016652759717,-35.95071485911439,-4476.162040061818,-1.794187872462313e-06,0.0002233912643720074,-0.005220666265427765,2.605639514928202e-10,0.7015115046157749,0.02018980937421515,-0.7012209086341631,0.000156610401072747,4.507316163560235e-06,-0.0001565455263658735
136772.8825595849,11.13807352905715,-90.40372876068436,-31.41271966345889,-4457.909980493157,-1.580597847061421e-06,0.0002243092286516539,-0.005187420166750444,2.610290466457357e-10,0.7016257476822193,0.02094338599016836,-0.7013131001157045,0.0001572778974594476,4.694713278548637e-06,-0.0001572078137259619
137088.1766164854,11.09028369023464,-90.53021862657542,-41.08632533429208,-4439.689063904613,-2.084274897267181e-06,0.0002252217104420554,-0.005154335536085011,2.614975212485193e-10,0.7013727367491773,0.01944766299559107,-0.7011030625086733,0.0001578630966585744,4.377227888106922e-06,-0.0001578023991029604
137404.1975012515,11.06824046090433,-90.54365694995143,-42.04068850133583,-4430.517680555907,-2.141518202515153e-06,0.0002256869380046955,-0.005131857702601036,2.614361610220581e-10,0.7015311651330516,0.0193473150335252,-0.7012643275213208,0.0001582247661828947,4.363632792943333e-06,-0.0001581645830850891
137720.9468893947,11.01424666925839,-90.53485666604043,-41.1461766869773,-4407.599151455507,-2.117812264798193e-06,0.0002268611154878194,-0.005093569336879185,2.621911575060453e-10,0.7009956412977155,0.01950000032432274,-0.7007243674268413,0.0001589258143040994,4.420931098424639e-06,-0.0001588643126080999
138038.4264602885,10.96437785654291,-90.5331928048883,-40.82322071535337,-4386.650966338303,-2.121306847206367e-06,0.0002279446003558007,-0.005057701705346732,2.628373328177069e-10,0.7011384663606536,0.01958430285082878,-0.7008648971752091,0.0001597168245742772,4.461233854521367e-06,-0.000159654506496327
138356.6378971781,10.93445373408553,-90.5894126893634,-45.00850299115066,-4375.043736383292,-2.351168799018582e-06,0.0002285449558130948,-0.005032717240542587,2.629285417291333e-10,0.700943662158736,0.0189514382479208,-0.700687419973297,0.0001600940174062835,4.328467533885276e-06,-0.0001600354922449752
138675.5828871888,10.8841362353581,-90.55886217015451,-42.46644365795949,-4353.615181996674,-2.240291315122724e-06,0.0002296723116296439,-0.004996549227403348,2.636149843630855e-10,0.700643946331564,0.01937699433905488,-0.7003759502020696,0.0001608135533805866,4.44745627192547e-06,-0.0001607520422377274
138995.2631213353,10.84878141553091,-90.53812244004401,-40.74945405965143,-4338.609414900851,-2.164623536642531e-06,0.0002304682669378958,-0.0049678753003527,2.639183438786636e-10,0.7004895905195854,0.01968652284270832,-0.7002129013697619,0.0001613342399555447,4.534129047999056e-06,-0.0001612705139069426
139315.6802945303,10.81751422957855,-90.55492157648958,-41.89910506822217,-4325.956899744393,-2.238719239799199e-06,0.0002311410452855956,-0.00494199520643508,2.640814789110151e-10,0.7003677384360765,0.01953829392320422,-0.7000951536131605,0.0001617769848510068,4.513123758508505e-06,-0.0001617140208560261
139636.8361055938,10.77676409561841,-90.51242306015226,-38.53391981395939,-4308.494835371608,-2.075665171405087e-06,0.0002320810525930412,-0.004910726062403414,2.645419527078061e-10,0.7001172843997925,0.02011098296975503,-0.6998283791611556,0.0001623751632032899,4.664252996827633e-06,-0.0001623081586651657
139958.7322572618,10.74141312510799,-90.51319490459622,-38.46229746098889,-4294.018436631019,-2.085799553913293e-06,0.0002328634099069276,-0.004882969778987121,2.64823320612324e-10,0.7001423261459048,0.02016299493460439,-0.6998519346949508,0.0001629278519771865,4.692065215090841e-06,-0.0001628602759236191
140281.3704561958,10.74092496255503,-90.51368978944429,-38.49678581004413,-4293.728038644971,-2.087951924703111e-06,0.0002328791231215312,-0.004871409791765642,2.642321134956549e-10,0.6999743381702361,0.0202129590741457,-0.6996824353821718,0.0001628992283285349,4.703994497886578e-06,-0.0001628312962111276
140604.7524129914,10.69064793845457,-90.4922851732353,-36.71368532636336,-4272.904346705333,-2.010710651626025e-06,0.0002340155777586871,-0.00483663486806983,2.649091510297001e-10,0.6998073471288286,0.02053043108419773,-0.6995061289902941,0.0001636540501649428,4.801161651626202e-06,-0.0001635836085376056
140928.8798421875,10.6623018075545,-90.46494220909294,-34.57711079480538,-4260.914565367597,-1.904383677355011e-06,0.0002346759449349171,-0.004811970519668482,2.65043589931131e-10,0.6997612097342989,0.02092397976907766,-0.6994483095407642,0.0001641038456890717,4.906967547586359e-06,-0.0001640304661928069
141253.7544622754,10.64229831315674,-90.39898176220608,-29.60712880728897,-4251.663272163509,-1.637787343364974e-06,0.0002351906644079857,-0.004790479578422843,2.650093947079438e-10,0.6995769090790961,0.02178469348961959,-0.6992376411823273,0.0001644184867134678,5.119960780001986e-06,-0.0001643387500705723
141579.3779957082,10.60988683679737,-90.41824399073347,-30.94328229931712,-4238.884547129926,-1.722027415512422e-06,0.0002358985491823789,-0.004765096714099345,2.651969613790068e-10,0.6994372340311578,0.02160666943667916,-0.6991034230963332,0.0001648802759597319,5.09340001640757e-06,-0.0001648015857837242
141905.7521689092,10.57971976476134,-90.44519901633821,-32.84661439387251,-4227.175783480639,-1.838077314286102e-06,0.0002365502824109872,-0.004741005286794153,2.653198992268334e-10,0.6993967360497662,0.02133803319407811,-0.6990711571338605,0.0001653262586906448,5.043971488512499e-06,-0.0001652492970159603
142232.878712282,10.5545422633001,-90.36774007904624,-27.0581657971873,-4215.742318409168,-1.522412525139221e-06,0.0002371963774785037,-0.004717307523064061,2.65427596397361e-10,0.6990276442360805,0.02233293785200245,-0.6986708003724952,0.0001656881829540536,5.293501513474333e-06,-0.0001656036014473803
142560.7593602188,10.52556771967689,-90.42617864842381,-31.27910444453802,-4205.108881984854,-1.768788031787518e-06,0.0002377928139217241,-0.004694586840102645,2.654867715312137e-10,0.699038443520308,0.02168239876799673,-0.6987020961060303,0.0001661079859586186,5.152248239690608e-06,-0.0001660280618970938
142889.3958511103,10.50663856421454,-90.52553418262541,-38.51707354255418,-4199.163322004036,-2.184194010387288e-06,0.0002381226436226026,-0.004677167228305091,2.652512048374032e-10,0.6992328209219945,0.02053835947854421,-0.6989311222462912,0.000166386466777643,4.887220629229179e-06,-0.0001663146758445235
143218.7899273543,10.49375103590894,-90.44194802438,-32.33980889300803,-4192.569508807035,-1.839717190794713e-06,0.0002385030234554557,-0.004659082526262522,2.650573551669986e-10,0.6990432503195724,0.02161416012772378,-0.698709019477583,0.0001666044497190488,5.151348292931228e-06,-0.0001665247917787378
143548.9433353656,10.45774312650855,-90.5865531071565,-42.80017222487271,-4180.667586375787,-2.448548587743903e-06,0.0002391711804490897,-0.004635171087545332,2.652005951655179e-10,0.6993641117512387,0.0199219833500251,-0.6990803068210407,0.0001671510822669033,4.761441174785912e-06,-0.0001670832516470042
143879.8578255845,10.4253344583867,-90.65930230462801,-47.97511520502915,-4169.028805213583,-2.759870650456051e-06,0.0002398322586874929,-0.004611636071023791,2.653293150073627e-10,0.6996185777070896,0.01910363443047747,-0.6993577092049802,0.0001676758154691596,4.578519758656437e-06,-0.000167613293774889
144211.5351524869,10.39152444706355,-90.63339992249558,-45.93791004199205,-4155.259653252373,-2.660246142207203e-06,0.0002406294376981744,-0.004585833670976117,2.655962657078166e-10,0.6989102931249539,0.01946259074175548,-0.6986392526888451,0.0001680613952464515,4.680014284158365e-06,-0.0001679962203101131
144543.9770745927,10.35504896049662,-90.74032030967288,-53.5307368405451,-4142.68603321848,-3.118650250587316e-06,0.0002413489818771908,-0.004561441944580136,2.657896782978511e-10,0.6995388044414389,0.01823780221201728,-0.6993010235155052,0.0001687187127247059,4.398695958827173e-06,-0.0001686613633804246
144877.1853544762,10.32924911067993,-90.76240547675332,-54.99781989123983,-4132.914929022031,-3.219256957466443e-06,0.0002419171371916569,-0.004540216865221031,2.658053180057825e-10,0.6993559340656074,0.01802633446100296,-0.699123575470516,0.0001690719425183913,4.357934544274669e-06,-0.0001690157689490836
145211.1617587742,10.28472138832797,-90.74132178827094,-53.24782631605257,-4115.224344726298,-3.143707610293012e-06,0.0002429594405185891,-0.004510385348223559,2.663340023618225e-10,0.6994343623514628,0.01834858012755886,-0.6991936476007916,0.0001698180148642547,4.454913313615585e-06,-0.0001697595709225386
145545.9080581966,10.25319955514697,-90.83027590327927,-59.4814803401073,-4104.417837554228,-3.53010346803816e-06,0.0002435887533360224,-0.004488194797617432,2.664210682211218e-10,0.699574739708467,0.01732958832834693,-0.6993600659220823,0.000170295071351101,4.218482048238154e-06,-0.0001702428140500657
145881.4260275348,10.20592515093188,-90.81982112137682,-58.46874832953107,-4085.993639561243,-3.501382088621103e-06,0.0002446884079533745,-0.004457771649801888,2.670068759161181e-10,0.6991420552802707,0.01750960156921402,-0.6989227620520085,0.0001709569901235678,4.281517268097604e-06,-0.0001709033676730586
146217.7174456718,10.1747203097583,-90.8529380590614,-60.65983226139256,-4074.499425325978,-3.653056889966247e-06,0.0002453745360638569,-0.004435007846478401,2.671442745245987e-10,0.6991351241043804,0.01716879563657966,-0.6989242836050531,0.0001714355032461608,4.209974608067447e-06,-0.0001713838028725698
146554.7840955911,10.1412038118058,-90.85186099297454,-60.39157817321944,-4061.610536773846,-3.660023046390301e-06,0.0002461533316353386,-0.004410810590939492,2.673756507480777e-10,0.6989906364389811,0.01724185923468675,-0.698777953372531,0.0001719434156938103,4.241293109199904e-06,-0.000171891098179098
146892.6277643867,10.09346077515748,-90.88590114973316,-62.53216066540008,-4043.953855048572,-3.82284968242032e-06,0.00024722362934516,-0.004381535380379024,2.679254324486033e-10,0.6987645973643243,0.01688486385391438,-0.6985605656651118,0.0001726361300647152,4.171558724360461e-06,-0.0001725857221832979
147231.2502432718,10.06164910854533,-90.85294463300609,-60.01719870840606,-4031.302881923835,-3.692228870155347e-06,0.000248003792334528,-0.00435778260185019,2.681480867679418e-10,0.6987540184532541,0.01735015730763417,-0.6985385818592778,0.000173176156641371,4.299987521088281e-06,-0.0001731227637729804
147570.6533275894,10.03084071445363,-90.90829298106974,-63.7411970028496,-4020.504073032849,-3.942303501050823e-06,0.0002486625295473805,-0.004336113465079073,2.682499348872118e-10,0.6988632176157594,0.0167418633658169,-0.6986626560417356,0.0001736652218450683,4.160298241827014e-06,-0.0001736153829504627
147910.8388168207,9.985330932470797,-90.87207697984617,-60.92916341817835,-4002.759398058623,-3.801943229861518e-06,0.0002497697841305522,-0.004307047065006042,2.688194237357813e-10,0.6985418339878067,0.01723959472750563,-0.6983290701414913,0.0001743559571408697,4.303000755553035e-06,-0.000174302851310604
148251.8085145954,9.959141907627544,-90.83167714930474,-57.95319182872475,-3992.222333907235,-3.63543522822061e-06,0.0002504342772779221,-0.00428582912228451,2.689090458473591e-10,0.6981396268861789,0.01778590862973868,-0.6979130318907849,0.0001747166862256137,4.451108199028097e-06,-0.0001746599784766393
148593.5642287007,9.924913792154653,-90.89871920947388,-62.44128522993748,-3980.474276940227,-3.939991933342415e-06,0.0002511645377616641,-0.00426338893150268,2.690824107408571e-10,0.6983924807149782,0.0170397127819212,-0.6981845782510029,0.0001752920705378284,4.27685952726038e-06,-0.0001752398883417331
148936.1077710915,9.885856585335194,-90.86174851234915,-59.64395905558201,-3965.297755356581,-3.792421575677242e-06,0.0002521308276565762,-0.004237365592809541,2.694910381782338e-10,0.6984011507594885,0.01755488604823412,-0.6981804876663421,0.000175966248680379,4.423056062493627e-06,-0.0001759106513253619
149279.4409578996,9.857963222800215,-90.89203953408665,-61.58651089924486,-3955.387515566774,-3.935521131563578e-06,0.0002527584518711007,-0.004217054075945816,2.695448839594842e-10,0.6981958688545707,0.01724529813533562,-0.697982858656151,0.0001763531975512622,4.355888661845877e-06,-0.0001762993945551718
149623.5656094434,9.821616910526739,-90.88099493077844,-60.61389140053399,-3941.732615354171,-3.900274384279867e-06,0.0002536355675921992,-0.004192830370836761,2.69856554328685e-10,0.6977160631585289,0.01743258281234625,-0.6974982507834173,0.0001768423728758233,4.418443938260246e-06,-0.0001767871663823938
149968.4835502373,9.777617113213832,-90.86758530193157,-59.44222245140679,-3925.29490641461,-3.857010981333386e-06,0.00025469952055359,-0.004165742512426273,2.703633636139213e-10,0.6974526302859421,0.01765398850500148,-0.697229164753343,0.0001775158423511284,4.493298188634905e-06,-0.0001774589658400461
150314.1966090022,9.754339264300812,-90.94514764730309,-64.63617635534899,-3917.953133768549,-4.209582254734487e-06,0.0002551658671162805,-0.004148387990680992,2.702470083250073e-10,0.6978707152715381,0.01678513313029301,-0.6976688286998399,0.0001779506132366258,4.280054555136116e-06,-0.0001778991340178368
150660.7066186742,9.700452238984875,-90.93075199145925,-63.32793052017936,-3898.03514122992,-4.166670761262238e-06,0.0002564718113464957,-0.004117805995977981,2.710031766520311e-10,0.6974158687344318,0.01701447074097286,-0.6972082915083604,0.00017874337971119,4.360703764537808e-06,-0.0001786901789502058
151008.0154164149,9.669857332670569,-90.888842829483,-60.29210995464956,-3886.183473799104,-3.991253934337939e-06,0.0002572599481263237,-0.004095844236556518,2.71204462351682e-10,0.6975129187189696,0.01759213903153107,-0.6972910356688599,0.0001793148409709983,4.522542204052938e-06,-0.0001792577998427599
151356.1248436208,9.632037898049891,-90.88218279106097,-59.62713696559134,-3872.341822864578,-3.975517067123909e-06,0.000258180449204185,-0.004071869196486987,2.715478977035401e-10,0.6972489899272414,0.01773188855005293,-0.6970234817299965,0.0001798873421933525,4.574753566399019e-06,-0.0001798291620154946
151705.0367459337,9.591529516015967,-90.88582655477531,-59.64801623159731,-3857.761163815709,-4.007020069118866e-06,0.0002591557503816576,-0.004047207473522926,2.719473272977474e-10,0.6970317447842006,0.01774756368070147,-0.6968057672122888,0.0001805101066283208,4.596081364110853e-06,-0.0001804515852827628
152054.7529732496,9.559021601309199,-90.9058302389525,-60.81498493133962,-3846.362711419531,-4.109619152977791e-06,0.0002599209041323542,-0.004025968451998737,2.721259109742456e-10,0.6968882279919237,0.01756633388285789,-0.6966667971330623,0.0001810060728476443,4.562586915305832e-06,-0.0001809485595642226
152405.2753797291,9.51668469646555,-90.85299470878128,-57.02849298815165,-3830.329216712748,-3.886184618234438e-06,0.000261016304391134,-0.003999965401395969,2.726365192391424e-10,0.6967271425597645,0.01827033659176337,-0.6964875490490251,0.0001817236042061823,4.765353913609785e-06,-0.0001816611123156611
152756.6058238072,9.472855142290564,-90.84728403103418,-56.41408194603909,-3814.604152180391,-3.876087701119474e-06,0.0002620930755028235,-0.003974382014344015,2.731307859821315e-10,0.696674755915314,0.01840430755722749,-0.6964316168820894,0.0001824585676358607,4.820073594901099e-06,-0.0001823948897153363
153108.746168203,9.424448844184582,-90.75625054684481,-50.10586024638763,-3795.947805271786,-3.476741451075874e-06,0.0002633929248158229,-0.003945848111538531,2.738419000225004e-10,0.6958807833725139,0.01955456657683564,-0.6956059830055631,0.0001831497082110453,5.146590117611756e-06,-0.0001830773831688457
153461.6982799294,9.399971815245955,-90.72087543510267,-47.64502126858869,-3786.666122075688,-3.322268642076557e-06,0.0002640427431959113,-0.00392714689021387,2.738817646721049e-10,0.6957250390213305,0.02004570545274035,-0.6954361937763477,0.0001835582831037963,5.288806741360667e-06,-0.0001834820749263152
153815.4640303035,9.354082954392847,-90.7810780515216,-51.41772475650898,-3771.500319114396,-3.6141306230864e-06,0.000265097198735266,-0.00390242244135778,2.743506432824662e-10,0.6957619105461941,0.01938229668192541,-0.6954918854610915,0.0001843029004268599,5.13424699062422e-06,-0.0001842313725009731
154170.0452949559,9.317604633654813,-90.66833367165015,-43.82409691426466,-3756.838862760357,-3.104622114854237e-06,0.0002661450169318418,-0.003878311602387574,2.747878738747991e-10,0.6951893836945285,0.02080013500681991,-0.6948781429756418,0.0001848737785686848,5.531441710190546e-06,-0.0001847910093994561
154525.4439538414,9.289083473739687,-90.64810357138343,-42.38052341123048,-3746.502359754073,-3.018969500467275e-06,0.0002668814692960826,-0.003858745554152398,2.749122682751143e-10,0.6947718376668839,0.02109934439944066,-0.6944513835258251,0.0001852725073128479,5.626492364268716e-06,-0.0001851870528672674
154881.6618912481,9.25835195236243,-90.54325385952878,-35.40550576153628,-3734.028255224283,-2.539081019805812e-06,0.0002677832180710869,-0.00383705241283527,2.751962627365818e-10,0.6944988827894166,0.02242797165396321,-0.694136646693745,0.0001858211985955848,6.000862892778655e-06,-0.0001857242781438168
155238.7009958082,9.21519360896453,-90.49818648805375,-32.33146218051895,-3718.305672487625,-2.338311325973011e-06,0.0002689193646381492,-0.003812108217260972,2.757242997884738e-10,0.6941515539396477,0.02302920740838826,-0.6937694396865353,0.0001865141874693566,6.187804209989959e-06,-0.0001864115157559026
155596.5631605074,9.186868132947085,-90.4423808112313,-28.62654110208981,-3707.54642368472,-2.082427021129711e-06,0.0002697040773190113,-0.003792335306682857,2.758884593380039e-10,0.6936695662034271,0.02375531014233147,-0.6932626863728441,0.0001869263044681513,6.40145186231017e-06,-0.0001868166607028787
155955.2502826954,9.149449656343567,-90.37235254364015,-24.00338874678541,-3693.471499558467,-1.759481530299187e-06,0.0002707365595214081,-0.003769249481875191,2.76302859474046e-10,0.6933705959130402,0.0246589792467108,-0.6929319721439579,0.0001875586311020987,6.670320920946854e-06,-0.0001874399821801761
156314.7642640954,9.117661899094887,-90.30806420775134,-19.79439017260053,-3681.453597530904,-1.460464179694336e-06,0.0002716239834376454,-0.003748344185969305,2.765672814766185e-10,0.6933134103972008,0.02550147915354284,-0.6928442534924995,0.0001881558720386814,6.920756149318068e-06,-0.0001880285492071838
156675.1070108149,9.093573271640839,-90.21182180641058,-13.5736834409318,-3671.535256882002,-1.006923263581702e-06,0.0002723619037752601,-0.003729647906534421,2.766765990654253e-10,0.6925944781425324,0.02670478878512859,-0.6920794502146906,0.0001884691869511317,7.266921681981869e-06,-0.0001883290372706466
157036.2804333552,9.060388275718992,-90.10956788077183,-6.996140169828814,-3658.451848827699,-5.227117072267335e-07,0.0002733386646474691,-0.003707810030891032,2.770274396907783e-10,0.6921433085936909,0.02798897612713106,-0.6915771662268616,0.0001890201489516362,7.643620000175099e-06,-0.0001888655388973638
157398.286446622,9.016531724222448,-90.07728092980655,-4.913718498332529,-3643.009493338787,-3.702447223071037e-07,0.0002744978245459276,-0.003683667603282302,2.775618852717101e-10,0.6916242909671213,0.0284248059410727,-0.6910399339133634,0.0001896784343991976,7.795522452608574e-06,-0.0001895181740779009
157761.1269699348,8.982239078607465,-89.98344175643297,1.048991394859169,-3629.779798469038,7.96180122614398e-08,0.0002754987828471491,-0.003661848823959942,2.779328318079317e-10,0.691294194699044,0.02960996673950238,-0.6906597668130707,0.0001902782826051918,8.150124306543889e-06,-0.0001901036567374997
158124.8039270383,8.94721935109207,-89.84908836592544,9.523272041423693,-3615.639289058467,7.284722014229546e-07,0.0002765743434604217,-0.003639194174472734,2.783780796967515e-10,0.6909463315235922,0.03128133622666146,-0.6902378655577976,0.0001909248720820352,8.6437757104244e-06,-0.0001907291061191484
158489.3192461114,8.899796762910348,-89.67257301818123,20.55402624184418,-3596.667963246989,1.588846825317194e-06,0.0002780260377157281,-0.003611773258500273,2.792028101573817e-10,0.6901617181669094,0.03343741593436574,-0.6893512431545566,0.0001917107216608269,9.288129101504604e-06,-0.0001914855907307619
158854.6748597779,8.86355356207066,-89.50048623872388,31.22505272044398,-3581.519765228703,2.434083465870865e-06,0.0002791898582616368,-0.003588289579268788,2.797388462890021e-10,0.6892667063597604,0.03552942651561219,-0.6883503848676951,0.0001922669279751885,9.910726320954015e-06,-0.0001920113254389112
159220.872705117,8.8409004276395,-89.19555843368299,50.10540241074104,-3568.48721951414,3.933966429591753e-06,0.0002801755549414861,-0.003567009593005932,2.801147550948283e-10,0.6881214982644178,0.03919496626084581,-0.6870043311315281,0.0001926360114034595,1.097242563504562e-05,-0.0001923232663125217
159587.9147236733,8.835025396316439,-88.81299528569436,73.7528898045594,-3559.484375751594,5.818599257806453e-06,0.0002808190052187152,-0.003549827280092905,2.801773612265405e-10,0.6868445268519399,0.0437677137049082,-0.6854486058804922,0.0001927416624183942,1.228205448240374e-05,-0.0001923499403937977
159955.8028614669,8.853240874939617,-88.41272009144916,98.59206934274701,-3557.95108245724,7.782312852518815e-06,0.0002808449870484149,-0.003540137287439679,2.796534354615232e-10,0.685484583824152,0.04852686587620828,-0.6837647679932064,0.0001924095586632154,1.362106904645651e-05,-0.0001919268213226202
160324.5390690042,8.914504851840617,-87.97937778880529,125.9503491571121,-3569.906038771875,9.870645374318792e-06,0.0002797711698631409,-0.003543862940404961,2.780758965851895e-10,0.6841438141224485,0.05365963993031321,-0.6820362171062183,0.0001913437256255036,1.50077150564596e-05,-0.0001907542655487214
160694.1253012877,8.999273451239937,-87.75893742468988,140.6403741102554,-3593.82650717594,1.08725446955295e-05,0.0002778294609527763,-0.003559403631958089,2.755897266448625e-10,0.6839913624150371,0.0563386419177819,-0.6816671777966419,0.0001899997689587779,1.564980135134313e-05,-0.0001893541547525495
161064.5635178271,9.061788300797161,-87.82830945915664,137.1267406149501,-3616.086411942011,1.047177916789038e-05,0.0002761449604070692,-0.003573213216725396,2.732633144055253e-10,0.6846782691601737,0.05563711313035308,-0.6824139827866158,0.0001890278018200804,1.536044251491417e-05,-0.000188402671601752
161435.8556826486,9.113411289490905,-88.04801379281875,123.9785570697625,-3637.679191471766,9.358227880335286e-06,0.0002745816021248829,-0.003586282751481012,2.710165021801726e-10,0.6853470849446847,0.05314009028615767,-0.683283804613102,0.0001881144588511303,1.458592229700311e-05,-0.0001875481284886613
161808.0037643066,9.111375281485568,-88.34978488502306,104.9423685830838,-3642.611235458234,7.902507255726382e-06,0.0002743006671819989,-0.003582885706505077,2.700270729865962e-10,0.6863552718523722,0.04968209281883181,-0.6845547814840568,0.0001881664463826848,1.362050127384327e-05,-0.0001876728363118568
162181.009735893,9.087096189074988,-88.57281887015117,90.64886352505971,-3638.447121801171,6.843223727284774e-06,0.0002746720334502326,-0.003570558880821778,2.69714356556132e-10,0.6871499404179909,0.04714029726565977,-0.6855310590995523,0.0001886188015969252,1.293974699577629e-05,-0.0001881744277619718
162554.8755750484,9.042802241561747,-88.8455661679786,73.11762063400037,-3628.41422872984,5.55152123803735e-06,0.0002754906201340999,-0.003552523774168249,2.698381000502882e-10,0.6879192947588774,0.0439946863005863,-0.6865110513887335,0.0001893715927113535,1.211093202219108e-05,-0.000188983929082842
162929.6032639722,8.987563217304167,-89.04032406392467,60.52653715353433,-3613.293496153406,4.63465598911117e-06,0.0002766781833212137,-0.003529582772155279,2.703440977267991e-10,0.6879048421471385,0.04172931281080299,-0.686637995090439,0.0001901711540904832,1.153606006299312e-05,-0.000189820934478601
163305.1947894335,8.943597914245158,-89.1221779242258,55.15899155346031,-3599.966580453073,4.255175077225612e-06,0.0002777151583190618,-0.003508476732681417,2.707208235666191e-10,0.6880284910279382,0.04082514464568403,-0.6868162141583734,0.0001909129917891118,1.132809266791583e-05,-0.0001905766112364699
163681.6521427809,8.890062918351763,-89.1935983612415,50.43656720528963,-3583.340461048525,3.927202920683842e-06,0.0002790139358048632,-0.003484241145486368,2.713513947760402e-10,0.6882234443440188,0.04004998505641658,-0.6870571359368343,0.0001918558000388399,1.116471981256935e-05,-0.0001915306686670575
164058.9773199539,8.8423959425707,-89.17714347026798,51.23360613273846,-3567.16811995227,4.025484798876145e-06,0.0002802766021329823,-0.003460538694100317,2.719546904729783e-10,0.6880344560183522,0.04030606597014665,-0.6868528472056297,0.0001926710336360237,1.128695129196084e-05,-0.0001923401464408995
164437.1723214932,8.797656437106685,-89.08017848115372,57.00567285774768,-3550.584320345174,4.520708245399025e-06,0.0002815712017472906,-0.003436528599158173,2.725965159202155e-10,0.6874070907076458,0.04150050331036173,-0.6861532019747021,0.0001933885933302715,1.167535811919996e-05,-0.0001930358361627435
164816.2391525509,8.756864559980118,-89.03250545885147,59.71863860691209,-3536.248102054946,4.774199963221255e-06,0.0002827049636864608,-0.003414781021185965,2.730721465819356e-10,0.6867718106994466,0.04210252050353477,-0.6854800491178762,0.000193989618245502,1.189252638563593e-05,-0.0001936247396465714
165196.1798229015,8.728111127894856,-88.78134890960696,74.92599472228716,-3522.169655806694,6.036920954881249e-06,0.000283787487648282,-0.003393363646368061,2.735330829786265e-10,0.6859375929788436,0.04512217664835634,-0.6844518760556685,0.0001945112773357298,1.27952926124446e-05,-0.0001940899726872542
165576.9963469528,8.717744899877658,-88.56687634776087,87.93103395473493,-3514.718645425313,7.113597862229752e-06,0.0002843398276802616,-0.003378397110336177,2.734825157738745e-10,0.6851501592136024,0.04769930662013217,-0.6834877590845233,0.0001946821053252642,1.355352736985584e-05,-0.0001942097423655977
165958.690743756,8.70556396672969,-88.34220249866377,101.4839619048782,-3506.447555518755,8.247058699788554e-06,0.0002849502352420794,-0.003362695009536881,2.734971366681474e-10,0.6843227208110056,0.05038842235394227,-0.6824650856350516,0.0001948841429731565,1.434981509101393e-05,-0.0001943551182481064
166341.265037017,8.723785109738966,-88.10025504394348,116.3461845273599,-3507.682583384175,9.445697505678726e-06,0.0002847752056776145,-0.003356142697476219,2.727720359610825e-10,0.6836042240612027,0.05328416976089472,-0.6815244180564708,0.0001945845624757506,1.516707547272127e-05,-0.0001939925559795635
166724.7212551063,8.740861643842909,-87.92349655769991,127.2555108216125,-3509.751538837751,1.031699677585361e-05,0.0002845463829145744,-0.003350398802440981,2.719842517401776e-10,0.6831813222392976,0.05542249908194164,-0.6809295599782309,0.0001943278370557566,1.576467918577833e-05,-0.0001936873334654029
167109.0614310708,8.79146890914898,-87.72661043579447,139.834752879709,-3522.377470827224,1.125276934593539e-05,0.0002834524351942383,-0.003354718057278535,2.703860223560551e-10,0.6825220550395371,0.05777672106108101,-0.6800722065478216,0.0001934182711695638,1.63732049667363e-05,-0.0001927240145424025
167494.2876026437,8.816992570985141,-87.59422370276233,148.2258757592968,-3528.060977069114,1.188737465682692e-05,0.000282942383923955,-0.00335240295097269,2.693295770047643e-10,0.6823698794030558,0.05940523679624162,-0.6797791333644505,0.0001930445008422722,1.680592099812442e-05,-0.0001923115709593337
167880.4018122561,8.887805098785631,-87.52528003704712,153.4249033396401,-3549.95007567683,1.215180851493143e-05,0.0002811689146819596,-0.003365444067171445,2.670532614103906e-10,0.682590825320311,0.06031338361143734,-0.6799209737673952,0.0001919055589522134,1.695667911859311e-05,-0.0001911549491643639
168267.4061070467,8.922925244490958,-87.65466216517849,145.9702388023287,-3564.009731096895,1.147251560503333e-05,0.0002801129709177914,-0.003371002020265486,2.653879810123606e-10,0.683058391988679,0.0588890741241505,-0.6805151312167571,0.0001912967209814916,1.649242131230957e-05,-0.0001905844576494314
168655.3025388742,8.949763880131792,-87.83126401627,135.4314475545973,-3576.250960205401,1.05740452567428e-05,0.0002792219989189514,-0.003374800610983661,2.638712924270099e-10,0.6838974563790337,0.05693222758071503,-0.681523625639207,0.0001908983930124761,1.589166717086837e-05,-0.0001902357783627363
169044.0931643264,8.980388994664098,-88.07380179990851,120.7701204699059,-3591.017340970784,9.35477962733737e-06,0.0002781580057386762,-0.003380941326288381,2.621818534496243e-10,0.6848690496596812,0.05419506031652658,-0.682721400440211,0.0001904114060677167,1.506763612974238e-05,-0.0001898143037343249
169433.7800447328,8.985834173770851,-88.39494166444317,100.8415657635818,-3598.800441049192,7.780064350133793e-06,0.0002776523629184286,-0.003380476309051558,2.610131372000715e-10,0.6861314852995014,0.05053227893423529,-0.6842681520464127,0.0001903818136673803,1.402125848815447e-05,-0.0001898647921171523
169824.3652461744,8.971718147218024,-88.70503162455853,81.37306825373813,-3599.732285239423,6.276512782780925e-06,0.0002776565537929869,-0.003373574729237769,2.603454119141783e-10,0.6867283391768195,0.046941049340735,-0.6851221421873209,0.0001905232790232245,1.30231448609041e-05,-0.0001900776618850657
170215.8508394951,8.936098536814587,-89.04710993500795,59.77730555987416,-3593.983885465862,4.626621336570915e-06,0.0002781658084460407,-0.003360440863429784,2.601620859990335e-10,0.6879582402185216,0.04299893218318884,-0.6866131604591268,0.0001911912446458925,1.194988137642903e-05,-0.0001908174320242645
170608.2389003123,8.899845781902364,-89.43504369140824,35.38763905098018,-3588.767170827218,2.74738040488301e-06,0.0002786201302837421,-0.003347845558483299,2.599410376229992e-10,0.6890069586493806,0.03848028170598465,-0.6879315787104828,0.0001917773060585484,1.071055185917667e-05,-0.0001914779861967063
171001.5315090288,8.840939749321912,-89.75685337689598,15.17057704337823,-3574.817566346183,1.187097833534965e-06,0.0002797295169562845,-0.003327162519042669,2.603551952941994e-10,0.6896964499250058,0.03472344021651732,-0.6888218026011416,0.0001927250102312284,9.702928544462436e-06,-0.0001924806035586135
171395.7307508425,8.795013830420675,-89.94452362977896,3.449705240677943,-3562.8410492756,2.717619727820317e-07,0.0002806746213684214,-0.003308389082731802,2.606295680432132e-10,0.6901092562597202,0.03255967031315728,-0.689340738274217,0.0001934892991891814,9.128913622849066e-06,-0.0001932738260520216
171790.8387157588,8.733750332498214,-90.16319827075147,-10.10148830160132,-3546.429006917765,-8.031548768431356e-07,0.0002819714944215137,-0.003285575127258908,2.612334952066346e-10,0.6905886347813907,0.03002271838630334,-0.6899357208247169,0.0001945180933630416,8.456498766342902e-06,-0.0001943341870958577
172186.8574986007,8.664185511836283,-90.35030793477307,-21.56373865571274,-3526.885056835214,-1.733505456888639e-06,0.0002835257183115198,-0.003259953742502248,2.620769498605206e-10,0.6909920328014441,0.02785931754701898,-0.6904301904036977,0.0001957064213991748,7.890463393109801e-06,-0.0001955472934210888
172583.7891990204,8.609656130705376,-90.46815926184034,-28.68998466612599,-3511.152265823692,-2.327030059417434e-06,0.0002847877738816035,-0.003237947443660143,2.626458046358676e-10,0.6909481149372129,0.02651125088069475,-0.6904393174725993,0.0001965669837456431,7.542153322779876e-06,-0.0001964222365775209
172981.6359215101,8.565282202716919,-90.58578693580397,-35.77219574762625,-3498.754070573234,-2.9219539569259e-06,0.0002857861556206106,-0.0032190931830896,2.629703079171619e-10,0.6912276291793124,0.02517790010623416,-0.6907689256814419,0.000197338627027836,7.188040565316223e-06,-0.00019720767173227
173380.3997754138,8.507563796758609,-90.68834105126902,-41.83311029030138,-3481.915459776423,-3.450015346247286e-06,0.0002871567924833301,-0.00319623243209346,2.636342976127331e-10,0.6913528853741091,0.02401999237756421,-0.6909354905353233,0.0001983239499327003,6.890460525226712e-06,-0.0001982042145633097
173780.0828749375,8.457436030580491,-90.7196798239419,-43.54312103236954,-3466.410716849589,-3.623189052071964e-06,0.0002884373251503441,-0.003174681420599655,2.642044407332501e-10,0.6913465032410095,0.02371622961203683,-0.6909395979364334,0.0001992068410857523,6.833671916080049e-06,-0.0001990895940613359
174180.6873391614,8.407691390804285,-90.76916973460071,-46.33639048285868,-3451.410014143693,-3.889115311926543e-06,0.0002896844444262101,-0.00315367319293116,2.647424458302082e-10,0.6913855087849869,0.02319527118210445,-0.6909963105202979,0.0002000806732293148,6.712500355999299e-06,-0.0001999680427940089
174582.2152920504,8.356834273068563,-90.79647707886394,-47.76435522543868,-3435.779577951697,-4.04547391373774e-06,0.0002909985195100851,-0.003132170721344365,2.653351812783108e-10,0.6909709715292944,0.02292690822460866,-0.6905905012200771,0.0002008680632336248,6.66494518694402e-06,-0.0002007574589719708
174984.6688624657,8.313703419273807,-90.82284339593969,-49.15682075839899,-3422.625428173867,-4.195420214649596e-06,0.0002921131124225709,-0.003113002749252451,2.657423425568161e-10,0.6909633311458928,0.02268371242830343,-0.6905908877032036,0.0002016354859119838,6.619513904136441e-06,-0.0002015268002391612
175388.0501841761,8.269310722573632,-90.85702960431529,-50.99962571840222,-3409.270069070322,-4.386791609797579e-06,0.0002932522959503839,-0.003093723792801159,2.661697679251897e-10,0.6908241612019452,0.02234218307487815,-0.6904627785448103,0.0002023817845752897,6.54529927577313e-06,-0.0002022759149905631
175792.3613958693,8.228701486689037,-90.88354358470932,-52.38875296265239,-3397.021444530309,-4.538770305268335e-06,0.0002943055367205537,-0.003075519040720238,2.665151142389313e-10,0.6906111262375039,0.02209103299018588,-0.6902577155993694,0.0002030464013404272,6.494978983306037e-06,-0.0002029424951687158
176197.6046411629,8.191819841799381,-90.90644770972848,-53.57130349027614,-3385.913469546207,-4.671666159799649e-06,0.000295267360417317,-0.003058411983847227,2.667744766319015e-10,0.6904907621405044,0.02188661660383608,-0.6901438028519935,0.0002036746920103366,6.45591532914317e-06,-0.0002035723491114852
176603.7820686165,8.153207681179058,-90.88980579933316,-52.39753096901494,-3373.675496595371,-4.602560024471405e-06,0.0002963411383897214,-0.003040348996957155,2.671264083170568e-10,0.6899685450373245,0.02214580216664429,-0.6896130484462416,0.0002042587884412034,6.556059333650693e-06,-0.0002041535469725714
177010.8958317421,8.124318051280069,-90.90877420689193,-53.37759493307744,-3365.032170065165,-4.712716322856767e-06,0.0002970992240224924,-0.003025584956296684,2.671965899066526e-10,0.6899411380925458,0.02199223129629304,-0.6895905421299278,0.0002047731718126452,6.527250962639625e-06,-0.000204669115620999
177418.9480890166,8.098658769787026,-90.87533934416722,-51.28375896429234,-3356.543214457012,-4.550865440574257e-06,0.0002978560234849826,-0.003011011225330697,2.672562612960154e-10,0.6898054947884104,0.02246599614984805,-0.6894395547524661,0.00020525148448636,6.68475257889267e-06,-0.0002051425991031933
177827.9410038923,8.071471485174175,-90.92523838397685,-54.08543578352725,-3348.972422577505,-4.821075509649816e-06,0.0002985211951254813,-0.002997310278253648,2.672443672737342e-10,0.6899009933959938,0.02194452834617443,-0.689551896788373,0.0002057400601021271,6.544226815257367e-06,-0.000205635953632183
178237.8767448089,8.03961434898499,-90.97761074690783,-56.99525063514918,-3340.051666366826,-5.107470370705923e-06,0.0002993094114419953,-0.002982450995226437,2.673418486199672e-10,0.6900880528554733,0.0213961445777646,-0.6897562799214414,0.0002063412660072284,6.39760033749529e-06,-0.0002062420635258178
178648.7574852051,8.005320840273738,-90.91314787431834,-53.0526978950567,-3328.5280505712,-4.787322834584865e-06,0.0003003567956822136,-0.002965325367641073,2.676504084017615e-10,0.6895066960063941,0.02222974209312806,-0.6891482586527569,0.00020688394176699,6.669952148872624e-06,-0.000206776393960672
179060.5854035294,7.973089165749592,-90.99066324720893,-57.40915895237028,-3319.972483944397,-5.206937618422241e-06,0.0003011172770031162,-0.002950900839277688,2.677229781020939e-10,0.6895179065397924,0.02137415232968793,-0.6891865415482265,0.0002074146808603696,6.429583542464966e-06,-0.0002073150025730879
179473.3626832526,7.935958554997589,-90.97936854453101,-56.55906967346421,-3308.540372756125,-5.165382452540053e-06,0.0003021597859303698,-0.002933976089101136,2.680301769719797e-10,0.6895540434764416,0.02158774871032464,-0.6892160386847727,0.0002081418617303902,6.516261125061933e-06,-0.0002080398349969133
179887.0915128787,7.904872341051263,-91.05833063152896,-60.9701034406241,-3300.416895323934,-5.595400054517996e-06,0.0003028886590952226,-0.002920040891968083,2.680719231433025e-10,0.6897874750415526,0.02072168803713676,-0.6894761579410068,0.0002087185628225048,6.270048533581938e-06,-0.0002086243632898095
180301.7740859569,7.875818172373263,-91.04398567703016,-59.97946285972962,-3291.414650348253,-5.534688468553898e-06,0.0003037198708016898,-0.002905378574468543,2.681868836361244e-10,0.6893775490160782,0.02095883691259651,-0.6890588742935443,0.0002091648716422186,6.359145926423545e-06,-0.0002090681821612084
180717.4126010927,7.844077716042275,-91.12488157036232,-64.46666246503959,-3283.183926736127,-5.978295131744751e-06,0.0003044650015265397,-0.00289144772215909,2.682408512814422e-10,0.6894977983500894,0.02006655819348066,-0.6892057364618261,0.0002097190617967908,6.103485417789112e-06,-0.0002096302276549854
181134.0092619603,7.802373613142266,-91.11899139132356,-63.88410500455258,-3270.645544684955,-5.969805663095827e-06,0.0003056334324985529,-0.002873780620541993,2.686498803694484e-10,0.6893499094078304,0.02021038887126898,-0.6890535812128517,0.0002104771591075671,6.170777969258068e-06,-0.0002103866821004748
181551.5662773135,7.763165820492278,-91.16914159170832,-66.52661081765544,-3259.79761637654,-6.257967157105174e-06,0.0003066397967876075,-0.002857661405867665,2.689239575352027e-10,0.6893252648682699,0.01968403506726943,-0.6890441637146207,0.000211165180294168,6.029929593094191e-06,-0.0002110790688765013
181970.0858609984,7.735653486134554,-91.19906901359647,-68.06870993407098,-3252.090053760971,-6.433275826497308e-06,0.0003073599066107867,-0.002844347767310585,2.689413425201206e-10,0.6894227173199153,0.01940451795102895,-0.6891495830658713,0.0002116921168757296,5.958294350924708e-06,-0.0002116082490730342
182389.5702319638,7.701363325379159,-91.25351418456648,-70.9576299937922,-3242.822536289651,-6.744423719896735e-06,0.0003082257571889171,-0.002829719021564132,2.690896223091419e-10,0.6893759771235626,0.01882621364688869,-0.6891188660273265,0.0002122772123125648,5.797092274722523e-06,-0.0002121980409625689
182810.0216142743,7.664961119916746,-91.22880757781458,-69.32024191852999,-3231.708850549283,-6.63431120753348e-06,0.0003092915092806836,-0.002813535240885199,2.693939908291893e-10,0.6889979820866861,0.01919085513233201,-0.6887306660798654,0.0002128912290944455,5.929719451604412e-06,-0.0002128086319973157
183231.4422371211,7.619671029742956,-91.25430182556593,-70.47784271805293,-3218.872647034387,-6.798871964113622e-06,0.0003105189113623156,-0.002795914755153463,2.698462189983245e-10,0.6885971411159559,0.01895151710619625,-0.688336300620882,0.0002136125897816291,5.879029126935799e-06,-0.0002135316733642558
183653.8343348347,7.590526820050907,-91.21687330832951,-68.18005416223035,-3209.735924287652,-6.614892994548873e-06,0.0003114115989025446,-0.002781566419346565,2.699919581258213e-10,0.6883140471033465,0.01947144539701516,-0.6880385819515785,0.00021413439338443,6.057563645482111e-06,-0.0002140486962184044
184077.2001468955,7.558665769087389,-91.23116019583483,-68.78605632063112,-3200.675374801409,-6.711453934617877e-06,0.0003122898227733195,-0.002767335154628819,2.701335357969444e-10,0.6883655736100428,0.01937976283543989,-0.6880927173891069,0.0002147542863795222,6.046041954281368e-06,-0.0002146691614905711
184501.5419179474,7.527969940339284,-91.27259673853095,-70.91838508406823,-3192.414238904708,-6.95514344745038e-06,0.0003130880511301069,-0.002753844229359315,2.702096733449695e-10,0.688267633096961,0.01895804777541855,-0.6880064877553393,0.0002152747544744272,5.929654227387946e-06,-0.0002151930740399619
184926.8618978078,7.491964446427039,-91.28406771481866,-71.32862072419589,-3182.187851835706,-7.040346778754101e-06,0.0003140913950753323,-0.002738709353898555,2.704545661735615e-10,0.688218938185869,0.01889775553248584,-0.6879594331888468,0.0002159490913732309,5.929730947234716e-06,-0.0002158676639884201
185353.1623414811,7.457245220884213,-91.23755830688252,-68.51199532774029,-3171.436595677272,-6.808507485205708e-06,0.0003151674345088177,-0.002723178846955178,2.707472775615469e-10,0.6877800930042201,0.01952269993766783,-0.6875029603718353,0.0002165456237889517,6.146667051064053e-06,-0.0002164583693607377
185780.4455091698,7.433645076499975,-91.2427142498978,-68.65131189827406,-3164.696635866647,-6.851416162193938e-06,0.0003158374265526985,-0.002711141700645821,2.706998694078829e-10,0.6877058416572072,0.01953781539934188,-0.6874282496514592,0.0002169817076053418,6.164479478626101e-06,-0.0002168941230833322
186208.7136662868,7.398646380498738,-91.24186319014673,-68.38669921996116,-3154.659600390225,-6.868510899118188e-06,0.0003168425160950529,-0.002696327466577142,2.70936569445633e-10,0.6874160541699285,0.01961902044241148,-0.6871360313412725,0.0002175791556139992,6.209761724270793e-06,-0.0002174905235108616
186637.9690834669,7.374782819930678,-91.25731579962226,-69.09289366669393,-3148.052173396215,-6.968517364077472e-06,0.0003175037991484233,-0.002684491622833325,2.708807917988433e-10,0.6875017402940742,0.01951554559648942,-0.6872246986157089,0.0002180604582607591,6.189902609059479e-06,-0.0002179725867226946
187068.2140365801,7.348554394690316,-91.26830904132819,-69.53500788332323,-3140.726420474094,-7.045802516539479e-06,0.0003182416856020181,-0.002672084818322056,2.708881602808877e-10,0.6874224325809658,0.01946104905047946,-0.6871469045156118,0.0002185416704408828,6.18695283488993e-06,-0.0002184540760290599
187499.4508067418,7.307709568389366,-91.26923499573697,-69.32982386365666,-3129.173496564475,-7.076975197308977e-06,0.0003194164068094806,-0.002656132738669755,2.712629550053628e-10,0.6871128797756554,0.01952092846354923,-0.6868355282784337,0.0002192483873852236,6.228863134239154e-06,-0.0002191598882895226
187931.6816803268,7.279138648238655,-91.29654410341691,-70.6485721336131,-3121.508977259833,-7.246892250657899e-06,0.0003201938628693196,-0.002643532900863919,2.713035917541261e-10,0.6870644130675042,0.01927212426668871,-0.686794068793582,0.0002197675828747522,6.164470297686495e-06,-0.0002196811093120208
188364.90894898,7.256451677373875,-91.27496826429272,-69.32140215032452,-3114.719234975835,-7.141911460343356e-06,0.0003208972742903711,-0.002631716094870308,2.712696623219427e-10,0.6869665003786796,0.01960805692036609,-0.6866866073736534,0.000220215821591473,6.28561125200509e-06,-0.0002201260983400109
188799.1349096294,7.224072749332189,-91.25524695636265,-68.04216101025015,-3105.289274722086,-7.052863962844862e-06,0.0003218766496348753,-0.00261771399555846,2.714676405726438e-10,0.6865970073490454,0.01991397205246889,-0.6863081554358498,0.0002207661191529366,6.403072369799354e-06,-0.0002206732426690552
189234.3618644975,7.191583194519931,-91.32784424016599,-71.7944818144785,-3097.339433802992,-7.479631200442352e-06,0.0003226843635044012,-0.002605007232651454,2.715384470154611e-10,0.6868268004131314,0.01913118005963287,-0.6865603045000965,0.0002213991806937263,6.166951534737886e-06,-0.0002213132755182604
189670.5921211146,7.170934883604943,-91.28364191500798,-69.25733718429385,-3090.806822096925,-7.246095642343151e-06,0.0003233777496429653,-0.00259353428687966,2.714865192842059e-10,0.6861234455644071,0.01972124975513996,-0.6858399630097893,0.000221642481791408,6.370671003906251e-06,-0.000221550906758728
190107.82799233,7.140589696778246,-91.31024405275416,-70.50903956689933,-3082.75861783555,-7.415469013180008e-06,0.0003242151807213794,-0.002580831507934866,2.715692614186803e-10,0.6863453835346722,0.01948984795756126,-0.6860686054076133,0.0002222893305258931,6.312252341854469e-06,-0.0002221996893247659
190546.0717963247,7.103154117826254,-91.31829825117906,-70.70657522871147,-3072.501551842681,-7.485927995422717e-06,0.0003252954242023472,-0.00256632847386106,2.71849175861804e-10,0.6857898803890472,0.01945858508587313,-0.6855137660984494,0.000222848825772698,6.323107064695928e-06,-0.00022275910186863
190985.3258566238,7.077086350438647,-91.32046377626627,-70.65646313259658,-3065.286940289622,-7.515864353994557e-06,0.0003260604879988586,-0.002554413886794459,2.718623062408079e-10,0.6859967448145029,0.01951962304885885,-0.6857189790374222,0.0002234391580959446,6.357826291969617e-06,-0.0002233486857258526
191425.5925021086,7.048100495878792,-91.31260017630119,-70.04883387537041,-3057.138381987907,-7.491051165594228e-06,0.0003269316385840015,-0.002541764028777786,2.719600009650685e-10,0.6855192204282174,0.01968129602862665,-0.6852366366177048,0.0002238781028316607,6.427553137612749e-06,-0.0002237858161013937
191866.8740670289,7.016236933337919,-91.38300045768388,-73.62253057618736,-3049.486341937207,-7.912328222311787e-06,0.0003277330547867406,-0.002529570711831027,2.72015366801187e-10,0.6856809872167207,0.0189251876526981,-0.6854197644530006,0.0002244849709190131,6.195913666933886e-06,-0.0002243994492469668
192309.1728910159,6.986571828822967,-91.3622127099318,-72.31367391337592,-3040.999095564969,-7.815240266377959e-06,0.0003286534523214462,-0.002516728821206211,2.721471813556383e-10,0.6853521746763733,0.0192462408519375,-0.6850818823664098,0.000225004111766113,6.31862491684914e-06,-0.0002249153736204301
192752.4913190936,6.95468549088159,-91.40875908582068,-74.58922711520549,-3033.014456374761,-8.103349483723186e-06,0.0003295057085285052,-0.002504347621645521,2.722360603928805e-10,0.6853681462080459,0.01877187742940414,-0.6851110219916395,0.0002255958776387674,6.178953876167291e-06,-0.0002255112425946917
193196.8317016924,6.929804014094407,-91.39492122337927,-73.68481141092057,-3025.973420511893,-8.042486031469545e-06,0.0003302763283242687,-0.002492787398722851,2.722419348585453e-10,0.6853971028857481,0.01902009182389459,-0.6851331438130748,0.0002261302903290345,6.275221864979395e-06,-0.0002260432033812092
193642.1963946607,6.904253784390873,-91.42884521569943,-75.31687846719707,-3019.532555783882,-8.255488197422805e-06,0.0003309711698535752,-0.002481760386049618,2.721951704272411e-10,0.6852019122181164,0.01869124505459167,-0.6849469306929352,0.0002265433815861131,6.179751961016134e-06,-0.0002264590788777777
194088.5877592778,6.869113011744846,-91.48080122677649,-77.83202469290323,-3010.83865639557,-8.580117578950166e-06,0.0003319115721973223,-0.002468923394980029,2.72353304065425e-10,0.6852721738185225,0.01815429153750231,-0.6850316590557948,0.0002272141690061946,6.019378026988382e-06,-0.0002271344220617909
194536.0081622662,6.83694509233705,-91.51616659871613,-79.47640335594339,-3002.704021961175,-8.808642953758908e-06,0.0003328000074036299,-0.002456589873780151,2.724630450287149e-10,0.6851348561232259,0.01781039121265234,-0.6849033224038599,0.0002277789453897163,5.921216956252148e-06,-0.0002277019700235559
194984.4599758046,6.809285475990215,-91.46228641316505,-76.43815941910506,-2994.374395934127,-8.519519631217733e-06,0.0003337420948286252,-0.002444140864558445,2.725925805871472e-10,0.6848600979213539,0.01852969669743166,-0.6846093806435519,0.0002283251047205324,6.1776046695111e-06,-0.0002282415182349376
195433.9455775394,6.768841745799781,-91.51700617016367,-79.03618192691152,-2984.418600019103,-8.867516233441294e-06,0.0003348388008864901,-0.002430411825564774,2.728728919463677e-10,0.6843672901150616,0.01794576800267944,-0.6841319589013708,0.0002289147903775752,6.00270027488789e-06,-0.0002288360741732366
195884.467350599,6.744366259511954,-91.51370848592458,-78.68892960794737,-2977.782449762253,-8.867976718143354e-06,0.000335586029289697,-0.002419430201597895,2.728520151823072e-10,0.6844919676848134,0.01807139644791006,-0.6842533729953035,0.0002294656157486115,6.058163293548545e-06,-0.000229385630474967
196336.0276836047,6.711290272678422,-91.55217876691933,-80.46722273027517,-2969.570532585872,-9.118280615956319e-06,0.0003365019508099064,-0.002407208879068815,2.729772703107509e-10,0.6845802428274487,0.0176974119488063,-0.684351452456998,0.0002301242288230472,5.949051728490136e-06,-0.0002300473200777048
196788.6289706845,6.684046498187646,-91.59248027369968,-82.37324467602053,-2962.940239026842,-9.375724771018586e-06,0.0003372419321753217,-0.002396310130283254,2.729588875842412e-10,0.6845634763900568,0.01729898569643331,-0.6843448679584836,0.0002306275950158768,5.827981779602311e-06,-0.0002305539464229227
197242.2736114853,6.645751048254821,-91.56259478733436,-80.53748355122431,-2952.341723990366,-9.232976822557558e-06,0.000338462309820435,-0.00238224681994415,2.733087320749583e-10,0.6839516558631635,0.01772364139609403,-0.6837219757281654,0.0002312504772097249,5.992529582472089e-06,-0.0002311728201993666
197696.9640111861,6.615106184706604,-91.64163233842552,-84.41695511224228,-2945.489998010782,-9.722053442635962e-06,0.0003392234550196143,-0.002371251856880452,2.73314441230325e-10,0.6843861429565427,0.016874844556165,-0.6841780706016077,0.0002319251908175196,5.718557548224735e-06,-0.0002318546791318013
198152.7025805098,6.589853512170713,-91.61492660467873,-82.84268221484288,-2938.386816081503,-9.587185979126484e-06,0.0003400524962642909,-0.002360092900097674,2.7334501929707e-10,0.6839705910542386,0.01726717068346243,-0.6837525972482099,0.0002323462339447703,5.865693834877025e-06,-0.0002322721809949556
198609.4917357372,6.553096351585221,-91.62789930957514,-83.24065120135946,-2928.961604735859,-9.695215773109559e-06,0.0003411423906376602,-0.002347111980631503,2.735939269698975e-10,0.6838315486752545,0.01719292446377189,-0.683615381857357,0.0002330434965310487,5.859190381598424e-06,-0.0002329698288695107
199067.3338987186,6.520767217977452,-91.66324349715532,-84.81958136398548,-2921.062890430121,-9.932264671232157e-06,0.00034205273455152,-0.002335398726597632,2.73702789864611e-10,0.6839866706179051,0.01685928067904434,-0.6837788606252403,0.0002337209782675152,5.760883570484175e-06,-0.0002336499687627021
199526.231496888,6.486001900077904,-91.65148604002569,-83.95333305761014,-2911.825682035697,-9.89341735081016e-06,0.0003431419060565248,-0.002322659267611832,2.739395635475238e-10,0.6831354873624124,0.017062786894787,-0.6829223641068315,0.0002341704724363281,5.848914222945267e-06,-0.000234097416396392
199986.1869632744,6.448868955110402,-91.71588314035257,-86.97103386605949,-2903.218318892232,-1.03092169036951e-05,0.0003441365019798992,-0.002310467304481857,2.741198188244055e-10,0.6837491094222427,0.01639446578966824,-0.6835525335533337,0.0002350663637126959,5.636259565216685e-06,-0.0002349987828207264
200447.2027365161,6.41844593293904,-91.73402246278836,-87.66103487148192,-2895.622104717351,-1.044539772155912e-05,0.0003450327112776365,-0.002299121988236003,2.742068175324902e-10,0.6837368170018389,0.01626257758301991,-0.6835433881577396,0.0002356749594011344,5.605493541275411e-06,-0.0002356082870590189
200909.2812608728,6.387981705865704,-91.6915483849494,-85.26046809709399,-2887.085966466698,-1.021997161602004e-05,0.0003460681988831953,-0.002287072054664225,2.743850316708683e-10,0.6833423088757727,0.01684457015803675,-0.6831346657547566,0.0002362390323435228,5.823355151130563e-06,-0.0002361672478083865
201372.4249862388,6.357562098486778,-91.75958402513209,-88.48414824816994,-2880.325262815188,-1.065547327208328e-05,0.0003468556737050158,-0.002276468604481604,2.743965193120331e-10,0.6831315574699939,0.01611355221812652,-0.6829414896213973,0.0002367104329587582,5.58347199795967e-06,-0.0002366445729611621
201836.6363681561,6.322112814653204,-91.76297757000287,-88.37732869274686,-2871.306971386222,-1.07095290712559e-05,0.0003479438215367122,-0.00226412164735438,2.746252759047073e-10,0.6827090606214181,0.01614842811884444,-0.6825180508410525,0.0002373049968170299,5.613083089675631e-06,-0.0002372386031247001
202301.9178678272,6.297285298737604,-91.77784117054898,-88.93223300464635,-2865.163817200758,-1.082286075407091e-05,0.000348684250732195,-0.002254081370466654,2.745811209286014e-10,0.683072156242614,0.01606537129405288,-0.6828832070560223,0.0002379367461134494,5.596103041058033e-06,-0.0002378709288286611
202768.2719521282,6.253765415993477,-91.73424654666641,-86.39543952149057,-2853.447948624253,-1.060114952788656e-05,0.0003501322354622934,-0.002239701219065461,2.750744016224465e-10,0.6825840041963297,0.0166587397375804,-0.6823806922642599,0.0002387468754278884,5.826714421174401e-06,-0.0002386757631717844
203235.7010936222,6.222662143137613,-91.79944842338628,-89.42991670118163,-2846.578946393121,-1.102574441751074e-05,0.0003509524897811166,-0.00222917089754366,2.751039959723253e-10,0.6823414507320749,0.01596235289932531,-0.6821547175509892,0.0002392278997170839,5.596377231005872e-06,-0.0002391624313409935
203704.2077705718,6.189293307945879,-91.84373647432162,-91.38345268418756,-2838.843208455411,-1.132752311833354e-05,0.000351891520057078,-0.002217999982589492,2.752191979455633e-10,0.6824232306564479,0.01552292770727622,-0.6822466595410916,0.0002399009777573101,5.456973572030053e-06,-0.0002398389054518628
204173.794466953,6.148822374243536,-91.83200339066627,-90.47083123483097,-2828.504679712026,-1.129667651851925e-05,0.000353182367860493,-0.002204839766582241,2.755898573663912e-10,0.6820453267239448,0.01574013003722648,-0.6818636784668793,0.0002406444173616083,5.553552342625174e-06,-0.0002405803268425863
204644.4636724674,6.131023677505176,-91.80936059695995,-89.19746156947353,-2823.615768938171,-1.117655925077648e-05,0.0003538027695820059,-0.002195966599604588,2.754320871078549e-10,0.6819550790037316,0.01609382697522499,-0.6817651490889494,0.000241030524341399,5.688209786728498e-06,-0.0002409633954228565
205116.2178825566,6.091793001923031,-91.81203728358312,-89.02112545412602,-2813.868225632599,-1.12318453172697e-05,0.0003550273319086717,-0.002183352647302951,2.757505429403615e-10,0.6811096255985231,0.01612850445320035,-0.6809186393594049,0.0002415635749114353,5.720164636150063e-06,-0.0002414958393855429
205589.0595984141,6.05052299934721,-91.74409844658621,-85.33676085561831,-2802.551628514123,-1.085491499658112e-05,0.0003564871621096681,-0.002169570432490585,2.762272436078417e-10,0.6809521458196307,0.01701859639221004,-0.6807394452161551,0.0002424901375440184,6.060399112166476e-06,-0.0002424143938975535
206062.9913270001,6.02975776306465,-91.81018871822563,-88.44071639372254,-2798.378770722797,-1.128250896015825e-05,0.000356993190942058,-0.00216135760786463,2.760028929411303e-10,0.6811254828574889,0.01632432769429581,-0.68092983465492,0.0002429031351076283,5.821585706694775e-06,-0.0002428333629981151
206538.0155810529,5.99162360948636,-91.82556235081964,-88.8997380463085,-2789.198636540139,-1.141564950124045e-05,0.0003581620680085023,-0.002149312556439906,2.762744273570371e-10,0.6808802491936533,0.01622281422517429,-0.6806869574485961,0.0002436110543850862,5.804334731648317e-06,-0.0002435418968410495
207014.1348791042,5.957852228576551,-91.80745129334214,-87.74536625555186,-2780.584673625553,-1.133756219668995e-05,0.0003592788203604754,-0.002137746757010171,2.764929148819453e-10,0.6804305773646886,0.01651426784425785,-0.6802301445616855,0.0002442050523729409,5.926934764494391e-06,-0.0002441331174764461
207491.351745491,5.918861058830708,-91.86836962689203,-90.4241862945176,-2771.982395731096,-1.175551825957202e-05,0.0003603691778004396,-0.002126231752470645,2.76713064348524e-10,0.6805927109347912,0.01588215272424434,-0.6804073745943764,0.00024501114321558,5.717522878472871e-06,-0.0002449444227410364
207969.6687103696,5.895806332197287,-91.82576709517976,-88.15812093042921,-2765.62026937285,-1.151426339547732e-05,0.0003612155056998092,-0.0021164727496817,2.767117380008736e-10,0.6804381323046093,0.01647189396017983,-0.6802387291264366,0.0002455231148123215,5.943568591995297e-06,-0.0002454511639808144
208449.0883097289,5.861479356842851,-91.81337833609247,-87.28801524826923,-2757.044559244976,-1.147181009061793e-05,0.0003623440343450464,-0.002105057275551414,2.769340432349056e-10,0.6799509055919546,0.01669476279182031,-0.6797459223199828,0.0002461103606747613,6.042721699881355e-06,-0.0002460361663372255
208929.613085404,5.813329179141325,-91.8443423403976,-88.42013299876098,-2745.884213139017,-1.17148473988038e-05,0.0003638041862271207,-0.002091714234403111,2.774200920096171e-10,0.6796658589743881,0.0164084144938484,-0.6794677650846955,0.0002470009952723463,5.963069436704591e-06,-0.0002469290049152239
209411.2455850893,5.778744179438253,-91.9352844424136,-92.54853483346878,-2738.937800236714,-1.232280655710366e-05,0.0003646886549310382,-0.002081624071863855,2.774840099221511e-10,0.6798603499093255,0.01542238238224889,-0.6796854018591882,0.0002476835079455434,5.618609424453735e-06,-0.0002476197716991628
209893.9883623525,5.754716895904784,-91.84526886462454,-88.00707414292096,-2731.683446225587,-1.178165499269674e-05,0.000365695056063621,-0.002071335757737626,2.775810158274452e-10,0.6793334325430662,0.01656562347767683,-0.6791314251965819,0.000248159834151278,6.051405948686601e-06,-0.0002480860410664695
210377.8439766475,5.714499286378937,-91.88922284942835,-89.80934641551092,-2722.723540149667,-1.210158289998666e-05,0.0003668801294068399,-0.002059793473953395,2.77853956595027e-10,0.6792898322652664,0.01613200550146035,-0.6790982510782034,0.0002489524314336109,5.912206841218595e-06,-0.0002488822189851525
210862.814993329,5.694984914660508,-91.77843665866719,-84.33794841215985,-2716.237601938981,-1.142007688269e-05,0.0003678017171369118,-0.002050160626824324,2.778768548156534e-10,0.6787411622383418,0.0175195104009714,-0.6785150197836193,0.0002493589152238746,6.436394831916139e-06,-0.0002492758340136388
211348.9039836646,5.660471452333494,-91.8183361696227,-85.98924342720626,-2708.611671072902,-1.170882067872563e-05,0.0003688211115817508,-0.002039702729667198,2.78018301767283e-10,0.6786152175498598,0.01713256085324889,-0.6783989157191019,0.0002500072401085756,6.311771596248171e-06,-0.0002499275527948525
211836.1135248502,5.624695591427073,-91.82723694407852,-86.14311246178252,-2700.23184964154,-1.180257236711691e-05,0.0003699620422645774,-0.002028715685978673,2.782396870034237e-10,0.6780629126633179,0.01710216647887498,-0.6778472021268445,0.0002505758856846757,6.320048527265072e-06,-0.0002504961705760642
212324.4462000219,5.576795491988503,-91.88026811675614,-88.30112932395603,-2689.757736295586,-1.219192075869371e-05,0.0003713804504208346,-0.00201619854478662,2.786807472241532e-10,0.6779283439419007,0.01656053469044693,-0.6777260421516754,0.0002514922980695513,6.143491364211136e-06,-0.0002514172498102743
212813.9045982712,5.570577158827926,-91.82403670179114,-85.57964987272177,-2687.279331772532,-1.183871734135042e-05,0.0003717465597653565,-0.002009707917946627,2.782962278244109e-10,0.6778855870144913,0.01731381124788738,-0.6776644457414407,0.0002517144530622125,6.42901488417571e-06,-0.0002516323382397974
213304.4913146576,5.51665228569459,-91.81175429521382,-84.59717841460636,-2674.449661015216,-1.181551625766894e-05,0.0003735349575747373,-0.001995512991674948,2.789881157371471e-10,0.6774887869276229,0.01753824716473809,-0.6772617413519315,0.0002527737123783804,6.543588513907105e-06,-0.000252689000787349
213796.2089502233,5.483293633609104,-91.81359982701521,-84.43610483946087,-2666.639322321233,-1.186217773556039e-05,0.0003746282429554427,-0.001985109238721153,2.791617117865183e-10,0.6770202671708432,0.0175938472145935,-0.6767916213283595,0.0002533365546024969,6.583502520793971e-06,-0.000253250996824144
214289.0601120059,5.455532221546658,-91.78299280912397,-82.7919322528993,-2659.627639841495,-1.169299342344032e-05,0.0003756284900619366,-0.001975335957156916,2.79253930154095e-10,0.6767300508078249,0.01803737890840799,-0.67648962640123,0.0002538978659547055,6.767324735755992e-06,-0.0002538076627138637
214783.0474130534,5.437026325246307,-91.76705687177228,-81.90820567816444,-2654.983286790741,-1.160888951636497e-05,0.000376292062424776,-0.00196735132967218,2.790990383543788e-10,0.6769251226685944,0.01832071089895052,-0.6766771558520714,0.0002544155594626204,6.885656562330555e-06,-0.0002543223636064744
215278.1734724373,5.384126416485774,-91.83794605808839,-84.83973812586513,-2643.870567459437,-1.212472698590689e-05,0.0003778442687902099,-0.00195461092464266,2.796275396508307e-10,0.6765317754120231,0.01756339925934032,-0.67630375582914,0.0002553245466803701,6.628464644290117e-06,-0.0002552384915995154
215774.4409152667,5.351899930396767,-91.81189581080214,-83.3869225775324,-2635.982679049162,-1.19888756007936e-05,0.0003789859062802488,-0.00194429734817405,2.798192443485606e-10,0.6759936118677689,0.0179468847360998,-0.6757553348766852,0.0002558865850434307,6.79350657560202e-06,-0.0002557963890941311
216271.852372702,5.318006186321862,-91.76254878042374,-80.84950621058115,-2627.373619533081,-1.170099129682759e-05,0.000380248158542835,-0.001933490162082298,2.80090446978948e-10,0.6755973348986561,0.01860838690665147,-0.6753410152351916,0.0002565794408583875,7.067123064512064e-06,-0.0002564820953649471
216770.4104819695,5.291804251180952,-91.67568631644083,-76.64492827814375,-2619.928764354786,-1.115662748591503e-05,0.0003813633846386571,-0.001923577173049588,2.802403383075564e-10,0.6750860693751621,0.01970784790052878,-0.6747983415773455,0.0002571235063749139,7.506229479713043e-06,-0.0002570139180074268
217270.1178863744,5.261230497291844,-91.66037462634056,-75.73316665035144,-2612.648990358602,-1.108560041326219e-05,0.0003824319516565991,-0.001913820480352848,2.803748572668278e-10,0.674712424820452,0.01996782654468468,-0.6744168904395674,0.0002576972122947829,7.626439127040414e-06,-0.000257584336967029
217770.9772353159,5.232292431067584,-91.71958943856168,-78.2642625220932,-2606.939402624167,-1.150562924357156e-05,0.0003832461619194898,-0.001905246041212985,2.803426636131114e-10,0.6748647286486622,0.01936604532456018,-0.6745868055799191,0.0002583099855826144,7.412511983840383e-06,-0.0002582036082586374
218272.9911843001,5.20561252579377,-91.69956431698964,-77.1611741630467,-2600.497568416594,-1.139997069257276e-05,0.0003842035374346791,-0.001896166998336919,2.803907482692337e-10,0.6744138995932519,0.0196797512159655,-0.6741267057138848,0.0002587775164273623,7.55126361815404e-06,-0.0002586673180478796
218776.1623949553,5.179062713735427,-91.66830885684244,-75.5498445348866,-2593.922474674666,-1.121892725251317e-05,0.0003851897739987544,-0.001887022696267728,2.804549693230791e-10,0.6742149616311238,0.02013278831739109,-0.6739143011702785,0.0002593590290747849,7.744741258684168e-06,-0.0002592433701089599
219280.4935350449,5.155308105320843,-91.68545457745094,-76.17461808671439,-2588.752720635369,-1.135672946850972e-05,0.0003859522377343171,-0.001878930429650207,2.803687228505094e-10,0.6741129900289375,0.02001951030123428,-0.6738156591628405,0.0002598333053117391,7.716414917429225e-06,-0.0002597187006937418
219785.9872784825,5.112656232108492,-91.7115538953572,-77.07992726001781,-2579.55113439922,-1.157351856425261e-05,0.000387318514724314,-0.001867945809837966,2.807217033033851e-10,0.6738766746847923,0.01979724570672054,-0.6735858087479731,0.0002606631311929329,7.657798895210937e-06,-0.0002605506209537499
220292.6463053456,5.074568763936894,-91.71436913676436,-76.95168876880751,-2571.028048046725,-1.163096232496797e-05,0.0003886013528969988,-0.001857491975049255,2.810045274297726e-10,0.673678603949324,0.01985010580714347,-0.6733860963210893,0.0002614478722196146,7.70362587766297e-06,-0.0002613343529590033
220800.47330189,5.05874779835354,-91.62993389848927,-73.01787137187989,-2566.047150766165,-1.108022026339696e-05,0.0003893891605240764,-0.001849629587038632,2.809024321104002e-10,0.6729267452441638,0.02091104262604785,-0.6726017638701191,0.0002616721372421647,8.131401009978517e-06,-0.0002615457660267075
221309.4709605637,5.017439682814341,-91.6752014569998,-74.79809627134934,-2557.539549337226,-1.142548170785409e-05,0.0003906666452052299,-0.00183925730635618,2.811886413696393e-10,0.6731302399837721,0.02047790696145402,-0.6728186793684378,0.0002626138463488775,7.989214557425828e-06,-0.0002624922946391136
221819.6419800219,4.984321739785293,-91.60398633251694,-71.37767426560316,-2549.006174631779,-1.097691274695999e-05,0.0003920023825135885,-0.001828904460593028,2.814811029892331e-10,0.6726130828300839,0.02139003269155225,-0.6722728803809087,0.0002632977742860792,8.373235881608512e-06,-0.0002631646003262483
222330.9890651403,4.947922904438703,-91.58067009924304,-70.10607050851746,-2540.544583970664,-1.08535398159584e-05,0.0003933168924792756,-0.001818640893851316,2.817690650306997e-10,0.6719886265899168,0.02173586512258704,-0.6716370049614414,0.0002639302685879797,8.536978890414119e-06,-0.0002637921656690124
222843.5149270304,4.91306782825395,-91.5452819584627,-68.31211092764599,-2532.254111692905,-1.064552769049612e-05,0.0003946178927767533,-0.001808537076668668,2.820413901897511e-10,0.6714384399368105,0.02222505678083913,-0.6710705070824274,0.0002645798319521115,8.757767560573315e-06,-0.0002644348482767778
223357.2222830532,4.894452854531501,-91.56842496143678,-69.2311423232928,-2528.435542690244,-1.08211208415255e-05,0.0003952051869907367,-0.001801656605482077,2.818176862513868e-10,0.6717840751075543,0.02205805854128631,-0.6714218388029253,0.0002651107004367697,8.70492107038922e-06,-0.000264967748669971
223872.113856834,4.85088856806582,-91.51446839808808,-66.5727747435399,-2518.012696084556,-1.049246095031601e-05,0.000396861179180922,-0.001790103110413695,2.823333726609718e-10,0.6707892434809983,0.02274957164069199,-0.6704033607910801,0.0002658183692983247,9.01513268814881e-06,-0.0002656654528519574
224388.1923782766,4.830817351031737,-91.43407531996206,-62.89305482758802,-2512.248852813349,-9.958760238577462e-06,0.0003978004257130613,-0.001781897785994629,2.823302905395811e-10,0.6704138190751243,0.02376993797614357,-0.6699922976090873,0.0002662865021001767,9.441353174278986e-06,-0.0002661190749476368
224905.4605835782,4.810966111128288,-91.36612016627112,-59.78019415366299,-2506.736825845104,-9.508081984975537e-06,0.0003986982577143765,-0.001773898934372368,2.823003330118868e-10,0.6696192901903166,0.02462853405141231,-0.6691662193397556,0.0002665612356511463,9.80409699241925e-06,-0.0002663808777559478
225423.9212152429,4.786993085388074,-91.39976964533756,-61.13712060271524,-2501.98456581689,-9.76059947899753e-06,0.0003994442166857235,-0.001766463865248661,2.821860272224682e-10,0.6695961618943803,0.02432799339091953,-0.6691540695245427,0.0002670522673436787,9.702632966991048e-06,-0.0002668759494726107
225943.5770220978,4.765590982900926,-91.33979630127764,-58.38346470888109,-2496.287223260046,-9.364040006410499e-06,0.0004003759205222823,-0.001758387895753822,2.821795767736877e-10,0.6693414261612086,0.02511235543036768,-0.668870177523456,0.0002675643599349509,1.003848117652145e-05,-0.0002673759817243661
226464.4307593059,4.753753651809177,-91.28533513077883,-55.92949784579987,-2492.724674344838,-8.996502728714765e-06,0.0004009655941576107,-0.001751840023437382,2.819329392567208e-10,0.6689697985537948,0.0258274571528581,-0.668471041881488,0.0002678015316964165,1.033922996271523e-05,-0.00026760186976687
226986.4851883822,4.731378102101286,-91.29974529495003,-56.45030212433464,-2488.033043379309,-9.114450171231961e-06,0.0004017171271875917,-0.001744521296504293,2.818149237078026e-10,0.6687661634378765,0.02574533788039621,-0.668270423508957,0.0002682210201172011,1.032564320246647e-05,-0.0002680221944637558
227509.7430772071,4.708232920880466,-91.30109046162872,-56.3939325730462,-2482.977937219147,-9.142451997433651e-06,0.0004025345558639533,-0.00173697269818655,2.817391960795037e-10,0.6685813618538898,0.02581654276176298,-0.668082737045519,0.0002686903613340533,1.037518632559495e-05,-0.0002684899733370564
228034.2072000419,4.699597394826779,-91.27569296324042,-55.23926788946847,-2480.576434762955,-8.972787348779702e-06,0.0004029322925868392,-0.001731301659331584,2.813633447061935e-10,0.6684816909883678,0.02620299148156399,-0.6679679441590628,0.0002689107412440631,1.054070134920397e-05,-0.0002687040758371527
228559.880337543,4.678138784313047,-91.27752783010204,-55.21449252848996,-2475.901529542034,-9.002651059459785e-06,0.0004036925181653805,-0.001724064461590779,2.812462649142108e-10,0.6682140906656797,0.02626549977788153,-0.6676976819531272,0.0002693080994714426,1.058569689813363e-05,-0.0002690999729879238
229086.7652767774,4.638811270505348,-91.40973122767113,-60.77464639347493,-2469.568647840847,-9.959035842983128e-06,0.0004046839289087984,-0.001715699539140867,2.8131897649266e-10,0.6682922744727691,0.02482230401077733,-0.6678311293609961,0.0002700133190620592,1.002907402753547e-05,-0.0002698270004003668
229614.8648112362,4.611121219991825,-91.43634068502598,-61.78290127462321,-2464.010068655176,-1.01697524600764e-05,0.0004055874997837226,-0.001707900673491072,2.813051308272533e-10,0.6685156489976323,0.024615203036908,-0.6680623209957117,0.0002707073959507214,9.967631311115734e-06,-0.0002705238262121589
230144.1817408509,4.571120153256242,-91.54085807607314,-66.09586426082643,-2457.138079054626,-1.093958950007404e-05,0.000406683265745408,-0.001699220324332246,2.814430763593067e-10,0.6683131868971131,0.02348447451603219,-0.6679004381173,0.000271367020855502,9.535816456594509e-06,-0.0002711994251699228
230674.7188720069,4.527191385804333,-91.64363916486488,-70.28639897175748,-2449.448366674827,-1.170515767240376e-05,0.0004079193095930463,-0.001690006678282665,2.816772956645226e-10,0.6684571452359279,0.02238641427596872,-0.6680821831727225,0.0002722615864024121,9.117952748467772e-06,-0.0002721088649199706
231206.4790175595,4.50135135407616,-91.6723580418664,-71.36691716388462,-2444.370027167343,-1.193419111539283e-05,0.0004087549276363498,-0.00168262400873207,2.816133130408485e-10,0.6684537437599112,0.02214695090017152,-0.6680867609169234,0.0002728194496687345,9.03894848795316e-06,-0.0002726696710816648
231739.4649968478,4.457952659822627,-91.76353177213987,-75.02282256666835,-2436.663550158966,-1.262381908116786e-05,0.0004100085649476647,-0.001673461396249106,2.818542351122282e-10,0.6688125268476461,0.02119092026549112,-0.6684767318064518,0.0002738136751652732,8.675620633747722e-06,-0.0002736761997582783
232273.6796357108,4.417787765483983,-91.77943038898925,-75.44495796836678,-2428.466899963988,-1.278047178005318e-05,0.0004113853797466017,-0.001663996161211619,2.821551250847639e-10,0.6681077041024607,0.02107920512171458,-0.6677750904252852,0.0002744435069737232,8.658859854929355e-06,-0.0002743068768114441
232809.1257665008,4.371425443596753,-91.7793629006373,-75.14120101117986,-2418.781187470174,-1.283116357197724e-05,0.0004130327522531014,-0.001653547647568011,2.826334432886964e-10,0.668272060308211,0.02118133314244698,-0.6679362976473803,0.0002756077861968209,8.735574450613373e-06,-0.0002754693114510768
233345.8062281003,4.331286130393594,-91.81244064817425,-76.29069343742732,-2410.935036583155,-1.311190809068153e-05,0.0004143619252616961,-0.001644393078016418,2.829010916554323e-10,0.6678977444705034,0.02088039435177487,-0.667571274247552,0.0002763423366349818,8.639252060364117e-06,-0.0002762072597538289
233883.7238659355,4.293813358579869,-91.8398656725728,-77.20943659031656,-2403.574496503466,-1.335080042528778e-05,0.0004156181527447378,-0.0016356023236034,2.831147813918573e-10,0.6677971906990438,0.02065428855803025,-0.6674777061967663,0.0002771400999633304,8.571661689160461e-06,-0.0002770075118540494
234422.8815319923,4.236878240532067,-91.90765048290287,-79.70200704424661,-2392.944157936262,-1.390345088542298e-05,0.0004174321677113691,-0.001624623367776723,2.837184428807884e-10,0.6675538341161844,0.01995408196211415,-0.6672555402964201,0.0002782564960048313,8.317460920769329e-06,-0.0002781321581779392
234963.2820848307,4.194756127288542,-91.94412564538715,-80.95279819261496,-2384.863078365834,-1.421689803497594e-05,0.0004188286998039675,-0.001615413030288878,2.840250739623856e-10,0.6669567055262333,0.01960868041508496,-0.6666683933551866,0.000278941081779291,8.200931907465554e-06,-0.0002788205010756028
235504.928389601,4.148175232161996,-91.93715161762015,-80.33672406320538,-2375.24062802782,-1.422336509306892e-05,0.0004205289054324683,-0.001605194802369231,2.845198155426183e-10,0.667085494313999,0.01979072267095957,-0.6667918595936168,0.000280123760192179,8.310556441061351e-06,-0.0002800004565636373
236047.8233180577,4.09454166402911,-91.95874620580629,-80.87278128178393,-2364.70847226953,-1.444573009285752e-05,0.0004223910665280086,-0.001594401664216442,2.851297440829372e-10,0.6667478884277196,0.019626787963213,-0.6664589529123829,0.0002812227846362948,8.278241386705533e-06,-0.0002811009166084936
236591.9697485759,4.046034385695143,-91.94720667311442,-80.05664668322636,-2354.727907147838,-1.442162604626077e-05,0.0004241872064908202,-0.001584020736026134,2.856797129127873e-10,0.6657158747523527,0.01982776510929036,-0.6654205329173882,0.0002819769283861204,8.398436201268353e-06,-0.0002818518305980015
237137.3705661655,4.004306973428589,-91.90202354601824,-77.89451261017585,-2345.600437800847,-1.414230210591939e-05,0.0004258604219936137,-0.001574251680801012,2.861317806887521e-10,0.665457093353889,0.02044211362611091,-0.6651430395678088,0.0002829689969698779,8.692497903315155e-06,-0.0002828354534465926
237684.0286624876,3.951556893076015,-91.85617423065763,-75.65031889880187,-2334.332330954515,-1.386850063566232e-05,0.0004279385716667816,-0.00156308579664054,2.868517121998254e-10,0.6645525921046178,0.02104346672465561,-0.6642193313817167,0.000283953230613309,8.991553762277633e-06,-0.0002838108333673596
238231.946935869,3.901382662680748,-91.88222139299423,-76.39808296581045,-2324.759980156246,-1.412073981153062e-05,0.0004296878865237533,-0.001553095825740301,2.873703856727203e-10,0.664230718739828,0.02082924197332855,-0.6639040521012393,0.0002849774046955605,8.936448062198132e-06,-0.0002848372536783925
238781.1282913177,3.859838254318462,-91.85329445050799,-74.94110939671985,-2316.044102357436,-1.395635473375683e-05,0.000431319116193129,-0.001543714404679863,2.877884145459493e-10,0.6637293746494095,0.02124638139788131,-0.6633892326907274,0.000285835935500605,9.149782328187419e-06,-0.0002856894529149664
239331.5756405388,3.821165410267477,-91.84229193623617,-74.24364205978431,-2308.201630102553,-1.392075192375725e-05,0.0004327899519907131,-0.001534948734200231,2.881020763457059e-10,0.6634668240104581,0.02146343184928247,-0.6631195575880532,0.00028669269438243,9.274629694924214e-06,-0.0002865426360182363
239883.291901949,3.77205908262086,-91.79817386787758,-72.13961415921506,-2297.852487855612,-1.364902696787007e-05,0.0004347604425178677,-0.001524552122987014,2.887340390805092e-10,0.6628441044809859,0.02205165067986549,-0.6624771932281844,0.0002877178941110647,9.571865318545242e-06,-0.000287558630519116
240436.2800006933,3.731446534541438,-91.69454559362423,-67.69506477993237,-2288.230287979405,-1.291747453046254e-05,0.0004366368000517698,-0.001514676409331667,2.892813275491759e-10,0.6618031552643313,0.0233116015630845,-0.6613924595505973,0.0002884871600970869,1.016177949402943e-05,-0.0002883081333892559
240990.5428686594,3.705748889949992,-91.66421647216531,-66.32080507985877,-2282.655894175437,-1.271752032863236e-05,0.0004377166818541042,-0.001507511309827077,2.893208179548249e-10,0.6615605658572479,0.02375152195427018,-0.661134061671472,0.000289087347272274,1.037889020265569e-05,-0.0002889009743685223
241546.0834444941,3.653141518809461,-91.62846055937126,-64.5887470829135,-2271.879450509339,-1.250360998829403e-05,0.000439808726326932,-0.00149694352109232,2.900246079131764e-10,0.6608123917048566,0.02423538013420302,-0.6603678243073655,0.0002901325019747936,1.064064712301437e-05,-0.0002899373127608054
242102.9046736177,3.624625447960342,-91.55823018043982,-61.61928670388991,-2265.168928063444,-1.20003583778488e-05,0.0004411417330056975,-0.00148908924626691,2.902147864516904e-10,0.6604068764793228,0.025128203407948,-0.6599286445477756,0.0002908205184696199,1.106559819950378e-05,-0.000290609921543339
242661.0095082416,3.587286058581094,-91.5189491259034,-59.85652591427645,-2257.29932222584,-1.173891450850417e-05,0.0004426959860928616,-0.001480502969547012,2.905567576017059e-10,0.6597435660998251,0.02565382782042296,-0.6592446087214323,0.0002915437940427373,1.133654752967089e-05,-0.0002913233024235128
243220.4009073815,3.549383169937194,-91.44451500263175,-56.70733545928817,-2248.784233025357,-1.120643792285718e-05,0.0004444021343127836,-0.001471525929970787,2.909861671193113e-10,0.6590185781582534,0.02658011072401383,-0.6584823339100488,0.0002923330862360772,1.179063240093014e-05,-0.0002920952144351151
243781.0818368752,3.529376321013856,-91.40782318331803,-55.15517442421278,-2244.261034886151,-1.094403052947521e-05,0.0004453120045092888,-0.001465188498628749,2.909020370271112e-10,0.6587083612579644,0.02708825720460648,-0.6581511464039017,0.0002927861515613704,1.204033081392042e-05,-0.0002925384777768715
244343.0552693971,3.47329746006863,-91.37532375538417,-53.61252130709169,-2233.060537297561,-1.07452117613877e-05,0.0004475579167750603,-0.001454523118500365,2.916887201271691e-10,0.6575254233086834,0.02751147400001626,-0.6569496183845529,0.0002937273860163632,1.228982645692812e-05,-0.0002934701645170497
244906.3241844746,3.443299861547874,-91.37951431447031,-53.63871379457673,-2227.36219545147,-1.080550030318674e-05,0.0004487013422885428,-0.001447474680952279,2.917623762664475e-10,0.6575274916331025,0.02756295843919113,-0.6569495304628805,0.000294476304578751,1.234418065816744e-05,-0.0002942174623679496
245470.891568503,3.399801440345902,-91.34275394836838,-52.00147613844084,-2218.514890705193,-1.055972066576992e-05,0.0004505044717640266,-0.001438409291311724,2.922521962882325e-10,0.6569736293875122,0.02806045891642766,-0.6563741009180663,0.0002954031570057704,1.261717027922614e-05,-0.0002951335836246374
246036.7604147627,3.352734779651214,-91.37728305698396,-53.13916756924107,-2210.194599473358,-1.087183235511186e-05,0.0004521874590214083,-0.001429718856272545,2.926776897327663e-10,0.6563857322224989,0.02773986299225669,-0.6557993057837411,0.0002962426385703479,1.251966610940967e-05,-0.000295977970240406
246603.9337234339,3.294976366876523,-91.32348962381822,-50.79338060393532,-2198.527780691583,-1.050295376567403e-05,0.0004546071822469835,-0.001418900982392032,2.935541158468494e-10,0.6558991866084425,0.02843442009867359,-0.6552825548931305,0.0002975975104559202,1.290139217335953e-05,-0.0002973177295580449
247172.414501613,3.244957866207571,-91.29239486859872,-49.37790282256324,-2188.700732604846,-1.030241137540641e-05,0.0004566596399603426,-0.00140930993956302,2.941939574481081e-10,0.6551516177262465,0.02885721487823115,-0.6545157777768152,0.0002985936405291,1.315204086029131e-05,-0.0002983038484257798
247742.2057633285,3.203242856160979,-91.29735543610767,-49.39334945513615,-2181.011233984135,-1.037838997933055e-05,0.0004582678717941163,-0.001401128716675498,2.945521716993238e-10,0.6548012272565338,0.02888530639233708,-0.6541638069255159,0.0002994824726300811,1.321109769036139e-05,-0.0002991909395527261
248313.3105295571,3.152153569908045,-91.23550743956262,-46.81285516995109,-2170.576395456908,-9.931458204699279e-06,0.0004604929281353556,-0.001391218062208692,2.952874951296675e-10,0.6541950791722032,0.02966432663003494,-0.6535221720329861,0.0003006477285807506,1.363280266871262e-05,-0.0003003384813708703
248885.731828239,3.093578556564254,-91.21612617623671,-45.84378941227274,-2159.530185208403,-9.825762874340308e-06,0.0004628550953546932,-0.001380954630092125,2.961153035670043e-10,0.653196960834393,0.02994015863577349,-0.6525104263873125,0.0003017235907262557,1.382990539172092e-05,-0.0003014064679425461
249459.4726942955,3.037176207100292,-91.18577778811765,-44.47642359484049,-2148.75632679064,-9.628740749881147e-06,0.0004651861802965222,-0.001370904809567228,2.969155638354729e-10,0.6523802623577392,0.03034837496887038,-0.6516739850958464,0.0003028575152905941,1.408876688415083e-05,-0.0003025296369212056
250034.5361696431,2.963637639538457,-91.16436718886291,-43.39641962008091,-2135.142090861351,-9.515266716904281e-06,0.0004681595083395627,-0.001359085921368835,2.981215356138244e-10,0.6516984464432843,0.0306605093868958,-0.6509768031663851,0.0003044692371863426,1.432438876557193e-05,-0.0003041320901834039
250610.9253032114,2.90839115691854,-91.13241168583274,-41.99824487337534,-2124.676806588742,-9.299845393044328e-06,0.0004704759894380423,-0.001349313944841686,2.989009219226082e-10,0.6508401127074468,0.03108339405377507,-0.6500974349458239,0.0003055661631782787,1.459349734923291e-05,-0.0003052174797003153
251188.643150958,2.833605609314244,-91.03258438078835,-38.0257586053777,-2109.735184419844,-8.540453495926132e-06,0.0004738392051094717,-0.001336743488890609,3.003254841736969e-10,0.6495955247675042,0.03225512385406704,-0.6487942299243481,0.0003071486688016839,1.52512109090591e-05,-0.0003067697920468277
251767.6927758856,2.751123580963842,-90.96320673473946,-35.20663374143073,-2094.048368878997,-8.026539383331405e-06,0.0004774089402256245,-0.001323752643979167,3.01879361488824e-10,0.6483476420551559,0.03307797088923815,-0.6475032917293404,0.0003088583586610447,1.575760769994253e-05,-0.0003084561289946582
252348.0772480574,2.677194403424872,-90.877823390412,-31.86522214828833,-2079.689272019294,-7.365769113720886e-06,0.0004807282037667902,-0.001311651871282899,3.032645734103086e-10,0.647154076716738,0.03408095958953607,-0.6462560539016636,0.0003104224794860497,1.634772360968738e-05,-0.0003099917219911658
252929.7996446145,2.599561922660371,-90.75685968255418,-27.26907940617523,-2064.203337070831,-6.398670402350484e-06,0.0004843638687104768,-0.001298890700515382,3.048369837763648e-10,0.6453873518292287,0.03544921872560463,-0.6444130560385077,0.0003119035730037069,1.713194091791194e-05,-0.0003114327141661003
253512.8630497907,2.533909022299344,-90.5530755532025,-19.78422172134719,-2049.479841564143,-4.709677834382409e-06,0.0004878832191520214,-0.001286659949432483,3.063207951148258e-10,0.643690014296547,0.03774237845388721,-0.6425825607451018,0.0003133274938640483,1.837176993703811e-05,-0.0003127884212698829
254097.2705549305,2.444186990259485,-90.31589921414027,-11.19357768447664,-2030.198973650251,-2.715679462533276e-06,0.0004925475851428728,-0.001271624057239446,3.085187248930498e-10,0.6413760699481668,0.04035728564798898,-0.6401051105851931,0.0003151726290045507,1.983159711305139e-05,-0.0003145480787249952
254683.0252585041,2.387356522052508,-90.0505113735906,-1.777332437628441,-2016.05329349186,-4.372847309766723e-07,0.0004960182481424571,-0.001259859571992465,3.099689008746761e-10,0.6394704699651783,0.04329342483101715,-0.6380032612172818,0.0003164423283845403,2.142377607837646e-05,-0.0003157162792951494
255270.1302661247,2.319075677931164,-89.83274598037237,5.84070887248502,-2000.830939387022,1.45895222278811e-06,0.0004997880925367771,-0.00124747119438793,3.116088167694088e-10,0.6373955241572783,0.04566990889616446,-0.6357572757249008,0.0003178105463660247,2.277138471903539e-05,-0.0003169937024917827
255858.5886905646,2.2377138086181,-89.49938049907502,17.31413613984929,-1981.548221625307,4.409185608172688e-06,0.000504617373348581,-0.001232607418264292,3.139174704353342e-10,0.634972077098072,0.0492805306309784,-0.6330568442051385,0.00031966876890956,2.480966821408997e-05,-0.0003187045688082624
256448.4036517717,2.174957225694941,-89.10678230170539,30.62606744811485,-1964.361268206768,7.934927381669329e-06,0.0005089476159807784,-0.001219106071246592,3.159357481900489e-10,0.6319771395148177,0.05346401003880951,-0.6297116042283971,0.0003209144527646648,2.714872493233091e-05,-0.0003197640266318163
257039.5782768863,2.104412571347175,-88.6705920413465,45.14074664109497,-1945.159197545802,1.192407253190961e-05,0.0005138200203479095,-0.001204412579048793,3.183207728697227e-10,0.6284447964329865,0.05803014078601273,-0.6257598300658594,0.0003222198842251135,2.975355250257046e-05,-0.000320843232597358
257632.1157002576,2.031140124349306,-88.13150562267589,62.75770391449752,-1923.728978314505,1.694015254340924e-05,0.0005192711063684466,-0.001188403764164597,3.211265729565799e-10,0.6248544794825058,0.06364894705440791,-0.6216043211466749,0.0003238593864375701,3.298897522109393e-05,-0.0003221748433654952
258226.0190634596,1.967658879405977,-87.47164816106773,83.97336254086264,-1901.711534212459,2.31742822763745e-05,0.0005248188064474763,-0.001172100286804963,3.240973582511577e-10,0.6200691192812884,0.07035943403417849,-0.616064333271017,0.0003249526774672694,3.687248044377489e-05,-0.0003228539341235765
258821.2915153092,1.914392597594259,-86.711600915581,107.9857773469746,-1879.435606113649,3.047055085280693e-05,0.0005303238965132697,-0.001155706569520022,3.271844698780789e-10,0.6153242788976727,0.07802200870407433,-0.6103577101657046,0.000326064652705849,4.134440984042072e-05,-0.0003234328330876957
259417.9362118814,1.884030484434234,-85.6488590102001,141.1507732566346,-1855.097468333106,4.077957964508752e-05,0.0005359523948320578,-0.001138116879325294,3.307146234886507e-10,0.6089782356148645,0.0885043442193338,-0.6025126326533736,0.000326527258341172,4.745503070408421e-05,-0.0003230604749898646
260015.9563165272,1.901741390805436,-84.45196947223324,178.2910508623627,-1835.494114296189,5.242580270499243e-05,0.000539720035508414,-0.001123500132240732,3.334779594676576e-10,0.6022568532590741,0.1000502715176145,-0.5938882558754411,0.0003257786063442864,5.412016126175122e-05,-0.0003212517836473871
260615.3549998895,2.00110132000773,-82.83934720950072,228.6982817151603,-1820.386156523421,6.79414435530028e-05,0.0005407983932828346,-0.001111689889288687,3.354722546171254e-10,0.5952422388392237,0.1154582659701021,-0.5839372498115775,0.0003236367277362334,6.27753424581086e-05,-0.000317490138302096
261216.1354399207,2.207728347416493,-81.10766216047453,284.6609698987567,-1819.398738592255,8.393999379105089e-05,0.0005364989758701259,-0.001108531455051391,3.348823374688126e-10,0.5891130186284722,0.1317741574955002,-0.5741861371836677,0.0003191113965198546,7.137957249954415e-05,-0.0003110257867422478
261818.3008218985,2.4955534179583,-79.18790209590144,348.9853700966435,-1827.349037152237,0.0001008338182056883,0.000527983681836067,-0.001110814756279515,3.326584984801608e-10,0.5830640948408533,0.1494767210988023,-0.5635782541423457,0.0003126324301460774,8.014774187071365e-05,-0.0003021843408452321
262421.8543384442,2.852051506292077,-77.62814893653419,406.723786999306,-1854.22900754466,0.000112866294147095,0.0005145505703652607,-0.001124562254615084,3.270820874321882e-10,0.5808602044785877,0.1642291800916007,-0.5571600789300569,0.0003052229753459692,8.629704462398786e-05,-0.000292769337137979
263026.7991895381,3.237260485647363,-76.4239581667028,457.5188137737202,-1894.622125091486,0.0001204340285892334,0.0004987269775793614,-0.001146417313477976,3.19372506708266e-10,0.5806657813775429,0.1759329639215076,-0.5533717935245579,0.0002971697576688845,9.003794942159651e-05,-0.000283201399249611
263633.138582538,3.594993491497326,-75.85351846613928,490.4181270400231,-1945.754256881501,0.0001217985430706446,0.000483240770670638,-0.001174649020566264,3.102645394909502e-10,0.5831955628217552,0.1823142108688937,-0.553966238150157,0.0002899046771141016,9.062781990234853e-05,-0.000275374871897163
264240.8757321946,3.874622510135382,-75.65118788776346,509.709428397115,-1992.575800938342,0.0001204940674894903,0.0004710400664771157,-0.001200148490750673,3.022771229372295e-10,0.5860999179831745,0.1852777392259644,-0.5560443086726088,0.000284244016535961,8.985513759072455e-05,-0.0002696677867025419
264850.0138606701,4.073527983958324,-75.68113446461983,518.3249650047873,-2030.676034359794,0.0001180074825735345,0.0004623257279050686,-0.001220283601180518,2.959235227236137e-10,0.5892030385105725,0.1860579613625662,-0.5590551454049029,0.000280421808671556,8.855132549031668e-05,-0.0002660733987690892
265460.5561975539,4.251830189172773,-75.55946648559072,531.0005162802141,-2062.053217805522,0.0001171145976873943,0.0004547952885338635,-0.001236288988591073,2.907503607185723e-10,0.5907472832172534,0.1878272819151997,-0.5600921931226269,0.0002767246071329849,8.798420623074651e-05,-0.0002623647987952086
266072.505979881,4.446241708457906,-75.20868144219068,552.3495397211461,-2091.842419590685,0.0001180008465207484,0.0004468894396550566,-0.001251264425165155,2.859507013106531e-10,0.5917172837069442,0.1916588556413726,-0.5598180301595902,0.0002727926730156968,8.835829707390039e-05,-0.0002580865238427788
266685.866452148,4.712269505208215,-74.69616497726295,583.6358892787704,-2132.85259132514,0.0001193604843306491,0.0004361937347976398,-0.001272860978017607,2.798074610317944e-10,0.5933327784648106,0.1972878302551048,-0.5595724242973423,0.0002676303566158195,8.89892051872648e-05,-0.0002524023160401854
267300.6408663312,5.027077637594188,-74.45977113204626,609.52556526674,-2191.900796925823,0.0001177610881545963,0.000423477927230096,-0.001305091695504986,2.716434496945397e-10,0.5961830592367737,0.2006463603632443,-0.561404736526066,0.0002613708478918515,8.796477612378347e-05,-0.000246123786516456
267916.8324819031,5.356497639172333,-74.73950968928916,619.0178063848551,-2268.89397150112,0.0001119166094727907,0.0004102093961183868,-0.00134782756115257,2.618218760734609e-10,0.6017466684240105,0.1998437560620819,-0.567592746714046,0.0002551977134735209,8.475272448549286e-05,-0.0002407132083089738
268534.4445658507,5.631765661413976,-75.72403615179903,598.9373848819159,-2353.850206068587,0.0001015262235146646,0.0003990025137410224,-0.001395079488589871,2.517916418981875e-10,0.6089344070673872,0.1924277152391546,-0.5777306349141867,0.000250052434823744,7.901839371312752e-05,-0.0002372389378164552
269153.4803926916,5.807219091648074,-77.16562183854373,553.3485502651996,-2428.826283113171,8.917221896651597e-05,0.0003914057948567791,-0.001436205499943715,2.434577913402774e-10,0.616457305363281,0.1801273721812843,-0.5895538475210069,0.0002468171497738446,7.211938963370301e-05,-0.0002360455444640855
269773.9432444921,5.847198366146039,-78.79176849446121,490.7635541951601,-2476.669558287025,7.69856464333453e-05,0.0003885129719121159,-0.001461127779302862,2.382056539725574e-10,0.6228669743856357,0.1651228226249881,-0.6005811529083083,0.0002460456558314951,6.522701452518972e-05,-0.0002372422840255953
270395.8364108843,5.807109792700631,-80.21957052573022,430.9628838519005,-2500.100086921438,6.695890615364068e-05,0.0003884417275071176,-0.001471558483812538,2.35430506220998e-10,0.628499335548435,0.1515659213529638,-0.6099501506428632,0.0002470787785129036,5.95843473396753e-05,-0.000239786630869057
271019.1631890843,5.728497687953716,-81.30355744193622,383.2959037269144,-2505.890521010017,5.964392531245259e-05,0.0003899367189240574,-0.00147157440297909,2.343462661686716e-10,0.6317309904265229,0.1408226754988423,-0.6158352201121851,0.0002485359822681729,5.540254081425777e-05,-0.0002422822588497351
271643.9268839082,5.711744938427168,-82.04300332676796,351.9557995217048,-2518.007063501852,5.44466496032288e-05,0.0003895291638076439,-0.00147528890299063,2.326822140406273e-10,0.6346729430046083,0.1335861583700848,-0.6204550611237315,0.0002489586598963652,5.240089613884552e-05,-0.0002433815120777253
272270.1308077913,5.761689745141609,-82.81421181605648,321.0019697069733,-2546.070972159464,4.874360510455424e-05,0.0003866165623481951,-0.001488300532562019,2.295882332960039e-10,0.6383542225352908,0.1260544401202698,-0.6257846207399164,0.0002480830466917336,4.898842750637304e-05,-0.0002431981332706025
272897.7782808041,5.778504210305744,-84.090811372274,266.6827835550089,-2576.594603193606,3.97443211533215e-05,0.000383995554666612,-0.001502679025185045,2.263466331394231e-10,0.6439840497948135,0.1131765842726571,-0.6339609744791102,0.0002479363225444601,4.357341786903957e-05,-0.0002440774002075584
273526.8726306712,5.690703381555695,-85.65888034279703,196.4118031901342,-2587.35669286408,2.917154748188086e-05,0.0003842803609179327,-0.001505485012316271,2.248867286615626e-10,0.6498541105943961,0.09676778603825735,-0.6426090262684517,0.0002497648946086934,3.719172578481548e-05,-0.0002469803192807856
274157.4171927883,5.500830385692326,-87.21286703136744,125.2556044826512,-2572.879013683392,1.887688633540043e-05,0.0003877506710908538,-0.001493617853560241,2.256320384936414e-10,0.6546708092286094,0.08000316855096143,-0.6497640814002024,0.0002534566693328689,3.097333247666158e-05,-0.0002515570231669182
274789.4153102397,5.254408630079674,-88.32541017696481,74.17232109476581,-2537.069523441238,1.151346633620572e-05,0.0003938189356840219,-0.001469442173264181,2.282904600365484e-10,0.6574455679018538,0.06776855538482439,-0.6539434972953283,0.0002583155830834096,2.662680342468226e-05,-0.000256939591739197
275422.8703338166,5.048798979748561,-89.1816775179354,35.79912315928409,-2506.345898373727,5.69772889394446e-06,0.0003989058441415957,-0.001448308698332881,2.305574309689117e-10,0.6601000226218443,0.05833430900883015,-0.6575174128932416,0.0002626199117059246,2.320822686912922e-05,-0.0002615924238773337
276057.7856220346,4.834491771451146,-89.78874366801429,9.107312657902515,-2470.024015150895,1.492732507502866e-06,0.0004048488593975269,-0.001424037111219867,2.334097298034779e-10,0.6608887536753756,0.05153823597709822,-0.6588761302148988,0.0002668221826019806,2.080765413905036e-05,-0.000266009621363052
276694.1645411511,4.645166555043084,-90.28725233536088,-12.22270196500723,-2437.937949179935,-2.05641617256495e-06,0.0004101724022034174,-0.001402305958301474,2.359377774180258e-10,0.661608990885825,0.04596638834091438,-0.6600102635291757,0.0002706234692462939,1.880201698118605e-05,-0.0002699695283996677
277332.0104651841,4.498174198932126,-90.55456300391606,-23.3409907201314,-2411.445564539923,-4.013503761229905e-06,0.0004146501731365954,-0.001383877327935557,2.379812103335258e-10,0.6613501380086395,0.04298286426048559,-0.6599518758394518,0.0002734766476912716,1.777395807540152e-05,-0.0002728984485972571
277971.3267759288,4.354249287753892,-90.85073764314083,-35.43734495234798,-2386.471438560372,-6.220896019443445e-06,0.0004189363140105121,-0.001366395341562259,2.399185845634872e-10,0.6619232837259744,0.03971854149559075,-0.6607305585486718,0.0002765569398357994,1.65947301761773e-05,-0.0002760586095410209
278612.1168629771,4.230920336374185,-91.03968703976471,-42.90722293167566,-2364.300846035112,-7.673295458358872e-06,0.0004228187634740209,-0.00135058794584982,2.416113845184084e-10,0.6613636309026391,0.03762120437343335,-0.6602927360362331,0.0002788954795650614,1.586477294075532e-05,-0.0002784438857316926
279254.3841237338,4.112678643738604,-91.21265341232022,-49.60039610928892,-2343.183119794589,-9.029799944133891e-06,0.0004265787466212231,-0.001335446092475876,2.432281864230768e-10,0.6611488652178877,0.03572995736514374,-0.6601826960210224,0.000281297272642648,1.520193119463453e-05,-0.0002808861991699589
279898.1319634363,4.004170381533059,-91.38917426609021,-56.3654981150308,-2324.310478669453,-1.04272489644251e-05,0.0004299822558517493,-0.001321643339902165,2.446391682444272e-10,0.6611809730781527,0.03381157678415274,-0.6603158762561614,0.0002835715483183406,1.450132652052789e-05,-0.0002832005200291942
280543.3637951713,3.910009418911106,-91.54323710316712,-62.1827402658807,-2308.100910349333,-1.166393701699695e-05,0.0004329423813115491,-0.001309407800874606,2.457906394002038e-10,0.6614574338980805,0.03216373476206524,-0.6606749813828197,0.0002856590439363452,1.389032952189852e-05,-0.0002853211315840449
281190.0830398941,3.825473796556568,-91.63648230436665,-65.50918120808939,-2292.954147739161,-1.244964851513885e-05,0.0004357629369539006,-0.001297823105816915,2.468452425197874e-10,0.660920364258852,0.03117782855104093,-0.660184573357251,0.0002872958156108878,1.355270644836657e-05,-0.0002869759742826037
281838.2931264454,3.731265767676777,-91.7337733838695,-68.8975847538771,-2276.15437258728,-1.32862628352895e-05,0.0004389353466586692,-0.001285351311274691,2.480952322558114e-10,0.6607011750855212,0.03016160526311122,-0.660012363768544,0.0002893020206746935,1.320689848671917e-05,-0.0002890004100322736
282487.9974915708,3.643556505413559,-91.90405496685183,-75.19545802455602,-2261.90752303236,-1.468122213514927e-05,0.0004416166570055201,-0.0012743683494662,2.490836875562673e-10,0.6607225971265719,0.02831594451735968,-0.660115563852097,0.0002911023158742511,1.247548829269292e-05,-0.0002908348680939256
283139.1995799379,3.562184804558008,-91.9402193680598,-76.11589909624966,-2246.886473620476,-1.505965469299608e-05,0.0004445501508732127,-0.001262993924449713,2.501721735797353e-10,0.6602173451609493,0.02799321877992365,-0.6596236218888097,0.0002928142124216342,1.241532409026849e-05,-0.0002925508891181764
283791.9028441557,3.491123566083342,-91.99641299475729,-77.88109941912664,-2234.233240203113,-1.558287801977454e-05,0.0004470376549571461,-0.001252992987589992,2.510103462739203e-10,0.6595906291268929,0.02743573995816749,-0.6590197858979335,0.0002941791318690224,1.223641120214467e-05,-0.0002939245343078793
284446.1107447915,3.426230772971082,-92.06063297516407,-79.98235702279655,-2222.945831937852,-1.61649576290804e-05,0.0004492718959854411,-0.001243795587333103,2.517046574043881e-10,0.6596361963219696,0.02681460844502377,-0.6590909559932195,0.0002956775864165764,1.201947186940037e-05,-0.00029543318602539
285101.826750391,3.347065371980134,-92.1505916635172,-82.97260245078313,-2209.506912920432,-1.697195903514472e-05,0.0004519523277120097,-0.001233432808885075,2.526531789145251e-10,0.6591076665551326,0.02587497824900738,-0.6585995760797037,0.0002972164623684874,1.166800188992832e-05,-0.0002969873452434213
285759.0543374947,3.303991735867996,-92.18396238570746,-83.97152333437369,-2201.907675330992,-1.729428725911995e-05,0.0004534921166500622,-0.001226363558534948,2.529420455165535e-10,0.6591294225375194,0.02560837823203985,-0.6586317686074432,0.0002982414361893782,1.158722284464495e-05,-0.0002980162588300368
286417.7969906581,3.222814106435414,-92.33770747573499,-89.37331648359857,-2189.269656357571,-1.861599225191289e-05,0.000456013366893236,-0.001216520381175081,2.538170977691795e-10,0.6589964609120138,0.02395253649785515,-0.6585610157683783,0.0002998667258713098,1.089925230552013e-05,-0.0002996685829111218
287078.0582024691,3.173229918532877,-92.34657384928104,-89.34133957371462,-2180.208104828803,-1.87641066910452e-05,0.0004579028888853294,-0.001208698773515435,2.542858428447746e-10,0.6587247888371305,0.02395741255738192,-0.6582889865492796,0.0003009828892170427,1.094656125271207e-05,-0.0003007837635215359
287739.841473567,3.102338019456314,-92.44391378209373,-92.56188223322887,-2168.729731169472,-1.964404493153217e-05,0.0004602609978921629,-0.001199569914191695,2.550437576518238e-10,0.6582856147198346,0.0229405964058537,-0.657885764843422,0.0003023485125193294,1.053654378057178e-05,-0.000302164862728629
288403.1503126606,3.026489854597552,-92.46085494247419,-92.62341720960565,-2155.213278857691,-1.990393294499836e-05,0.0004631358016890874,-0.001189351941459826,2.560530052547044e-10,0.6577459071617907,0.02284440755543773,-0.6573490788245832,0.0003039871990548548,1.055788776673742e-05,-0.0003038037988490613
289067.9882365476,2.980899245154727,-92.50713640898373,-94.03490724865235,-2147.615143582027,-2.034906022135091e-05,0.0004647417769390331,-0.001182433129469834,2.563679165501246e-10,0.6578240354866034,0.02243333453223907,-0.6574414096827524,0.0003050839916939029,1.040407597912945e-05,-0.0003049065384522049
289734.3587701322,2.915511024962204,-92.62117030919767,-97.85949586269463,-2137.603946049152,-2.137170858770973e-05,0.000466835110973797,-0.001174214324564722,2.569761919370029e-10,0.6575804377214666,0.02123448174310191,-0.6572374980621978,0.0003063677231881822,9.893177247268928e-06,-0.0003062079470808437
290402.2654464451,2.863235506716812,-92.60594577024406,-96.8520167165692,-2127.973991336059,-2.134407445061962e-05,0.0004689591073046676,-0.001166236010492079,2.575454110692755e-10,0.6571739258957796,0.02151357655625321,-0.6568216918624338,0.0003075633268944326,1.006854794188633e-05,-0.0003073984781886755
291071.7118066605,2.80668738504025,-92.62776752701195,-97.21640194629916,-2118.217646676186,-2.162143678492715e-05,0.0004711026948891291,-0.001158219075706424,2.581365788004491e-10,0.6565161665057568,0.02135997572980229,-0.6561685974810414,0.0003086609612099692,1.00423888649581e-05,-0.0003084975516936027
291742.7014001168,2.752028736261289,-92.64654398442707,-97.47662422613175,-2108.797959147149,-2.187276036465193e-05,0.0004731927555358169,-0.001150416505947371,2.586932869737692e-10,0.6563006339876587,0.02125607038017454,-0.6559563260191915,0.0003099288524864523,1.003788379918378e-05,-0.0003097662578338757
292415.2377843335,2.701438740783455,-92.68925339511746,-98.66221490353453,-2100.499991090435,-2.231250765396139e-05,0.0004750290896487078,-0.001143254226693503,2.591179192703176e-10,0.6560488339535875,0.02087743089105952,-0.6557165587441351,0.000311018612131258,9.897540007003439e-06,-0.0003108610876160986
293089.3245250321,2.648996059143318,-92.70186011704094,-98.69904746381557,-2091.465231683238,-2.251363155935747e-05,0.0004770712469396949,-0.00113571871123813,2.596387336969629e-10,0.6553950568089177,0.02083094066243914,-0.6550639300104093,0.0003120431857921739,9.917915949815265e-06,-0.0003118855314735545
293764.9651961531,2.605915419704481,-92.68352855556248,-97.6597849422747,-2083.600481413579,-2.244573478802101e-05,0.0004788864099756718,-0.001128845694122161,2.600193585246348e-10,0.6548023573056442,0.02114010553106477,-0.6544610172280424,0.0003129379818072224,1.010311262058446e-05,-0.0003127748512475919
294442.1633798762,2.553933285350103,-92.72660050761789,-98.82947525972436,-2075.19827697375,-2.289725413007393e-05,0.000480791203163695,-0.001121707774066469,2.60471693386914e-10,0.6546935672971976,0.02076354070947654,-0.6543642276573011,0.0003141371362543708,9.962827714809479e-06,-0.0003139791114676614
295120.9226666385,2.50982522039073,-92.70629383504549,-97.71421642785897,-2067.19904472526,-2.281517896272354e-05,0.0004826679052561212,-0.001114814034023963,2.608782280785325e-10,0.6540375745072114,0.0210934310600049,-0.6536973428379474,0.0003150374767345127,1.016030508923623e-05,-0.0003148735936018489
295801.2466551547,2.458359900436271,-92.74580580671783,-98.74564720587242,-2058.913597773209,-2.324041685187412e-05,0.0004845784257657447,-0.001107792073867564,2.613256322456934e-10,0.654193593067728,0.02076686287032133,-0.6538638960956549,0.000316365706885277,1.004278140504296e-05,-0.0003162062665961437
296483.1389524342,2.409044483466968,-92.76600369987048,-99.07802858881182,-2050.735576221047,-2.350420047365211e-05,0.0004864943397490346,-0.001100854183759667,2.617643300173312e-10,0.653431645349245,0.0206318870011183,-0.6531058416386999,0.0003172473592060328,1.001697991385721e-05,-0.0003170891783656562
297166.6031738027,2.367370547246893,-92.75267900034682,-98.24523315465123,-2043.356905739342,-2.347579026982131e-05,0.0004882620420882661,-0.001094370459452914,2.621053596818519e-10,0.6530711184867527,0.02089195385973242,-0.6527368628057258,0.0003182161784526742,1.017983727876109e-05,-0.0003180533086480977
297851.6429429189,2.323731090695821,-92.76586655479994,-98.36546858097775,-2036.087986955489,-2.367211924312713e-05,0.0004899942867351907,-0.001087969381307375,2.624361090040374e-10,0.6523101747034447,0.02083732879198578,-0.6519772770200302,0.0003189718770891094,1.018920466988624e-05,-0.0003188090941016977
298538.261891796,2.27680424622832,-92.740523682681,-97.06197975538753,-2027.714680669655,-2.355274269829562e-05,0.0004920386155292508,-0.001081003193907348,2.629137418352646e-10,0.6522385527050343,0.02124342577253217,-0.6518925114589097,0.0003202559478708774,1.043074413278913e-05,-0.0003200860380015198
299226.4636608189,2.234499458460724,-92.73740503918086,-96.60542317576848,-2020.47954765285,-2.36102662754395e-05,0.0004938031277743933,-0.00107466867566077,2.632483592260969e-10,0.6518865779199327,0.02138767117576417,-0.651535630640288,0.0003212253636551646,1.053904572340461e-05,-0.0003210524299403958
299916.2518987652,2.20016086316755,-92.73829462978183,-96.3576200062091,-2014.641095441308,-2.368636064604425e-05,0.0004952334393054698,-0.001069098746285297,2.634040468485689e-10,0.6514695976757517,0.0214843224091797,-0.6511152437060772,0.00032194515611596,1.061718544771076e-05,-0.0003217700404321366
300607.6302628231,2.158697138865207,-92.6564879247756,-93.09157896714612,-2006.382961547438,-2.307537741179049e-05,0.0004973386914688874,-0.001062267666946586,2.638798937599074e-10,0.65048073892431,0.02250046384327134,-0.6500914711318354,0.0003227964348926671,1.116569496592654e-05,-0.000322603263522463
301300.6024186122,2.143674804019975,-92.66042004104291,-93.10862735372642,-2003.780155041406,-2.313945322210981e-05,0.0004979815349314875,-0.001058449647907455,2.636149648024118e-10,0.6503304958550534,0.0225714337899569,-0.6499386772732834,0.0003231351694835516,1.121525767235449e-05,-0.0003229404832976292
301995.1720402016,2.094194882364194,-92.68834327938072,-93.71962549980051,-1995.949668356498,-2.347334117071906e-05,0.0004999124492341825,-0.001051888524361171,2.640404997732853e-10,0.6496887173430375,0.02235364783709083,-0.6493040457838043,0.0003240704610233552,1.115019665070591e-05,-0.0003238785834576602
302691.3428101306,2.081166252859942,-92.60963977922758,-90.81067129555954,-1992.408991439203,-2.282856641348937e-05,0.0005008644946128405,-0.001047607561895801,2.639013662803693e-10,0.6490933965519702,0.02334531842787912,-0.6486734413823909,0.0003243645552345883,1.16661082502055e-05,-0.0003241546954940292
303389.1184194271,2.040933319766638,-92.6398853434175,-91.57634332374604,-1986.156177172404,-2.316510255003536e-05,0.0005024169982626344,-0.001041917966591279,2.641233130962677e-10,0.6487156149584361,0.02311079401583493,-0.6483038178900843,0.0003251834942331522,1.158481248066356e-05,-0.0003249770715627033
304088.502567628,2.014442838226262,-92.63574114560467,-91.22302640614652,-1981.608457895181,-2.318191963777688e-05,0.0005035733831054945,-0.001037141419960744,2.641206056081163e-10,0.6488320921569214,0.02328343186061747,-0.6484141929457742,0.0003259843741490379,1.169799560606427e-05,-0.0003257744144160809
304789.4989627983,1.984430172185246,-92.6524745164366,-91.58155958412297,-1976.828692940279,-2.338508011925422e-05,0.000504777354484618,-0.001032260163811411,2.641502922869338e-10,0.6483978840953825,0.02320038866960155,-0.6479826834607144,0.0003265444417613065,1.168411889148904e-05,-0.0003263353395066688
305492.1113215514,1.957593169237096,-92.66305721104321,-91.7450232603517,-1972.476131211611,-2.352992018683658e-05,0.0005058825458700034,-0.001027618438509116,2.641243097481811e-10,0.6485990043770653,0.02320996162298595,-0.6481835898573644,0.0003273586360836731,1.171445119277113e-05,-0.0003271489695105502
306196.3433690677,1.913746731936691,-92.75191031934152,-94.52966029080262,-1966.628457360745,-2.438491309291577e-05,0.0005073123490687369,-0.001022215473804286,2.643003951730119e-10,0.6478282670075138,0.02230059478348624,-0.6474443196184992,0.0003279127006111554,1.128794255068095e-05,-0.000327718357091991
306902.1988391158,1.894093119140715,-92.75412814703769,-94.44671840092926,-1963.318182795851,-2.444565238477409e-05,0.0005081658169804817,-0.001018147784004509,2.641371228548234e-10,0.6483711646464938,0.02241681722628059,-0.6479835286876467,0.0003287350855239668,1.13657033654085e-05,-0.0003285385475731262
307609.6814740708,1.852827110468341,-92.81499353672002,-96.25067503013909,-1957.489212749028,-2.505857019422859e-05,0.0005096263566645857,-0.001012790243678762,2.643143572812649e-10,0.6478641095432813,0.02183426108378769,-0.6474960768045115,0.0003294339312124887,1.110255431346981e-05,-0.0003292467893872789
308318.7950249355,1.823787517649369,-92.88646210770413,-98.51128453391755,-1953.777605531783,-2.574145164313206e-05,0.0005105310725789467,-0.00100854494970857,2.642074164200111e-10,0.648310242227875,0.02116423283899678,-0.6479646945828937,0.0003302613124425053,1.078145440094562e-05,-0.0003300852840361812
309029.5432513591,1.774781044069483,-92.94916550152101,-100.2956342284091,-1946.801778602508,-2.639291855114596e-05,0.0005123032639772468,-0.001002632703089691,2.645442932074119e-10,0.6480758008722616,0.02057111339296969,-0.6477492361786286,0.0003313011162127927,1.051610447367113e-05,-0.0003311341739394188
309741.9299216581,1.737001768491948,-92.98064226374923,-101.0732524943499,-1941.14060924671,-2.675139248487658e-05,0.0005137681139646122,-0.0009974178286942512,2.647056044090968e-10,0.6477107512259296,0.02032748973714039,-0.6473916978264739,0.000332065422932465,1.04214056412418e-05,-0.0003319018520764498
310455.9588128356,1.687778895114357,-93.04910415047905,-103.0338235769691,-1934.282662979507,-2.746056182181149e-05,0.0005155247743274074,-0.000991608111911735,2.650331463872643e-10,0.6480829164364339,0.01968913036209271,-0.64778376386132,0.0003334079040960395,1.012912317392168e-05,-0.0003332540042931839
311171.6337106018,1.640560987214311,-93.05923036691,-102.981054506382,-1926.880596229518,-2.765725138682996e-05,0.0005174953907567719,-0.0009855415417556997,2.654393640917883e-10,0.6474706451354242,0.01968029323056194,-0.647171478335102,0.0003343639542504171,1.016321081861875e-05,-0.0003342094598419251
311888.9584093937,1.602159847843981,-93.11080363283959,-104.428449280221,-1921.506378700025,-2.820033838316943e-05,0.0005188924134969645,-0.0009805324302352909,2.655695643457561e-10,0.6473187353253558,0.01921766886214661,-0.6470334043206138,0.0003351987800162322,9.951417757296528e-06,-0.000335051028067353
312607.9367123956,1.559445659145055,-93.13087551654306,-104.7482393099738,-1915.009787525409,-2.847785647848013e-05,0.0005206328454137619,-0.0009749697239274977,2.658576329250858e-10,0.6471010971174873,0.0191092533526016,-0.6468188821663773,0.0003362109645152433,9.928495762815651e-06,-0.0003360643355551999
313328.5724315585,1.517071869209095,-93.13456741234249,-104.5069039728063,-1908.342897359695,-2.861090887784656e-05,0.0005224480170061418,-0.0009693409154233713,2.661728279582086e-10,0.6464306954100028,0.01917261403028486,-0.6461463107064107,0.0003370293128114282,9.996018099553979e-06,-0.0003368810432723944
314050.8693876218,1.481620355327715,-93.18111978333492,-105.7881016267202,-1903.412262114453,-2.910929323561033e-05,0.0005237544188254074,-0.0009646127420310897,2.662485607824683e-10,0.6466421378527906,0.0187788383354009,-0.6463694065142628,0.000337992194143672,9.815476599665054e-06,-0.0003378496407000829
314774.8314101316,1.430593209014245,-93.18988029635781,-105.6422693089034,-1895.557367380244,-2.931008164733297e-05,0.0005259158248736716,-0.0009584226400227861,2.667369611837007e-10,0.6458597896563917,0.0187826604501328,-0.6455866166219786,0.000338973696696803,9.857910259391772e-06,-0.0003388303242887419
315500.4623374628,1.41641091208448,-93.18899553902197,-105.4799185186178,-1893.170462425643,-2.933892957907974e-05,0.0005265798045577367,-0.00095501424935577,2.664590110709182e-10,0.6458563878968001,0.01891806606453053,-0.6455792597067226,0.0003393939645948549,9.941339227157021e-06,-0.0003392483352616254
316227.766016838,1.37693946828961,-93.18741804581029,-105.0813043101293,-1886.951413874933,-2.942112464740702e-05,0.0005283169362588871,-0.0009496877793977317,2.667223529679225e-10,0.6454605014104615,0.0190499762246557,-0.6451793218066466,0.0003402986909094384,1.004349910945796e-05,-0.0003401504478320083
316956.746304349,1.334632936121428,-93.245913984382,-106.6901654468701,-1881.243672883709,-3.004966933146718e-05,0.0005298590555679812,-0.0009446375039838886,2.669162897532283e-10,0.6451844147734863,0.01850938363704949,-0.6449188567439957,0.000341159895494533,9.787371242532258e-06,-0.0003410194740157834
317687.407064977,1.294982458641065,-93.23259068926309,-105.8911250752596,-1874.866406769458,-3.002864611860583e-05,0.0005316753392555652,-0.0009392700171249417,2.672082138703588e-10,0.6445391532019163,0.01876682389663898,-0.6442658817065171,0.000341976738913536,9.957218586419516e-06,-0.000341831747729726
318419.7521726124,1.268869648766096,-93.27791153881701,-107.1818865222517,-1871.425829119859,-3.050379867951918e-05,0.0005326048886373453,-0.0009353900607673808,2.670837789433223e-10,0.6447981105271269,0.01839101562499891,-0.6445357816937971,0.0003427219123936722,9.775158988460405e-06,-0.0003425824798519712
319153.7855100762,1.233879581730661,-93.29716460153182,-107.516113003283,-1866.275638358552,-3.0766846390852e-05,0.0005340540527782428,-0.0009306704369557551,2.672048548962993e-10,0.644639938598957,0.01829670544859606,-0.6443802301487798,0.000343570941515137,9.751515444825804e-06,-0.0003434325258331351
319889.5109691397,1.198692049948639,-93.33123539906688,-108.3422510548324,-1861.338747018215,-3.116578791627167e-05,0.0005354336656762783,-0.0009260736979431711,2.672973872017572e-10,0.6437836800063299,0.01801658160976194,-0.6435315294759001,0.0003440069448441171,9.627192158782231e-06,-0.0003438722077634674
320626.9324505466,1.152375624939748,-93.3545976405606,-108.7095080578865,-1854.612063952894,-3.149718740910576e-05,0.0005373500882591377,-0.000920604751572117,2.676498788692143e-10,0.6433136930829275,0.01786826878192272,-0.6430654964144259,0.0003449885010441974,9.582179471090041e-06,-0.0003448554011311204
321366.0538640317,1.120475095450755,-93.34283852239994,-108.0291981580628,-1849.503766250059,-3.147397157922711e-05,0.0005388471817541046,-0.0009159575603162972,2.677718453930797e-10,0.6428493536267605,0.01811449949945989,-0.6425940836688647,0.000345689875754411,9.741005487511709e-06,-0.0003455526052733395
322106.8791283435,1.086284790392397,-93.39601421281786,-109.4879352210617,-1845.059621422122,-3.204932086719781e-05,0.0005400860625115977,-0.0009116550377416399,2.677994785843954e-10,0.642679712132597,0.01764098488215719,-0.642437551859498,0.0003464061862084849,9.508540846437685e-06,-0.0003462756611349968
322849.4121712634,1.033986602276207,-93.4771781076084,-111.7069389397806,-1838.409311155606,-3.293026415479461e-05,0.0005419475711676589,-0.0009062798885982432,2.681500737116468e-10,0.6424759454389171,0.01685335524441985,-0.6422548597594538,0.0003475134758771681,9.115933604611305e-06,-0.0003473938912398251
323593.6569296283,0.9991248063162992,-93.48081633649623,-111.5046444579317,-1833.15727572647,-3.305899415204134e-05,0.0005434960664878612,-0.0009016123636817399,2.682998345048888e-10,0.6416096448408105,0.01691777467921608,-0.6413865646025447,0.0003480317903454598,9.176800033499355e-06,-0.0003479107837250971
324339.6173493492,0.9610955628603026,-93.51169137955205,-112.1720301410097,-1827.875364592201,-3.344713753111979e-05,0.000545030687528847,-0.0008969468546835013,2.684562701970819e-10,0.6416741117481087,0.0167019887190872,-0.6414567087969006,0.0003490549573018355,9.085471663044544e-06,-0.0003489366954357856
325087.2973854344,0.9238144861672849,-93.53187737965069,-112.4903652311946,-1822.559728133855,-3.373653608466813e-05,0.0005465966077030732,-0.0008922815260567008,2.686200106026165e-10,0.6409815088880805,0.01658653991699725,-0.64076686979745,0.0003496814249573733,9.048630627971312e-06,-0.0003495643306231024
325836.7010020087,0.8815111883251956,-93.52551251534575,-111.8915723373571,-1816.139317399156,-3.379509779671606e-05,0.0005485364497239609,-0.0008870932857432607,2.689496423708653e-10,0.6402063135366861,0.01676603918748426,-0.6399867372236688,0.0003504894427730882,9.178790661826837e-06,-0.0003503692328064441
326587.8321723358,0.8411290686783237,-93.58200251054078,-113.365449430801,-1810.969497249775,-3.443181454843773e-05,0.0005500350079787198,-0.0008825336368436841,2.690970868248094e-10,0.6400125793396555,0.01625888109089302,-0.639806025681746,0.0003513558896622055,8.925845858368686e-06,-0.0003512424952593756
327340.6948788381,0.8038162442954191,-93.6230377296548,-114.3545764311197,-1806.025749531679,-3.491949667552854e-05,0.0005514909164538529,-0.0008781001870103693,2.692131028863365e-10,0.6396040020860413,0.01591949140793424,-0.6394058564619137,0.000352070621138846,8.762898934225175e-06,-0.000351961551694729
328095.293113119,0.7571348258798714,-93.6534007599282,-114.9057630295665,-1799.608269854112,-3.533612190774241e-05,0.0005534202596381838,-0.0008729675731056163,2.69551747316453e-10,0.6387053156066966,0.01568779625920775,-0.6385126257426548,0.0003528114772396793,8.665709267800197e-06,-0.0003527050381762794
328851.630875983,0.7182385944158629,-93.67270124049023,-115.1644037863322,-1794.154747656756,-3.562974948100756e-05,0.0005550784972392419,-0.0008683204519945086,2.697492419996622e-10,0.6382207049347473,0.01559020571961205,-0.6380302607972649,0.0003536014032323602,8.637636755610456e-06,-0.0003534958890838369
329609.7121774578,0.6808756661546335,-93.6965767796522,-115.5825471264061,-1789.006805763851,-3.596327793410581e-05,0.0005566458828020873,-0.0008638376414377754,2.699032654385438e-10,0.6378223451077798,0.01544421839822138,-0.6376353346834347,0.0003543816590619346,8.580990899514017e-06,-0.0003542777538523577
330369.5410368147,0.6324734258896239,-93.73693990493817,-116.428162359052,-1782.576327227652,-3.648488805539332e-05,0.0005586028022028522,-0.0008587529983136733,2.702539167805483e-10,0.637190117440525,0.01510977375698704,-0.6370109422144039,0.0003552848189507793,8.424916028518678e-06,-0.0003551849143288611
331131.1214825911,0.6059748056528312,-93.72927165284455,-115.9238889197154,-1778.515512719729,-3.649357891298889e-05,0.0005598880163204559,-0.0008548261303486184,2.702479909583993e-10,0.6365415466130135,0.01530934040363261,-0.6363574189564328,0.0003557302003481966,8.555599800139791e-06,-0.0003556273009090106
331894.4575526103,0.5643806254126883,-93.72917053270554,-115.5268538819818,-1772.472359816906,-3.661701459249395e-05,0.0005617970548259723,-0.0008499621826733888,2.70545715231585e-10,0.6357244305096772,0.01542071461018791,-0.6355373734940885,0.0003564783641289048,8.64706601495758e-06,-0.0003563734731168315
332659.5532940045,0.5162477264630425,-93.78625081714443,-116.8988515475977,-1766.406597129604,-3.730190269455857e-05,0.0005636524750487072,-0.0008451052695151245,2.708503827217013e-10,0.6352098635320772,0.01490568729488293,-0.6350349527504036,0.0003573830123631344,8.386266858589411e-06,-0.0003572846037179951
333426.4127632349,0.4836326734386947,-93.7282315442534,-114.7358764790819,-1760.781389015929,-3.685090997005134e-05,0.0005655283982198691,-0.0008404764920801104,2.710907458532361e-10,0.6343320406992617,0.01565745357376007,-0.6341387718829967,0.0003580464925000991,8.837794678301293e-06,-0.0003579374025955484
334195.0400261143,0.4282157535461414,-93.81054883239463,-116.8346040839987,-1754.145512037988,-3.780227165909632e-05,0.0005675603190983584,-0.0008353832214909419,2.714904235065271e-10,0.6341321765425604,0.014872185184604,-0.633957755244338,0.0003592470634768426,8.425355237740731e-06,-0.0003591482507347801
334965.4391578276,0.3970054987993218,-93.82571324598082,-117.0139211906131,-1749.853369835667,-3.804490598256651e-05,0.0005689323651519133,-0.0008314225318156941,2.715304087827901e-10,0.6332623370357019,0.01481480818939515,-0.6330890213597377,0.0003596212062891904,8.413131305032742e-06,-0.000359522782636284
335737.6142429546,0.3547783269786975,-93.83135534598708,-116.7900031743288,-1743.925257676746,-3.823019467854432e-05,0.0005708588089195909,-0.000826700117494761,2.718267946044894e-10,0.6325617444106837,0.01486687830778031,-0.632387014747511,0.0003604353343630112,8.471186095503137e-06,-0.0003603357729445011
336511.5693754907,0.3115974542249738,-93.81915963110929,-115.9963629480416,-1737.622033242973,-3.824746704290929e-05,0.0005729459076166291,-0.0008218176163430031,2.721853942463508e-10,0.6315267837095433,0.01510775466415554,-0.6313460495572361,0.0003611493020351342,8.639625734048442e-06,-0.0003610459461448641
337287.3086588689,0.2700652563296218,-93.819473622456,-115.6142086421724,-1731.754574747839,-3.838019195739971e-05,0.0005748867183586188,-0.0008171588248874198,2.724794713740083e-10,0.630813189376348,0.01521818976719387,-0.6306295953976232,0.000361956501553454,8.732098220006871e-06,-0.0003618511565236343
338064.8362059816,0.2338196579128989,-93.83179366966277,-115.6566342296596,-1726.803484237484,-3.861364919820851e-05,0.000576518454118139,-0.0008129485259367553,2.726322422189313e-10,0.630143759881943,0.01519770191514816,-0.6299604654060842,0.0003625969949410885,8.74505374055527e-06,-0.0003624915237290143
338844.1561392025,0.2081229282711534,-93.81322240744514,-114.8291205713351,-1722.822990451378,-3.851639765658512e-05,0.0005778754993678592,-0.0008092091601250871,2.726336594796104e-10,0.6291497625495643,0.0155088028766647,-0.6289585842879528,0.0003628624127583273,8.944709138909519e-06,-0.0003627521506086697
339625.2725904084,0.1582451594249418,-93.84911947170993,-115.4830929335166,-1716.428105240185,-3.902165370425551e-05,0.0005799798172143946,-0.0008043512643427065,2.730200327850097e-10,0.6288376945189684,0.01523868792928218,-0.6286530270651096,0.0003640114289252143,8.821126049586868e-06,-0.0003639045316060157
340408.1897010009,0.1220069238294795,-93.80512920652099,-113.7771015173729,-1710.680632284231,-3.870794347111868e-05,0.0005819881885590547,-0.0007998141258550446,2.733072756880206e-10,0.6278254236588776,0.01582756432428859,-0.6276258844247978,0.0003646581991040126,9.193082798497762e-06,-0.0003645423012524633
341192.9116219284,0.07204521464512074,-93.86191543476959,-115.0727020498997,-1704.644385702539,-3.94212281896748e-05,0.0005839714729379325,-0.000795158899722493,2.736442577517361e-10,0.6266640567726098,0.01530896603921025,-0.6264770351812707,0.0003652412187530159,8.922588352691482e-06,-0.0003651322161810388
341979.4425137089,0.04388147581888521,-93.82707112619507,-113.7302613499656,-1700.143518472898,-3.917110209282076e-05,0.0005855653064018001,-0.000791235411525539,2.737376581629484e-10,0.6258093727749887,0.01580025172759403,-0.6256098809149113,0.0003657165283324198,9.233503779227752e-06,-0.000365599947351578
342767.7865464503,0.01163078434001684,-93.81455554062542,-113.0442083652669,-1695.448807148628,-3.915187340839117e-05,0.0005872038738455736,-0.0007872357584582832,2.738643174776849e-10,0.6251337030517046,0.01605155307729124,-0.624927591273536,0.0003663314540947135,9.406289807408165e-06,-0.000366210671569257
343557.9478998746,-0.03215394899407722,-93.82688211172302,-113.0209482625172,-1689.623757691124,-3.941305009362054e-05,0.0005892113526297223,-0.0007827266830701175,2.741764343533709e-10,0.624434662589351,0.01603130966381165,-0.6242288402128979,0.000367170876481478,9.426494672796043e-06,-0.0003670498518380856
344349.9307633384,-0.06214650422835737,-93.80463701432375,-112.0617605876898,-1685.108459866081,-3.929029855920458e-05,0.0005908207594237355,-0.0007788395381382521,2.742788202164718e-10,0.62342149571672,0.01637934554390242,-0.6232062887689964,0.0003675596634315217,9.657008583613239e-06,-0.0003674327807465054
345143.7393358563,-0.08635409665884713,-93.78343012226949,-111.1884973330605,-1681.376219974362,-3.915930583186184e-05,0.000592161304412365,-0.0007753272219887702,2.742554273934618e-10,0.6225577868102925,0.01671919828458574,-0.6223332437905357,0.0003678669532232922,9.879308657913918e-06,-0.0003677342716340558
345939.3778261219,-0.1258042945106661,-93.7692275993297,-110.4004392806678,-1675.768165457566,-3.914371729798387e-05,0.0005941624485648083,-0.0007709639436961193,2.745403580626821e-10,0.6218285118589195,0.01698603753351564,-0.6215964709436408,0.0003686643845438924,1.007053705918483e-05,-0.0003685268141051158
346736.8504525317,-0.1637501529509497,-93.80304425491433,-111.0835288554208,-1671.100119818341,-3.960316889661655e-05,0.000595775638118759,-0.0007670481061457239,2.746740690828539e-10,0.6212060537074769,0.01673503447064612,-0.6209805953361852,0.0003693023500491509,9.948852753893851e-06,-0.0003691683167346663
347536.1614432058,-0.1936836493906657,-93.76085068426944,-109.5345050283301,-1666.338171974684,-3.927825246881942e-05,0.0005975363781515638,-0.0007631032000559847,2.748254757959916e-10,0.620351504126654,0.01730130367341202,-0.6201101946939772,0.000369858834818576,1.031518417368754e-05,-0.0003697149640856015
348337.3150360119,-0.2436023210541458,-93.85672477509016,-111.9816976428328,-1661.094771008446,-4.040070633136405e-05,0.0005992890217303457,-0.0007589524071596029,2.750589118308257e-10,0.6198181104183123,0.01638246906797435,-0.6196015693248073,0.0003706585550214528,9.796910110162566e-06,-0.0003705290608884609
349140.3154785861,-0.2841715312103683,-93.89478592039373,-112.7574843279497,-1656.207550528534,-4.091735011620301e-05,0.000601003335734027,-0.000754979034980288,2.752360847890536e-10,0.6191756742459394,0.01608729455461088,-0.618966650581295,0.0003713427722437626,9.648151253820622e-06,-0.0003712174129470038
349945.1670283573,-0.3179656047100687,-93.83514886529082,-110.6587059209254,-1650.732517580289,-4.042824562739313e-05,0.0006030815120280676,-0.0007507525882594708,2.755138433799327e-10,0.6181252163230996,0.01683620930207841,-0.6178958853324849,0.0003719609263971378,1.013130000789965e-05,-0.0003718229249607492
350751.873952568,-0.3650881227858561,-93.88384392125607,-111.6929275034651,-1645.207347319608,-4.107592132805886e-05,0.0006050374815786623,-0.0007465188390481108,2.758033209964688e-10,0.6170970821907009,0.0164170616115849,-0.6168786663002037,0.0003725603687666837,9.91148184717443e-06,-0.0003724285044181776
351560.4405282981,-0.3966286846911173,-93.82582346009724,-109.6761225785806,-1640.074834909493,-4.059260711367192e-05,0.0006070137405049298,-0.0007424783534353867,2.760301152404214e-10,0.6161317986134223,0.01714829675929095,-0.6158931150620748,0.0003731594894520445,1.03858454929123e-05,-0.0003730149310436619
352370.8710424871,-0.4438853814776639,-93.87916431258252,-110.8418935231929,-1634.647448774145,-4.129176695875383e-05,0.0006089528008683837,-0.0007383193194013812,2.763096359461109e-10,0.6154880609438262,0.01669097632754557,-0.6152617040525312,0.0003739761380450124,1.01415888678723e-05,-0.0003738386015412229
353183.169791957,-0.481786086816005,-93.86690292252355,-110.1380678822525,-1629.433803877773,-4.129375029601781e-05,0.0006109189485070086,-0.0007342718071218898,2.765562067571422e-10,0.614363646745811,0.01692535104318752,-0.6141304608427077,0.0003744850241645018,1.031683845223216e-05,-0.0003743428858250655
353997.3410834346,-0.5322086472413633,-93.86763113800036,-109.7146134830719,-1622.862474660091,-4.14687182677019e-05,0.0006133916404790358,-0.0007296286011922979,2.770374068470046e-10,0.6133340578620353,0.01702271209992433,-0.6130977848649215,0.0003753631459801332,1.041797481329333e-05,-0.0003752185458647965
354813.3892335755,-0.564313714003174,-93.80295324957039,-107.5259074437447,-1617.619382916697,-4.091153124095145e-05,0.0006154729357182005,-0.0007255986629720215,2.772961178468166e-10,0.6119417785450227,0.01780809013790399,-0.6116826074480832,0.0003757455338978168,1.093455385980788e-05,-0.000375586397219125
355631.3185689853,-0.6119392017667038,-93.80591307267154,-107.2013173366671,-1611.478347865011,-4.10992116741777e-05,0.0006178141404667684,-0.0007211815477340373,2.77712646425011e-10,0.6107980969189328,0.01787683100801322,-0.6105364314378799,0.0003764633169507802,1.101832361920152e-05,-0.0003763020403269243
356451.1334262443,-0.6563482911361853,-93.78892579668819,-106.3228790520631,-1605.460209407233,-4.107022171477411e-05,0.0006201544516332706,-0.0007168357856193529,2.781125489003241e-10,0.6095554137018817,0.01815469598240654,-0.6092849984917227,0.0003771051867388505,1.123151376353914e-05,-0.000376937892714334
357272.8381519289,-0.6908446761608629,-93.76543430360722,-105.3412144166925,-1600.589655827525,-4.0941262630497e-05,0.0006220752421144245,-0.0007130174152180528,2.783172507830377e-10,0.608741827436682,0.0185136505251163,-0.6084602347032918,0.0003777500755916516,1.148850394392775e-05,-0.0003775753353790855
358096.437102636,-0.7315142102223513,-93.72498280323545,-103.8239051507615,-1594.715575802777,-4.065312665292872e-05,0.0006244243479800658,-0.0007087668025077423,2.786999530684444e-10,0.6072157965830071,0.01902941250574775,-0.6069175438884774,0.0003782004865034985,1.185234822290353e-05,-0.0003780147217147581
358921.9346450052,-0.7716117149816039,-93.71405454581101,-103.1719642270593,-1589.377868745994,-4.067065916268384e-05,0.0006265369285615242,-0.0007047698115802711,2.789927837552278e-10,0.6062562108011187,0.01924868030985401,-0.6059505602285219,0.0003788675463494995,1.202907310396638e-05,-0.0003786765362115133
359749.3351557424,-0.8049801817300781,-93.65492658511121,-101.1909009530879,-1584.148155778602,-4.015886475163451e-05,0.0006286888537928642,-0.0007008352342692298,2.792700324955248e-10,0.605136663813021,0.01997111002720047,-0.6048070243102627,0.0003794334177729695,1.252230609626738e-05,-0.0003792267268704939
360578.6430216423,-0.8327227170737144,-93.58196868836438,-98.86870506012659,-1579.404527951549,-3.947967672542107e-05,0.0006306786373329444,-0.0006971295794413511,2.794645675759474e-10,0.6038186608261671,0.02082987005181968,-0.6034592709334493,0.0003797665141423615,1.31007662611727e-05,-0.000379540478983745
361409.8626396133,-0.8686099128609586,-93.53915470017837,-97.35816724882751,-1574.137373571328,-3.914073844419934e-05,0.0006328477718435717,-0.0006932067162743504,2.797547707764337e-10,0.6028543315739477,0.0213807105791368,-0.6024750702830802,0.0003804381490194172,1.349254294351692e-05,-0.0003801988118264412
362242.9984166985,-0.9212308235844437,-93.52362019828364,-96.50725476772365,-1567.276078233559,-3.914041002460247e-05,0.0006356395534351946,-0.0006885978090144155,2.803332595382224e-10,0.6011829623160591,0.021618157830285,-0.6007941489654647,0.0003810423809934318,1.370204222123804e-05,-0.0003807959429302143
363078.0547701014,-0.9481510863752073,-93.4859696004908,-95.22534729551215,-1563.202575734963,-3.882517464676411e-05,0.0006373472477116578,-0.0006852284617965559,2.804173427975284e-10,0.6000234714455793,0.02210436419348056,-0.599616180042872,0.0003813055162334349,1.404697716157825e-05,-0.0003810466889275753
363915.036127207,-0.9893895330414294,-93.43104222538884,-93.35855011168228,-1557.152367821939,-3.836485648822945e-05,0.0006398977603050833,-0.000681006476466342,2.808594371347828e-10,0.5988914652136647,0.02277031023062687,-0.598458436382821,0.0003820786333928588,1.452692102023103e-05,-0.000381802371209277
364753.9469256079,-1.016814536865076,-93.34895205495192,-90.83915827349152,-1552.35780688585,-3.756685673234419e-05,0.0006419830878775847,-0.000677348169898121,2.810789364281385e-10,0.5975257370989501,0.02370774371856095,-0.5970552314345957,0.0003824087356981253,1.517264904050272e-05,-0.0003821076181644805
365594.7916131248,-1.062143935411582,-93.30337157613508,-89.23258227551221,-1545.991438599578,-3.721044537261341e-05,0.0006446863747024451,-0.0006730188314368755,2.815872893000797e-10,0.5958364401206449,0.02424816164655532,-0.5953428340312876,0.0003829071284823747,1.558278970849612e-05,-0.0003825899184603779
366437.5746478333,-1.095330922300406,-93.23342434551378,-87.04104895876485,-1540.716227890035,-3.655063555519821e-05,0.0006469839002775216,-0.0006691797472086783,2.819015571197448e-10,0.5946780637487258,0.02506024181945193,-0.5941497991112041,0.0003834893866124049,1.616057048265512e-05,-0.0003831487251786617
367282.3004980846,-1.141655804413721,-93.14806021659749,-84.35025902579807,-1533.658589539175,-3.575339690472895e-05,0.0006500691865257979,-0.0006645823803910114,2.825474813619205e-10,0.5928035428607948,0.02599736679373116,-0.5922332119596996,0.0003840630681587484,1.684306474732624e-05,-0.000383693564571298
368128.9736425315,-1.168858915462174,-93.01426459914336,-80.46753404161643,-1528.132557486525,-3.436339685114343e-05,0.0006525840034678332,-0.0006606647877159682,2.829170382677919e-10,0.5911628241819463,0.02743811940032587,-0.5905257270420555,0.000384424776118055,1.784261877794321e-05,-0.0003840104809097815
368977.5985701503,-1.200961648776153,-92.90522250134232,-77.26130730068641,-1522.414325718095,-3.324905061472868e-05,0.0006551640496502351,-0.0006566787965201728,2.833265476126301e-10,0.5894884931647653,0.02861457672840689,-0.5887935882568013,0.0003848049841804571,1.867895959459797e-05,-0.0003843513657040719
369828.1797802662,-1.231559347896519,-92.77904208980486,-73.61880064187176,-1516.615490535636,-3.193123000778629e-05,0.000657812917888277,-0.0006526729581069249,2.837557325822959e-10,0.5877104822546532,0.0299543964950195,-0.5869466288195343,0.0003851445938242384,1.96300291038975e-05,-0.0003846440173841493
370680.721782576,-1.249333193722264,-92.69382642986588,-71.18595269034428,-1512.958982485767,-3.102984626811103e-05,0.0006594964717366065,-0.0006496018989062323,2.837873140103932e-10,0.5867497029031545,0.03091042957951613,-0.5859349445118885,0.0003854628826948411,2.030648372228109e-05,-0.0003849276304115535
371535.2290971726,-1.282707013770882,-92.64942448715414,-69.78665016207776,-1508.112505556233,-3.06179359255127e-05,0.0006616636843342415,-0.0006460317654969979,2.840445039548618e-10,0.5854478484816323,0.03142840437106333,-0.5846036594911643,0.00038584873834293,2.071339096412558e-05,-0.0003852923621298482
372391.7062545685,-1.341147040230678,-92.6399477850791,-69.20425308147745,-1500.90289792917,-3.065527875037068e-05,0.0006648521537988047,-0.000641464649438463,2.847524933295759e-10,0.5839387980390801,0.03157729006896393,-0.5830843803492134,0.0003866968954923705,2.091116411297816e-05,-0.0003861310816275704
373250.1577957206,-1.428969705997288,-92.60085530319373,-67.67734819168554,-1489.880147244926,-3.042604237813512e-05,0.000669812835603766,-0.0006352891890223588,2.861994523913097e-10,0.5813640945400682,0.03196728918238392,-0.580484541433037,0.000387843358626037,2.132622382273911e-05,-0.0003872565854931161
374110.5882720533,-1.543213234197055,-92.51320354782227,-64.74788799674829,-1475.169482064498,-2.969654384672498e-05,0.0006765847745903159,-0.000627569821141078,2.883886821327831e-10,0.5776762116144073,0.03277946427137329,-0.576745448345503,0.0003892437523668258,2.208711630673874e-05,-0.0003886165951807249
374973.0022454836,-1.668401468453963,-92.23637951374927,-56.87586367116726,-1456.412851010214,-2.677300869718615e-05,0.0006855729550276189,-0.0006181653159900996,2.91430921315777e-10,0.5721790817101058,0.03535876474186826,-0.5710855096240397,0.0003905741198904507,2.413618194183763e-05,-0.0003898276386423501
375837.4042884441,-1.772290007689219,-91.54515479611574,-38.67237149018344,-1433.659911022922,-1.880150577150646e-05,0.0006970083305679128,-0.0006071084435674424,2.953751738606638e-10,0.5644950183148246,0.04180835781584322,-0.5629446570658582,0.0003915910555428282,2.900252161036359e-05,-0.0003905155675787929
376703.798983909,-1.779356345927789,-90.28708067876353,-7.077899505424332,-1412.600727985907,-3.546946497230195e-06,0.0007078963469705345,-0.000596814762900149,2.990891826525101e-10,0.5554852042327542,0.05342173619737608,-0.5529104179007325,0.0003912137809937989,3.762353928741501e-05,-0.0003894004259511697
377572.190925416,-1.599936209874929,-88.24483286073134,42.87886288637416,-1399.302256761031,2.187825003859979e-05,0.000713971467343255,-0.0005898365303263419,3.012371964685631e-10,0.5462952384904149,0.07200794386801837,-0.5415287098734467,0.0003882114553975543,5.117069803946182e-05,-0.0003848242374955631
378442.5847170933,-1.045641198749757,-85.38112054432148,114.3356870079311,-1415.225334119603,5.671594796848107e-05,0.0007020191902816472,-0.0005951764325951675,2.971628653459073e-10,0.5424738995936895,0.09840473795623376,-0.5334739349660387,0.0003800900578590003,6.894831727646085e-05,-0.0003737841377426318
379314.9849736819,-0.1694866809456155,-83.19464995697321,177.1993936477939,-1484.859457240793,7.924104306766059e-05,0.0006640079843304006,-0.0006230250102906373,2.825756805712109e-10,0.5515613915895859,0.1207997527561459,-0.5381704083524982,0.0003669217464871233,8.036105668809947e-05,-0.0003580135033949598
380189.3963205612,0.5537311788831214,-83.51538164498382,180.3091327860755,-1586.339159511424,7.073766701859934e-05,0.000622341916408738,-0.0006640735409769543,2.638907008356737e-10,0.5701649940244665,0.1218881655170156,-0.5569841968295119,0.0003552566969301109,7.594571313613031e-05,-0.0003470440452881121
381065.823393773,0.7956444257712204,-85.65681249077859,125.9221811415044,-1657.995481398443,4.554468122533931e-05,0.0005996789047712565,-0.0006924740039358274,2.519050007185619e-10,0.5875439877440883,0.1042042141800431,-0.5782295558697645,0.0003514980144875175,6.23401398866339e-05,-0.00034592565841172
381944.2708400466,0.6706410450946988,-88.01890243732288,58.14159127414589,-1680.856202780861,2.055447879606522e-05,0.000594223901034801,-0.0007004073466290578,2.479074456148382e-10,0.599439075330414,0.08204889957626992,-0.5937972575814955,0.0003545349951904237,4.852737736627911e-05,-0.0003511981726328093
382824.7433168226,0.4432977691833292,-89.73905361228441,7.640392663433033,-1677.583010558954,2.714804948292288e-06,0.00059608332436021,-0.0006974356627635151,2.478198629155967e-10,0.6060698197776345,0.06503915368851475,-0.6025699419426563,0.0003593584627689837,3.856382470566775e-05,-0.0003572832716315691
383707.2454922788,0.1873246280318704,-90.99663860713382,-28.92689837734751,-1662.811390000248,-1.04588630445175e-05,0.0006012091711324035,-0.0006897045996838496,2.494463427621537e-10,0.6088695902859813,0.05218100184047225,-0.6066294758927754,0.0003641654504342046,3.120950420666978e-05,-0.00036282563599768
384591.7820453536,-0.04093787440028199,-91.81008193208685,-51.98817120988507,-1645.070156180192,-1.91912018983002e-05,0.0006072703226406125,-0.0006807764994264963,2.515565951705757e-10,0.6091715176948499,0.04372867953621062,-0.6075999839998897,0.0003681382324023183,2.642638127709053e-05,-0.0003671885136124239
385478.3576657719,-0.2223521276177277,-92.36729445515844,-67.37907248388338,-1629.851937828021,-2.532136574475687e-05,0.0006125058643010497,-0.0006729275126728266,2.533214577137589e-10,0.6091480310043526,0.03796015311525902,-0.6079641029303834,0.0003714203754086285,2.314572748005448e-05,-0.0003706984901076689
386366.9770540691,-0.3814265602514397,-92.80169450729235,-79.07860110765873,-1615.900043076146,-3.02128114832853e-05,0.0006173716112001874,-0.0006656326618772729,2.549210150627416e-10,0.6082892587257204,0.03344679884318248,-0.607369026151507,0.0003739618724400763,2.056230213356918e-05,-0.0003733961351833408
387257.6449216173,-0.5225038967262217,-93.08973973425779,-86.48565367762274,-1602.225135852139,-3.359181252896568e-05,0.0006223187789429568,-0.0006584816430636638,2.56505446389928e-10,0.6071250597679355,0.0304789730176754,-0.6063595223974033,0.0003763250736311014,1.889232140979535e-05,-0.0003758505570505422
388150.3659906482,-0.6415643139919674,-93.38201199698533,-94.05447866574443,-1591.556888981568,-3.700165008892515e-05,0.0006261289407812396,-0.0006525928307368344,2.576309084317876e-10,0.6063665124668672,0.02749564562898278,-0.6057427976564614,0.0003782557120239721,1.715197788980471e-05,-0.0003778666343211978
389045.1449942807,-0.7647094484877888,-93.64963638430395,-100.7896532909114,-1580.159957779687,-4.020226505039283e-05,0.0006302830436505221,-0.000646429524676924,2.58892267530338e-10,0.6053828588472839,0.02477046082226542,-0.6048758798768249,0.0003802471819681557,1.55585804686536e-05,-0.0003799287432776364
389941.9866765434,-0.8673224571757293,-93.78196603051532,-103.7415834055029,-1569.374151095943,-4.193786088775758e-05,0.000634424429134105,-0.0006405405476757586,2.600720233648727e-10,0.6036748924119116,0.02345186618243297,-0.6032191854550835,0.0003817134662735639,1.482899693792801e-05,-0.0003814253153428521
390840.8957924021,-0.9513849008439889,-93.97571063427542,-108.5504523903454,-1561.858535051344,-4.428488253778942e-05,0.0006371850162049111,-0.0006360068993284711,2.60722454747035e-10,0.6031134349365755,0.02153668258007421,-0.602728783703284,0.000383096000352831,1.368004172906971e-05,-0.0003828516709440188
391741.8771077831,-1.047859743379724,-94.08001028404151,-110.6755335269246,-1551.593867018079,-4.573950155507184e-05,0.000641235942865804,-0.0006303738457327415,2.618436687536378e-10,0.6013591704824831,0.02052455273218057,-0.6010088141271508,0.0003844496707858716,1.312137226506954e-05,-0.000384225687529148
392644.9353996,-1.126470889833931,-94.15035818621912,-111.9694581357884,-1543.036117093045,-4.678068500422479e-05,0.0006446783591319345,-0.0006254552224257035,2.626903022066122e-10,0.5997744881415789,0.01987897297801242,-0.599444962493499,0.000385519242837121,1.277768021545773e-05,-0.0003853074324302849
393550.0754557774,-1.185737812472041,-94.20624220837092,-113.009480545748,-1536.604322940632,-4.760450676529018e-05,0.000647284551116837,-0.0006214156439663984,2.6318315021777e-10,0.5985001690315471,0.0193978131691024,-0.5981857380237739,0.000386272963592972,1.251937955535818e-05,-0.0003860700293190943
394457.3020752785,-1.272382672295554,-94.29271075289537,-114.6554714963023,-1527.467986494833,-4.886641096863565e-05,0.0006510101733077618,-0.0006163001145783908,2.641484184839863e-10,0.5971062673768229,0.01859647053047131,-0.5968166098765108,0.00038762494185715,1.207231644007016e-05,-0.0003874369041863846
395366.6200681279,-1.331426949031193,-94.39772727975932,-117.0422058274387,-1521.888408525694,-5.023608693003161e-05,0.0006532149479583783,-0.0006126366029822758,2.645070929193787e-10,0.596339517864983,0.01762472799460397,-0.596079012825109,0.00038848232397398,1.148153876380069e-05,-0.0003883126193002742
396278.0342554395,-1.400077672428891,-94.40496993466905,-116.6110436724155,-1513.779150188313,-5.058772121024332e-05,0.0006567014170521499,-0.0006079707015671196,2.653124391941031e-10,0.5944720802566791,0.0176389531154619,-0.5942103344251882,0.0003893264542014073,1.155194886411235e-05,-0.0003891550339112696
397191.5494694403,-1.452515467814515,-94.49238765409379,-118.54141794808,-1508.774317108043,-5.175459583864271e-05,0.000658723392593902,-0.0006045669674961681,2.655802949570917e-10,0.5935292452602506,0.01685042429394404,-0.5932900034387203,0.0003899419169581587,1.107053578776519e-05,-0.0003897847378212433
398107.1705534973,-1.525033509106839,-94.52283783403597,-118.7063127786576,-1500.659107209847,-5.238424587827218e-05,0.0006622301191186741,-0.000599932210405195,2.664023695584767e-10,0.5922000591459496,0.01664271873149957,-0.5919661560982101,0.0003911460017970274,1.099245565805357e-05,-0.000390991509678159
399024.902362142,-1.583405543360591,-94.63903336724515,-121.3486805269196,-1495.476957914316,-5.390455280925507e-05,0.0006643089673730191,-0.0005964854542238099,2.667106794508373e-10,0.5912938159217846,0.01556329497944475,-0.5910889616603647,0.0003918267652900814,1.031317318877194e-05,-0.0003916910165633964
399944.7497610975,-1.63862523173377,-94.66123341826888,-121.427315626129,-1489.287600750851,-5.438532312961842e-05,0.0006670277357456495,-0.0005926505685761663,2.672031403136977e-10,0.5900870702268987,0.0154477485662456,-0.5898848341101837,0.0003926294144498134,1.027855172593557e-05,-0.0003924948515147945
400866.7176273028,-1.692891587265429,-94.67279571460259,-121.2223685378807,-1483.078801704755,-5.474727001901e-05,0.0006697981288084432,-0.000588822448726135,2.677046434401041e-10,0.5889538050176232,0.01544409322731825,-0.5887512755222891,0.0003934989807362984,1.031869544193581e-05,-0.0003933636642661372
401790.81084894,-1.747664208807039,-94.73249340948065,-122.3211041854325,-1477.558872233902,-5.564748169583395e-05,0.000672185154350047,-0.0005852816736361956,2.680867424633994e-10,0.5880598086649019,0.01495307184072935,-0.5878696660055927,0.0003943251613901265,1.002682444879297e-05,-0.0003941976606942542
402717.0343254591,-1.795583304153334,-94.75803302675875,-122.548487496623,-1472.323348852311,-5.61439711717517e-05,0.0006745254987805454,-0.000581866469075367,2.684212733371253e-10,0.5866854719250072,0.01480161227310441,-0.5864987256951076,0.0003947773241908903,9.959920888639494e-06,-0.0003946516637127118
403645.392967605,-1.848072799010938,-94.79998115284195,-123.174288067622,-1466.84926170872,-5.684568359973806e-05,0.0006769598617353155,-0.0005783698137993524,2.688033303012486e-10,0.5856978781894491,0.01449302245771607,-0.5855185366968862,0.0003955486818767531,9.787803820087397e-06,-0.0003954275643285586
404575.8916974427,-1.892890563463249,-94.79069266244413,-122.4854078444944,-1461.486948578343,-5.694488083628586e-05,0.0006794621628418054,-0.0005749301352451404,2.691690924928012e-10,0.5843429667214642,0.01469918801454936,-0.5841580579163101,0.0003960762539634059,9.963325746473209e-06,-0.0003959509200567086
405508.5354483839,-1.9627354502569,-94.87939906659321,-124.1984257155657,-1454.858306928343,-5.825338435960043e-05,0.0006823791819740638,-0.0005710062077729673,2.697735913599438e-10,0.5832481732644406,0.01391397108597684,-0.5830821837656553,0.0003970726076760188,9.472565942752846e-06,-0.000396959602807507
406443.3291652128,-1.98724656371594,-94.81908407166357,-122.3309537807245,-1451.004258584951,-5.769298731111749e-05,0.0006843138853390475,-0.000568183762975021,2.698680336094499e-10,0.582007259148172,0.01464192443691222,-0.5818230519238226,0.0003973048568810641,9.995249374354877e-06,-0.0003971791085785194
407380.2778041128,-2.040004987211959,-94.90475172211382,-124.1081846424166,-1446.249976000115,-5.890162340673988e-05,0.0006863888282936911,-0.000565019577942439,2.70132455845232e-10,0.5811707327055559,0.01389736645988009,-0.5810045471069848,0.0003979764528765046,9.516695003342707e-06,-0.0003978626516278929
408319.3863326921,-2.088958161874746,-94.92935690241261,-124.2835521833846,-1441.028786580551,-5.940866941049498e-05,0.0006888248789884183,-0.0005616849510425706,2.704876713873093e-10,0.5799603981428191,0.01376464366075922,-0.5797970317265082,0.0003985608810520608,9.459350194198745e-06,-0.0003984486122436599
409260.659730011,-2.132502471796939,-94.89407757694812,-122.9184772173129,-1435.525529085585,-5.921377821913002e-05,0.0006915387517931322,-0.0005582529824374064,2.709001286871733e-10,0.5785965740500291,0.01423362735428592,-0.578421472072718,0.0003991580359541031,9.81939229171466e-06,-0.0003990372378635339
410204.1029866068,-2.175451440571681,-94.94122017548962,-123.7453183003411,-1431.326302892794,-5.995389792384066e-05,0.0006934693953517128,-0.0005553397799394349,2.710700147703119e-10,0.5777235212112329,0.01388224106085419,-0.5775567074702139,0.0003996856062471787,9.604130229705974e-06,-0.0003995701997443073
411149.7211045223,-2.230869227553644,-94.95580092059984,-123.592483103627,-1425.331558569427,-6.038194089972105e-05,0.0006963553427426908,-0.0005517419846030499,2.715840313256962e-10,0.5764359980054863,0.01384995363401712,-0.576269588457448,0.0004004521197006823,9.621611609421967e-06,-0.0004003365144010811
412097.5190973302,-2.281841389860999,-94.98890555309859,-123.9666982407513,-1420.11291945694,-6.100457805742337e-05,0.000698844049852152,-0.0005484575383402227,2.719551285659373e-10,0.5752111468089642,0.0136335895704423,-0.5750495532114677,0.0004010382472528197,9.505363196500025e-06,-0.0004009255839056874
413047.5019901614,-2.326227066620874,-95.0160872250604,-124.2431061501818,-1415.527502242929,-6.153224464548789e-05,0.0007010496378378004,-0.0005454292738220032,2.722085862313359e-10,0.5742680704497901,0.01348428223149829,-0.5741097376554646,0.0004016497055093806,9.431062366125741e-06,-0.0004015389657286307
413999.6748197305,-2.37170613671875,-94.99275282781356,-123.1878067284759,-1410.097308347636,-6.148477849665215e-05,0.0007037995315037825,-0.0005420872781164012,2.726283706599424e-10,0.572853780345387,0.0138296841477654,-0.5726868197299235,0.0004022064003578072,9.709960324961911e-06,-0.0004020891756305713
414954.0426343631,-2.422399892694497,-94.98362735619484,-122.4603860844821,-1404.350518765528,-6.162468575694845e-05,0.0007066992206919039,-0.000538636340246832,2.731144085713137e-10,0.5713714585460922,0.01403019649941093,-0.5711991747431684,0.0004028014052004713,9.890908586127007e-06,-0.0004026799497849566
415910.6104940221,-2.464659944408737,-94.98352387311556,-122.0472208909002,-1399.641635423852,-6.183074178440201e-05,0.0007090770270627505,-0.0005355955804309354,2.734030018273151e-10,0.5701975964577186,0.01414775085561993,-0.570022052338229,0.000403314776302215,1.000705195350106e-05,-0.0004031906096313574
416869.3834703355,-2.50235007496392,-94.93682309627066,-120.473827180644,-1394.733219800738,-6.147267738672853e-05,0.0007116731265854481,-0.0005324897798390569,2.737341530934905e-10,0.5686729043198997,0.01471857057692886,-0.5684823970782225,0.0004036688549967792,1.044788398892289e-05,-0.0004035336246393413
417830.3666466218,-2.538671677978495,-94.87685944174467,-118.5809314604973,-1389.781930899982,-6.09496601508217e-05,0.0007143369117514894,-0.0005293791016142253,2.740775545735949e-10,0.5671055823890523,0.01541651234938097,-0.5668959981546947,0.0004040151054176968,1.098297046516362e-05,-0.0004038657942503103
418793.5651179184,-2.566597748427321,-94.8255919079823,-116.9955326053976,-1385.838870241441,-6.048664807364707e-05,0.0007164781950589403,-0.000526663074361493,2.742252198338348e-10,0.5658042252235985,0.01603240719089481,-0.5655770356021732,0.000404253867063502,1.14547794384085e-05,-0.0004040915454000653
419758.9839910076,-2.590398635495044,-94.71683800990093,-113.986365454837,-1381.471430424021,-5.932290581627591e-05,0.000718971073671009,-0.000523795833508413,2.74459472141324e-10,0.5643928537055768,0.01720838192439237,-0.5641304502554961,0.0004045726242905525,1.233545072237462e-05,-0.0004043845261391939
420726.6283844442,-2.604577440771369,-94.63992095352792,-111.8841003816522,-1378.572439309183,-5.848681066973706e-05,0.0007206413152303087,-0.0005214944891147294,2.744040645015865e-10,0.5635187463692548,0.01808310017386144,-0.5632285317681258,0.0004048281270524275,1.299077913885201e-05,-0.0004046196388092673
421696.5034285822,-2.605815532570844,-94.51601760664747,-108.7046746332338,-1376.30462671965,-5.703195127227793e-05,0.0007220787760206253,-0.0005194391766631648,2.742240633701484e-10,0.5623976950996966,0.01940791684505313,-0.5620627191134339,0.0004047466888964491,1.396750048916961e-05,-0.0004045056131906256
422668.6142656029,-2.613597053242133,-94.53395332771974,-109.0728370009705,-1375.480257255839,-5.729088333758579e-05,0.0007224757429835219,-0.0005179340851885771,2.737573388109361e-10,0.562265857779211,0.01937301656760021,-0.5619320075002521,0.0004048723473928949,1.394998217531064e-05,-0.0004046319508896221
423642.9660495411,-2.634257529650084,-94.5339013461267,-108.8798426473055,-1373.062279456052,-5.739112072274417e-05,0.0007237481348624888,-0.0005158344796474234,2.736086953174049e-10,0.5613522249640824,0.01948769032604654,-0.561013859363458,0.0004049143139581998,1.40568513102551e-05,-0.0004046702442476849
424619.5639463128,-2.647897166956854,-94.5157352506144,-108.2866229861876,-1371.097776554426,-5.724498486318757e-05,0.0007248214904145613,-0.0005139117627385966,2.733705364901086e-10,0.5610659780141708,0.01980142936132664,-0.5607164480200723,0.0004052857990298091,1.430355508106552e-05,-0.0004050333161695142
425598.4131337431,-2.65963195691473,-94.49992189670027,-107.7694778720619,-1369.36491526383,-5.711836579935786e-05,0.000725770298671204,-0.0005120817851648462,2.730869425093408e-10,0.5606023658592172,0.02008579159328848,-0.5602424239407638,0.0004054600437601723,1.452720579566307e-05,-0.0004051997129537129
426579.5188015926,-2.690460243209851,-94.55995100786929,-109.0094974429272,-1366.811113946414,-5.798205761767992e-05,0.0007270056519875116,-0.0005099512176970918,2.729679323570753e-10,0.5602336754789075,0.01963232146989249,-0.5598895811624901,0.0004059045675994149,1.422415200299655e-05,-0.0004056552618885445
427562.8861515862,-2.697778857330348,-94.56676884975344,-109.0980747223273,-1365.870876900269,-5.810798767575525e-05,0.0007274922887832681,-0.0005084283709481483,2.725275967994847e-10,0.5599007632854873,0.01970064556600329,-0.5595540628857537,0.0004059265010369799,1.428291341460418e-05,-0.0004056751442084124
428548.5203974394,-2.724074507480754,-94.61601466010492,-110.0984477703999,-1363.627037378316,-5.882583152546068e-05,0.0007285887856626642,-0.0005064256979145377,2.723482117395299e-10,0.5595097543396259,0.01935308237395166,-0.5591749488342763,0.0004062701357809193,1.405262257335378e-05,-0.0004060270274578497
429536.4267648873,-2.768399987271482,-94.684662988602,-111.4332043276569,-1359.845631169027,-5.985891383579553e-05,0.0007304724202921195,-0.0005038598371563325,2.724774217996199e-10,0.5589819529993314,0.0188124739421456,-0.5586652974752618,0.0004069634977232301,1.369631014962634e-05,-0.0004067329585457893
430526.6104917105,-2.805608430072886,-94.75823109746078,-112.9438121904751,-1356.874010654488,-6.092348178067553e-05,0.0007319169369577229,-0.0005016024577480673,2.724461075522805e-10,0.5581825200114194,0.01821637351481704,-0.5578851937292003,0.000407215817268402,1.328955164764195e-05,-0.0004069989062031705
431519.0768277653,-2.84396740986585,-94.88056508466518,-115.6606789620106,-1354.52202478956,-6.258331344868158e-05,0.0007329239047471892,-0.0004995813333604866,2.722914850310367e-10,0.5578707196039439,0.01716304443048819,-0.5576066442370456,0.0004076091188178652,1.254020541086972e-05,-0.0004074161717356464
432513.8310350086,-2.890636063627686,-94.93654422862883,-116.634470335212,-1350.361396534026,-6.348907071077827e-05,0.0007350587690178855,-0.0004969013145881786,2.725022657265364e-10,0.5573049155619487,0.01674895240077359,-0.5570531765486912,0.0004084034468080795,1.227394501626289e-05,-0.0004082189677592868
433510.8783875289,-2.930084548704888,-94.98141376725602,-117.3874768491523,-1346.776665756326,-6.423084840499616e-05,0.0007369151307744919,-0.0004944424102878679,2.725991820937574e-10,0.5563552654741862,0.01643255520225061,-0.556112535868755,0.0004087522651329554,1.207294075866693e-05,-0.000408573932541908
434510.2241715714,-2.986554852381529,-95.11252697574071,-120.1365872929119,-1342.78826423317,-6.609943324621552e-05,0.0007388052652026579,-0.0004918443292927181,2.727800437607603e-10,0.5557480955879035,0.01529120772850975,-0.5555376897347156,0.0004094234300300238,1.126513750962161e-05,-0.0004092684225962701
435511.8736855686,-3.033421497532106,-95.14232061385493,-120.4345217684588,-1338.277501204953,-6.670457628718453e-05,0.0007412262892874926,-0.0004890646901150059,2.730699777077765e-10,0.5546982277750639,0.01512186245625456,-0.554492067727439,0.0004099954003731411,1.117705761745066e-05,-0.0004098430208142484
436515.8322401659,-3.089188664811515,-95.18111119172539,-120.8732050615572,-1333.041696168183,-6.746622961309324e-05,0.0007440465991756276,-0.0004860308827837491,2.735120078804489e-10,0.5533531472601402,0.01485854608071787,-0.5531536216920844,0.0004105696209600786,1.102454673400506e-05,-0.0004104215796283284
437522.1051582521,-3.133945283154047,-95.21323967892185,-121.2412004435345,-1328.814507596574,-6.809591723399713e-05,0.0007463374034371534,-0.0004833753422806433,2.737510355302042e-10,0.5523366705966954,0.01466954959859289,-0.5521418314169076,0.0004110851643534036,1.09180406240513e-05,-0.0004109401522611247
438530.6977749856,-3.170924809282943,-95.21719283869348,-120.9806178492833,-1324.948227696279,-6.834583900515905e-05,0.000748505833993285,-0.0004808604297227772,2.739184106312689e-10,0.5511271503637156,0.01474733007323261,-0.5509298068935287,0.000411366255933659,1.100753964532493e-05,-0.0004112189569947296
439541.6154378245,-3.21002592573807,-95.22850175901118,-120.8826140350475,-1320.99555050483,-6.869728290337191e-05,0.0007507184202751857,-0.0004783232446734801,2.741061481885152e-10,0.5498579123249183,0.01475278202301016,-0.54965996686033,0.0004116263859696513,1.104400648060751e-05,-0.0004114782030038683
440554.8635065532,-3.240923835157146,-95.20748389797849,-120.0639804485853,-1317.374589040872,-6.861225583368589e-05,0.0007528322981993404,-0.0004759150224348623,2.742274022386317e-10,0.5489369674416589,0.01507735317937142,-0.5487298676444989,0.0004120670761357901,1.131802230308081e-05,-0.0004119116138278284
441570.4473533125,-3.282853177704609,-95.25818141492856,-120.9061809043575,-1313.753629512647,-6.946367913328228e-05,0.0007547849075874872,-0.0004735153482193009,2.743507822178682e-10,0.5481393115121597,0.01471871201838951,-0.5479416614399238,0.0004125556804043665,1.107800174862647e-05,-0.0004124069195723651
442588.3723626264,-3.32153652193999,-95.28706437782841,-121.2394867910261,-1310.137862191656,-7.003365986151706e-05,0.0007567975734718881,-0.0004711260618677251,2.744752150187899e-10,0.5472211855192486,0.01456648967335341,-0.5470272783506211,0.0004129687722955211,1.099282249343497e-05,-0.000412822437307976
443608.6439314326,-3.348702514260294,-95.29931063026694,-121.2676246244497,-1307.396326947567,-7.034121706676331e-05,0.000758354499899772,-0.0004690589123102281,2.744181746045455e-10,0.5466908537703724,0.01458394278415684,-0.5464962929508738,0.0004134120706527694,1.102849616579143e-05,-0.0004132649421784184
444631.2674691086,-3.389525550102408,-95.30575493057479,-121.0322546402157,-1303.264839055525,-7.064903399632901e-05,0.0007607426813154672,-0.0004665012482685131,2.746549642678641e-10,0.5455858843105598,0.01464153156053726,-0.5453893863218254,0.0004138665740504839,1.110666657637042e-05,-0.0004137175160346079
445656.2483975033,-3.430799635778806,-95.34576681284882,-121.6073590628139,-1299.600045178167,-7.137635043162888e-05,0.0007627886088512442,-0.0004641195360242468,2.747960045166199e-10,0.5446037589623068,0.01438346497606973,-0.5444137858386364,0.0004142459951027396,1.09406016098574e-05,-0.0004141014944371408
446683.592150963,-3.4703759218051,-95.3579359071891,-121.5199951314473,-1295.699625111324,-7.175228098797661e-05,0.0007650543721338976,-0.0004616623572532949,2.74989301920076e-10,0.5436210396581398,0.01439062881887591,-0.5434305333353971,0.0004147213450366957,1.097842155528259e-05,-0.000414576010267358
447713.3041763626,-3.509686510922958,-95.38642536651975,-121.8285051539902,-1292.078257824493,-7.233147118557589e-05,0.0007671268818181048,-0.0004593132249501497,2.751257966485478e-10,0.5427810418704838,0.01424723760960534,-0.542594024694802,0.0004152079386006259,1.089862339010929e-05,-0.0004150648772001574
448745.389933132,-3.542217686046155,-95.40088763714266,-121.8573648467667,-1288.903140380446,-7.27020301941702e-05,0.0007689799885885707,-0.0004571307261536045,2.751692181162718e-10,0.5418480273088951,0.01423474231262172,-0.5416610165129427,0.000415491587631578,1.091526661520155e-05,-0.0004153481868834007
449779.854893288,-3.577508554133689,-95.41619775554256,-121.881143160482,-1285.488850235329,-7.309930302599498e-05,0.000770983406975115,-0.0004548712054989878,2.752655217954587e-10,0.5408766274465276,0.0142135277651164,-0.5406898387674769,0.0004158238950366042,1.092730611304873e-05,-0.0004156802926102278
450816.70454146,-3.623807060033882,-95.46056281570237,-122.5022884559069,-1281.47970708182,-7.392137732251869e-05,0.0007732814313296876,-0.0004524096551867432,2.754916234794572e-10,0.5399260711272241,0.01391947200095411,-0.5397466170177401,0.000416347090020922,1.073356515295846e-05,-0.0004162087096013212
451855.9443749224,-3.663563029156606,-95.479061903646,-122.5590109484368,-1277.718011373836,-7.43871079616664e-05,0.000775510074054196,-0.00045004417872383,2.756672125060979e-10,0.5388787722264157,0.01386744256809213,-0.5387003111126536,0.0004167359592165276,1.072423386918245e-05,-0.0004165979482811196
452897.5799036206,-3.695561973860573,-95.5129437280697,-123.0514083169619,-1274.918759222468,-7.500575805939917e-05,0.000777124368648516,-0.0004480254070114971,2.75637067137184e-10,0.5382083522124206,0.0136810735410652,-0.5380344399924348,0.0004170935151982647,1.060237551400297e-05,-0.0004169587390305007
453941.6166502032,-3.7375861602795,-95.52315411582651,-122.8869894398811,-1270.846902451537,-7.538371232203833e-05,0.000779587470865889,-0.0004455673571653242,2.758842431661617e-10,0.537027534496813,0.01370444234772202,-0.5368526437186125,0.0004174905030047847,1.065396867315467e-05,-0.0004173545411885433
454988.0601500485,-3.790164403089805,-95.56177612864819,-123.3023157549007,-1266.231925334585,-7.618088002067265e-05,0.0007823264453038095,-0.0004429282604719479,2.762529170038096e-10,0.535868557783031,0.01346282946382085,-0.5356994151978268,0.0004180662090469233,1.05032362791916e-05,-0.0004179342498223007
456036.9159512962,-3.817489853535837,-95.60721334847987,-124.1033668143821,-1264.065370233335,-7.692693259246254e-05,0.0007835457975434796,-0.0004411534352306862,2.760899498677875e-10,0.5352601186857757,0.01317242958257971,-0.5350980113534367,0.00041826048346728,1.029313893061188e-05,-0.0004181338103062678
457088.189614875,-3.867606388726725,-95.60438593202306,-123.5530708262926,-1259.099248752299,-7.719190179762613e-05,0.0007866438682029858,-0.0004384096413671568,2.765414061706134e-10,0.5339476055045073,0.0133156695138489,-0.5337815455496704,0.0004188681179130783,1.044579912058686e-05,-0.0004187378481637131
458141.8867145335,-3.892105084584386,-95.58513281648591,-122.8477611476678,-1256.25481247128,-7.710428016689026e-05,0.0007884769092808871,-0.0004364131920388399,2.765300888447683e-10,0.5329421382117774,0.01361887195637461,-0.5327681005919715,0.0004190252719993251,1.070782570316513e-05,-0.0004188884350788633
459198.0128368685,-3.938326131507279,-95.63730078893084,-123.6303733685663,-1252.483569220918,-7.804949979803821e-05,0.0007907095434511498,-0.0004341023820016071,2.767248077394921e-10,0.5319271426469332,0.01325806589303545,-0.5317618910502206,0.000419434416685799,1.04542308304772e-05,-0.0004193041127371631
460256.5735813561,-3.975972094832632,-95.63246161194186,-123.1473261132035,-1248.668702293437,-7.822161706090476e-05,0.0007931384963807339,-0.0004317848079990853,2.769318489705296e-10,0.5307937263587984,0.01342394600838969,-0.5306239512266882,0.0004198082400554249,1.061708695586904e-05,-0.0004196739637897552
461317.5745603793,-4.006777600178357,-95.62827126049565,-122.7422732819169,-1245.494208697355,-7.836339736183653e-05,0.0007951715002364728,-0.0004296965275936348,2.769991390032059e-10,0.5297317282827396,0.01358516385248754,-0.5295575013844288,0.0004200244532441357,1.077168067291506e-05,-0.0004198863086819049
462381.0213992603,-4.054102310066837,-95.63043110360478,-122.3395194428659,-1240.928088537922,-7.868153636038746e-05,0.0007980914831410703,-0.0004271365609140103,2.773789607527632e-10,0.5285823011718709,0.01368512171038201,-0.5284051159441234,0.0004206388562817233,1.089044020499566e-05,-0.0004204978546034898
463446.9197362879,-4.085494047440712,-95.65634286190328,-122.6322838208431,-1238.162446346291,-7.92154759669827e-05,0.0007998026657895014,-0.0004252044091670678,2.77359154009991e-10,0.5276344342584905,0.01357145988954528,-0.5274598673754657,0.0004207887383691574,1.082324638795594e-05,-0.0004206495211882842
464515.2752227494,-4.121903950045852,-95.65579357354295,-122.263935723855,-1234.564074100381,-7.943875001875688e-05,0.000802135366279259,-0.0004229935707981251,2.775278024585306e-10,0.5266510126850059,0.01370068620953689,-0.5264727726668589,0.0004212140649523031,1.095777201971627e-05,-0.0004210715090646801
465586.0935229589,-4.157595454024068,-95.64298866263607,-121.6192782007255,-1230.859455111117,-7.949979184222714e-05,0.0008045851933677007,-0.0004207543336400597,2.777228833574863e-10,0.5252985163662732,0.01393228028867347,-0.5251137237423582,0.0004213911135744415,1.117638623098974e-05,-0.00042124287411222
466659.3803142887,-4.201633240569765,-95.68285907810527,-122.1196995810002,-1227.196360374742,-8.029309111308652e-05,0.0008068754632978786,-0.0004185373210894883,2.77911215096234e-10,0.5243481102839589,0.01369180547898971,-0.5241693192290867,0.0004218400049146759,1.101510843134339e-05,-0.0004216961668460593
467735.1412871981,-4.221367001342725,-95.63654730177322,-120.8457676591831,-1224.43780371603,-7.982669165643208e-05,0.0008088228566297739,-0.0004166360655171148,2.778967079051994e-10,0.5230896455918752,0.01423106084444672,-0.522896026216183,0.0004217942391385567,1.147524049004259e-05,-0.000421638113820572
468813.3821452652,-4.247018380549197,-95.63651696660983,-120.5885432815763,-1221.838164081472,-7.999610967262782e-05,0.0008105438304187298,-0.0004147952914271487,2.778474692837173e-10,0.5223325790955534,0.01436031190862838,-0.5221351401950451,0.0004220646474435367,1.160367977312342e-05,-0.0004219051092809374
469894.1086052153,-4.287344912321166,-95.6568342006351,-120.6700917111605,-1218.244570502193,-8.051752393584724e-05,0.0008128777808499353,-0.000412624124753998,2.780261508700146e-10,0.5212826621359303,0.01429627174922068,-0.5210865863343586,0.0004224286075273804,1.158518133542209e-05,-0.0004222697147925091
470977.326396953,-4.321037719271775,-95.6637206730562,-120.5011227609403,-1215.049875106146,-8.082622086749442e-05,0.0008149956392122874,-0.0004105955486344285,2.781160332947698e-10,0.520299648457265,0.0143564547702775,-0.5201015443076309,0.0004227201125741587,1.166397516248942e-05,-0.0004225591618437804
472063.0412635905,-4.352032629540632,-95.66041979792598,-120.1232433933338,-1211.950556888369,-8.098630711144599e-05,0.0008170891596946037,-0.0004086062772367188,2.781859738520772e-10,0.5191708154776296,0.01450486761695722,-0.5189681536078311,0.0004228685568762449,1.181432440731633e-05,-0.0004227034872501014
473151.2589614805,-4.384223137678941,-95.66005681849431,-119.8029043122478,-1208.796605263707,-8.119247493272394e-05,0.0008192221101404611,-0.0004066056071428183,2.782703280236001e-10,0.5181399532427712,0.01462904473010205,-0.5179333955217656,0.0004231147208440164,1.194612408954996e-05,-0.0004229460451572363
474241.9852602446,-4.426610386950387,-95.6829361350987,-119.9226626063541,-1205.101608675129,-8.176630666769492e-05,0.0008216687785202839,-0.0004044304045399753,2.784815743243041e-10,0.517017799317081,0.01454069418509026,-0.5168132864229529,0.0004234604029183021,1.190947047947544e-05,-0.0004232928978291855
475335.2259428054,-4.451207218100052,-95.69292867574519,-119.9033739899434,-1202.77891027293,-8.206635761261663e-05,0.0008232269109262138,-0.0004027225388922757,2.783776261782077e-10,0.5162769681775637,0.01457967888632365,-0.5160710618065975,0.0004236470848880943,1.196380787738564e-05,-0.0004234781220266912
476430.9868054156,-4.485063038732548,-95.7487670800801,-120.8408122114499,-1200.330277055364,-8.302954820005815e-05,0.0008247452062831652,-0.0004009783205269341,2.783039502685172e-10,0.5155175289957222,0.0142059618355403,-0.5153217571092671,0.0004238296342763335,1.167934603703953e-05,-0.0004236686815979648
477529.2736576909,-4.529125303288927,-95.74639654724636,-120.3699659155017,-1196.149850992413,-8.328583312560552e-05,0.0008276345027206012,-0.0003986628086816358,2.786342768529025e-10,0.5140876339537127,0.01433767723589584,-0.5138876593143737,0.0004241170319772278,1.182843685223347e-05,-0.0004239520549482047
478630.0923226383,-4.561610551524139,-95.77638022384221,-120.7299766732924,-1193.457840354393,-8.390334384330935e-05,0.0008294137570549181,-0.0003968507574240454,2.786204887718954e-10,0.5132413516638111,0.01419553589349256,-0.5130449997986457,0.0004243355278921228,1.173652551094993e-05,-0.000424173188922187
479733.4486366892,-4.615428632729501,-95.78762985733734,-120.4808512760749,-1188.664390606424,-8.440352212035468e-05,0.0008327253677543548,-0.0003943477653683446,2.791006700433503e-10,0.5117097867612832,0.01420257275433019,-0.5115126516465022,0.0004247508137897027,1.178901496782089e-05,-0.0004245871794356292
480839.3484497285,-4.639133961878868,-95.78036537211547,-120.078774533656,-1186.196541262578,-8.447440532091387e-05,0.0008344792641833287,-0.0003926239473311042,2.790380821141872e-10,0.5105564558676564,0.01438509401594188,-0.5103537632841505,0.0004246644605960684,1.196505914418834e-05,-0.0004244958674157215
481947.7976251274,-4.682801101270704,-95.77198022334852,-119.4802816435985,-1182.010657397678,-8.465225168789408e-05,0.0008374592216502555,-0.0003903386214007941,2.793822041488044e-10,0.5093555984308686,0.01457557613290118,-0.5091470104333936,0.0004251560037238058,1.216614428059028e-05,-0.0004249818965976558
483058.8020397726,-4.7014454033393,-95.71529867986953,-118.0235892682267,-1179.257708307839,-8.402777432120155e-05,0.0008395813175536483,-0.0003885338444592922,2.793903539810576e-10,0.5081996897221441,0.01519482797852813,-0.5079724813770786,0.0004252074176193345,1.271341501497661e-05,-0.0004250173138557535
484172.3675840994,-4.723196321544807,-95.64595576114735,-116.2657064091907,-1176.055729939469,-8.324763162913997e-05,0.0008420699207449272,-0.0003865877016182709,2.795067043107503e-10,0.5068691189906817,0.01591792818862321,-0.506619110721824,0.0004252835845912459,1.335578220429753e-05,-0.0004250738175946513
485288.500162121,-4.718204699089744,-95.56740646461449,-114.5343286113372,-1174.993595016381,-8.217839034458708e-05,0.0008430580025601858,-0.0003853502374066155,2.791159355854803e-10,0.5061683215155577,0.01673933335924166,-0.5058914551804222,0.0004251202282457682,1.405901735820915e-05,-0.0004248876939788391
486407.2056914617,-4.712149786751542,-95.57864829165376,-114.8013150127748,-1175.344244581767,-8.231766030297795e-05,0.0008427742160773667,-0.0003845786907985387,2.783909074429944e-10,0.5063772839762138,0.016797180843022,-0.5060986153338636,0.000425144159169154,1.410257440824351e-05,-0.0004249101945949366
487528.4901033863,-4.738875711502494,-95.62586362666478,-115.5911771552568,-1173.435592005003,-8.314043406498833e-05,0.0008440085728650765,-0.0003830710997586141,2.78202401620897e-10,0.506091490817385,0.01652136312210658,-0.5058217488783483,0.0004255442990936145,1.389189902899357e-05,-0.0004253174880397512
488652.3593428336,-4.77198829297316,-95.72833216055437,-117.546712447653,-1171.802778909695,-8.475261994255617e-05,0.0008448841613736471,-0.0003816582505466879,2.779493149876973e-10,0.5057436572165849,0.01575671397791879,-0.5054981432007684,0.0004257519520028025,1.326452964367258e-05,-0.0004255452700800807
489778.8193684461,-4.825135026741546,-95.84789667657573,-119.7031645733383,-1168.737132070629,-8.672412079129047e-05,0.0008467420270485915,-0.0003797842707529497,2.780374452694336e-10,0.5048936831308791,0.01482791944495886,-0.5046759000293143,0.0004260443563163657,1.251224090637083e-05,-0.0004258605844364177
490907.8761526032,-4.876293631903161,-95.94251388022704,-121.3158586740596,-1165.490758044724,-8.835268661851219e-05,0.0008488110361478755,-0.0003778582994522493,2.781706450396485e-10,0.5039493598573892,0.0141191896349391,-0.5037515317939242,0.0004263423913259571,1.19448689730414e-05,-0.0004261750283002893
492039.5356814509,-4.938761049003678,-96.0209291645332,-122.4633277741376,-1161.080739331331,-8.984139916034219e-05,0.0008517906548484356,-0.0003755627863062795,2.785849885032545e-10,0.5026223530497492,0.01354519550343435,-0.5024398048164979,0.0004267566110506358,1.15006857414712e-05,-0.0004266016166201196
493173.8039549359,-4.984289538192674,-96.05214595310692,-122.7140832255651,-1157.41255771767,-9.05864570939178e-05,0.0008543917718631564,-0.0003735152359678718,2.788251481133055e-10,0.5013494825356166,0.01338860982211198,-0.5011706782781309,0.0004269832770907141,1.140264964196542e-05,-0.0004268309952384763
494310.6869868354,-5.031702940633026,-96.08117817009361,-122.8978907283624,-1153.570819593658,-9.131757643118771e-05,0.0008571448286274048,-0.0003714192368853019,2.791103040988567e-10,0.5000388088690289,0.01325103730539876,-0.4998632016717054,0.0004272451057221116,1.13220028806916e-05,-0.0004270950627369367
495450.1908047903,-5.070133394259203,-96.09070876629335,-122.7321961926311,-1150.199275063201,-9.172662045498316e-05,0.0008596268593265307,-0.0003694819450360238,2.792846341627918e-10,0.4986118607880497,0.01328093064517607,-0.4984349552346018,0.0004272498602623016,1.138014597835012e-05,-0.0004270982736697348
496592.321450336,-5.126331171402398,-96.14317024181697,-123.3463254625018,-1146.007947434805,-9.284292032221782e-05,0.0008626014934240095,-0.000367288864081011,2.796613837687636e-10,0.4972051110242402,0.0129388923999797,-0.4970367265022664,0.0004275433380112868,1.112606673624176e-05,-0.0004273985452909428
497737.0849789361,-5.172310805929607,-96.1754408071408,-123.6064667981055,-1142.3773091444,-9.361966813783579e-05,0.0008652377771219634,-0.0003652832009373862,2.799049400732273e-10,0.4960669378721571,0.01278048713570237,-0.4959022746453505,0.0004278768768195839,1.102366334534171e-05,-0.000427734848432215
498884.4874600122,-5.202965373925058,-96.2059731773894,-123.9620921332864,-1139.983538699298,-9.42728357562444e-05,0.0008669543975836416,-0.0003636794083358366,2.798475772804548e-10,0.4952703554061504,0.01264673828521869,-0.4951088617212176,0.0004280445610706261,1.09301263020926e-05,-0.0004279049878199193
500034.5349769786,-5.239400341704775,-96.22150748440333,-123.9393943037962,-1136.906523454413,-9.476087154820227e-05,0.0008692494717805555,-0.0003618635921807326,2.799596057255039e-10,0.4940561992464719,0.0126324047642472,-0.4938946753749647,0.0004281206279997073,1.094651391696837e-05,-0.0004279806607218712
501187.2336272722,-5.277019423118169,-96.22415454982162,-123.6268884682545,-1133.553773294584,-9.508094800262577e-05,0.0008718116965669541,-0.0003599666435527611,2.801418579987825e-10,0.4927905851379917,0.01272780983436258,-0.4926261905922832,0.0004282671027685253,1.106129541988884e-05,-0.0004281242332050132
502342.5895223872,-5.320322245782146,-96.26334760807136,-124.0530044080531,-1130.286719964229,-9.594665754444746e-05,0.0008742007770382117,-0.0003581036574351914,2.803054272734317e-10,0.491818431952879,0.01251694605495005,-0.4916591258891125,0.0004286078307535534,1.090821479579154e-05,-0.0004284689993841276
503500.6087879047,-5.374438602015243,-96.30102686655094,-124.3476134968273,-1126.141549422143,-9.686980403289764e-05,0.0008772915550052767,-0.000355969766636766,2.806901350095054e-10,0.4903844650424763,0.01230852177783728,-0.4902299703676226,0.0004288822889214486,1.076483324744209e-05,-0.0004287471703879288
504661.2975635284,-5.412842707912549,-96.31188136895118,-124.2027827525134,-1122.87984319568,-9.731583202309903e-05,0.0008798030429019777,-0.0003541224151835182,2.808580303031627e-10,0.4891501440933023,0.01233531494874855,-0.4889945842968137,0.0004290185017894198,1.081892421440912e-05,-0.0004288820650907208
505824.6620031141,-5.444931795383213,-96.31271612727552,-123.8990803067028,-1119.984835546509,-9.758007409916873e-05,0.0008820743703023372,-0.0003523970580226334,2.809363846545957e-10,0.4879552827500548,0.01244845422115407,-0.4877964677518583,0.0004290580410426043,1.094589928821977e-05,-0.0004289183953528798
506990.7082747045,-5.502449789555827,-96.36759296457407,-124.5253858065889,-1115.866037806888,-9.877764947398653e-05,0.0008851418016372279,-0.000350293590881959,2.813248344187416e-10,0.4866276669337051,0.0120989522462827,-0.4864772364457388,0.0004294062314590949,1.067626409615461e-05,-0.0004292734897484946
508159.4425605604,-5.539359772252438,-96.38512784815921,-124.5338974537108,-1112.85228610475,-9.931337491099888e-05,0.0008874781771891772,-0.0003485440344711868,2.814379180060682e-10,0.4854995775400464,0.01207265596469032,-0.4853494522192456,0.000429538070947309,1.068109138335113e-05,-0.0004294052499446135
509330.8710571955,-5.574523659391185,-96.39898918262604,-124.4789066375474,-1109.93122341399,-9.97873045918623e-05,0.0008897655679875791,-0.00034682963616893,2.815295997959131e-10,0.4844394962707316,0.01207942628525524,-0.4842888735121417,0.0004296981912205738,1.07144600424068e-05,-0.0004295645887223858
510504.9999754062,-5.632425708983285,-96.4013875905913,-123.9799055993963,-1105.064164436921,-0.0001002637389179854,0.0008936759899522353,-0.0003445145967469937,2.821191950392884e-10,0.4828278658673579,0.01216916042358204,-0.4826744861628927,0.0004301344737227485,1.084107978118054e-05,-0.000429997833103754
511681.8355403079,-5.680360895794662,-96.44205347869574,-124.3781964862777,-1101.557266385541,-0.0001012111349984726,0.0008963778567813197,-0.0003426314398261337,2.82366422843163e-10,0.4815424899247174,0.01194515186406649,-0.4813943112977562,0.0004303022186499107,1.067408475215033e-05,-0.0004301698075059888
512861.3839913649,-5.708835417170084,-96.42431786897859,-123.7142552481472,-1098.727504600044,-0.0001011971466845847,0.0008987492041751877,-0.0003409652567467712,2.824425574250968e-10,0.4801401368038161,0.01220889525091204,-0.4799848891858362,0.0004301505318083227,1.093777083484636e-05,-0.0004300114477361588
514043.6515824262,-5.745150410157436,-96.4059499317873,-122.9709323944996,-1095.283769543011,-0.0001012299412857953,0.0009016400016097055,-0.0003391148309573913,2.826789565347807e-10,0.4789188993391455,0.01248122351743591,-0.4787562335925521,0.0004304022977032003,1.121682039999742e-05,-0.0004302561107158253
515228.6445817564,-5.787172886249218,-96.40375392231952,-122.5197561728168,-1091.642569015417,-0.0001015333600362077,0.000904655228291129,-0.0003372101158882095,2.82969526989726e-10,0.4775715434014823,0.01261421574267083,-0.4774049231292774,0.0004306060960122504,1.137370572065559e-05,-0.0004304558615480702
516416.369272071,-5.815154239720806,-96.34071692013373,-120.9219832481524,-1088.206970124804,-0.0001008677972241333,0.0009077343676639901,-0.0003353757330476312,2.832100289143275e-10,0.4760753522835198,0.01324794985704205,-0.4758909884379645,0.0004306463139469109,1.198377682424321e-05,-0.0004304795428462171
517606.8319505677,-5.817121514544169,-96.26742139853482,-119.3400396553164,-1086.63295346671,-9.986503713568043e-05,0.0009093062191384384,-0.000334120407992004,2.829679576431081e-10,0.4751650400280132,0.01397992827920808,-0.4749593423337745,0.0004304873777652464,1.266545759744382e-05,-0.0004303010209133198
518800.0389289612,-5.840084268952133,-96.25156770621683,-118.7778329042537,-1084.278507013178,-9.983276359536397e-05,0.0009113360398605506,-0.000332629666789746,2.829301843418219e-10,0.4744157519492533,0.01423889147650114,-0.4742020241069157,0.0004307358868568204,1.292790452844151e-05,-0.000430541837120198
519995.9965335159,-5.841279056501261,-96.24306984395869,-118.5530156190865,-1083.711073621243,-9.975141851749533e-05,0.0009118428265390565,-0.0003316909656998268,2.824272650942407e-10,0.4740643163389786,0.01444863679113165,-0.4738440808122659,0.0004306300539710981,1.312483776299412e-05,-0.0004304299966508445
521194.7111050806,-5.885171902936529,-96.31674826381122,-119.6699449143873,-1081.059463831232,-0.0001011571317034978,0.0009138207144686436,-0.000330118387195847,2.824688414006152e-10,0.4734006825581786,0.0139700609613868,-0.4731945093122748,0.0004310017732858052,1.271886853802443e-05,-0.0004308140654140961
522396.1889991198,-5.925549131177527,-96.41448568243699,-121.3099417020414,-1079.039706040247,-0.000102888498039778,0.0009151828211446284,-0.0003287437899150148,2.823466931796954e-10,0.4726633400741839,0.01329258969329676,-0.4724763910602616,0.0004310346219061605,1.212187594600556e-05,-0.0004308641379893857
523600.4365857503,-5.989165157844262,-96.51605332131034,-122.8218651055923,-1075.314915187227,-0.0001048516208029565,0.0009179840383798313,-0.0003268555031169487,2.82673087100309e-10,0.4714618337249254,0.01257355506709569,-0.4712941399723149,0.0004313221402484948,1.150305771142489e-05,-0.0004311687237402893
524807.4602497725,-6.049680938331882,-96.57876501636291,-123.5493304815094,-1071.282962791554,-0.0001062413755201056,0.0009212075459628855,-0.0003248810123569136,2.830843975536e-10,0.4700660870261103,0.01217209820474779,-0.4699084657646984,0.0004315900441180436,1.117578261055121e-05,-0.0004314453245370223
526017.2663907063,-6.114833155484661,-96.66319406522986,-124.6770976092667,-1067.241702315837,-0.0001079876841870093,0.0009243795541509531,-0.0003229110587240898,2.835027949131717e-10,0.4685993302916576,0.01159378228098046,-0.468455885396065,0.0004317790567823129,1.068279883094479e-05,-0.0004316468830942271
527229.8614228227,-6.153399774385307,-96.6485814812343,-123.9970466395969,-1063.774421274238,-0.0001081063544703931,0.0009274476915330495,-0.0003211217153436947,2.837726842414833e-10,0.4671222922784002,0.01182614928295558,-0.4669725667922736,0.0004318141471943539,1.093225189982807e-05,-0.0004316757389355879
528445.2517751806,-6.215462710837026,-96.6814710755892,-124.0864804859681,-1059.254006966373,-0.0001090950235387051,0.0009312806711165591,-0.0003190217163126626,2.843282526712343e-10,0.4655505251410104,0.01166884111607874,-0.4654042647055119,0.0004321489834792299,1.083164458931003e-05,-0.0004320132166932195
529663.4438916577,-6.279202394454665,-96.76770703546666,-125.2468636357959,-1055.410899262485,-0.0001108792478801436,0.0009343400969705785,-0.000317133197595275,2.847072698731717e-10,0.4644165961755402,0.01109124377827184,-0.4642841361868029,0.0004325694960584884,1.033066813576026e-05,-0.0004324461194370501
530884.4442309885,-6.304160638145376,-96.71711870870358,-123.954992633511,-1052.464714597787,-0.0001103738427496636,0.000937151238853616,-0.0003155205687005532,2.848476148270862e-10,0.462890418482065,0.01161282116318705,-0.462744726503861,0.0004323800420191254,1.084738828460748e-05,-0.0004322439529986089
532108.2592667942,-6.363144969733478,-96.76707987877242,-124.4124197785427,-1048.477407710335,-0.0001116023329600035,0.0009405212515327285,-0.0003136022778282212,2.852732532245461e-10,0.4615247261931677,0.01132557421824672,-0.4613857434471783,0.0004326791363614301,1.061771860408898e-05,-0.0004325488401257335
533334.8954876211,-6.412171907727918,-96.76177604465647,-123.8347991809335,-1044.435799344098,-0.00011194802404841,0.000944181480127887,-0.0003116749374813902,2.857185136860396e-10,0.4598808656753784,0.01147692470950987,-0.4597376325835723,0.0004327909393598658,1.080086038956321e-05,-0.0004326561436138867
534564.3593969716,-6.454844213878649,-96.74855330478202,-123.1551189343281,-1040.757483329219,-0.0001121280718148873,0.0009475702743208646,-0.0003098629662078149,2.860688626908145e-10,0.4582245721125524,0.01169022712391621,-0.4580754272797472,0.0004327478556606347,1.104026503148312e-05,-0.0004326070030950864
535796.6575133418,-6.514624270868828,-96.73700144390889,-122.3648875587993,-1035.869023783141,-0.0001124679549379359,0.0009520874248543224,-0.0003076982157671593,2.867578300563673e-10,0.4563623051603162,0.01188333972912507,-0.4562075621996196,0.0004330129881765364,1.127534063931458e-05,-0.0004328661624833254
537031.7963702526,-6.55466814880183,-96.75278456412576,-122.2943832415495,-1032.829985108715,-0.0001130582380988384,0.0009548266672346099,-0.0003060898788760919,2.869401320068514e-10,0.4552794902033181,0.01187838847005471,-0.4551245083349695,0.0004332220677983915,1.13029032184419e-05,-0.0004330745945057833
538269.7825162885,-6.603705145118327,-96.7556193046497,-121.8880034850602,-1028.961953991919,-0.0001135299947352472,0.000958404780449051,-0.0003042421970368616,2.873563606301336e-10,0.4535757108380281,0.01195989008031489,-0.4534180041545431,0.0004332001764655295,1.142262773226604e-05,-0.0004330495542838671
539510.6225151276,-6.643388975812655,-96.72864153105893,-120.9701217038823,-1025.345886246563,-0.0001134838256005508,0.0009618918464832192,-0.0003024757240447198,2.877065427389591e-10,0.4520858162010807,0.01228161753700794,-0.4519189607450345,0.000433303398669156,1.177136381906141e-05,-0.0004331434754121096
540754.3229455811,-6.706115599730035,-96.73849748274394,-120.5912023157173,-1020.625303418979,-0.0001141726177688933,0.0009663015246123646,-0.0003003906861048671,2.883724720807377e-10,0.4501755108820391,0.01230023331627422,-0.4500074386699292,0.0004334385242367707,1.184292536466041e-05,-0.0004332767007483286
542000.8904016238,-6.750369862891263,-96.68368014601928,-119.0944129905295,-1016.300551514477,-0.0001137427820837212,0.0009706320326854389,-0.0002984298721736267,2.889335478619935e-10,0.4484387218733485,0.0128293254367933,-0.448255168050787,0.0004336315817594502,1.24057098789846e-05,-0.0004334540887586611
543250.3314924333,-6.787914993644267,-96.61960732061915,-117.4814846155273,-1012.328481256288,-0.0001131140544648447,0.0009746946877619124,-0.0002965798131811972,2.894000994374633e-10,0.4466203448458758,0.01342393036129818,-0.4464185597887973,0.0004336033635544442,1.303268295757589e-05,-0.0004334074596273751
544502.6528424212,-6.845481412581458,-96.62472264925495,-117.0652971612817,-1007.956342325527,-0.000113690919757844,0.0009789022572322379,-0.0002946197478827712,2.899869203137483e-10,0.445019988443312,0.01348330260857878,-0.4448156816759623,0.000433898145769953,1.314633084500819e-05,-0.0004336989449928567
545757.861091271,-6.877549791798849,-96.50598007686571,-114.4510220148936,-1003.592430169415,-0.0001121742435663065,0.0009836279285341432,-0.0002926695289220176,2.905780163863142e-10,0.442850724163899,0.01448169414677915,-0.4426138773548892,0.0004337428982365815,1.41838584603398e-05,-0.0004335109225035126
547015.9628939716,-6.918692425817524,-96.42533847197367,-112.5202527013044,-999.1515800551041,-0.0001112998842853233,0.0009883150150652108,-0.0002907043370773995,2.911982442648328e-10,0.4409655742149652,0.01518681430989191,-0.4407039803698746,0.0004338640703231974,1.49422391611011e-05,-0.0004336066893006436
548276.9649208538,-6.965136597473612,-96.30180824508061,-109.7396409242843,-993.7216984980829,-0.0001097917258054297,0.0009941933409795224,-0.0002884595386867555,2.921160090868182e-10,0.4385878224368521,0.01619591704413035,-0.4382886837017348,0.0004339655130796681,1.6025227081775e-05,-0.000433669526989708
549540.8738576245,-6.982994656717007,-96.14177276539054,-106.5055159469271,-989.7672544453967,-0.0001074746532747581,0.0009987735522283749,-0.0002866508362693522,2.926085756985633e-10,0.4366983769353394,0.01749067463891924,-0.4363479674739362,0.000433933005289215,1.737991577588546e-05,-0.0004335848147790153
550807.6964054035,-6.995947180008165,-95.89160656998563,-101.627294428318,-984.8379775109645,-0.00010367657082293,0.001004696867105375,-0.0002845672514897655,2.933967805764132e-10,0.4342680165357823,0.01943289580209766,-0.4338330009884764,0.0004338559209421243,1.941445509169043e-05,-0.0004334213181997761
552077.4392807573,-6.97421836582813,-95.56866276599611,-95.67234878149426,-981.2680366509096,-9.842427597955387e-05,0.001009493310024448,-0.0002828836091084131,2.937869354685803e-10,0.4320606601073619,0.02191132461961266,-0.4315047020205264,0.0004334445036723758,2.198150422256065e-05,-0.0004328867649119175
553350.1092157367,-6.897554577913141,-95.12149564107375,-87.81028111658257,-979.7434214224104,-9.074986740236427e-05,0.001012541862431549,-0.0002817944839699112,2.935673655913316e-10,0.4308349932188888,0.02535113581224788,-0.4300884924000512,0.0004331819908916645,2.548923753956819e-05,-0.00043243142346795
554625.7129579107,-6.788117477449829,-94.734573063225,-81.28723961967523,-981.4633824571027,-8.381182041151061e-05,0.001011945209799672,-0.0002816399332599881,2.923789018208478e-10,0.4312209224530421,0.02842517584728474,-0.4302830386377128,0.0004330404940742022,2.854511817986912e-05,-0.0004320986527821239
555904.2572704037,-6.645410974407556,-94.38501983603591,-75.62414299902899,-986.1941991596431,-7.730174473188984e-05,0.001008071354150593,-0.0002823466084168928,2.903071204139605e-10,0.432430166637389,0.03128236866663441,-0.4312971857416238,0.0004323601563946216,3.127730406570307e-05,-0.0004312273589279363
557185.7489319298,-6.578918428136263,-94.36404013978051,-75.57647576939577,-990.3291351016742,-7.661354742952232e-05,0.00100391857903586,-0.000282878335351338,2.884300967418431e-10,0.4344140740737532,0.03173109021783799,-0.4332536504946539,0.0004325203577812974,3.15927667009238e-05,-0.0004313649927699772
558470.1947368309,-6.543758562598166,-94.4618363339481,-77.55957944957146,-993.9517388580979,-7.80312355429381e-05,0.0009999961681532515,-0.000283260116519909,2.867179176389446e-10,0.4358898604438019,0.03124421488059171,-0.4347686390187458,0.0004323289483612485,3.098897172773444e-05,-0.0004312168865227807
559757.6014951101,-6.557151678204098,-94.54097759623686,-78.92706748640089,-993.7761862292309,-7.94178227507936e-05,0.0009999553198338609,-0.0002825587217448011,2.86109017553346e-10,0.4359156807245614,0.03079320169919271,-0.4348267004574013,0.0004323617432937072,3.054215059694122e-05,-0.0004312816412750343
561047.9760324706,-6.576965703251613,-94.61717689817868,-80.20191590128461,-993.0916752055617,-8.079467226163262e-05,0.001000431417657741,-0.0002817146764704285,2.856477386568415e-10,0.4357565344364772,0.03035187324073669,-0.4346981954124804,0.0004324334622387573,3.012041035230188e-05,-0.0004313831940908311
562341.325190349,-6.60636470426754,-94.65163869898041,-80.64148588009351,-991.1046868439083,-8.155559775820643e-05,0.001002339357892065,-0.0002805043893570497,2.855621228141845e-10,0.4351218835278657,0.030194714955237,-0.4340729578234626,0.0004326258617957656,3.002150678627114e-05,-0.000431582953121194
563637.6558259543,-6.589215037658194,-94.57539006165369,-79.29465393988879,-990.8636263486367,-8.02497570026453e-05,0.001002798565682845,-0.0002797911786646894,2.849746608479915e-10,0.4347641690733917,0.03089536715835686,-0.4336650308685577,0.0004323993252348307,3.072731577817933e-05,-0.000431306165651043
564936.9748123025,-6.570129990582922,-94.53923888256523,-78.70414977372381,-991.3505894366983,-7.958191164956642e-05,0.001002406801281987,-0.0002792848648264449,2.841795763570809e-10,0.435144105267159,0.03134498651216785,-0.4340136912233396,0.0004325637819845076,3.11591165957132e-05,-0.0004314400710848673
566239.2890382531,-6.563493593976663,-94.53345186760021,-78.60573780937699,-991.3801922576109,-7.947892928135505e-05,0.00100239293450127,-0.0002786508480349075,2.835175153231266e-10,0.4351317447739437,0.03153701271676215,-0.4339873870735408,0.0004325193624617244,3.134767526852723e-05,-0.0004313818750939306
567544.6054085471,-6.566708230259913,-94.59520901222551,-79.70536722852914,-991.6818409493926,-8.052789369141369e-05,0.001001915587876425,-0.0002780945593658702,2.827794014332832e-10,0.4352839782767561,0.03122955387974727,-0.4341622469871275,0.0004324790727289988,3.102831525553217e-05,-0.0004313645697098197
568852.9308438414,-6.597372316687881,-94.72868293620425,-81.97804278013135,-991.042694112565,-8.289938479757775e-05,0.001002180911666967,-0.0002772761376989776,2.823109785295652e-10,0.4352561723319363,0.03036594285404038,-0.4341956299499494,0.0004326252542836549,3.018239506727436e-05,-0.0004315711223796143
570164.2722807475,-6.624820486071616,-94.73260996014189,-81.85653370655952,-988.748885510107,-8.316008038168279e-05,0.001004494486549835,-0.0002759981294093612,2.823151110977985e-10,0.4343396537276492,0.03042212461642101,-0.4332729268418201,0.000432690359855435,3.030660437027498e-05,-0.000431627683592433
571478.636671867,-6.671661917292657,-94.74114211796835,-81.70485682213469,-985.1326068083796,-8.361444890526547e-05,0.001008156959337269,-0.000274356229460566,2.826997586140907e-10,0.4330378359545684,0.03041631244274166,-0.4319683035890495,0.0004329486082737842,3.041004514507866e-05,-0.0004318792962859888
572796.0309858292,-6.671197907422876,-94.67207182073615,-80.39931625335969,-983.7877291976762,-8.25198836573541e-05,0.001009735564181896,-0.0002733515450263913,2.824351403765093e-10,0.4323140735131978,0.03103508214067121,-0.431198657041156,0.0004328356078743828,3.107252219347131e-05,-0.0004317188457879997
574116.4622073274,-6.663281229654404,-94.51628090459889,-77.54324104762627,-981.7137488422627,-7.996004632965554e-05,0.001012311012273456,-0.0002721479109461555,2.823808611610436e-10,0.4313948126684088,0.03228867348478043,-0.4301847579375689,0.000432898963944626,3.240125492526897e-05,-0.0004316846900963692
575439.937337157,-6.598626278846222,-94.29617081677267,-73.83037658537513,-982.7910378987551,-7.600963760394013e-05,0.00101180021132226,-0.0002718199442878695,2.814225825624063e-10,0.4315298001182779,0.03410173215141718,-0.4301802415899571,0.0004326643990448834,3.419139406742803e-05,-0.0004313112921923051
576766.4633922506,-6.501584943468845,-94.05841398007919,-69.95741426901381,-985.9907947094694,-7.159904526503056e-05,0.001009128200048065,-0.0002720777277828576,2.798641509390254e-10,0.4324209899787967,0.03611128692227406,-0.4309105330936572,0.0004322584369756282,3.60977121923846e-05,-0.0004307485478920259
578096.0474057181,-6.399054759873179,-94.00407182759645,-69.46100681653985,-992.3252372844701,-7.019565999193906e-05,0.001002820548539104,-0.0002731958943110034,2.774380957635427e-10,0.4349626511924299,0.03688647237728159,-0.4333957730388098,0.0004320289165800103,3.663768062367557e-05,-0.0004304726067008389
579428.6964268809,-6.306605423682549,-94.12033687642187,-72.07104670166551,-1000.463328423049,-7.163257601825554e-05,0.0009943766423068314,-0.0002748028965127236,2.745484253965481e-10,0.4383160402818845,0.03643792421311268,-0.4367988425436016,0.0004317324240358735,3.589061750340138e-05,-0.0004302380149860259
580764.417521312,-6.340481321163725,-94.57895035717534,-80.42946688824277,-1004.2594242864,-7.924039421642904e-05,0.0009894124100883624,-0.0002752111642857946,2.728815766487321e-10,0.4408283364039742,0.03328401356394638,-0.4395700133286738,0.0004322785879341846,3.263847896343008e-05,-0.0004310446697006313
582103.2177708712,-6.40232553655286,-95.02528599827144,-88.44443251318468,-1005.811784292089,-8.675447587838297e-05,0.0009865931828501864,-0.0002750026325282679,2.718337723469702e-10,0.4420467465600879,0.03009684396690303,-0.4410209815049512,0.0004324972579227408,2.944666506225436e-05,-0.0004314936523604967
583445.1042737447,-6.535455500211724,-95.50802599574651,-96.69189453544777,-1002.711443036179,-9.528364415537067e-05,0.000988107646331734,-0.0002735244181244163,2.720471374221657e-10,0.4417608488871655,0.02651884063402998,-0.4409641694071482,0.0004331932557751391,2.60045292437667e-05,-0.0004324120272470173
584790.0841444806,-6.657109165545608,-95.92407940935492,-103.719561426907,-999.5648089273036,-0.0001027040693267646,0.0009897783216622051,-0.0002720389496928985,2.722758821927051e-10,0.4410787486882084,0.02343612952952013,-0.4404556849185072,0.0004335465027132661,2.303591371127463e-05,-0.0004329340789247143
586138.1645140288,-6.777488671798895,-96.22360982001838,-108.4962790181079,-994.9066719445208,-0.000108321802010883,0.0009933067245531458,-0.0002701484468024046,2.729215243889916e-10,0.4396466426392575,0.02122048944147503,-0.4391342177647231,0.0004338963298312314,2.094293824377824e-05,-0.0004333906071648646
587489.3525297765,-6.906215041792382,-96.48703988556886,-112.4811135155115,-989.2234138805192,-0.0001134780220852092,0.000997990799513727,-0.000267987488561922,2.738581969812784e-10,0.4377642415272176,0.01927464209525592,-0.4373397070150387,0.0004342737556016677,1.912095693650747e-05,-0.000433852606088991
588843.655355589,-6.998730124414672,-96.6755959201967,-115.2945272962038,-985.0763140155182,-0.0001172087605599808,0.001001431520909275,-0.0002662502402333573,2.743786121117349e-10,0.4363736746055651,0.01793409908891425,-0.4360049907726202,0.0004345271075074878,1.785820881587892e-05,-0.0004341599838040263
590201.0801718441,-7.103278145763655,-96.79580222145273,-116.685176878793,-979.1614547427994,-0.0001200004799435193,0.001006981757703327,-0.0002640428674952501,2.754011965059175e-10,0.4340451316255429,0.0170834911190424,-0.4337088085559486,0.0004346868312376886,1.710874763922068e-05,-0.0004343500109424199
591561.6341754741,-7.193864612483109,-96.96904336316875,-119.1837931739338,-975.0289653281384,-0.0001235210802987196,0.001010511814673597,-0.0002623237724096868,2.759323464665999e-10,0.4327905135666704,0.01588134218254651,-0.4324990307547326,0.0004350836998695546,1.596549115352165e-05,-0.0004347906726051141
592925.3245799997,-7.283860304712504,-97.07857860156167,-120.4597653164239,-970.065595599159,-0.0001260648856041925,0.001015203773779039,-0.0002603881606378557,2.767062887241332e-10,0.4309803650182502,0.01514610743372474,-0.4307141400753756,0.0004353532281235335,1.529978463055663e-05,-0.0004350843019781798
594292.1586155727,-7.350736089301034,-97.17494053651527,-121.6704368812735,-966.5201244479864,-0.0001282138504622604,0.001018499397891225,-0.0002588397864142036,2.770825848916824e-10,0.4295985960778309,0.01452989791442242,-0.4293528104235952,0.0004354326447409054,1.472721730111541e-05,-0.0004351835212604279
595662.1435290104,-7.427042245212298,-97.23973122325077,-122.1953465597077,-961.9109602627842,-0.0001299667889177719,0.001023087067141941,-0.0002570129490403611,2.777699485758514e-10,0.4277790512327039,0.01413901251339405,-0.4275453250810941,0.0004355784906526303,1.439680066650258e-05,-0.0004353405031119808
597035.2865838369,-7.494422978102534,-97.30875813976149,-122.8702947038828,-957.9907997553067,-0.0001317158742162911,0.001026957703528212,-0.0002553768171560244,2.78265133844973e-10,0.4262989495835233,0.01373071214720187,-0.4260777651555477,0.000435755290474493,1.403529252411007e-05,-0.0004355291996413931
598411.5950603196,-7.581514959151331,-97.44010860464408,-124.5406610723985,-953.6825271191698,-0.000134635533939419,0.001030985022415627,-0.0002536436285397958,2.788793168156546e-10,0.424750475620129,0.01286128539153773,-0.4245557135142609,0.000435978995788346,1.320128077870531e-05,-0.0004357790850355446
599791.0762555094,-7.632934441193181,-97.45686414534936,-124.358105788488,-950.1205403080271,-0.0001354377272697293,0.001034771041225676,-0.0002521150889193075,2.792810216982147e-10,0.4232189561091579,0.01284470015015155,-0.4230239928044011,0.000435993320501855,1.323240225532533e-05,-0.0004357924724599847
601173.7374832779,-7.680548776995751,-97.47945145756641,-124.317131562609,-946.9064534575112,-0.0001362997046329154,0.001038176060684453,-0.0002506843418414807,2.795844771585796e-10,0.4219107240701521,0.01279210267035012,-0.4217167546999659,0.0004360726793034396,1.322148541656113e-05,-0.0004358721991114599
602559.5860743577,-7.755658449239982,-97.54433605754086,-124.8261675785509,-942.5125036480526,-0.0001380955796467468,0.001042704530952446,-0.0002489472034770591,2.802418628792112e-10,0.420248711413218,0.01241910354386209,-0.4200651679342588,0.0004362888305977691,1.289311784919795e-05,-0.000436098281602319
603948.6293763798,-7.785892060090431,-97.51948327254685,-124.0494588955995,-939.7796335866088,-0.0001380514626910724,0.001045856662164882,-0.0002476544640176455,2.804103907886788e-10,0.4188942096233827,0.01271362446858196,-0.4187012331112369,0.0004361463396520455,1.323723424266971e-05,-0.0004359454154151437
605340.8747539136,-7.853814462631243,-97.58434381991475,-124.6144494872042,-935.892549596782,-0.0001397926260139702,0.001049885287889332,-0.0002460628906510855,2.809274270859394e-10,0.4174772498450015,0.01235097995212068,-0.4172945092286359,0.000436384790034791,1.291035570233153e-05,-0.0004361937730978606
606736.3295885053,-7.896286255903852,-97.62738273377877,-124.9906423329093,-933.3584206498285,-0.0001409487781321823,0.001052524625000179,-0.0002448322262548741,2.810422939633577e-10,0.4165389631723452,0.01216320196553879,-0.4163613386934933,0.0004365161734177232,1.274654917769869e-05,-0.0004363300300681955
608135.0012787179,-7.924772186442611,-97.59814179591237,-124.150648522125,-930.6960775768331,-0.0001408228690334122,0.001055679478139462,-0.000243572366252774,2.811980133316819e-10,0.4152674086106417,0.01249051365930252,-0.4150795197582319,0.0004364319808355447,1.312710678697633e-05,-0.0004362345160156869
609536.897240169,-7.985869442176044,-97.65179532125624,-124.5592016003325,-927.1337153142548,-0.0001423384202769429,0.001059470089144917,-0.000242082004169925,2.816292490260856e-10,0.4140164207912088,0.01221783550423904,-0.4138361042494414,0.0004367079068556637,1.28874728185089e-05,-0.0004365177074926139
610942.0249055721,-8.010971992605251,-97.62293317412507,-123.7588025696154,-924.7056108409529,-0.0001421866620605033,0.001062395574812828,-0.0002408926917294569,2.817193247944114e-10,0.4127329863979667,0.01254011081193627,-0.4125424386433577,0.0004365002247389777,1.326223337619044e-05,-0.0004362987042876171
612350.3917247733,-8.061769180952096,-97.70655026076101,-124.801210524783,-922.2555740971931,-0.0001440905079653481,0.001064799560731419,-0.0002397018690527667,2.81818074222711e-10,0.4120590868470548,0.01207096433687786,-0.4118822439401904,0.0004368327210376534,1.279668951648195e-05,-0.0004366452460597493
613762.0051647943,-8.119011670522587,-97.77006420278938,-125.4146964092756,-919.1208344169168,-0.0001457442813868195,0.001068109315375579,-0.0002383376990840661,2.821288645024899e-10,0.4108643141218027,0.01173301166791914,-0.4106967507248868,0.0004369590058896896,1.247819520530614e-05,-0.0004367808002562888
615176.872709868,-8.15015657960415,-97.77750281754341,-125.2256378234812,-916.84668261071,-0.0001462422079258492,0.001070720704840672,-0.0002372011824048532,2.821781707033985e-10,0.409799709578924,0.01180167711765059,-0.4096297381638462,0.0004368731386515802,1.258135524068149e-05,-0.0004366919380702952
616595.0018614822,-8.198584527271722,-97.80040272438772,-125.1691347850965,-913.709204006982,-0.0001471657280519867,0.001074279857141741,-0.0002358457916902496,2.824958888660263e-10,0.4085492915564632,0.01175456101272593,-0.4083801585859505,0.0004369847098958669,1.257268961238528e-05,-0.0004368038051101267
618016.4001384157,-8.255950910440392,-97.89828661521591,-126.3974913132683,-911.0977589153973,-0.0001493926942306483,0.001076851664520251,-0.0002346308478850348,2.826540113717121e-10,0.4076403967126233,0.01118438520387702,-0.4074869354465688,0.0004371321192669731,1.199354638621747e-05,-0.0004369675554774254
619441.0750767814,-8.294226851812077,-97.92288322985497,-126.4546220736535,-908.643557852396,-0.0001502507522379393,0.001079631379578687,-0.0002334606463139209,2.827656037631546e-10,0.4065633796226046,0.01113240882041491,-0.4064109387356709,0.0004371013496635742,1.196859128071723e-05,-0.0004369374585686987
620869.0342300634,-8.361159625276128,-97.98929661648582,-127.0188383862021,-905.0126834899892,-0.0001520852670861874,0.001083611670785943,-0.0002319929553531568,2.832470959627637e-10,0.4053439894037923,0.01078126222823336,-0.4052005850570157,0.0004374404118315675,1.16349567588738e-05,-0.0004372856522738775
622300.2851691595,-8.408308534261279,-98.03311617659712,-127.3423591942256,-902.3035631149122,-0.0001533565725186742,0.001086631209648304,-0.0002307665216642668,2.834441247160544e-10,0.4041786760257173,0.01059307542205516,-0.4040398357922204,0.0004374177777738441,1.146423546256376e-05,-0.0004372675195093582
623734.8354824191,-8.449937708073612,-98.04025102978186,-127.0495890749731,-899.4196697278155,-0.0001539813339076558,0.001090077043899338,-0.0002294999063833699,2.836989644609791e-10,0.4029404670574965,0.01066214309949341,-0.402799377726728,0.0004374405839400701,1.157504516127307e-05,-0.0004372874144168158
625172.6927756859,-8.516514541166782,-98.11338008611685,-127.7270939923888,-895.9573865584497,-0.0001559446843912263,0.001093893139721563,-0.0002280906516203792,2.841402625120765e-10,0.4018317396165651,0.0102716963104053,-0.4017004346751218,0.0004378155332749967,1.11915206152459e-05,-0.0004376724700540214
626613.8646723352,-8.557444358180764,-98.15062822927517,-127.9793444571726,-893.5687531039803,-0.0001570599664399261,0.001096613511887794,-0.0002269593637595722,2.842445575426795e-10,0.4006785746629788,0.01013330983235743,-0.4005504165842269,0.0004376574617163524,1.106851960763121e-05,-0.0004375174758449037
628058.358813318,-8.606959982023305,-98.17270103777267,-127.8823978219006,-890.4474504364443,-0.0001580257124507201,0.001100335895727538,-0.0002256464089870663,2.845848895631546e-10,0.3994082300268987,0.0100987001779072,-0.3992805410584602,0.000437746857501697,1.106806003329723e-05,-0.0004376069118509331
629506.1828571975,-8.645847336620527,-98.17953901694467,-127.6051744206013,-887.7641749832582,-0.0001586323421674304,0.001103623822539869,-0.0002244490373504969,2.847885446342355e-10,0.3982073921125246,0.01017203999569519,-0.3980774506743429,0.0004377141432510065,1.118122330228498e-05,-0.0004375713101283344
630957.3444801933,-8.712472054129821,-98.25620889055344,-128.3314211921763,-884.4115030048466,-0.0001606848979154004,0.001107379399022844,-0.0002230871288874784,2.852106570254531e-10,0.3968792817722862,0.009758235833818114,-0.3967592987360186,0.0004377950726622255,1.07642493879857e-05,-0.000437662720119542
632411.8513762193,-8.751229300674956,-98.26301895023595,-128.0528743459399,-881.7543774381711,-0.0001612983476358642,0.001110678107210927,-0.0002219053413638775,2.854121829657667e-10,0.3959789260132462,0.009840069697296438,-0.3958566443486282,0.0004380821214892076,1.088633340161412e-05,-0.0004379468379992642
633869.711256927,-8.805674429516666,-98.31189617974479,-128.3844166935945,-878.7658409910359,-0.0001627773165883846,0.001114178411913077,-0.0002206445976677064,2.857241601095573e-10,0.3947084202084759,0.009622751653273264,-0.3945911043524551,0.0004380785243101294,1.068008846084983e-05,-0.0004379483179237124
635330.9318517436,-8.856415294345748,-98.29768236754612,-127.6284317224468,-875.1089087199418,-0.0001631858816200095,0.001118915408234011,-0.0002192210414824158,2.862582596584085e-10,0.3931616086842896,0.009833146761650572,-0.3930386237610527,0.0004381723414339331,1.095888521423708e-05,-0.0004380352766987568
636795.5209079159,-8.904918586252483,-98.35118309029991,-128.0897482570233,-872.5657776835208,-0.0001646867679009198,0.001121869936220851,-0.0002180812397881768,2.864322772557619e-10,0.3920785460934001,0.009590574067396704,-0.3919612317510142,0.0004381500814200824,1.07175229309644e-05,-0.0004380189819524367
638263.4861905486,-8.949464743757167,-98.37829787742332,-128.1174910273455,-869.8897885435358,-0.000165714383232921,0.001125164477021642,-0.0002169123924324491,2.866526089698419e-10,0.3911610797082981,0.00953356042320235,-0.3910448842578287,0.0004384099646024034,1.068513230096381e-05,-0.0004382797337436349
639734.8354826482,-8.981593624291737,-98.36008154306411,-127.4553503623399,-867.3067838230705,-0.0001658568668406343,0.001128621006066653,-0.0002157709009521642,2.868450688372601e-10,0.3899306322328169,0.009777844574806904,-0.3898080190413676,0.000438323795957685,1.099134460345411e-05,-0.0004381859655974418
641209.5765851615,-9.030044655324279,-98.38607391590658,-127.4288143688148,-864.3999923975048,-0.0001669171684511477,0.001132265099183839,-0.0002145531455274327,2.871477232985724e-10,0.3887014869225651,0.009720931459138276,-0.3885799138238874,0.0004383528843127845,1.096264996837802e-05,-0.000438215781882634
642687.7173170197,-9.063012625560985,-98.40951709419963,-127.4907709734121,-862.3745849619477,-0.0001677634153620947,0.001134787283738812,-0.0002135581158552211,2.871601573949187e-10,0.3878917329410169,0.009692221624225561,-0.387770624627462,0.0004384111736325735,1.095454709788793e-05,-0.0004382742920406931
644169.2655151772,-9.114659862716485,-98.41842036353098,-127.1362801334886,-859.0540261520219,-0.0001685850232354002,0.001139121286286204,-0.0002122465351335011,2.876071337831709e-10,0.386590680594102,0.009749680634605526,-0.3864677192854977,0.0004385899553642688,1.106108400692977e-05,-0.0004384504548600936
645654.2290346556,-9.179393272899347,-98.50009534852954,-127.9352730692561,-856.0251557042945,-0.0001707747054124879,0.001142667227606129,-0.000211011759568348,2.879609544184346e-10,0.3853891047981085,0.009320055743077217,-0.3852763925521954,0.0004386510775657559,1.060811643031637e-05,-0.0004385227881369447
647142.6157485831,-9.199737282290956,-98.44928965300474,-126.8126349988404,-853.6910287008183,-0.0001702480515723951,0.00114609426956925,-0.0002099524027385733,2.88084182823742e-10,0.3842903932376136,0.009783918970069172,-0.3841658252165421,0.0004386245577036245,1.116725061664813e-05,-0.0004384823772221241
648634.4335482385,-9.260860648845121,-98.50549786754995,-127.1960834459431,-850.530573888106,-0.0001719839559377861,0.001150016641868366,-0.0002086940471917014,2.884896268128942e-10,0.3830713171664335,0.009526826404336766,-0.3829528347124329,0.000438763671677413,1.091187239890379e-05,-0.0004386279637968773
650129.6903430906,-9.301271747337363,-98.50364687503625,-126.7518614550459,-847.7473919589594,-0.0001725121437581669,0.001153803330960179,-0.0002075327275890574,2.887710614812669e-10,0.3818910133553011,0.009659294616524896,-0.3817688359584238,0.000438819808964131,1.109921330986689e-05,-0.0004386794184860039
651628.3940608427,-9.337200079933343,-98.50851580261427,-126.4629941469847,-845.3241825373901,-0.0001731027969459532,0.001157081415874121,-0.00020646356633959,2.889327947913931e-10,0.380804849925168,0.009748857011430677,-0.380680040865686,0.0004387902462641813,1.123332165984906e-05,-0.0004386464324499486
653130.5526474724,-9.360068862311547,-98.46182708981107,-125.4007414286823,-842.9171718596434,-0.0001726724716405523,0.001160667710533793,-0.0002054021726203227,2.890914385990156e-10,0.3796618313321698,0.01017812075771627,-0.3795253773179579,0.0004387453695132171,1.176205502967027e-05,-0.0004385876803226105
654636.174067275,-9.404684890219279,-98.43222568640775,-124.4512488418337,-839.5146119096152,-0.0001727834677233606,0.001165550745372796,-0.000204102531415501,2.895955420179945e-10,0.3773081442325389,0.01045853107934529,-0.3771631673849725,0.0004377957496055374,1.213517525037276e-05,-0.0004376275310058967
656145.2663029054,-9.445528466640919,-98.47577870300123,-124.7853164414685,-837.3794360691084,-0.0001740925610141018,0.001168258691992782,-0.0002031151992375689,2.896662120559119e-10,0.3761707100313111,0.01028968728669733,-0.3760299528242434,0.0004375089028247826,1.196751813781129e-05,-0.0004373451938235588
657657.8373554206,-9.466835052288983,-98.41343996788763,-123.479715062451,-834.8478591972265,-0.0001733734368713512,0.001172179920730375,-0.0002020353989168956,2.898763563888184e-10,0.374997664275736,0.01081381737832259,-0.3748417126814542,0.0004375071003728057,1.261640360957602e-05,-0.0004373251527600265
659173.8952443212,-9.481779301058662,-98.39942571575695,-123.0525805226825,-833.3682437421525,-0.0001734002995321027,0.001174345978537155,-0.0002012134830646082,2.89723140656694e-10,0.3744328877824699,0.01103754386921682,-0.3742701699019771,0.0004376087554977838,1.289984398797328e-05,-0.0004374185831825222
660693.4480075961,-9.531848881050319,-98.44539896596022,-123.3484201340295,-830.7583943999841,-0.0001748694454587628,0.001177755333883348,-0.0002001220163187144,2.899648754496743e-10,0.3734169533880312,0.01085648511138713,-0.3732591027806627,0.0004377094316893788,1.272568340867883e-05,-0.0004375244034012515
662216.5037017618,-9.555996616586901,-98.42456857843483,-122.7298258146432,-828.665809082857,-0.0001748911862478633,0.00118085677537281,-0.000199158823359948,2.900285233997928e-10,0.3725125237871587,0.01111390633307809,-0.3723466952509422,0.0004377443936123103,1.306009832629684e-05,-0.0004375495263061276
663743.0704019089,-9.585380752083747,-98.46374075261284,-123.0812212313276,-827.1360416090675,-0.0001760055626843978,0.001182800617052174,-0.000198333957071423,2.898966431378507e-10,0.3718643931028298,0.01098884957799526,-0.3717019935952565,0.0004377152487307633,1.293478782994708e-05,-0.0004375240910341147
665273.1562017413,-9.629596413309372,-98.48814782144949,-123.0580764226873,-824.5675797936422,-0.0001770479735954636,0.001186334317412306,-0.0001972633421536744,2.901308272779387e-10,0.3708998733172161,0.01095076035265484,-0.3707381783340173,0.0004378806138028011,1.292835616777576e-05,-0.000437689718352073
666806.7692136222,-9.662159894494058,-98.49384655354686,-122.8169031063141,-822.3912613001622,-0.0001776321694316649,0.001189438425588185,-0.0001962902004517105,2.902295608939389e-10,0.3699812483075715,0.01103514849600622,-0.3698166432124168,0.0004379139284915387,1.306132473329104e-05,-0.0004377191000665883
668343.9175686146,-9.705067910922807,-98.45642601563786,-121.7679616403043,-819.0288448037592,-0.0001775986347940452,0.001194553992155732,-0.0001950380421798043,2.90750810803045e-10,0.3684340119027174,0.01137750689381866,-0.3682582972094625,0.0004378837893843335,1.352216590070725e-05,-0.000437674952487502
669884.6094165265,-9.727689813142824,-98.43034400869193,-121.0806232563786,-816.9622454230235,-0.0001775147104609498,0.0011977376111347,-0.0001940984728575562,2.908158983300662e-10,0.3674403529250579,0.01166190931410072,-0.3672552420712886,0.0004378052558598466,1.38951673392158e-05,-0.0004375846962396205
671428.8529259522,-9.724952019593085,-98.26887928225243,-118.3535048266928,-814.3801871076879,-0.0001747630655212381,0.001202529474789158,-0.0001930400097783485,2.910669750061347e-10,0.366114059123012,0.01279866234411019,-0.3658902820925007,0.0004377571152893241,1.530316951154641e-05,-0.0004374895484343957
672976.656284318,-9.697633095828976,-98.14931535549259,-116.5305206129813,-813.7644099309689,-0.0001724355153723449,0.001204164236802415,-0.0001924504024669409,2.906172839464301e-10,0.3658355459331619,0.0136997155211189,-0.3655789442279943,0.0004378547728609968,1.639667302546843e-05,-0.0004375476559540126
674528.0276979218,-9.619800371368957,-97.99909960839484,-114.6043469140683,-815.5452925705804,-0.00016897108359566,0.001202428839024031,-0.0001924279782278553,2.893157297621087e-10,0.3663220988031443,0.01482598572616188,-0.366021953192412,0.0004376101893609367,1.771119580905982e-05,-0.0004372516339312273
676082.9753919819,-9.637668669149864,-98.16584911362325,-117.1587859396307,-816.4726326860296,-0.0001722027511146543,0.001200070762348172,-0.0001922037088951909,2.883224763715758e-10,0.3670218686360862,0.01393594902176139,-0.3667571967691804,0.0004377347799625281,1.662094305518977e-05,-0.0004374191146266919
677641.5076106749,-9.712010193090672,-98.38722294327856,-120.1668102178748,-815.0256662218983,-0.000177052583989435,0.001200850717104522,-0.0001914218094215468,2.881700528679041e-10,0.3669665216485842,0.01266621950002166,-0.3667478628355427,0.000438166847190756,1.512377052603533e-05,-0.00043790576331234
679203.6326171847,-9.776399735568214,-98.52078402631385,-121.7912662509902,-812.9071108975736,-0.0001802576347886222,0.001203146314377509,-0.0001904851192791264,2.882565663368769e-10,0.3667555642763058,0.01195402194300841,-0.3665606979574018,0.0004388713490214373,1.430456207723008e-05,-0.0004386381657991868
680769.3586937415,-9.870152603316381,-98.73883793342719,-124.5695606845778,-810.391438102993,-0.0001853019208918225,0.001205487836109567,-0.0001894588843730031,2.884863624322833e-10,0.3688386556073689,0.01076960350815399,-0.3686813929540362,0.0004424453063887178,1.29188208757667e-05,-0.0004422566598849431
682338.6941416697,-9.930094713050464,-98.79955493019953,-125.0051087711487,-807.5253685601942,-0.0001872108876342563,0.001209370901089331,-0.0001883546326507689,2.88844403293073e-10,0.3677320147595189,0.0104983698185578,-0.3675821253954657,0.0004425777170814011,1.263513743945331e-05,-0.0004423973202437724
683911.6472814293,-10.02603456388384,-98.92569947587005,-126.2173891589389,-803.6488702624463,-0.0001907234180981521,0.001214370385162709,-0.0001870193185346541,2.895701513459862e-10,0.3664027993347947,0.009804434629446785,-0.3662715992565773,0.0004429194477783229,1.185191483181131e-05,-0.0004427608489185488
685488.2264526617,-10.06386836696272,-98.96337631385552,-126.4497192135282,-801.6883674022804,-0.0001919704193185272,0.001217088128073409,-0.0001861340013841298,2.896106642136966e-10,0.3656286738337828,0.009693773205029579,-0.3655001475929937,0.0004429849727375635,1.174469117514104e-05,-0.0004428292541155117
687068.4400142321,-10.12708802287663,-99.05723573570945,-127.3937008891124,-799.1644718672327,-0.0001945259749445416,0.001220297761553604,-0.0001851212610470936,2.898571136444222e-10,0.3647315115858352,0.009223056942131297,-0.3646148800643364,0.0004431445978280082,1.12059082627516e-05,-0.0004430028918688386
688652.2963442762,-10.1882993876933,-99.06211847121375,-126.8792458551819,-795.5011120323719,-0.000195523600786166,0.001225884034899598,-0.0001838488521524611,2.905222109241407e-10,0.3630180264387339,0.009298775175988852,-0.3628989119571726,0.0004430538524454225,1.134890794587311e-05,-0.0004429084763866755
690239.8038402419,-10.24013906624,-99.10150900412569,-127.014120312871,-792.8419385921271,-0.0001970033003256975,0.001229725310497192,-0.0001828128614366375,2.908261920572751e-10,0.3619732941087812,0.009173104132629633,-0.3618570433313881,0.000443177633177928,1.123097931410307e-05,-0.0004430353029419171
691830.9709189367,-10.29969440725185,-99.14648246669945,-127.1729221910904,-789.86329874418,-0.0001986900004222768,0.001234051529658229,-0.0001817071707487009,2.912515176000579e-10,0.3608526949854788,0.009011272089782916,-0.3607401619637144,0.000443381499025155,1.107219478422427e-05,-0.0004432432291422551
693425.8060165691,-10.37070654976174,-99.23159337601072,-127.8894994405159,-786.8642188075648,-0.0002012388374564423,0.001238159827989293,-0.0001806009076656346,2.916891901015776e-10,0.359957113572819,0.008604037799080385,-0.3598542679269309,0.0004438256319135036,1.060874301185884e-05,-0.00044369882365759
695024.317588797,-10.41369804185268,-99.23983573811107,-127.5828364184449,-784.264907762997,-0.000202079787315007,0.001242205379723457,-0.0001795903159144403,2.919828537224436e-10,0.359067879477218,0.00868077027794679,-0.3589629316512326,0.0004441514766069665,1.073773834253688e-05,-0.0004440216606737062
696626.5141107687,-10.44834940574271,-99.23899038627448,-127.1993669988715,-781.980480305643,-0.0002026522353053293,0.001245840258784303,-0.0001786553573845571,2.921623299153463e-10,0.3578762156359133,0.008806688985430732,-0.3577678408507346,0.0004439368842216439,1.092448700887866e-05,-0.0004438024478932198
698232.4040771715,-10.51088716167845,-99.30202668408216,-127.6191889784699,-779.1511220683612,-0.0002047268809478288,0.001249915316692441,-0.0001775995381604644,2.925488742167054e-10,0.3568216160759743,0.008537610558043904,-0.3567194624702011,0.0004441212415235031,1.06264139554687e-05,-0.0004439940951170689
699841.9960022735,-10.53609228533838,-99.24940855706106,-126.4749875769658,-776.6360780884979,-0.0002042688248119843,0.001254339233527774,-0.0001766191104811694,2.928212364418043e-10,0.3554175057073241,0.008979377119384924,-0.3553040587296514,0.0004438376138845374,1.121324991267893e-05,-0.0004436959437780736
701455.2984199714,-10.57621502103401,-99.22637018123662,-125.6886738368282,-773.7686829471094,-0.0002045329203516697,0.00125915218586279,-0.0001755623073603286,2.932303935679434e-10,0.3542246451504915,0.009240500204875364,-0.3541040982365995,0.0004439809628251728,1.158193320005667e-05,-0.0004438298707551318
703072.3198838334,-10.64416248857946,-99.3142233594189,-126.4595408892097,-771.0421432425212,-0.0002071416129886672,0.001262972426678505,-0.0001745413166735,2.935905114349826e-10,0.3534122563629617,0.008826440310432813,-0.3533020193814438,0.0004443823856857471,1.109841136419073e-05,-0.0004442437731391936
704693.068967147,-10.65619318389983,-99.23969856908381,-125.0826694722154,-768.9077377007104,-0.0002061129149600493,0.001267016572491955,-0.0001736578272524201,2.937283734247753e-10,0.3523135883725423,0.009405810315935625,-0.3521880112727261,0.0004442893879337484,1.18613128934134e-05,-0.0004441310273860512
706317.554262962,-10.68134916101501,-99.19171514843309,-124.0280784295556,-766.4747065161521,-0.0002057306066599915,0.001271383934652094,-0.0001727101890087517,2.939830584927205e-10,0.3512041906622731,0.009818755603180724,-0.3510669103990681,0.0004443208113224327,1.242205409780319e-05,-0.0004441471332185046
707945.7843841381,-10.71321209572094,-99.24142665082373,-124.4841284099695,-765.0827844057673,-0.0002071807439081115,0.001273338396220651,-0.0001720000453405016,2.938405321774553e-10,0.3507586936429871,0.009650767618831118,-0.3506259029942058,0.0004444659717775056,1.222902777847775e-05,-0.0004442977053144835
709577.7679633888,-10.74618914203987,-99.22769154892424,-123.9150955327299,-762.7389741089788,-0.0002075192825836693,0.001277350786239693,-0.000171078750630401,2.940655796105052e-10,0.3497125061661089,0.009854336499382377,-0.349573638910513,0.0004444831976703244,1.252482230671037e-05,-0.0004443066979434611
711213.5136533292,-10.76504205381635,-99.17360543126154,-122.8226611967973,-760.5498067808588,-0.0002069388873850841,0.001281419318573401,-0.0001701953898414835,2.942337394503809e-10,0.3484757768399793,0.01029664439069812,-0.348323622739714,0.0004442178431601315,1.31255985839244e-05,-0.0004440238854427235
712853.0301265195,-10.79695499661819,-99.17875366330281,-122.5669538289999,-758.5333417483587,-0.0002076014403426394,0.00128478851252658,-0.0001693537457753931,2.943374048706705e-10,0.3474048496883366,0.01038199584472117,-0.3472496850239838,0.0004439870890062917,1.326830099610991e-05,-0.0004437887869166563
714496.3260755135,-10.82831326326131,-99.1695747376617,-122.0891909747566,-756.3460358938044,-0.0002080007681703897,0.001288570717952159,-0.0001684770178758579,2.945096954371541e-10,0.345377714216023,0.01052436643003375,-0.3452173274740584,0.0004426478632108194,1.348838711981375e-05,-0.0004424423060897435
716143.410212902,-10.84722772122567,-99.15323466554052,-121.6014552694424,-754.6925302100806,-0.0002080977630583013,0.00129151272890229,-0.0001677220581583729,2.944761186086169e-10,0.3434351055810442,0.01071019418768695,-0.3432680635974238,0.0004411063061093359,1.375611904278496e-05,-0.0004408917582335871
717794.2912713619,-10.84864378883682,-99.05846502103944,-120.0227401765763,-752.821160478506,-0.0002065279879919218,0.001295409847855755,-0.0001669213734510395,2.945291701815508e-10,0.3421737673245627,0.011383427224232,-0.3419843631362618,0.0004406589154983185,1.465982835126596e-05,-0.0004404149966121336
719448.9780036994,-10.87929765164715,-99.13320316589105,-120.8751458836294,-751.8585032127966,-0.0002084406397153549,0.001296526810697561,-0.000166324507992247,2.942280109567116e-10,0.3416869788250278,0.01106876190704282,-0.3415076485357542,0.000440466642572124,1.426867483036863e-05,-0.0004402354689678518
721107.4791828997,-10.88192740296217,-99.08945164403301,-120.0921202991643,-750.6450575222566,-0.0002078113402476631,0.001298940805320012,-0.000165674153799569,2.940258419271821e-10,0.3411368250383903,0.0114583637193053,-0.3409443346033916,0.0004404853306374713,1.479535705620348e-05,-0.0004402367816486735
722769.8036021702,-10.92173467695284,-99.17922405119423,-121.1029148435293,-749.4337333451657,-0.0002101325297826191,0.001300384937024221,-0.0001650263785056368,2.938237478665718e-10,0.3408625750415805,0.0110626379446108,-0.3406830097109094,0.0004406944340307725,1.430266425492119e-05,-0.0004404622775912983
724435.9600749902,-10.95448772191103,-99.20862710989695,-121.2216752495266,-747.7318404199832,-0.0002112620814498993,0.001303128212411885,-0.000164272931036888,2.938151984465748e-10,0.3401487064000897,0.01101227837179303,-0.3399703989919072,0.0004406985414609483,1.426756864070748e-05,-0.0004404675253987402
726105.9574351547,-10.97865684060353,-99.26606059064667,-121.8486343296113,-746.8590463822491,-0.0002127819550520666,0.001304225762659346,-0.0001637038063212,2.934820107076165e-10,0.3412125578325364,0.01085291638792011,-0.3410399153009788,0.0004424837388636597,1.407403951192929e-05,-0.0004422598563860166
727779.8045368242,-11.05935278772086,-99.42665464304802,-123.625888790642,-744.6134971448358,-0.0002169893110211551,0.001306952542894407,-0.000162836228794457,2.936900461481367e-10,0.3417367248216299,0.01006078896980161,-0.3415885970244316,0.0004442570018379273,1.30790038623477e-05,-0.0004440644360225133
729457.5102545688,-11.13817824981406,-99.55262592955506,-124.8686408346164,-741.9982652806792,-0.0002205561178827009,0.001310595324591993,-0.0001618911177483376,2.940473309558901e-10,0.3409881865821758,0.009437959589868837,-0.3408575484089809,0.0004446447095688239,1.230699175482488e-05,-0.0004444743588796663
731139.0834834176,-11.1813178221568,-99.55425913887252,-124.4555485426096,-739.4147840321829,-0.0002213631576416522,0.00131516186555753,-0.000160956404236072,2.943960657856925e-10,0.3400467695848187,0.009550725383236801,-0.3399126198741741,0.0004449259365516649,1.249641465811503e-05,-0.0004447504116210221
732824.533138904,-11.23767757850927,-99.61465424157892,-124.8506822388691,-737.015131923935,-0.0002234348155325036,0.001318974290673287,-0.000160065057970686,2.946752950391048e-10,0.3389542581343012,0.009311239722437878,-0.338826341836354,0.0004448227787552677,1.221949991066391e-05,-0.0004446549092515353
734513.8681571151,-11.3014512691227,-99.67916866085159,-125.2451741217523,-734.3218890211742,-0.0002257015512336822,0.001323305194145136,-0.0001591133449277488,2.950758437140688e-10,0.3379296403167755,0.009050948118398114,-0.3378084104085974,0.0004449808110891507,1.191815619096104e-05,-0.0004448211773179941
736207.0974947361,-11.34661869909374,-99.71231346402557,-125.3034614386313,-732.1080496204917,-0.000227129395891271,0.001327044417834202,-0.000158268801497531,2.952874229488376e-10,0.3370305084824953,0.008980110797802374,-0.3369108506089238,0.0004450560164678035,1.185842895085271e-05,-0.0004448980056788379
737904.2301291011,-11.40909581350966,-99.7930042335278,-125.9545855055101,-729.730485015117,-0.000229688575295633,0.001330723726970473,-0.0001573919881102764,2.955681559569217e-10,0.3362382449627876,0.008633743413679671,-0.3361273803936869,0.0004453096081501527,1.143441876113813e-05,-0.0004451627805403743
739605.2750582378,-11.43943853905216,-99.78366963234048,-125.4737581634093,-727.6520297439868,-0.0002301336996514372,0.001334599808876174,-0.0001565827358052406,2.957306831494845e-10,0.3352303158863529,0.008810441747651079,-0.3351145189416227,0.0004452161933761702,1.170106386852404e-05,-0.0004450624045554872
741310.2413009177,-11.49951194982703,-99.83404057738383,-125.6699539598602,-724.9831269840527,-0.0002321231424457357,0.001339105779488274,-0.0001556496078015109,2.961367000430567e-10,0.3342067504779022,0.00863767042904931,-0.3340951102823235,0.0004453836898744301,1.151107068336611e-05,-0.0004452349115443274
743019.1378967013,-11.57319634943685,-99.96498942220214,-126.9955424745296,-722.8099637615866,-0.0002357960648113308,0.001342060845132305,-0.000154826131362344,2.96343906141926e-10,0.333623787982912,0.008008251742535688,-0.3335276597406806,0.0004457260986596693,1.069913757608842e-05,-0.0004455976699686581
744731.9739059892,-11.6130372772116,-99.96941137298974,-126.6447795827853,-720.4872965622732,-0.000236656911608062,0.001346350785393497,-0.000153973669320766,2.966154739929083e-10,0.3326073224879929,0.008105960503404066,-0.3325085327881812,0.0004457547926910547,1.086347322941814e-05,-0.0004456223963811052
746448.7584100665,-11.66061908716338,-99.99492060488777,-126.5544968802404,-718.0984760790119,-0.0002380269125758393,0.001350617855549234,-0.0001531102045613512,2.969177265394357e-10,0.3316337177076046,0.008082276868848713,-0.3315352161101177,0.0004458535832120238,1.086594007206772e-05,-0.0004457211561159636
748169.5005111545,-11.72878523053563,-100.0436449205731,-126.6477290842033,-715.0693288675525,-0.0002401524922960966,0.001355931786016203,-0.0001521136831492349,2.974897325126823e-10,0.3304302587142052,0.007919459288411854,-0.3303353417945403,0.000446010312097994,1.068957946713638e-05,-0.0004458821945184241
749894.2093324559,-11.77045432393671,-100.0622621831119,-126.4990371055314,-712.880832337814,-0.0002413177693087858,0.001359937721100878,-0.0001512993524820345,2.977166982478268e-10,0.3294718531228339,0.007936776788222353,-0.3293762431846113,0.0004460158922712132,1.074425189103085e-05,-0.0004458864622409931
751622.8940182052,-11.81260506369747,-100.0666838357266,-126.1287491385408,-710.4753666167866,-0.0002422367883188276,0.001364504699874986,-0.0001504420201167386,2.980376338563135e-10,0.3283846638556296,0.008032390043630645,-0.3282864117897082,0.0004460026114254586,1.090936127584237e-05,-0.0004458691682936618
753355.5637337174,-11.86652731956249,-100.1069574497766,-126.207876002798,-708.0289776919863,-0.000244005628920289,0.001368876978736987,-0.0001495791855488456,2.98379580549285e-10,0.3274011508268453,0.007925276807231539,-0.3273052146701477,0.0004461067612308167,1.079873897633799e-05,-0.0004459760415676719
755092.2276654337,-11.93953022264421,-100.1449997350683,-126.0922815504657,-704.6719733304504,-0.0002460520343087653,0.001375072053787332,-0.000148527588690204,2.991115152089336e-10,0.3260490680271684,0.007822838413213894,-0.3259552085188175,0.0004462870727150085,1.070768788538552e-05,-0.0004461586003795965
756832.8950209745,-11.97222136641108,-100.1252993957475,-125.434648294111,-702.3895615050188,-0.0002463923732329798,0.001379709939374213,-0.0001477060146633486,2.993933039322817e-10,0.3249382449738641,0.008054400705165728,-0.3248384054818265,0.0004461982338290317,1.106013042412204e-05,-0.0004460611363783542
758577.5750291835,-12.00798202692641,-100.1463304324721,-125.3699450335667,-700.5413276843442,-0.0002475339418859323,0.001383168479887918,-0.0001469785277225381,2.994927892391086e-10,0.3242340441955396,0.008064481215456651,-0.3241337371489131,0.0004463353356681251,1.110143427171813e-05,-0.0004461972546117789
760326.2769401819,-12.05637102804253,-100.1640130562412,-125.1494648543383,-698.0668866922707,-0.0002488259958410748,0.001387917946329611,-0.000146122525283426,2.998631468002578e-10,0.3231829421072233,0.008084975039233444,-0.3230817965279006,0.0004463992715679977,1.116744263984651e-05,-0.0004462595633499911
762079.0100254118,-12.09955071887202,-100.1295138861961,-124.1866910382034,-695.106000180199,-0.0002490734349875491,0.001394130383038208,-0.0001451680920825067,3.00447845651529e-10,0.3220341032379702,0.008396209542296531,-0.3219246298648264,0.0004467136347913085,1.164690709895758e-05,-0.0004465617774322952
763835.7835776907,-12.11602672875761,-100.0672426688111,-123.0310265769558,-692.9868157126308,-0.0002483632076896238,0.001398935156648075,-0.0001443926555804773,3.006735044989846e-10,0.3210148192958946,0.008864374083993576,-0.3208924073263107,0.0004467060857285489,1.233516215288632e-05,-0.0004465357441477487
765596.6069112562,-12.13073503322673,-100.0061397230805,-121.9124397160761,-690.966820925537,-0.0002476396239216752,0.001403554584543286,-0.0001436406379940225,3.008589516504679e-10,0.3201457147516692,0.009327537391705866,-0.3200098056623632,0.0004468413619844185,1.301885147925039e-05,-0.0004466516677302922
767361.4893618189,-12.12816369866223,-99.93896003819262,-120.8474699271546,-689.6556292087296,-0.0002465122839489598,0.001406803008759554,-0.0001430383254064587,3.007376807781431e-10,0.3194182114839815,0.009826544410010704,-0.31926702437393,0.0004467234465811168,1.374294773747592e-05,-0.0004465120033244312
769130.4402866095,-12.1334958296582,-99.89089182564537,-120.0061588749559,-688.2502517085667,-0.0002458689721619812,0.001410089145125739,-0.0001424185338482262,3.006586843782571e-10,0.3189315308596884,0.01022493769990496,-0.318767583084506,0.0004469767138027327,1.433006338263829e-05,-0.0004467469439910469
770903.4690644301,-12.15001814173367,-99.90011440690903,-119.9254276172951,-687.1336161477632,-0.0002464889431551068,0.001412301312704955,-0.0001418604481145297,3.004546542357515e-10,0.3180855331570683,0.01029248849844567,-0.3179189693684945,0.0004464603931605132,1.444639250332408e-05,-0.0004462266065629435
772680.5850957021,-12.19124948704383,-99.9540919507882,-120.3082813867586,-685.5136054504775,-0.0002483640376021341,0.001415172130449997,-0.0001412004921162573,3.004720312741048e-10,0.3175744339357146,0.01012284372301574,-0.3174130575835672,0.0004466799625941209,1.423814694245225e-05,-0.0004464529809002627
774461.7978025188,-12.23505428899724,-99.98976807497029,-120.3981423748657,-683.5255591060278,-0.0002499427379726907,0.001418977455527086,-0.0001404671886593371,3.006528830902765e-10,0.3167712270227128,0.01004595939176164,-0.3166118901263408,0.0004467542196451572,1.416818942438737e-05,-0.0004465295009058059
776247.1166286917,-12.27937729128702,-100.0801772812362,-121.2899384906954,-682.2849748493834,-0.0002525694871078959,0.001420763900975611,-0.0001398897645072363,3.005068140818164e-10,0.3165057428309741,0.009684405540811607,-0.3163575469849073,0.0004470233972169642,1.367796939846468e-05,-0.0004468140897650056
778036.5510398041,-12.30623071453396,-100.053236429193,-120.5893197098778,-680.1996732218861,-0.0002526947585616065,0.001425357507713087,-0.0001391414582490697,3.007348184264262e-10,0.3155115557024032,0.009948168220799006,-0.3153546824304364,0.0004469793142280137,1.409338367736935e-05,-0.0004467570748004645
779830.1105232586,-12.36868443167127,-100.0659385741974,-120.1884487213023,-677.0651966617285,-0.0002541720639819731,0.001431843578286992,-0.00013818172880231,3.014321987215983e-10,0.3139658042774241,0.009975348317157847,-0.3138072954561782,0.0004467875059478265,1.419537075332466e-05,-0.000446561940743112
781627.8045883297,-12.38821159330342,-99.99676369043098,-118.9333734010691,-674.7275371452282,-0.0002533718920899682,0.001437418176605374,-0.0001373879257448397,3.017808633060111e-10,0.3124372091222661,0.01044887588562732,-0.3122624387223629,0.0004462042538372913,1.492246356022305e-05,-0.0004459546571388034
783429.6427662116,-12.31250031956305,-99.76700749952374,-116.0975529489963,-674.4483955795445,-0.0002478813976400077,0.00144002355506808,-0.0001370152342434598,3.012114007656445e-10,0.3120672410368883,0.01183229404030894,-0.3118428446286992,0.0004461280361607627,1.691532275525116e-05,-0.000445807241422506
785235.6346100719,-12.24378366584269,-99.68384402619721,-115.3403498761957,-675.9163679699208,-0.0002453181817368717,0.001437611161874866,-0.0001369976429209718,2.998659597419009e-10,0.3125578948878825,0.01244994115605429,-0.312309840738257,0.0004459259160815458,1.776231381762509e-05,-0.0004455720175695619
787045.7896950984,-12.26685868028074,-99.84415512916244,-117.4064256819951,-676.6015016818925,-0.0002489672041310554,0.001434773124265611,-0.0001368211035571253,2.988733381552192e-10,0.3128984412328802,0.01173486804418879,-0.3126783129639017,0.000445700842693509,1.671545743591409e-05,-0.0004453872861459027
788860.1176185545,-12.35571836011306,-100.0809229847844,-120.0715894474948,-675.3804605167752,-0.0002551696321589448,0.001435281938636817,-0.0001362600749590705,2.987250481255656e-10,0.3134652726600168,0.01060836729036746,-0.3132857157727612,0.0004469463963022613,1.51256676404566e-05,-0.0004466903797329964
790678.6279998249,-12.45367459883266,-100.2204805702531,-121.2372890916364,-672.4293104043429,-0.0002596867968289982,0.001440324301385936,-0.0001353526513059479,2.993460253643379e-10,0.3123841151277096,0.009957892044451676,-0.3122253605493204,0.0004471198412199793,1.425287296692631e-05,-0.0004468926135267488
792501.3304804718,-12.5732344098374,-100.4472030674851,-123.496189417702,-669.7696138914787,-0.000266245872137694,0.001443958682633671,-0.0001345072123966683,2.99843536186615e-10,0.3115340434116638,0.008845107730000763,-0.3114084524762697,0.0004473059653768988,1.269995859426043e-05,-0.0004471256397406253
794328.2347242814,-12.63155269068316,-100.497259033518,-123.6601884684368,-667.3888498683095,-0.0002684181980816417,0.001448641755443829,-0.0001337208345084518,3.002210814738333e-10,0.3106191674473813,0.008694265991054313,-0.3104974668569473,0.0004474658962375488,1.252462156725659e-05,-0.0004472905790984981
796159.3504173188,-12.70871240914605,-100.5897448035832,-124.2878964805503,-664.7845528274711,-0.000271735254533489,0.001453443213601846,-0.0001328926773492877,3.007040048438871e-10,0.3096671563630569,0.008314204873447589,-0.3095555228505935,0.0004476621113426357,1.201920975894234e-05,-0.0004475007313161812
797994.6872679765,-12.79263582836423,-100.6974296085518,-125.0776309065944,-662.1174709333031,-0.0002754747165081742,0.001458267327885921,-0.0001320551002254378,3.012208877418406e-10,0.3086552661220774,0.007853221794126437,-0.3085553438401978,0.0004477928127193534,1.139334611161286e-05,-0.0004476478468478218
799834.2550070285,-12.81186344202887,-100.694128965377,-124.7758436369828,-660.7285925156414,-0.0002759725947276683,0.001461364465848071,-0.0001314750160832896,3.011598212313159e-10,0.3078516717766126,0.007996521773238426,-0.3077477984570894,0.0004475248762456072,1.162456710503301e-05,-0.0004473738752970122
801678.0633876791,-12.89156914886677,-100.7443405061713,-124.7569859412898,-657.468359249109,-0.0002785817804598023,0.00146812384680242,-0.0001305253867853582,3.019571199591125e-10,0.3065247555221964,0.007839212206383993,-0.306424497225541,0.000447685249927402,1.144931889716432e-05,-0.0004475388207735184
803526.1221856172,-12.95858105253919,-100.8051595084171,-124.9941010218426,-654.9216055385399,-0.0002811725839442449,0.001473237525649354,-0.0001297207495577358,3.024341395038177e-10,0.305541633368684,0.007635375620913848,-0.3054462158232294,0.0004478479689256558,1.119155980842907e-05,-0.0004477081105585306
805378.4411990665,-13.00029370450097,-100.818239859943,-124.7446263636526,-652.8051019974688,-0.0002824092959976027,0.001477885137443208,-0.0001290041470489594,3.027168472644029e-10,0.3046262797534375,0.007688380033027107,-0.3045292418289044,0.0004478879704232972,1.13041229785647e-05,-0.0004477452968525586
807235.0302488382,-13.0696621509098,-100.8960935161058,-125.2047180275698,-650.4177049140998,-0.0002853867746045063,0.001482536871415878,-0.0001282367451021724,3.031292025756187e-10,0.3037614933677345,0.007399222914141378,-0.3036713624187554,0.0004480923512168523,1.091492919664253e-05,-0.0004479593949675342
809095.8991783821,-13.13013288540597,-100.9294761906538,-125.0925823535492,-647.8015902589276,-0.0002873742328561429,0.00148818963955433,-0.0001274272003321181,3.036533815173423e-10,0.3027315658793374,0.007342911183989699,-0.30264249971724,0.0004482792690995904,1.087324623403859e-05,-0.000448147381584225
810961.0578538409,-13.1897736479902,-101.0122839555339,-125.6981258223471,-645.9214175326501,-0.0002902861840635689,0.001491685435035733,-0.0001267651331141639,3.038368510964691e-10,0.3020178081701579,0.007034294919215919,-0.3019358791977128,0.0004483513946842597,1.04425495859303e-05,-0.0004482297695083027
812830.5161640991,-13.24064775383664,-101.0351574902833,-125.5098519910865,-643.5835528785416,-0.0002919156147416825,0.001496871245529937,-0.0001260158196528451,3.042392170070466e-10,0.3011314047627687,0.00703841349545322,-0.3010491382978291,0.0004485771758072543,1.048469737137303e-05,-0.0004484546284477873
814704.2840208396,-13.28333538180181,-100.9958291052897,-124.4965683910665,-640.7283378700688,-0.0002922233784959516,0.001503943458122839,-0.0001251682164328315,3.04892119541919e-10,0.2996843242352098,0.007354789313251681,-0.2995940607997295,0.0004484232864509644,1.100510947117221e-05,-0.0004482882235760953
816582.3713585923,-13.34714310544102,-101.0573665856717,-124.7565632383538,-638.4036059713989,-0.0002948467841705502,0.001508788358203845,-0.0001244272386250427,3.05298591173957e-10,0.2988078476975691,0.007156873642164334,-0.2987221267421009,0.0004485982859882681,1.074456803476936e-05,-0.0004484695936731478
818464.7881347899,-13.40201004957643,-101.1410476271717,-125.4033533892748,-636.7711562837259,-0.0002977262806439979,0.001511789779602066,-0.0001238236251700624,3.053772983658729e-10,0.2982616697285081,0.006852767355671646,-0.2981829358108989,0.000448749665873733,1.031033274898262e-05,-0.0004486312067393353
820351.5443298181,-13.46096452946718,-101.1343844494781,-124.725472518119,-633.7177500500165,-0.0002989909819563728,0.001519143512109062,-0.0001229464528258197,3.061429480729982e-10,0.2968735023006699,0.006999487038646153,-0.2967909761927773,0.0004487753024328971,1.058092719053856e-05,-0.0004486505500425992
822242.6499470712,-13.51318323497666,-101.1782328890781,-124.8219746955848,-631.6564012817529,-0.0003010875701027489,0.001523641101381302,-0.0001222646850125083,3.064356085511961e-10,0.2959905943784825,0.006896180677982087,-0.2959102476302299,0.0004487846613260142,1.045607586453829e-05,-0.0004486628385759402
824138.1150130022,-13.53739539264487,-101.1411749962148,-123.9974773431994,-629.6250383937845,-0.0003011086812504958,0.001528946951624763,-0.0001215911936717236,3.067172073346189e-10,0.2949883250572268,0.007207348250448014,-0.2949002645832398,0.000448716665440875,1.096333989823075e-05,-0.0004485827136913035
826037.9495771788,-13.57292366035409,-101.1520192977903,-123.7611884762527,-627.7984558316159,-0.0003022637043179193,0.001533281064613768,-0.0001209596091344289,3.069021200397141e-10,0.2942450070367883,0.007277227304541421,-0.2941550035760698,0.0004488226553623486,1.110022057941431e-05,-0.000448685369796696
827942.1637123341,-13.6351171101824,-101.206348361329,-123.9226133122744,-625.4911876388962,-0.0003047806696334645,0.00153836025502483,-0.0001202378846449701,3.073257401397635e-10,0.2933521532739453,0.007120644216681612,-0.2932657195384413,0.0004489780923866149,1.089820961356291e-05,-0.0004488458047819346
829850.7675144225,-13.68298812393316,-101.2228344343299,-123.6649727283963,-623.2500164159146,-0.0003063033895184226,0.001543715963653557,-0.0001195315167229435,3.077214945239185e-10,0.2923654358453526,0.007155988103960338,-0.2922778471100725,0.0004490020749945162,1.098985418034784e-05,-0.0004488675600380092
831763.7711026708,-13.73840668788049,-101.2537343562575,-123.5487510092755,-620.9100115617027,-0.0003082603380770816,0.001549201659392618,-0.0001188088505276971,3.081707882140167e-10,0.2913824566774598,0.007118040925073831,-0.291295502115602,0.0004490812655490868,1.097038875748357e-05,-0.0004489472503954992
833681.1846196344,-13.78146663995855,-101.2277723689674,-122.7353908428237,-618.2859556307779,-0.0003088914475889974,0.001556056835337029,-0.0001180346490941029,3.087669088920905e-10,0.2901624660906739,0.007362582138899025,-0.2900690419746124,0.0004490896768293817,1.139520103318495e-05,-0.0004489450826416653
835603.0182312478,-13.8156042461966,-101.2605006993379,-122.8151052571425,-616.8423806187354,-0.0003104699521079033,0.001559344218838962,-0.000117488223285564,3.087776993612489e-10,0.2894928824626084,0.007323153049950011,-0.289400242615511,0.0004490009762763932,1.135814753329454e-05,-0.0004488572926685788
837529.2821268826,-13.86422514478212,-101.2484852695814,-122.1547626621105,-614.1983237262669,-0.000311491067120837,0.001566187736867227,-0.0001167155600954646,3.093937275268479e-10,0.2883028334940734,0.007496067633303773,-0.2882053656175546,0.0004490487512232421,1.167556963982881e-05,-0.0004488969392285257
839459.9865193974,-13.9126305286648,-101.2771661733228,-122.0629412466015,-612.1348496370222,-0.0003132964536731458,0.001571153993197447,-0.0001160559034653821,3.097226928162879e-10,0.2875078230562494,0.007474006201053606,-0.2874106601186711,0.0004492248266954432,1.167797489716338e-05,-0.000449073011682791
841395.1416451951,-13.94653889640877,-101.2246253345468,-120.961998245465,-609.5276937176917,-0.000313246605970531,0.001578450125424169,-0.0001152958230979196,3.103320920803622e-10,0.2862546424293869,0.00784598530877662,-0.2861470964852004,0.0004492111920683572,1.231247948887252e-05,-0.0004490424233057614
843334.7577642753,-13.97350773171336,-101.1968757027396,-120.2626079606721,-607.5444240966156,-0.0003135322532198203,0.001583906880519684,-0.0001146563655211309,3.106290670271722e-10,0.2853004343768404,0.00809992261914461,-0.2851854293423451,0.000449167576769614,1.275225052779627e-05,-0.0004489865166433881
845278.8451602899,-14.01819049867922,-101.1979883399469,-119.8226771730609,-605.2602710570982,-0.0003147451367937792,0.001589872061818162,-0.0001139625870769433,3.110842070435903e-10,0.2843583586482848,0.008209446547387322,-0.2842398302851523,0.0004493210816497408,1.297193238824474e-05,-0.000449133792299141
847227.4141405963,-14.06013139507932,-101.1606017316922,-118.8789920254226,-602.5570765816198,-0.000315155643248725,0.001597416497471152,-0.000113192674873776,3.11761110935845e-10,0.2831669421340865,0.008501227872928964,-0.283039301585878,0.0004494524398472972,1.349344517544878e-05,-0.0004492498443204911
849180.4750363139,-14.07622742609804,-101.1639067585301,-118.6949278959871,-601.4414229768902,-0.0003158289666576203,0.001600343220144472,-0.0001127232411259834,3.116210565822328e-10,0.2826155202138363,0.00860987834427878,-0.2824843398502545,0.0004493526490958201,1.368952292311154e-05,-0.0004491440751157349
851138.0382023763,-14.10608843836755,-101.1269278647338,-117.8561496502251,-599.2269720544854,-0.0003159995448853776,0.001606665846578492,-0.0001120499030191201,3.120532990264088e-10,0.2815543171520011,0.008900435153464156,-0.2814136026580958,0.0004493250906955962,1.4203969141775e-05,-0.0004491005281551395
853100.1140175896,-14.11938860267589,-101.0330572583792,-116.3796435690473,-596.8825545464595,-0.0003146986230406321,0.001614011800279338,-0.0001113548192532866,3.1255845103088e-10,0.2803651080269224,0.009462878613380203,-0.2802053670565507,0.0004492768140612448,1.516398379665524e-05,-0.0004490208338690279
855066.7128846832,-14.10724576816146,-100.9175531172025,-114.815355717091,-595.2455356752605,-0.0003124228950671276,0.001619716564652558,-0.0001107940093194544,3.126971944655104e-10,0.2795047734598471,0.01013774947692194,-0.279320862848416,0.0004492533633675793,1.629459845393078e-05,-0.000448957760327525
857037.8452303697,-14.13898844934341,-100.9242005670933,-114.562226773365,-593.5629072067069,-0.0003134899817121568,0.001624235406085059,-0.0001102267201427383,3.128624042164798e-10,0.2788177019981479,0.01022123292239898,-0.2786302879176528,0.0004493569247216072,1.647306379744483e-05,-0.0004490548785665127
859013.5215053955,-14.10464458147853,-100.783144716887,-112.8360063398462,-592.4539046797181,-0.0003102160712048338,0.001628812722475833,-0.0001097677337123028,3.127271345486054e-10,0.278152424320275,0.01102180298278177,-0.2779339688024029,0.0004492832439746425,1.78028698137528e-05,-0.0004489303856309714
860993.7521846007,-14.06969158393897,-100.6741683707252,-111.5486879935947,-591.8171407307027,-0.0003075587742023767,0.001631740880408582,-0.0001093975689310325,3.123435860808124e-10,0.2776746380500163,0.01167127708825397,-0.2774292448667529,0.0004491030365953241,1.887679054194408e-05,-0.0004487061446626027
862978.5477669701,-14.07420477705061,-100.642859249852,-111.0014766017702,-590.6870819469902,-0.0003072853611274392,0.001635198907673806,-0.0001089375502504109,3.122213940537756e-10,0.2771863910848744,0.01194282936085839,-0.2769289877017471,0.0004491641215600746,1.935264728479863e-05,-0.0004487470146306309
864967.9187756934,-14.06273539613287,-100.555458572209,-109.8335371155096,-589.4241506732689,-0.0003055308865835009,0.001639638384217171,-0.0001084546202478521,3.121707481849058e-10,0.2765600645527437,0.01247801263487279,-0.276278425697885,0.0004491842932422109,2.026658221796074e-05,-0.0004487268600615603
866961.8757582165,-14.07428387292963,-100.5711095771688,-109.8569305130249,-588.6567549080544,-0.0003063620407747091,0.001641608625939786,-0.0001080643047263353,3.118587972992025e-10,0.2763311380625729,0.01253315172718981,-0.276046767723768,0.000449321073117653,2.037920598847643e-05,-0.0004488586801108769
868960.429286302,-14.06728463285415,-100.5263138756414,-109.2213303839383,-587.7988570630584,-0.0003055682341522926,0.001644483345497756,-0.0001076586349532486,3.115956559148837e-10,0.2758590974017012,0.01286810796095634,-0.275558802103628,0.0004492197757382178,2.095493179975994e-05,-0.0004487307630947115
870963.5899560805,-14.04881087183181,-100.4549041605773,-108.3225274345232,-587.0342467643558,-0.0003039838988829716,0.00164738548236998,-0.0001072713064176265,3.112839247408374e-10,0.275466183086043,0.01333371294339392,-0.2751432901655727,0.0004492138277431563,2.17438240956769e-05,-0.0004486872732197274
872971.3683881117,-14.00933969756255,-100.3381348852161,-106.9866894297626,-586.4905269959418,-0.0003010171211379631,0.001650146302796922,-0.0001069254615077774,3.108559109055403e-10,0.2750463393415359,0.01401430436212872,-0.2746890752440383,0.0004490586163788162,2.288066855001681e-05,-0.0004484753236809815
874983.775227436,-13.95888903971986,-100.2758327662953,-106.4433706826346,-587.1276585284885,-0.0002989570176946302,0.001649007661764546,-0.0001067954306426885,3.0980440742701e-10,0.2753489967671437,0.01447022319027215,-0.2749685121272911,0.000449099208471561,2.360119650863932e-05,-0.0004484786311220895
877000.8211436349,-13.92346045512041,-100.247516643862,-106.2348487936911,-587.6318631545143,-0.0002979128651940626,0.001647887618983301,-0.0001066413092035449,3.088266675595931e-10,0.2754936567607117,0.01475563240938797,-0.2750982119672679,0.0004489350447764733,2.404527412465079e-05,-0.0004482906414601185
879022.5168308843,-13.90055319248726,-100.3300966519288,-107.3833314375586,-589.1330327823169,-0.0002994441253059947,0.00164282876428498,-0.0001066678412790472,3.07331274703648e-10,0.2763515682085341,0.01454642281781484,-0.2759684598546026,0.0004490130830275542,2.363487277742071e-05,-0.0004483906126567598
881048.8730080143,-13.97828969017658,-100.6200527584596,-110.5210997999812,-589.4232906050081,-0.0003073148694639224,0.00163894986513068,-0.0001064749449743913,3.06473437097462e-10,0.2768953576304031,0.01331872178379313,-0.2765748555586982,0.000449199280970053,2.160657477221332e-05,-0.0004486793397858045
883079.9004185627,-14.08676693426848,-100.8738774376711,-112.9603758221589,-588.0386467111827,-0.0003150482064953608,0.001640048730786671,-0.000105980509021657,3.064885554308064e-10,0.2765832283898849,0.01222306850921837,-0.2763130087831374,0.0004493159435429317,1.985666156325117e-05,-0.0004488769654520462
885115.6098308356,-14.22870367345493,-101.172090596921,-115.73338939933,-585.9943015354214,-0.0003243798460296687,0.001642436485208681,-0.0001053691615842926,3.068504318797303e-10,0.2760934318186267,0.01090907834575472,-0.2758778264069675,0.0004495731223967488,1.776365479637183e-05,-0.00044922204414948
887156.0120379608,-14.35279813626238,-101.3641575690839,-117.2261874567543,-583.2599877464756,-0.0003312089930743505,0.001647933430517258,-0.0001046362859496666,3.075798970611397e-10,0.2750634626249023,0.01009017051887606,-0.2748783311396172,0.0004496392359922627,1.649414473243217e-05,-0.0004493366062688987
889201.1178579485,-14.45228623545096,-101.4610236735706,-117.6351715419538,-580.2153781128824,-0.0003356326004552548,0.001655450437377933,-0.0001038506853287048,3.084827589622182e-10,0.2737787599638295,0.009723307800573632,-0.2736060428659197,0.0004496777842494988,1.597039707505242e-05,-0.0004493940988317536
891250.9381337455,-14.58886528008897,-101.6820117070251,-119.402711878896,-577.4868621396222,-0.0003433597984514801,0.001660647145047672,-0.0001031245912319661,3.092274386656269e-10,0.2728660953593723,0.008781710992151677,-0.272724746857927,0.0004498842857371411,1.447872727482285e-05,-0.0004496512393063305
893305.4837332955,-14.66601138975934,-101.737806066172,-119.4286443633981,-574.7888859435151,-0.0003465260874305234,0.001667768606151901,-0.0001024067288268281,3.099643660396637e-10,0.2716358457006775,0.008620041375093132,-0.2714990378550428,0.0004498105027238867,1.427420278214656e-05,-0.0004495839582276595
895364.7655495937,-14.74515065801829,-101.7772797715443,-119.220471593436,-571.808860695244,-0.0003494368311881898,0.001675979583507002,-0.0001016414875646034,3.10863155261041e-10,0.2703580837793149,0.008535253230882134,-0.2702233204538568,0.0004499062362257451,1.420362063031316e-05,-0.0004496819749064955
897428.7945007486,-14.80117846138555,-101.7954591884476,-118.9100156228056,-569.4155770420834,-0.0003514162558068877,0.001682800973779959,-0.0001009832805846035,3.114517590169383e-10,0.2693825567183568,0.008560732683755977,-0.2692464962075384,0.0004500798853781981,1.430312946760938e-05,-0.0004498525577447401
899497.5815300351,-14.81063613384533,-101.7284254492952,-117.8379363304085,-567.5996334133705,-0.0003506506172173113,0.001689007530059383,-0.0001004297167772532,3.117295878521055e-10,0.2683678598110355,0.008983756753051193,-0.2682174496451669,0.0004498711322936224,1.505967527404869e-05,-0.0004496189963199799
901571.1376059571,-14.86529012934101,-101.7665714376574,-117.802917593077,-565.538907965766,-0.0003530079646747968,0.00169469265213797,-9.983495362612572e-05,3.121459056407432e-10,0.2675953095763819,0.00892117288944649,-0.2674465598611361,0.0004500904747520291,1.500525157751231e-05,-0.0004498402804191755
903649.4737223014,-14.88976700911592,-101.7551470723359,-117.349750677668,-563.9265858020029,-0.0003536930495085238,0.001699679059217616,-9.932136993520345e-05,3.123183935593728e-10,0.2667423216085942,0.009087064474850245,-0.2665874929481363,0.0004498991476680809,1.532663634846425e-05,-0.0004496380069463741
905732.6008982003,-14.92208601466113,-101.8393137181442,-118.0887925413887,-563.327927114393,-0.0003564586162318403,0.001700441583510716,-9.89877410761805e-05,3.11931224179855e-10,0.2666602715992033,0.008834188804992409,-0.2665138974941431,0.0004500422911655949,1.490945219002811e-05,-0.0004497952557252815
907820.5301781857,-14.978382558607,-101.9077832343888,-118.4345291649168,-561.6339879183117,-0.0003594813276939946,0.001704713423344738,-9.846310191736734e-05,3.121524514094201e-10,0.2660536939832918,0.008637714382479258,-0.2659134407516886,0.0004502011148627343,1.461625503723413e-05,-0.0004499637862232198
909913.2726322517,-15.05281245862,-102.0189493969828,-119.1967994286377,-559.8663004275335,-0.0003637840198331564,0.00170869028627385,-9.792745293828318e-05,3.124178249324427e-10,0.2653421145592557,0.008241354792796628,-0.2652140980980393,0.000450170680027605,1.398201072447362e-05,-0.0004499534915217538
912010.8393559096,-15.09400641947296,-102.0559324309701,-119.2425749384491,-558.3116534377897,-0.0003658525481584148,0.001712976604054285,-9.743092471706557e-05,3.125672262689348e-10,0.2646479799043502,0.008190278993060754,-0.2645212138893008,0.000450122216228672,1.393030293758552e-05,-0.0004499066083118567
914113.2414702504,-15.19855256597314,-102.1855915924689,-120.0062741306779,-555.727553716064,-0.0003712667727505664,0.001719269903939019,-9.675692591874225e-05,3.132984176415488e-10,0.2637460850169375,0.007706820911453873,-0.2636334619755246,0.0004503957903178093,1.316083874772653e-05,-0.0004502034654014342
916220.4901219996,-15.24005663204359,-102.2316805378593,-120.164780414898,-554.3001107668956,-0.0003735442741704624,0.001723097498569192,-9.628643272667876e-05,3.133828070057015e-10,0.263088410607157,0.007617038323000765,-0.2629781217572785,0.000450291642726697,1.303701934745321e-05,-0.0004501028767249122
918332.596483581,-15.30648475203801,-102.2633710959485,-119.9389286406829,-551.7841446114081,-0.0003761596959697143,0.001730538686899133,-9.562894148689727e-05,3.140876894126539e-10,0.2620499834524594,0.007582798392730814,-0.2619402508129849,0.000450445394549923,1.303429433120271e-05,-0.0004502567719007937
920449.5717531712,-15.370789509856,-102.3889307770684,-120.9539331032872,-550.6372484389746,-0.0003805602484275372,0.001732483125459412,-9.521069119806552e-05,3.140180014892583e-10,0.2615828410336745,0.007137011197980194,-0.2614854600057306,0.0004503030842583868,1.228604346576158e-05,-0.0004501354472029205
922571.4271547634,-15.45724666305128,-102.4696179002929,-121.2061435419405,-548.1008472457517,-0.0003846526190658299,0.001739420298710573,-9.455415221458371e-05,3.147455932310739e-10,0.2605755367231861,0.006883195806451902,-0.2604846098218982,0.0004504445785314186,1.189865431335624e-05,-0.0004502873975072793
924698.1739382225,-15.50809497061107,-102.4956104684949,-121.0219012822834,-546.0925059883701,-0.0003868203504411338,0.001745466665963064,-9.39910169210479e-05,3.151765627417936e-10,0.2596761036078153,0.006881968744478315,-0.2595848941890433,0.0004504346942330597,1.193747689553391e-05,-0.0004502764821908852
926829.8233793494,-15.59437558240872,-102.5789558370562,-121.3056415704965,-543.6280667756369,-0.000390997572602196,0.001752245417078738,-9.335165080830667e-05,3.15877186389912e-10,0.2586310942934513,0.006618198777003357,-0.2585464027604642,0.0004504490496824096,1.15266934853855e-05,-0.0004503015452972373
928966.3867799363,-15.6473214173245,-102.5993501843836,-121.0299961353925,-541.4859242231795,-0.0003931392750563117,0.001758897715440362,-9.276994591109764e-05,3.163974392528215e-10,0.257664144605158,0.006641547104327352,-0.2575785341738879,0.0004504432422910812,1.161061821809362e-05,-0.0004502935798679517
931107.8754678305,-15.71030275102754,-102.6644257332486,-121.2547273234369,-539.6116268273543,-0.0003964083068947845,0.001764108798833005,-9.223620594582741e-05,3.16766198696377e-10,0.2568591159883122,0.006468779339888599,-0.2567776477035122,0.0004504194297916062,1.134343194521048e-05,-0.000450276569771846
933254.300796991,-15.75378089131527,-102.6664854223178,-120.8143055065383,-537.5613063794814,-0.0003979806969375483,0.00177080870069635,-9.167441184269668e-05,3.17243060508843e-10,0.2559257447132297,0.006575475410216226,-0.2558412592412546,0.0004504290155750707,1.157282913948545e-05,-0.0004502803212418188
935405.674147552,-15.84345704036013,-102.7562618580108,-121.146440951283,-535.1185332242682,-0.0004024420263396119,0.001777635274727191,-9.104794000778384e-05,3.17958280083503e-10,0.254927805900752,0.006289655768103531,-0.2548502039467307,0.0004504994904948333,1.111485939678803e-05,-0.000450362355039466
937562.0069258802,-15.89558981426876,-102.8019286775032,-121.1998404753602,-533.3799833575855,-0.0004051018747135274,0.001782784782103368,-9.054340968441532e-05,3.18260996424818e-10,0.2541988924110382,0.006208151469228686,-0.2541230720700773,0.0004505318118692012,1.100307599006906e-05,-0.0004503974309705841
939723.310564638,-15.94561751535834,-102.8023100801851,-120.685503560686,-531.1001116236702,-0.0004068521725167535,0.001790432387178351,-8.99490382874251e-05,3.18892084186074e-10,0.2531259053566911,0.006318979784768792,-0.2530470202494474,0.0004504926898800634,1.12460010623049e-05,-0.0004503522966472822
941889.5965228414,-15.99513335303921,-102.8096885947036,-120.266082971899,-528.9391219518772,-0.0004087339185863847,0.001797641984062522,-8.937700996391311e-05,3.194584952675412e-10,0.2521264524284245,0.006400019584247167,-0.2520452097609948,0.0004504711458645101,1.143483409972455e-05,-0.0004503259906174598
944060.8762859236,-16.06219514935293,-102.8867860494494,-120.6032779181655,-527.1401925941548,-0.0004124289739832977,0.001802669815695108,-8.886817520056189e-05,3.198114443158454e-10,0.2514196708356635,0.006182213172729823,-0.2513436514483712,0.0004505398899967961,1.107842371092367e-05,-0.0004504036645126307
946237.161365793,-16.08022205029433,-102.8540322902477,-119.9141490865763,-525.5097216876046,-0.0004127287204383648,0.001808735304900948,-8.838954256320546e-05,3.200658781292832e-10,0.2505505098936528,0.006442166441027391,-0.2504676755581756,0.0004503708604064924,1.15799566488962e-05,-0.0004502219635993939
948418.4633008973,-16.14961585749253,-102.9145389354536,-120.018413660076,-523.4175417905507,-0.0004161954122889047,0.001815087976597951,-8.783516169333101e-05,3.206061568321332e-10,0.2496781781380789,0.00629408932422716,-0.2495988322847863,0.0004504242683517242,1.135465902525762e-05,-0.0004502811268958606
950604.7936562814,-16.18397642989982,-102.9109055664225,-119.5754935321585,-521.6377497203425,-0.0004175060162767906,0.001821333890349015,-8.733516486068151e-05,3.209601533879355e-10,0.2488197386811049,0.006425963110554597,-0.2487367470950666,0.0004503497890003875,1.163063327010197e-05,-0.0004501995788785569
952796.1640236521,-16.22075297330584,-102.9240350217749,-119.3273116156531,-520.0079040250084,-0.0004192112203039484,0.00182685040886672,-8.686205034971312e-05,3.212256279409487e-10,0.2480829217594741,0.006487713012476483,-0.2479980758969414,0.0004503356642615452,1.177690317532021e-05,-0.0004501816467354997
954992.5860214359,-16.3027405108518,-102.9892312575786,-119.3904338716426,-517.580586216071,-0.0004231546456615908,0.001834457103967359,-8.625774686677995e-05,3.219898290492821e-10,0.2470815903407595,0.006317799472920744,-0.2470008050495764,0.0004504389753115266,1.15175846038606e-05,-0.0004502917007058769
957194.0712948447,-16.33201860062039,-103.0193431143789,-119.4132935666299,-516.4402898929097,-0.0004250035512388467,0.001838061330121811,-8.58697597625944e-05,3.219585890007099e-10,0.2465513365237677,0.006312020955995239,-0.2464705254855177,0.0004503453105879403,1.152940023746834e-05,-0.0004501977029025278
959400.6315159331,-16.37031889696568,-103.0230660552817,-119.0328244854337,-514.6424746630007,-0.0004266016669349737,0.001844426850457896,-8.537402527892937e-05,3.223402251580777e-10,0.2458004855513713,0.006414001795547098,-0.2457167867245879,0.0004504704151853617,1.175472882146078e-05,-0.0004503170231155004
961612.2783836648,-16.41711803779525,-103.0531049771444,-118.9188735634233,-512.9247931259098,-0.0004289483615564266,0.001850154168301007,-8.489337968686561e-05,3.226758328525762e-10,0.2452459378320962,0.006408133142919307,-0.2451622031487868,0.0004508391138532955,1.178016277515515e-05,-0.0004506851831877942
963829.0236239705,-16.49334796898589,-103.1270677304639,-119.130865907694,-510.8410540850583,-0.0004329658114597801,0.001856586114972762,-8.435404713816845e-05,3.232468781732749e-10,0.2442308173700395,0.00620328108848211,-0.2441520252977126,0.0004506034514800239,1.144499248322008e-05,-0.0004504580808829711
966050.8789898136,-16.53925978369669,-103.1451229779606,-118.8709448483668,-509.0012379139359,-0.0004350859422310092,0.001863022822583189,-8.385693219244092e-05,3.236691394014418e-10,0.2433802426921481,0.006241649781233349,-0.2433001938776403,0.0004505581598568146,1.15548666103533e-05,-0.0004504099693292499
968277.856261249,-16.60015070187329,-103.2037521767414,-119.0045404179081,-507.2290310440748,-0.0004384138767738684,0.001868636651436721,-8.337277058269924e-05,3.240529873125076e-10,0.2426691455116256,0.00611169444361374,-0.2425921708843268,0.0004506371702113712,1.134943086176035e-05,-0.0004504942281486262
970509.9672454898,-16.65059693236292,-103.2431815461194,-118.9759733866087,-505.5425504639755,-0.0004410952131382065,0.001874264128293643,-8.29044508197961e-05,3.24386234573246e-10,0.2419682124080457,0.006063975973708146,-0.2418922156898304,0.0004506951120063301,1.129488995052481e-05,-0.00045055355891104
972747.2237769651,-16.71097487352234,-103.2634833011167,-118.6316482066584,-503.2797006671626,-0.0004437085077207005,0.001882376990667267,-8.234354224932116e-05,3.250953201747823e-10,0.2409198025392499,0.006088442743076337,-0.240842857731998,0.0004506555599173898,1.138881297629748e-05,-0.0004505116298426124
974989.6377173872,-16.77452025435757,-103.3137148525474,-118.6360216625519,-501.3296428813341,-0.0004469984062209279,0.001888916605756341,-8.183583465549281e-05,3.256092598403847e-10,0.2400916488913077,0.005992974892711311,-0.2400168413242752,0.0004506929470130441,1.124983533681346e-05,-0.0004505525204592659
977237.2209558106,-16.83311353036012,-103.3344693614971,-118.3102269102791,-499.1459957700121,-0.0004496025416729431,0.001896854686402191,-8.129198402167283e-05,3.26281567583324e-10,0.2391030863267203,0.006017311535644052,-0.239027357958971,0.0004506947655623449,1.134226602230864e-05,-0.0004505520221980767
979489.9854086991,-16.89230168607707,-103.4001478336352,-118.5371548682564,-497.5612010306209,-0.0004530921480817018,0.001901860000163099,-8.084750820777535e-05,3.26567998254681e-10,0.238465652331418,0.005863506667443941,-0.2383935540894711,0.0004507344559882396,1.108287278312391e-05,-0.000450598179918525
981747.9430199844,-16.90492431419553,-103.3255706150429,-117.3791112039672,-495.5606066580947,-0.0004525753359692013,0.001910719085797679,-8.033724003397143e-05,3.27132246230976e-10,0.2373762907911383,0.006280749330857395,-0.2372931849371195,0.0004505581051505214,1.192133598517816e-05,-0.0004504003639709417
984011.1057611339,-16.94232209692247,-103.3360682911397,-117.0877878635127,-493.9271546643478,-0.0004544035363011746,0.001916871518798233,-7.988827334559439e-05,3.27459224206778e-10,0.2366483837509158,0.006353153776793611,-0.2365630887712813,0.0004505741517217669,1.209628744707471e-05,-0.0004504117516559571
986279.4856312105,-17.01319905529031,-103.3638049292276,-116.7565295708244,-491.4695991261695,-0.0004575557141866313,0.001926014110352459,-7.930796211406759e-05,3.28339757299453e-10,0.2355938642907143,0.006345508769809882,-0.2355083935019807,0.0004506890651942063,1.213890448402468e-05,-0.0004505255602999182
988553.094656939,-16.99480883317628,-103.2695159890528,-115.6008261732356,-490.1906928120675,-0.000455748526092401,0.001932544023677887,-7.891965766973357e-05,3.284392642219935e-10,0.2349068668328922,0.006847973349506151,-0.234807030018802,0.0004506539688196326,1.313740381425879e-05,-0.0004504624382053486
990831.9448927676,-16.98860948202755,-103.2177200105891,-114.8777467517839,-489.1033172635671,-0.0004551074552749477,0.001937664799147889,-7.856348498489803e-05,3.284123823725921e-10,0.2342598768223185,0.007175226775857258,-0.2341499647865078,0.0004504386452895527,1.37966410313358e-05,-0.0004502273046656988
993116.048420934,-17.02199903343199,-103.2212849287856,-114.5354464556566,-487.5096695165878,-0.0004567094602503471,0.001943942115054723,-7.812739893996232e-05,3.287281514076372e-10,0.2335125002046959,0.007272083367437307,-0.2333992385491973,0.0004503933801678505,1.402622217590658e-05,-0.0004501749237690767
995405.417351527,-17.03691254216548,-103.1861196401065,-113.8614797907277,-485.9804358676974,-0.0004570154553365829,0.001950620794591442,-7.770320239977466e-05,3.290041267721023e-10,0.2328773507334406,0.007529328741819444,-0.2327556007775614,0.0004505768953310138,1.456793268100508e-05,-0.0004503413304855963
997700.0638225536,-17.04791515311891,-103.2000380994659,-113.8110895050272,-485.2346048988866,-0.0004581663858291643,0.001953396511470399,-7.740551367012435e-05,3.287519717606248e-10,0.2324476974171851,0.007593185361190356,-0.2323236440197636,0.0004503412534664294,1.471094208011974e-05,-0.0004501009139702231
1000000,-17.13891460228073,-103.3132498065864,-114.3672049141475,-483.3080706922749,-0.0004636510523654447,0.001959357979950649,-7.692086848688274e-05,3.293033010268729e-10,0.2319552451224608,0.007253178785445501,-0.231841814902591,0.0004508981661387661,1.409946565902119e-05,-0.0004506776689557986
